{
"type": "FeatureCollection",
"name": "geo_10_地域密着型通所介護",
"crs": { "type": "name", "properties": { "name": "urn:ogc:def:crs:OGC:1.3:CRS84" } },
"features": [
{ "type": "Feature", "properties": { "内容": "運動リハビリ型オールケア前橋【地域密着型通所介護】天川大島町1203-1", "url": "https://www.kaigokensaku.mhlw.go.jp/10/index.php?action_kouhyou_detail_004_kani=true&JigyosyoCd=1090100973-00&ServiceCd=780&Type=search", "url2": "http://www.allcare-japan.com/." }, "geometry": { "type": "Point", "coordinates": [ 139.10840287909852, 36.369850628206621 ] } },
{ "type": "Feature", "properties": { "内容": "ヒカリアレ【地域密着型通所介護】群馬県前橋市紅雲町２丁目２番1ラフェリーチェ101号室", "url": "https://www.kaigokensaku.mhlw.go.jp/10/index.php?action_kouhyou_detail_004_kani=true&JigyosyoCd=1090101070-00&ServiceCd=780&Type=search", "url2": null }, "geometry": { "type": "Point", "coordinates": [ 139.064370200000013, 36.3874829 ] } },
{ "type": "Feature", "properties": { "内容": "リハビリデイサービスONE【地域密着型通所介護】群馬県前橋市青柳町227－1", "url": "https://www.kaigokensaku.mhlw.go.jp/10/index.php?action_kouhyou_detail_004_kani=true&JigyosyoCd=1090101096-00&ServiceCd=780&Type=search", "url2": null }, "geometry": { "type": "Point", "coordinates": [ 139.0656919, 36.418055884631961 ] } },
{ "type": "Feature", "properties": { "内容": "ひらい・リハ＆トレ・ステーション【地域密着型通所介護】群馬県前橋市上新田町９０５番地1", "url": "https://www.kaigokensaku.mhlw.go.jp/10/index.php?action_kouhyou_detail_004_kani=true&JigyosyoCd=1090101104-00&ServiceCd=780&Type=search", "url2": "https://www.hirai-sekkotsuin.jp/" }, "geometry": { "type": "Point", "coordinates": [ 139.063240400000012, 36.3673729 ] } },
{ "type": "Feature", "properties": { "内容": "デイサービス花の郷－桃－【地域密着型通所介護】群馬県前橋市小神明町566番地1", "url": "https://www.kaigokensaku.mhlw.go.jp/10/index.php?action_kouhyou_detail_004_kani=true&JigyosyoCd=1090101112-00&ServiceCd=780&Type=search", "url2": null }, "geometry": { "type": "Point", "coordinates": [ 139.096248793949258, 36.414344524053327 ] } },
{ "type": "Feature", "properties": { "内容": "デイサービス　くるみ【地域密着型通所介護】群馬県前橋市荻窪町1219-4", "url": "https://www.kaigokensaku.mhlw.go.jp/10/index.php?action_kouhyou_detail_004_kani=true&JigyosyoCd=1090100783-00&ServiceCd=780&Type=search", "url2": "http://hp.kaipoke.biz/pm2/" }, "geometry": { "type": "Point", "coordinates": [ 139.132947417434622, 36.409024022147101 ] } },
{ "type": "Feature", "properties": { "内容": "デイサービスセンターコスモスまちだ【地域密着型通所介護】群馬県前橋市下小出町２丁目１６－２０", "url": "https://www.kaigokensaku.mhlw.go.jp/10/index.php?action_kouhyou_detail_004_kani=true&JigyosyoCd=1090100700-00&ServiceCd=780&Type=search", "url2": "http://carecosmos.co.jp" }, "geometry": { "type": "Point", "coordinates": [ 139.0685545, 36.4111814 ] } },
{ "type": "Feature", "properties": { "内容": "たかせデイサービス【地域密着型通所介護】群馬県前橋市下小出町2-45-10", "url": "https://www.kaigokensaku.mhlw.go.jp/10/index.php?action_kouhyou_detail_004_kani=true&JigyosyoCd=1070102759-00&ServiceCd=780&Type=search", "url2": null }, "geometry": { "type": "Point", "coordinates": [ 139.064729700000044, 36.4138031 ] } },
{ "type": "Feature", "properties": { "内容": "前橋地域福祉事業所さわやか【地域密着型通所介護】群馬県前橋市下大屋町２７２－５", "url": "https://www.kaigokensaku.mhlw.go.jp/10/index.php?action_kouhyou_detail_004_kani=true&JigyosyoCd=1070101363-00&ServiceCd=780&Type=search", "url2": "http://sawayaka-dayservice.jimdo.com/" }, "geometry": { "type": "Point", "coordinates": [ 139.168909, 36.391850300002417 ] } },
{ "type": "Feature", "properties": { "内容": "通所介護かけはし【地域密着型通所介護】群馬県前橋市下大島町627番地1", "url": "https://www.kaigokensaku.mhlw.go.jp/10/index.php?action_kouhyou_detail_004_kani=true&JigyosyoCd=1070103831-00&ServiceCd=780&Type=search", "url2": "https://npo-kakehashi.jimdofree.com/" }, "geometry": { "type": "Point", "coordinates": [ 139.118422, 36.3606445 ] } },
{ "type": "Feature", "properties": { "内容": "デイサービスセンターひゅーげ【地域密着型通所介護】群馬県前橋市岩神町3-17-4", "url": "https://www.kaigokensaku.mhlw.go.jp/10/index.php?action_kouhyou_detail_004_kani=true&JigyosyoCd=1070101561-00&ServiceCd=780&Type=search", "url2": null }, "geometry": { "type": "Point", "coordinates": [ 139.054328400000031, 36.4052541 ] } },
{ "type": "Feature", "properties": { "内容": "明風園デイサービスセンター【地域密着型通所介護】群馬県　前橋市　亀泉町１－２６", "url": "https://www.kaigokensaku.mhlw.go.jp/10/index.php?action_kouhyou_detail_004_kani=true&JigyosyoCd=1090100932-00&ServiceCd=780&Type=search", "url2": "https://gswc-sf.org/meifuen/links" }, "geometry": { "type": "Point", "coordinates": [ 139.126566, 36.4049079 ] } },
{ "type": "Feature", "properties": { "内容": "駒形デイサービス輝【地域密着型通所介護】群馬県前橋市駒形町196-1", "url": "https://www.kaigokensaku.mhlw.go.jp/10/index.php?action_kouhyou_detail_004_kani=true&JigyosyoCd=1070104920-00&ServiceCd=780&Type=search", "url2": "https://kagayaki.skr.jp/" }, "geometry": { "type": "Point", "coordinates": [ 139.135579110450749, 36.343992156771868 ] } },
{ "type": "Feature", "properties": { "内容": "ほねつぎデイサービス前橋古市町【地域密着型通所介護】群馬県前橋市古市町1-16-1", "url": "https://www.kaigokensaku.mhlw.go.jp/10/index.php?action_kouhyou_detail_004_kani=true&JigyosyoCd=1090100726-00&ServiceCd=780&Type=search", "url2": "https://www.honetsugi-kaigo.com/" }, "geometry": { "type": "Point", "coordinates": [ 139.054201499999976, 36.3760224 ] } },
{ "type": "Feature", "properties": { "内容": "レッツ倶楽部前橋古市【地域密着型通所介護】群馬県前橋市古市町1-7-4コーポたかはし", "url": "https://www.kaigokensaku.mhlw.go.jp/10/index.php?action_kouhyou_detail_004_kani=true&JigyosyoCd=1070105968-00&ServiceCd=780&Type=search", "url2": "http://www.lets-club.jp/shop/maebashifuruichi/" }, "geometry": { "type": "Point", "coordinates": [ 139.054398699999979, 36.378069300000014 ] } },
{ "type": "Feature", "properties": { "内容": "デイサービスセンターひいらぎ【地域密着型通所介護】群馬県前橋市五代町１２０番地３", "url": "https://www.kaigokensaku.mhlw.go.jp/10/index.php?action_kouhyou_detail_004_kani=true&JigyosyoCd=1070103005-00&ServiceCd=780&Type=search", "url2": null }, "geometry": { "type": "Point", "coordinates": [ 139.106114942991638, 36.407740495864203 ] } },
{ "type": "Feature", "properties": { "内容": "健康サポートげんき広瀬町【地域密着型通所介護】群馬県前橋市広瀬町2-6-5", "url": "https://www.kaigokensaku.mhlw.go.jp/10/index.php?action_kouhyou_detail_004_kani=true&JigyosyoCd=1090100874-00&ServiceCd=780&Type=search", "url2": null }, "geometry": { "type": "Point", "coordinates": [ 139.1083789, 36.3601366 ] } },
{ "type": "Feature", "properties": { "内容": "デイサービスSOL【地域密着型通所介護】群馬県前橋市荒子町1199番地3", "url": "https://www.kaigokensaku.mhlw.go.jp/10/index.php?action_kouhyou_detail_004_kani=true&JigyosyoCd=1090100718-00&ServiceCd=780&Type=search", "url2": "http://sol-hp.com/wp" }, "geometry": { "type": "Point", "coordinates": [ 139.167291250926155, 36.386833052330232 ] } },
{ "type": "Feature", "properties": { "内容": "デイサービス湯遊【地域密着型通所介護】群馬県前橋市荒子町1205-3", "url": "https://www.kaigokensaku.mhlw.go.jp/10/index.php?action_kouhyou_detail_004_kani=true&JigyosyoCd=1090100916-00&ServiceCd=780&Type=search", "url2": null }, "geometry": { "type": "Point", "coordinates": [ 139.1670653, 36.3874381 ] } },
{ "type": "Feature", "properties": { "内容": "デイサービスセンター美そら【地域密着型通所介護】群馬県前橋市荒子町48-1", "url": "https://www.kaigokensaku.mhlw.go.jp/10/index.php?action_kouhyou_detail_004_kani=true&JigyosyoCd=1070105091-00&ServiceCd=780&Type=search", "url2": "http://www.misorahome.jp/" }, "geometry": { "type": "Point", "coordinates": [ 139.171859030055231, 36.384630819413601 ] } },
{ "type": "Feature", "properties": { "内容": "デイライト【地域密着型通所介護】群馬県前橋市三河町2-5-9", "url": "https://www.kaigokensaku.mhlw.go.jp/10/index.php?action_kouhyou_detail_004_kani=true&JigyosyoCd=1070104052-00&ServiceCd=780&Type=search", "url2": "http://hp.kaipoke.biz/e6c/" }, "geometry": { "type": "Point", "coordinates": [ 139.080669118293827, 36.384953020189037 ] } },
{ "type": "Feature", "properties": { "内容": "リハプライド　前橋三俣【地域密着型通所介護】群馬県前橋市三俣町１－２７－８塩野ビル１Ｆ", "url": "https://www.kaigokensaku.mhlw.go.jp/10/index.php?action_kouhyou_detail_004_kani=true&JigyosyoCd=1070104946-00&ServiceCd=780&Type=search", "url2": "http:www.lets-club.co.jp/maebashimitsumata/" }, "geometry": { "type": "Point", "coordinates": [ 139.085956500000066, 36.3940648 ] } },
{ "type": "Feature", "properties": { "内容": "萩まち荘デイサービス【地域密着型通所介護】群馬県前橋市昭和町一丁目２番６", "url": "https://www.kaigokensaku.mhlw.go.jp/10/index.php?action_kouhyou_detail_004_kani=true&JigyosyoCd=1070105570-00&ServiceCd=780&Type=search", "url2": "http://hagimachisou.com/" }, "geometry": { "type": "Point", "coordinates": [ 139.066285900000025, 36.3993914 ] } },
{ "type": "Feature", "properties": { "内容": "萩まち荘第２デイサービス【地域密着型通所介護】群馬県前橋市昭和町１－６ー５", "url": "https://www.kaigokensaku.mhlw.go.jp/10/index.php?action_kouhyou_detail_004_kani=true&JigyosyoCd=1090100882-00&ServiceCd=780&Type=search", "url2": "https://hagimachisou.com" }, "geometry": { "type": "Point", "coordinates": [ 139.0662629, 36.4002919 ] } },
{ "type": "Feature", "properties": { "内容": "デイサービスセンターかまくら【地域密着型通所介護】群馬県前橋市上細井町2050-7", "url": "https://www.kaigokensaku.mhlw.go.jp/10/index.php?action_kouhyou_detail_004_kani=true&JigyosyoCd=1070102411-00&ServiceCd=780&Type=search", "url2": "http://kamakurakai.or.jp" }, "geometry": { "type": "Point", "coordinates": [ 139.079944899999987, 36.4149756 ] } },
{ "type": "Feature", "properties": { "内容": "GENKI　NEXT前橋上泉町【地域密着型通所介護】群馬県前橋市上泉町3484-1", "url": "https://www.kaigokensaku.mhlw.go.jp/10/index.php?action_kouhyou_detail_004_kani=true&JigyosyoCd=1070105893-00&ServiceCd=780&Type=search", "url2": "https://famiglia.amebaownd.com/" }, "geometry": { "type": "Point", "coordinates": [ 139.118463240907118, 36.397576265604243 ] } },
{ "type": "Feature", "properties": { "内容": "デイサービス一久【地域密着型通所介護】群馬県前橋市上泉町６９番地", "url": "https://www.kaigokensaku.mhlw.go.jp/10/index.php?action_kouhyou_detail_004_kani=true&JigyosyoCd=1070105513-00&ServiceCd=780&Type=search", "url2": null }, "geometry": { "type": "Point", "coordinates": [ 139.10190149999994, 36.3930959 ] } },
{ "type": "Feature", "properties": { "内容": "通所介護長磯【地域密着型通所介護】群馬県前橋市上長磯町87番地", "url": "https://www.kaigokensaku.mhlw.go.jp/10/index.php?action_kouhyou_detail_004_kani=true&JigyosyoCd=1070104334-00&ServiceCd=780&Type=search", "url2": "https://npo-kakehashi.jimdofree.com/" }, "geometry": { "type": "Point", "coordinates": [ 139.12101860000007, 36.3739349 ] } },
{ "type": "Feature", "properties": { "内容": "常楽園デイサービス【地域密着型通所介護】群馬県前橋市西善町５９９－１", "url": "https://www.kaigokensaku.mhlw.go.jp/10/index.php?action_kouhyou_detail_004_kani=true&JigyosyoCd=1070105307-00&ServiceCd=780&Type=search", "url2": "https://120sai.com" }, "geometry": { "type": "Point", "coordinates": [ 139.118885800000044, 36.3451848 ] } },
{ "type": "Feature", "properties": { "内容": "リハビリステーション片貝【地域密着型通所介護】群馬県前橋市西片貝町4-6-1高橋マンション102号", "url": "https://www.kaigokensaku.mhlw.go.jp/10/index.php?action_kouhyou_detail_004_kani=true&JigyosyoCd=1090100734-00&ServiceCd=780&Type=search", "url2": "https://kaipoke.biz/v3u/" }, "geometry": { "type": "Point", "coordinates": [ 139.091694220098816, 36.387403733171105 ] } },
{ "type": "Feature", "properties": { "内容": "レコードブック前橋石倉【地域密着型通所介護】群馬県前橋市石倉町５－１２－１２インセンスビル１Ｆ　１－Ｂ", "url": "https://www.kaigokensaku.mhlw.go.jp/10/index.php?action_kouhyou_detail_004_kani=true&JigyosyoCd=1090100890-00&ServiceCd=780&Type=search", "url2": "https://www.recordbook.jp/" }, "geometry": { "type": "Point", "coordinates": [ 139.052578, 36.3938286 ] } },
{ "type": "Feature", "properties": { "内容": "デイサービスおそら【地域密着型通所介護】群馬県前橋市石倉町5-18-2", "url": "https://www.kaigokensaku.mhlw.go.jp/10/index.php?action_kouhyou_detail_004_kani=true&JigyosyoCd=1070102593-00&ServiceCd=780&Type=search", "url2": "http://palliativecare-daichi.com/" }, "geometry": { "type": "Point", "coordinates": [ 139.050754099999949, 36.3938335 ] } },
{ "type": "Feature", "properties": { "内容": "デイサービスまほろば【地域密着型通所介護】群馬県前橋市川原町1-43-3住宅型有料老人ホーム・デイサービス　まほろば", "url": "https://www.kaigokensaku.mhlw.go.jp/10/index.php?action_kouhyou_detail_004_kani=true&JigyosyoCd=1070104961-00&ServiceCd=780&Type=search", "url2": "http://gm⁻mahoroba.sakura.ne.jp" }, "geometry": { "type": "Point", "coordinates": [ 139.040389325656207, 36.425245237515966 ] } },
{ "type": "Feature", "properties": { "内容": "リハビリデイサービス　あか【地域密着型通所介護】群馬県前橋市大胡町343-1", "url": "https://www.kaigokensaku.mhlw.go.jp/10/index.php?action_kouhyou_detail_004_kani=true&JigyosyoCd=1070105067-00&ServiceCd=780&Type=search", "url2": "http://colorsworks.jp" }, "geometry": { "type": "Point", "coordinates": [ 139.162121413491832, 36.410842354668887 ] } },
{ "type": "Feature", "properties": { "内容": "デイホーム土屋前橋【地域密着型通所介護】群馬県前橋市大渡町1-12-1", "url": "https://www.kaigokensaku.mhlw.go.jp/10/index.php?action_kouhyou_detail_004_kani=true&JigyosyoCd=1090100957-00&ServiceCd=780&Type=search", "url2": "https://day-tsuchiya.com›day-maebashi" }, "geometry": { "type": "Point", "coordinates": [ 139.0507585, 36.396977 ] } },
{ "type": "Feature", "properties": { "内容": "大利根　ろまん亭【地域密着型通所介護】群馬県前橋市大利根町2-39-9", "url": "https://www.kaigokensaku.mhlw.go.jp/10/index.php?action_kouhyou_detail_004_kani=true&JigyosyoCd=1070101157-00&ServiceCd=780&Type=search", "url2": "https://ro-man-tei.jp" }, "geometry": { "type": "Point", "coordinates": [ 139.059846099999959, 36.3570551 ] } },
{ "type": "Feature", "properties": { "内容": "デイサービス幸徳の里【地域密着型通所介護】群馬県前橋市池端町７９０番地４", "url": "https://www.kaigokensaku.mhlw.go.jp/10/index.php?action_kouhyou_detail_004_kani=true&JigyosyoCd=1070105083-00&ServiceCd=780&Type=search", "url2": null }, "geometry": { "type": "Point", "coordinates": [ 139.016478473910496, 36.42461796028303 ] } },
{ "type": "Feature", "properties": { "内容": "通所介護広瀬【地域密着型通所介護】群馬県前橋市天川大島町57-1", "url": "https://www.kaigokensaku.mhlw.go.jp/10/index.php?action_kouhyou_detail_004_kani=true&JigyosyoCd=1070104763-00&ServiceCd=780&Type=search", "url2": "https://npo-kakehashi.jimdofree.com/" }, "geometry": { "type": "Point", "coordinates": [ 139.10735136627045, 36.365005287289634 ] } },
{ "type": "Feature", "properties": { "内容": "リハビリ特化型デイサービス　スマイル前橋【地域密着型通所介護】群馬県前橋市南町四丁目１９－１１", "url": "https://www.kaigokensaku.mhlw.go.jp/10/index.php?action_kouhyou_detail_004_kani=true&JigyosyoCd=1070102189-00&ServiceCd=780&Type=search", "url2": "http://smile-123.jp/" }, "geometry": { "type": "Point", "coordinates": [ 139.072635242700244, 36.377832405932701 ] } },
{ "type": "Feature", "properties": { "内容": "デイサービス室沢【地域密着型通所介護】群馬県前橋市粕川町室沢６７２－１", "url": "https://www.kaigokensaku.mhlw.go.jp/10/index.php?action_kouhyou_detail_004_kani=true&JigyosyoCd=1070104383-00&ServiceCd=780&Type=search", "url2": "murosawa.com" }, "geometry": { "type": "Point", "coordinates": [ 139.207656899999961, 36.437934399999989 ] } },
{ "type": "Feature", "properties": { "内容": "苗ケ島デイサービス【地域密着型通所介護】群馬県前橋市苗ケ島町１９８１－１０苗ケ島デイサービス", "url": "https://www.kaigokensaku.mhlw.go.jp/10/index.php?action_kouhyou_detail_004_kani=true&JigyosyoCd=1070105810-00&ServiceCd=780&Type=search", "url2": null }, "geometry": { "type": "Point", "coordinates": [ 139.18653106190186, 36.441498694164366 ] } },
{ "type": "Feature", "properties": { "内容": "マナデイサービス【地域密着型通所介護】群馬県前橋市富士見町時沢２９７９－３", "url": "https://www.kaigokensaku.mhlw.go.jp/10/index.php?action_kouhyou_detail_004_kani=true&JigyosyoCd=1072000852-00&ServiceCd=780&Type=search", "url2": null }, "geometry": { "type": "Point", "coordinates": [ 139.090525699999944, 36.448429600000033 ] } },
{ "type": "Feature", "properties": { "内容": "デイサービスセンター桜桃園【地域密着型通所介護】群馬県前橋市房丸町４８番地１", "url": "https://www.kaigokensaku.mhlw.go.jp/10/index.php?action_kouhyou_detail_004_kani=true&JigyosyoCd=1070103211-00&ServiceCd=780&Type=search", "url2": "http://outouen.or.jp/" }, "geometry": { "type": "Point", "coordinates": [ 139.111950900000011, 36.3388076 ] } },
{ "type": "Feature", "properties": { "内容": "地域密着型デイサービスたいら【地域密着型通所介護】群馬県前橋市堀越町618-3", "url": "https://www.kaigokensaku.mhlw.go.jp/10/index.php?action_kouhyou_detail_004_kani=true&JigyosyoCd=1090100692-00&ServiceCd=780&Type=search", "url2": null }, "geometry": { "type": "Point", "coordinates": [ 139.150080099999968, 36.4253317 ] } },
{ "type": "Feature", "properties": { "内容": "脳卒中リハビリ特化型デイサービスwithreha【地域密着型通所介護】群馬県前橋市昭和町三丁目19番地9号", "url": "https://www.kaigokensaku.mhlw.go.jp/10/index.php?action_kouhyou_detail_004_kani=true&JigyosyoCd=1090101047-00&ServiceCd=780&Type=search", "url2": "https://with-reha.co.jp/" }, "geometry": { "type": "Point", "coordinates": [ 139.0615592, 36.4058882 ] } },
{ "type": "Feature", "properties": { "内容": "グリーンライフ中央前橋デイサービスセンター【地域密着型通所介護】群馬県前橋市三河町1-6-34", "url": "https://www.kaigokensaku.mhlw.go.jp/10/index.php?action_kouhyou_detail_004_kani=true&JigyosyoCd=1090101138-00&ServiceCd=780&Type=search", "url2": "http://www.greenlife-inc.co.jp" }, "geometry": { "type": "Point", "coordinates": [ 139.0747788, 36.3902874 ] } },
{ "type": "Feature", "properties": { "内容": "リハケア　ドリーム【地域密着型通所介護】群馬県前橋市元総社町244-1", "url": "https://www.kaigokensaku.mhlw.go.jp/10/index.php?action_kouhyou_detail_004_kani=true&JigyosyoCd=1090101054-00&ServiceCd=780&Type=search", "url2": null }, "geometry": { "type": "Point", "coordinates": [ 139.047617699999989, 36.3843581 ] } },
{ "type": "Feature", "properties": { "内容": "デイサービスセンター　シャリティエまえばし【地域密着型通所介護】群馬県前橋市表町２－１８－８", "url": "https://www.kaigokensaku.mhlw.go.jp/10/index.php?action_kouhyou_detail_004_kani=true&JigyosyoCd=1090101039-00&ServiceCd=780&Type=search", "url2": "http://www.charitie.or.jp/" }, "geometry": { "type": "Point", "coordinates": [ 139.0732343, 36.3857669 ] } },
{ "type": "Feature", "properties": { "内容": "デイサービスセンターぬくもり【地域密着型通所介護】群馬県前橋市岩神町3‐15‐10", "url": "https://www.kaigokensaku.mhlw.go.jp/10/index.php?action_kouhyou_detail_004_kani=true&JigyosyoCd=1090101120-00&ServiceCd=780&Type=search", "url2": null }, "geometry": { "type": "Point", "coordinates": [ 139.0550297, 36.4054698 ] } },
{ "type": "Feature", "properties": { "内容": "ワークランドらくま【地域密着型通所介護】群馬県高崎市楽間町87番地", "url": "https://www.kaigokensaku.mhlw.go.jp/10/index.php?action_kouhyou_detail_004_kani=true&JigyosyoCd=1090201375-00&ServiceCd=780&Type=search", "url2": "file:///C:/Users/ykane/OneDrive/%E3%83%87%E3%82%B9%E3%82%AF%E3%83%88%E3%83%83%E3%83%97/%E3%83%AF%E3%83%BC%E3%82%AF%E3%83%A9%E3%83%B3%E3%83%89%E3%80%80%E3%82%89%E3%81%8F%E3%81%BE.html" }, "geometry": { "type": "Point", "coordinates": [ 138.9658157, 36.3681892 ] } },
{ "type": "Feature", "properties": { "内容": "高崎市吉井デイサービスセンター【地域密着型通所介護】群馬県高崎市吉井町吉井495", "url": "https://www.kaigokensaku.mhlw.go.jp/10/index.php?action_kouhyou_detail_004_kani=true&JigyosyoCd=1090201516-00&ServiceCd=780&Type=search", "url2": "http://takasaki-shakyo.or.jp" }, "geometry": { "type": "Point", "coordinates": [ 138.9874237, 36.2556024 ] } },
{ "type": "Feature", "properties": { "内容": "デイサービスゆとり【地域密着型通所介護】群馬県高崎市井野町１０３８－１MWS日高FCくらら総合介護福祉センター", "url": "https://www.kaigokensaku.mhlw.go.jp/10/index.php?action_kouhyou_detail_004_kani=true&JigyosyoCd=1070204779-00&ServiceCd=780&Type=search", "url2": "http://www.kurara-mwsfc.com/company/" }, "geometry": { "type": "Point", "coordinates": [ 139.027459996642307, 36.35300608306401 ] } },
{ "type": "Feature", "properties": { "内容": "デイサービス六郷友の家【地域密着型通所介護】群馬県高崎市下小鳥町76-5", "url": "https://www.kaigokensaku.mhlw.go.jp/10/index.php?action_kouhyou_detail_004_kani=true&JigyosyoCd=1070200132-00&ServiceCd=780&Type=search", "url2": "http://www.kibokan.or.jp" }, "geometry": { "type": "Point", "coordinates": [ 138.9914043, 36.3513981 ] } },
{ "type": "Feature", "properties": { "内容": "いきいきデイサービスセンター【地域密着型通所介護】群馬県高崎市下滝町１１－７", "url": "https://www.kaigokensaku.mhlw.go.jp/10/index.php?action_kouhyou_detail_004_kani=true&JigyosyoCd=1070202013-00&ServiceCd=780&Type=search", "url2": null }, "geometry": { "type": "Point", "coordinates": [ 139.071804400000019, 36.3216523 ] } },
{ "type": "Feature", "properties": { "内容": "健康サポートげんき榛名町【地域密着型通所介護】群馬県高崎市下里見町1403-1", "url": "https://www.kaigokensaku.mhlw.go.jp/10/index.php?action_kouhyou_detail_004_kani=true&JigyosyoCd=1070203193-00&ServiceCd=780&Type=search", "url2": "https://kaigo-next.com/" }, "geometry": { "type": "Point", "coordinates": [ 138.915283100000011, 36.36287 ] } },
{ "type": "Feature", "properties": { "内容": "みかん色下里見【地域密着型通所介護】群馬県高崎市下里見町978-1", "url": "https://www.kaigokensaku.mhlw.go.jp/10/index.php?action_kouhyou_detail_004_kani=true&JigyosyoCd=1090201367-00&ServiceCd=780&Type=search", "url2": null }, "geometry": { "type": "Point", "coordinates": [ 138.9334877, 36.3535272 ] } },
{ "type": "Feature", "properties": { "内容": "デイサービス料理とものづくり【地域密着型通所介護】群馬県高崎市吉井町下長根5-1", "url": "https://www.kaigokensaku.mhlw.go.jp/10/index.php?action_kouhyou_detail_004_kani=true&JigyosyoCd=1090201441-00&ServiceCd=780&Type=search", "url2": "https://amolia.jp/day-service/" }, "geometry": { "type": "Point", "coordinates": [ 138.981277299999988, 36.2514969 ] } },
{ "type": "Feature", "properties": { "内容": "デイサービスセンター・プチケア【地域密着型通所介護】群馬県高崎市吉井町吉井４１８-１サポートセンタープチケア", "url": "https://www.kaigokensaku.mhlw.go.jp/10/index.php?action_kouhyou_detail_004_kani=true&JigyosyoCd=1072300484-00&ServiceCd=780&Type=search", "url2": "https://www.puchi-care.jp/" }, "geometry": { "type": "Point", "coordinates": [ 138.9839541, 36.2569641 ] } },
{ "type": "Feature", "properties": { "内容": "SAYAKA【地域密着型通所介護】群馬県高崎市吉井町南陽台3－13－1", "url": "https://www.kaigokensaku.mhlw.go.jp/10/index.php?action_kouhyou_detail_004_kani=true&JigyosyoCd=1070205248-00&ServiceCd=780&Type=search", "url2": "https://www.sayaka777.com/" }, "geometry": { "type": "Point", "coordinates": [ 138.99975459999996, 36.2720625 ] } },
{ "type": "Feature", "properties": { "内容": "高崎市デイサービスセンター恵峰園【地域密着型通所介護】群馬県高崎市京目町1632番地1", "url": "https://www.kaigokensaku.mhlw.go.jp/10/index.php?action_kouhyou_detail_004_kani=true&JigyosyoCd=1090201359-00&ServiceCd=780&Type=search", "url2": "https://www.keihouen.or.jp/" }, "geometry": { "type": "Point", "coordinates": [ 139.0532423, 36.348236700000015 ] } },
{ "type": "Feature", "properties": { "内容": "機能訓練型デイサービスやすらぎ健康館【地域密着型通所介護】群馬県高崎市剣崎町224-13", "url": "https://www.kaigokensaku.mhlw.go.jp/10/index.php?action_kouhyou_detail_004_kani=true&JigyosyoCd=1090201052-00&ServiceCd=780&Type=search", "url2": "https://yasuragi-kenkokan.com/" }, "geometry": { "type": "Point", "coordinates": [ 138.957259455819639, 36.341172510541696 ] } },
{ "type": "Feature", "properties": { "内容": "健康ぷらす高崎【地域密着型通所介護】群馬県高崎市江木町６２４－５吉崎ビル１階", "url": "https://www.kaigokensaku.mhlw.go.jp/10/index.php?action_kouhyou_detail_004_kani=true&JigyosyoCd=1070205602-00&ServiceCd=780&Type=search", "url2": "http://kaigo-plus.com/store/store-1199/" }, "geometry": { "type": "Point", "coordinates": [ 139.016283899999962, 36.3338891 ] } },
{ "type": "Feature", "properties": { "内容": "デイサービスみなみかぜ【地域密着型通所介護】群馬県高崎市三ツ寺町1040-2", "url": "https://www.kaigokensaku.mhlw.go.jp/10/index.php?action_kouhyou_detail_004_kani=true&JigyosyoCd=1090201391-00&ServiceCd=780&Type=search", "url2": null }, "geometry": { "type": "Point", "coordinates": [ 138.996821899999986, 36.3787016 ] } },
{ "type": "Feature", "properties": { "内容": "特別養護老人ホーム高風園【地域密着型通所介護】群馬県　高崎市　寺尾町２４１２", "url": "https://www.kaigokensaku.mhlw.go.jp/10/index.php?action_kouhyou_detail_004_kani=true&JigyosyoCd=1070202112-00&ServiceCd=780&Type=search", "url2": "http://kofuen.sakura.ne.jp/kofuen/" }, "geometry": { "type": "Point", "coordinates": [ 138.99149280000006, 36.3019653 ] } },
{ "type": "Feature", "properties": { "内容": "ひまわり上佐野【地域密着型通所介護】群馬県高崎市上佐野町153-1", "url": "https://www.kaigokensaku.mhlw.go.jp/10/index.php?action_kouhyou_detail_004_kani=true&JigyosyoCd=1070205842-00&ServiceCd=780&Type=search", "url2": "http://www.t-net-g.co.jp/kaigo/kamisano.html" }, "geometry": { "type": "Point", "coordinates": [ 139.019050219573955, 36.303873183851557 ] } },
{ "type": "Feature", "properties": { "内容": "GENKINEXT高崎上中居【地域密着型通所介護】群馬県高崎市上中居町763-1", "url": "https://www.kaigokensaku.mhlw.go.jp/10/index.php?action_kouhyou_detail_004_kani=true&JigyosyoCd=1070203268-00&ServiceCd=780&Type=search", "url2": "https://kaigo-next.com/" }, "geometry": { "type": "Point", "coordinates": [ 139.031005400000026, 36.316848400000026 ] } },
{ "type": "Feature", "properties": { "内容": "デイサービスようざん並榎【地域密着型通所介護】群馬県高崎市上並榎町1164－1", "url": "https://www.kaigokensaku.mhlw.go.jp/10/index.php?action_kouhyou_detail_004_kani=true&JigyosyoCd=1070202831-00&ServiceCd=780&Type=search", "url2": "http://www.youzan.jp" }, "geometry": { "type": "Point", "coordinates": [ 138.981924700000036, 36.342571 ] } },
{ "type": "Feature", "properties": { "内容": "通所介護明日風【地域密着型通所介護】群馬県高崎市上里見町2346", "url": "https://www.kaigokensaku.mhlw.go.jp/10/index.php?action_kouhyou_detail_004_kani=true&JigyosyoCd=1090201235-00&ServiceCd=780&Type=search", "url2": "https://asuka-1125.jp" }, "geometry": { "type": "Point", "coordinates": [ 138.8702645, 36.3776504 ] } },
{ "type": "Feature", "properties": { "内容": "早稲田イーライフ高崎常盤町【地域密着型通所介護】群馬県高崎市常盤町133セントラルハイツ1Ｆ", "url": "https://www.kaigokensaku.mhlw.go.jp/10/index.php?action_kouhyou_detail_004_kani=true&JigyosyoCd=1090201045-00&ServiceCd=780&Type=search", "url2": null }, "geometry": { "type": "Point", "coordinates": [ 138.995252100000016, 36.3294666 ] } },
{ "type": "Feature", "properties": { "内容": "とれふクラブ【地域密着型通所介護】群馬県高崎市新後閑町8-7", "url": "https://www.kaigokensaku.mhlw.go.jp/10/index.php?action_kouhyou_detail_004_kani=true&JigyosyoCd=1070205446-00&ServiceCd=780&Type=search", "url2": "https://family-hands.net/" }, "geometry": { "type": "Point", "coordinates": [ 139.014559431352268, 36.31075074987217 ] } },
{ "type": "Feature", "properties": { "内容": "デイサービスセンター　榛名　喜楽苑【地域密着型通所介護】群馬県高崎市三ツ子沢町253デイサービスセンター榛名喜楽苑", "url": "https://www.kaigokensaku.mhlw.go.jp/10/index.php?action_kouhyou_detail_004_kani=true&JigyosyoCd=1072100678-00&ServiceCd=780&Type=search", "url2": null }, "geometry": { "type": "Point", "coordinates": [ 138.920290034393247, 36.386514265296363 ] } },
{ "type": "Feature", "properties": { "内容": "デイサービスクローバー【地域密着型通所介護】群馬県高崎市下滝町205", "url": "https://www.kaigokensaku.mhlw.go.jp/10/index.php?action_kouhyou_detail_004_kani=true&JigyosyoCd=1090201524-00&ServiceCd=780&Type=search", "url2": "sites.google.com/view/clovertakasaki" }, "geometry": { "type": "Point", "coordinates": [ 139.0798627, 36.3154678 ] } },
{ "type": "Feature", "properties": { "内容": "デイサービスセンター　杏【地域密着型通所介護】群馬県高崎市新町3148番地", "url": "https://www.kaigokensaku.mhlw.go.jp/10/index.php?action_kouhyou_detail_004_kani=true&JigyosyoCd=1070203649-00&ServiceCd=780&Type=search", "url2": "http://az-1999.com/" }, "geometry": { "type": "Point", "coordinates": [ 139.114730292901072, 36.27729366301547 ] } },
{ "type": "Feature", "properties": { "内容": "特別養護老人ホーム高風園「そめやの里」デイサービスセンター【地域密着型通所介護】群馬県高崎市新保町993", "url": "https://www.kaigokensaku.mhlw.go.jp/10/index.php?action_kouhyou_detail_004_kani=true&JigyosyoCd=1070203037-00&ServiceCd=780&Type=search", "url2": "https://gswc-sf.org/kofuen-someyanosato/" }, "geometry": { "type": "Point", "coordinates": [ 139.042732415344318, 36.348789965696319 ] } },
{ "type": "Feature", "properties": { "内容": "四つ葉のクローバー正観寺【地域密着型通所介護】群馬県高崎市正観寺町882-1四つ葉のクローバー正観寺", "url": "https://www.kaigokensaku.mhlw.go.jp/10/index.php?action_kouhyou_detail_004_kani=true&JigyosyoCd=1090201326-00&ServiceCd=780&Type=search", "url2": "https://www.medical-sapo.jp/" }, "geometry": { "type": "Point", "coordinates": [ 139.014911899999987, 36.3703967 ] } },
{ "type": "Feature", "properties": { "内容": "いち・にのさん【地域密着型通所介護】群馬県高崎市石原町3236", "url": "https://www.kaigokensaku.mhlw.go.jp/10/index.php?action_kouhyou_detail_004_kani=true&JigyosyoCd=1070203391-00&ServiceCd=780&Type=search", "url2": "http://www.npo-hatofuru.or.jp/" }, "geometry": { "type": "Point", "coordinates": [ 139.001996807748327, 36.308027076092749 ] } },
{ "type": "Feature", "properties": { "内容": "デイサービスなかい【地域密着型通所介護】群馬県高崎市中居町2-22-18", "url": "https://www.kaigokensaku.mhlw.go.jp/10/index.php?action_kouhyou_detail_004_kani=true&JigyosyoCd=1070202724-00&ServiceCd=780&Type=search", "url2": "https://day-nakai.com/" }, "geometry": { "type": "Point", "coordinates": [ 139.044751499999961, 36.3136878 ] } },
{ "type": "Feature", "properties": { "内容": "機能訓練特化型デイサービス　ゴールデンステージ【地域密着型通所介護】群馬県高崎市中居町2-3-12第３桜ハイツ１F", "url": "https://www.kaigokensaku.mhlw.go.jp/10/index.php?action_kouhyou_detail_004_kani=true&JigyosyoCd=1090201219-00&ServiceCd=780&Type=search", "url2": "https://www.goldenstage.info" }, "geometry": { "type": "Point", "coordinates": [ 139.045851900000031, 36.318568700000029 ] } },
{ "type": "Feature", "properties": { "内容": "なかいずみデイサービスセンターみんなのサロン【地域密着型通所介護】群馬県高崎市中泉町６１８－５", "url": "https://www.kaigokensaku.mhlw.go.jp/10/index.php?action_kouhyou_detail_004_kani=true&JigyosyoCd=1072100652-00&ServiceCd=780&Type=search", "url2": "http://mi-salon.org" }, "geometry": { "type": "Point", "coordinates": [ 139.005302900000061, 36.37088 ] } },
{ "type": "Feature", "properties": { "内容": "プラトーケアセンター高崎【地域密着型通所介護】群馬県高崎市中泉町635-13", "url": "https://www.kaigokensaku.mhlw.go.jp/10/index.php?action_kouhyou_detail_004_kani=true&JigyosyoCd=1070203672-00&ServiceCd=780&Type=search", "url2": null }, "geometry": { "type": "Point", "coordinates": [ 139.000461500000029, 36.3723713 ] } },
{ "type": "Feature", "properties": { "内容": "デイ・ニューサウンド【地域密着型通所介護】群馬県高崎市中豊岡４８８－１", "url": "https://www.kaigokensaku.mhlw.go.jp/10/index.php?action_kouhyou_detail_004_kani=true&JigyosyoCd=1070203979-00&ServiceCd=780&Type=search", "url2": "http://dey-newsound.com" }, "geometry": { "type": "Point", "coordinates": [ 138.976236500000027, 36.3386658 ] } },
{ "type": "Feature", "properties": { "内容": "高崎社協群馬デイサービスセンター【地域密着型通所介護】群馬県高崎市棟高町９７７番地１群馬福祉会館内", "url": "https://www.kaigokensaku.mhlw.go.jp/10/index.php?action_kouhyou_detail_004_kani=true&JigyosyoCd=1070202211-00&ServiceCd=780&Type=search", "url2": "http://takasaki-shakyo.or.jp/" }, "geometry": { "type": "Point", "coordinates": [ 139.001627800000051, 36.397837 ] } },
{ "type": "Feature", "properties": { "内容": "デイサービスセンター青葉【地域密着型通所介護】群馬県高崎市南大類町1210", "url": "https://www.kaigokensaku.mhlw.go.jp/10/index.php?action_kouhyou_detail_004_kani=true&JigyosyoCd=1070201767-00&ServiceCd=780&Type=search", "url2": "http://takasakifuku.jp/" }, "geometry": { "type": "Point", "coordinates": [ 139.035179699999958, 36.3273038 ] } },
{ "type": "Feature", "properties": { "内容": "プチ希望館【地域密着型通所介護】群馬県高崎市日光町５番地２４", "url": "https://www.kaigokensaku.mhlw.go.jp/10/index.php?action_kouhyou_detail_004_kani=true&JigyosyoCd=1070202062-00&ServiceCd=780&Type=search", "url2": "http://www.kibokan.or.jp" }, "geometry": { "type": "Point", "coordinates": [ 139.020064100000013, 36.3370919 ] } },
{ "type": "Feature", "properties": { "内容": "デイサービス　そら【地域密着型通所介護】群馬県高崎市日高町１０８７－１", "url": "https://www.kaigokensaku.mhlw.go.jp/10/index.php?action_kouhyou_detail_004_kani=true&JigyosyoCd=1090200823-00&ServiceCd=780&Type=search", "url2": null }, "geometry": { "type": "Point", "coordinates": [ 139.035562300000038, 36.3508633 ] } },
{ "type": "Feature", "properties": { "内容": "リハビリデイセンターオカダ【地域密着型通所介護】群馬県高崎市日高町437-2", "url": "https://www.kaigokensaku.mhlw.go.jp/10/index.php?action_kouhyou_detail_004_kani=true&JigyosyoCd=1070204175-00&ServiceCd=780&Type=search", "url2": null }, "geometry": { "type": "Point", "coordinates": [ 139.0302097, 36.3612456 ] } },
{ "type": "Feature", "properties": { "内容": "MWS日高　八千代デイサービスセンターFC【地域密着型通所介護】群馬県高崎市八千代町１－１２－９", "url": "https://www.kaigokensaku.mhlw.go.jp/10/index.php?action_kouhyou_detail_004_kani=true&JigyosyoCd=1070203565-00&ServiceCd=780&Type=search", "url2": "http://www.kurara-mwsfc.com" }, "geometry": { "type": "Point", "coordinates": [ 138.992113900000049, 36.3208698 ] } },
{ "type": "Feature", "properties": { "内容": "リハビリの家　赤心【地域密着型通所介護】群馬県高崎市八幡原町497番地1", "url": "https://www.kaigokensaku.mhlw.go.jp/10/index.php?action_kouhyou_detail_004_kani=true&JigyosyoCd=1090201417-00&ServiceCd=780&Type=search", "url2": "https://www.rehahome-sekishin.com/" }, "geometry": { "type": "Point", "coordinates": [ 139.0866106, 36.305009 ] } },
{ "type": "Feature", "properties": { "内容": "デイサービスプランドールようざん【地域密着型通所介護】群馬県高崎市飯塚町1030-1", "url": "https://www.kaigokensaku.mhlw.go.jp/10/index.php?action_kouhyou_detail_004_kani=true&JigyosyoCd=1070204720-00&ServiceCd=780&Type=search", "url2": "www.youzan.jp" }, "geometry": { "type": "Point", "coordinates": [ 139.003237200000058, 36.3400161 ] } },
{ "type": "Feature", "properties": { "内容": "デイサービス未来高崎【地域密着型通所介護】群馬県高崎市飯塚町611番地1", "url": "https://www.kaigokensaku.mhlw.go.jp/10/index.php?action_kouhyou_detail_004_kani=true&JigyosyoCd=1090201268-00&ServiceCd=780&Type=search", "url2": null }, "geometry": { "type": "Point", "coordinates": [ 139.0019058, 36.3437524 ] } },
{ "type": "Feature", "properties": { "内容": "デイサービスセンター「家族の家」浜川【地域密着型通所介護】群馬県高崎市浜川町１３１４番地", "url": "https://www.kaigokensaku.mhlw.go.jp/10/index.php?action_kouhyou_detail_004_kani=true&JigyosyoCd=1070200942-00&ServiceCd=780&Type=search", "url2": "h-inokawakai@wine.plala.co.jp" }, "geometry": { "type": "Point", "coordinates": [ 138.9845848, 36.3707572 ] } },
{ "type": "Feature", "properties": { "内容": "園遊亭【地域密着型通所介護】群馬県高崎市保渡田町１１０１－２", "url": "https://www.kaigokensaku.mhlw.go.jp/10/index.php?action_kouhyou_detail_004_kani=true&JigyosyoCd=1072100801-00&ServiceCd=780&Type=search", "url2": null }, "geometry": { "type": "Point", "coordinates": [ 138.978082500000028, 36.3781336 ] } },
{ "type": "Feature", "properties": { "内容": "デイサービス　ねこやなぎ【地域密着型通所介護】群馬県高崎市箕郷町下芝７０２", "url": "https://www.kaigokensaku.mhlw.go.jp/10/index.php?action_kouhyou_detail_004_kani=true&JigyosyoCd=1070204076-00&ServiceCd=780&Type=search", "url2": null }, "geometry": { "type": "Point", "coordinates": [ 138.9670112, 36.377505600000013 ] } },
{ "type": "Feature", "properties": { "内容": "デイサービスセンターゆたか【地域密着型通所介護】群馬県高崎市箕郷町下芝824-1", "url": "https://www.kaigokensaku.mhlw.go.jp/10/index.php?action_kouhyou_detail_004_kani=true&JigyosyoCd=1070204118-00&ServiceCd=780&Type=search", "url2": "http://sky.geocities.jp/yutaka_takasaki_6020/" }, "geometry": { "type": "Point", "coordinates": [ 138.97098589999996, 36.3784834 ] } },
{ "type": "Feature", "properties": { "内容": "グランドホーム箕輪【地域密着型通所介護】群馬県高崎市箕郷町上芝８４５-３グランドホーム箕輪", "url": "https://www.kaigokensaku.mhlw.go.jp/10/index.php?action_kouhyou_detail_004_kani=true&JigyosyoCd=1090200906-00&ServiceCd=780&Type=search", "url2": "http//www.e-verde.co.jp/" }, "geometry": { "type": "Point", "coordinates": [ 138.960961499999939, 36.3849599 ] } },
{ "type": "Feature", "properties": { "内容": "箕郷町第二デイサービスセンター【地域密着型通所介護】群馬県高崎市箕郷町矢原12番地1", "url": "https://www.kaigokensaku.mhlw.go.jp/10/index.php?action_kouhyou_detail_004_kani=true&JigyosyoCd=1070202914-00&ServiceCd=780&Type=search", "url2": "http://www.izuminosono.com" }, "geometry": { "type": "Point", "coordinates": [ 138.962777800000026, 36.3972831 ] } },
{ "type": "Feature", "properties": { "内容": "菜のはな一番館【地域密着型通所介護】群馬県高崎市矢中町２０－５", "url": "https://www.kaigokensaku.mhlw.go.jp/10/index.php?action_kouhyou_detail_004_kani=true&JigyosyoCd=1070204415-00&ServiceCd=780&Type=search", "url2": null }, "geometry": { "type": "Point", "coordinates": [ 139.043128076273121, 36.309381722669933 ] } },
{ "type": "Feature", "properties": { "内容": "小規模ファミリーデイ奏寿【地域密着型通所介護】群馬県高崎市矢中町44-3マインプラッツⅢ1-A号室", "url": "https://www.kaigokensaku.mhlw.go.jp/10/index.php?action_kouhyou_detail_004_kani=true&JigyosyoCd=1070204852-00&ServiceCd=780&Type=search", "url2": null }, "geometry": { "type": "Point", "coordinates": [ 139.042987900000071, 36.3098407 ] } },
{ "type": "Feature", "properties": { "内容": "ＧＥＮＫＩ　ＮＥＸＴ高崎緑町【地域密着型通所介護】群馬県高崎市緑町1-25-5　丸九緑町ビル１Ｆ丸九緑町ビル１Ｆ", "url": "https://www.kaigokensaku.mhlw.go.jp/10/index.php?action_kouhyou_detail_004_kani=true&JigyosyoCd=1070203516-00&ServiceCd=780&Type=search", "url2": "kaigo-next.com" }, "geometry": { "type": "Point", "coordinates": [ 139.002534100000048, 36.3524678 ] } },
{ "type": "Feature", "properties": { "内容": "デイサービス　あい【地域密着型通所介護】群馬県高崎市緑町4丁目3-1", "url": "https://www.kaigokensaku.mhlw.go.jp/10/index.php?action_kouhyou_detail_004_kani=true&JigyosyoCd=1070203318-00&ServiceCd=780&Type=search", "url2": "ｈｔｔｐ：//www.cosumosu.info" }, "geometry": { "type": "Point", "coordinates": [ 139.009905900000035, 36.3514625 ] } },
{ "type": "Feature", "properties": { "内容": "デイサービス双樹園【地域密着型通所介護】群馬県高崎市和田町8-16", "url": "https://www.kaigokensaku.mhlw.go.jp/10/index.php?action_kouhyou_detail_004_kani=true&JigyosyoCd=1070203698-00&ServiceCd=780&Type=search", "url2": "https://www.tenkaien.or.jp/" }, "geometry": { "type": "Point", "coordinates": [ 139.011815399999932, 36.3166036 ] } },
{ "type": "Feature", "properties": { "内容": "レコードブック高崎緑町【地域密着型通所介護】群馬県高崎市緑町１－１５―１０グリーンヒルズ梅山１階東", "url": "https://www.kaigokensaku.mhlw.go.jp/10/index.php?action_kouhyou_detail_004_kani=true&JigyosyoCd=1090201177-00&ServiceCd=780&Type=search", "url2": "http://www.recordbook.jp/" }, "geometry": { "type": "Point", "coordinates": [ 139.000747100000012, 36.3530938 ] } },
{ "type": "Feature", "properties": { "内容": "デイサービス　ひだまり【地域密着型通所介護】群馬県高崎市箕郷町富岡２８５－５", "url": "https://www.kaigokensaku.mhlw.go.jp/10/index.php?action_kouhyou_detail_004_kani=true&JigyosyoCd=1070202492-00&ServiceCd=780&Type=search", "url2": "http://www" }, "geometry": { "type": "Point", "coordinates": [ 138.948226299999988, 36.3904616 ] } },
{ "type": "Feature", "properties": { "内容": "リハビリすぽっと　にこリハ　境野店【地域密着型通所介護】群馬県桐生市境野町6丁目594番地の1", "url": "https://www.kaigokensaku.mhlw.go.jp/10/index.php?action_kouhyou_detail_004_kani=true&JigyosyoCd=1090300557-00&ServiceCd=780&Type=search", "url2": "https://nicoreha.jp" }, "geometry": { "type": "Point", "coordinates": [ 139.3534372, 36.3876122 ] } },
{ "type": "Feature", "properties": { "内容": "デイサービスにこ【地域密着型通所介護】群馬県桐生市天神町3丁目10-2", "url": "https://www.kaigokensaku.mhlw.go.jp/10/index.php?action_kouhyou_detail_004_kani=true&JigyosyoCd=1090300565-00&ServiceCd=780&Type=search", "url2": "info＠nanairo0401.com" }, "geometry": { "type": "Point", "coordinates": [ 139.3546268, 36.4283451 ] } },
{ "type": "Feature", "properties": { "内容": "通所介護事業所田福庵【地域密着型通所介護】群馬県桐生市菱町3丁目2044-8", "url": "https://www.kaigokensaku.mhlw.go.jp/10/index.php?action_kouhyou_detail_004_kani=true&JigyosyoCd=1090300573-00&ServiceCd=780&Type=search", "url2": null }, "geometry": { "type": "Point", "coordinates": [ 139.353983655208026, 36.409383073908174 ] } },
{ "type": "Feature", "properties": { "内容": "リハビリはうす【地域密着型通所介護】群馬県桐生市宮前町1-2-33", "url": "https://www.kaigokensaku.mhlw.go.jp/10/index.php?action_kouhyou_detail_004_kani=true&JigyosyoCd=1090300458-00&ServiceCd=780&Type=search", "url2": null }, "geometry": { "type": "Point", "coordinates": [ 139.32552720000001, 36.4154124 ] } },
{ "type": "Feature", "properties": { "内容": "心春日和デイサービスセンター【地域密着型通所介護】群馬県桐生市宮本町3丁目2-13", "url": "https://www.kaigokensaku.mhlw.go.jp/10/index.php?action_kouhyou_detail_004_kani=true&JigyosyoCd=1090300508-00&ServiceCd=780&Type=search", "url2": "http://peachfactory.jp/" }, "geometry": { "type": "Point", "coordinates": [ 139.338914806920542, 36.421849514358762 ] } },
{ "type": "Feature", "properties": { "内容": "デイホーム大地【地域密着型通所介護】群馬県桐生市境野町２丁目１２８１－３", "url": "https://www.kaigokensaku.mhlw.go.jp/10/index.php?action_kouhyou_detail_004_kani=true&JigyosyoCd=1070302342-00&ServiceCd=780&Type=search", "url2": "http://aozora2003.com" }, "geometry": { "type": "Point", "coordinates": [ 139.345703400000048, 36.3925475 ] } },
{ "type": "Feature", "properties": { "内容": "機能回復　フカサワ【地域密着型通所介護】群馬県桐生市境野町２丁目777-12", "url": "https://www.kaigokensaku.mhlw.go.jp/10/index.php?action_kouhyou_detail_004_kani=true&JigyosyoCd=1070301229-00&ServiceCd=780&Type=search", "url2": null }, "geometry": { "type": "Point", "coordinates": [ 139.3475171, 36.3920059 ] } },
{ "type": "Feature", "properties": { "内容": "デイホームこもれ陽【地域密着型通所介護】群馬県桐生市境野町７丁目１７３１－９", "url": "https://www.kaigokensaku.mhlw.go.jp/10/index.php?action_kouhyou_detail_004_kani=true&JigyosyoCd=1070302359-00&ServiceCd=780&Type=search", "url2": "http://aozora2003.com" }, "geometry": { "type": "Point", "coordinates": [ 139.355042200000071, 36.3818096 ] } },
{ "type": "Feature", "properties": { "内容": "デイハウス　はまの郷【地域密着型通所介護】群馬県桐生市境野町７－１７７９－３０", "url": "https://www.kaigokensaku.mhlw.go.jp/10/index.php?action_kouhyou_detail_004_kani=true&JigyosyoCd=1070302078-00&ServiceCd=780&Type=search", "url2": null }, "geometry": { "type": "Point", "coordinates": [ 139.360889199999974, 36.379632 ] } },
{ "type": "Feature", "properties": { "内容": "デイサービス　恵【地域密着型通所介護】群馬県桐生市錦町１－３－３０", "url": "https://www.kaigokensaku.mhlw.go.jp/10/index.php?action_kouhyou_detail_004_kani=true&JigyosyoCd=1070301724-00&ServiceCd=780&Type=search", "url2": null }, "geometry": { "type": "Point", "coordinates": [ 139.333742799999982, 36.4069461 ] } },
{ "type": "Feature", "properties": { "内容": "デイホーム桐生広沢【地域密着型通所介護】群馬県桐生市広沢町１丁目２７２５-１", "url": "https://www.kaigokensaku.mhlw.go.jp/10/index.php?action_kouhyou_detail_004_kani=true&JigyosyoCd=1070302367-00&ServiceCd=780&Type=search", "url2": "www.aozora2003.com" }, "geometry": { "type": "Point", "coordinates": [ 139.330326799999966, 36.393797400000018 ] } },
{ "type": "Feature", "properties": { "内容": "ローズヴィレッジ桜木【地域密着型通所介護】群馬県桐生市広沢町2丁目2953-13", "url": "https://www.kaigokensaku.mhlw.go.jp/10/index.php?action_kouhyou_detail_004_kani=true&JigyosyoCd=1090300482-00&ServiceCd=780&Type=search", "url2": "http://www.grand-love.co.jp/" }, "geometry": { "type": "Point", "coordinates": [ 139.3207562, 36.3953015 ] } },
{ "type": "Feature", "properties": { "内容": "デイサービスセンター　やまぼうし【地域密着型通所介護】群馬県桐生市広沢町５丁目１３８６番地の１", "url": "https://www.kaigokensaku.mhlw.go.jp/10/index.php?action_kouhyou_detail_004_kani=true&JigyosyoCd=1070302250-00&ServiceCd=780&Type=search", "url2": null }, "geometry": { "type": "Point", "coordinates": [ 139.347167899999931, 36.3776405 ] } },
{ "type": "Feature", "properties": { "内容": "ココロトレーニングデイサービス【地域密着型通所介護】群馬県桐生市広沢町6丁目909", "url": "https://www.kaigokensaku.mhlw.go.jp/10/index.php?action_kouhyou_detail_004_kani=true&JigyosyoCd=1070302771-00&ServiceCd=780&Type=search", "url2": "http://coco-lo.net" }, "geometry": { "type": "Point", "coordinates": [ 139.350818, 36.3729215 ] } },
{ "type": "Feature", "properties": { "内容": "社会福祉法人　泰和会　しみずの里【地域密着型通所介護】群馬県桐生市黒保根町下田沢2565-1", "url": "https://www.kaigokensaku.mhlw.go.jp/10/index.php?action_kouhyou_detail_004_kani=true&JigyosyoCd=1072000050-00&ServiceCd=780&Type=search", "url2": "http://taiwakai.com/" }, "geometry": { "type": "Point", "coordinates": [ 139.276081799999929, 36.5101374 ] } },
{ "type": "Feature", "properties": { "内容": "デイサービス彩【地域密着型通所介護】群馬県桐生市織姫町3-11", "url": "https://www.kaigokensaku.mhlw.go.jp/10/index.php?action_kouhyou_detail_004_kani=true&JigyosyoCd=1090300359-00&ServiceCd=780&Type=search", "url2": "http://www.longlife-lp.com" }, "geometry": { "type": "Point", "coordinates": [ 139.328446, 36.4033548 ] } },
{ "type": "Feature", "properties": { "内容": "デイサービスＯＨＡＮＡ【地域密着型通所介護】群馬県桐生市新里町新川2036-54", "url": "https://www.kaigokensaku.mhlw.go.jp/10/index.php?action_kouhyou_detail_004_kani=true&JigyosyoCd=1070302672-00&ServiceCd=780&Type=search", "url2": null }, "geometry": { "type": "Point", "coordinates": [ 139.257353710450758, 36.419206451161365 ] } },
{ "type": "Feature", "properties": { "内容": "一華リハビリの里【地域密着型通所介護】群馬県桐生市川内町5-333-7", "url": "https://www.kaigokensaku.mhlw.go.jp/10/index.php?action_kouhyou_detail_004_kani=true&JigyosyoCd=1070301971-00&ServiceCd=780&Type=search", "url2": "https;//sakuranet-gr.com/" }, "geometry": { "type": "Point", "coordinates": [ 139.305320299999948, 36.438072400000017 ] } },
{ "type": "Feature", "properties": { "内容": "ココロアットホーム【地域密着型通所介護】群馬県桐生市相生町2丁目270－1", "url": "https://www.kaigokensaku.mhlw.go.jp/10/index.php?action_kouhyou_detail_004_kani=true&JigyosyoCd=1070301781-00&ServiceCd=780&Type=search", "url2": "http://coco-lo.net" }, "geometry": { "type": "Point", "coordinates": [ 139.316471322090138, 36.413460189694838 ] } },
{ "type": "Feature", "properties": { "内容": "桐生協立デイサービスセンターさくら【地域密着型通所介護】群馬県桐生市相生町２－５５４－５", "url": "https://www.kaigokensaku.mhlw.go.jp/10/index.php?action_kouhyou_detail_004_kani=true&JigyosyoCd=1070300676-00&ServiceCd=780&Type=search", "url2": "http://www.kyouritsu.org" }, "geometry": { "type": "Point", "coordinates": [ 139.296660400000064, 36.4193077 ] } },
{ "type": "Feature", "properties": { "内容": "リハビリすぽっと　にこリハ【地域密着型通所介護】群馬県桐生市相生町2-282-11", "url": "https://www.kaigokensaku.mhlw.go.jp/10/index.php?action_kouhyou_detail_004_kani=true&JigyosyoCd=1090300516-00&ServiceCd=780&Type=search", "url2": null }, "geometry": { "type": "Point", "coordinates": [ 139.3126374, 36.4142737 ] } },
{ "type": "Feature", "properties": { "内容": "デイサービス　いっ歩【地域密着型通所介護】群馬県桐生市相生町５丁目444-85", "url": "https://www.kaigokensaku.mhlw.go.jp/10/index.php?action_kouhyou_detail_004_kani=true&JigyosyoCd=1090300425-00&ServiceCd=780&Type=search", "url2": null }, "geometry": { "type": "Point", "coordinates": [ 139.293550399999958, 36.4173613 ] } },
{ "type": "Feature", "properties": { "内容": "デイサービスセンター大吉【地域密着型通所介護】群馬県桐生市相生町5丁目699ー5", "url": "https://www.kaigokensaku.mhlw.go.jp/10/index.php?action_kouhyou_detail_004_kani=true&JigyosyoCd=1090300532-00&ServiceCd=780&Type=search", "url2": null }, "geometry": { "type": "Point", "coordinates": [ 139.29359, 36.4091283 ] } },
{ "type": "Feature", "properties": { "内容": "家具のホンダ　リハ・アシスト　ホンダ　東店【地域密着型通所介護】群馬県桐生市東6-1-6", "url": "https://www.kaigokensaku.mhlw.go.jp/10/index.php?action_kouhyou_detail_004_kani=true&JigyosyoCd=1090300417-00&ServiceCd=780&Type=search", "url2": "http://wagamama-club.seneso.jp/" }, "geometry": { "type": "Point", "coordinates": [ 139.342989200000034, 36.407507900000013 ] } },
{ "type": "Feature", "properties": { "内容": "グランドケミー【地域密着型通所介護】群馬県桐生市東７丁目２番３２号", "url": "https://www.kaigokensaku.mhlw.go.jp/10/index.php?action_kouhyou_detail_004_kani=true&JigyosyoCd=1070302805-00&ServiceCd=780&Type=search", "url2": "http://www.kemy.info/" }, "geometry": { "type": "Point", "coordinates": [ 139.345516699999962, 36.4043631 ] } },
{ "type": "Feature", "properties": { "内容": "デイサービスなないろ【地域密着型通所介護】群馬県桐生市梅田町1丁目40-3", "url": "https://www.kaigokensaku.mhlw.go.jp/10/index.php?action_kouhyou_detail_004_kani=true&JigyosyoCd=1090300441-00&ServiceCd=780&Type=search", "url2": null }, "geometry": { "type": "Point", "coordinates": [ 139.354656299999988, 36.4332406 ] } },
{ "type": "Feature", "properties": { "内容": "ポピー介護センター【地域密着型通所介護】群馬県桐生市菱町１丁目3006-1", "url": "https://www.kaigokensaku.mhlw.go.jp/10/index.php?action_kouhyou_detail_004_kani=true&JigyosyoCd=1070300122-00&ServiceCd=780&Type=search", "url2": "https://kabusikigaisyapoppy.wixsite.com/popy-carecenter" }, "geometry": { "type": "Point", "coordinates": [ 139.36148, 36.393128 ] } },
{ "type": "Feature", "properties": { "内容": "菱風園デイサービスセンター【地域密着型通所介護】群馬県桐生市浜松町１－３－３", "url": "https://www.kaigokensaku.mhlw.go.jp/10/index.php?action_kouhyou_detail_004_kani=true&JigyosyoCd=1070301807-00&ServiceCd=780&Type=search", "url2": "http://www.cnet-ga.ne.jp/ryh-ikd/" }, "geometry": { "type": "Point", "coordinates": [ 139.341003199999932, 36.4046797 ] } },
{ "type": "Feature", "properties": { "内容": "家具のホンダ　リハ・アシスト　ホンダ　末広店【地域密着型通所介護】群馬県桐生市末広町6-28小林ビル1F", "url": "https://www.kaigokensaku.mhlw.go.jp/10/index.php?action_kouhyou_detail_004_kani=true&JigyosyoCd=1070302896-00&ServiceCd=780&Type=search", "url2": "http://wagamama-club.seneso.jp" }, "geometry": { "type": "Point", "coordinates": [ 139.335526785879097, 36.411352495236315 ] } },
{ "type": "Feature", "properties": { "内容": "デイサービス　さら【地域密着型通所介護】群馬県桐生市境野町７丁目４９－５", "url": "https://www.kaigokensaku.mhlw.go.jp/10/index.php?action_kouhyou_detail_004_kani=true&JigyosyoCd=1070302102-00&ServiceCd=780&Type=search", "url2": null }, "geometry": { "type": "Point", "coordinates": [ 139.364689, 36.3778572 ] } },
{ "type": "Feature", "properties": { "内容": "デイサービス花結び【地域密着型通所介護】群馬県桐生市川内町三丁目３９３番地４", "url": "https://www.kaigokensaku.mhlw.go.jp/10/index.php?action_kouhyou_detail_004_kani=true&JigyosyoCd=1090300540-00&ServiceCd=780&Type=search", "url2": "https://care-net.biz/10/nakazatokai/" }, "geometry": { "type": "Point", "coordinates": [ 139.3044535, 36.4315655 ] } },
{ "type": "Feature", "properties": { "内容": "デイサービス　こらしょ【地域密着型通所介護】群馬県桐生市相生町１丁目２０８－１", "url": "https://www.kaigokensaku.mhlw.go.jp/10/index.php?action_kouhyou_detail_004_kani=true&JigyosyoCd=1070302813-00&ServiceCd=780&Type=search", "url2": "http://korasyo.com/" }, "geometry": { "type": "Point", "coordinates": [ 139.321009, 36.4002408 ] } },
{ "type": "Feature", "properties": { "内容": "ロコモリハビリケア【地域密着型通所介護】群馬県伊勢崎市境下渕名2463-2ロコモリハビリケア", "url": "https://www.kaigokensaku.mhlw.go.jp/10/index.php?action_kouhyou_detail_004_kani=true&JigyosyoCd=1090400571-00&ServiceCd=780&Type=search", "url2": "https//:locomo-day.com" }, "geometry": { "type": "Point", "coordinates": [ 139.240359718385321, 36.307300325690321 ] } },
{ "type": "Feature", "properties": { "内容": "デイサービスあそび処【地域密着型通所介護】群馬県伊勢崎市連取町3323-10", "url": "https://www.kaigokensaku.mhlw.go.jp/10/index.php?action_kouhyou_detail_004_kani=true&JigyosyoCd=1090400589-00&ServiceCd=780&Type=search", "url2": null }, "geometry": { "type": "Point", "coordinates": [ 139.1709983, 36.3159287 ] } },
{ "type": "Feature", "properties": { "内容": "ＧＥＮＫＩ　ＮＥＸＴ　伊勢崎【地域密着型通所介護】群馬県伊勢崎市ひろせ町4098-4グリーンパーク1Ｆ", "url": "https://www.kaigokensaku.mhlw.go.jp/10/index.php?action_kouhyou_detail_004_kani=true&JigyosyoCd=1070402092-00&ServiceCd=780&Type=search", "url2": "http://kaigo-next.co.jp" }, "geometry": { "type": "Point", "coordinates": [ 139.197062500000015, 36.298421 ] } },
{ "type": "Feature", "properties": { "内容": "通所介護　ときめき【地域密着型通所介護】群馬県伊勢崎市乾町109-3", "url": "https://www.kaigokensaku.mhlw.go.jp/10/index.php?action_kouhyou_detail_004_kani=true&JigyosyoCd=1070402845-00&ServiceCd=780&Type=search", "url2": null }, "geometry": { "type": "Point", "coordinates": [ 139.191800100000023, 36.3386772 ] } },
{ "type": "Feature", "properties": { "内容": "リハビリデイ　ふれあい【地域密着型通所介護】群馬県伊勢崎市宮子町3566-1", "url": "https://www.kaigokensaku.mhlw.go.jp/10/index.php?action_kouhyou_detail_004_kani=true&JigyosyoCd=1070403462-00&ServiceCd=780&Type=search", "url2": "http://www.day.iyasaka.info/" }, "geometry": { "type": "Point", "coordinates": [ 139.153754821612551, 36.327803772412885 ] } },
{ "type": "Feature", "properties": { "内容": "デイルームはぁとらんど伊勢崎【地域密着型通所介護】群馬県伊勢崎市境栄７６２", "url": "https://www.kaigokensaku.mhlw.go.jp/10/index.php?action_kouhyou_detail_004_kani=true&JigyosyoCd=1090400431-00&ServiceCd=780&Type=search", "url2": "http://heartlandisesaki.webnode.jp/" }, "geometry": { "type": "Point", "coordinates": [ 139.2615463, 36.2747491 ] } },
{ "type": "Feature", "properties": { "内容": "ＧＥＮＫＩ　ＮＥＸＴ伊勢崎境【地域密着型通所介護】群馬県伊勢崎市境下武士2615", "url": "https://www.kaigokensaku.mhlw.go.jp/10/index.php?action_kouhyou_detail_004_kani=true&JigyosyoCd=1070402084-00&ServiceCd=780&Type=search", "url2": null }, "geometry": { "type": "Point", "coordinates": [ 139.248355400000037, 36.2711334 ] } },
{ "type": "Feature", "properties": { "内容": "デイサービス自遊のさと【地域密着型通所介護】群馬県伊勢崎市境下武士2820", "url": "https://www.kaigokensaku.mhlw.go.jp/10/index.php?action_kouhyou_detail_004_kani=true&JigyosyoCd=1090400415-00&ServiceCd=780&Type=search", "url2": "https://www.eforce.jp" }, "geometry": { "type": "Point", "coordinates": [ 139.241586220537187, 36.273058273821299 ] } },
{ "type": "Feature", "properties": { "内容": "デイハウスななくさ伊勢崎境【地域密着型通所介護】群馬県伊勢崎市境上武士８５７番地１", "url": "https://www.kaigokensaku.mhlw.go.jp/10/index.php?action_kouhyou_detail_004_kani=true&JigyosyoCd=1070403090-00&ServiceCd=780&Type=search", "url2": "https://www.7793.co.jp" }, "geometry": { "type": "Point", "coordinates": [ 139.234156200000029, 36.2793908 ] } },
{ "type": "Feature", "properties": { "内容": "デイリハセンターうちリハ伊勢崎境店【地域密着型通所介護】群馬県伊勢崎市境東新井582-4", "url": "https://www.kaigokensaku.mhlw.go.jp/10/index.php?action_kouhyou_detail_004_kani=true&JigyosyoCd=1090400498-00&ServiceCd=780&Type=search", "url2": "https://waichi-uchiriha.com/" }, "geometry": { "type": "Point", "coordinates": [ 139.264622, 36.311566400000011 ] } },
{ "type": "Feature", "properties": { "内容": "通所介護　星のライフ【地域密着型通所介護】群馬県伊勢崎市国定町一丁目１１５８番地１", "url": "https://www.kaigokensaku.mhlw.go.jp/10/index.php?action_kouhyou_detail_004_kani=true&JigyosyoCd=1070403736-00&ServiceCd=780&Type=search", "url2": "http://www.hoshinolife.com" }, "geometry": { "type": "Point", "coordinates": [ 139.25511849999998, 36.3685068 ] } },
{ "type": "Feature", "properties": { "内容": "株式会社ふれあいの家デイサービスセンター【地域密着型通所介護】群馬県伊勢崎市三室町6181-3", "url": "https://www.kaigokensaku.mhlw.go.jp/10/index.php?action_kouhyou_detail_004_kani=true&JigyosyoCd=1072800301-00&ServiceCd=780&Type=search", "url2": null }, "geometry": { "type": "Point", "coordinates": [ 139.238817599999948, 36.3232638 ] } },
{ "type": "Feature", "properties": { "内容": "デイホーム一期一会【地域密着型通所介護】群馬県伊勢崎市市場町2丁目1147-2", "url": "https://www.kaigokensaku.mhlw.go.jp/10/index.php?action_kouhyou_detail_004_kani=true&JigyosyoCd=1090400472-00&ServiceCd=780&Type=search", "url2": "http://aozora2003.com/" }, "geometry": { "type": "Point", "coordinates": [ 139.2243478, 36.3604638 ] } },
{ "type": "Feature", "properties": { "内容": "デイホーム時代【地域密着型通所介護】群馬県伊勢崎市市場町2-1147-2", "url": "https://www.kaigokensaku.mhlw.go.jp/10/index.php?action_kouhyou_detail_004_kani=true&JigyosyoCd=1090400530-00&ServiceCd=780&Type=search", "url2": "http://aozora2003.com/" }, "geometry": { "type": "Point", "coordinates": [ 139.2243478, 36.3604638 ] } },
{ "type": "Feature", "properties": { "内容": "デイサービスかしま【地域密着型通所介護】群馬県伊勢崎市鹿島町７８３", "url": "https://www.kaigokensaku.mhlw.go.jp/10/index.php?action_kouhyou_detail_004_kani=true&JigyosyoCd=1070401615-00&ServiceCd=780&Type=search", "url2": "https://dayservicekashima.wixsite.com/mysite" }, "geometry": { "type": "Point", "coordinates": [ 139.2065371, 36.3414024 ] } },
{ "type": "Feature", "properties": { "内容": "ＧＥＮＫＩ　ＮＥＸＴ　伊勢崎昭和町【地域密着型通所介護】群馬県伊勢崎市昭和町３８０１－３　北爪ビルE号室", "url": "https://www.kaigokensaku.mhlw.go.jp/10/index.php?action_kouhyou_detail_004_kani=true&JigyosyoCd=1070402407-00&ServiceCd=780&Type=search", "url2": "http://kaigo-next.co.jp" }, "geometry": { "type": "Point", "coordinates": [ 139.210810039773463, 36.326148145184881 ] } },
{ "type": "Feature", "properties": { "内容": "お達者デイサービスいのしか蝶【地域密着型通所介護】群馬県伊勢崎市上田町１２６－２", "url": "https://www.kaigokensaku.mhlw.go.jp/10/index.php?action_kouhyou_detail_004_kani=true&JigyosyoCd=1070403280-00&ServiceCd=780&Type=search", "url2": "http://isesaki-kaigo.com/" }, "geometry": { "type": "Point", "coordinates": [ 139.240355633978311, 36.350644663816929 ] } },
{ "type": "Feature", "properties": { "内容": "優楽舎デイサービスセンター【地域密着型通所介護】群馬県伊勢崎市西久保町三丁目９６０－１", "url": "https://www.kaigokensaku.mhlw.go.jp/10/index.php?action_kouhyou_detail_004_kani=true&JigyosyoCd=1070403074-00&ServiceCd=780&Type=search", "url2": null }, "geometry": { "type": "Point", "coordinates": [ 139.230625436245759, 36.370864661100896 ] } },
{ "type": "Feature", "properties": { "内容": "あいデイサービス【地域密着型通所介護】群馬県伊勢崎市田中島町1185-1", "url": "https://www.kaigokensaku.mhlw.go.jp/10/index.php?action_kouhyou_detail_004_kani=true&JigyosyoCd=1090400308-00&ServiceCd=780&Type=search", "url2": null }, "geometry": { "type": "Point", "coordinates": [ 139.161195074295023, 36.324967289362952 ] } },
{ "type": "Feature", "properties": { "内容": "ぬくもり【地域密着型通所介護】群馬県伊勢崎市田部井町２丁目１２０２", "url": "https://www.kaigokensaku.mhlw.go.jp/10/index.php?action_kouhyou_detail_004_kani=true&JigyosyoCd=1070402035-00&ServiceCd=780&Type=search", "url2": null }, "geometry": { "type": "Point", "coordinates": [ 139.245684613847288, 36.350736870527506 ] } },
{ "type": "Feature", "properties": { "内容": "デイサービスセンターはるかぜ【地域密着型通所介護】群馬県伊勢崎市田部井町3丁目2734-4", "url": "https://www.kaigokensaku.mhlw.go.jp/10/index.php?action_kouhyou_detail_004_kani=true&JigyosyoCd=1072800434-00&ServiceCd=780&Type=search", "url2": "https://www.fm-bridge.jp/homepage/D/1860969" }, "geometry": { "type": "Point", "coordinates": [ 139.264964299999974, 36.3556219 ] } },
{ "type": "Feature", "properties": { "内容": "リリーフ　スティション【地域密着型通所介護】群馬県伊勢崎市日乃出町４２４番地１", "url": "https://www.kaigokensaku.mhlw.go.jp/10/index.php?action_kouhyou_detail_004_kani=true&JigyosyoCd=1070401052-00&ServiceCd=780&Type=search", "url2": "http://www.riri-fu.co.jp" }, "geometry": { "type": "Point", "coordinates": [ 139.224115062917008, 36.319863837958835 ] } },
{ "type": "Feature", "properties": { "内容": "デイサービス　プチルーチェ【地域密着型通所介護】群馬県伊勢﨑市韮塚町394-1住宅型有料老人ホーム　パルクルーチェ", "url": "https://www.kaigokensaku.mhlw.go.jp/10/index.php?action_kouhyou_detail_004_kani=true&JigyosyoCd=1090400340-00&ServiceCd=780&Type=search", "url2": "http://parc-luce.com/" }, "geometry": { "type": "Point", "coordinates": [ 139.182335954839374, 36.306810299282155 ] } },
{ "type": "Feature", "properties": { "内容": "リハプライド伊勢崎【地域密着型通所介護】群馬県伊勢崎市八寸町4711-7", "url": "https://www.kaigokensaku.mhlw.go.jp/10/index.php?action_kouhyou_detail_004_kani=true&JigyosyoCd=1090400522-00&ServiceCd=780&Type=search", "url2": "https://www.rehapride.co.jp/isesaki/" }, "geometry": { "type": "Point", "coordinates": [ 139.232673512303194, 36.33486804247439 ] } },
{ "type": "Feature", "properties": { "内容": "デイサービス優の家【地域密着型通所介護】群馬県伊勢崎市八斗島町1595-6", "url": "https://www.kaigokensaku.mhlw.go.jp/10/index.php?action_kouhyou_detail_004_kani=true&JigyosyoCd=1070403744-00&ServiceCd=780&Type=search", "url2": null }, "geometry": { "type": "Point", "coordinates": [ 139.1938139, 36.271477 ] } },
{ "type": "Feature", "properties": { "内容": "デイサービス優ちゃん家【地域密着型通所介護】群馬県伊勢崎市八斗島町1622番地28グランドハイツ優101号", "url": "https://www.kaigokensaku.mhlw.go.jp/10/index.php?action_kouhyou_detail_004_kani=true&JigyosyoCd=1070402886-00&ServiceCd=780&Type=search", "url2": null }, "geometry": { "type": "Point", "coordinates": [ 139.189933900000028, 36.2699409 ] } },
{ "type": "Feature", "properties": { "内容": "デイハウスななくさ伊勢崎美茂呂【地域密着型通所介護】群馬県伊勢崎市美茂呂町３９７３番地１", "url": "https://www.kaigokensaku.mhlw.go.jp/10/index.php?action_kouhyou_detail_004_kani=true&JigyosyoCd=1090400274-00&ServiceCd=780&Type=search", "url2": "https://www.7793.co.jp" }, "geometry": { "type": "Point", "coordinates": [ 139.195862499999947, 36.303426 ] } },
{ "type": "Feature", "properties": { "内容": "デイハウスななくさ【地域密着型通所介護】群馬県伊勢崎市豊城町１８６６番地１", "url": "https://www.kaigokensaku.mhlw.go.jp/10/index.php?action_kouhyou_detail_004_kani=true&JigyosyoCd=1090400316-00&ServiceCd=780&Type=search", "url2": "https://www.7793.co.jp" }, "geometry": { "type": "Point", "coordinates": [ 139.224143700000013, 36.3321039 ] } },
{ "type": "Feature", "properties": { "内容": "レッツ倶楽部伊勢崎【地域密着型通所介護】群馬県伊勢崎市北千木町887番地6", "url": "https://www.kaigokensaku.mhlw.go.jp/10/index.php?action_kouhyou_detail_004_kani=true&JigyosyoCd=1070403488-00&ServiceCd=780&Type=search", "url2": "http://www.lets-club.jp/shop/isesaki/" }, "geometry": { "type": "Point", "coordinates": [ 139.210926800000038, 36.3073704 ] } },
{ "type": "Feature", "properties": { "内容": "デイサービス太陽【地域密着型通所介護】群馬県伊勢崎市堀口町６４６－１", "url": "https://www.kaigokensaku.mhlw.go.jp/10/index.php?action_kouhyou_detail_004_kani=true&JigyosyoCd=1070400146-00&ServiceCd=780&Type=search", "url2": "http://www.jyoutoukai.or.jp/" }, "geometry": { "type": "Point", "coordinates": [ 139.191261, 36.2873972 ] } },
{ "type": "Feature", "properties": { "内容": "リハビリパークフレンド【地域密着型通所介護】緑町3-16（石原整形外科跡地）", "url": "https://www.kaigokensaku.mhlw.go.jp/10/index.php?action_kouhyou_detail_004_kani=true&JigyosyoCd=1090400506-00&ServiceCd=780&Type=search", "url2": null }, "geometry": { "type": "Point", "coordinates": [ 139.195677212007212, 36.318832370777102 ] } },
{ "type": "Feature", "properties": { "内容": "ケアフレンド野田【地域密着型通所介護】群馬県伊勢崎市緑町8番2号", "url": "https://www.kaigokensaku.mhlw.go.jp/10/index.php?action_kouhyou_detail_004_kani=true&JigyosyoCd=1070403306-00&ServiceCd=780&Type=search", "url2": "http://harmony-kaigo.com/" }, "geometry": { "type": "Point", "coordinates": [ 139.195364364418026, 36.318288930440161 ] } },
{ "type": "Feature", "properties": { "内容": "デイサービスフレンド結【地域密着型通所介護】群馬県伊勢崎市連取町3096-14", "url": "https://www.kaigokensaku.mhlw.go.jp/10/index.php?action_kouhyou_detail_004_kani=true&JigyosyoCd=1090400365-00&ServiceCd=780&Type=search", "url2": null }, "geometry": { "type": "Point", "coordinates": [ 139.177073761904012, 36.312583086266166 ] } },
{ "type": "Feature", "properties": { "内容": "介護予防運動型デイサービス　ハートリハつなとり【地域密着型通所介護】群馬県伊勢崎市連取町3341-14", "url": "https://www.kaigokensaku.mhlw.go.jp/10/index.php?action_kouhyou_detail_004_kani=true&JigyosyoCd=1090400423-00&ServiceCd=780&Type=search", "url2": "https://heart-reha.com/" }, "geometry": { "type": "Point", "coordinates": [ 139.1696948, 36.3186153 ] } },
{ "type": "Feature", "properties": { "内容": "デイサービスひなた【地域密着型通所介護】群馬県伊勢崎市連取本町121番地9", "url": "https://www.kaigokensaku.mhlw.go.jp/10/index.php?action_kouhyou_detail_004_kani=true&JigyosyoCd=1070402779-00&ServiceCd=780&Type=search", "url2": "www.rea-inc.jp/d-hinata/" }, "geometry": { "type": "Point", "coordinates": [ 139.182286816007974, 36.319080534910093 ] } },
{ "type": "Feature", "properties": { "内容": "こころの蔵くれよんにしのデイサービスセンター【地域密着型通所介護】群馬県伊勢崎市西野町490-4", "url": "https://www.kaigokensaku.mhlw.go.jp/10/index.php?action_kouhyou_detail_004_kani=true&JigyosyoCd=1070402928-00&ServiceCd=780&Type=search", "url2": "http://www.kureyon.co.jp/" }, "geometry": { "type": "Point", "coordinates": [ 139.22363150000001, 36.3984645 ] } },
{ "type": "Feature", "properties": { "内容": "コミュニケーション型デイサービス笑を　伊勢崎今泉町【地域密着型通所介護】群馬県伊勢崎市今泉町2-815", "url": "https://www.kaigokensaku.mhlw.go.jp/10/index.php?action_kouhyou_detail_004_kani=true&JigyosyoCd=1090400605-00&ServiceCd=780&Type=search", "url2": "https://warawo.ygood.jp/" }, "geometry": { "type": "Point", "coordinates": [ 139.201443799999964, 36.3091757 ] } },
{ "type": "Feature", "properties": { "内容": "療養デイサービスきずな【地域密着型通所介護】群馬県太田市内ヶ島町2051", "url": "https://www.kaigokensaku.mhlw.go.jp/10/index.php?action_kouhyou_detail_004_kani=true&JigyosyoCd=1090500669-00&ServiceCd=780&Type=search", "url2": "https://tubasakizuna.web.fc2.com/index.html" }, "geometry": { "type": "Point", "coordinates": [ 139.403304100000014, 36.280667199999989 ] } },
{ "type": "Feature", "properties": { "内容": "リハビリ専門デイサービス憩い【地域密着型通所介護】市場町690-6", "url": "https://www.kaigokensaku.mhlw.go.jp/10/index.php?action_kouhyou_detail_004_kani=true&JigyosyoCd=1090500727-00&ServiceCd=780&Type=search", "url2": null }, "geometry": { "type": "Point", "coordinates": [ 139.415503, 36.334164 ] } },
{ "type": "Feature", "properties": { "内容": "ラブアンドスマイル太田【地域密着型通所介護】群馬県太田市新道町1253-4", "url": "https://www.kaigokensaku.mhlw.go.jp/10/index.php?action_kouhyou_detail_004_kani=true&JigyosyoCd=1090500503-00&ServiceCd=780&Type=search", "url2": null }, "geometry": { "type": "Point", "coordinates": [ 139.348689, 36.2983099 ] } },
{ "type": "Feature", "properties": { "内容": "デイサービスセンターアルヴェアーレ東矢島【地域密着型通所介護】群馬県太田市東矢島町1179-1", "url": "https://www.kaigokensaku.mhlw.go.jp/10/index.php?action_kouhyou_detail_004_kani=true&JigyosyoCd=1090500735-00&ServiceCd=780&Type=search", "url2": null }, "geometry": { "type": "Point", "coordinates": [ 139.384356, 36.2701679 ] } },
{ "type": "Feature", "properties": { "内容": "さくらコミュニティデイハウス　栞【地域密着型通所介護】群馬県太田市新島町３４８－２", "url": "https://www.kaigokensaku.mhlw.go.jp/10/index.php?action_kouhyou_detail_004_kani=true&JigyosyoCd=1070502263-00&ServiceCd=780&Type=search", "url2": "http://www.sakula-co.jp/day" }, "geometry": { "type": "Point", "coordinates": [ 139.3895503, 36.2953971 ] } },
{ "type": "Feature", "properties": { "内容": "デイサービス　我が家【地域密着型通所介護】群馬県太田市新田天良町１６７－１９６", "url": "https://www.kaigokensaku.mhlw.go.jp/10/index.php?action_kouhyou_detail_004_kani=true&JigyosyoCd=1070502776-00&ServiceCd=780&Type=search", "url2": null }, "geometry": { "type": "Point", "coordinates": [ 139.326129, 36.3351888 ] } },
{ "type": "Feature", "properties": { "内容": "太田中央デイサ－ビスセンター【地域密着型通所介護】群馬県太田市新島町359-9", "url": "https://www.kaigokensaku.mhlw.go.jp/10/index.php?action_kouhyou_detail_004_kani=true&JigyosyoCd=1070500556-00&ServiceCd=780&Type=search", "url2": null }, "geometry": { "type": "Point", "coordinates": [ 139.388242200000036, 36.2942222 ] } },
{ "type": "Feature", "properties": { "内容": "デイリハステーションこいたっぷ【地域密着型通所介護】群馬県太田市西本町５９番カワムラビル2-A", "url": "https://www.kaigokensaku.mhlw.go.jp/10/index.php?action_kouhyou_detail_004_kani=true&JigyosyoCd=1090500636-00&ServiceCd=780&Type=search", "url2": "https://www.koitappu.com/" }, "geometry": { "type": "Point", "coordinates": [ 139.359163, 36.296666 ] } },
{ "type": "Feature", "properties": { "内容": "医療法人KOSSMOS会　剣持整形デイサービス泉町【地域密着型通所介護】群馬県太田市泉町1515-3", "url": "https://www.kaigokensaku.mhlw.go.jp/10/index.php?action_kouhyou_detail_004_kani=true&JigyosyoCd=1090500479-00&ServiceCd=780&Type=search", "url2": "www.kossmos.jp/" }, "geometry": { "type": "Point", "coordinates": [ 139.310989457043121, 36.268107626365037 ] } },
{ "type": "Feature", "properties": { "内容": "ステラ・ハウス【地域密着型通所介護】群馬県太田市大久保町390-50", "url": "https://www.kaigokensaku.mhlw.go.jp/10/index.php?action_kouhyou_detail_004_kani=true&JigyosyoCd=1070502958-00&ServiceCd=780&Type=search", "url2": "http://www.stella-house.net" }, "geometry": { "type": "Point", "coordinates": [ 139.273194600000011, 36.338663 ] } },
{ "type": "Feature", "properties": { "内容": "グッドデイズ太田【地域密着型通所介護】群馬県太田市大島町351-8サンコー第2ビルB号", "url": "https://www.kaigokensaku.mhlw.go.jp/10/index.php?action_kouhyou_detail_004_kani=true&JigyosyoCd=1070503147-00&ServiceCd=780&Type=search", "url2": "https://gooddays-ota-day.com" }, "geometry": { "type": "Point", "coordinates": [ 139.36511280000002, 36.3020625 ] } },
{ "type": "Feature", "properties": { "内容": "かなやまの里デイサービス【地域密着型通所介護】群馬県太田市東今泉町６６５番地１８", "url": "https://www.kaigokensaku.mhlw.go.jp/10/index.php?action_kouhyou_detail_004_kani=true&JigyosyoCd=1090500453-00&ServiceCd=780&Type=search", "url2": "https://kanayama-sato.com" }, "geometry": { "type": "Point", "coordinates": [ 139.385022599999957, 36.3279656 ] } },
{ "type": "Feature", "properties": { "内容": "医療法人KOSSMOS会　剣持整形デイサービス東本町【地域密着型通所介護】群馬県太田市東本町３９−１", "url": "https://www.kaigokensaku.mhlw.go.jp/10/index.php?action_kouhyou_detail_004_kani=true&JigyosyoCd=1090500446-00&ServiceCd=780&Type=search", "url2": "www.kossmos.jp" }, "geometry": { "type": "Point", "coordinates": [ 139.378637266374653, 36.297788427117055 ] } },
{ "type": "Feature", "properties": { "内容": "デイサービスセンター　よくする【地域密着型通所介護】群馬県太田市藤阿久町430-8", "url": "https://www.kaigokensaku.mhlw.go.jp/10/index.php?action_kouhyou_detail_004_kani=true&JigyosyoCd=1070502859-00&ServiceCd=780&Type=search", "url2": "http://www.gakuyoudou.com" }, "geometry": { "type": "Point", "coordinates": [ 139.3592357, 36.2883973 ] } },
{ "type": "Feature", "properties": { "内容": "ＧＥＮＫＩ　ＮＥＸＴ　太田【地域密着型通所介護】群馬県太田市藤阿久町617-17　1F", "url": "https://www.kaigokensaku.mhlw.go.jp/10/index.php?action_kouhyou_detail_004_kani=true&JigyosyoCd=1070501729-00&ServiceCd=780&Type=search", "url2": "http://www.genki-next.com/" }, "geometry": { "type": "Point", "coordinates": [ 139.355494200000066, 36.29313 ] } },
{ "type": "Feature", "properties": { "内容": "デイサービスコスモス【地域密着型通所介護】群馬県太田市藤久良町６８－５", "url": "https://www.kaigokensaku.mhlw.go.jp/10/index.php?action_kouhyou_detail_004_kani=true&JigyosyoCd=1070500705-00&ServiceCd=780&Type=search", "url2": "http://npo-cosmos.jp/" }, "geometry": { "type": "Point", "coordinates": [ 139.349342, 36.2892054 ] } },
{ "type": "Feature", "properties": { "内容": "ナイスデイ　内ケ島【地域密着型通所介護】群馬県太田市内ケ島町2098関口ビル1階", "url": "https://www.kaigokensaku.mhlw.go.jp/10/index.php?action_kouhyou_detail_004_kani=true&JigyosyoCd=1090500685-00&ServiceCd=780&Type=search", "url2": "smartbrain-1113.com" }, "geometry": { "type": "Point", "coordinates": [ 139.4039788, 36.2782807 ] } },
{ "type": "Feature", "properties": { "内容": "リハセンターR-studio【地域密着型通所介護】群馬県太田市飯塚町1493", "url": "https://www.kaigokensaku.mhlw.go.jp/10/index.php?action_kouhyou_detail_004_kani=true&JigyosyoCd=1090500552-00&ServiceCd=780&Type=search", "url2": "http://r-connect1011.jimdo.com" }, "geometry": { "type": "Point", "coordinates": [ 139.380022723942602, 36.282073759408874 ] } },
{ "type": "Feature", "properties": { "内容": "あすプラスケア通所介護事業所【地域密着型通所介護】群馬県太田市飯田町1077番地4", "url": "https://www.kaigokensaku.mhlw.go.jp/10/index.php?action_kouhyou_detail_004_kani=true&JigyosyoCd=1090500511-00&ServiceCd=780&Type=search", "url2": "https://www.happinesskey.co.jp/" }, "geometry": { "type": "Point", "coordinates": [ 138.252924, 36.204824 ] } },
{ "type": "Feature", "properties": { "内容": "デイサービス浜町【地域密着型通所介護】群馬県太田市浜町45-31", "url": "https://www.kaigokensaku.mhlw.go.jp/10/index.php?action_kouhyou_detail_004_kani=true&JigyosyoCd=1070502453-00&ServiceCd=780&Type=search", "url2": "http://www.hamachou.jp/" }, "geometry": { "type": "Point", "coordinates": [ 139.367118500000061, 36.2912915 ] } },
{ "type": "Feature", "properties": { "内容": "ナイスデイ【地域密着型通所介護】群馬県太田市由良町894₋3", "url": "https://www.kaigokensaku.mhlw.go.jp/10/index.php?action_kouhyou_detail_004_kani=true&JigyosyoCd=1090500578-00&ServiceCd=780&Type=search", "url2": "smartbrain-1113.com" }, "geometry": { "type": "Point", "coordinates": [ 139.345356596295176, 36.291543443510335 ] } },
{ "type": "Feature", "properties": { "内容": "デイサービス太田サンフラワー【地域密着型通所介護】群馬県太田市台之郷町308番地2", "url": "https://www.kaigokensaku.mhlw.go.jp/10/index.php?action_kouhyou_detail_004_kani=true&JigyosyoCd=1090500644-00&ServiceCd=780&Type=search", "url2": "https://www.ota-himawari.com/" }, "geometry": { "type": "Point", "coordinates": [ 139.415730200000013, 36.3045084 ] } },
{ "type": "Feature", "properties": { "内容": "歩き続けるカラダづくりの場　ソトエ【地域密着型通所介護】群馬県太田市熊野町28-8タローロボハイム1F", "url": "https://www.kaigokensaku.mhlw.go.jp/10/index.php?action_kouhyou_detail_004_kani=true&JigyosyoCd=1090500693-00&ServiceCd=780&Type=search", "url2": "https://sotoe.life/" }, "geometry": { "type": "Point", "coordinates": [ 139.3839989, 36.3055458 ] } },
{ "type": "Feature", "properties": { "内容": "みんなんち園原【地域密着型通所介護】群馬県沼田市利根町園原871", "url": "https://www.kaigokensaku.mhlw.go.jp/10/index.php?action_kouhyou_detail_004_kani=true&JigyosyoCd=1090600311-00&ServiceCd=780&Type=search", "url2": "https://ssl.kijokai.or.jp/minnanchi-sonohara/" }, "geometry": { "type": "Point", "coordinates": [ 139.184347, 36.6564179 ] } },
{ "type": "Feature", "properties": { "内容": "ライフネス【地域密着型通所介護】群馬県沼田市井土上町２３５－９", "url": "https://www.kaigokensaku.mhlw.go.jp/10/index.php?action_kouhyou_detail_004_kani=true&JigyosyoCd=1090600188-00&ServiceCd=780&Type=search", "url2": "http://yu-jin-sha.com" }, "geometry": { "type": "Point", "coordinates": [ 139.017362700000035, 36.6638518 ] } },
{ "type": "Feature", "properties": { "内容": "楽笑会わがや【地域密着型通所介護】群馬県沼田市久屋原町228番地4", "url": "https://www.kaigokensaku.mhlw.go.jp/10/index.php?action_kouhyou_detail_004_kani=true&JigyosyoCd=1090600162-00&ServiceCd=780&Type=search", "url2": null }, "geometry": { "type": "Point", "coordinates": [ 139.096959080950938, 36.664101692784122 ] } },
{ "type": "Feature", "properties": { "内容": "デイサービス太介庵【地域密着型通所介護】群馬県沼田市沼須町749番地", "url": "https://www.kaigokensaku.mhlw.go.jp/10/index.php?action_kouhyou_detail_004_kani=true&JigyosyoCd=1090600253-00&ServiceCd=780&Type=search", "url2": "https://goudoutasuke.wixsite.com/tasuke" }, "geometry": { "type": "Point", "coordinates": [ 139.0527703, 36.6321412 ] } },
{ "type": "Feature", "properties": { "内容": "デイサービス　たんぽぽ【地域密着型通所介護】群馬県沼田市白沢町上古語父１７６－２", "url": "https://www.kaigokensaku.mhlw.go.jp/10/index.php?action_kouhyou_detail_004_kani=true&JigyosyoCd=1070600828-00&ServiceCd=780&Type=search", "url2": null }, "geometry": { "type": "Point", "coordinates": [ 139.118199349073848, 36.66409389276901 ] } },
{ "type": "Feature", "properties": { "内容": "デイサービスセンター　あゆみ【地域密着型通所介護】群馬県沼田市柳町2262-8番地", "url": "https://www.kaigokensaku.mhlw.go.jp/10/index.php?action_kouhyou_detail_004_kani=true&JigyosyoCd=1070600695-00&ServiceCd=780&Type=search", "url2": "http://tayumi.web.fc2.com/index.htm" }, "geometry": { "type": "Point", "coordinates": [ 139.051451836459364, 36.653532123240765 ] } },
{ "type": "Feature", "properties": { "内容": "デイサービス松ぼっくり【地域密着型通所介護】群馬県館林市加法師町11-10", "url": "https://www.kaigokensaku.mhlw.go.jp/10/index.php?action_kouhyou_detail_004_kani=true&JigyosyoCd=1070701196-00&ServiceCd=780&Type=search", "url2": null }, "geometry": { "type": "Point", "coordinates": [ 139.551496800000024, 36.252579 ] } },
{ "type": "Feature", "properties": { "内容": "メープルトレーニングスタジオ【地域密着型通所介護】群馬県館林市松原１丁目16-23", "url": "https://www.kaigokensaku.mhlw.go.jp/10/index.php?action_kouhyou_detail_004_kani=true&JigyosyoCd=1090700244-00&ServiceCd=780&Type=search", "url2": "http://www.popurakai.or.jp" }, "geometry": { "type": "Point", "coordinates": [ 139.542475684655756, 36.238373040992073 ] } },
{ "type": "Feature", "properties": { "内容": "デイサービス千寿【地域密着型通所介護】群馬県館林市足次町900-2", "url": "https://www.kaigokensaku.mhlw.go.jp/10/index.php?action_kouhyou_detail_004_kani=true&JigyosyoCd=1070700834-00&ServiceCd=780&Type=search", "url2": null }, "geometry": { "type": "Point", "coordinates": [ 139.539663177909944, 36.261148670611597 ] } },
{ "type": "Feature", "properties": { "内容": "デイサービス健幸倶楽部館林大手町【地域密着型通所介護】群馬県館林市大手町7－20日栄ビル１２-102", "url": "https://www.kaigokensaku.mhlw.go.jp/10/index.php?action_kouhyou_detail_004_kani=true&JigyosyoCd=1070701162-00&ServiceCd=780&Type=search", "url2": null }, "geometry": { "type": "Point", "coordinates": [ 139.537119650926229, 36.247479846208286 ] } },
{ "type": "Feature", "properties": { "内容": "コンパスウォーク館林【地域密着型通所介護】群馬県館林市富士見町4-26日栄ビル１５　１F", "url": "https://www.kaigokensaku.mhlw.go.jp/10/index.php?action_kouhyou_detail_004_kani=true&JigyosyoCd=1090700319-00&ServiceCd=780&Type=search", "url2": "https://keigo-group.co.jp/shop/gunmaken/426/" }, "geometry": { "type": "Point", "coordinates": [ 139.5249172, 36.2437255 ] } },
{ "type": "Feature", "properties": { "内容": "地域密着デイの喜楽【地域密着型通所介護】群馬県館林市北成島町1829-1", "url": "https://www.kaigokensaku.mhlw.go.jp/10/index.php?action_kouhyou_detail_004_kani=true&JigyosyoCd=1090700285-00&ServiceCd=780&Type=search", "url2": "https://otagaisamaegao.net" }, "geometry": { "type": "Point", "coordinates": [ 139.5195367, 36.253126 ] } },
{ "type": "Feature", "properties": { "内容": "デイサービス未来　館林【地域密着型通所介護】群馬県館林市本町4-6-7", "url": "https://www.kaigokensaku.mhlw.go.jp/10/index.php?action_kouhyou_detail_004_kani=true&JigyosyoCd=1090700251-00&ServiceCd=780&Type=search", "url2": "https://sites.google.com/view/mirai-tatebayashi/%E3%83%9B%E3%83%BC%E3%83%A0" }, "geometry": { "type": "Point", "coordinates": [ 139.533793822090189, 36.241634431429219 ] } },
{ "type": "Feature", "properties": { "内容": "一本松【地域密着型通所介護】群馬県館林市緑町二丁目10番4号", "url": "https://www.kaigokensaku.mhlw.go.jp/10/index.php?action_kouhyou_detail_004_kani=true&JigyosyoCd=1090700236-00&ServiceCd=780&Type=search", "url2": "http://hp.kaipoke.biz/d0m/" }, "geometry": { "type": "Point", "coordinates": [ 139.534423299999958, 36.2393435 ] } },
{ "type": "Feature", "properties": { "内容": "一本松デイサービス　上赤生田【地域密着型通所介護】群馬県館林市上赤生田町4449番地", "url": "https://www.kaigokensaku.mhlw.go.jp/10/index.php?action_kouhyou_detail_004_kani=true&JigyosyoCd=1090700335-00&ServiceCd=780&Type=search", "url2": null }, "geometry": { "type": "Point", "coordinates": [ 139.5473164, 36.23229220000001 ] } },
{ "type": "Feature", "properties": { "内容": "デイサービスここあ【地域密着型通所介護】群馬県館林市楠町1159-5", "url": "https://www.kaigokensaku.mhlw.go.jp/10/index.php?action_kouhyou_detail_004_kani=true&JigyosyoCd=1090700343-00&ServiceCd=780&Type=search", "url2": "https://www.houkan-cocoa.com" }, "geometry": { "type": "Point", "coordinates": [ 139.56922725141456, 36.236096288367726 ] } },
{ "type": "Feature", "properties": { "内容": "とねりこ【地域密着型通所介護】群馬県渋川市八木原948-2", "url": "https://www.kaigokensaku.mhlw.go.jp/10/index.php?action_kouhyou_detail_004_kani=true&JigyosyoCd=1070801095-00&ServiceCd=780&Type=search", "url2": "http://tonerikohome.wixsite.com/toneriko/" }, "geometry": { "type": "Point", "coordinates": [ 139.015628399999969, 36.462882200000017 ] } },
{ "type": "Feature", "properties": { "内容": "リハビリ特化型デイサービス　スマイル辰巳【地域密着型通所介護】群馬県渋川市渋川1820-26", "url": "https://www.kaigokensaku.mhlw.go.jp/10/index.php?action_kouhyou_detail_004_kani=true&JigyosyoCd=1070801194-00&ServiceCd=780&Type=search", "url2": "http://smile-123.jp" }, "geometry": { "type": "Point", "coordinates": [ 139.004396317196665, 36.49215893295483 ] } },
{ "type": "Feature", "properties": { "内容": "デイサービス　スタジオRe:Do【地域密着型通所介護】群馬県渋川市石原２０２番地2", "url": "https://www.kaigokensaku.mhlw.go.jp/10/index.php?action_kouhyou_detail_004_kani=true&JigyosyoCd=1090800127-00&ServiceCd=780&Type=search", "url2": "https://redokatakai.amebaownd.com/" }, "geometry": { "type": "Point", "coordinates": [ 139.0032333, 36.4902233 ] } },
{ "type": "Feature", "properties": { "内容": "デイホーム　ひなたぼっこ【地域密着型通所介護】群馬県渋川市赤城町津久田１６５番地３３", "url": "https://www.kaigokensaku.mhlw.go.jp/10/index.php?action_kouhyou_detail_004_kani=true&JigyosyoCd=1072000779-00&ServiceCd=780&Type=search", "url2": null }, "geometry": { "type": "Point", "coordinates": [ 139.0309244, 36.5418628 ] } },
{ "type": "Feature", "properties": { "内容": "ひなたぼっこの家【地域密着型通所介護】群馬県渋川市赤城町津久田1番地5", "url": "https://www.kaigokensaku.mhlw.go.jp/10/index.php?action_kouhyou_detail_004_kani=true&JigyosyoCd=1070801012-00&ServiceCd=780&Type=search", "url2": null }, "geometry": { "type": "Point", "coordinates": [ 139.032687559524533, 36.541648633044623 ] } },
{ "type": "Feature", "properties": { "内容": "デイサービスほほえみ【地域密着型通所介護】群馬県渋川市赤城町津久田２３６番地１０", "url": "https://www.kaigokensaku.mhlw.go.jp/10/index.php?action_kouhyou_detail_004_kani=true&JigyosyoCd=1070800600-00&ServiceCd=780&Type=search", "url2": null }, "geometry": { "type": "Point", "coordinates": [ 139.044250299999987, 36.5480648 ] } },
{ "type": "Feature", "properties": { "内容": "デイサービス実里【地域密着型通所介護】群馬県渋川市赤城町津久田２６６番地２", "url": "https://www.kaigokensaku.mhlw.go.jp/10/index.php?action_kouhyou_detail_004_kani=true&JigyosyoCd=1090800135-00&ServiceCd=780&Type=search", "url2": "https://kaigo-minori2025.jp" }, "geometry": { "type": "Point", "coordinates": [ 139.043528500000036, 36.548949600000014 ] } },
{ "type": "Feature", "properties": { "内容": "デイサービスセンター春日の家【地域密着型通所介護】群馬県渋川市中郷４５４－２８", "url": "https://www.kaigokensaku.mhlw.go.jp/10/index.php?action_kouhyou_detail_004_kani=true&JigyosyoCd=1072200379-00&ServiceCd=780&Type=search", "url2": "http://www.kasugaen.com" }, "geometry": { "type": "Point", "coordinates": [ 139.013901300000043, 36.5296139 ] } },
{ "type": "Feature", "properties": { "内容": "デイサービスグランドホーム渋川【地域密着型通所介護】群馬県渋川市半田1468-1", "url": "https://www.kaigokensaku.mhlw.go.jp/10/index.php?action_kouhyou_detail_004_kani=true&JigyosyoCd=1090800119-00&ServiceCd=780&Type=search", "url2": "http://www.e-verde.co.jp" }, "geometry": { "type": "Point", "coordinates": [ 139.025935389132684, 36.466937150197545 ] } },
{ "type": "Feature", "properties": { "内容": "デイサービスたちばな【地域密着型通所介護】群馬県渋川市北橘町下箱田189番地1", "url": "https://www.kaigokensaku.mhlw.go.jp/10/index.php?action_kouhyou_detail_004_kani=true&JigyosyoCd=1090800150-00&ServiceCd=780&Type=search", "url2": "https://note.com/dstachibana_2022/" }, "geometry": { "type": "Point", "coordinates": [ 139.041989976721169, 36.466287060317562 ] } },
{ "type": "Feature", "properties": { "内容": "デイサービス美保の森【地域密着型通所介護】群馬県渋川市北橘町真壁833-2", "url": "https://www.kaigokensaku.mhlw.go.jp/10/index.php?action_kouhyou_detail_004_kani=true&JigyosyoCd=1070801160-00&ServiceCd=780&Type=search", "url2": null }, "geometry": { "type": "Point", "coordinates": [ 139.038290810385519, 36.478455500057159 ] } },
{ "type": "Feature", "properties": { "内容": "渋川市小野上デイサービスセンター【地域密着型通所介護】群馬県渋川市小野子9番地1", "url": "https://www.kaigokensaku.mhlw.go.jp/10/index.php?action_kouhyou_detail_004_kani=true&JigyosyoCd=1090800176-00&ServiceCd=780&Type=search", "url2": "https://shibukawa-csw.or.jp/" }, "geometry": { "type": "Point", "coordinates": [ 138.9665444, 36.5391118 ] } },
{ "type": "Feature", "properties": { "内容": "GENKINEXT藤岡　えがお【地域密着型通所介護】群馬県藤岡市東平井1212-17", "url": "https://www.kaigokensaku.mhlw.go.jp/10/index.php?action_kouhyou_detail_004_kani=true&JigyosyoCd=1090900133-00&ServiceCd=780&Type=search", "url2": null }, "geometry": { "type": "Point", "coordinates": [ 139.044832282139595, 36.225893613525614 ] } },
{ "type": "Feature", "properties": { "内容": "デイサービスセンターかなう家【地域密着型通所介護】群馬県藤岡市金井265-1", "url": "https://www.kaigokensaku.mhlw.go.jp/10/index.php?action_kouhyou_detail_004_kani=true&JigyosyoCd=1090900141-00&ServiceCd=780&Type=search", "url2": null }, "geometry": { "type": "Point", "coordinates": [ 139.0301383, 36.2159734 ] } },
{ "type": "Feature", "properties": { "内容": "デイサービスセンターかわせみ【地域密着型通所介護】群馬県藤岡市鬼石６３２番地８", "url": "https://www.kaigokensaku.mhlw.go.jp/10/index.php?action_kouhyou_detail_004_kani=true&JigyosyoCd=1070901135-00&ServiceCd=780&Type=search", "url2": null }, "geometry": { "type": "Point", "coordinates": [ 139.0517135, 36.1544413 ] } },
{ "type": "Feature", "properties": { "内容": "デイハウスオアシス【地域密着型通所介護】群馬県藤岡市三波川215-2", "url": "https://www.kaigokensaku.mhlw.go.jp/10/index.php?action_kouhyou_detail_004_kani=true&JigyosyoCd=1072300385-00&ServiceCd=780&Type=search", "url2": null }, "geometry": { "type": "Point", "coordinates": [ 139.0400118, 36.1581434 ] } },
{ "type": "Feature", "properties": { "内容": "ナイスデイサービスセンター【地域密着型通所介護】群馬県藤岡市中栗須238-1群馬県藤岡市中栗須238-1", "url": "https://www.kaigokensaku.mhlw.go.jp/10/index.php?action_kouhyou_detail_004_kani=true&JigyosyoCd=1070900244-00&ServiceCd=780&Type=search", "url2": null }, "geometry": { "type": "Point", "coordinates": [ 139.076508474868774, 36.258846953701131 ] } },
{ "type": "Feature", "properties": { "内容": "ＧＥＮＫＩ　NEXT　藤岡【地域密着型通所介護】群馬県藤岡市東平井586-7", "url": "https://www.kaigokensaku.mhlw.go.jp/10/index.php?action_kouhyou_detail_004_kani=true&JigyosyoCd=1070900921-00&ServiceCd=780&Type=search", "url2": null }, "geometry": { "type": "Point", "coordinates": [ 139.046753469311511, 36.225608432396733 ] } },
{ "type": "Feature", "properties": { "内容": "デイサービスあいの丘【地域密着型通所介護】群馬県藤岡市藤岡2798-1", "url": "https://www.kaigokensaku.mhlw.go.jp/10/index.php?action_kouhyou_detail_004_kani=true&JigyosyoCd=1070901101-00&ServiceCd=780&Type=search", "url2": null }, "geometry": { "type": "Point", "coordinates": [ 139.057099099999959, 36.2310016 ] } },
{ "type": "Feature", "properties": { "内容": "デイサービスセンター　花ぐるま【地域密着型通所介護】群馬県藤岡市白石1259-2", "url": "https://www.kaigokensaku.mhlw.go.jp/10/index.php?action_kouhyou_detail_004_kani=true&JigyosyoCd=1070900905-00&ServiceCd=780&Type=search", "url2": null }, "geometry": { "type": "Point", "coordinates": [ 139.039006299999983, 36.2595033 ] } },
{ "type": "Feature", "properties": { "内容": "藤虎の門デイサービス【地域密着型通所介護】群馬県藤岡市本郷1100-5", "url": "https://www.kaigokensaku.mhlw.go.jp/10/index.php?action_kouhyou_detail_004_kani=true&JigyosyoCd=1090900125-00&ServiceCd=780&Type=search", "url2": "http://www.flash.or.jp/fujitora/index.html" }, "geometry": { "type": "Point", "coordinates": [ 139.072581707514729, 36.228089324177866 ] } },
{ "type": "Feature", "properties": { "内容": "デイサービスセンターほあんの家【地域密着型通所介護】群馬県藤岡市立石668-1", "url": "https://www.kaigokensaku.mhlw.go.jp/10/index.php?action_kouhyou_detail_004_kani=true&JigyosyoCd=1070900269-00&ServiceCd=780&Type=search", "url2": "http://www.npo-fan.jp/" }, "geometry": { "type": "Point", "coordinates": [ 139.07804340000007, 36.283163100000017 ] } },
{ "type": "Feature", "properties": { "内容": "デイサービスセンター鏑泉苑【地域密着型通所介護】群馬県富岡市下高瀬７２４", "url": "https://www.kaigokensaku.mhlw.go.jp/10/index.php?action_kouhyou_detail_004_kani=true&JigyosyoCd=1071000069-00&ServiceCd=780&Type=search", "url2": "https://www.keisaikai.com/" }, "geometry": { "type": "Point", "coordinates": [ 138.886503, 36.2421844 ] } },
{ "type": "Feature", "properties": { "内容": "エンジョイ・ア・デイ・原【地域密着型通所介護】群馬県富岡市原621-1", "url": "https://www.kaigokensaku.mhlw.go.jp/10/index.php?action_kouhyou_detail_004_kani=true&JigyosyoCd=1071000705-00&ServiceCd=780&Type=search", "url2": null }, "geometry": { "type": "Point", "coordinates": [ 138.806578924218712, 36.253402831135432 ] } },
{ "type": "Feature", "properties": { "内容": "リビングこぐまクラブデイサービスセンタ－【地域密着型通所介護】群馬県富岡市七日市636番地2", "url": "https://www.kaigokensaku.mhlw.go.jp/10/index.php?action_kouhyou_detail_004_kani=true&JigyosyoCd=1071000549-00&ServiceCd=780&Type=search", "url2": null }, "geometry": { "type": "Point", "coordinates": [ 138.884641, 36.2597545 ] } },
{ "type": "Feature", "properties": { "内容": "ナイス・デイ里山【地域密着型通所介護】群馬県富岡市上高尾909-5", "url": "https://www.kaigokensaku.mhlw.go.jp/10/index.php?action_kouhyou_detail_004_kani=true&JigyosyoCd=1071000614-00&ServiceCd=780&Type=search", "url2": null }, "geometry": { "type": "Point", "coordinates": [ 138.907443400000034, 36.2816689 ] } },
{ "type": "Feature", "properties": { "内容": "デイサービスやまと【地域密着型通所介護】群馬県安中市原市3519-3", "url": "https://www.kaigokensaku.mhlw.go.jp/10/index.php?action_kouhyou_detail_004_kani=true&JigyosyoCd=1071100992-00&ServiceCd=780&Type=search", "url2": "https://www.yyh-yamato.co.jp/" }, "geometry": { "type": "Point", "coordinates": [ 138.857344499999954, 36.3170457 ] } },
{ "type": "Feature", "properties": { "内容": "デイサービスごうばら【地域密着型通所介護】群馬県安中市郷原2982-1", "url": "https://www.kaigokensaku.mhlw.go.jp/10/index.php?action_kouhyou_detail_004_kani=true&JigyosyoCd=1091100220-00&ServiceCd=780&Type=search", "url2": null }, "geometry": { "type": "Point", "coordinates": [ 138.8364785, 36.3113169 ] } },
{ "type": "Feature", "properties": { "内容": "GENKINEXT安中【地域密着型通所介護】群馬県安中市安中1-16-7", "url": "https://www.kaigokensaku.mhlw.go.jp/10/index.php?action_kouhyou_detail_004_kani=true&JigyosyoCd=1071100828-00&ServiceCd=780&Type=search", "url2": "http://www.samuesu.jp/" }, "geometry": { "type": "Point", "coordinates": [ 138.886354799999907, 36.3223902 ] } },
{ "type": "Feature", "properties": { "内容": "デイサービスセンターみなと【地域密着型通所介護】群馬県安中市磯部3丁目3番19号", "url": "https://www.kaigokensaku.mhlw.go.jp/10/index.php?action_kouhyou_detail_004_kani=true&JigyosyoCd=1071100745-00&ServiceCd=780&Type=search", "url2": "https://minato-kaigo.netlify.app/" }, "geometry": { "type": "Point", "coordinates": [ 138.850704042189022, 36.300861070673811 ] } },
{ "type": "Feature", "properties": { "内容": "さわやかデイサービス【地域密着型通所介護】群馬県安中市下磯部12-1", "url": "https://www.kaigokensaku.mhlw.go.jp/10/index.php?action_kouhyou_detail_004_kani=true&JigyosyoCd=1071100612-00&ServiceCd=780&Type=search", "url2": null }, "geometry": { "type": "Point", "coordinates": [ 138.8686583, 36.3078646 ] } },
{ "type": "Feature", "properties": { "内容": "通所介護事業所　あおぞら【地域密着型通所介護】群馬県安中市下秋間１７８４", "url": "https://www.kaigokensaku.mhlw.go.jp/10/index.php?action_kouhyou_detail_004_kani=true&JigyosyoCd=1071100463-00&ServiceCd=780&Type=search", "url2": null }, "geometry": { "type": "Point", "coordinates": [ 138.882123099999944, 36.3482652 ] } },
{ "type": "Feature", "properties": { "内容": "デイサービスセンターぱぴよん【地域密着型通所介護】群馬県安中市郷原2915番地1デイサービスセンターぱぴよん", "url": "https://www.kaigokensaku.mhlw.go.jp/10/index.php?action_kouhyou_detail_004_kani=true&JigyosyoCd=1071100752-00&ServiceCd=780&Type=search", "url2": null }, "geometry": { "type": "Point", "coordinates": [ 138.840213932479827, 36.309721187093963 ] } },
{ "type": "Feature", "properties": { "内容": "デイサービスセンターまきば安中【地域密着型通所介護】群馬県安中市古屋字古屋74-1", "url": "https://www.kaigokensaku.mhlw.go.jp/10/index.php?action_kouhyou_detail_004_kani=true&JigyosyoCd=1071100679-00&ServiceCd=780&Type=search", "url2": null }, "geometry": { "type": "Point", "coordinates": [ 138.873626662191754, 36.330000101268311 ] } },
{ "type": "Feature", "properties": { "内容": "デイサービス　たきみ【地域密着型通所介護】群馬県安中市松井田町横川1076-155", "url": "https://www.kaigokensaku.mhlw.go.jp/10/index.php?action_kouhyou_detail_004_kani=true&JigyosyoCd=1072500182-00&ServiceCd=780&Type=search", "url2": "https://www.taiken.ac.jp./takimi" }, "geometry": { "type": "Point", "coordinates": [ 138.735339599999946, 36.3395838 ] } },
{ "type": "Feature", "properties": { "内容": "デイサービスほその【地域密着型通所介護】群馬県安中市松井田町土塩1369-1", "url": "https://www.kaigokensaku.mhlw.go.jp/10/index.php?action_kouhyou_detail_004_kani=true&JigyosyoCd=1071101057-00&ServiceCd=780&Type=search", "url2": "http://www.enishi2004.com" }, "geometry": { "type": "Point", "coordinates": [ 138.764961399999947, 36.3496022 ] } },
{ "type": "Feature", "properties": { "内容": "デイサービス宮口【地域密着型通所介護】群馬県安中市松井田町二軒在家１５８０番地4", "url": "https://www.kaigokensaku.mhlw.go.jp/10/index.php?action_kouhyou_detail_004_kani=true&JigyosyoCd=1072500117-00&ServiceCd=780&Type=search", "url2": null }, "geometry": { "type": "Point", "coordinates": [ 138.808318699999973, 36.2985939 ] } },
{ "type": "Feature", "properties": { "内容": "まごころデイサービス秋間【地域密着型通所介護】群馬県安中市中秋間４６２－１", "url": "https://www.kaigokensaku.mhlw.go.jp/10/index.php?action_kouhyou_detail_004_kani=true&JigyosyoCd=1071100950-00&ServiceCd=780&Type=search", "url2": null }, "geometry": { "type": "Point", "coordinates": [ 138.86521547239991, 36.349723358458242 ] } },
{ "type": "Feature", "properties": { "内容": "デイサービスセンター　野ゝ香【地域密着型通所介護】群馬県安中市野殿719-1", "url": "https://www.kaigokensaku.mhlw.go.jp/10/index.php?action_kouhyou_detail_004_kani=true&JigyosyoCd=1071100406-00&ServiceCd=780&Type=search", "url2": "http://www.enishi2004.com" }, "geometry": { "type": "Point", "coordinates": [ 138.924895200000037, 36.3245408 ] } },
{ "type": "Feature", "properties": { "内容": "観覧車【地域密着型通所介護】群馬県みどり市笠懸町鹿７７番地８", "url": "https://www.kaigokensaku.mhlw.go.jp/10/index.php?action_kouhyou_detail_004_kani=true&JigyosyoCd=1071200495-00&ServiceCd=780&Type=search", "url2": "http://take-i.com" }, "geometry": { "type": "Point", "coordinates": [ 139.290436499999942, 36.3880057 ] } },
{ "type": "Feature", "properties": { "内容": "デイサービス　笑々【地域密着型通所介護】群馬県みどり市笠懸町西鹿田７８９－１２", "url": "https://www.kaigokensaku.mhlw.go.jp/10/index.php?action_kouhyou_detail_004_kani=true&JigyosyoCd=1071200354-00&ServiceCd=780&Type=search", "url2": "https://challenge-k.co.jp/" }, "geometry": { "type": "Point", "coordinates": [ 139.257534, 36.4025289 ] } },
{ "type": "Feature", "properties": { "内容": "デイサロン　心音【地域密着型通所介護】群馬県みどり市大間々町桐原970-2", "url": "https://www.kaigokensaku.mhlw.go.jp/10/index.php?action_kouhyou_detail_004_kani=true&JigyosyoCd=1071200800-00&ServiceCd=780&Type=search", "url2": null }, "geometry": { "type": "Point", "coordinates": [ 139.274450600000023, 36.445193 ] } },
{ "type": "Feature", "properties": { "内容": "デイサービス花【地域密着型通所介護】群馬県みどり市大間々町大間々887-2", "url": "https://www.kaigokensaku.mhlw.go.jp/10/index.php?action_kouhyou_detail_004_kani=true&JigyosyoCd=1091200095-00&ServiceCd=780&Type=search", "url2": null }, "geometry": { "type": "Point", "coordinates": [ 139.274341099999987, 36.4289668 ] } },
{ "type": "Feature", "properties": { "内容": "のんびり農園日和【地域密着型通所介護】群馬県みどり市笠懸町鹿3663-1", "url": "https://www.kaigokensaku.mhlw.go.jp/10/index.php?action_kouhyou_detail_004_kani=true&JigyosyoCd=1091200103-00&ServiceCd=780&Type=search", "url2": "https://nonbiri-nouen-biyori.com/" }, "geometry": { "type": "Point", "coordinates": [ 139.27248, 36.3916696 ] } },
{ "type": "Feature", "properties": { "内容": "みどり市社会福祉協議会　デイサービスセンター東【地域密着型通所介護】群馬県みどり市東町花輪114-3みどり市高齢者福祉センター内", "url": "https://www.kaigokensaku.mhlw.go.jp/10/index.php?action_kouhyou_detail_004_kani=true&JigyosyoCd=1091200111-00&ServiceCd=780&Type=search", "url2": null }, "geometry": { "type": "Point", "coordinates": [ 139.3062708, 36.5195602 ] } },
{ "type": "Feature", "properties": { "内容": "社会福祉法人榛東村社会福祉協議会【地域密着型通所介護】群馬県北群馬郡榛東村大字新井507番地3", "url": "https://www.kaigokensaku.mhlw.go.jp/10/index.php?action_kouhyou_detail_004_kani=true&JigyosyoCd=1072200072-00&ServiceCd=780&Type=search", "url2": null }, "geometry": { "type": "Point", "coordinates": [ 138.968242499999974, 36.4383059 ] } },
{ "type": "Feature", "properties": { "内容": "らいふプラス吉岡【地域密着型通所介護】群馬県北群馬郡吉岡町漆原1462番地4和が家よしおか", "url": "https://www.kaigokensaku.mhlw.go.jp/10/index.php?action_kouhyou_detail_004_kani=true&JigyosyoCd=1072200767-00&ServiceCd=780&Type=search", "url2": "http://www.samuesu.jp" }, "geometry": { "type": "Point", "coordinates": [ 139.029685487791653, 36.435727334775358 ] } },
{ "type": "Feature", "properties": { "内容": "デイサービス　もんれーぶ【地域密着型通所介護】群馬県甘楽郡甘楽町大字小川37番地7ハイツベルメゾン１０２号室", "url": "https://www.kaigokensaku.mhlw.go.jp/10/index.php?action_kouhyou_detail_004_kani=true&JigyosyoCd=1072400375-00&ServiceCd=780&Type=search", "url2": "http://www.monreve7710.com/" }, "geometry": { "type": "Point", "coordinates": [ 138.937519599999973, 36.2496115 ] } },
{ "type": "Feature", "properties": { "内容": "なかんじょ在宅ケアセンター【地域密着型通所介護】群馬県吾妻郡中之条町大字中之条町1869-5", "url": "https://www.kaigokensaku.mhlw.go.jp/10/index.php?action_kouhyou_detail_004_kani=true&JigyosyoCd=1092600061-00&ServiceCd=780&Type=search", "url2": "http://www.kijoukai-gr.jp/nakazai/" }, "geometry": { "type": "Point", "coordinates": [ 138.845208, 36.5853869 ] } },
{ "type": "Feature", "properties": { "内容": "みんなの家なかんじょ【地域密着型通所介護】群馬県吾妻郡中之条町大字中之条町967", "url": "https://www.kaigokensaku.mhlw.go.jp/10/index.php?action_kouhyou_detail_004_kani=true&JigyosyoCd=1092600269-00&ServiceCd=780&Type=search", "url2": "https://kijokai.or.jp/minnanoie-nakanjo/" }, "geometry": { "type": "Point", "coordinates": [ 138.8439696, 36.5894897 ] } },
{ "type": "Feature", "properties": { "内容": "アンジャーネ【地域密着型通所介護】群馬県吾妻郡中之条町大字伊勢町22番地3", "url": "https://www.kaigokensaku.mhlw.go.jp/10/index.php?action_kouhyou_detail_004_kani=true&JigyosyoCd=1072601246-00&ServiceCd=780&Type=search", "url2": null }, "geometry": { "type": "Point", "coordinates": [ 138.854034546557614, 36.583283340132631 ] } },
{ "type": "Feature", "properties": { "内容": "もてなし日和　えん【地域密着型通所介護】群馬県吾妻郡中之条町伊勢町758-1", "url": "https://www.kaigokensaku.mhlw.go.jp/10/index.php?action_kouhyou_detail_004_kani=true&JigyosyoCd=1072601188-00&ServiceCd=780&Type=search", "url2": "http://www.pure-next.co.jp/" }, "geometry": { "type": "Point", "coordinates": [ 138.851810500000056, 36.5842879 ] } },
{ "type": "Feature", "properties": { "内容": "寄り処はなまる【地域密着型通所介護】群馬県吾妻郡中之条町大字下沢渡１５８０－２", "url": "https://www.kaigokensaku.mhlw.go.jp/10/index.php?action_kouhyou_detail_004_kani=true&JigyosyoCd=1072600636-00&ServiceCd=780&Type=search", "url2": "http://www12.wind.ne.jp/hanamaru/" }, "geometry": { "type": "Point", "coordinates": [ 138.7930235, 36.6165521 ] } },
{ "type": "Feature", "properties": { "内容": "デイサービス一休【地域密着型通所介護】群馬県吾妻郡中之条町上沢渡棚界戸3641-11", "url": "https://www.kaigokensaku.mhlw.go.jp/10/index.php?action_kouhyou_detail_004_kani=true&JigyosyoCd=1072601014-00&ServiceCd=780&Type=search", "url2": null }, "geometry": { "type": "Point", "coordinates": [ 138.74535135619206, 36.620027817665616 ] } },
{ "type": "Feature", "properties": { "内容": "地域密着型デイサービス　想～そう～【地域密着型通所介護】群馬県吾妻郡中之条町大字赤坂２１９番地３", "url": "https://www.kaigokensaku.mhlw.go.jp/10/index.php?action_kouhyou_detail_004_kani=true&JigyosyoCd=1092600137-00&ServiceCd=780&Type=search", "url2": null }, "geometry": { "type": "Point", "coordinates": [ 138.874066699999958, 36.6094858 ] } },
{ "type": "Feature", "properties": { "内容": "デイサービスやまゆり【地域密着型通所介護】群馬県吾妻郡中之条町大字折田2515番地", "url": "https://www.kaigokensaku.mhlw.go.jp/10/index.php?action_kouhyou_detail_004_kani=true&JigyosyoCd=1092600194-00&ServiceCd=780&Type=search", "url2": "http://www12.wind.ne.jp/harukaze/" }, "geometry": { "type": "Point", "coordinates": [ 138.8143159, 36.6021438 ] } },
{ "type": "Feature", "properties": { "内容": "サザン倶楽部【地域密着型通所介護】群馬県吾妻郡中之条町大字中之条町714-1", "url": "https://www.kaigokensaku.mhlw.go.jp/10/index.php?action_kouhyou_detail_004_kani=true&JigyosyoCd=1072600750-00&ServiceCd=780&Type=search", "url2": "https://southern-ogawa.or.jp/" }, "geometry": { "type": "Point", "coordinates": [ 138.832481700000017, 36.5837013 ] } },
{ "type": "Feature", "properties": { "内容": "デイサービスてんだい【地域密着型通所介護】群馬県吾妻郡中之条町大字横尾３２７６－２", "url": "https://www.kaigokensaku.mhlw.go.jp/10/index.php?action_kouhyou_detail_004_kani=true&JigyosyoCd=1092600244-00&ServiceCd=780&Type=search", "url2": null }, "geometry": { "type": "Point", "coordinates": [ 138.850755, 36.598792 ] } },
{ "type": "Feature", "properties": { "内容": "あかりデイサービス【地域密着型通所介護】群馬県吾妻郡長野原町大津230-1ショッピングセンター　レクス内", "url": "https://www.kaigokensaku.mhlw.go.jp/10/index.php?action_kouhyou_detail_004_kani=true&JigyosyoCd=1092600228-00&ServiceCd=780&Type=search", "url2": null }, "geometry": { "type": "Point", "coordinates": [ 138.619094600000039, 36.5538419 ] } },
{ "type": "Feature", "properties": { "内容": "デイぬくもり【地域密着型通所介護】群馬県吾妻郡長野原町応桑1697-6", "url": "https://www.kaigokensaku.mhlw.go.jp/10/index.php?action_kouhyou_detail_004_kani=true&JigyosyoCd=1072601220-00&ServiceCd=780&Type=search", "url2": "http://www.chousei-hp.or.jp/serviceInfo.html" }, "geometry": { "type": "Point", "coordinates": [ 138.598397653967254, 36.516721010716687 ] } },
{ "type": "Feature", "properties": { "内容": "通所介護川原湯温泉【地域密着型通所介護】群馬県吾妻郡長野原町川原湯４８２－１３はなかしわ内", "url": "https://www.kaigokensaku.mhlw.go.jp/10/index.php?action_kouhyou_detail_004_kani=true&JigyosyoCd=1092600236-00&ServiceCd=780&Type=search", "url2": "http://koutoku-group.co.jp" }, "geometry": { "type": "Point", "coordinates": [ 138.7015768, 36.5420709 ] } },
{ "type": "Feature", "properties": { "内容": "からまつ荘【地域密着型通所介護】群馬県吾妻郡長野原町大字与喜屋1624", "url": "https://www.kaigokensaku.mhlw.go.jp/10/index.php?action_kouhyou_detail_004_kani=true&JigyosyoCd=1072600081-00&ServiceCd=780&Type=search", "url2": "https://nishiagatsuma.jp/" }, "geometry": { "type": "Point", "coordinates": [ 138.618600908598324, 36.547022692794165 ] } },
{ "type": "Feature", "properties": { "内容": "なごみデイサービスセンター【地域密着型通所介護】群馬県吾妻郡嬬恋村大字今井９３－１", "url": "https://www.kaigokensaku.mhlw.go.jp/10/index.php?action_kouhyou_detail_004_kani=true&JigyosyoCd=1072600867-00&ServiceCd=780&Type=search", "url2": "http://www.nagomi-ths.jp" }, "geometry": { "type": "Point", "coordinates": [ 138.580122684655748, 36.546288486814397 ] } },
{ "type": "Feature", "properties": { "内容": "草津町在宅介護サービスセンター【地域密着型通所介護】群馬県吾妻郡草津町草津４６４－２８草津町総合保健福祉センター", "url": "https://www.kaigokensaku.mhlw.go.jp/10/index.php?action_kouhyou_detail_004_kani=true&JigyosyoCd=1072600131-00&ServiceCd=780&Type=search", "url2": "https://www.kusatsu-shakyo.com/" }, "geometry": { "type": "Point", "coordinates": [ 138.59072279999998, 36.6205949 ] } },
{ "type": "Feature", "properties": { "内容": "草津温泉湯治館そよ風【地域密着型通所介護】群馬県吾妻郡草津町大字草津464-702草津温泉湯治館そよ風", "url": "https://www.kaigokensaku.mhlw.go.jp/10/index.php?action_kouhyou_detail_004_kani=true&JigyosyoCd=1072600826-00&ServiceCd=780&Type=search", "url2": null }, "geometry": { "type": "Point", "coordinates": [ 138.588334199999963, 36.6193894 ] } },
{ "type": "Feature", "properties": { "内容": "なごみデイサービスセンター草津【地域密着型通所介護】群馬県吾妻郡草津町大字草津９１３－２", "url": "https://www.kaigokensaku.mhlw.go.jp/10/index.php?action_kouhyou_detail_004_kani=true&JigyosyoCd=1072601022-00&ServiceCd=780&Type=search", "url2": "http://www.nagomi-ths.jp" }, "geometry": { "type": "Point", "coordinates": [ 138.593628768647704, 36.611405872158393 ] } },
{ "type": "Feature", "properties": { "内容": "高山村デイサービスセンター【地域密着型通所介護】群馬県吾妻郡高山村大字中山3410", "url": "https://www.kaigokensaku.mhlw.go.jp/10/index.php?action_kouhyou_detail_004_kani=true&JigyosyoCd=1092600251-00&ServiceCd=780&Type=search", "url2": "https//www.takayama-shakyo.jp/day-service.html" }, "geometry": { "type": "Point", "coordinates": [ 138.9435507, 36.6265514 ] } },
{ "type": "Feature", "properties": { "内容": "デイサービスセンター　ぽっかぽか【地域密着型通所介護】群馬県吾妻郡東吾妻町大字岩井402", "url": "https://www.kaigokensaku.mhlw.go.jp/10/index.php?action_kouhyou_detail_004_kani=true&JigyosyoCd=1072601030-00&ServiceCd=780&Type=search", "url2": "pokkapoka-s.jp" }, "geometry": { "type": "Point", "coordinates": [ 138.843270174204321, 36.579176708469525 ] } },
{ "type": "Feature", "properties": { "内容": "昭和村社会福祉協議会昭和の里【地域密着型通所介護】群馬県利根郡昭和村大字糸井６２４", "url": "https://www.kaigokensaku.mhlw.go.jp/10/index.php?action_kouhyou_detail_004_kani=true&JigyosyoCd=1072700022-00&ServiceCd=780&Type=search", "url2": "http://www.showa-shakyo.jp" }, "geometry": { "type": "Point", "coordinates": [ 139.0667956, 36.6413666 ] } },
{ "type": "Feature", "properties": { "内容": "ディサービスセンターなんてんの実【地域密着型通所介護】群馬県利根郡昭和村橡久保４６３－１", "url": "https://www.kaigokensaku.mhlw.go.jp/10/index.php?action_kouhyou_detail_004_kani=true&JigyosyoCd=1072700501-00&ServiceCd=780&Type=search", "url2": "http://nanten-mi.jp" }, "geometry": { "type": "Point", "coordinates": [ 139.058796962463106, 36.625041047237318 ] } },
{ "type": "Feature", "properties": { "内容": "デイサービスセンター福寿草【地域密着型通所介護】群馬県利根郡みなかみ町下津3194番地", "url": "https://www.kaigokensaku.mhlw.go.jp/10/index.php?action_kouhyou_detail_004_kani=true&JigyosyoCd=1072700790-00&ServiceCd=780&Type=search", "url2": "https://akanegroup.jp/" }, "geometry": { "type": "Point", "coordinates": [ 138.987365299999965, 36.6671228 ] } },
{ "type": "Feature", "properties": { "内容": "デイホーム2910【地域密着型通所介護】群馬県利根郡みなかみ町下津3194", "url": "https://www.kaigokensaku.mhlw.go.jp/10/index.php?action_kouhyou_detail_004_kani=true&JigyosyoCd=1072700824-00&ServiceCd=780&Type=search", "url2": "https://akanegroup.jp/" }, "geometry": { "type": "Point", "coordinates": [ 138.987365299999965, 36.667122800000016 ] } },
{ "type": "Feature", "properties": { "内容": "そよかぜデイサービス【地域密着型通所介護】群馬県利根郡みなかみ町下牧405", "url": "https://www.kaigokensaku.mhlw.go.jp/10/index.php?action_kouhyou_detail_004_kani=true&JigyosyoCd=1072700741-00&ServiceCd=780&Type=search", "url2": null }, "geometry": { "type": "Point", "coordinates": [ 138.990933700000028, 36.6901678 ] } },
{ "type": "Feature", "properties": { "内容": "通所介護おりづる【地域密着型通所介護】群馬県利根郡みなかみ町上牧１８９３－１", "url": "https://www.kaigokensaku.mhlw.go.jp/10/index.php?action_kouhyou_detail_004_kani=true&JigyosyoCd=1072700733-00&ServiceCd=780&Type=search", "url2": "yu-jin-sya.com" }, "geometry": { "type": "Point", "coordinates": [ 138.983272, 36.7339971 ] } },
{ "type": "Feature", "properties": { "内容": "ほっとテラス【地域密着型通所介護】群馬県佐波郡玉村町大字川井2124-2", "url": "https://www.kaigokensaku.mhlw.go.jp/10/index.php?action_kouhyou_detail_004_kani=true&JigyosyoCd=1072800962-00&ServiceCd=780&Type=search", "url2": "shibasakura.net" }, "geometry": { "type": "Point", "coordinates": [ 139.149257600000027, 36.2867623 ] } },
{ "type": "Feature", "properties": { "内容": "サクラ　デイサービス【地域密着型通所介護】群馬県邑楽郡板倉町西岡新田163-1", "url": "https://www.kaigokensaku.mhlw.go.jp/10/index.php?action_kouhyou_detail_004_kani=true&JigyosyoCd=1073101170-00&ServiceCd=780&Type=search", "url2": "https://www.asahilifeinc.com" }, "geometry": { "type": "Point", "coordinates": [ 139.610927814086182, 36.262028317606791 ] } },
{ "type": "Feature", "properties": { "内容": "明和町デイサービスセンター【地域密着型通所介護】群馬県邑楽郡明和町新里３１１番地１", "url": "https://www.kaigokensaku.mhlw.go.jp/10/index.php?action_kouhyou_detail_004_kani=true&JigyosyoCd=1093100202-00&ServiceCd=780&Type=search", "url2": "meiwa-syakyo.or.jp/" }, "geometry": { "type": "Point", "coordinates": [ 139.538102400000071, 36.2102361 ] } },
{ "type": "Feature", "properties": { "内容": "デイサービス　とくめい【地域密着型通所介護】群馬県邑楽郡明和町梅原1012-1", "url": "https://www.kaigokensaku.mhlw.go.jp/10/index.php?action_kouhyou_detail_004_kani=true&JigyosyoCd=1093100152-00&ServiceCd=780&Type=search", "url2": null }, "geometry": { "type": "Point", "coordinates": [ 139.533802534185071, 36.199450307218001 ] } },
{ "type": "Feature", "properties": { "内容": "あすかデイサービスセンター千代田【地域密着型通所介護】群馬県邑楽郡千代田町大字上中森１２２０", "url": "https://www.kaigokensaku.mhlw.go.jp/10/index.php?action_kouhyou_detail_004_kani=true&JigyosyoCd=1073100933-00&ServiceCd=780&Type=search", "url2": null }, "geometry": { "type": "Point", "coordinates": [ 139.477759800000058, 36.1958822 ] } },
{ "type": "Feature", "properties": { "内容": "Ya☆HeySUN【地域密着型通所介護】群馬県邑楽郡大泉町大字寄木戸1638番地の2", "url": "https://www.kaigokensaku.mhlw.go.jp/10/index.php?action_kouhyou_detail_004_kani=true&JigyosyoCd=1093100194-00&ServiceCd=780&Type=search", "url2": "https://mituyaselect.com/" }, "geometry": { "type": "Point", "coordinates": [ 139.385425649137886, 36.257644388015031 ] } },
{ "type": "Feature", "properties": { "内容": "デイサービス　あいの花【地域密着型通所介護】群馬県邑楽郡大泉町吉田2392-3", "url": "https://www.kaigokensaku.mhlw.go.jp/10/index.php?action_kouhyou_detail_004_kani=true&JigyosyoCd=1093100178-00&ServiceCd=780&Type=search", "url2": "https://i-miyagokai.jp/ainohana/" }, "geometry": { "type": "Point", "coordinates": [ 139.410558600000059, 36.2437497 ] } },
{ "type": "Feature", "properties": { "内容": "デイサービス　リハビリ館【地域密着型通所介護】群馬県邑楽郡大泉町３－２－１８", "url": "https://www.kaigokensaku.mhlw.go.jp/10/index.php?action_kouhyou_detail_004_kani=true&JigyosyoCd=1093100186-00&ServiceCd=780&Type=search", "url2": "http://www.mazenta.co.jp/htm/rehabilikan.htm" }, "geometry": { "type": "Point", "coordinates": [ 139.409667, 36.245702 ] } },
{ "type": "Feature", "properties": { "内容": "社会福祉法人邑楽町社会福祉協議会ディサービスセンター【地域密着型通所介護】群馬県邑楽郡邑楽町中野１３４２", "url": "https://www.kaigokensaku.mhlw.go.jp/10/index.php?action_kouhyou_detail_004_kani=true&JigyosyoCd=1073100172-00&ServiceCd=780&Type=search", "url2": "http://oura-syakyo.jimdo.com/" }, "geometry": { "type": "Point", "coordinates": [ 139.448619005404652, 36.269687032466841 ] } }
]
}
