{
"type": "FeatureCollection",
"name": "geo_10_5",
"crs": { "type": "name", "properties": { "name": "urn:ogc:def:crs:OGC:1.3:CRS84" } },
"features": [
{ "type": "Feature", "properties": { "ID": 1056102000001, "正式名称": "５０号薬局", "機関区分": 5, "都道府県コード": 10, "市区町村コード": 201, "所在地": "群馬県前橋市天川大島町２－１－１８", "緯度": 36.38214, "経度": 139.099175, "url": "https://www.iryou.teikyouseido.mhlw.go.jp/znk-web/juminkanja/S2430/initialize?prefCd=10&kikanCd=6102000001&kikanKbn=5", "url2": null, "内容": "５０号薬局【5:薬局】群馬県前橋市天川大島町２－１－１８" }, "geometry": { "type": "Point", "coordinates": [ 139.099175, 36.38214 ] } },
{ "type": "Feature", "properties": { "ID": 1056102000002, "正式名称": "あい調剤薬局", "機関区分": 5, "都道府県コード": 10, "市区町村コード": 201, "所在地": "群馬県前橋市西片貝町５－２１－６", "緯度": 36.388551, "経度": 139.088339, "url": "https://www.iryou.teikyouseido.mhlw.go.jp/znk-web/juminkanja/S2430/initialize?prefCd=10&kikanCd=6102000002&kikanKbn=5", "url2": "http://e-pharmacy.co.jp", "内容": "あい調剤薬局【5:薬局】群馬県前橋市西片貝町５－２１－６" }, "geometry": { "type": "Point", "coordinates": [ 139.088339, 36.388551 ] } },
{ "type": "Feature", "properties": { "ID": 1056102000003, "正式名称": "あおぞら調剤薬局", "機関区分": 5, "都道府県コード": 10, "市区町村コード": 201, "所在地": "群馬県前橋市上泉町３５０－６", "緯度": 36.392834, "経度": 139.106979, "url": "https://www.iryou.teikyouseido.mhlw.go.jp/znk-web/juminkanja/S2430/initialize?prefCd=10&kikanCd=6102000003&kikanKbn=5", "url2": null, "内容": "あおぞら調剤薬局【5:薬局】群馬県前橋市上泉町３５０－６" }, "geometry": { "type": "Point", "coordinates": [ 139.106979, 36.392834 ] } },
{ "type": "Feature", "properties": { "ID": 1056102000004, "正式名称": "あおば薬局　前橋店", "機関区分": 5, "都道府県コード": 10, "市区町村コード": 201, "所在地": "群馬県前橋市朝倉町", "緯度": 36.370336, "経度": 139.086454, "url": "https://www.iryou.teikyouseido.mhlw.go.jp/znk-web/juminkanja/S2430/initialize?prefCd=10&kikanCd=6102000004&kikanKbn=5", "url2": "http://www.g-hokenkikaku.co.jp", "内容": "あおば薬局　前橋店【5:薬局】群馬県前橋市朝倉町" }, "geometry": { "type": "Point", "coordinates": [ 139.086454, 36.370336 ] } },
{ "type": "Feature", "properties": { "ID": 1056102000005, "正式名称": "赤城調剤薬局", "機関区分": 5, "都道府県コード": 10, "市区町村コード": 201, "所在地": "群馬県前橋市城東町３－１０－１５", "緯度": 36.39251, "経度": 139.076941, "url": "https://www.iryou.teikyouseido.mhlw.go.jp/znk-web/juminkanja/S2430/initialize?prefCd=10&kikanCd=6102000005&kikanKbn=5", "url2": null, "内容": "赤城調剤薬局【5:薬局】群馬県前橋市城東町３－１０－１５" }, "geometry": { "type": "Point", "coordinates": [ 139.076941, 36.39251 ] } },
{ "type": "Feature", "properties": { "ID": 1056102000006, "正式名称": "さくら薬局前橋駒形店", "機関区分": 5, "都道府県コード": 10, "市区町村コード": 201, "所在地": "群馬県前橋市駒形町１５４２－１９", "緯度": 36.34945, "経度": 139.128452, "url": "https://www.iryou.teikyouseido.mhlw.go.jp/znk-web/juminkanja/S2430/initialize?prefCd=10&kikanCd=6102000006&kikanKbn=5", "url2": "https://www.kraft-net.co.jp/sakura/store/3752/", "内容": "さくら薬局前橋駒形店【5:薬局】群馬県前橋市駒形町１５４２－１９" }, "geometry": { "type": "Point", "coordinates": [ 139.128452, 36.34945 ] } },
{ "type": "Feature", "properties": { "ID": 1056102000007, "正式名称": "あすか調剤薬局", "機関区分": 5, "都道府県コード": 10, "市区町村コード": 201, "所在地": "群馬県前橋市朝日町２－１７－２", "緯度": 36.384556, "経度": 139.082871, "url": "https://www.iryou.teikyouseido.mhlw.go.jp/znk-web/juminkanja/S2430/initialize?prefCd=10&kikanCd=6102000007&kikanKbn=5", "url2": null, "内容": "あすか調剤薬局【5:薬局】群馬県前橋市朝日町２－１７－２" }, "geometry": { "type": "Point", "coordinates": [ 139.082871, 36.384556 ] } },
{ "type": "Feature", "properties": { "ID": 1056102000009, "正式名称": "荒口薬局", "機関区分": 5, "都道府県コード": 10, "市区町村コード": 201, "所在地": "群馬県前橋市荒口町５３１－８", "緯度": 36.380447, "経度": 139.158281, "url": "https://www.iryou.teikyouseido.mhlw.go.jp/znk-web/juminkanja/S2430/initialize?prefCd=10&kikanCd=6102000009&kikanKbn=5", "url2": null, "内容": "荒口薬局【5:薬局】群馬県前橋市荒口町５３１－８" }, "geometry": { "type": "Point", "coordinates": [ 139.158281, 36.380447 ] } },
{ "type": "Feature", "properties": { "ID": 1056102000010, "正式名称": "アリス調剤薬局", "機関区分": 5, "都道府県コード": 10, "市区町村コード": 201, "所在地": "群馬県前橋市上大屋町３９－３", "緯度": 36.41186, "経度": 139.16689, "url": "https://www.iryou.teikyouseido.mhlw.go.jp/znk-web/juminkanja/S2430/initialize?prefCd=10&kikanCd=6102000010&kikanKbn=5", "url2": "https://unismile.co.jp/shop/alicechozai/", "内容": "アリス調剤薬局【5:薬局】群馬県前橋市上大屋町３９－３" }, "geometry": { "type": "Point", "coordinates": [ 139.16689, 36.41186 ] } },
{ "type": "Feature", "properties": { "ID": 1056102000014, "正式名称": "さくら薬局　前橋荒牧店", "機関区分": 5, "都道府県コード": 10, "市区町村コード": 201, "所在地": "群馬県前橋市荒牧町２－６－２２", "緯度": 36.422163, "経度": 139.055621, "url": "https://www.iryou.teikyouseido.mhlw.go.jp/znk-web/juminkanja/S2430/initialize?prefCd=10&kikanCd=6102000014&kikanKbn=5", "url2": "http://www.kraft-net.co.jp/search/3753/", "内容": "さくら薬局　前橋荒牧店【5:薬局】群馬県前橋市荒牧町２－６－２２" }, "geometry": { "type": "Point", "coordinates": [ 139.055621, 36.422163 ] } },
{ "type": "Feature", "properties": { "ID": 1056102000016, "正式名称": "ウエルシア薬局前橋青柳店", "機関区分": 5, "都道府県コード": 10, "市区町村コード": 201, "所在地": "群馬県前橋市青柳町５０４－１", "緯度": 36.422191, "経度": 139.068037, "url": "https://www.iryou.teikyouseido.mhlw.go.jp/znk-web/juminkanja/S2430/initialize?prefCd=10&kikanCd=6102000016&kikanKbn=5", "url2": "https://stores.welcia.co.jp/36D", "内容": "ウエルシア薬局前橋青柳店【5:薬局】群馬県前橋市青柳町５０４－１" }, "geometry": { "type": "Point", "coordinates": [ 139.068037, 36.422191 ] } },
{ "type": "Feature", "properties": { "ID": 1056102000017, "正式名称": "ウエルシア薬局前橋三俣店", "機関区分": 5, "都道府県コード": 10, "市区町村コード": 201, "所在地": "群馬県前橋市三俣町３－１８－１", "緯度": 36.401346, "経度": 139.084996, "url": "https://www.iryou.teikyouseido.mhlw.go.jp/znk-web/juminkanja/S2430/initialize?prefCd=10&kikanCd=6102000017&kikanKbn=5", "url2": "http://www.welcia-yakkyoku.co.jp/", "内容": "ウエルシア薬局前橋三俣店【5:薬局】群馬県前橋市三俣町３－１８－１" }, "geometry": { "type": "Point", "coordinates": [ 139.084996, 36.401346 ] } },
{ "type": "Feature", "properties": { "ID": 1056102000019, "正式名称": "臼田漢方薬局", "機関区分": 5, "都道府県コード": 10, "市区町村コード": 201, "所在地": "群馬県前橋市日吉町", "緯度": 36.396083, "経度": 139.074398, "url": "https://www.iryou.teikyouseido.mhlw.go.jp/znk-web/juminkanja/S2430/initialize?prefCd=10&kikanCd=6102000019&kikanKbn=5", "url2": null, "内容": "臼田漢方薬局【5:薬局】群馬県前橋市日吉町" }, "geometry": { "type": "Point", "coordinates": [ 139.074398, 36.396083 ] } },
{ "type": "Feature", "properties": { "ID": 1056102000020, "正式名称": "栄寿薬局", "機関区分": 5, "都道府県コード": 10, "市区町村コード": 201, "所在地": "群馬県前橋市紅雲町１－６－１５", "緯度": 36.386, "経度": 139.062094, "url": "https://www.iryou.teikyouseido.mhlw.go.jp/znk-web/juminkanja/S2430/initialize?prefCd=10&kikanCd=6102000020&kikanKbn=5", "url2": null, "内容": "栄寿薬局【5:薬局】群馬県前橋市紅雲町１－６－１５" }, "geometry": { "type": "Point", "coordinates": [ 139.062094, 36.386 ] } },
{ "type": "Feature", "properties": { "ID": 1056102000022, "正式名称": "おおご調剤薬局", "機関区分": 5, "都道府県コード": 10, "市区町村コード": 201, "所在地": "群馬県前橋市茂木町２４５－８", "緯度": 36.409499, "経度": 139.15153, "url": "https://www.iryou.teikyouseido.mhlw.go.jp/znk-web/juminkanja/S2430/initialize?prefCd=10&kikanCd=6102000022&kikanKbn=5", "url2": "http://oriduru.com", "内容": "おおご調剤薬局【5:薬局】群馬県前橋市茂木町２４５－８" }, "geometry": { "type": "Point", "coordinates": [ 139.15153, 36.409499 ] } },
{ "type": "Feature", "properties": { "ID": 1056102000024, "正式名称": "おりづる調剤薬局", "機関区分": 5, "都道府県コード": 10, "市区町村コード": 201, "所在地": "群馬県前橋市下石倉町２０－８", "緯度": 36.380751, "経度": 139.054484, "url": "https://www.iryou.teikyouseido.mhlw.go.jp/znk-web/juminkanja/S2430/initialize?prefCd=10&kikanCd=6102000024&kikanKbn=5", "url2": "http://oriduru.com", "内容": "おりづる調剤薬局【5:薬局】群馬県前橋市下石倉町２０－８" }, "geometry": { "type": "Point", "coordinates": [ 139.054484, 36.380751 ] } },
{ "type": "Feature", "properties": { "ID": 1056102000026, "正式名称": "かたかい調剤薬局", "機関区分": 5, "都道府県コード": 10, "市区町村コード": 201, "所在地": "群馬県前橋市西片貝町３－３８０－１　ハイツ桃瀬１０５", "緯度": 36.387723, "経度": 139.101647, "url": "https://www.iryou.teikyouseido.mhlw.go.jp/znk-web/juminkanja/S2430/initialize?prefCd=10&kikanCd=6102000026&kikanKbn=5", "url2": null, "内容": "かたかい調剤薬局【5:薬局】群馬県前橋市西片貝町３－３８０－１　ハイツ桃瀬１０５" }, "geometry": { "type": "Point", "coordinates": [ 139.101647, 36.387723 ] } },
{ "type": "Feature", "properties": { "ID": 1056102000027, "正式名称": "（有）金子調剤薬局", "機関区分": 5, "都道府県コード": 10, "市区町村コード": 201, "所在地": "群馬県前橋市紅雲町２－２０－１０", "緯度": 36.383862, "経度": 139.066539, "url": "https://www.iryou.teikyouseido.mhlw.go.jp/znk-web/juminkanja/S2430/initialize?prefCd=10&kikanCd=6102000027&kikanKbn=5", "url2": "https://sites.google.com/view/kaneko-tyouzai/%E3%83%9B%E3%83%BC%E3%83%A0", "内容": "（有）金子調剤薬局【5:薬局】群馬県前橋市紅雲町２－２０－１０" }, "geometry": { "type": "Point", "coordinates": [ 139.066539, 36.383862 ] } },
{ "type": "Feature", "properties": { "ID": 1056102000028, "正式名称": "上細井調剤薬局", "機関区分": 5, "都道府県コード": 10, "市区町村コード": 201, "所在地": "群馬県前橋市上細井町１９４６－１", "緯度": 36.418192, "経度": 139.079647, "url": "https://www.iryou.teikyouseido.mhlw.go.jp/znk-web/juminkanja/S2430/initialize?prefCd=10&kikanCd=6102000028&kikanKbn=5", "url2": "http://y-pharm.com/", "内容": "上細井調剤薬局【5:薬局】群馬県前橋市上細井町１９４６－１" }, "geometry": { "type": "Point", "coordinates": [ 139.079647, 36.418192 ] } },
{ "type": "Feature", "properties": { "ID": 1056102000029, "正式名称": "亀里薬局", "機関区分": 5, "都道府県コード": 10, "市区町村コード": 201, "所在地": "群馬県前橋市亀里町３６１－６", "緯度": 36.343505, "経度": 139.085872, "url": "https://www.iryou.teikyouseido.mhlw.go.jp/znk-web/juminkanja/S2430/initialize?prefCd=10&kikanCd=6102000029&kikanKbn=5", "url2": null, "内容": "亀里薬局【5:薬局】群馬県前橋市亀里町３６１－６" }, "geometry": { "type": "Point", "coordinates": [ 139.085872, 36.343505 ] } },
{ "type": "Feature", "properties": { "ID": 1056102000030, "正式名称": "かりん薬局", "機関区分": 5, "都道府県コード": 10, "市区町村コード": 201, "所在地": "群馬県前橋市端気町３８３－２", "緯度": 36.410415, "経度": 139.098424, "url": "https://www.iryou.teikyouseido.mhlw.go.jp/znk-web/juminkanja/S2430/initialize?prefCd=10&kikanCd=6102000030&kikanKbn=5", "url2": "https://www.chcp.jp/business/chcp-p/id120/", "内容": "かりん薬局【5:薬局】群馬県前橋市端気町３８３－２" }, "geometry": { "type": "Point", "coordinates": [ 139.098424, 36.410415 ] } },
{ "type": "Feature", "properties": { "ID": 1056102000031, "正式名称": "カワチ薬局　前橋南店", "機関区分": 5, "都道府県コード": 10, "市区町村コード": 201, "所在地": "群馬県前橋市六供町３丁目２番地４０", "緯度": 36.368114, "経度": 139.072817, "url": "https://www.iryou.teikyouseido.mhlw.go.jp/znk-web/juminkanja/S2430/initialize?prefCd=10&kikanCd=6102000031&kikanKbn=5", "url2": "http://www.cawachi.co.jp", "内容": "カワチ薬局　前橋南店【5:薬局】群馬県前橋市六供町３丁目２番地４０" }, "geometry": { "type": "Point", "coordinates": [ 139.072817, 36.368114 ] } },
{ "type": "Feature", "properties": { "ID": 1056102000032, "正式名称": "キジマ薬局", "機関区分": 5, "都道府県コード": 10, "市区町村コード": 201, "所在地": "群馬県前橋市堀越町１１０４", "緯度": 36.416554, "経度": 139.157446, "url": "https://www.iryou.teikyouseido.mhlw.go.jp/znk-web/juminkanja/S2430/initialize?prefCd=10&kikanCd=6102000032&kikanKbn=5", "url2": null, "内容": "キジマ薬局【5:薬局】群馬県前橋市堀越町１１０４" }, "geometry": { "type": "Point", "coordinates": [ 139.157446, 36.416554 ] } },
{ "type": "Feature", "properties": { "ID": 1056102000033, "正式名称": "久保田薬局", "機関区分": 5, "都道府県コード": 10, "市区町村コード": 201, "所在地": "群馬県前橋市朝倉町１－４－１", "緯度": 36.374009, "経度": 139.092503, "url": "https://www.iryou.teikyouseido.mhlw.go.jp/znk-web/juminkanja/S2430/initialize?prefCd=10&kikanCd=6102000033&kikanKbn=5", "url2": "https://kubotayakkyoku.jp", "内容": "久保田薬局【5:薬局】群馬県前橋市朝倉町１－４－１" }, "geometry": { "type": "Point", "coordinates": [ 139.092503, 36.374009 ] } },
{ "type": "Feature", "properties": { "ID": 1056102000034, "正式名称": "日本調剤　群大前薬局", "機関区分": 5, "都道府県コード": 10, "市区町村コード": 201, "所在地": "群馬県前橋市昭和町３－１１－１４", "緯度": 36.405943, "経度": 139.06301, "url": "https://www.iryou.teikyouseido.mhlw.go.jp/znk-web/juminkanja/S2430/initialize?prefCd=10&kikanCd=6102000034&kikanKbn=5", "url2": null, "内容": "日本調剤　群大前薬局【5:薬局】群馬県前橋市昭和町３－１１－１４" }, "geometry": { "type": "Point", "coordinates": [ 139.06301, 36.405943 ] } },
{ "type": "Feature", "properties": { "ID": 1056102000036, "正式名称": "コアラ薬局前橋店", "機関区分": 5, "都道府県コード": 10, "市区町村コード": 201, "所在地": "群馬県前橋市城東町３丁目１９－１－１", "緯度": 36.392583, "経度": 139.07862, "url": "https://www.iryou.teikyouseido.mhlw.go.jp/znk-web/juminkanja/S2430/initialize?prefCd=10&kikanCd=6102000036&kikanKbn=5", "url2": "http://www.g-hokenkikaku.co.jp/", "内容": "コアラ薬局前橋店【5:薬局】群馬県前橋市城東町３丁目１９－１－１" }, "geometry": { "type": "Point", "coordinates": [ 139.07862, 36.392583 ] } },
{ "type": "Feature", "properties": { "ID": 1056102000037, "正式名称": "コスモ２１薬局", "機関区分": 5, "都道府県コード": 10, "市区町村コード": 201, "所在地": "群馬県前橋市江木町３１－１", "緯度": 36.390279, "経度": 139.134755, "url": "https://www.iryou.teikyouseido.mhlw.go.jp/znk-web/juminkanja/S2430/initialize?prefCd=10&kikanCd=6102000037&kikanKbn=5", "url2": null, "内容": "コスモ２１薬局【5:薬局】群馬県前橋市江木町３１－１" }, "geometry": { "type": "Point", "coordinates": [ 139.134755, 36.390279 ] } },
{ "type": "Feature", "properties": { "ID": 1056102000038, "正式名称": "有限会社小谷薬局", "機関区分": 5, "都道府県コード": 10, "市区町村コード": 201, "所在地": "群馬県前橋市城東町４－３－１", "緯度": 36.391222, "経度": 139.075371, "url": "https://www.iryou.teikyouseido.mhlw.go.jp/znk-web/juminkanja/S2430/initialize?prefCd=10&kikanCd=6102000038&kikanKbn=5", "url2": "http://www.kotani-pharmacy.com/", "内容": "有限会社小谷薬局【5:薬局】群馬県前橋市城東町４－３－１" }, "geometry": { "type": "Point", "coordinates": [ 139.075371, 36.391222 ] } },
{ "type": "Feature", "properties": { "ID": 1056102000039, "正式名称": "コトブキ薬局", "機関区分": 5, "都道府県コード": 10, "市区町村コード": 201, "所在地": "群馬県前橋市南町３丁目－３３－１１", "緯度": 36.381029, "経度": 139.073371, "url": "https://www.iryou.teikyouseido.mhlw.go.jp/znk-web/juminkanja/S2430/initialize?prefCd=10&kikanCd=6102000039&kikanKbn=5", "url2": null, "内容": "コトブキ薬局【5:薬局】群馬県前橋市南町３丁目－３３－１１" }, "geometry": { "type": "Point", "coordinates": [ 139.073371, 36.381029 ] } },
{ "type": "Feature", "properties": { "ID": 1056102000043, "正式名称": "サンライズファーマシー", "機関区分": 5, "都道府県コード": 10, "市区町村コード": 201, "所在地": "群馬県前橋市朝日町１－３４－２", "緯度": 36.387389, "経度": 139.084926, "url": "https://www.iryou.teikyouseido.mhlw.go.jp/znk-web/juminkanja/S2430/initialize?prefCd=10&kikanCd=6102000043&kikanKbn=5", "url2": "http://oriduru.com", "内容": "サンライズファーマシー【5:薬局】群馬県前橋市朝日町１－３４－２" }, "geometry": { "type": "Point", "coordinates": [ 139.084926, 36.387389 ] } },
{ "type": "Feature", "properties": { "ID": 1056102000045, "正式名称": "しきしま調剤薬局", "機関区分": 5, "都道府県コード": 10, "市区町村コード": 201, "所在地": "群馬県前橋市上小出町３－８－６", "緯度": 36.417247, "経度": 139.058343, "url": "https://www.iryou.teikyouseido.mhlw.go.jp/znk-web/juminkanja/S2430/initialize?prefCd=10&kikanCd=6102000045&kikanKbn=5", "url2": "https://www.ghpharma.jp", "内容": "しきしま調剤薬局【5:薬局】群馬県前橋市上小出町３－８－６" }, "geometry": { "type": "Point", "coordinates": [ 139.058343, 36.417247 ] } },
{ "type": "Feature", "properties": { "ID": 1056102000046, "正式名称": "品川薬局城東店", "機関区分": 5, "都道府県コード": 10, "市区町村コード": 201, "所在地": "群馬県前橋市城東町４－１７－２", "緯度": 36.389334, "経度": 139.078676, "url": "https://www.iryou.teikyouseido.mhlw.go.jp/znk-web/juminkanja/S2430/initialize?prefCd=10&kikanCd=6102000046&kikanKbn=5", "url2": null, "内容": "品川薬局城東店【5:薬局】群馬県前橋市城東町４－１７－２" }, "geometry": { "type": "Point", "coordinates": [ 139.078676, 36.389334 ] } },
{ "type": "Feature", "properties": { "ID": 1056102000047, "正式名称": "柴崎薬局", "機関区分": 5, "都道府県コード": 10, "市区町村コード": 201, "所在地": "群馬県前橋市総社町総社", "緯度": 36.407914, "経度": 139.04515, "url": "https://www.iryou.teikyouseido.mhlw.go.jp/znk-web/juminkanja/S2430/initialize?prefCd=10&kikanCd=6102000047&kikanKbn=5", "url2": null, "内容": "柴崎薬局【5:薬局】群馬県前橋市総社町総社" }, "geometry": { "type": "Point", "coordinates": [ 139.04515, 36.407914 ] } },
{ "type": "Feature", "properties": { "ID": 1056102000048, "正式名称": "有限会社清水薬局", "機関区分": 5, "都道府県コード": 10, "市区町村コード": 201, "所在地": "群馬県前橋市駒形町１５４", "緯度": 36.346617, "経度": 139.132979, "url": "https://www.iryou.teikyouseido.mhlw.go.jp/znk-web/juminkanja/S2430/initialize?prefCd=10&kikanCd=6102000048&kikanKbn=5", "url2": null, "内容": "有限会社清水薬局【5:薬局】群馬県前橋市駒形町１５４" }, "geometry": { "type": "Point", "coordinates": [ 139.132979, 36.346617 ] } },
{ "type": "Feature", "properties": { "ID": 1056102000051, "正式名称": "有限会社　スグタ薬局", "機関区分": 5, "都道府県コード": 10, "市区町村コード": 201, "所在地": "群馬県前橋市広瀬町２－２－７", "緯度": 36.361087, "経度": 139.107036, "url": "https://www.iryou.teikyouseido.mhlw.go.jp/znk-web/juminkanja/S2430/initialize?prefCd=10&kikanCd=6102000051&kikanKbn=5", "url2": null, "内容": "有限会社　スグタ薬局【5:薬局】群馬県前橋市広瀬町２－２－７" }, "geometry": { "type": "Point", "coordinates": [ 139.107036, 36.361087 ] } },
{ "type": "Feature", "properties": { "ID": 1056102000053, "正式名称": "共創未来　すずらん薬局", "機関区分": 5, "都道府県コード": 10, "市区町村コード": 201, "所在地": "群馬県前橋市朝日町４－１８－１０", "緯度": 36.383196, "経度": 139.090064, "url": "https://www.iryou.teikyouseido.mhlw.go.jp/znk-web/juminkanja/S2430/initialize?prefCd=10&kikanCd=6102000053&kikanKbn=5", "url2": "http://www.phmirai.co.jp/", "内容": "共創未来　すずらん薬局【5:薬局】群馬県前橋市朝日町４－１８－１０" }, "geometry": { "type": "Point", "coordinates": [ 139.090064, 36.383196 ] } },
{ "type": "Feature", "properties": { "ID": 1056102000055, "正式名称": "（株）清王寺薬局", "機関区分": 5, "都道府県コード": 10, "市区町村コード": 201, "所在地": "群馬県前橋市日吉町１－２４－４", "緯度": 36.398527, "経度": 139.076981, "url": "https://www.iryou.teikyouseido.mhlw.go.jp/znk-web/juminkanja/S2430/initialize?prefCd=10&kikanCd=6102000055&kikanKbn=5", "url2": null, "内容": "（株）清王寺薬局【5:薬局】群馬県前橋市日吉町１－２４－４" }, "geometry": { "type": "Point", "coordinates": [ 139.076981, 36.398527 ] } },
{ "type": "Feature", "properties": { "ID": 1056102000057, "正式名称": "調剤二の宮薬局", "機関区分": 5, "都道府県コード": 10, "市区町村コード": 201, "所在地": "群馬県前橋市笂井町８１－１", "緯度": 36.369786, "経度": 139.139786, "url": "https://www.iryou.teikyouseido.mhlw.go.jp/znk-web/juminkanja/S2430/initialize?prefCd=10&kikanCd=6102000057&kikanKbn=5", "url2": "https://www.ninomiyapharmacy.com", "内容": "調剤二の宮薬局【5:薬局】群馬県前橋市笂井町８１－１" }, "geometry": { "type": "Point", "coordinates": [ 139.139786, 36.369786 ] } },
{ "type": "Feature", "properties": { "ID": 1056102000059, "正式名称": "ツカサ薬局", "機関区分": 5, "都道府県コード": 10, "市区町村コード": 201, "所在地": "群馬県前橋市下小出町１－１９－４３", "緯度": 36.407554, "経度": 139.066482, "url": "https://www.iryou.teikyouseido.mhlw.go.jp/znk-web/juminkanja/S2430/initialize?prefCd=10&kikanCd=6102000059&kikanKbn=5", "url2": "http://tsukasa-pharmacy-maebashi.com/", "内容": "ツカサ薬局【5:薬局】群馬県前橋市下小出町１－１９－４３" }, "geometry": { "type": "Point", "coordinates": [ 139.066482, 36.407554 ] } },
{ "type": "Feature", "properties": { "ID": 1056102000060, "正式名称": "つのだ薬局", "機関区分": 5, "都道府県コード": 10, "市区町村コード": 201, "所在地": "群馬県前橋市城東町", "緯度": 36.395083, "経度": 139.078287, "url": "https://www.iryou.teikyouseido.mhlw.go.jp/znk-web/juminkanja/S2430/initialize?prefCd=10&kikanCd=6102000060&kikanKbn=5", "url2": "http://www.kit-ph.jp/", "内容": "つのだ薬局【5:薬局】群馬県前橋市城東町" }, "geometry": { "type": "Point", "coordinates": [ 139.078287, 36.395083 ] } },
{ "type": "Feature", "properties": { "ID": 1056102000061, "正式名称": "（一財）同愛会同愛会薬局", "機関区分": 5, "都道府県コード": 10, "市区町村コード": 201, "所在地": "群馬県前橋市昭和町３－１１－１３", "緯度": 36.40597, "経度": 139.062788, "url": "https://www.iryou.teikyouseido.mhlw.go.jp/znk-web/juminkanja/S2430/initialize?prefCd=10&kikanCd=6102000061&kikanKbn=5", "url2": "http://www.douaikai.sakura.ne.jp/yakkyoku/", "内容": "（一財）同愛会同愛会薬局【5:薬局】群馬県前橋市昭和町３－１１－１３" }, "geometry": { "type": "Point", "coordinates": [ 139.062788, 36.40597 ] } },
{ "type": "Feature", "properties": { "ID": 1056102000062, "正式名称": "トマト薬局", "機関区分": 5, "都道府県コード": 10, "市区町村コード": 201, "所在地": "群馬県前橋市田口町５９５－１－２０４", "緯度": 36.448104, "経度": 139.045593, "url": "https://www.iryou.teikyouseido.mhlw.go.jp/znk-web/juminkanja/S2430/initialize?prefCd=10&kikanCd=6102000062&kikanKbn=5", "url2": null, "内容": "トマト薬局【5:薬局】群馬県前橋市田口町５９５－１－２０４" }, "geometry": { "type": "Point", "coordinates": [ 139.045593, 36.448104 ] } },
{ "type": "Feature", "properties": { "ID": 1056102000064, "正式名称": "トリム薬局前橋店", "機関区分": 5, "都道府県コード": 10, "市区町村コード": 201, "所在地": "群馬県前橋市朝倉町４３１－５", "緯度": 36.360486, "経度": 139.092975, "url": "https://www.iryou.teikyouseido.mhlw.go.jp/znk-web/juminkanja/S2430/initialize?prefCd=10&kikanCd=6102000064&kikanKbn=5", "url2": "http://www.pharmarise.com/", "内容": "トリム薬局前橋店【5:薬局】群馬県前橋市朝倉町４３１－５" }, "geometry": { "type": "Point", "coordinates": [ 139.092975, 36.360486 ] } },
{ "type": "Feature", "properties": { "ID": 1056102000068, "正式名称": "二の宮薬局野中店", "機関区分": 5, "都道府県コード": 10, "市区町村コード": 201, "所在地": "群馬県前橋市野中町１９０－２", "緯度": 36.382252, "経度": 139.109785, "url": "https://www.iryou.teikyouseido.mhlw.go.jp/znk-web/juminkanja/S2430/initialize?prefCd=10&kikanCd=6102000068&kikanKbn=5", "url2": "https://www.kusurinomadoguchi.com/gumma/s1000055054", "内容": "二の宮薬局野中店【5:薬局】群馬県前橋市野中町１９０－２" }, "geometry": { "type": "Point", "coordinates": [ 139.109785, 36.382252 ] } },
{ "type": "Feature", "properties": { "ID": 1056102000069, "正式名称": "ひまわり調剤薬局", "機関区分": 5, "都道府県コード": 10, "市区町村コード": 201, "所在地": "群馬県前橋市上泉町１０５－６", "緯度": 36.392556, "経度": 139.103424, "url": "https://www.iryou.teikyouseido.mhlw.go.jp/znk-web/juminkanja/S2430/initialize?prefCd=10&kikanCd=6102000069&kikanKbn=5", "url2": null, "内容": "ひまわり調剤薬局【5:薬局】群馬県前橋市上泉町１０５－６" }, "geometry": { "type": "Point", "coordinates": [ 139.103424, 36.392556 ] } },
{ "type": "Feature", "properties": { "ID": 1056102000072, "正式名称": "ファーマシー朝倉", "機関区分": 5, "都道府県コード": 10, "市区町村コード": 201, "所在地": "群馬県前橋市朝倉町８７３－２", "緯度": 36.370336, "経度": 139.08926, "url": "https://www.iryou.teikyouseido.mhlw.go.jp/znk-web/juminkanja/S2430/initialize?prefCd=10&kikanCd=6102000072&kikanKbn=5", "url2": "http://holistic-ltd.jp/pharmacy/pharmacy_f.htm", "内容": "ファーマシー朝倉【5:薬局】群馬県前橋市朝倉町８７３－２" }, "geometry": { "type": "Point", "coordinates": [ 139.08926, 36.370336 ] } },
{ "type": "Feature", "properties": { "ID": 1056102000073, "正式名称": "二子山薬局", "機関区分": 5, "都道府県コード": 10, "市区町村コード": 201, "所在地": "群馬県前橋市天川町", "緯度": 36.374391, "経度": 139.087759, "url": "https://www.iryou.teikyouseido.mhlw.go.jp/znk-web/juminkanja/S2430/initialize?prefCd=10&kikanCd=6102000073&kikanKbn=5", "url2": null, "内容": "二子山薬局【5:薬局】群馬県前橋市天川町" }, "geometry": { "type": "Point", "coordinates": [ 139.087759, 36.374391 ] } },
{ "type": "Feature", "properties": { "ID": 1056102000074, "正式名称": "フタバ薬局本町店", "機関区分": 5, "都道府県コード": 10, "市区町村コード": 201, "所在地": "群馬県前橋市本町２－６－１１", "緯度": 36.389025, "経度": 139.069367, "url": "https://www.iryou.teikyouseido.mhlw.go.jp/znk-web/juminkanja/S2430/initialize?prefCd=10&kikanCd=6102000074&kikanKbn=5", "url2": "http://www.curex-ph.com/", "内容": "フタバ薬局本町店【5:薬局】群馬県前橋市本町２－６－１１" }, "geometry": { "type": "Point", "coordinates": [ 139.069367, 36.389025 ] } },
{ "type": "Feature", "properties": { "ID": 1056102000075, "正式名称": "共創未来　フラワー薬局", "機関区分": 5, "都道府県コード": 10, "市区町村コード": 201, "所在地": "群馬県前橋市樋越町６６３－１", "緯度": 36.411111, "経度": 139.173751, "url": "https://www.iryou.teikyouseido.mhlw.go.jp/znk-web/juminkanja/S2430/initialize?prefCd=10&kikanCd=6102000075&kikanKbn=5", "url2": "http://www.phmirai.co.jp/", "内容": "共創未来　フラワー薬局【5:薬局】群馬県前橋市樋越町６６３－１" }, "geometry": { "type": "Point", "coordinates": [ 139.173751, 36.411111 ] } },
{ "type": "Feature", "properties": { "ID": 1056102000076, "正式名称": "古市調剤薬局", "機関区分": 5, "都道府県コード": 10, "市区町村コード": 201, "所在地": "群馬県前橋市古市１―４―１２", "緯度": 36.379029, "経度": 139.05379, "url": "https://www.iryou.teikyouseido.mhlw.go.jp/znk-web/juminkanja/S2430/initialize?prefCd=10&kikanCd=6102000076&kikanKbn=5", "url2": null, "内容": "古市調剤薬局【5:薬局】群馬県前橋市古市１―４―１２" }, "geometry": { "type": "Point", "coordinates": [ 139.05379, 36.379029 ] } },
{ "type": "Feature", "properties": { "ID": 1056102000077, "正式名称": "文京調剤薬局", "機関区分": 5, "都道府県コード": 10, "市区町村コード": 201, "所在地": "群馬県前橋市天川町１６６７－２１", "緯度": 36.375457, "経度": 139.094826, "url": "https://www.iryou.teikyouseido.mhlw.go.jp/znk-web/juminkanja/S2430/initialize?prefCd=10&kikanCd=6102000077&kikanKbn=5", "url2": null, "内容": "文京調剤薬局【5:薬局】群馬県前橋市天川町１６６７－２１" }, "geometry": { "type": "Point", "coordinates": [ 139.094826, 36.375457 ] } },
{ "type": "Feature", "properties": { "ID": 1056102000079, "正式名称": "ヘルシー薬局", "機関区分": 5, "都道府県コード": 10, "市区町村コード": 201, "所在地": "群馬県前橋市幸塚町９０－２", "緯度": 36.40651, "経度": 139.08435, "url": "https://www.iryou.teikyouseido.mhlw.go.jp/znk-web/juminkanja/S2430/initialize?prefCd=10&kikanCd=6102000079&kikanKbn=5", "url2": null, "内容": "ヘルシー薬局【5:薬局】群馬県前橋市幸塚町９０－２" }, "geometry": { "type": "Point", "coordinates": [ 139.08435, 36.40651 ] } },
{ "type": "Feature", "properties": { "ID": 1056102000080, "正式名称": "前橋市薬剤師会会営薬局", "機関区分": 5, "都道府県コード": 10, "市区町村コード": 201, "所在地": "群馬県前橋市紅雲町１－２－１５", "緯度": 36.387056, "経度": 139.061761, "url": "https://www.iryou.teikyouseido.mhlw.go.jp/znk-web/juminkanja/S2430/initialize?prefCd=10&kikanCd=6102000080&kikanKbn=5", "url2": "https://maeyaku.or.jp/kaiei/", "内容": "前橋市薬剤師会会営薬局【5:薬局】群馬県前橋市紅雲町１－２－１５" }, "geometry": { "type": "Point", "coordinates": [ 139.061761, 36.387056 ] } },
{ "type": "Feature", "properties": { "ID": 1056102000082, "正式名称": "前橋調剤薬局文京", "機関区分": 5, "都道府県コード": 10, "市区町村コード": 201, "所在地": "群馬県前橋市文京町３－１７－１７", "緯度": 36.379668, "経度": 139.085037, "url": "https://www.iryou.teikyouseido.mhlw.go.jp/znk-web/juminkanja/S2430/initialize?prefCd=10&kikanCd=6102000082&kikanKbn=5", "url2": null, "内容": "前橋調剤薬局文京【5:薬局】群馬県前橋市文京町３－１７－１７" }, "geometry": { "type": "Point", "coordinates": [ 139.085037, 36.379668 ] } },
{ "type": "Feature", "properties": { "ID": 1056102000083, "正式名称": "共創未来　前橋東薬局", "機関区分": 5, "都道府県コード": 10, "市区町村コード": 201, "所在地": "群馬県前橋市上泉町２８６４－３", "緯度": 36.407832, "経度": 139.128532, "url": "https://www.iryou.teikyouseido.mhlw.go.jp/znk-web/juminkanja/S2430/initialize?prefCd=10&kikanCd=6102000083&kikanKbn=5", "url2": "http://phmirai.co.jp/", "内容": "共創未来　前橋東薬局【5:薬局】群馬県前橋市上泉町２８６４－３" }, "geometry": { "type": "Point", "coordinates": [ 139.128532, 36.407832 ] } },
{ "type": "Feature", "properties": { "ID": 1056102000086, "正式名称": "マルエ薬局", "機関区分": 5, "都道府県コード": 10, "市区町村コード": 201, "所在地": "群馬県前橋市亀泉町３－４４", "緯度": 36.407944, "経度": 139.129643, "url": "https://www.iryou.teikyouseido.mhlw.go.jp/znk-web/juminkanja/S2430/initialize?prefCd=10&kikanCd=6102000086&kikanKbn=5", "url2": "https://marue-drug.co.jp/", "内容": "マルエ薬局【5:薬局】群馬県前橋市亀泉町３－４４" }, "geometry": { "type": "Point", "coordinates": [ 139.129643, 36.407944 ] } },
{ "type": "Feature", "properties": { "ID": 1056102000087, "正式名称": "マルエ薬局大胡店", "機関区分": 5, "都道府県コード": 10, "市区町村コード": 201, "所在地": "群馬県前橋市堀越町３６４ー１", "緯度": 36.411249, "経度": 139.148253, "url": "https://www.iryou.teikyouseido.mhlw.go.jp/znk-web/juminkanja/S2430/initialize?prefCd=10&kikanCd=6102000087&kikanKbn=5", "url2": "http://www.marue-drug.co.jp/", "内容": "マルエ薬局大胡店【5:薬局】群馬県前橋市堀越町３６４ー１" }, "geometry": { "type": "Point", "coordinates": [ 139.148253, 36.411249 ] } },
{ "type": "Feature", "properties": { "ID": 1056102000088, "正式名称": "みなみ薬局", "機関区分": 5, "都道府県コード": 10, "市区町村コード": 201, "所在地": "群馬県前橋市南町３－１１－１", "緯度": 36.382992, "経度": 139.073913, "url": "https://www.iryou.teikyouseido.mhlw.go.jp/znk-web/juminkanja/S2430/initialize?prefCd=10&kikanCd=6102000088&kikanKbn=5", "url2": "http://www.curex-ph.com/", "内容": "みなみ薬局【5:薬局】群馬県前橋市南町３－１１－１" }, "geometry": { "type": "Point", "coordinates": [ 139.073913, 36.382992 ] } },
{ "type": "Feature", "properties": { "ID": 1056102000089, "正式名称": "茂木薬局", "機関区分": 5, "都道府県コード": 10, "市区町村コード": 201, "所在地": "群馬県前橋市元総社町", "緯度": 36.385139, "経度": 139.034152, "url": "https://www.iryou.teikyouseido.mhlw.go.jp/znk-web/juminkanja/S2430/initialize?prefCd=10&kikanCd=6102000089&kikanKbn=5", "url2": null, "内容": "茂木薬局【5:薬局】群馬県前橋市元総社町" }, "geometry": { "type": "Point", "coordinates": [ 139.034152, 36.385139 ] } },
{ "type": "Feature", "properties": { "ID": 1056102000090, "正式名称": "もものせ調剤薬局", "機関区分": 5, "都道府県コード": 10, "市区町村コード": 201, "所在地": "群馬県前橋市西片貝町３丁目２８８－４", "緯度": 36.386751, "経度": 139.098425, "url": "https://www.iryou.teikyouseido.mhlw.go.jp/znk-web/juminkanja/S2430/initialize?prefCd=10&kikanCd=6102000090&kikanKbn=5", "url2": "https://oriduru.com/shop/momonose/", "内容": "もものせ調剤薬局【5:薬局】群馬県前橋市西片貝町３丁目２８８－４" }, "geometry": { "type": "Point", "coordinates": [ 139.098425, 36.386751 ] } },
{ "type": "Feature", "properties": { "ID": 1056102000091, "正式名称": "薬師堂相談薬局", "機関区分": 5, "都道府県コード": 10, "市区町村コード": 201, "所在地": "群馬県前橋市東片貝町８４０－１", "緯度": 36.381418, "経度": 139.103619, "url": "https://www.iryou.teikyouseido.mhlw.go.jp/znk-web/juminkanja/S2430/initialize?prefCd=10&kikanCd=6102000091&kikanKbn=5", "url2": "http://kigusuri.com/shop/yakushido/", "内容": "薬師堂相談薬局【5:薬局】群馬県前橋市東片貝町８４０－１" }, "geometry": { "type": "Point", "coordinates": [ 139.103619, 36.381418 ] } },
{ "type": "Feature", "properties": { "ID": 1056102000092, "正式名称": "ユーカリ薬局", "機関区分": 5, "都道府県コード": 10, "市区町村コード": 201, "所在地": "群馬県前橋市城東町２－１１－６和泉ビル１Ｆ", "緯度": 36.393, "経度": 139.075537, "url": "https://www.iryou.teikyouseido.mhlw.go.jp/znk-web/juminkanja/S2430/initialize?prefCd=10&kikanCd=6102000092&kikanKbn=5", "url2": null, "内容": "ユーカリ薬局【5:薬局】群馬県前橋市城東町２－１１－６和泉ビル１Ｆ" }, "geometry": { "type": "Point", "coordinates": [ 139.075537, 36.393 ] } },
{ "type": "Feature", "properties": { "ID": 1056102000094, "正式名称": "若宮調剤薬局", "機関区分": 5, "都道府県コード": 10, "市区町村コード": 201, "所在地": "群馬県前橋市若宮町１－１－１０", "緯度": 36.398666, "経度": 139.070315, "url": "https://www.iryou.teikyouseido.mhlw.go.jp/znk-web/juminkanja/S2430/initialize?prefCd=10&kikanCd=6102000094&kikanKbn=5", "url2": "https://www.wakamiyapharmacy.com/", "内容": "若宮調剤薬局【5:薬局】群馬県前橋市若宮町１－１－１０" }, "geometry": { "type": "Point", "coordinates": [ 139.070315, 36.398666 ] } },
{ "type": "Feature", "properties": { "ID": 1056102000097, "正式名称": "あい調剤薬局みやぎ店", "機関区分": 5, "都道府県コード": 10, "市区町村コード": 201, "所在地": "群馬県前橋市鼻毛石町６３７－４", "緯度": 36.43783, "経度": 139.180443, "url": "https://www.iryou.teikyouseido.mhlw.go.jp/znk-web/juminkanja/S2430/initialize?prefCd=10&kikanCd=6102000097&kikanKbn=5", "url2": "http://e-pharmacy.co.jp", "内容": "あい調剤薬局みやぎ店【5:薬局】群馬県前橋市鼻毛石町６３７－４" }, "geometry": { "type": "Point", "coordinates": [ 139.180443, 36.43783 ] } },
{ "type": "Feature", "properties": { "ID": 1056102000098, "正式名称": "アイセイ薬局大胡店", "機関区分": 5, "都道府県コード": 10, "市区町村コード": 201, "所在地": "群馬県前橋市樋越町８７４", "緯度": 36.412527, "経度": 139.171556, "url": "https://www.iryou.teikyouseido.mhlw.go.jp/znk-web/juminkanja/S2430/initialize?prefCd=10&kikanCd=6102000098&kikanKbn=5", "url2": "http://www.aisei.co.jp", "内容": "アイセイ薬局大胡店【5:薬局】群馬県前橋市樋越町８７４" }, "geometry": { "type": "Point", "coordinates": [ 139.171556, 36.412527 ] } },
{ "type": "Feature", "properties": { "ID": 1056102000102, "正式名称": "あい調剤薬局日吉店", "機関区分": 5, "都道府県コード": 10, "市区町村コード": 201, "所在地": "群馬県前橋市日吉町４－４－７", "緯度": 36.402999, "経度": 139.076009, "url": "https://www.iryou.teikyouseido.mhlw.go.jp/znk-web/juminkanja/S2430/initialize?prefCd=10&kikanCd=6102000102&kikanKbn=5", "url2": "http://e-pharmacy.co.jp", "内容": "あい調剤薬局日吉店【5:薬局】群馬県前橋市日吉町４－４－７" }, "geometry": { "type": "Point", "coordinates": [ 139.076009, 36.402999 ] } },
{ "type": "Feature", "properties": { "ID": 1056102000103, "正式名称": "あい調剤薬局上細井店", "機関区分": 5, "都道府県コード": 10, "市区町村コード": 201, "所在地": "群馬県前橋市上細井町２０６８－６", "緯度": 36.413664, "経度": 139.078786, "url": "https://www.iryou.teikyouseido.mhlw.go.jp/znk-web/juminkanja/S2430/initialize?prefCd=10&kikanCd=6102000103&kikanKbn=5", "url2": "http://e-pharmacy.co.jp", "内容": "あい調剤薬局上細井店【5:薬局】群馬県前橋市上細井町２０６８－６" }, "geometry": { "type": "Point", "coordinates": [ 139.078786, 36.413664 ] } },
{ "type": "Feature", "properties": { "ID": 1056102000104, "正式名称": "くるみ薬局", "機関区分": 5, "都道府県コード": 10, "市区町村コード": 201, "所在地": "群馬県前橋市江木町１２４８ー６", "緯度": 36.404106, "経度": 139.134169, "url": "https://www.iryou.teikyouseido.mhlw.go.jp/znk-web/juminkanja/S2430/initialize?prefCd=10&kikanCd=6102000104&kikanKbn=5", "url2": null, "内容": "くるみ薬局【5:薬局】群馬県前橋市江木町１２４８ー６" }, "geometry": { "type": "Point", "coordinates": [ 139.134169, 36.404106 ] } },
{ "type": "Feature", "properties": { "ID": 1056102000108, "正式名称": "マルエ薬局川原店", "機関区分": 5, "都道府県コード": 10, "市区町村コード": 201, "所在地": "群馬県前橋市川原町１－４９－７", "緯度": 36.426801, "経度": 139.0399, "url": "https://www.iryou.teikyouseido.mhlw.go.jp/znk-web/juminkanja/S2430/initialize?prefCd=10&kikanCd=6102000108&kikanKbn=5", "url2": "http://www.marue-drug.co.jp/", "内容": "マルエ薬局川原店【5:薬局】群馬県前橋市川原町１－４９－７" }, "geometry": { "type": "Point", "coordinates": [ 139.0399, 36.426801 ] } },
{ "type": "Feature", "properties": { "ID": 1056102000109, "正式名称": "ユニスマイル薬局　おぎくぼ店", "機関区分": 5, "都道府県コード": 10, "市区町村コード": 201, "所在地": "群馬県前橋市荻窪町１２００－３", "緯度": 36.411193, "経度": 139.135615, "url": "https://www.iryou.teikyouseido.mhlw.go.jp/znk-web/juminkanja/S2430/initialize?prefCd=10&kikanCd=6102000109&kikanKbn=5", "url2": "https://unismile.co.jp/shop/ogikubo/", "内容": "ユニスマイル薬局　おぎくぼ店【5:薬局】群馬県前橋市荻窪町１２００－３" }, "geometry": { "type": "Point", "coordinates": [ 139.135615, 36.411193 ] } },
{ "type": "Feature", "properties": { "ID": 1056102000110, "正式名称": "調剤薬局元気の森", "機関区分": 5, "都道府県コード": 10, "市区町村コード": 201, "所在地": "群馬県前橋市西片貝町３－１２３－２", "緯度": 36.385779, "経度": 139.098036, "url": "https://www.iryou.teikyouseido.mhlw.go.jp/znk-web/juminkanja/S2430/initialize?prefCd=10&kikanCd=6102000110&kikanKbn=5", "url2": "http://oriduru.com", "内容": "調剤薬局元気の森【5:薬局】群馬県前橋市西片貝町３－１２３－２" }, "geometry": { "type": "Point", "coordinates": [ 139.098036, 36.385779 ] } },
{ "type": "Feature", "properties": { "ID": 1056102000111, "正式名称": "ふぁいん薬局　駒形", "機関区分": 5, "都道府県コード": 10, "市区町村コード": 201, "所在地": "群馬県前橋市上増田町４２２－３", "緯度": 36.35555, "経度": 139.147125, "url": "https://www.iryou.teikyouseido.mhlw.go.jp/znk-web/juminkanja/S2430/initialize?prefCd=10&kikanCd=6102000111&kikanKbn=5", "url2": "http://finegroup.jp", "内容": "ふぁいん薬局　駒形【5:薬局】群馬県前橋市上増田町４２２－３" }, "geometry": { "type": "Point", "coordinates": [ 139.147125, 36.35555 ] } },
{ "type": "Feature", "properties": { "ID": 1056102000112, "正式名称": "アイケイ薬局中居店", "機関区分": 5, "都道府県コード": 10, "市区町村コード": 202, "所在地": "群馬県高崎市中居町４ー１７ー１２", "緯度": 36.313708, "経度": 139.041108, "url": "https://www.iryou.teikyouseido.mhlw.go.jp/znk-web/juminkanja/S2430/initialize?prefCd=10&kikanCd=6102000112&kikanKbn=5", "url2": "http://ikph.jp", "内容": "アイケイ薬局中居店【5:薬局】群馬県高崎市中居町４ー１７ー１２" }, "geometry": { "type": "Point", "coordinates": [ 139.041108, 36.313708 ] } },
{ "type": "Feature", "properties": { "ID": 1056102000113, "正式名称": "アイケイ薬局倉賀野店", "機関区分": 5, "都道府県コード": 10, "市区町村コード": 202, "所在地": "群馬県高崎市倉賀野町８３６－６", "緯度": 36.296121, "経度": 139.041239, "url": "https://www.iryou.teikyouseido.mhlw.go.jp/znk-web/juminkanja/S2430/initialize?prefCd=10&kikanCd=6102000113&kikanKbn=5", "url2": "http://ikph.jp/", "内容": "アイケイ薬局倉賀野店【5:薬局】群馬県高崎市倉賀野町８３６－６" }, "geometry": { "type": "Point", "coordinates": [ 139.041239, 36.296121 ] } },
{ "type": "Feature", "properties": { "ID": 1056102000114, "正式名称": "アイリス薬局", "機関区分": 5, "都道府県コード": 10, "市区町村コード": 202, "所在地": "群馬県高崎市島野町１０１９－３", "緯度": 36.34231, "経度": 139.051903, "url": "https://www.iryou.teikyouseido.mhlw.go.jp/znk-web/juminkanja/S2430/initialize?prefCd=10&kikanCd=6102000114&kikanKbn=5", "url2": null, "内容": "アイリス薬局【5:薬局】群馬県高崎市島野町１０１９－３" }, "geometry": { "type": "Point", "coordinates": [ 139.051903, 36.34231 ] } },
{ "type": "Feature", "properties": { "ID": 1056102000117, "正式名称": "ユニスマイル薬局　あゆみ店", "機関区分": 5, "都道府県コード": 10, "市区町村コード": 202, "所在地": "群馬県高崎市八島町２２２高崎ターミナルビル西口１Ｆ", "緯度": 36.322867, "経度": 139.012962, "url": "https://www.iryou.teikyouseido.mhlw.go.jp/znk-web/juminkanja/S2430/initialize?prefCd=10&kikanCd=6102000117&kikanKbn=5", "url2": "http://www.unismile.co.jp", "内容": "ユニスマイル薬局　あゆみ店【5:薬局】群馬県高崎市八島町２２２高崎ターミナルビル西口１Ｆ" }, "geometry": { "type": "Point", "coordinates": [ 139.012962, 36.322867 ] } },
{ "type": "Feature", "properties": { "ID": 1056102000119, "正式名称": "アルプ薬局緑町店", "機関区分": 5, "都道府県コード": 10, "市区町村コード": 202, "所在地": "群馬県高崎市緑町１－７－２", "緯度": 36.35042, "経度": 139.002045, "url": "https://www.iryou.teikyouseido.mhlw.go.jp/znk-web/juminkanja/S2430/initialize?prefCd=10&kikanCd=6102000119&kikanKbn=5", "url2": null, "内容": "アルプ薬局緑町店【5:薬局】群馬県高崎市緑町１－７－２" }, "geometry": { "type": "Point", "coordinates": [ 139.002045, 36.35042 ] } },
{ "type": "Feature", "properties": { "ID": 1056102000121, "正式名称": "いずみ薬局高崎店", "機関区分": 5, "都道府県コード": 10, "市区町村コード": 202, "所在地": "群馬県高崎市島野町１４２３", "緯度": 36.347782, "経度": 139.04732, "url": "https://www.iryou.teikyouseido.mhlw.go.jp/znk-web/juminkanja/S2430/initialize?prefCd=10&kikanCd=6102000121&kikanKbn=5", "url2": "http://izumi-group.com", "内容": "いずみ薬局高崎店【5:薬局】群馬県高崎市島野町１４２３" }, "geometry": { "type": "Point", "coordinates": [ 139.04732, 36.347782 ] } },
{ "type": "Feature", "properties": { "ID": 1056102000123, "正式名称": "イムノ高崎調剤薬局", "機関区分": 5, "都道府県コード": 10, "市区町村コード": 202, "所在地": "群馬県高崎市綿貫町１３０３－３", "緯度": 36.303898, "経度": 139.08168, "url": "https://www.iryou.teikyouseido.mhlw.go.jp/znk-web/juminkanja/S2430/initialize?prefCd=10&kikanCd=6102000123&kikanKbn=5", "url2": "http://immuno-pharmacy.com/index.htm", "内容": "イムノ高崎調剤薬局【5:薬局】群馬県高崎市綿貫町１３０３－３" }, "geometry": { "type": "Point", "coordinates": [ 139.08168, 36.303898 ] } },
{ "type": "Feature", "properties": { "ID": 1056102000124, "正式名称": "共創未来　いわはな薬局", "機関区分": 5, "都道府県コード": 10, "市区町村コード": 202, "所在地": "群馬県高崎市岩鼻町２５９－３", "緯度": 36.292927, "経度": 139.074848, "url": "https://www.iryou.teikyouseido.mhlw.go.jp/znk-web/juminkanja/S2430/initialize?prefCd=10&kikanCd=6102000124&kikanKbn=5", "url2": "http://www.phmirai.co.jp/", "内容": "共創未来　いわはな薬局【5:薬局】群馬県高崎市岩鼻町２５９－３" }, "geometry": { "type": "Point", "coordinates": [ 139.074848, 36.292927 ] } },
{ "type": "Feature", "properties": { "ID": 1056102000125, "正式名称": "ウエルシア薬局高崎上佐野店", "機関区分": 5, "都道府県コード": 10, "市区町村コード": 202, "所在地": "群馬県高崎市上佐野町字粕沢９０７ー１", "緯度": 36.306397, "経度": 139.026823, "url": "https://www.iryou.teikyouseido.mhlw.go.jp/znk-web/juminkanja/S2430/initialize?prefCd=10&kikanCd=6102000125&kikanKbn=5", "url2": "http://www.welcia-yakkyoku.co.jp/", "内容": "ウエルシア薬局高崎上佐野店【5:薬局】群馬県高崎市上佐野町字粕沢９０７ー１" }, "geometry": { "type": "Point", "coordinates": [ 139.026823, 36.306397 ] } },
{ "type": "Feature", "properties": { "ID": 1056102000126, "正式名称": "ウエルシア薬局高崎貝沢店", "機関区分": 5, "都道府県コード": 10, "市区町村コード": 202, "所在地": "群馬県高崎市貝沢町９６０－１", "緯度": 36.344811, "経度": 139.020087, "url": "https://www.iryou.teikyouseido.mhlw.go.jp/znk-web/juminkanja/S2430/initialize?prefCd=10&kikanCd=6102000126&kikanKbn=5", "url2": "https://stores.welcia.co.jp/66D", "内容": "ウエルシア薬局高崎貝沢店【5:薬局】群馬県高崎市貝沢町９６０－１" }, "geometry": { "type": "Point", "coordinates": [ 139.020087, 36.344811 ] } },
{ "type": "Feature", "properties": { "ID": 1056102000128, "正式名称": "駅前アサヒ薬局", "機関区分": 5, "都道府県コード": 10, "市区町村コード": 202, "所在地": "群馬県高崎市新町２２７３－８", "緯度": 36.275152, "経度": 139.107485, "url": "https://www.iryou.teikyouseido.mhlw.go.jp/znk-web/juminkanja/S2430/initialize?prefCd=10&kikanCd=6102000128&kikanKbn=5", "url2": null, "内容": "駅前アサヒ薬局【5:薬局】群馬県高崎市新町２２７３－８" }, "geometry": { "type": "Point", "coordinates": [ 139.107485, 36.275152 ] } },
{ "type": "Feature", "properties": { "ID": 1056102000132, "正式名称": "オレンジ薬局", "機関区分": 5, "都道府県コード": 10, "市区町村コード": 202, "所在地": "群馬県高崎市新田町６－８", "緯度": 36.319229, "経度": 139.007796, "url": "https://www.iryou.teikyouseido.mhlw.go.jp/znk-web/juminkanja/S2430/initialize?prefCd=10&kikanCd=6102000132&kikanKbn=5", "url2": null, "内容": "オレンジ薬局【5:薬局】群馬県高崎市新田町６－８" }, "geometry": { "type": "Point", "coordinates": [ 139.007796, 36.319229 ] } },
{ "type": "Feature", "properties": { "ID": 1056102000133, "正式名称": "有限会社　快晴堂薬局", "機関区分": 5, "都道府県コード": 10, "市区町村コード": 202, "所在地": "群馬県高崎市八島町", "緯度": 36.322201, "経度": 139.009824, "url": "https://www.iryou.teikyouseido.mhlw.go.jp/znk-web/juminkanja/S2430/initialize?prefCd=10&kikanCd=6102000133&kikanKbn=5", "url2": null, "内容": "有限会社　快晴堂薬局【5:薬局】群馬県高崎市八島町" }, "geometry": { "type": "Point", "coordinates": [ 139.009824, 36.322201 ] } },
{ "type": "Feature", "properties": { "ID": 1056102000134, "正式名称": "かじ町薬局", "機関区分": 5, "都道府県コード": 10, "市区町村コード": 202, "所在地": "群馬県高崎市下横町１４－１３", "緯度": 36.321478, "経度": 139.006546, "url": "https://www.iryou.teikyouseido.mhlw.go.jp/znk-web/juminkanja/S2430/initialize?prefCd=10&kikanCd=6102000134&kikanKbn=5", "url2": "http://www.pharmarise.com/index.php", "内容": "かじ町薬局【5:薬局】群馬県高崎市下横町１４－１３" }, "geometry": { "type": "Point", "coordinates": [ 139.006546, 36.321478 ] } },
{ "type": "Feature", "properties": { "ID": 1056102000135, "正式名称": "神山薬局", "機関区分": 5, "都道府県コード": 10, "市区町村コード": 202, "所在地": "群馬県高崎市上里見町１６５４－２", "緯度": 36.379415, "経度": 138.884415, "url": "https://www.iryou.teikyouseido.mhlw.go.jp/znk-web/juminkanja/S2430/initialize?prefCd=10&kikanCd=6102000135&kikanKbn=5", "url2": "https://www.phstr.co.jp/kamiyama", "内容": "神山薬局【5:薬局】群馬県高崎市上里見町１６５４－２" }, "geometry": { "type": "Point", "coordinates": [ 138.884415, 36.379415 ] } },
{ "type": "Feature", "properties": { "ID": 1056102000136, "正式名称": "観音寺薬局", "機関区分": 5, "都道府県コード": 10, "市区町村コード": 202, "所在地": "群馬県高崎市棟高町８８６－３", "緯度": 36.392887, "経度": 138.999072, "url": "https://www.iryou.teikyouseido.mhlw.go.jp/znk-web/juminkanja/S2430/initialize?prefCd=10&kikanCd=6102000136&kikanKbn=5", "url2": null, "内容": "観音寺薬局【5:薬局】群馬県高崎市棟高町８８６－３" }, "geometry": { "type": "Point", "coordinates": [ 138.999072, 36.392887 ] } },
{ "type": "Feature", "properties": { "ID": 1056102000137, "正式名称": "きくま薬局", "機関区分": 5, "都道府県コード": 10, "市区町村コード": 202, "所在地": "群馬県高崎市本郷町１１５６－３", "緯度": 36.361941, "経度": 138.94518, "url": "https://www.iryou.teikyouseido.mhlw.go.jp/znk-web/juminkanja/S2430/initialize?prefCd=10&kikanCd=6102000137&kikanKbn=5", "url2": null, "内容": "きくま薬局【5:薬局】群馬県高崎市本郷町１１５６－３" }, "geometry": { "type": "Point", "coordinates": [ 138.94518, 36.361941 ] } },
{ "type": "Feature", "properties": { "ID": 1056102000139, "正式名称": "きりん薬局", "機関区分": 5, "都道府県コード": 10, "市区町村コード": 202, "所在地": "群馬県高崎市飯塚町２５９－３", "緯度": 36.346837, "経度": 139.000212, "url": "https://www.iryou.teikyouseido.mhlw.go.jp/znk-web/juminkanja/S2430/initialize?prefCd=10&kikanCd=6102000139&kikanKbn=5", "url2": null, "内容": "きりん薬局【5:薬局】群馬県高崎市飯塚町２５９－３" }, "geometry": { "type": "Point", "coordinates": [ 139.000212, 36.346837 ] } },
{ "type": "Feature", "properties": { "ID": 1056102000140, "正式名称": "きりん薬局群馬町店", "機関区分": 5, "都道府県コード": 10, "市区町村コード": 202, "所在地": "群馬県高崎市金古町７０６－１", "緯度": 36.402858, "経度": 138.997932, "url": "https://www.iryou.teikyouseido.mhlw.go.jp/znk-web/juminkanja/S2430/initialize?prefCd=10&kikanCd=6102000140&kikanKbn=5", "url2": null, "内容": "きりん薬局群馬町店【5:薬局】群馬県高崎市金古町７０６－１" }, "geometry": { "type": "Point", "coordinates": [ 138.997932, 36.402858 ] } },
{ "type": "Feature", "properties": { "ID": 1056102000142, "正式名称": "株式会社クロサワ薬局東口支店", "機関区分": 5, "都道府県コード": 10, "市区町村コード": 202, "所在地": "群馬県高崎市栄町１４－１　イーストセンタービル", "緯度": 36.321784, "経度": 139.01474, "url": "https://www.iryou.teikyouseido.mhlw.go.jp/znk-web/juminkanja/S2430/initialize?prefCd=10&kikanCd=6102000142&kikanKbn=5", "url2": "http://www.e-kurosawa.com", "内容": "株式会社クロサワ薬局東口支店【5:薬局】群馬県高崎市栄町１４－１　イーストセンタービル" }, "geometry": { "type": "Point", "coordinates": [ 139.01474, 36.321784 ] } },
{ "type": "Feature", "properties": { "ID": 1056102000144, "正式名称": "アイン薬局くらがの店", "機関区分": 5, "都道府県コード": 10, "市区町村コード": 202, "所在地": "群馬県高崎市倉賀野町４９ー１", "緯度": 36.302481, "経度": 139.029629, "url": "https://www.iryou.teikyouseido.mhlw.go.jp/znk-web/juminkanja/S2430/initialize?prefCd=10&kikanCd=6102000144&kikanKbn=5", "url2": "http://www.ainj.co.jp", "内容": "アイン薬局くらがの店【5:薬局】群馬県高崎市倉賀野町４９ー１" }, "geometry": { "type": "Point", "coordinates": [ 139.029629, 36.302481 ] } },
{ "type": "Feature", "properties": { "ID": 1056102000145, "正式名称": "アイン薬局　たかさき店", "機関区分": 5, "都道府県コード": 10, "市区町村コード": 202, "所在地": "群馬県高崎市下小鳥町１３１０―６", "緯度": 36.348448, "経度": 139.000018, "url": "https://www.iryou.teikyouseido.mhlw.go.jp/znk-web/juminkanja/S2430/initialize?prefCd=10&kikanCd=6102000145&kikanKbn=5", "url2": "https://www.ainj.co.jp/", "内容": "アイン薬局　たかさき店【5:薬局】群馬県高崎市下小鳥町１３１０―６" }, "geometry": { "type": "Point", "coordinates": [ 139.000018, 36.348448 ] } },
{ "type": "Feature", "properties": { "ID": 1056102000146, "正式名称": "ユニスマイル薬局　飯塚店", "機関区分": 5, "都道府県コード": 10, "市区町村コード": 202, "所在地": "群馬県高崎市飯塚町６９７－５", "緯度": 36.341073, "経度": 139.003787, "url": "https://www.iryou.teikyouseido.mhlw.go.jp/znk-web/juminkanja/S2430/initialize?prefCd=10&kikanCd=6102000146&kikanKbn=5", "url2": "https://unismile.co.jp", "内容": "ユニスマイル薬局　飯塚店【5:薬局】群馬県高崎市飯塚町６９７－５" }, "geometry": { "type": "Point", "coordinates": [ 139.003787, 36.341073 ] } },
{ "type": "Feature", "properties": { "ID": 1056102000149, "正式名称": "髙野薬局", "機関区分": 5, "都道府県コード": 10, "市区町村コード": 202, "所在地": "群馬県高崎市貝沢町１２４１－１", "緯度": 36.341004, "経度": 139.02696, "url": "https://www.iryou.teikyouseido.mhlw.go.jp/znk-web/juminkanja/S2430/initialize?prefCd=10&kikanCd=6102000149&kikanKbn=5", "url2": null, "内容": "髙野薬局【5:薬局】群馬県高崎市貝沢町１２４１－１" }, "geometry": { "type": "Point", "coordinates": [ 139.02696, 36.341004 ] } },
{ "type": "Feature", "properties": { "ID": 1056102000150, "正式名称": "こくふ薬局", "機関区分": 5, "都道府県コード": 10, "市区町村コード": 202, "所在地": "群馬県高崎市西国分町１３９－４", "緯度": 36.403303, "経度": 139.008931, "url": "https://www.iryou.teikyouseido.mhlw.go.jp/znk-web/juminkanja/S2430/initialize?prefCd=10&kikanCd=6102000150&kikanKbn=5", "url2": null, "内容": "こくふ薬局【5:薬局】群馬県高崎市西国分町１３９－４" }, "geometry": { "type": "Point", "coordinates": [ 139.008931, 36.403303 ] } },
{ "type": "Feature", "properties": { "ID": 1056102000152, "正式名称": "さくら薬局", "機関区分": 5, "都道府県コード": 10, "市区町村コード": 202, "所在地": "群馬県高崎市柴崎町６１－２", "緯度": 36.310508, "経度": 139.055959, "url": "https://www.iryou.teikyouseido.mhlw.go.jp/znk-web/juminkanja/S2430/initialize?prefCd=10&kikanCd=6102000152&kikanKbn=5", "url2": null, "内容": "さくら薬局【5:薬局】群馬県高崎市柴崎町６１－２" }, "geometry": { "type": "Point", "coordinates": [ 139.055959, 36.310508 ] } },
{ "type": "Feature", "properties": { "ID": 1056102000154, "正式名称": "株式会社　佐鳥薬局", "機関区分": 5, "都道府県コード": 10, "市区町村コード": 202, "所在地": "群馬県高崎市東町８０－７", "緯度": 36.326867, "経度": 139.01424, "url": "https://www.iryou.teikyouseido.mhlw.go.jp/znk-web/juminkanja/S2430/initialize?prefCd=10&kikanCd=6102000154&kikanKbn=5", "url2": null, "内容": "株式会社　佐鳥薬局【5:薬局】群馬県高崎市東町８０－７" }, "geometry": { "type": "Point", "coordinates": [ 139.01424, 36.326867 ] } },
{ "type": "Feature", "properties": { "ID": 1056102000155, "正式名称": "共創未来　沙羅薬局", "機関区分": 5, "都道府県コード": 10, "市区町村コード": 202, "所在地": "群馬県高崎市檜物町１２９", "緯度": 36.323089, "経度": 139.006213, "url": "https://www.iryou.teikyouseido.mhlw.go.jp/znk-web/juminkanja/S2430/initialize?prefCd=10&kikanCd=6102000155&kikanKbn=5", "url2": "https://www.phmirai.co.jp/shops/detail.php?id=187", "内容": "共創未来　沙羅薬局【5:薬局】群馬県高崎市檜物町１２９" }, "geometry": { "type": "Point", "coordinates": [ 139.006213, 36.323089 ] } },
{ "type": "Feature", "properties": { "ID": 1056102000156, "正式名称": "ショーワ薬局", "機関区分": 5, "都道府県コード": 10, "市区町村コード": 202, "所在地": "群馬県高崎市檜物町１０１　シンフォニア高崎城址１Ｆ", "緯度": 36.323645, "経度": 139.004352, "url": "https://www.iryou.teikyouseido.mhlw.go.jp/znk-web/juminkanja/S2430/initialize?prefCd=10&kikanCd=6102000156&kikanKbn=5", "url2": null, "内容": "ショーワ薬局【5:薬局】群馬県高崎市檜物町１０１　シンフォニア高崎城址１Ｆ" }, "geometry": { "type": "Point", "coordinates": [ 139.004352, 36.323645 ] } },
{ "type": "Feature", "properties": { "ID": 1056102000157, "正式名称": "上毛調剤薬局", "機関区分": 5, "都道府県コード": 10, "市区町村コード": 202, "所在地": "群馬県高崎市棟高町１０７０－６", "緯度": 36.395609, "経度": 139.005349, "url": "https://www.iryou.teikyouseido.mhlw.go.jp/znk-web/juminkanja/S2430/initialize?prefCd=10&kikanCd=6102000157&kikanKbn=5", "url2": null, "内容": "上毛調剤薬局【5:薬局】群馬県高崎市棟高町１０７０－６" }, "geometry": { "type": "Point", "coordinates": [ 139.005349, 36.395609 ] } },
{ "type": "Feature", "properties": { "ID": 1056102000158, "正式名称": "クオール薬局中泉町店", "機関区分": 5, "都道府県コード": 10, "市区町村コード": 202, "所在地": "群馬県高崎市中泉町６１３－２", "緯度": 36.371334, "経度": 139.003655, "url": "https://www.iryou.teikyouseido.mhlw.go.jp/znk-web/juminkanja/S2430/initialize?prefCd=10&kikanCd=6102000158&kikanKbn=5", "url2": "http://www.qol-net.co.jp/", "内容": "クオール薬局中泉町店【5:薬局】群馬県高崎市中泉町６１３－２" }, "geometry": { "type": "Point", "coordinates": [ 139.003655, 36.371334 ] } },
{ "type": "Feature", "properties": { "ID": 1056102000159, "正式名称": "関根薬局", "機関区分": 5, "都道府県コード": 10, "市区町村コード": 202, "所在地": "群馬県高崎市片岡町１－１９－１２", "緯度": 36.318173, "経度": 138.996047, "url": "https://www.iryou.teikyouseido.mhlw.go.jp/znk-web/juminkanja/S2430/initialize?prefCd=10&kikanCd=6102000159&kikanKbn=5", "url2": null, "内容": "関根薬局【5:薬局】群馬県高崎市片岡町１－１９－１２" }, "geometry": { "type": "Point", "coordinates": [ 138.996047, 36.318173 ] } },
{ "type": "Feature", "properties": { "ID": 1056102000160, "正式名称": "そうごう薬局　井野店", "機関区分": 5, "都道府県コード": 10, "市区町村コード": 202, "所在地": "群馬県高崎市井野町１１２１－７", "緯度": 36.353253, "経度": 139.026654, "url": "https://www.iryou.teikyouseido.mhlw.go.jp/znk-web/juminkanja/S2430/initialize?prefCd=10&kikanCd=6102000160&kikanKbn=5", "url2": "http://www.sogo-medical.co.jp/sogopharmacy/cgi-bin/area_index.html", "内容": "そうごう薬局　井野店【5:薬局】群馬県高崎市井野町１１２１－７" }, "geometry": { "type": "Point", "coordinates": [ 139.026654, 36.353253 ] } },
{ "type": "Feature", "properties": { "ID": 1056102000161, "正式名称": "そうごう薬局佐野店", "機関区分": 5, "都道府県コード": 10, "市区町村コード": 202, "所在地": "群馬県高崎市倉賀野町３１－３", "緯度": 36.303526, "経度": 139.02815, "url": "https://www.iryou.teikyouseido.mhlw.go.jp/znk-web/juminkanja/S2430/initialize?prefCd=10&kikanCd=6102000161&kikanKbn=5", "url2": "https://www.sogo-pharmacy.jp/shop/view/243", "内容": "そうごう薬局佐野店【5:薬局】群馬県高崎市倉賀野町３１－３" }, "geometry": { "type": "Point", "coordinates": [ 139.02815, 36.303526 ] } },
{ "type": "Feature", "properties": { "ID": 1056102000162, "正式名称": "そうごう薬局高崎店", "機関区分": 5, "都道府県コード": 10, "市区町村コード": 202, "所在地": "群馬県高崎市連雀町１１－４", "緯度": 36.324978, "経度": 139.007852, "url": "https://www.iryou.teikyouseido.mhlw.go.jp/znk-web/juminkanja/S2430/initialize?prefCd=10&kikanCd=6102000162&kikanKbn=5", "url2": null, "内容": "そうごう薬局高崎店【5:薬局】群馬県高崎市連雀町１１－４" }, "geometry": { "type": "Point", "coordinates": [ 139.007852, 36.324978 ] } },
{ "type": "Feature", "properties": { "ID": 1056102000165, "正式名称": "ダリヤ北原薬局", "機関区分": 5, "都道府県コード": 10, "市区町村コード": 202, "所在地": "群馬県高崎市北原町２９－１", "緯度": 36.40622, "経度": 139.024791, "url": "https://www.iryou.teikyouseido.mhlw.go.jp/znk-web/juminkanja/S2430/initialize?prefCd=10&kikanCd=6102000165&kikanKbn=5", "url2": null, "内容": "ダリヤ北原薬局【5:薬局】群馬県高崎市北原町２９－１" }, "geometry": { "type": "Point", "coordinates": [ 139.024791, 36.40622 ] } },
{ "type": "Feature", "properties": { "ID": 1056102000168, "正式名称": "高崎漢方薬局", "機関区分": 5, "都道府県コード": 10, "市区町村コード": 202, "所在地": "群馬県高崎市田町８６－４　ライオンズマンション高崎田町１０１", "緯度": 36.326839, "経度": 139.007129, "url": "https://www.iryou.teikyouseido.mhlw.go.jp/znk-web/juminkanja/S2430/initialize?prefCd=10&kikanCd=6102000168&kikanKbn=5", "url2": "http://www.takasaki-kanpou.com/", "内容": "高崎漢方薬局【5:薬局】群馬県高崎市田町８６－４　ライオンズマンション高崎田町１０１" }, "geometry": { "type": "Point", "coordinates": [ 139.007129, 36.326839 ] } },
{ "type": "Feature", "properties": { "ID": 1056102000169, "正式名称": "高崎相生薬局", "機関区分": 5, "都道府県コード": 10, "市区町村コード": 202, "所在地": "群馬県高崎市相生町１－４", "緯度": 36.331977, "経度": 139.000741, "url": "https://www.iryou.teikyouseido.mhlw.go.jp/znk-web/juminkanja/S2430/initialize?prefCd=10&kikanCd=6102000169&kikanKbn=5", "url2": null, "内容": "高崎相生薬局【5:薬局】群馬県高崎市相生町１－４" }, "geometry": { "type": "Point", "coordinates": [ 139.000741, 36.331977 ] } },
{ "type": "Feature", "properties": { "ID": 1056102000170, "正式名称": "イオン薬局　高崎店", "機関区分": 5, "都道府県コード": 10, "市区町村コード": 202, "所在地": "群馬県高崎市棟高町１４００　イオンモール高崎１Ｆ", "緯度": 36.390054, "経度": 139.006849, "url": "https://www.iryou.teikyouseido.mhlw.go.jp/znk-web/juminkanja/S2430/initialize?prefCd=10&kikanCd=6102000170&kikanKbn=5", "url2": null, "内容": "イオン薬局　高崎店【5:薬局】群馬県高崎市棟高町１４００　イオンモール高崎１Ｆ" }, "geometry": { "type": "Point", "coordinates": [ 139.006849, 36.390054 ] } },
{ "type": "Feature", "properties": { "ID": 1056102000171, "正式名称": "共創未来たかぜき薬局", "機関区分": 5, "都道府県コード": 10, "市区町村コード": 202, "所在地": "群馬県高崎市高関町３９２－１", "緯度": 36.327339, "経度": 139.031988, "url": "https://www.iryou.teikyouseido.mhlw.go.jp/znk-web/juminkanja/S2430/initialize?prefCd=10&kikanCd=6102000171&kikanKbn=5", "url2": "http://www.phmirai.co.jp/", "内容": "共創未来たかぜき薬局【5:薬局】群馬県高崎市高関町３９２－１" }, "geometry": { "type": "Point", "coordinates": [ 139.031988, 36.327339 ] } },
{ "type": "Feature", "properties": { "ID": 1056102000173, "正式名称": "たんぽぽ薬局", "機関区分": 5, "都道府県コード": 10, "市区町村コード": 202, "所在地": "群馬県高崎市上中居町３８０－３", "緯度": 36.315285, "経度": 139.027267, "url": "https://www.iryou.teikyouseido.mhlw.go.jp/znk-web/juminkanja/S2430/initialize?prefCd=10&kikanCd=6102000173&kikanKbn=5", "url2": "http://www.pharmarise.com", "内容": "たんぽぽ薬局【5:薬局】群馬県高崎市上中居町３８０－３" }, "geometry": { "type": "Point", "coordinates": [ 139.027267, 36.315285 ] } },
{ "type": "Feature", "properties": { "ID": 1056102000175, "正式名称": "中医研薬局", "機関区分": 5, "都道府県コード": 10, "市区町村コード": 202, "所在地": "群馬県高崎市北原町２５－２", "緯度": 36.406192, "経度": 139.026263, "url": "https://www.iryou.teikyouseido.mhlw.go.jp/znk-web/juminkanja/S2430/initialize?prefCd=10&kikanCd=6102000175&kikanKbn=5", "url2": "http://yuzurihakai.org/chuiken/", "内容": "中医研薬局【5:薬局】群馬県高崎市北原町２５－２" }, "geometry": { "type": "Point", "coordinates": [ 139.026263, 36.406192 ] } },
{ "type": "Feature", "properties": { "ID": 1056102000176, "正式名称": "中央調剤薬局しんまち", "機関区分": 5, "都道府県コード": 10, "市区町村コード": 202, "所在地": "群馬県高崎市新町", "緯度": 36.275985, "経度": 139.107651, "url": "https://www.iryou.teikyouseido.mhlw.go.jp/znk-web/juminkanja/S2430/initialize?prefCd=10&kikanCd=6102000176&kikanKbn=5", "url2": null, "内容": "中央調剤薬局しんまち【5:薬局】群馬県高崎市新町" }, "geometry": { "type": "Point", "coordinates": [ 139.107651, 36.275985 ] } },
{ "type": "Feature", "properties": { "ID": 1056102000181, "正式名称": "なの花薬局　下里見店", "機関区分": 5, "都道府県コード": 10, "市区町村コード": 202, "所在地": "群馬県高崎市下里見町１４２６－６", "緯度": 36.363111, "経度": 138.914781, "url": "https://www.iryou.teikyouseido.mhlw.go.jp/znk-web/juminkanja/S2430/initialize?prefCd=10&kikanCd=6102000181&kikanKbn=5", "url2": "https://www.nanohana-ph.jp/shop/kanto-koshinetsu/gunma/takasaki/shimosatomi.php", "内容": "なの花薬局　下里見店【5:薬局】群馬県高崎市下里見町１４２６－６" }, "geometry": { "type": "Point", "coordinates": [ 138.914781, 36.363111 ] } },
{ "type": "Feature", "properties": { "ID": 1056102000185, "正式名称": "そうごう薬局群馬町店", "機関区分": 5, "都道府県コード": 10, "市区町村コード": 202, "所在地": "群馬県高崎市中泉町６０７－２", "緯度": 36.371584, "経度": 139.001767, "url": "https://www.iryou.teikyouseido.mhlw.go.jp/znk-web/juminkanja/S2430/initialize?prefCd=10&kikanCd=6102000185&kikanKbn=5", "url2": "http://www.sogo-medical.co.jp/sogopharmacy/shop/view/297", "内容": "そうごう薬局群馬町店【5:薬局】群馬県高崎市中泉町６０７－２" }, "geometry": { "type": "Point", "coordinates": [ 139.001767, 36.371584 ] } },
{ "type": "Feature", "properties": { "ID": 1056102000187, "正式名称": "中泉さくら薬局", "機関区分": 5, "都道府県コード": 10, "市区町村コード": 202, "所在地": "群馬県高崎市中泉町６０２－９", "緯度": 36.370723, "経度": 139.001795, "url": "https://www.iryou.teikyouseido.mhlw.go.jp/znk-web/juminkanja/S2430/initialize?prefCd=10&kikanCd=6102000187&kikanKbn=5", "url2": "kiyosakura5963outlook.jp", "内容": "中泉さくら薬局【5:薬局】群馬県高崎市中泉町６０２－９" }, "geometry": { "type": "Point", "coordinates": [ 139.001795, 36.370723 ] } },
{ "type": "Feature", "properties": { "ID": 1056102000188, "正式名称": "中泉薬局", "機関区分": 5, "都道府県コード": 10, "市区町村コード": 202, "所在地": "群馬県高崎市中泉町６４９－１", "緯度": 36.372028, "経度": 138.997711, "url": "https://www.iryou.teikyouseido.mhlw.go.jp/znk-web/juminkanja/S2430/initialize?prefCd=10&kikanCd=6102000188&kikanKbn=5", "url2": null, "内容": "中泉薬局【5:薬局】群馬県高崎市中泉町６４９－１" }, "geometry": { "type": "Point", "coordinates": [ 138.997711, 36.372028 ] } },
{ "type": "Feature", "properties": { "ID": 1056102000189, "正式名称": "西島薬局", "機関区分": 5, "都道府県コード": 10, "市区町村コード": 202, "所在地": "群馬県高崎市西島町１４－５", "緯度": 36.339588, "経度": 139.048848, "url": "https://www.iryou.teikyouseido.mhlw.go.jp/znk-web/juminkanja/S2430/initialize?prefCd=10&kikanCd=6102000189&kikanKbn=5", "url2": null, "内容": "西島薬局【5:薬局】群馬県高崎市西島町１４－５" }, "geometry": { "type": "Point", "coordinates": [ 139.048848, 36.339588 ] } },
{ "type": "Feature", "properties": { "ID": 1056102000190, "正式名称": "さくら薬局高崎筑縄店", "機関区分": 5, "都道府県コード": 10, "市区町村コード": 202, "所在地": "群馬県高崎市筑縄町７０ー４", "緯度": 36.347725, "経度": 138.986908, "url": "https://www.iryou.teikyouseido.mhlw.go.jp/znk-web/juminkanja/S2430/initialize?prefCd=10&kikanCd=6102000190&kikanKbn=5", "url2": "kraft-net.co.jp", "内容": "さくら薬局高崎筑縄店【5:薬局】群馬県高崎市筑縄町７０ー４" }, "geometry": { "type": "Point", "coordinates": [ 138.986908, 36.347725 ] } },
{ "type": "Feature", "properties": { "ID": 1056102000191, "正式名称": "ことり薬局", "機関区分": 5, "都道府県コード": 10, "市区町村コード": 202, "所在地": "群馬県高崎市東中里町１９１ー４", "緯度": 36.304926, "経度": 139.059959, "url": "https://www.iryou.teikyouseido.mhlw.go.jp/znk-web/juminkanja/S2430/initialize?prefCd=10&kikanCd=6102000191&kikanKbn=5", "url2": null, "内容": "ことり薬局【5:薬局】群馬県高崎市東中里町１９１ー４" }, "geometry": { "type": "Point", "coordinates": [ 139.059959, 36.304926 ] } },
{ "type": "Feature", "properties": { "ID": 1056102000193, "正式名称": "浜川薬局", "機関区分": 5, "都道府県コード": 10, "市区町村コード": 202, "所在地": "群馬県高崎市浜川町１７４１ー１", "緯度": 36.362474, "経度": 138.985352, "url": "https://www.iryou.teikyouseido.mhlw.go.jp/znk-web/juminkanja/S2430/initialize?prefCd=10&kikanCd=6102000193&kikanKbn=5", "url2": "https://www.sk-medical.biz", "内容": "浜川薬局【5:薬局】群馬県高崎市浜川町１７４１ー１" }, "geometry": { "type": "Point", "coordinates": [ 138.985352, 36.362474 ] } },
{ "type": "Feature", "properties": { "ID": 1056102000196, "正式名称": "（株）ひまわり薬局", "機関区分": 5, "都道府県コード": 10, "市区町村コード": 202, "所在地": "群馬県高崎市下小鳥町８５－１１", "緯度": 36.349947, "経度": 138.993352, "url": "https://www.iryou.teikyouseido.mhlw.go.jp/znk-web/juminkanja/S2430/initialize?prefCd=10&kikanCd=6102000196&kikanKbn=5", "url2": "https://himawari-ph.com/", "内容": "（株）ひまわり薬局【5:薬局】群馬県高崎市下小鳥町８５－１１" }, "geometry": { "type": "Point", "coordinates": [ 138.993352, 36.349947 ] } },
{ "type": "Feature", "properties": { "ID": 1056102000198, "正式名称": "フラワー薬局", "機関区分": 5, "都道府県コード": 10, "市区町村コード": 202, "所在地": "群馬県高崎市若松町６－７", "緯度": 36.319812, "経度": 139.006158, "url": "https://www.iryou.teikyouseido.mhlw.go.jp/znk-web/juminkanja/S2430/initialize?prefCd=10&kikanCd=6102000198&kikanKbn=5", "url2": "http://www.tsubasa-ph.jp/", "内容": "フラワー薬局【5:薬局】群馬県高崎市若松町６－７" }, "geometry": { "type": "Point", "coordinates": [ 139.006158, 36.319812 ] } },
{ "type": "Feature", "properties": { "ID": 1056102000199, "正式名称": "マキエ一貫堂薬局", "機関区分": 5, "都道府県コード": 10, "市区町村コード": 202, "所在地": "群馬県高崎市高松町２１", "緯度": 36.323395, "経度": 139.001047, "url": "https://www.iryou.teikyouseido.mhlw.go.jp/znk-web/juminkanja/S2430/initialize?prefCd=10&kikanCd=6102000199&kikanKbn=5", "url2": "http://www.e-classa.net/mikd/", "内容": "マキエ一貫堂薬局【5:薬局】群馬県高崎市高松町２１" }, "geometry": { "type": "Point", "coordinates": [ 139.001047, 36.323395 ] } },
{ "type": "Feature", "properties": { "ID": 1056102000202, "正式名称": "マルエ薬局高崎箕郷店", "機関区分": 5, "都道府県コード": 10, "市区町村コード": 202, "所在地": "群馬県高崎市箕郷町上芝１８５ー２", "緯度": 36.387665, "経度": 138.96388, "url": "https://www.iryou.teikyouseido.mhlw.go.jp/znk-web/juminkanja/S2430/initialize?prefCd=10&kikanCd=6102000202&kikanKbn=5", "url2": "http://www.marue-drug.co.jp", "内容": "マルエ薬局高崎箕郷店【5:薬局】群馬県高崎市箕郷町上芝１８５ー２" }, "geometry": { "type": "Point", "coordinates": [ 138.96388, 36.387665 ] } },
{ "type": "Feature", "properties": { "ID": 1056102000207, "正式名称": "やまだ薬局", "機関区分": 5, "都道府県コード": 10, "市区町村コード": 202, "所在地": "群馬県高崎市下中居町２４７－９", "緯度": 36.309897, "経度": 139.040211, "url": "https://www.iryou.teikyouseido.mhlw.go.jp/znk-web/juminkanja/S2430/initialize?prefCd=10&kikanCd=6102000207&kikanKbn=5", "url2": null, "内容": "やまだ薬局【5:薬局】群馬県高崎市下中居町２４７－９" }, "geometry": { "type": "Point", "coordinates": [ 139.040211, 36.309897 ] } },
{ "type": "Feature", "properties": { "ID": 1056102000208, "正式名称": "渡辺薬局", "機関区分": 5, "都道府県コード": 10, "市区町村コード": 202, "所在地": "群馬県高崎市高砂町２３", "緯度": 36.331311, "経度": 139.009324, "url": "https://www.iryou.teikyouseido.mhlw.go.jp/znk-web/juminkanja/S2430/initialize?prefCd=10&kikanCd=6102000208&kikanKbn=5", "url2": null, "内容": "渡辺薬局【5:薬局】群馬県高崎市高砂町２３" }, "geometry": { "type": "Point", "coordinates": [ 139.009324, 36.331311 ] } },
{ "type": "Feature", "properties": { "ID": 1056102000211, "正式名称": "ナカジマ薬局", "機関区分": 5, "都道府県コード": 10, "市区町村コード": 202, "所在地": "群馬県高崎市剣崎町１１８０－６", "緯度": 36.34628, "経度": 138.957522, "url": "https://www.iryou.teikyouseido.mhlw.go.jp/znk-web/juminkanja/S2430/initialize?prefCd=10&kikanCd=6102000211&kikanKbn=5", "url2": null, "内容": "ナカジマ薬局【5:薬局】群馬県高崎市剣崎町１１８０－６" }, "geometry": { "type": "Point", "coordinates": [ 138.957522, 36.34628 ] } },
{ "type": "Feature", "properties": { "ID": 1056102000213, "正式名称": "すえひろ薬局", "機関区分": 5, "都道府県コード": 10, "市区町村コード": 202, "所在地": "群馬県高崎市末広町", "緯度": 36.331727, "経度": 139.006685, "url": "https://www.iryou.teikyouseido.mhlw.go.jp/znk-web/juminkanja/S2430/initialize?prefCd=10&kikanCd=6102000213&kikanKbn=5", "url2": null, "内容": "すえひろ薬局【5:薬局】群馬県高崎市末広町" }, "geometry": { "type": "Point", "coordinates": [ 139.006685, 36.331727 ] } },
{ "type": "Feature", "properties": { "ID": 1056102000214, "正式名称": "タイヨウ薬局稲荷台店", "機関区分": 5, "都道府県コード": 10, "市区町村コード": 202, "所在地": "群馬県高崎市稲荷台町１３０８－４", "緯度": 36.383149, "経度": 139.02488, "url": "https://www.iryou.teikyouseido.mhlw.go.jp/znk-web/juminkanja/S2430/initialize?prefCd=10&kikanCd=6102000214&kikanKbn=5", "url2": "http://www.taiyouphtakasaki-g.com", "内容": "タイヨウ薬局稲荷台店【5:薬局】群馬県高崎市稲荷台町１３０８－４" }, "geometry": { "type": "Point", "coordinates": [ 139.02488, 36.383149 ] } },
{ "type": "Feature", "properties": { "ID": 1056102000215, "正式名称": "コスモファーマ薬局　井野店", "機関区分": 5, "都道府県コード": 10, "市区町村コード": 202, "所在地": "群馬県高崎市井野町９８０", "緯度": 36.353142, "経度": 139.031098, "url": "https://www.iryou.teikyouseido.mhlw.go.jp/znk-web/juminkanja/S2430/initialize?prefCd=10&kikanCd=6102000215&kikanKbn=5", "url2": "http://www.cosmo-ph.co.jp/", "内容": "コスモファーマ薬局　井野店【5:薬局】群馬県高崎市井野町９８０" }, "geometry": { "type": "Point", "coordinates": [ 139.031098, 36.353142 ] } },
{ "type": "Feature", "properties": { "ID": 1056102000216, "正式名称": "アミヤ薬局", "機関区分": 5, "都道府県コード": 10, "市区町村コード": 211, "所在地": "群馬県安中市原市１－１４－２４", "緯度": 36.315171, "経度": 138.862864, "url": "https://www.iryou.teikyouseido.mhlw.go.jp/znk-web/juminkanja/S2430/initialize?prefCd=10&kikanCd=6102000216&kikanKbn=5", "url2": null, "内容": "アミヤ薬局【5:薬局】群馬県安中市原市１－１４－２４" }, "geometry": { "type": "Point", "coordinates": [ 138.862864, 36.315171 ] } },
{ "type": "Feature", "properties": { "ID": 1056102000217, "正式名称": "なの花薬局安中店", "機関区分": 5, "都道府県コード": 10, "市区町村コード": 211, "所在地": "群馬県安中市安中１－８－２４", "緯度": 36.32156, "経度": 138.885834, "url": "https://www.iryou.teikyouseido.mhlw.go.jp/znk-web/juminkanja/S2430/initialize?prefCd=10&kikanCd=6102000217&kikanKbn=5", "url2": "https://www.nanohana-ph.jp/shop/kanto-koshinetsu/gunma/annaka/annaka.php", "内容": "なの花薬局安中店【5:薬局】群馬県安中市安中１－８－２４" }, "geometry": { "type": "Point", "coordinates": [ 138.885834, 36.32156 ] } },
{ "type": "Feature", "properties": { "ID": 1056102000219, "正式名称": "なの花薬局うすい店", "機関区分": 5, "都道府県コード": 10, "市区町村コード": 211, "所在地": "群馬県安中市原市１－１２－３５", "緯度": 36.316338, "経度": 138.85917, "url": "https://www.iryou.teikyouseido.mhlw.go.jp/znk-web/juminkanja/S2430/initialize?prefCd=10&kikanCd=6102000219&kikanKbn=5", "url2": "https://www.nanohana-ph.jp/shop/kanto-koshinetsu/gunma/annaka/usui.php", "内容": "なの花薬局うすい店【5:薬局】群馬県安中市原市１－１２－３５" }, "geometry": { "type": "Point", "coordinates": [ 138.85917, 36.316338 ] } },
{ "type": "Feature", "properties": { "ID": 1056102000220, "正式名称": "大山薬局", "機関区分": 5, "都道府県コード": 10, "市区町村コード": 211, "所在地": "群馬県安中市安中２－１１－１９", "緯度": 36.325976, "経度": 138.893222, "url": "https://www.iryou.teikyouseido.mhlw.go.jp/znk-web/juminkanja/S2430/initialize?prefCd=10&kikanCd=6102000220&kikanKbn=5", "url2": null, "内容": "大山薬局【5:薬局】群馬県安中市安中２－１１－１９" }, "geometry": { "type": "Point", "coordinates": [ 138.893222, 36.325976 ] } },
{ "type": "Feature", "properties": { "ID": 1056102000222, "正式名称": "さくら薬局　安中原市店", "機関区分": 5, "都道府県コード": 10, "市区町村コード": 211, "所在地": "群馬県安中市原市６２６－１", "緯度": 36.318949, "経度": 138.872058, "url": "https://www.iryou.teikyouseido.mhlw.go.jp/znk-web/juminkanja/S2430/initialize?prefCd=10&kikanCd=6102000222&kikanKbn=5", "url2": "http://www.kraft-net.co.jp/search/3894/", "内容": "さくら薬局　安中原市店【5:薬局】群馬県安中市原市６２６－１" }, "geometry": { "type": "Point", "coordinates": [ 138.872058, 36.318949 ] } },
{ "type": "Feature", "properties": { "ID": 1056102000223, "正式名称": "そうごう薬局安中店", "機関区分": 5, "都道府県コード": 10, "市区町村コード": 211, "所在地": "群馬県安中市原市", "緯度": 36.316032, "経度": 138.858976, "url": "https://www.iryou.teikyouseido.mhlw.go.jp/znk-web/juminkanja/S2430/initialize?prefCd=10&kikanCd=6102000223&kikanKbn=5", "url2": "http://www.sogo-medical.co.jp/sogopharmacy/shop/view/188", "内容": "そうごう薬局安中店【5:薬局】群馬県安中市原市" }, "geometry": { "type": "Point", "coordinates": [ 138.858976, 36.316032 ] } },
{ "type": "Feature", "properties": { "ID": 1056102000224, "正式名称": "ダリヤ安中薬局", "機関区分": 5, "都道府県コード": 10, "市区町村コード": 211, "所在地": "群馬県安中市岩井２４６４－３", "緯度": 36.333948, "経度": 138.927886, "url": "https://www.iryou.teikyouseido.mhlw.go.jp/znk-web/juminkanja/S2430/initialize?prefCd=10&kikanCd=6102000224&kikanKbn=5", "url2": "http://www.withs.co.jp/store/2011/06/post-62.html", "内容": "ダリヤ安中薬局【5:薬局】群馬県安中市岩井２４６４－３" }, "geometry": { "type": "Point", "coordinates": [ 138.927886, 36.333948 ] } },
{ "type": "Feature", "properties": { "ID": 1056102000225, "正式名称": "調剤薬局くすりのはぎわら", "機関区分": 5, "都道府県コード": 10, "市区町村コード": 211, "所在地": "群馬県安中市原市", "緯度": 36.315949, "経度": 138.859087, "url": "https://www.iryou.teikyouseido.mhlw.go.jp/znk-web/juminkanja/S2430/initialize?prefCd=10&kikanCd=6102000225&kikanKbn=5", "url2": null, "内容": "調剤薬局くすりのはぎわら【5:薬局】群馬県安中市原市" }, "geometry": { "type": "Point", "coordinates": [ 138.859087, 36.315949 ] } },
{ "type": "Feature", "properties": { "ID": 1056102000226, "正式名称": "つばさ薬局", "機関区分": 5, "都道府県コード": 10, "市区町村コード": 211, "所在地": "群馬県安中市安中１－１１－１９", "緯度": 36.324615, "経度": 138.88364, "url": "https://www.iryou.teikyouseido.mhlw.go.jp/znk-web/juminkanja/S2430/initialize?prefCd=10&kikanCd=6102000226&kikanKbn=5", "url2": "http://tsubasa-ph.jp/company.html", "内容": "つばさ薬局【5:薬局】群馬県安中市安中１－１１－１９" }, "geometry": { "type": "Point", "coordinates": [ 138.88364, 36.324615 ] } },
{ "type": "Feature", "properties": { "ID": 1056102000227, "正式名称": "株式会社ひまわり薬局", "機関区分": 5, "都道府県コード": 10, "市区町村コード": 211, "所在地": "群馬県安中市中宿２１５４−２", "緯度": 36.334781, "経度": 138.925386, "url": "https://www.iryou.teikyouseido.mhlw.go.jp/znk-web/juminkanja/S2430/initialize?prefCd=10&kikanCd=6102000227&kikanKbn=5", "url2": null, "内容": "株式会社ひまわり薬局【5:薬局】群馬県安中市中宿２１５４−２" }, "geometry": { "type": "Point", "coordinates": [ 138.925386, 36.334781 ] } },
{ "type": "Feature", "properties": { "ID": 1056102000228, "正式名称": "平成薬局", "機関区分": 5, "都道府県コード": 10, "市区町村コード": 211, "所在地": "群馬県安中市松井田町二軒在家５８３", "緯度": 36.306921, "経度": 138.80573, "url": "https://www.iryou.teikyouseido.mhlw.go.jp/znk-web/juminkanja/S2430/initialize?prefCd=10&kikanCd=6102000228&kikanKbn=5", "url2": null, "内容": "平成薬局【5:薬局】群馬県安中市松井田町二軒在家５８３" }, "geometry": { "type": "Point", "coordinates": [ 138.80573, 36.306921 ] } },
{ "type": "Feature", "properties": { "ID": 1056102000229, "正式名称": "松井田薬局", "機関区分": 5, "都道府県コード": 10, "市区町村コード": 211, "所在地": "群馬県安中市松井田町新堀１０番地", "緯度": 36.314892, "経度": 138.796536, "url": "https://www.iryou.teikyouseido.mhlw.go.jp/znk-web/juminkanja/S2430/initialize?prefCd=10&kikanCd=6102000229&kikanKbn=5", "url2": null, "内容": "松井田薬局【5:薬局】群馬県安中市松井田町新堀１０番地" }, "geometry": { "type": "Point", "coordinates": [ 138.796536, 36.314892 ] } },
{ "type": "Feature", "properties": { "ID": 1056102000230, "正式名称": "有限会社松江堂薬局", "機関区分": 5, "都道府県コード": 10, "市区町村コード": 211, "所在地": "群馬県安中市安中２－５－１１", "緯度": 36.324309, "経度": 138.889584, "url": "https://www.iryou.teikyouseido.mhlw.go.jp/znk-web/juminkanja/S2430/initialize?prefCd=10&kikanCd=6102000230&kikanKbn=5", "url2": null, "内容": "有限会社松江堂薬局【5:薬局】群馬県安中市安中２－５－１１" }, "geometry": { "type": "Point", "coordinates": [ 138.889584, 36.324309 ] } },
{ "type": "Feature", "properties": { "ID": 1056102000231, "正式名称": "ユニスマイル薬局めだか店", "機関区分": 5, "都道府県コード": 10, "市区町村コード": 211, "所在地": "群馬県安中市下磯部１０１８－１", "緯度": 36.315394, "経度": 138.881752, "url": "https://www.iryou.teikyouseido.mhlw.go.jp/znk-web/juminkanja/S2430/initialize?prefCd=10&kikanCd=6102000231&kikanKbn=5", "url2": "https://unismile.co.jp/shop/medaka/", "内容": "ユニスマイル薬局めだか店【5:薬局】群馬県安中市下磯部１０１８－１" }, "geometry": { "type": "Point", "coordinates": [ 138.881752, 36.315394 ] } },
{ "type": "Feature", "properties": { "ID": 1056102000234, "正式名称": "あおば薬局渋川店", "機関区分": 5, "都道府県コード": 10, "市区町村コード": 208, "所在地": "群馬県渋川市有馬２６１－１", "緯度": 36.471796, "経度": 139.007012, "url": "https://www.iryou.teikyouseido.mhlw.go.jp/znk-web/juminkanja/S2430/initialize?prefCd=10&kikanCd=6102000234&kikanKbn=5", "url2": "http://www.g-hokenkikaku.co.jp/", "内容": "あおば薬局渋川店【5:薬局】群馬県渋川市有馬２６１－１" }, "geometry": { "type": "Point", "coordinates": [ 139.007012, 36.471796 ] } },
{ "type": "Feature", "properties": { "ID": 1056102000236, "正式名称": "ウエルシア薬局渋川行幸田店", "機関区分": 5, "都道府県コード": 10, "市区町村コード": 208, "所在地": "群馬県渋川市行幸田３２３－３", "緯度": 36.473351, "経度": 139.002123, "url": "https://www.iryou.teikyouseido.mhlw.go.jp/znk-web/juminkanja/S2430/initialize?prefCd=10&kikanCd=6102000236&kikanKbn=5", "url2": "https://www.welcia-yakkyoku.co.jp/", "内容": "ウエルシア薬局渋川行幸田店【5:薬局】群馬県渋川市行幸田３２３－３" }, "geometry": { "type": "Point", "coordinates": [ 139.002123, 36.473351 ] } },
{ "type": "Feature", "properties": { "ID": 1056102000240, "正式名称": "（有）タナカ・タナカ薬局", "機関区分": 5, "都道府県コード": 10, "市区町村コード": 208, "所在地": "群馬県渋川市半田１４８１－６", "緯度": 36.464741, "経度": 139.027899, "url": "https://www.iryou.teikyouseido.mhlw.go.jp/znk-web/juminkanja/S2430/initialize?prefCd=10&kikanCd=6102000240&kikanKbn=5", "url2": null, "内容": "（有）タナカ・タナカ薬局【5:薬局】群馬県渋川市半田１４８１－６" }, "geometry": { "type": "Point", "coordinates": [ 139.027899, 36.464741 ] } },
{ "type": "Feature", "properties": { "ID": 1056102000241, "正式名称": "永田薬局", "機関区分": 5, "都道府県コード": 10, "市区町村コード": 208, "所在地": "群馬県渋川市渋川２１０６－５２", "緯度": 36.497265, "経度": 139.003761, "url": "https://www.iryou.teikyouseido.mhlw.go.jp/znk-web/juminkanja/S2430/initialize?prefCd=10&kikanCd=6102000241&kikanKbn=5", "url2": null, "内容": "永田薬局【5:薬局】群馬県渋川市渋川２１０６－５２" }, "geometry": { "type": "Point", "coordinates": [ 139.003761, 36.497265 ] } },
{ "type": "Feature", "properties": { "ID": 1056102000246, "正式名称": "みつばち薬局", "機関区分": 5, "都道府県コード": 10, "市区町村コード": 208, "所在地": "群馬県渋川市石原４２５－２", "緯度": 36.487016, "経度": 139.006261, "url": "https://www.iryou.teikyouseido.mhlw.go.jp/znk-web/juminkanja/S2430/initialize?prefCd=10&kikanCd=6102000246&kikanKbn=5", "url2": null, "内容": "みつばち薬局【5:薬局】群馬県渋川市石原４２５－２" }, "geometry": { "type": "Point", "coordinates": [ 139.006261, 36.487016 ] } },
{ "type": "Feature", "properties": { "ID": 1056102000247, "正式名称": "山縣薬局", "機関区分": 5, "都道府県コード": 10, "市区町村コード": 208, "所在地": "群馬県渋川市伊香保町伊香保５３９－７", "緯度": 36.501579, "経度": 138.932346, "url": "https://www.iryou.teikyouseido.mhlw.go.jp/znk-web/juminkanja/S2430/initialize?prefCd=10&kikanCd=6102000247&kikanKbn=5", "url2": null, "内容": "山縣薬局【5:薬局】群馬県渋川市伊香保町伊香保５３９－７" }, "geometry": { "type": "Point", "coordinates": [ 138.932346, 36.501579 ] } },
{ "type": "Feature", "properties": { "ID": 1056102000248, "正式名称": "（有）やまきや薬局", "機関区分": 5, "都道府県コード": 10, "市区町村コード": 345, "所在地": "群馬県北群馬郡吉岡町北下１１５０－４", "緯度": 36.445715, "経度": 139.006763, "url": "https://www.iryou.teikyouseido.mhlw.go.jp/znk-web/juminkanja/S2430/initialize?prefCd=10&kikanCd=6102000248&kikanKbn=5", "url2": null, "内容": "（有）やまきや薬局【5:薬局】群馬県北群馬郡吉岡町北下１１５０－４" }, "geometry": { "type": "Point", "coordinates": [ 139.006763, 36.445715 ] } },
{ "type": "Feature", "properties": { "ID": 1056102000249, "正式名称": "コトブキ薬局", "機関区分": 5, "都道府県コード": 10, "市区町村コード": 208, "所在地": "群馬県渋川市渋川２，２２８", "緯度": 36.497515, "経度": 138.997122, "url": "https://www.iryou.teikyouseido.mhlw.go.jp/znk-web/juminkanja/S2430/initialize?prefCd=10&kikanCd=6102000249&kikanKbn=5", "url2": null, "内容": "コトブキ薬局【5:薬局】群馬県渋川市渋川２，２２８" }, "geometry": { "type": "Point", "coordinates": [ 138.997122, 36.497515 ] } },
{ "type": "Feature", "properties": { "ID": 1056102000250, "正式名称": "ユニスマイル薬局　アイビー店", "機関区分": 5, "都道府県コード": 10, "市区町村コード": 208, "所在地": "群馬県渋川市渋川１５９１－４", "緯度": 36.488322, "経度": 139.00965, "url": "https://www.iryou.teikyouseido.mhlw.go.jp/znk-web/juminkanja/S2430/initialize?prefCd=10&kikanCd=6102000250&kikanKbn=5", "url2": "http://www.unismile.co.jp", "内容": "ユニスマイル薬局　アイビー店【5:薬局】群馬県渋川市渋川１５９１－４" }, "geometry": { "type": "Point", "coordinates": [ 139.00965, 36.488322 ] } },
{ "type": "Feature", "properties": { "ID": 1056102000251, "正式名称": "（株）宮前薬局", "機関区分": 5, "都道府県コード": 10, "市区町村コード": 208, "所在地": "群馬県渋川市渋川１８７２－５４", "緯度": 36.495626, "経度": 139.002872, "url": "https://www.iryou.teikyouseido.mhlw.go.jp/znk-web/juminkanja/S2430/initialize?prefCd=10&kikanCd=6102000251&kikanKbn=5", "url2": "http://www.miyamae-pharm.com", "内容": "（株）宮前薬局【5:薬局】群馬県渋川市渋川１８７２－５４" }, "geometry": { "type": "Point", "coordinates": [ 139.002872, 36.495626 ] } },
{ "type": "Feature", "properties": { "ID": 1056102000252, "正式名称": "榛東薬局山子田店", "機関区分": 5, "都道府県コード": 10, "市区町村コード": 344, "所在地": "群馬県北群馬郡榛東村山子田１３６９－４", "緯度": 36.443604, "経度": 138.983043, "url": "https://www.iryou.teikyouseido.mhlw.go.jp/znk-web/juminkanja/S2430/initialize?prefCd=10&kikanCd=6102000252&kikanKbn=5", "url2": "http://www.be-g.sakura.ne.jp/home/", "内容": "榛東薬局山子田店【5:薬局】群馬県北群馬郡榛東村山子田１３６９－４" }, "geometry": { "type": "Point", "coordinates": [ 138.983043, 36.443604 ] } },
{ "type": "Feature", "properties": { "ID": 1056102000253, "正式名称": "トリム薬局前橋吉岡店", "機関区分": 5, "都道府県コード": 10, "市区町村コード": 345, "所在地": "群馬県北群馬郡吉岡町大久保７９５番４", "緯度": 36.421079, "経度": 139.023096, "url": "https://www.iryou.teikyouseido.mhlw.go.jp/znk-web/juminkanja/S2430/initialize?prefCd=10&kikanCd=6102000253&kikanKbn=5", "url2": "http://www.pharmarise.com/", "内容": "トリム薬局前橋吉岡店【5:薬局】群馬県北群馬郡吉岡町大久保７９５番４" }, "geometry": { "type": "Point", "coordinates": [ 139.023096, 36.421079 ] } },
{ "type": "Feature", "properties": { "ID": 1056102000254, "正式名称": "いろどり調剤薬局吉岡店", "機関区分": 5, "都道府県コード": 10, "市区町村コード": 345, "所在地": "群馬県北群馬郡吉岡町下野田６８５番地３", "緯度": 36.448409, "経度": 139.005624, "url": "https://www.iryou.teikyouseido.mhlw.go.jp/znk-web/juminkanja/S2430/initialize?prefCd=10&kikanCd=6102000254&kikanKbn=5", "url2": null, "内容": "いろどり調剤薬局吉岡店【5:薬局】群馬県北群馬郡吉岡町下野田６８５番地３" }, "geometry": { "type": "Point", "coordinates": [ 139.005624, 36.448409 ] } },
{ "type": "Feature", "properties": { "ID": 1056102000256, "正式名称": "このは薬局吉岡店", "機関区分": 5, "都道府県コード": 10, "市区町村コード": 345, "所在地": "群馬県北群馬郡吉岡町大久保３４５３", "緯度": 36.441327, "経度": 139.017373, "url": "https://www.iryou.teikyouseido.mhlw.go.jp/znk-web/juminkanja/S2430/initialize?prefCd=10&kikanCd=6102000256&kikanKbn=5", "url2": "http://www.a-nekt.co.jp/", "内容": "このは薬局吉岡店【5:薬局】群馬県北群馬郡吉岡町大久保３４５３" }, "geometry": { "type": "Point", "coordinates": [ 139.017373, 36.441327 ] } },
{ "type": "Feature", "properties": { "ID": 1056102000257, "正式名称": "アイン薬局渋川店", "機関区分": 5, "都道府県コード": 10, "市区町村コード": 208, "所在地": "群馬県渋川市北橘町下箱田７２６番地１", "緯度": 36.456659, "経度": 139.046676, "url": "https://www.iryou.teikyouseido.mhlw.go.jp/znk-web/juminkanja/S2430/initialize?prefCd=10&kikanCd=6102000257&kikanKbn=5", "url2": "https://www.ainj.co.jp/", "内容": "アイン薬局渋川店【5:薬局】群馬県渋川市北橘町下箱田７２６番地１" }, "geometry": { "type": "Point", "coordinates": [ 139.046676, 36.456659 ] } },
{ "type": "Feature", "properties": { "ID": 1056102000258, "正式名称": "あすか薬局", "機関区分": 5, "都道府県コード": 10, "市区町村コード": 209, "所在地": "群馬県藤岡市本郷１１０８－８", "緯度": 36.227601, "経度": 139.072851, "url": "https://www.iryou.teikyouseido.mhlw.go.jp/znk-web/juminkanja/S2430/initialize?prefCd=10&kikanCd=6102000258&kikanKbn=5", "url2": "http://www.asukaph.jp/shop/index.html#shop01", "内容": "あすか薬局【5:薬局】群馬県藤岡市本郷１１０８－８" }, "geometry": { "type": "Point", "coordinates": [ 139.072851, 36.227601 ] } },
{ "type": "Feature", "properties": { "ID": 1056102000260, "正式名称": "なの花薬局高崎吉井店", "機関区分": 5, "都道府県コード": 10, "市区町村コード": 202, "所在地": "群馬県高崎市吉井町吉井６０７－７", "緯度": 36.260401, "経度": 138.98719, "url": "https://www.iryou.teikyouseido.mhlw.go.jp/znk-web/juminkanja/S2430/initialize?prefCd=10&kikanCd=6102000260&kikanKbn=5", "url2": "https://www.nanohana-ph.jp/shop/kanto-koshinetsu/gunma/takasaki/takasakiyoshii.php", "内容": "なの花薬局高崎吉井店【5:薬局】群馬県高崎市吉井町吉井６０７－７" }, "geometry": { "type": "Point", "coordinates": [ 138.98719, 36.260401 ] } },
{ "type": "Feature", "properties": { "ID": 1056102000263, "正式名称": "日本調剤薬の駅薬局", "機関区分": 5, "都道府県コード": 10, "市区町村コード": 209, "所在地": "群馬県藤岡市中栗須７５９", "緯度": 36.267263, "経度": 139.076321, "url": "https://www.iryou.teikyouseido.mhlw.go.jp/znk-web/juminkanja/S2430/initialize?prefCd=10&kikanCd=6102000263&kikanKbn=5", "url2": "https://www.nicho.co.jp/tenpo/kusurinoekikurisu/", "内容": "日本調剤薬の駅薬局【5:薬局】群馬県藤岡市中栗須７５９" }, "geometry": { "type": "Point", "coordinates": [ 139.076321, 36.267263 ] } },
{ "type": "Feature", "properties": { "ID": 1056102000264, "正式名称": "みかぼ調剤薬局", "機関区分": 5, "都道府県コード": 10, "市区町村コード": 209, "所在地": "群馬県藤岡市中栗須７８０－１", "緯度": 36.268346, "経度": 139.076932, "url": "https://www.iryou.teikyouseido.mhlw.go.jp/znk-web/juminkanja/S2430/initialize?prefCd=10&kikanCd=6102000264&kikanKbn=5", "url2": "https://phstr.co.jp/store/541/", "内容": "みかぼ調剤薬局【5:薬局】群馬県藤岡市中栗須７８０－１" }, "geometry": { "type": "Point", "coordinates": [ 139.076932, 36.268346 ] } },
{ "type": "Feature", "properties": { "ID": 1056102000265, "正式名称": "藤岡調剤薬局", "機関区分": 5, "都道府県コード": 10, "市区町村コード": 209, "所在地": "群馬県藤岡市藤岡５９０－１４", "緯度": 36.241127, "経度": 139.06885, "url": "https://www.iryou.teikyouseido.mhlw.go.jp/znk-web/juminkanja/S2430/initialize?prefCd=10&kikanCd=6102000265&kikanKbn=5", "url2": "https://yhopharmacygroup.com/", "内容": "藤岡調剤薬局【5:薬局】群馬県藤岡市藤岡５９０－１４" }, "geometry": { "type": "Point", "coordinates": [ 139.06885, 36.241127 ] } },
{ "type": "Feature", "properties": { "ID": 1056102000266, "正式名称": "あすか薬局中栗須店", "機関区分": 5, "都道府県コード": 10, "市区町村コード": 209, "所在地": "群馬県藤岡市中栗須４８６ー１", "緯度": 36.262589, "経度": 139.078546, "url": "https://www.iryou.teikyouseido.mhlw.go.jp/znk-web/juminkanja/S2430/initialize?prefCd=10&kikanCd=6102000266&kikanKbn=5", "url2": "http://www.asukaph.jp/shop/index.html#shop02", "内容": "あすか薬局中栗須店【5:薬局】群馬県藤岡市中栗須４８６ー１" }, "geometry": { "type": "Point", "coordinates": [ 139.078546, 36.262589 ] } },
{ "type": "Feature", "properties": { "ID": 1056102000267, "正式名称": "戸塚薬局　本町店", "機関区分": 5, "都道府県コード": 10, "市区町村コード": 209, "所在地": "群馬県藤岡市鬼石１３１－１", "緯度": 36.156664, "経度": 139.060466, "url": "https://www.iryou.teikyouseido.mhlw.go.jp/znk-web/juminkanja/S2430/initialize?prefCd=10&kikanCd=6102000267&kikanKbn=5", "url2": null, "内容": "戸塚薬局　本町店【5:薬局】群馬県藤岡市鬼石１３１－１" }, "geometry": { "type": "Point", "coordinates": [ 139.060466, 36.156664 ] } },
{ "type": "Feature", "properties": { "ID": 1056102000268, "正式名称": "なつめ薬局", "機関区分": 5, "都道府県コード": 10, "市区町村コード": 209, "所在地": "群馬県藤岡市中大塚２５８－５", "緯度": 36.250876, "経度": 139.064573, "url": "https://www.iryou.teikyouseido.mhlw.go.jp/znk-web/juminkanja/S2430/initialize?prefCd=10&kikanCd=6102000268&kikanKbn=5", "url2": null, "内容": "なつめ薬局【5:薬局】群馬県藤岡市中大塚２５８－５" }, "geometry": { "type": "Point", "coordinates": [ 139.064573, 36.250876 ] } },
{ "type": "Feature", "properties": { "ID": 1056102000269, "正式名称": "アイケイ薬局　藤岡店", "機関区分": 5, "都道府県コード": 10, "市区町村コード": 209, "所在地": "群馬県藤岡市中栗須", "緯度": 36.268874, "経度": 139.077043, "url": "https://www.iryou.teikyouseido.mhlw.go.jp/znk-web/juminkanja/S2430/initialize?prefCd=10&kikanCd=6102000269&kikanKbn=5", "url2": null, "内容": "アイケイ薬局　藤岡店【5:薬局】群馬県藤岡市中栗須" }, "geometry": { "type": "Point", "coordinates": [ 139.077043, 36.268874 ] } },
{ "type": "Feature", "properties": { "ID": 1056102000270, "正式名称": "大善堂シモダ薬局", "機関区分": 5, "都道府県コード": 10, "市区町村コード": 209, "所在地": "群馬県藤岡市下栗須１９９－３", "緯度": 36.258514, "経度": 139.087265, "url": "https://www.iryou.teikyouseido.mhlw.go.jp/znk-web/juminkanja/S2430/initialize?prefCd=10&kikanCd=6102000270&kikanKbn=5", "url2": "https://www.shimoda-ph.com", "内容": "大善堂シモダ薬局【5:薬局】群馬県藤岡市下栗須１９９－３" }, "geometry": { "type": "Point", "coordinates": [ 139.087265, 36.258514 ] } },
{ "type": "Feature", "properties": { "ID": 1056102000273, "正式名称": "くりす調剤薬局", "機関区分": 5, "都道府県コード": 10, "市区町村コード": 209, "所在地": "群馬県藤岡市中栗須５８６－１", "緯度": 36.26518, "経度": 139.076515, "url": "https://www.iryou.teikyouseido.mhlw.go.jp/znk-web/juminkanja/S2430/initialize?prefCd=10&kikanCd=6102000273&kikanKbn=5", "url2": "https://luna-pharmacy.com", "内容": "くりす調剤薬局【5:薬局】群馬県藤岡市中栗須５８６－１" }, "geometry": { "type": "Point", "coordinates": [ 139.076515, 36.26518 ] } },
{ "type": "Feature", "properties": { "ID": 1056102000275, "正式名称": "有限会社　みどり薬局", "機関区分": 5, "都道府県コード": 10, "市区町村コード": 209, "所在地": "群馬県藤岡市上大塚３３０－２１", "緯度": 36.241266, "経度": 139.060601, "url": "https://www.iryou.teikyouseido.mhlw.go.jp/znk-web/juminkanja/S2430/initialize?prefCd=10&kikanCd=6102000275&kikanKbn=5", "url2": null, "内容": "有限会社　みどり薬局【5:薬局】群馬県藤岡市上大塚３３０－２１" }, "geometry": { "type": "Point", "coordinates": [ 139.060601, 36.241266 ] } },
{ "type": "Feature", "properties": { "ID": 1056102000276, "正式名称": "（有）田中薬局", "機関区分": 5, "都道府県コード": 10, "市区町村コード": 202, "所在地": "群馬県高崎市吉井町吉井６８", "緯度": 36.252208, "経度": 138.987051, "url": "https://www.iryou.teikyouseido.mhlw.go.jp/znk-web/juminkanja/S2430/initialize?prefCd=10&kikanCd=6102000276&kikanKbn=5", "url2": "http://www.tanakayakkyoku.com/", "内容": "（有）田中薬局【5:薬局】群馬県高崎市吉井町吉井６８" }, "geometry": { "type": "Point", "coordinates": [ 138.987051, 36.252208 ] } },
{ "type": "Feature", "properties": { "ID": 1056102000277, "正式名称": "たの薬局", "機関区分": 5, "都道府県コード": 10, "市区町村コード": 209, "所在地": "群馬県藤岡市中大塚１８３－５", "緯度": 36.25232, "経度": 139.062962, "url": "https://www.iryou.teikyouseido.mhlw.go.jp/znk-web/juminkanja/S2430/initialize?prefCd=10&kikanCd=6102000277&kikanKbn=5", "url2": "https://www.kraft-net.co.jp/sakura/store/3979/", "内容": "たの薬局【5:薬局】群馬県藤岡市中大塚１８３－５" }, "geometry": { "type": "Point", "coordinates": [ 139.062962, 36.25232 ] } },
{ "type": "Feature", "properties": { "ID": 1056102000278, "正式名称": "カワチ薬局　藤岡店", "機関区分": 5, "都道府県コード": 10, "市区町村コード": 209, "所在地": "群馬県藤岡市中字沖９２４－１", "緯度": 36.274346, "経度": 139.075237, "url": "https://www.iryou.teikyouseido.mhlw.go.jp/znk-web/juminkanja/S2430/initialize?prefCd=10&kikanCd=6102000278&kikanKbn=5", "url2": "http://www.cawachi.co.jp", "内容": "カワチ薬局　藤岡店【5:薬局】群馬県藤岡市中字沖９２４－１" }, "geometry": { "type": "Point", "coordinates": [ 139.075237, 36.274346 ] } },
{ "type": "Feature", "properties": { "ID": 1056102000280, "正式名称": "ミドリ十字薬局", "機関区分": 5, "都道府県コード": 10, "市区町村コード": 209, "所在地": "群馬県藤岡市森２６４－６", "緯度": 36.275679, "経度": 139.076765, "url": "https://www.iryou.teikyouseido.mhlw.go.jp/znk-web/juminkanja/S2430/initialize?prefCd=10&kikanCd=6102000280&kikanKbn=5", "url2": "https://www.midorijuji-pharmacy.jp/", "内容": "ミドリ十字薬局【5:薬局】群馬県藤岡市森２６４－６" }, "geometry": { "type": "Point", "coordinates": [ 139.076765, 36.275679 ] } },
{ "type": "Feature", "properties": { "ID": 1056102000281, "正式名称": "ファーコス薬局　せせらぎ", "機関区分": 5, "都道府県コード": 10, "市区町村コード": 209, "所在地": "群馬県藤岡市鬼石１４５ー１", "緯度": 36.156997, "経度": 139.060188, "url": "https://www.iryou.teikyouseido.mhlw.go.jp/znk-web/juminkanja/S2430/initialize?prefCd=10&kikanCd=6102000281&kikanKbn=5", "url2": "https://unismile.co.jp/shop/seseragi/", "内容": "ファーコス薬局　せせらぎ【5:薬局】群馬県藤岡市鬼石１４５ー１" }, "geometry": { "type": "Point", "coordinates": [ 139.060188, 36.156997 ] } },
{ "type": "Feature", "properties": { "ID": 1056102000282, "正式名称": "有限会社　西須薬局", "機関区分": 5, "都道府県コード": 10, "市区町村コード": 209, "所在地": "群馬県藤岡市藤岡３６３番地", "緯度": 36.24746, "経度": 139.079905, "url": "https://www.iryou.teikyouseido.mhlw.go.jp/znk-web/juminkanja/S2430/initialize?prefCd=10&kikanCd=6102000282&kikanKbn=5", "url2": "https://www.nishisu-pharmacy.com/", "内容": "有限会社　西須薬局【5:薬局】群馬県藤岡市藤岡３６３番地" }, "geometry": { "type": "Point", "coordinates": [ 139.079905, 36.24746 ] } },
{ "type": "Feature", "properties": { "ID": 1056102000285, "正式名称": "横田薬局", "機関区分": 5, "都道府県コード": 10, "市区町村コード": 209, "所在地": "群馬県藤岡市藤岡", "緯度": 36.250737, "経度": 139.073933, "url": "https://www.iryou.teikyouseido.mhlw.go.jp/znk-web/juminkanja/S2430/initialize?prefCd=10&kikanCd=6102000285&kikanKbn=5", "url2": null, "内容": "横田薬局【5:薬局】群馬県藤岡市藤岡" }, "geometry": { "type": "Point", "coordinates": [ 139.073933, 36.250737 ] } },
{ "type": "Feature", "properties": { "ID": 1056102000287, "正式名称": "そうごう薬局　藤岡店", "機関区分": 5, "都道府県コード": 10, "市区町村コード": 209, "所在地": "群馬県藤岡市岡之郷６８５－３", "緯度": 36.268902, "経度": 139.104263, "url": "https://www.iryou.teikyouseido.mhlw.go.jp/znk-web/juminkanja/S2430/initialize?prefCd=10&kikanCd=6102000287&kikanKbn=5", "url2": "https://shop.sogo-pharmacy.jp/detail/300/", "内容": "そうごう薬局　藤岡店【5:薬局】群馬県藤岡市岡之郷６８５－３" }, "geometry": { "type": "Point", "coordinates": [ 139.104263, 36.268902 ] } },
{ "type": "Feature", "properties": { "ID": 1056102000290, "正式名称": "中国漢方薬局", "機関区分": 5, "都道府県コード": 10, "市区町村コード": 209, "所在地": "群馬県藤岡市立石６１５－１", "緯度": 36.284345, "経度": 139.08207, "url": "https://www.iryou.teikyouseido.mhlw.go.jp/znk-web/juminkanja/S2430/initialize?prefCd=10&kikanCd=6102000290&kikanKbn=5", "url2": null, "内容": "中国漢方薬局【5:薬局】群馬県藤岡市立石６１５－１" }, "geometry": { "type": "Point", "coordinates": [ 139.08207, 36.284345 ] } },
{ "type": "Feature", "properties": { "ID": 1056102000292, "正式名称": "ありす薬局", "機関区分": 5, "都道府県コード": 10, "市区町村コード": 209, "所在地": "群馬県藤岡市上栗須６４－８", "緯度": 36.259125, "経度": 139.06935, "url": "https://www.iryou.teikyouseido.mhlw.go.jp/znk-web/juminkanja/S2430/initialize?prefCd=10&kikanCd=6102000292&kikanKbn=5", "url2": "http://www.asukaph.jp/shop/index.html#shop03", "内容": "ありす薬局【5:薬局】群馬県藤岡市上栗須６４－８" }, "geometry": { "type": "Point", "coordinates": [ 139.06935, 36.259125 ] } },
{ "type": "Feature", "properties": { "ID": 1056102000294, "正式名称": "アミヤ薬局", "機関区分": 5, "都道府県コード": 10, "市区町村コード": 210, "所在地": "群馬県富岡市富岡１１１５", "緯度": 36.258011, "経度": 138.889115, "url": "https://www.iryou.teikyouseido.mhlw.go.jp/znk-web/juminkanja/S2430/initialize?prefCd=10&kikanCd=6102000294&kikanKbn=5", "url2": null, "内容": "アミヤ薬局【5:薬局】群馬県富岡市富岡１１１５" }, "geometry": { "type": "Point", "coordinates": [ 138.889115, 36.258011 ] } },
{ "type": "Feature", "properties": { "ID": 1056102000296, "正式名称": "大井田薬局下仁田本店", "機関区分": 5, "都道府県コード": 10, "市区町村コード": 382, "所在地": "群馬県甘楽郡下仁田町下仁田３５８", "緯度": 36.211236, "経度": 138.785264, "url": "https://www.iryou.teikyouseido.mhlw.go.jp/znk-web/juminkanja/S2430/initialize?prefCd=10&kikanCd=6102000296&kikanKbn=5", "url2": "http://www.oida-pharmacy.jp", "内容": "大井田薬局下仁田本店【5:薬局】群馬県甘楽郡下仁田町下仁田３５８" }, "geometry": { "type": "Point", "coordinates": [ 138.785264, 36.211236 ] } },
{ "type": "Feature", "properties": { "ID": 1056102000297, "正式名称": "奥貫漢薬局", "機関区分": 5, "都道府県コード": 10, "市区町村コード": 210, "所在地": "群馬県富岡市一ノ宮", "緯度": 36.2509, "経度": 138.861256, "url": "https://www.iryou.teikyouseido.mhlw.go.jp/znk-web/juminkanja/S2430/initialize?prefCd=10&kikanCd=6102000297&kikanKbn=5", "url2": null, "内容": "奥貫漢薬局【5:薬局】群馬県富岡市一ノ宮" }, "geometry": { "type": "Point", "coordinates": [ 138.861256, 36.2509 ] } },
{ "type": "Feature", "properties": { "ID": 1056102000298, "正式名称": "おの薬局", "機関区分": 5, "都道府県コード": 10, "市区町村コード": 210, "所在地": "群馬県富岡市相野田４５４－４番地", "緯度": 36.282676, "経度": 138.925805, "url": "https://www.iryou.teikyouseido.mhlw.go.jp/znk-web/juminkanja/S2430/initialize?prefCd=10&kikanCd=6102000298&kikanKbn=5", "url2": null, "内容": "おの薬局【5:薬局】群馬県富岡市相野田４５４－４番地" }, "geometry": { "type": "Point", "coordinates": [ 138.925805, 36.282676 ] } },
{ "type": "Feature", "properties": { "ID": 1056102000300, "正式名称": "かのはら薬局", "機関区分": 5, "都道府県コード": 10, "市区町村コード": 210, "所在地": "群馬県富岡市神農原５６７－４", "緯度": 36.243151, "経度": 138.841119, "url": "https://www.iryou.teikyouseido.mhlw.go.jp/znk-web/juminkanja/S2430/initialize?prefCd=10&kikanCd=6102000300&kikanKbn=5", "url2": "http://kanohara.com/", "内容": "かのはら薬局【5:薬局】群馬県富岡市神農原５６７－４" }, "geometry": { "type": "Point", "coordinates": [ 138.841119, 36.243151 ] } },
{ "type": "Feature", "properties": { "ID": 1056102000301, "正式名称": "カワチ薬局　富岡店", "機関区分": 5, "都道府県コード": 10, "市区町村コード": 210, "所在地": "群馬県富岡市富岡２１０６－１", "緯度": 36.263733, "経度": 138.90228, "url": "https://www.iryou.teikyouseido.mhlw.go.jp/znk-web/juminkanja/S2430/initialize?prefCd=10&kikanCd=6102000301&kikanKbn=5", "url2": "http://www.cawachi.co.jp", "内容": "カワチ薬局　富岡店【5:薬局】群馬県富岡市富岡２１０６－１" }, "geometry": { "type": "Point", "coordinates": [ 138.90228, 36.263733 ] } },
{ "type": "Feature", "properties": { "ID": 1056102000302, "正式名称": "かんら調剤薬局", "機関区分": 5, "都道府県コード": 10, "市区町村コード": 384, "所在地": "群馬県甘楽郡甘楽町福島１１２－１", "緯度": 36.255012, "経度": 138.93125, "url": "https://www.iryou.teikyouseido.mhlw.go.jp/znk-web/juminkanja/S2430/initialize?prefCd=10&kikanCd=6102000302&kikanKbn=5", "url2": "https://www.yotsuba-ph.co.jp/greeting", "内容": "かんら調剤薬局【5:薬局】群馬県甘楽郡甘楽町福島１１２－１" }, "geometry": { "type": "Point", "coordinates": [ 138.93125, 36.255012 ] } },
{ "type": "Feature", "properties": { "ID": 1056102000303, "正式名称": "小出薬局", "機関区分": 5, "都道府県コード": 10, "市区町村コード": 210, "所在地": "群馬県富岡市富岡１１５５", "緯度": 36.255845, "経度": 138.891698, "url": "https://www.iryou.teikyouseido.mhlw.go.jp/znk-web/juminkanja/S2430/initialize?prefCd=10&kikanCd=6102000303&kikanKbn=5", "url2": null, "内容": "小出薬局【5:薬局】群馬県富岡市富岡１１５５" }, "geometry": { "type": "Point", "coordinates": [ 138.891698, 36.255845 ] } },
{ "type": "Feature", "properties": { "ID": 1056102000305, "正式名称": "下仁田調剤薬局", "機関区分": 5, "都道府県コード": 10, "市区町村コード": 382, "所在地": "群馬県甘楽郡下仁田町下仁田３９５－２", "緯度": 36.212764, "経度": 138.785403, "url": "https://www.iryou.teikyouseido.mhlw.go.jp/znk-web/juminkanja/S2430/initialize?prefCd=10&kikanCd=6102000305&kikanKbn=5", "url2": "shimonita-pharmacy.com", "内容": "下仁田調剤薬局【5:薬局】群馬県甘楽郡下仁田町下仁田３９５－２" }, "geometry": { "type": "Point", "coordinates": [ 138.785403, 36.212764 ] } },
{ "type": "Feature", "properties": { "ID": 1056102000309, "正式名称": "共創未来　たかせ薬局", "機関区分": 5, "都道府県コード": 10, "市区町村コード": 210, "所在地": "群馬県富岡市中高瀬１３９－２", "緯度": 36.252095, "経度": 138.88106, "url": "https://www.iryou.teikyouseido.mhlw.go.jp/znk-web/juminkanja/S2430/initialize?prefCd=10&kikanCd=6102000309&kikanKbn=5", "url2": "http://www.phmirai.co.jp/", "内容": "共創未来　たかせ薬局【5:薬局】群馬県富岡市中高瀬１３９－２" }, "geometry": { "type": "Point", "coordinates": [ 138.88106, 36.252095 ] } },
{ "type": "Feature", "properties": { "ID": 1056102000310, "正式名称": "なの花薬局富岡店", "機関区分": 5, "都道府県コード": 10, "市区町村コード": 210, "所在地": "群馬県富岡市富岡２５８８－９", "緯度": 36.263427, "経度": 138.905613, "url": "https://www.iryou.teikyouseido.mhlw.go.jp/znk-web/juminkanja/S2430/initialize?prefCd=10&kikanCd=6102000310&kikanKbn=5", "url2": "http://www.pharmaholdings.jp/", "内容": "なの花薬局富岡店【5:薬局】群馬県富岡市富岡２５８８－９" }, "geometry": { "type": "Point", "coordinates": [ 138.905613, 36.263427 ] } },
{ "type": "Feature", "properties": { "ID": 1056102000311, "正式名称": "トリム　薬局　富岡店", "機関区分": 5, "都道府県コード": 10, "市区町村コード": 210, "所在地": "群馬県富岡市富岡２６５５番１", "緯度": 36.263233, "経度": 138.905557, "url": "https://www.iryou.teikyouseido.mhlw.go.jp/znk-web/juminkanja/S2430/initialize?prefCd=10&kikanCd=6102000311&kikanKbn=5", "url2": "http://www.pharmarise.com/", "内容": "トリム　薬局　富岡店【5:薬局】群馬県富岡市富岡２６５５番１" }, "geometry": { "type": "Point", "coordinates": [ 138.905557, 36.263233 ] } },
{ "type": "Feature", "properties": { "ID": 1056102000312, "正式名称": "中村薬局", "機関区分": 5, "都道府県コード": 10, "市区町村コード": 210, "所在地": "群馬県富岡市富岡１０６９", "緯度": 36.260705, "経度": 138.890975, "url": "https://www.iryou.teikyouseido.mhlw.go.jp/znk-web/juminkanja/S2430/initialize?prefCd=10&kikanCd=6102000312&kikanKbn=5", "url2": null, "内容": "中村薬局【5:薬局】群馬県富岡市富岡１０６９" }, "geometry": { "type": "Point", "coordinates": [ 138.890975, 36.260705 ] } },
{ "type": "Feature", "properties": { "ID": 1056102000314, "正式名称": "ハタ調剤薬局", "機関区分": 5, "都道府県コード": 10, "市区町村コード": 210, "所在地": "群馬県富岡市七日市６３９－１", "緯度": 36.258983, "経度": 138.884421, "url": "https://www.iryou.teikyouseido.mhlw.go.jp/znk-web/juminkanja/S2430/initialize?prefCd=10&kikanCd=6102000314&kikanKbn=5", "url2": "http://www.a-nekt.co.jp/", "内容": "ハタ調剤薬局【5:薬局】群馬県富岡市七日市６３９－１" }, "geometry": { "type": "Point", "coordinates": [ 138.884421, 36.258983 ] } },
{ "type": "Feature", "properties": { "ID": 1056102000315, "正式名称": "共創未来　東富岡薬局", "機関区分": 5, "都道府県コード": 10, "市区町村コード": 210, "所在地": "群馬県富岡市富岡３０７４番地２", "緯度": 36.2614, "経度": 138.900641, "url": "https://www.iryou.teikyouseido.mhlw.go.jp/znk-web/juminkanja/S2430/initialize?prefCd=10&kikanCd=6102000315&kikanKbn=5", "url2": "http://www.phmirai.co.jp/", "内容": "共創未来　東富岡薬局【5:薬局】群馬県富岡市富岡３０７４番地２" }, "geometry": { "type": "Point", "coordinates": [ 138.900641, 36.2614 ] } },
{ "type": "Feature", "properties": { "ID": 1056102000316, "正式名称": "さくら薬局　甘楽白倉店", "機関区分": 5, "都道府県コード": 10, "市区町村コード": 384, "所在地": "群馬県甘楽郡甘楽町白倉６２７－１", "緯度": 36.248764, "経度": 138.942987, "url": "https://www.iryou.teikyouseido.mhlw.go.jp/znk-web/juminkanja/S2430/initialize?prefCd=10&kikanCd=6102000316&kikanKbn=5", "url2": "http://www.kraft-net.co.jp/sakura/store/4191/", "内容": "さくら薬局　甘楽白倉店【5:薬局】群馬県甘楽郡甘楽町白倉６２７－１" }, "geometry": { "type": "Point", "coordinates": [ 138.942987, 36.248764 ] } },
{ "type": "Feature", "properties": { "ID": 1056102000319, "正式名称": "大井田薬局富岡店", "機関区分": 5, "都道府県コード": 10, "市区町村コード": 210, "所在地": "群馬県富岡市七日市６７９－１", "緯度": 36.261011, "経度": 138.883032, "url": "https://www.iryou.teikyouseido.mhlw.go.jp/znk-web/juminkanja/S2430/initialize?prefCd=10&kikanCd=6102000319&kikanKbn=5", "url2": "http://www.oida-pharmacy.jp", "内容": "大井田薬局富岡店【5:薬局】群馬県富岡市七日市６７９－１" }, "geometry": { "type": "Point", "coordinates": [ 138.883032, 36.261011 ] } },
{ "type": "Feature", "properties": { "ID": 1056102000320, "正式名称": "このは薬局カインズ店", "機関区分": 5, "都道府県コード": 10, "市区町村コード": 384, "所在地": "群馬県甘楽郡甘楽町福島８１１", "緯度": 36.257373, "経度": 138.924362, "url": "https://www.iryou.teikyouseido.mhlw.go.jp/znk-web/juminkanja/S2430/initialize?prefCd=10&kikanCd=6102000320&kikanKbn=5", "url2": "http://www.a-nekt.co.jp/", "内容": "このは薬局カインズ店【5:薬局】群馬県甘楽郡甘楽町福島８１１" }, "geometry": { "type": "Point", "coordinates": [ 138.924362, 36.257373 ] } },
{ "type": "Feature", "properties": { "ID": 1056102000323, "正式名称": "有限会社嬬恋薬局", "機関区分": 5, "都道府県コード": 10, "市区町村コード": 425, "所在地": "群馬県吾妻郡嬬恋村三原４５３", "緯度": 36.534809, "経度": 138.550213, "url": "https://www.iryou.teikyouseido.mhlw.go.jp/znk-web/juminkanja/S2430/initialize?prefCd=10&kikanCd=6102000323&kikanKbn=5", "url2": null, "内容": "有限会社嬬恋薬局【5:薬局】群馬県吾妻郡嬬恋村三原４５３" }, "geometry": { "type": "Point", "coordinates": [ 138.550213, 36.534809 ] } },
{ "type": "Feature", "properties": { "ID": 1056102000324, "正式名称": "ユニスマイル薬局　羽根尾店", "機関区分": 5, "都道府県コード": 10, "市区町村コード": 424, "所在地": "群馬県吾妻郡長野原町大字羽根尾字暮坪７１３－４", "緯度": 36.555587, "経度": 138.606454, "url": "https://www.iryou.teikyouseido.mhlw.go.jp/znk-web/juminkanja/S2430/initialize?prefCd=10&kikanCd=6102000324&kikanKbn=5", "url2": "https://unismile.co.jp/shop/haneo/", "内容": "ユニスマイル薬局　羽根尾店【5:薬局】群馬県吾妻郡長野原町大字羽根尾字暮坪７１３－４" }, "geometry": { "type": "Point", "coordinates": [ 138.606454, 36.555587 ] } },
{ "type": "Feature", "properties": { "ID": 1056102000326, "正式名称": "宮前薬局", "機関区分": 5, "都道府県コード": 10, "市区町村コード": 424, "所在地": "群馬県吾妻郡長野原町長野原１５２", "緯度": 36.551864, "経度": 138.639983, "url": "https://www.iryou.teikyouseido.mhlw.go.jp/znk-web/juminkanja/S2430/initialize?prefCd=10&kikanCd=6102000326&kikanKbn=5", "url2": null, "内容": "宮前薬局【5:薬局】群馬県吾妻郡長野原町長野原１５２" }, "geometry": { "type": "Point", "coordinates": [ 138.639983, 36.551864 ] } },
{ "type": "Feature", "properties": { "ID": 1056102000327, "正式名称": "ホソカワ薬局", "機関区分": 5, "都道府県コード": 10, "市区町村コード": 424, "所在地": "群馬県吾妻郡長野原町北軽井沢１９２４", "緯度": 36.466095, "経度": 138.590241, "url": "https://www.iryou.teikyouseido.mhlw.go.jp/znk-web/juminkanja/S2430/initialize?prefCd=10&kikanCd=6102000327&kikanKbn=5", "url2": null, "内容": "ホソカワ薬局【5:薬局】群馬県吾妻郡長野原町北軽井沢１９２４" }, "geometry": { "type": "Point", "coordinates": [ 138.590241, 36.466095 ] } },
{ "type": "Feature", "properties": { "ID": 1056102000328, "正式名称": "養神堂薬局", "機関区分": 5, "都道府県コード": 10, "市区町村コード": 426, "所在地": "群馬県吾妻郡草津町草津３６６", "緯度": 36.623383, "経度": 138.597122, "url": "https://www.iryou.teikyouseido.mhlw.go.jp/znk-web/juminkanja/S2430/initialize?prefCd=10&kikanCd=6102000328&kikanKbn=5", "url2": null, "内容": "養神堂薬局【5:薬局】群馬県吾妻郡草津町草津３６６" }, "geometry": { "type": "Point", "coordinates": [ 138.597122, 36.623383 ] } },
{ "type": "Feature", "properties": { "ID": 1056102000329, "正式名称": "フロンティア薬局原町店", "機関区分": 5, "都道府県コード": 10, "市区町村コード": 429, "所在地": "群馬県吾妻郡東吾妻町大字原町６５１", "緯度": 36.57231, "経度": 138.826633, "url": "https://www.iryou.teikyouseido.mhlw.go.jp/znk-web/juminkanja/S2430/initialize?prefCd=10&kikanCd=6102000329&kikanKbn=5", "url2": "http://www.frontier-web.jp/", "内容": "フロンティア薬局原町店【5:薬局】群馬県吾妻郡東吾妻町大字原町６５１" }, "geometry": { "type": "Point", "coordinates": [ 138.826633, 36.57231 ] } },
{ "type": "Feature", "properties": { "ID": 1056102000334, "正式名称": "アイン薬局　群馬原町店", "機関区分": 5, "都道府県コード": 10, "市区町村コード": 429, "所在地": "群馬県吾妻郡東吾妻町原町５９１", "緯度": 36.57206, "経度": 138.8263, "url": "https://www.iryou.teikyouseido.mhlw.go.jp/znk-web/juminkanja/S2430/initialize?prefCd=10&kikanCd=6102000334&kikanKbn=5", "url2": "https://www.ainj.co.jp/network/detail.html?pdid=1560", "内容": "アイン薬局　群馬原町店【5:薬局】群馬県吾妻郡東吾妻町原町５９１" }, "geometry": { "type": "Point", "coordinates": [ 138.8263, 36.57206 ] } },
{ "type": "Feature", "properties": { "ID": 1056102000336, "正式名称": "アップル薬局上原店", "機関区分": 5, "都道府県コード": 10, "市区町村コード": 206, "所在地": "群馬県沼田市上原町１５７２－２３", "緯度": 36.646816, "経度": 139.061468, "url": "https://www.iryou.teikyouseido.mhlw.go.jp/znk-web/juminkanja/S2430/initialize?prefCd=10&kikanCd=6102000336&kikanKbn=5", "url2": null, "内容": "アップル薬局上原店【5:薬局】群馬県沼田市上原町１５７２－２３" }, "geometry": { "type": "Point", "coordinates": [ 139.061468, 36.646816 ] } },
{ "type": "Feature", "properties": { "ID": 1056102000337, "正式名称": "アップル薬局　ほたか店", "機関区分": 5, "都道府県コード": 10, "市区町村コード": 444, "所在地": "群馬県利根郡川場村生品１８４４", "緯度": 36.667748, "経度": 139.078524, "url": "https://www.iryou.teikyouseido.mhlw.go.jp/znk-web/juminkanja/S2430/initialize?prefCd=10&kikanCd=6102000337&kikanKbn=5", "url2": null, "内容": "アップル薬局　ほたか店【5:薬局】群馬県利根郡川場村生品１８４４" }, "geometry": { "type": "Point", "coordinates": [ 139.078524, 36.667748 ] } },
{ "type": "Feature", "properties": { "ID": 1056102000338, "正式名称": "アップル薬局中央店", "機関区分": 5, "都道府県コード": 10, "市区町村コード": 206, "所在地": "群馬県沼田市下久屋町", "緯度": 36.659444, "経度": 139.08658, "url": "https://www.iryou.teikyouseido.mhlw.go.jp/znk-web/juminkanja/S2430/initialize?prefCd=10&kikanCd=6102000338&kikanKbn=5", "url2": null, "内容": "アップル薬局中央店【5:薬局】群馬県沼田市下久屋町" }, "geometry": { "type": "Point", "coordinates": [ 139.08658, 36.659444 ] } },
{ "type": "Feature", "properties": { "ID": 1056102000339, "正式名称": "ウエルシア薬局　沼田店", "機関区分": 5, "都道府県コード": 10, "市区町村コード": 206, "所在地": "群馬県沼田市東原新町１８３１－１", "緯度": 36.647833, "経度": 139.056166, "url": "https://www.iryou.teikyouseido.mhlw.go.jp/znk-web/juminkanja/S2430/initialize?prefCd=10&kikanCd=6102000339&kikanKbn=5", "url2": "http://www.welcia-kanto.jp/", "内容": "ウエルシア薬局　沼田店【5:薬局】群馬県沼田市東原新町１８３１－１" }, "geometry": { "type": "Point", "coordinates": [ 139.056166, 36.647833 ] } },
{ "type": "Feature", "properties": { "ID": 1056102000343, "正式名称": "（有）メディスタッフしらかば薬局", "機関区分": 5, "都道府県コード": 10, "市区町村コード": 206, "所在地": "群馬県沼田市東原新町１５４８－１", "緯度": 36.645956, "経度": 139.059838, "url": "https://www.iryou.teikyouseido.mhlw.go.jp/znk-web/juminkanja/S2430/initialize?prefCd=10&kikanCd=6102000343&kikanKbn=5", "url2": "https://shirakaba-pharm.com/", "内容": "（有）メディスタッフしらかば薬局【5:薬局】群馬県沼田市東原新町１５４８－１" }, "geometry": { "type": "Point", "coordinates": [ 139.059838, 36.645956 ] } },
{ "type": "Feature", "properties": { "ID": 1056102000344, "正式名称": "そうごう薬局新治店", "機関区分": 5, "都道府県コード": 10, "市区町村コード": 449, "所在地": "群馬県利根郡みなかみ町湯宿温泉５６３－２", "緯度": 36.69927, "経度": 138.913453, "url": "https://www.iryou.teikyouseido.mhlw.go.jp/znk-web/juminkanja/S2430/initialize?prefCd=10&kikanCd=6102000344&kikanKbn=5", "url2": "http://www.sogo-medical.co.jp", "内容": "そうごう薬局新治店【5:薬局】群馬県利根郡みなかみ町湯宿温泉５６３－２" }, "geometry": { "type": "Point", "coordinates": [ 138.913453, 36.69927 ] } },
{ "type": "Feature", "properties": { "ID": 1056102000345, "正式名称": "有限会社長寿堂薬局", "機関区分": 5, "都道府県コード": 10, "市区町村コード": 449, "所在地": "群馬県利根郡みなかみ町湯原７１１", "緯度": 36.769402, "経度": 138.970473, "url": "https://www.iryou.teikyouseido.mhlw.go.jp/znk-web/juminkanja/S2430/initialize?prefCd=10&kikanCd=6102000345&kikanKbn=5", "url2": null, "内容": "有限会社長寿堂薬局【5:薬局】群馬県利根郡みなかみ町湯原７１１" }, "geometry": { "type": "Point", "coordinates": [ 138.970473, 36.769402 ] } },
{ "type": "Feature", "properties": { "ID": 1056102000346, "正式名称": "東原薬局", "機関区分": 5, "都道府県コード": 10, "市区町村コード": 206, "所在地": "群馬県沼田市東原新町", "緯度": 36.647139, "経度": 139.057499, "url": "https://www.iryou.teikyouseido.mhlw.go.jp/znk-web/juminkanja/S2430/initialize?prefCd=10&kikanCd=6102000346&kikanKbn=5", "url2": null, "内容": "東原薬局【5:薬局】群馬県沼田市東原新町" }, "geometry": { "type": "Point", "coordinates": [ 139.057499, 36.647139 ] } },
{ "type": "Feature", "properties": { "ID": 1056102000348, "正式名称": "有限会社宮前薬局", "機関区分": 5, "都道府県コード": 10, "市区町村コード": 206, "所在地": "群馬県沼田市下之町", "緯度": 36.643584, "経度": 139.043862, "url": "https://www.iryou.teikyouseido.mhlw.go.jp/znk-web/juminkanja/S2430/initialize?prefCd=10&kikanCd=6102000348&kikanKbn=5", "url2": null, "内容": "有限会社宮前薬局【5:薬局】群馬県沼田市下之町" }, "geometry": { "type": "Point", "coordinates": [ 139.043862, 36.643584 ] } },
{ "type": "Feature", "properties": { "ID": 1056102000350, "正式名称": "（有）山田調剤薬局", "機関区分": 5, "都道府県コード": 10, "市区町村コード": 206, "所在地": "群馬県沼田市東原新町１８５５", "緯度": 36.648194, "経度": 139.053916, "url": "https://www.iryou.teikyouseido.mhlw.go.jp/znk-web/juminkanja/S2430/initialize?prefCd=10&kikanCd=6102000350&kikanKbn=5", "url2": "https://www.yamadachouzai.com/", "内容": "（有）山田調剤薬局【5:薬局】群馬県沼田市東原新町１８５５" }, "geometry": { "type": "Point", "coordinates": [ 139.053916, 36.648194 ] } },
{ "type": "Feature", "properties": { "ID": 1056102000352, "正式名称": "ケンコー薬局", "機関区分": 5, "都道府県コード": 10, "市区町村コード": 206, "所在地": "群馬県沼田市高橋場町２０６０－２３", "緯度": 36.654083, "経度": 139.064082, "url": "https://www.iryou.teikyouseido.mhlw.go.jp/znk-web/juminkanja/S2430/initialize?prefCd=10&kikanCd=6102000352&kikanKbn=5", "url2": null, "内容": "ケンコー薬局【5:薬局】群馬県沼田市高橋場町２０６０－２３" }, "geometry": { "type": "Point", "coordinates": [ 139.064082, 36.654083 ] } },
{ "type": "Feature", "properties": { "ID": 1056102000353, "正式名称": "そうごう薬局沼田店", "機関区分": 5, "都道府県コード": 10, "市区町村コード": 206, "所在地": "群馬県沼田市久屋原町３３６－６", "緯度": 36.665249, "経度": 139.104467, "url": "https://www.iryou.teikyouseido.mhlw.go.jp/znk-web/juminkanja/S2430/initialize?prefCd=10&kikanCd=6102000353&kikanKbn=5", "url2": "http://www.sogo-medical.co.jp/", "内容": "そうごう薬局沼田店【5:薬局】群馬県沼田市久屋原町３３６－６" }, "geometry": { "type": "Point", "coordinates": [ 139.104467, 36.665249 ] } },
{ "type": "Feature", "properties": { "ID": 1056102000354, "正式名称": "ウエルシア薬局　沼田バイパス店", "機関区分": 5, "都道府県コード": 10, "市区町村コード": 206, "所在地": "群馬県沼田市高橋場町２１９０－１", "緯度": 36.653472, "経度": 139.052944, "url": "https://www.iryou.teikyouseido.mhlw.go.jp/znk-web/juminkanja/S2430/initialize?prefCd=10&kikanCd=6102000354&kikanKbn=5", "url2": "https://store.welcia.co.jp/welcia/spot/detail?code=70D", "内容": "ウエルシア薬局　沼田バイパス店【5:薬局】群馬県沼田市高橋場町２１９０－１" }, "geometry": { "type": "Point", "coordinates": [ 139.052944, 36.653472 ] } },
{ "type": "Feature", "properties": { "ID": 1056102000355, "正式名称": "有限会社あいはら薬局", "機関区分": 5, "都道府県コード": 10, "市区町村コード": 204, "所在地": "群馬県伊勢崎市香林町二丁目８７２－１", "緯度": 36.400891, "経度": 139.244662, "url": "https://www.iryou.teikyouseido.mhlw.go.jp/znk-web/juminkanja/S2430/initialize?prefCd=10&kikanCd=6102000355&kikanKbn=5", "url2": null, "内容": "有限会社あいはら薬局【5:薬局】群馬県伊勢崎市香林町二丁目８７２－１" }, "geometry": { "type": "Point", "coordinates": [ 139.244662, 36.400891 ] } },
{ "type": "Feature", "properties": { "ID": 1056102000356, "正式名称": "アイン薬局伊勢崎店", "機関区分": 5, "都道府県コード": 10, "市区町村コード": 204, "所在地": "群馬県伊勢崎市連取本町１４－３", "緯度": 36.322148, "経度": 139.177671, "url": "https://www.iryou.teikyouseido.mhlw.go.jp/znk-web/juminkanja/S2430/initialize?prefCd=10&kikanCd=6102000356&kikanKbn=5", "url2": "https://www.ainj.co.jp/", "内容": "アイン薬局伊勢崎店【5:薬局】群馬県伊勢崎市連取本町１４－３" }, "geometry": { "type": "Point", "coordinates": [ 139.177671, 36.322148 ] } },
{ "type": "Feature", "properties": { "ID": 1056102000357, "正式名称": "さくら薬局　伊勢崎国定店", "機関区分": 5, "都道府県コード": 10, "市区町村コード": 204, "所在地": "群馬県伊勢崎市国定町２－２０１９－３", "緯度": 36.35984, "経度": 139.240692, "url": "https://www.iryou.teikyouseido.mhlw.go.jp/znk-web/juminkanja/S2430/initialize?prefCd=10&kikanCd=6102000357&kikanKbn=5", "url2": "http://www.kraft-net.co.jp/search/4038/", "内容": "さくら薬局　伊勢崎国定店【5:薬局】群馬県伊勢崎市国定町２－２０１９－３" }, "geometry": { "type": "Point", "coordinates": [ 139.240692, 36.35984 ] } },
{ "type": "Feature", "properties": { "ID": 1056102000359, "正式名称": "アイセイ薬局　あずま店", "機関区分": 5, "都道府県コード": 10, "市区町村コード": 204, "所在地": "群馬県伊勢崎市東町２６５９－２", "緯度": 36.343536, "経度": 139.246859, "url": "https://www.iryou.teikyouseido.mhlw.go.jp/znk-web/juminkanja/S2430/initialize?prefCd=10&kikanCd=6102000359&kikanKbn=5", "url2": "http://www.aisei.co.jp", "内容": "アイセイ薬局　あずま店【5:薬局】群馬県伊勢崎市東町２６５９－２" }, "geometry": { "type": "Point", "coordinates": [ 139.246859, 36.343536 ] } },
{ "type": "Feature", "properties": { "ID": 1056102000360, "正式名称": "あらいふぁあましぃー", "機関区分": 5, "都道府県コード": 10, "市区町村コード": 204, "所在地": "群馬県伊勢崎市今泉町", "緯度": 36.31435, "経度": 139.211752, "url": "https://www.iryou.teikyouseido.mhlw.go.jp/znk-web/juminkanja/S2430/initialize?prefCd=10&kikanCd=6102000360&kikanKbn=5", "url2": null, "内容": "あらいふぁあましぃー【5:薬局】群馬県伊勢崎市今泉町" }, "geometry": { "type": "Point", "coordinates": [ 139.211752, 36.31435 ] } },
{ "type": "Feature", "properties": { "ID": 1056102000361, "正式名称": "アリス薬局", "機関区分": 5, "都道府県コード": 10, "市区町村コード": 204, "所在地": "群馬県伊勢崎市上諏訪町１５２１−１", "緯度": 36.329953, "経度": 139.217001, "url": "https://www.iryou.teikyouseido.mhlw.go.jp/znk-web/juminkanja/S2430/initialize?prefCd=10&kikanCd=6102000361&kikanKbn=5", "url2": null, "内容": "アリス薬局【5:薬局】群馬県伊勢崎市上諏訪町１５２１−１" }, "geometry": { "type": "Point", "coordinates": [ 139.217001, 36.329953 ] } },
{ "type": "Feature", "properties": { "ID": 1056102000362, "正式名称": "いせさき調剤薬局", "機関区分": 5, "都道府県コード": 10, "市区町村コード": 204, "所在地": "群馬県伊勢崎市緑町", "緯度": 36.319343, "経度": 139.19667, "url": "https://www.iryou.teikyouseido.mhlw.go.jp/znk-web/juminkanja/S2430/initialize?prefCd=10&kikanCd=6102000362&kikanKbn=5", "url2": "https://www.chcp.jp", "内容": "いせさき調剤薬局【5:薬局】群馬県伊勢崎市緑町" }, "geometry": { "type": "Point", "coordinates": [ 139.19667, 36.319343 ] } },
{ "type": "Feature", "properties": { "ID": 1056102000365, "正式名称": "五ツ星薬局", "機関区分": 5, "都道府県コード": 10, "市区町村コード": 204, "所在地": "群馬県伊勢崎市連取本町１１－５", "緯度": 36.323148, "経度": 139.17731, "url": "https://www.iryou.teikyouseido.mhlw.go.jp/znk-web/juminkanja/S2430/initialize?prefCd=10&kikanCd=6102000365&kikanKbn=5", "url2": "https://www.ainj.co.jp/", "内容": "五ツ星薬局【5:薬局】群馬県伊勢崎市連取本町１１－５" }, "geometry": { "type": "Point", "coordinates": [ 139.17731, 36.323148 ] } },
{ "type": "Feature", "properties": { "ID": 1056102000367, "正式名称": "ウエルシア薬局玉村店", "機関区分": 5, "都道府県コード": 10, "市区町村コード": 464, "所在地": "群馬県佐波郡玉村町上飯島２７５", "緯度": 36.301622, "経度": 139.12601, "url": "https://www.iryou.teikyouseido.mhlw.go.jp/znk-web/juminkanja/S2430/initialize?prefCd=10&kikanCd=6102000367&kikanKbn=5", "url2": "http://www.welcia-yakkyoku.co.jp", "内容": "ウエルシア薬局玉村店【5:薬局】群馬県佐波郡玉村町上飯島２７５" }, "geometry": { "type": "Point", "coordinates": [ 139.12601, 36.301622 ] } },
{ "type": "Feature", "properties": { "ID": 1056102000371, "正式名称": "共創未来　かけづか薬局", "機関区分": 5, "都道府県コード": 10, "市区町村コード": 204, "所在地": "群馬県伊勢崎市太田町４２１", "緯度": 36.328703, "経度": 139.180587, "url": "https://www.iryou.teikyouseido.mhlw.go.jp/znk-web/juminkanja/S2430/initialize?prefCd=10&kikanCd=6102000371&kikanKbn=5", "url2": "http://www.phmirai.co.jp/", "内容": "共創未来　かけづか薬局【5:薬局】群馬県伊勢崎市太田町４２１" }, "geometry": { "type": "Point", "coordinates": [ 139.180587, 36.328703 ] } },
{ "type": "Feature", "properties": { "ID": 1056102000373, "正式名称": "かみのて調剤薬局", "機関区分": 5, "都道府県コード": 10, "市区町村コード": 464, "所在地": "群馬県佐波郡玉村町上之手２０２５－５", "緯度": 36.293928, "経度": 139.116066, "url": "https://www.iryou.teikyouseido.mhlw.go.jp/znk-web/juminkanja/S2430/initialize?prefCd=10&kikanCd=6102000373&kikanKbn=5", "url2": null, "内容": "かみのて調剤薬局【5:薬局】群馬県佐波郡玉村町上之手２０２５－５" }, "geometry": { "type": "Point", "coordinates": [ 139.116066, 36.293928 ] } },
{ "type": "Feature", "properties": { "ID": 1056102000374, "正式名称": "共創未来くにさだ薬局", "機関区分": 5, "都道府県コード": 10, "市区町村コード": 204, "所在地": "群馬県伊勢崎市国定町１ー１１７８－３", "緯度": 36.367283, "経度": 139.25494, "url": "https://www.iryou.teikyouseido.mhlw.go.jp/znk-web/juminkanja/S2430/initialize?prefCd=10&kikanCd=6102000374&kikanKbn=5", "url2": "http://www.phmirai.co.jp/", "内容": "共創未来くにさだ薬局【5:薬局】群馬県伊勢崎市国定町１ー１１７８－３" }, "geometry": { "type": "Point", "coordinates": [ 139.25494, 36.367283 ] } },
{ "type": "Feature", "properties": { "ID": 1056102000375, "正式名称": "けやき薬局", "機関区分": 5, "都道府県コード": 10, "市区町村コード": 204, "所在地": "群馬県伊勢崎市三室町４４１７－１", "緯度": 36.328037, "経度": 139.240054, "url": "https://www.iryou.teikyouseido.mhlw.go.jp/znk-web/juminkanja/S2430/initialize?prefCd=10&kikanCd=6102000375&kikanKbn=5", "url2": "https://www.famiru-group.com", "内容": "けやき薬局【5:薬局】群馬県伊勢崎市三室町４４１７－１" }, "geometry": { "type": "Point", "coordinates": [ 139.240054, 36.328037 ] } },
{ "type": "Feature", "properties": { "ID": 1056102000376, "正式名称": "健晃堂調剤薬局", "機関区分": 5, "都道府県コード": 10, "市区町村コード": 204, "所在地": "群馬県伊勢崎市太田町１１７６－５Ａ－２", "緯度": 36.324037, "経度": 139.179699, "url": "https://www.iryou.teikyouseido.mhlw.go.jp/znk-web/juminkanja/S2430/initialize?prefCd=10&kikanCd=6102000376&kikanKbn=5", "url2": null, "内容": "健晃堂調剤薬局【5:薬局】群馬県伊勢崎市太田町１１７６－５Ａ－２" }, "geometry": { "type": "Point", "coordinates": [ 139.179699, 36.324037 ] } },
{ "type": "Feature", "properties": { "ID": 1056102000378, "正式名称": "アイン薬局伊勢崎はしえ店", "機関区分": 5, "都道府県コード": 10, "市区町村コード": 204, "所在地": "群馬県伊勢崎市波志江町１１５２", "緯度": 36.338841, "経度": 139.183698, "url": "https://www.iryou.teikyouseido.mhlw.go.jp/znk-web/juminkanja/S2430/initialize?prefCd=10&kikanCd=6102000378&kikanKbn=5", "url2": "http://www.ainj.co.jp", "内容": "アイン薬局伊勢崎はしえ店【5:薬局】群馬県伊勢崎市波志江町１１５２" }, "geometry": { "type": "Point", "coordinates": [ 139.183698, 36.338841 ] } },
{ "type": "Feature", "properties": { "ID": 1056102000381, "正式名称": "実孝薬局", "機関区分": 5, "都道府県コード": 10, "市区町村コード": 464, "所在地": "群馬県佐波郡玉村町上新田１５７－２", "緯度": 36.30226, "経度": 139.105289, "url": "https://www.iryou.teikyouseido.mhlw.go.jp/znk-web/juminkanja/S2430/initialize?prefCd=10&kikanCd=6102000381&kikanKbn=5", "url2": null, "内容": "実孝薬局【5:薬局】群馬県佐波郡玉村町上新田１５７－２" }, "geometry": { "type": "Point", "coordinates": [ 139.105289, 36.30226 ] } },
{ "type": "Feature", "properties": { "ID": 1056102000383, "正式名称": "共創未来　伊勢崎中央薬局", "機関区分": 5, "都道府県コード": 10, "市区町村コード": 204, "所在地": "群馬県伊勢崎市大手町２－１４", "緯度": 36.325132, "経度": 139.194246, "url": "https://www.iryou.teikyouseido.mhlw.go.jp/znk-web/juminkanja/S2430/initialize?prefCd=10&kikanCd=6102000383&kikanKbn=5", "url2": "https://phmirai.co.jp", "内容": "共創未来　伊勢崎中央薬局【5:薬局】群馬県伊勢崎市大手町２－１４" }, "geometry": { "type": "Point", "coordinates": [ 139.194246, 36.325132 ] } },
{ "type": "Feature", "properties": { "ID": 1056102000384, "正式名称": "須田薬局", "機関区分": 5, "都道府県コード": 10, "市区町村コード": 204, "所在地": "群馬県伊勢崎市喜多町", "緯度": 36.328481, "経度": 139.190309, "url": "https://www.iryou.teikyouseido.mhlw.go.jp/znk-web/juminkanja/S2430/initialize?prefCd=10&kikanCd=6102000384&kikanKbn=5", "url2": null, "内容": "須田薬局【5:薬局】群馬県伊勢崎市喜多町" }, "geometry": { "type": "Point", "coordinates": [ 139.190309, 36.328481 ] } },
{ "type": "Feature", "properties": { "ID": 1056102000385, "正式名称": "さくら薬局　伊勢崎連取店", "機関区分": 5, "都道府県コード": 10, "市区町村コード": 204, "所在地": "群馬県伊勢崎市連取本町１１番地５", "緯度": 36.323037, "経度": 139.177254, "url": "https://www.iryou.teikyouseido.mhlw.go.jp/znk-web/juminkanja/S2430/initialize?prefCd=10&kikanCd=6102000385&kikanKbn=5", "url2": "https://www.kraft-net.co.jp/sakura/store/4021/", "内容": "さくら薬局　伊勢崎連取店【5:薬局】群馬県伊勢崎市連取本町１１番地５" }, "geometry": { "type": "Point", "coordinates": [ 139.177254, 36.323037 ] } },
{ "type": "Feature", "properties": { "ID": 1056102000386, "正式名称": "そうごう薬局国定店", "機関区分": 5, "都道府県コード": 10, "市区町村コード": 204, "所在地": "群馬県伊勢崎市市場町２－１７０９", "緯度": 36.358728, "経度": 139.233137, "url": "https://www.iryou.teikyouseido.mhlw.go.jp/znk-web/juminkanja/S2430/initialize?prefCd=10&kikanCd=6102000386&kikanKbn=5", "url2": "http://www.sogo-medical.co.jp/sogopharmacy/index.html", "内容": "そうごう薬局国定店【5:薬局】群馬県伊勢崎市市場町２－１７０９" }, "geometry": { "type": "Point", "coordinates": [ 139.233137, 36.358728 ] } },
{ "type": "Feature", "properties": { "ID": 1056102000388, "正式名称": "中央薬局", "機関区分": 5, "都道府県コード": 10, "市区町村コード": 204, "所在地": "群馬県伊勢崎市中央町４－９", "緯度": 36.321287, "経度": 139.20003, "url": "https://www.iryou.teikyouseido.mhlw.go.jp/znk-web/juminkanja/S2430/initialize?prefCd=10&kikanCd=6102000388&kikanKbn=5", "url2": null, "内容": "中央薬局【5:薬局】群馬県伊勢崎市中央町４－９" }, "geometry": { "type": "Point", "coordinates": [ 139.20003, 36.321287 ] } },
{ "type": "Feature", "properties": { "ID": 1056102000389, "正式名称": "つくし薬局", "機関区分": 5, "都道府県コード": 10, "市区町村コード": 204, "所在地": "群馬県伊勢崎市鹿島町５４４－３", "緯度": 36.334314, "経度": 139.204918, "url": "https://www.iryou.teikyouseido.mhlw.go.jp/znk-web/juminkanja/S2430/initialize?prefCd=10&kikanCd=6102000389&kikanKbn=5", "url2": "http://www.chuo-yakkyoku.com", "内容": "つくし薬局【5:薬局】群馬県伊勢崎市鹿島町５４４－３" }, "geometry": { "type": "Point", "coordinates": [ 139.204918, 36.334314 ] } },
{ "type": "Feature", "properties": { "ID": 1056102000393, "正式名称": "ドレミ・ファーマシー南店", "機関区分": 5, "都道府県コード": 10, "市区町村コード": 204, "所在地": "群馬県伊勢崎市茂呂町２－３５１２－８", "緯度": 36.296374, "経度": 139.209753, "url": "https://www.iryou.teikyouseido.mhlw.go.jp/znk-web/juminkanja/S2430/initialize?prefCd=10&kikanCd=6102000393&kikanKbn=5", "url2": null, "内容": "ドレミ・ファーマシー南店【5:薬局】群馬県伊勢崎市茂呂町２－３５１２－８" }, "geometry": { "type": "Point", "coordinates": [ 139.209753, 36.296374 ] } },
{ "type": "Feature", "properties": { "ID": 1056102000394, "正式名称": "ドレミ・ファーマシー　広瀬店", "機関区分": 5, "都道府県コード": 10, "市区町村コード": 204, "所在地": "群馬県伊勢崎市美茂呂町３７３８－３", "緯度": 36.302706, "経度": 139.198254, "url": "https://www.iryou.teikyouseido.mhlw.go.jp/znk-web/juminkanja/S2430/initialize?prefCd=10&kikanCd=6102000394&kikanKbn=5", "url2": null, "内容": "ドレミ・ファーマシー　広瀬店【5:薬局】群馬県伊勢崎市美茂呂町３７３８－３" }, "geometry": { "type": "Point", "coordinates": [ 139.198254, 36.302706 ] } },
{ "type": "Feature", "properties": { "ID": 1056102000395, "正式名称": "有限会社中田薬局", "機関区分": 5, "都道府県コード": 10, "市区町村コード": 204, "所在地": "群馬県伊勢崎市上植木本町", "緯度": 36.332752, "経度": 139.21292, "url": "https://www.iryou.teikyouseido.mhlw.go.jp/znk-web/juminkanja/S2430/initialize?prefCd=10&kikanCd=6102000395&kikanKbn=5", "url2": null, "内容": "有限会社中田薬局【5:薬局】群馬県伊勢崎市上植木本町" }, "geometry": { "type": "Point", "coordinates": [ 139.21292, 36.332752 ] } },
{ "type": "Feature", "properties": { "ID": 1056102000396, "正式名称": "にしきの薬局", "機関区分": 5, "都道府県コード": 10, "市区町村コード": 464, "所在地": "群馬県佐波郡玉村町下新田１１１９－７", "緯度": 36.301566, "経度": 139.117566, "url": "https://www.iryou.teikyouseido.mhlw.go.jp/znk-web/juminkanja/S2430/initialize?prefCd=10&kikanCd=6102000396&kikanKbn=5", "url2": null, "内容": "にしきの薬局【5:薬局】群馬県佐波郡玉村町下新田１１１９－７" }, "geometry": { "type": "Point", "coordinates": [ 139.117566, 36.301566 ] } },
{ "type": "Feature", "properties": { "ID": 1056102000397, "正式名称": "共創未来　大手町薬局", "機関区分": 5, "都道府県コード": 10, "市区町村コード": 204, "所在地": "群馬県伊勢崎市大手町２０－１１", "緯度": 36.321232, "経度": 139.196114, "url": "https://www.iryou.teikyouseido.mhlw.go.jp/znk-web/juminkanja/S2430/initialize?prefCd=10&kikanCd=6102000397&kikanKbn=5", "url2": "http://www.phmirai.co.jp/", "内容": "共創未来　大手町薬局【5:薬局】群馬県伊勢崎市大手町２０－１１" }, "geometry": { "type": "Point", "coordinates": [ 139.196114, 36.321232 ] } },
{ "type": "Feature", "properties": { "ID": 1056102000398, "正式名称": "ことり薬局　宮子店", "機関区分": 5, "都道府県コード": 10, "市区町村コード": 204, "所在地": "群馬県伊勢崎市宮子町３５４３−１１", "緯度": 36.330258, "経度": 139.152089, "url": "https://www.iryou.teikyouseido.mhlw.go.jp/znk-web/juminkanja/S2430/initialize?prefCd=10&kikanCd=6102000398&kikanKbn=5", "url2": null, "内容": "ことり薬局　宮子店【5:薬局】群馬県伊勢崎市宮子町３５４３−１１" }, "geometry": { "type": "Point", "coordinates": [ 139.152089, 36.330258 ] } },
{ "type": "Feature", "properties": { "ID": 1056102000399, "正式名称": "共創未来　佐波東薬局", "機関区分": 5, "都道府県コード": 10, "市区町村コード": 204, "所在地": "群馬県伊勢崎市東町２７２０－１７", "緯度": 36.345841, "経度": 139.24347, "url": "https://www.iryou.teikyouseido.mhlw.go.jp/znk-web/juminkanja/S2430/initialize?prefCd=10&kikanCd=6102000399&kikanKbn=5", "url2": "http://www.phmirai.co.jp/", "内容": "共創未来　佐波東薬局【5:薬局】群馬県伊勢崎市東町２７２０－１７" }, "geometry": { "type": "Point", "coordinates": [ 139.24347, 36.345841 ] } },
{ "type": "Feature", "properties": { "ID": 1056102000402, "正式名称": "合資会社福田薬局", "機関区分": 5, "都道府県コード": 10, "市区町村コード": 204, "所在地": "群馬県伊勢崎市三光町１１－２４", "緯度": 36.318538, "経度": 139.191864, "url": "https://www.iryou.teikyouseido.mhlw.go.jp/znk-web/juminkanja/S2430/initialize?prefCd=10&kikanCd=6102000402&kikanKbn=5", "url2": "http://nttbj.itp.ne.jp/0270250106/index.html", "内容": "合資会社福田薬局【5:薬局】群馬県伊勢崎市三光町１１－２４" }, "geometry": { "type": "Point", "coordinates": [ 139.191864, 36.318538 ] } },
{ "type": "Feature", "properties": { "ID": 1056102000404, "正式名称": "ふたば薬局", "機関区分": 5, "都道府県コード": 10, "市区町村コード": 204, "所在地": "群馬県伊勢崎市今泉町１－１２１１－１", "緯度": 36.307817, "経度": 139.206697, "url": "https://www.iryou.teikyouseido.mhlw.go.jp/znk-web/juminkanja/S2430/initialize?prefCd=10&kikanCd=6102000404&kikanKbn=5", "url2": null, "内容": "ふたば薬局【5:薬局】群馬県伊勢崎市今泉町１－１２１１－１" }, "geometry": { "type": "Point", "coordinates": [ 139.206697, 36.307817 ] } },
{ "type": "Feature", "properties": { "ID": 1056102000405, "正式名称": "プラザ薬局", "機関区分": 5, "都道府県コード": 10, "市区町村コード": 204, "所在地": "群馬県伊勢崎市富塚町２６４－２", "緯度": 36.273959, "経度": 139.192922, "url": "https://www.iryou.teikyouseido.mhlw.go.jp/znk-web/juminkanja/S2430/initialize?prefCd=10&kikanCd=6102000405&kikanKbn=5", "url2": null, "内容": "プラザ薬局【5:薬局】群馬県伊勢崎市富塚町２６４－２" }, "geometry": { "type": "Point", "coordinates": [ 139.192922, 36.273959 ] } },
{ "type": "Feature", "properties": { "ID": 1056102000407, "正式名称": "松本ファーマシー", "機関区分": 5, "都道府県コード": 10, "市区町村コード": 204, "所在地": "群馬県伊勢崎市連取町２３４８－１０", "緯度": 36.3089, "経度": 139.185893, "url": "https://www.iryou.teikyouseido.mhlw.go.jp/znk-web/juminkanja/S2430/initialize?prefCd=10&kikanCd=6102000407&kikanKbn=5", "url2": null, "内容": "松本ファーマシー【5:薬局】群馬県伊勢崎市連取町２３４８－１０" }, "geometry": { "type": "Point", "coordinates": [ 139.185893, 36.3089 ] } },
{ "type": "Feature", "properties": { "ID": 1056102000408, "正式名称": "松本ファーマシー上本店", "機関区分": 5, "都道府県コード": 10, "市区町村コード": 204, "所在地": "群馬県伊勢崎市上植木本町２５１９－２", "緯度": 36.341091, "経度": 139.21525, "url": "https://www.iryou.teikyouseido.mhlw.go.jp/znk-web/juminkanja/S2430/initialize?prefCd=10&kikanCd=6102000408&kikanKbn=5", "url2": null, "内容": "松本ファーマシー上本店【5:薬局】群馬県伊勢崎市上植木本町２５１９－２" }, "geometry": { "type": "Point", "coordinates": [ 139.21525, 36.341091 ] } },
{ "type": "Feature", "properties": { "ID": 1056102000409, "正式名称": "松本ファーマシー玉村店", "機関区分": 5, "都道府県コード": 10, "市区町村コード": 464, "所在地": "群馬県佐波郡玉村町後箇２０８－３", "緯度": 36.298233, "経度": 139.124204, "url": "https://www.iryou.teikyouseido.mhlw.go.jp/znk-web/juminkanja/S2430/initialize?prefCd=10&kikanCd=6102000409&kikanKbn=5", "url2": null, "内容": "松本ファーマシー玉村店【5:薬局】群馬県佐波郡玉村町後箇２０８－３" }, "geometry": { "type": "Point", "coordinates": [ 139.124204, 36.298233 ] } },
{ "type": "Feature", "properties": { "ID": 1056102000413, "正式名称": "みやこ薬局", "機関区分": 5, "都道府県コード": 10, "市区町村コード": 204, "所在地": "群馬県伊勢崎市宮子町６５９－４", "緯度": 36.332063, "経度": 139.154284, "url": "https://www.iryou.teikyouseido.mhlw.go.jp/znk-web/juminkanja/S2430/initialize?prefCd=10&kikanCd=6102000413&kikanKbn=5", "url2": null, "内容": "みやこ薬局【5:薬局】群馬県伊勢崎市宮子町６５９－４" }, "geometry": { "type": "Point", "coordinates": [ 139.154284, 36.332063 ] } },
{ "type": "Feature", "properties": { "ID": 1056102000414, "正式名称": "むさし薬局", "機関区分": 5, "都道府県コード": 10, "市区町村コード": 204, "所在地": "群馬県伊勢崎市除ケ町３３６－１１", "緯度": 36.281292, "経度": 139.192283, "url": "https://www.iryou.teikyouseido.mhlw.go.jp/znk-web/juminkanja/S2430/initialize?prefCd=10&kikanCd=6102000414&kikanKbn=5", "url2": null, "内容": "むさし薬局【5:薬局】群馬県伊勢崎市除ケ町３３６－１１" }, "geometry": { "type": "Point", "coordinates": [ 139.192283, 36.281292 ] } },
{ "type": "Feature", "properties": { "ID": 1056102000416, "正式名称": "吉山薬局喜多町店", "機関区分": 5, "都道府県コード": 10, "市区町村コード": 204, "所在地": "群馬県伊勢崎市喜多町", "緯度": 36.330925, "経度": 139.196502, "url": "https://www.iryou.teikyouseido.mhlw.go.jp/znk-web/juminkanja/S2430/initialize?prefCd=10&kikanCd=6102000416&kikanKbn=5", "url2": null, "内容": "吉山薬局喜多町店【5:薬局】群馬県伊勢崎市喜多町" }, "geometry": { "type": "Point", "coordinates": [ 139.196502, 36.330925 ] } },
{ "type": "Feature", "properties": { "ID": 1056102000418, "正式名称": "ユニスマイル薬局　玉村店", "機関区分": 5, "都道府県コード": 10, "市区町村コード": 464, "所在地": "群馬県佐波郡玉村町板井１０５－４", "緯度": 36.316231, "経度": 139.099039, "url": "https://www.iryou.teikyouseido.mhlw.go.jp/znk-web/juminkanja/S2430/initialize?prefCd=10&kikanCd=6102000418&kikanKbn=5", "url2": "https://unismile.co.jp", "内容": "ユニスマイル薬局　玉村店【5:薬局】群馬県佐波郡玉村町板井１０５－４" }, "geometry": { "type": "Point", "coordinates": [ 139.099039, 36.316231 ] } },
{ "type": "Feature", "properties": { "ID": 1056102000419, "正式名称": "フロンティア薬局赤堀店", "機関区分": 5, "都道府県コード": 10, "市区町村コード": 204, "所在地": "群馬県伊勢崎市市場町１－１４０５", "緯度": 36.375088, "経度": 139.218249, "url": "https://www.iryou.teikyouseido.mhlw.go.jp/znk-web/juminkanja/S2430/initialize?prefCd=10&kikanCd=6102000419&kikanKbn=5", "url2": "http://www.frontier-ph.com/", "内容": "フロンティア薬局赤堀店【5:薬局】群馬県伊勢崎市市場町１－１４０５" }, "geometry": { "type": "Point", "coordinates": [ 139.218249, 36.375088 ] } },
{ "type": "Feature", "properties": { "ID": 1056102000420, "正式名称": "あじさい薬局", "機関区分": 5, "都道府県コード": 10, "市区町村コード": 464, "所在地": "群馬県佐波郡玉村町上之手１６３５－５", "緯度": 36.29815, "経度": 139.118122, "url": "https://www.iryou.teikyouseido.mhlw.go.jp/znk-web/juminkanja/S2430/initialize?prefCd=10&kikanCd=6102000420&kikanKbn=5", "url2": "https://www.gesundheit-1.com/home", "内容": "あじさい薬局【5:薬局】群馬県佐波郡玉村町上之手１６３５－５" }, "geometry": { "type": "Point", "coordinates": [ 139.118122, 36.29815 ] } },
{ "type": "Feature", "properties": { "ID": 1056102000421, "正式名称": "イムノファーマシー伊勢崎店", "機関区分": 5, "都道府県コード": 10, "市区町村コード": 204, "所在地": "群馬県伊勢崎市間野谷町１１０７", "緯度": 36.378782, "経度": 139.258301, "url": "https://www.iryou.teikyouseido.mhlw.go.jp/znk-web/juminkanja/S2430/initialize?prefCd=10&kikanCd=6102000421&kikanKbn=5", "url2": null, "内容": "イムノファーマシー伊勢崎店【5:薬局】群馬県伊勢崎市間野谷町１１０７" }, "geometry": { "type": "Point", "coordinates": [ 139.258301, 36.378782 ] } },
{ "type": "Feature", "properties": { "ID": 1056102000422, "正式名称": "うえはす調剤薬局", "機関区分": 5, "都道府県コード": 10, "市区町村コード": 204, "所在地": "群馬県伊勢崎市上植木本町２６６４－６", "緯度": 36.337286, "経度": 139.210723, "url": "https://www.iryou.teikyouseido.mhlw.go.jp/znk-web/juminkanja/S2430/initialize?prefCd=10&kikanCd=6102000422&kikanKbn=5", "url2": "http://e-pharmacy.co.jp", "内容": "うえはす調剤薬局【5:薬局】群馬県伊勢崎市上植木本町２６６４－６" }, "geometry": { "type": "Point", "coordinates": [ 139.210723, 36.337286 ] } },
{ "type": "Feature", "properties": { "ID": 1056102000425, "正式名称": "カワチ薬局　伊勢崎西店", "機関区分": 5, "都道府県コード": 10, "市区町村コード": 204, "所在地": "群馬県伊勢崎市連取町１４４－５", "緯度": 36.321898, "経度": 139.184532, "url": "https://www.iryou.teikyouseido.mhlw.go.jp/znk-web/juminkanja/S2430/initialize?prefCd=10&kikanCd=6102000425&kikanKbn=5", "url2": "http://www.cawachi.co.jp", "内容": "カワチ薬局　伊勢崎西店【5:薬局】群馬県伊勢崎市連取町１４４－５" }, "geometry": { "type": "Point", "coordinates": [ 139.184532, 36.321898 ] } },
{ "type": "Feature", "properties": { "ID": 1056102000428, "正式名称": "わかば薬局韮塚店", "機関区分": 5, "都道府県コード": 10, "市区町村コード": 204, "所在地": "群馬県伊勢崎市韮塚町４６０番地８", "緯度": 36.307066, "経度": 139.178894, "url": "https://www.iryou.teikyouseido.mhlw.go.jp/znk-web/juminkanja/S2430/initialize?prefCd=10&kikanCd=6102000428&kikanKbn=5", "url2": "http://www.sanshindrug.co.jp/", "内容": "わかば薬局韮塚店【5:薬局】群馬県伊勢崎市韮塚町４６０番地８" }, "geometry": { "type": "Point", "coordinates": [ 139.178894, 36.307066 ] } },
{ "type": "Feature", "properties": { "ID": 1056102000429, "正式名称": "クオール薬局伊勢崎店", "機関区分": 5, "都道府県コード": 10, "市区町村コード": 204, "所在地": "群馬県伊勢崎市下植木町４５７－１", "緯度": 36.315871, "経度": 139.208252, "url": "https://www.iryou.teikyouseido.mhlw.go.jp/znk-web/juminkanja/S2430/initialize?prefCd=10&kikanCd=6102000429&kikanKbn=5", "url2": "http://www.qol-net.co.jp/", "内容": "クオール薬局伊勢崎店【5:薬局】群馬県伊勢崎市下植木町４５７－１" }, "geometry": { "type": "Point", "coordinates": [ 139.208252, 36.315871 ] } },
{ "type": "Feature", "properties": { "ID": 1056102000430, "正式名称": "共創未来　すみれ薬局", "機関区分": 5, "都道府県コード": 10, "市区町村コード": 203, "所在地": "群馬県桐生市相生町２－１０６２", "緯度": 36.415779, "経度": 139.297518, "url": "https://www.iryou.teikyouseido.mhlw.go.jp/znk-web/juminkanja/S2430/initialize?prefCd=10&kikanCd=6102000430&kikanKbn=5", "url2": "http://www.phmirai.co.jp", "内容": "共創未来　すみれ薬局【5:薬局】群馬県桐生市相生町２－１０６２" }, "geometry": { "type": "Point", "coordinates": [ 139.297518, 36.415779 ] } },
{ "type": "Feature", "properties": { "ID": 1056102000431, "正式名称": "共創未来　快生堂薬局", "機関区分": 5, "都道府県コード": 10, "市区町村コード": 212, "所在地": "群馬県みどり市大間々町大間々５０４－４", "緯度": 36.422028, "経度": 139.279575, "url": "https://www.iryou.teikyouseido.mhlw.go.jp/znk-web/juminkanja/S2430/initialize?prefCd=10&kikanCd=6102000431&kikanKbn=5", "url2": null, "内容": "共創未来　快生堂薬局【5:薬局】群馬県みどり市大間々町大間々５０４－４" }, "geometry": { "type": "Point", "coordinates": [ 139.279575, 36.422028 ] } },
{ "type": "Feature", "properties": { "ID": 1056102000432, "正式名称": "わたらせ薬局厚生前", "機関区分": 5, "都道府県コード": 10, "市区町村コード": 203, "所在地": "群馬県桐生市織姫町５－４７", "緯度": 36.404336, "経度": 139.32771, "url": "https://www.iryou.teikyouseido.mhlw.go.jp/znk-web/juminkanja/S2430/initialize?prefCd=10&kikanCd=6102000432&kikanKbn=5", "url2": "http://www.apocreat.co.jp/", "内容": "わたらせ薬局厚生前【5:薬局】群馬県桐生市織姫町５－４７" }, "geometry": { "type": "Point", "coordinates": [ 139.32771, 36.404336 ] } },
{ "type": "Feature", "properties": { "ID": 1056102000434, "正式名称": "共創未来　サンロード薬局", "機関区分": 5, "都道府県コード": 10, "市区町村コード": 203, "所在地": "群馬県桐生市末広町３－１２", "緯度": 36.411725, "経度": 139.335598, "url": "https://www.iryou.teikyouseido.mhlw.go.jp/znk-web/juminkanja/S2430/initialize?prefCd=10&kikanCd=6102000434&kikanKbn=5", "url2": "http://www.phmirai.co.jp/", "内容": "共創未来　サンロード薬局【5:薬局】群馬県桐生市末広町３－１２" }, "geometry": { "type": "Point", "coordinates": [ 139.335598, 36.411725 ] } },
{ "type": "Feature", "properties": { "ID": 1056102000435, "正式名称": "共創未来　コロンバス薬局", "機関区分": 5, "都道府県コード": 10, "市区町村コード": 203, "所在地": "群馬県桐生市浜松町１－３－２８", "緯度": 36.404892, "経度": 139.339376, "url": "https://www.iryou.teikyouseido.mhlw.go.jp/znk-web/juminkanja/S2430/initialize?prefCd=10&kikanCd=6102000435&kikanKbn=5", "url2": "http://www.phmirai.com/", "内容": "共創未来　コロンバス薬局【5:薬局】群馬県桐生市浜松町１－３－２８" }, "geometry": { "type": "Point", "coordinates": [ 139.339376, 36.404892 ] } },
{ "type": "Feature", "properties": { "ID": 1056102000437, "正式名称": "共創未来　本二薬局", "機関区分": 5, "都道府県コード": 10, "市区町村コード": 203, "所在地": "群馬県桐生市本町２丁目３番３２号", "緯度": 36.417335, "経度": 139.34282, "url": "https://www.iryou.teikyouseido.mhlw.go.jp/znk-web/juminkanja/S2430/initialize?prefCd=10&kikanCd=6102000437&kikanKbn=5", "url2": "http://www.phmirai.co.jp", "内容": "共創未来　本二薬局【5:薬局】群馬県桐生市本町２丁目３番３２号" }, "geometry": { "type": "Point", "coordinates": [ 139.34282, 36.417335 ] } },
{ "type": "Feature", "properties": { "ID": 1056102000440, "正式名称": "エンドー薬局", "機関区分": 5, "都道府県コード": 10, "市区町村コード": 203, "所在地": "群馬県桐生市広沢町", "緯度": 36.373729, "経度": 139.350377, "url": "https://www.iryou.teikyouseido.mhlw.go.jp/znk-web/juminkanja/S2430/initialize?prefCd=10&kikanCd=6102000440&kikanKbn=5", "url2": null, "内容": "エンドー薬局【5:薬局】群馬県桐生市広沢町" }, "geometry": { "type": "Point", "coordinates": [ 139.350377, 36.373729 ] } },
{ "type": "Feature", "properties": { "ID": 1056102000441, "正式名称": "エンドー薬局おりひめ店", "機関区分": 5, "都道府県コード": 10, "市区町村コード": 203, "所在地": "群馬県桐生市錦町２－９－９", "緯度": 36.403614, "経度": 139.332377, "url": "https://www.iryou.teikyouseido.mhlw.go.jp/znk-web/juminkanja/S2430/initialize?prefCd=10&kikanCd=6102000441&kikanKbn=5", "url2": "https://www.kiryu-friend-pharmacy.jp/", "内容": "エンドー薬局おりひめ店【5:薬局】群馬県桐生市錦町２－９－９" }, "geometry": { "type": "Point", "coordinates": [ 139.332377, 36.403614 ] } },
{ "type": "Feature", "properties": { "ID": 1056102000444, "正式名称": "あさひ薬局", "機関区分": 5, "都道府県コード": 10, "市区町村コード": 203, "所在地": "群馬県桐生市浜松町２ー１２ー３０", "緯度": 36.398365, "経度": 139.342987, "url": "https://www.iryou.teikyouseido.mhlw.go.jp/znk-web/juminkanja/S2430/initialize?prefCd=10&kikanCd=6102000444&kikanKbn=5", "url2": "https://kukmedical.wixsite.com/website", "内容": "あさひ薬局【5:薬局】群馬県桐生市浜松町２ー１２ー３０" }, "geometry": { "type": "Point", "coordinates": [ 139.342987, 36.398365 ] } },
{ "type": "Feature", "properties": { "ID": 1056102000446, "正式名称": "共創未来　あおい薬局", "機関区分": 5, "都道府県コード": 10, "市区町村コード": 203, "所在地": "群馬県桐生市境野町６－５８８－１", "緯度": 36.387227, "経度": 139.353876, "url": "https://www.iryou.teikyouseido.mhlw.go.jp/znk-web/juminkanja/S2430/initialize?prefCd=10&kikanCd=6102000446&kikanKbn=5", "url2": "http://www.phmirai.co.jp/", "内容": "共創未来　あおい薬局【5:薬局】群馬県桐生市境野町６－５８８－１" }, "geometry": { "type": "Point", "coordinates": [ 139.353876, 36.387227 ] } },
{ "type": "Feature", "properties": { "ID": 1056102000447, "正式名称": "有限会社　健実堂調剤薬局", "機関区分": 5, "都道府県コード": 10, "市区町村コード": 203, "所在地": "群馬県桐生市新里町新川１３７２－１９", "緯度": 36.414889, "経度": 139.256799, "url": "https://www.iryou.teikyouseido.mhlw.go.jp/znk-web/juminkanja/S2430/initialize?prefCd=10&kikanCd=6102000447&kikanKbn=5", "url2": null, "内容": "有限会社　健実堂調剤薬局【5:薬局】群馬県桐生市新里町新川１３７２－１９" }, "geometry": { "type": "Point", "coordinates": [ 139.256799, 36.414889 ] } },
{ "type": "Feature", "properties": { "ID": 1056102000448, "正式名称": "有限会社ライオン薬局", "機関区分": 5, "都道府県コード": 10, "市区町村コード": 203, "所在地": "群馬県桐生市本町３－３－３", "緯度": 36.415474, "経度": 139.341959, "url": "https://www.iryou.teikyouseido.mhlw.go.jp/znk-web/juminkanja/S2430/initialize?prefCd=10&kikanCd=6102000448&kikanKbn=5", "url2": null, "内容": "有限会社ライオン薬局【5:薬局】群馬県桐生市本町３－３－３" }, "geometry": { "type": "Point", "coordinates": [ 139.341959, 36.415474 ] } },
{ "type": "Feature", "properties": { "ID": 1056102000449, "正式名称": "仁盛堂薬局", "機関区分": 5, "都道府県コード": 10, "市区町村コード": 203, "所在地": "群馬県桐生市菱町", "緯度": 36.409253, "経度": 139.353736, "url": "https://www.iryou.teikyouseido.mhlw.go.jp/znk-web/juminkanja/S2430/initialize?prefCd=10&kikanCd=6102000449&kikanKbn=5", "url2": "https://www.jinseidou-kanpou.com", "内容": "仁盛堂薬局【5:薬局】群馬県桐生市菱町" }, "geometry": { "type": "Point", "coordinates": [ 139.353736, 36.409253 ] } },
{ "type": "Feature", "properties": { "ID": 1056102000450, "正式名称": "金子薬局", "機関区分": 5, "都道府県コード": 10, "市区町村コード": 212, "所在地": "群馬県みどり市大間々町大間々９２４", "緯度": 36.430249, "経度": 139.275102, "url": "https://www.iryou.teikyouseido.mhlw.go.jp/znk-web/juminkanja/S2430/initialize?prefCd=10&kikanCd=6102000450&kikanKbn=5", "url2": null, "内容": "金子薬局【5:薬局】群馬県みどり市大間々町大間々９２４" }, "geometry": { "type": "Point", "coordinates": [ 139.275102, 36.430249 ] } },
{ "type": "Feature", "properties": { "ID": 1056102000452, "正式名称": "和仁堂薬局", "機関区分": 5, "都道府県コード": 10, "市区町村コード": 203, "所在地": "群馬県桐生市錦町２ー１６ー９", "緯度": 36.402226, "経度": 139.332099, "url": "https://www.iryou.teikyouseido.mhlw.go.jp/znk-web/juminkanja/S2430/initialize?prefCd=10&kikanCd=6102000452&kikanKbn=5", "url2": "http://wajindou.com/", "内容": "和仁堂薬局【5:薬局】群馬県桐生市錦町２ー１６ー９" }, "geometry": { "type": "Point", "coordinates": [ 139.332099, 36.402226 ] } },
{ "type": "Feature", "properties": { "ID": 1056102000453, "正式名称": "共創未来　カトレア薬局", "機関区分": 5, "都道府県コード": 10, "市区町村コード": 203, "所在地": "群馬県桐生市本町４－３２３", "緯度": 36.413224, "経度": 139.340376, "url": "https://www.iryou.teikyouseido.mhlw.go.jp/znk-web/juminkanja/S2430/initialize?prefCd=10&kikanCd=6102000453&kikanKbn=5", "url2": "http://www.phmirai.co.jp/", "内容": "共創未来　カトレア薬局【5:薬局】群馬県桐生市本町４－３２３" }, "geometry": { "type": "Point", "coordinates": [ 139.340376, 36.413224 ] } },
{ "type": "Feature", "properties": { "ID": 1056102000454, "正式名称": "共創未来　コジマ薬局", "機関区分": 5, "都道府県コード": 10, "市区町村コード": 203, "所在地": "群馬県桐生市天神町３丁目５－１９", "緯度": 36.428251, "経度": 139.351374, "url": "https://www.iryou.teikyouseido.mhlw.go.jp/znk-web/juminkanja/S2430/initialize?prefCd=10&kikanCd=6102000454&kikanKbn=5", "url2": "http://www.phmirai.co.jp/", "内容": "共創未来　コジマ薬局【5:薬局】群馬県桐生市天神町３丁目５－１９" }, "geometry": { "type": "Point", "coordinates": [ 139.351374, 36.428251 ] } },
{ "type": "Feature", "properties": { "ID": 1056102000455, "正式名称": "共創未来　両毛アイオイ薬局", "機関区分": 5, "都道府県コード": 10, "市区町村コード": 203, "所在地": "群馬県桐生市相生町５－４０－６", "緯度": 36.407141, "経度": 139.302351, "url": "https://www.iryou.teikyouseido.mhlw.go.jp/znk-web/juminkanja/S2430/initialize?prefCd=10&kikanCd=6102000455&kikanKbn=5", "url2": "http://www.phmirai.co.jp/", "内容": "共創未来　両毛アイオイ薬局【5:薬局】群馬県桐生市相生町５－４０－６" }, "geometry": { "type": "Point", "coordinates": [ 139.302351, 36.407141 ] } },
{ "type": "Feature", "properties": { "ID": 1056102000457, "正式名称": "共創未来　フジヤマ薬局", "機関区分": 5, "都道府県コード": 10, "市区町村コード": 203, "所在地": "群馬県桐生市相生町２－２７４－９", "緯度": 36.413974, "経度": 139.315267, "url": "https://www.iryou.teikyouseido.mhlw.go.jp/znk-web/juminkanja/S2430/initialize?prefCd=10&kikanCd=6102000457&kikanKbn=5", "url2": "http://www.phmirai.co.jp/", "内容": "共創未来　フジヤマ薬局【5:薬局】群馬県桐生市相生町２－２７４－９" }, "geometry": { "type": "Point", "coordinates": [ 139.315267, 36.413974 ] } },
{ "type": "Feature", "properties": { "ID": 1056102000458, "正式名称": "共創未来　桐生協同薬局", "機関区分": 5, "都道府県コード": 10, "市区町村コード": 203, "所在地": "群馬県桐生市織姫町５－５０", "緯度": 36.404197, "経度": 139.327905, "url": "https://www.iryou.teikyouseido.mhlw.go.jp/znk-web/juminkanja/S2430/initialize?prefCd=10&kikanCd=6102000458&kikanKbn=5", "url2": "http://www.phmirai.co.jp", "内容": "共創未来　桐生協同薬局【5:薬局】群馬県桐生市織姫町５－５０" }, "geometry": { "type": "Point", "coordinates": [ 139.327905, 36.404197 ] } },
{ "type": "Feature", "properties": { "ID": 1056102000459, "正式名称": "ヘルシー薬局", "機関区分": 5, "都道府県コード": 10, "市区町村コード": 203, "所在地": "群馬県桐生市川内町２－２８７－１", "緯度": 36.429833, "経度": 139.311572, "url": "https://www.iryou.teikyouseido.mhlw.go.jp/znk-web/juminkanja/S2430/initialize?prefCd=10&kikanCd=6102000459&kikanKbn=5", "url2": "http://www.e-classa.net/healthy-k-phama", "内容": "ヘルシー薬局【5:薬局】群馬県桐生市川内町２－２８７－１" }, "geometry": { "type": "Point", "coordinates": [ 139.311572, 36.429833 ] } },
{ "type": "Feature", "properties": { "ID": 1056102000460, "正式名称": "きりなん薬局", "機関区分": 5, "都道府県コード": 10, "市区町村コード": 203, "所在地": "群馬県桐生市境野町２ー１２９２ー７", "緯度": 36.39106, "経度": 139.346376, "url": "https://www.iryou.teikyouseido.mhlw.go.jp/znk-web/juminkanja/S2430/initialize?prefCd=10&kikanCd=6102000460&kikanKbn=5", "url2": null, "内容": "きりなん薬局【5:薬局】群馬県桐生市境野町２ー１２９２ー７" }, "geometry": { "type": "Point", "coordinates": [ 139.346376, 36.39106 ] } },
{ "type": "Feature", "properties": { "ID": 1056102000462, "正式名称": "周藤薬局", "機関区分": 5, "都道府県コード": 10, "市区町村コード": 203, "所在地": "群馬県桐生市広沢町５－１７１８－２", "緯度": 36.377117, "経度": 139.343349, "url": "https://www.iryou.teikyouseido.mhlw.go.jp/znk-web/juminkanja/S2430/initialize?prefCd=10&kikanCd=6102000462&kikanKbn=5", "url2": null, "内容": "周藤薬局【5:薬局】群馬県桐生市広沢町５－１７１８－２" }, "geometry": { "type": "Point", "coordinates": [ 139.343349, 36.377117 ] } },
{ "type": "Feature", "properties": { "ID": 1056102000464, "正式名称": "共創未来　桐生みどり薬局", "機関区分": 5, "都道府県コード": 10, "市区町村コード": 203, "所在地": "群馬県桐生市本町４－７９－１", "緯度": 36.41203, "経度": 139.340515, "url": "https://www.iryou.teikyouseido.mhlw.go.jp/znk-web/juminkanja/S2430/initialize?prefCd=10&kikanCd=6102000464&kikanKbn=5", "url2": "http://www.phmirai.co.jp", "内容": "共創未来　桐生みどり薬局【5:薬局】群馬県桐生市本町４－７９－１" }, "geometry": { "type": "Point", "coordinates": [ 139.340515, 36.41203 ] } },
{ "type": "Feature", "properties": { "ID": 1056102000465, "正式名称": "わたらせ薬局相生店", "機関区分": 5, "都道府県コード": 10, "市区町村コード": 203, "所在地": "群馬県桐生市相生町３－５１５－４", "緯度": 36.424306, "経度": 139.299823, "url": "https://www.iryou.teikyouseido.mhlw.go.jp/znk-web/juminkanja/S2430/initialize?prefCd=10&kikanCd=6102000465&kikanKbn=5", "url2": "https://www.apocreat.co.jp/", "内容": "わたらせ薬局相生店【5:薬局】群馬県桐生市相生町３－５１５－４" }, "geometry": { "type": "Point", "coordinates": [ 139.299823, 36.424306 ] } },
{ "type": "Feature", "properties": { "ID": 1056102000466, "正式名称": "わたらせ薬局新田", "機関区分": 5, "都道府県コード": 10, "市区町村コード": 203, "所在地": "群馬県桐生市相生町２－１０７－４", "緯度": 36.410363, "経度": 139.314961, "url": "https://www.iryou.teikyouseido.mhlw.go.jp/znk-web/juminkanja/S2430/initialize?prefCd=10&kikanCd=6102000466&kikanKbn=5", "url2": "nozomipharmacy.com", "内容": "わたらせ薬局新田【5:薬局】群馬県桐生市相生町２－１０７－４" }, "geometry": { "type": "Point", "coordinates": [ 139.314961, 36.410363 ] } },
{ "type": "Feature", "properties": { "ID": 1056102000467, "正式名称": "（合資）高瀬薬局", "機関区分": 5, "都道府県コード": 10, "市区町村コード": 212, "所在地": "群馬県みどり市大間々町大間々１３８４", "緯度": 36.433666, "経度": 139.27488, "url": "https://www.iryou.teikyouseido.mhlw.go.jp/znk-web/juminkanja/S2430/initialize?prefCd=10&kikanCd=6102000467&kikanKbn=5", "url2": null, "内容": "（合資）高瀬薬局【5:薬局】群馬県みどり市大間々町大間々１３８４" }, "geometry": { "type": "Point", "coordinates": [ 139.27488, 36.433666 ] } },
{ "type": "Feature", "properties": { "ID": 1056102000468, "正式名称": "桐生桜木薬局", "機関区分": 5, "都道府県コード": 10, "市区町村コード": 203, "所在地": "群馬県桐生市相生町１－２０９－３", "緯度": 36.400031, "経度": 139.321294, "url": "https://www.iryou.teikyouseido.mhlw.go.jp/znk-web/juminkanja/S2430/initialize?prefCd=10&kikanCd=6102000468&kikanKbn=5", "url2": "http://www.phstr.co.jp/", "内容": "桐生桜木薬局【5:薬局】群馬県桐生市相生町１－２０９－３" }, "geometry": { "type": "Point", "coordinates": [ 139.321294, 36.400031 ] } },
{ "type": "Feature", "properties": { "ID": 1056102000470, "正式名称": "ウエルシア薬局桐生境野店", "機関区分": 5, "都道府県コード": 10, "市区町村コード": 203, "所在地": "群馬県桐生市境野町２－７２７－１", "緯度": 36.390644, "経度": 139.34782, "url": "https://www.iryou.teikyouseido.mhlw.go.jp/znk-web/juminkanja/S2430/initialize?prefCd=10&kikanCd=6102000470&kikanKbn=5", "url2": "http://as.chizumaru.com/welcia/detailMap?account=welcia&accmd=0&adr=10203&bid=37&pgret=2", "内容": "ウエルシア薬局桐生境野店【5:薬局】群馬県桐生市境野町２－７２７－１" }, "geometry": { "type": "Point", "coordinates": [ 139.34782, 36.390644 ] } },
{ "type": "Feature", "properties": { "ID": 1056102000471, "正式名称": "ユニスマイル薬局　あしなか店", "機関区分": 5, "都道府県コード": 10, "市区町村コード": 203, "所在地": "群馬県桐生市相生町１－６２８－１３", "緯度": 36.401031, "経度": 139.308351, "url": "https://www.iryou.teikyouseido.mhlw.go.jp/znk-web/juminkanja/S2430/initialize?prefCd=10&kikanCd=6102000471&kikanKbn=5", "url2": "https://unismile.co.jp/shop/ashinaka/", "内容": "ユニスマイル薬局　あしなか店【5:薬局】群馬県桐生市相生町１－６２８－１３" }, "geometry": { "type": "Point", "coordinates": [ 139.308351, 36.401031 ] } },
{ "type": "Feature", "properties": { "ID": 1056102000472, "正式名称": "共創未来　境野薬局", "機関区分": 5, "都道府県コード": 10, "市区町村コード": 203, "所在地": "群馬県桐生市境野町", "緯度": 36.388366, "経度": 139.351792, "url": "https://www.iryou.teikyouseido.mhlw.go.jp/znk-web/juminkanja/S2430/initialize?prefCd=10&kikanCd=6102000472&kikanKbn=5", "url2": "http://www.phmirai.co.jp/shops/detail.php?id=195", "内容": "共創未来　境野薬局【5:薬局】群馬県桐生市境野町" }, "geometry": { "type": "Point", "coordinates": [ 139.351792, 36.388366 ] } },
{ "type": "Feature", "properties": { "ID": 1056102000474, "正式名称": "蓼沼東山堂薬局", "機関区分": 5, "都道府県コード": 10, "市区町村コード": 203, "所在地": "群馬県桐生市菱町４－２２５８", "緯度": 36.419057, "経度": 139.351374, "url": "https://www.iryou.teikyouseido.mhlw.go.jp/znk-web/juminkanja/S2430/initialize?prefCd=10&kikanCd=6102000474&kikanKbn=5", "url2": null, "内容": "蓼沼東山堂薬局【5:薬局】群馬県桐生市菱町４－２２５８" }, "geometry": { "type": "Point", "coordinates": [ 139.351374, 36.419057 ] } },
{ "type": "Feature", "properties": { "ID": 1056102000475, "正式名称": "本町薬局", "機関区分": 5, "都道府県コード": 10, "市区町村コード": 203, "所在地": "群馬県桐生市本町６－３７５－６", "緯度": 36.409114, "経度": 139.337543, "url": "https://www.iryou.teikyouseido.mhlw.go.jp/znk-web/juminkanja/S2430/initialize?prefCd=10&kikanCd=6102000475&kikanKbn=5", "url2": "http://www.apoch.co.jp", "内容": "本町薬局【5:薬局】群馬県桐生市本町６－３７５－６" }, "geometry": { "type": "Point", "coordinates": [ 139.337543, 36.409114 ] } },
{ "type": "Feature", "properties": { "ID": 1056102000478, "正式名称": "エンドー薬局さくら店", "機関区分": 5, "都道府県コード": 10, "市区町村コード": 203, "所在地": "群馬県桐生市広沢町２－３１８７－１", "緯度": 36.391671, "経度": 139.321573, "url": "https://www.iryou.teikyouseido.mhlw.go.jp/znk-web/juminkanja/S2430/initialize?prefCd=10&kikanCd=6102000478&kikanKbn=5", "url2": "https://www.kiryu-friend-pharmacy.jp/", "内容": "エンドー薬局さくら店【5:薬局】群馬県桐生市広沢町２－３１８７－１" }, "geometry": { "type": "Point", "coordinates": [ 139.321573, 36.391671 ] } },
{ "type": "Feature", "properties": { "ID": 1056102000482, "正式名称": "ひまわり薬局", "機関区分": 5, "都道府県コード": 10, "市区町村コード": 203, "所在地": "群馬県桐生市天神町１－１－２１", "緯度": 36.421363, "経度": 139.347125, "url": "https://www.iryou.teikyouseido.mhlw.go.jp/znk-web/juminkanja/S2430/initialize?prefCd=10&kikanCd=6102000482&kikanKbn=5", "url2": "https://phmirai.co.jp/shops/", "内容": "ひまわり薬局【5:薬局】群馬県桐生市天神町１－１－２１" }, "geometry": { "type": "Point", "coordinates": [ 139.347125, 36.421363 ] } },
{ "type": "Feature", "properties": { "ID": 1056102000484, "正式名称": "共創未来　上毛薬局", "機関区分": 5, "都道府県コード": 10, "市区町村コード": 203, "所在地": "群馬県桐生市相生町２－８４４－１", "緯度": 36.410696, "経度": 139.310017, "url": "https://www.iryou.teikyouseido.mhlw.go.jp/znk-web/juminkanja/S2430/initialize?prefCd=10&kikanCd=6102000484&kikanKbn=5", "url2": null, "内容": "共創未来　上毛薬局【5:薬局】群馬県桐生市相生町２－８４４－１" }, "geometry": { "type": "Point", "coordinates": [ 139.310017, 36.410696 ] } },
{ "type": "Feature", "properties": { "ID": 1056102000485, "正式名称": "おおしま薬局　錦町店", "機関区分": 5, "都道府県コード": 10, "市区町村コード": 203, "所在地": "群馬県桐生市錦町　１－４－４１", "緯度": 36.406392, "経度": 139.333988, "url": "https://www.iryou.teikyouseido.mhlw.go.jp/znk-web/juminkanja/S2430/initialize?prefCd=10&kikanCd=6102000485&kikanKbn=5", "url2": null, "内容": "おおしま薬局　錦町店【5:薬局】群馬県桐生市錦町　１－４－４１" }, "geometry": { "type": "Point", "coordinates": [ 139.333988, 36.406392 ] } },
{ "type": "Feature", "properties": { "ID": 1056102000486, "正式名称": "共創未来　梅田町薬局", "機関区分": 5, "都道府県コード": 10, "市区町村コード": 203, "所在地": "群馬県桐生市梅田町１－３８－３", "緯度": 36.432806, "経度": 139.354068, "url": "https://www.iryou.teikyouseido.mhlw.go.jp/znk-web/juminkanja/S2430/initialize?prefCd=10&kikanCd=6102000486&kikanKbn=5", "url2": "http://www.phmirai.co.jp/", "内容": "共創未来　梅田町薬局【5:薬局】群馬県桐生市梅田町１－３８－３" }, "geometry": { "type": "Point", "coordinates": [ 139.354068, 36.432806 ] } },
{ "type": "Feature", "properties": { "ID": 1056102000487, "正式名称": "ユニスマイル薬局　ファミリー店", "機関区分": 5, "都道府県コード": 10, "市区町村コード": 203, "所在地": "群馬県桐生市東５－３７１", "緯度": 36.40842, "経度": 139.34882, "url": "https://www.iryou.teikyouseido.mhlw.go.jp/znk-web/juminkanja/S2430/initialize?prefCd=10&kikanCd=6102000487&kikanKbn=5", "url2": "https://unismile.co.jp/shop/family/", "内容": "ユニスマイル薬局　ファミリー店【5:薬局】群馬県桐生市東５－３７１" }, "geometry": { "type": "Point", "coordinates": [ 139.34882, 36.40842 ] } },
{ "type": "Feature", "properties": { "ID": 1056102000489, "正式名称": "つくし薬局", "機関区分": 5, "都道府県コード": 10, "市区町村コード": 212, "所在地": "群馬県みどり市大間々町大間々３１ー１４", "緯度": 36.415223, "経度": 139.281769, "url": "https://www.iryou.teikyouseido.mhlw.go.jp/znk-web/juminkanja/S2430/initialize?prefCd=10&kikanCd=6102000489&kikanKbn=5", "url2": null, "内容": "つくし薬局【5:薬局】群馬県みどり市大間々町大間々３１ー１４" }, "geometry": { "type": "Point", "coordinates": [ 139.281769, 36.415223 ] } },
{ "type": "Feature", "properties": { "ID": 1056102000491, "正式名称": "日本調剤　おりひめ薬局", "機関区分": 5, "都道府県コード": 10, "市区町村コード": 203, "所在地": "群馬県桐生市織姫町５－４３", "緯度": 36.404586, "経度": 139.327433, "url": "https://www.iryou.teikyouseido.mhlw.go.jp/znk-web/juminkanja/S2430/initialize?prefCd=10&kikanCd=6102000491&kikanKbn=5", "url2": "http://www.nicho.co.jp/tenpo/orihime/", "内容": "日本調剤　おりひめ薬局【5:薬局】群馬県桐生市織姫町５－４３" }, "geometry": { "type": "Point", "coordinates": [ 139.327433, 36.404586 ] } },
{ "type": "Feature", "properties": { "ID": 1056102000492, "正式名称": "大間々おりひめ薬局", "機関区分": 5, "都道府県コード": 10, "市区町村コード": 212, "所在地": "群馬県みどり市大間々町大間々１５４１－１", "緯度": 36.433832, "経度": 139.27288, "url": "https://www.iryou.teikyouseido.mhlw.go.jp/znk-web/juminkanja/S2430/initialize?prefCd=10&kikanCd=6102000492&kikanKbn=5", "url2": null, "内容": "大間々おりひめ薬局【5:薬局】群馬県みどり市大間々町大間々１５４１－１" }, "geometry": { "type": "Point", "coordinates": [ 139.27288, 36.433832 ] } },
{ "type": "Feature", "properties": { "ID": 1056102000493, "正式名称": "健康堂薬局", "機関区分": 5, "都道府県コード": 10, "市区町村コード": 203, "所在地": "群馬県桐生市仲町１－６－８", "緯度": 36.414141, "経度": 139.345403, "url": "https://www.iryou.teikyouseido.mhlw.go.jp/znk-web/juminkanja/S2430/initialize?prefCd=10&kikanCd=6102000493&kikanKbn=5", "url2": null, "内容": "健康堂薬局【5:薬局】群馬県桐生市仲町１－６－８" }, "geometry": { "type": "Point", "coordinates": [ 139.345403, 36.414141 ] } },
{ "type": "Feature", "properties": { "ID": 1056102000494, "正式名称": "共創未来桐生東薬局", "機関区分": 5, "都道府県コード": 10, "市区町村コード": 203, "所在地": "群馬県桐生市東５－２－１９", "緯度": 36.408892, "経度": 139.347903, "url": "https://www.iryou.teikyouseido.mhlw.go.jp/znk-web/juminkanja/S2430/initialize?prefCd=10&kikanCd=6102000494&kikanKbn=5", "url2": "http://www.phmirai.co.jp/", "内容": "共創未来桐生東薬局【5:薬局】群馬県桐生市東５－２－１９" }, "geometry": { "type": "Point", "coordinates": [ 139.347903, 36.408892 ] } },
{ "type": "Feature", "properties": { "ID": 1056102000497, "正式名称": "共創未来　サンセール薬局", "機関区分": 5, "都道府県コード": 10, "市区町村コード": 203, "所在地": "群馬県桐生市広沢町間ノ島２８４－７", "緯度": 36.391588, "経度": 139.335988, "url": "https://www.iryou.teikyouseido.mhlw.go.jp/znk-web/juminkanja/S2430/initialize?prefCd=10&kikanCd=6102000497&kikanKbn=5", "url2": "http://www.phamirai.com/", "内容": "共創未来　サンセール薬局【5:薬局】群馬県桐生市広沢町間ノ島２８４－７" }, "geometry": { "type": "Point", "coordinates": [ 139.335988, 36.391588 ] } },
{ "type": "Feature", "properties": { "ID": 1056102000498, "正式名称": "共創未来　あたご薬局", "機関区分": 5, "都道府県コード": 10, "市区町村コード": 203, "所在地": "群馬県桐生市相生町", "緯度": 36.41489, "経度": 139.306823, "url": "https://www.iryou.teikyouseido.mhlw.go.jp/znk-web/juminkanja/S2430/initialize?prefCd=10&kikanCd=6102000498&kikanKbn=5", "url2": "https://phmirai.co.jp", "内容": "共創未来　あたご薬局【5:薬局】群馬県桐生市相生町" }, "geometry": { "type": "Point", "coordinates": [ 139.306823, 36.41489 ] } },
{ "type": "Feature", "properties": { "ID": 1056102000499, "正式名称": "漢方さいわい薬局", "機関区分": 5, "都道府県コード": 10, "市区町村コード": 212, "所在地": "群馬県みどり市笠懸町阿左美１７６－１０", "緯度": 36.381227, "経度": 139.302575, "url": "https://www.iryou.teikyouseido.mhlw.go.jp/znk-web/juminkanja/S2430/initialize?prefCd=10&kikanCd=6102000499&kikanKbn=5", "url2": null, "内容": "漢方さいわい薬局【5:薬局】群馬県みどり市笠懸町阿左美１７６－１０" }, "geometry": { "type": "Point", "coordinates": [ 139.302575, 36.381227 ] } },
{ "type": "Feature", "properties": { "ID": 1056102000500, "正式名称": "笠懸中央薬局", "機関区分": 5, "都道府県コード": 10, "市区町村コード": 212, "所在地": "群馬県みどり市笠懸町阿左美１１４６－８", "緯度": 36.390337, "経度": 139.309074, "url": "https://www.iryou.teikyouseido.mhlw.go.jp/znk-web/juminkanja/S2430/initialize?prefCd=10&kikanCd=6102000500&kikanKbn=5", "url2": "https://yhopharmacygroup.com/information/pharmacy-09/", "内容": "笠懸中央薬局【5:薬局】群馬県みどり市笠懸町阿左美１１４６－８" }, "geometry": { "type": "Point", "coordinates": [ 139.309074, 36.390337 ] } },
{ "type": "Feature", "properties": { "ID": 1056102000503, "正式名称": "若菜薬局", "機関区分": 5, "都道府県コード": 10, "市区町村コード": 212, "所在地": "群馬県みどり市笠懸町阿左美１９２２－２", "緯度": 36.405558, "経度": 139.288547, "url": "https://www.iryou.teikyouseido.mhlw.go.jp/znk-web/juminkanja/S2430/initialize?prefCd=10&kikanCd=6102000503&kikanKbn=5", "url2": null, "内容": "若菜薬局【5:薬局】群馬県みどり市笠懸町阿左美１９２２－２" }, "geometry": { "type": "Point", "coordinates": [ 139.288547, 36.405558 ] } },
{ "type": "Feature", "properties": { "ID": 1056102000504, "正式名称": "わかば薬局", "機関区分": 5, "都道府県コード": 10, "市区町村コード": 203, "所在地": "群馬県桐生市相生町５丁目４０９－１４", "緯度": 36.413113, "経度": 139.294574, "url": "https://www.iryou.teikyouseido.mhlw.go.jp/znk-web/juminkanja/S2430/initialize?prefCd=10&kikanCd=6102000504&kikanKbn=5", "url2": "https://kusurino-wakaba.com/wakaba/", "内容": "わかば薬局【5:薬局】群馬県桐生市相生町５丁目４０９－１４" }, "geometry": { "type": "Point", "coordinates": [ 139.294574, 36.413113 ] } },
{ "type": "Feature", "properties": { "ID": 1056102000505, "正式名称": "共創未来日の出薬局", "機関区分": 5, "都道府県コード": 10, "市区町村コード": 203, "所在地": "群馬県桐生市広沢町６丁目３０２－２３", "緯度": 36.37322, "経度": 139.356051, "url": "https://www.iryou.teikyouseido.mhlw.go.jp/znk-web/juminkanja/S2430/initialize?prefCd=10&kikanCd=6102000505&kikanKbn=5", "url2": "http://www.phmirai.co.jp/", "内容": "共創未来日の出薬局【5:薬局】群馬県桐生市広沢町６丁目３０２－２３" }, "geometry": { "type": "Point", "coordinates": [ 139.356051, 36.37322 ] } },
{ "type": "Feature", "properties": { "ID": 1056102000506, "正式名称": "マイ薬局", "機関区分": 5, "都道府県コード": 10, "市区町村コード": 203, "所在地": "群馬県桐生市仲町２－７－２３", "緯度": 36.410086, "経度": 139.34007, "url": "https://www.iryou.teikyouseido.mhlw.go.jp/znk-web/juminkanja/S2430/initialize?prefCd=10&kikanCd=6102000506&kikanKbn=5", "url2": "http://finegroup.jp", "内容": "マイ薬局【5:薬局】群馬県桐生市仲町２－７－２３" }, "geometry": { "type": "Point", "coordinates": [ 139.34007, 36.410086 ] } },
{ "type": "Feature", "properties": { "ID": 1056102000507, "正式名称": "コアラ薬局桐生店", "機関区分": 5, "都道府県コード": 10, "市区町村コード": 203, "所在地": "群馬県桐生市相生町２ー５５２ー１７", "緯度": 36.419334, "経度": 139.297184, "url": "https://www.iryou.teikyouseido.mhlw.go.jp/znk-web/juminkanja/S2430/initialize?prefCd=10&kikanCd=6102000507&kikanKbn=5", "url2": "http://www.g-hokenkikaku.co.jp/", "内容": "コアラ薬局桐生店【5:薬局】群馬県桐生市相生町２ー５５２ー１７" }, "geometry": { "type": "Point", "coordinates": [ 139.297184, 36.419334 ] } },
{ "type": "Feature", "properties": { "ID": 1056102000510, "正式名称": "株式会社　盛運橋薬局", "機関区分": 5, "都道府県コード": 10, "市区町村コード": 203, "所在地": "群馬県桐生市錦町１－２－２０", "緯度": 36.406225, "経度": 139.336043, "url": "https://www.iryou.teikyouseido.mhlw.go.jp/znk-web/juminkanja/S2430/initialize?prefCd=10&kikanCd=6102000510&kikanKbn=5", "url2": null, "内容": "株式会社　盛運橋薬局【5:薬局】群馬県桐生市錦町１－２－２０" }, "geometry": { "type": "Point", "coordinates": [ 139.336043, 36.406225 ] } },
{ "type": "Feature", "properties": { "ID": 1056102000511, "正式名称": "桐生調剤薬局", "機関区分": 5, "都道府県コード": 10, "市区町村コード": 203, "所在地": "群馬県桐生市菱町３丁目２０１９－４", "緯度": 36.410531, "経度": 139.352708, "url": "https://www.iryou.teikyouseido.mhlw.go.jp/znk-web/juminkanja/S2430/initialize?prefCd=10&kikanCd=6102000511&kikanKbn=5", "url2": "http://www.secondkikaku.com", "内容": "桐生調剤薬局【5:薬局】群馬県桐生市菱町３丁目２０１９－４" }, "geometry": { "type": "Point", "coordinates": [ 139.352708, 36.410531 ] } },
{ "type": "Feature", "properties": { "ID": 1056102000514, "正式名称": "わかば薬局　Ⅲ", "機関区分": 5, "都道府県コード": 10, "市区町村コード": 203, "所在地": "群馬県桐生市相生町５－２８４－１４０", "緯度": 36.407308, "経度": 139.299101, "url": "https://www.iryou.teikyouseido.mhlw.go.jp/znk-web/juminkanja/S2430/initialize?prefCd=10&kikanCd=6102000514&kikanKbn=5", "url2": null, "内容": "わかば薬局　Ⅲ【5:薬局】群馬県桐生市相生町５－２８４－１４０" }, "geometry": { "type": "Point", "coordinates": [ 139.299101, 36.407308 ] } },
{ "type": "Feature", "properties": { "ID": 1056102000515, "正式名称": "タチコマ薬局", "機関区分": 5, "都道府県コード": 10, "市区町村コード": 203, "所在地": "群馬県桐生市稲荷町２－３", "緯度": 36.407197, "経度": 139.333043, "url": "https://www.iryou.teikyouseido.mhlw.go.jp/znk-web/juminkanja/S2430/initialize?prefCd=10&kikanCd=6102000515&kikanKbn=5", "url2": "http://tachikoma.jp", "内容": "タチコマ薬局【5:薬局】群馬県桐生市稲荷町２－３" }, "geometry": { "type": "Point", "coordinates": [ 139.333043, 36.407197 ] } },
{ "type": "Feature", "properties": { "ID": 1056102000517, "正式名称": "コスモファーマ薬局大間々店", "機関区分": 5, "都道府県コード": 10, "市区町村コード": 212, "所在地": "群馬県みどり市大間々町大間々４７３－１２", "緯度": 36.419445, "経度": 139.282047, "url": "https://www.iryou.teikyouseido.mhlw.go.jp/znk-web/juminkanja/S2430/initialize?prefCd=10&kikanCd=6102000517&kikanKbn=5", "url2": "http://www.cosmo-ph.co.jp/", "内容": "コスモファーマ薬局大間々店【5:薬局】群馬県みどり市大間々町大間々４７３－１２" }, "geometry": { "type": "Point", "coordinates": [ 139.282047, 36.419445 ] } },
{ "type": "Feature", "properties": { "ID": 1056102000519, "正式名称": "あおば薬局　太田店", "機関区分": 5, "都道府県コード": 10, "市区町村コード": 205, "所在地": "群馬県太田市石原町９２３―１", "緯度": 36.297682, "経度": 139.405792, "url": "https://www.iryou.teikyouseido.mhlw.go.jp/znk-web/juminkanja/S2430/initialize?prefCd=10&kikanCd=6102000519&kikanKbn=5", "url2": "http://www.g-hokenkikaku.co.jp", "内容": "あおば薬局　太田店【5:薬局】群馬県太田市石原町９２３―１" }, "geometry": { "type": "Point", "coordinates": [ 139.405792, 36.297682 ] } },
{ "type": "Feature", "properties": { "ID": 1056102000521, "正式名称": "あかね薬局", "機関区分": 5, "都道府県コード": 10, "市区町村コード": 205, "所在地": "群馬県太田市台之郷町２４９－３", "緯度": 36.304182, "経度": 139.412125, "url": "https://www.iryou.teikyouseido.mhlw.go.jp/znk-web/juminkanja/S2430/initialize?prefCd=10&kikanCd=6102000521&kikanKbn=5", "url2": "http://akanenk.web.fc2.com/", "内容": "あかね薬局【5:薬局】群馬県太田市台之郷町２４９－３" }, "geometry": { "type": "Point", "coordinates": [ 139.412125, 36.304182 ] } },
{ "type": "Feature", "properties": { "ID": 1056102000523, "正式名称": "アップル薬局", "機関区分": 5, "都道府県コード": 10, "市区町村コード": 205, "所在地": "群馬県太田市東本町３４ー１４", "緯度": 36.29796, "経度": 139.380044, "url": "https://www.iryou.teikyouseido.mhlw.go.jp/znk-web/juminkanja/S2430/initialize?prefCd=10&kikanCd=6102000523&kikanKbn=5", "url2": "https://applecarenet.jp/", "内容": "アップル薬局【5:薬局】群馬県太田市東本町３４ー１４" }, "geometry": { "type": "Point", "coordinates": [ 139.380044, 36.29796 ] } },
{ "type": "Feature", "properties": { "ID": 1056102000526, "正式名称": "あゆみ薬局", "機関区分": 5, "都道府県コード": 10, "市区町村コード": 205, "所在地": "群馬県太田市上田島町９４９－８", "緯度": 36.280488, "経度": 139.314606, "url": "https://www.iryou.teikyouseido.mhlw.go.jp/znk-web/juminkanja/S2430/initialize?prefCd=10&kikanCd=6102000526&kikanKbn=5", "url2": null, "内容": "あゆみ薬局【5:薬局】群馬県太田市上田島町９４９－８" }, "geometry": { "type": "Point", "coordinates": [ 139.314606, 36.280488 ] } },
{ "type": "Feature", "properties": { "ID": 1056102000528, "正式名称": "薬局イワセくんの店", "機関区分": 5, "都道府県コード": 10, "市区町村コード": 205, "所在地": "群馬県太田市米沢町６６－２", "緯度": 36.267129, "経度": 139.34952, "url": "https://www.iryou.teikyouseido.mhlw.go.jp/znk-web/juminkanja/S2430/initialize?prefCd=10&kikanCd=6102000528&kikanKbn=5", "url2": null, "内容": "薬局イワセくんの店【5:薬局】群馬県太田市米沢町６６－２" }, "geometry": { "type": "Point", "coordinates": [ 139.34952, 36.267129 ] } },
{ "type": "Feature", "properties": { "ID": 1056102000529, "正式名称": "エムシー薬局太田店", "機関区分": 5, "都道府県コード": 10, "市区町村コード": 205, "所在地": "群馬県太田市熊野町３７－４", "緯度": 36.306709, "経度": 139.38521, "url": "https://www.iryou.teikyouseido.mhlw.go.jp/znk-web/juminkanja/S2430/initialize?prefCd=10&kikanCd=6102000529&kikanKbn=5", "url2": null, "内容": "エムシー薬局太田店【5:薬局】群馬県太田市熊野町３７－４" }, "geometry": { "type": "Point", "coordinates": [ 139.38521, 36.306709 ] } },
{ "type": "Feature", "properties": { "ID": 1056102000530, "正式名称": "エンドー薬局", "機関区分": 5, "都道府県コード": 10, "市区町村コード": 205, "所在地": "群馬県太田市新田市野井町８５２－１", "緯度": 36.305958, "経度": 139.302911, "url": "https://www.iryou.teikyouseido.mhlw.go.jp/znk-web/juminkanja/S2430/initialize?prefCd=10&kikanCd=6102000530&kikanKbn=5", "url2": "https://www.chcp.jp/chcp-partners/ki14/", "内容": "エンドー薬局【5:薬局】群馬県太田市新田市野井町８５２－１" }, "geometry": { "type": "Point", "coordinates": [ 139.302911, 36.305958 ] } },
{ "type": "Feature", "properties": { "ID": 1056102000531, "正式名称": "おおしま調剤薬局", "機関区分": 5, "都道府県コード": 10, "市区町村コード": 205, "所在地": "群馬県太田市粕川町３３３－３", "緯度": 36.266406, "経度": 139.30758, "url": "https://www.iryou.teikyouseido.mhlw.go.jp/znk-web/juminkanja/S2430/initialize?prefCd=10&kikanCd=6102000531&kikanKbn=5", "url2": null, "内容": "おおしま調剤薬局【5:薬局】群馬県太田市粕川町３３３－３" }, "geometry": { "type": "Point", "coordinates": [ 139.30758, 36.266406 ] } },
{ "type": "Feature", "properties": { "ID": 1056102000532, "正式名称": "株式会社　太田中央薬局", "機関区分": 5, "都道府県コード": 10, "市区町村コード": 205, "所在地": "群馬県太田市大島町１２５－１－２", "緯度": 36.297237, "経度": 139.361004, "url": "https://www.iryou.teikyouseido.mhlw.go.jp/znk-web/juminkanja/S2430/initialize?prefCd=10&kikanCd=6102000532&kikanKbn=5", "url2": "https://www.otachuo.co.jp/", "内容": "株式会社　太田中央薬局【5:薬局】群馬県太田市大島町１２５－１－２" }, "geometry": { "type": "Point", "coordinates": [ 139.361004, 36.297237 ] } },
{ "type": "Feature", "properties": { "ID": 1056102000534, "正式名称": "有限会社　太田薬局", "機関区分": 5, "都道府県コード": 10, "市区町村コード": 205, "所在地": "群馬県太田市東本町２８－２", "緯度": 36.296099, "経度": 139.376933, "url": "https://www.iryou.teikyouseido.mhlw.go.jp/znk-web/juminkanja/S2430/initialize?prefCd=10&kikanCd=6102000534&kikanKbn=5", "url2": "http://ota-pharmacy.com/", "内容": "有限会社　太田薬局【5:薬局】群馬県太田市東本町２８－２" }, "geometry": { "type": "Point", "coordinates": [ 139.376933, 36.296099 ] } },
{ "type": "Feature", "properties": { "ID": 1056102000537, "正式名称": "太田市薬剤師会会営薬局", "機関区分": 5, "都道府県コード": 10, "市区町村コード": 205, "所在地": "群馬県太田市大島町１２５－１－１", "緯度": 36.297513, "経度": 139.361089, "url": "https://www.iryou.teikyouseido.mhlw.go.jp/znk-web/juminkanja/S2430/initialize?prefCd=10&kikanCd=6102000537&kikanKbn=5", "url2": "https://kaitos.life/app/?page=pharmacy.detail&data=%7B%22id%22:%22194749%22%7D", "内容": "太田市薬剤師会会営薬局【5:薬局】群馬県太田市大島町１２５－１－１" }, "geometry": { "type": "Point", "coordinates": [ 139.361089, 36.297513 ] } },
{ "type": "Feature", "properties": { "ID": 1056102000538, "正式名称": "大津屋薬局ラブ店", "機関区分": 5, "都道府県コード": 10, "市区町村コード": 205, "所在地": "群馬県太田市高林寿町１８０９－１", "緯度": 36.262436, "経度": 139.375269, "url": "https://www.iryou.teikyouseido.mhlw.go.jp/znk-web/juminkanja/S2430/initialize?prefCd=10&kikanCd=6102000538&kikanKbn=5", "url2": "http://www.ootsuya.biz/", "内容": "大津屋薬局ラブ店【5:薬局】群馬県太田市高林寿町１８０９－１" }, "geometry": { "type": "Point", "coordinates": [ 139.375269, 36.262436 ] } },
{ "type": "Feature", "properties": { "ID": 1056102000543, "正式名称": "木戸薬局", "機関区分": 5, "都道府県コード": 10, "市区町村コード": 205, "所在地": "群馬県太田市古戸町１１７７－５", "緯度": 36.254187, "経度": 139.379602, "url": "https://www.iryou.teikyouseido.mhlw.go.jp/znk-web/juminkanja/S2430/initialize?prefCd=10&kikanCd=6102000543&kikanKbn=5", "url2": null, "内容": "木戸薬局【5:薬局】群馬県太田市古戸町１１７７－５" }, "geometry": { "type": "Point", "coordinates": [ 139.379602, 36.254187 ] } },
{ "type": "Feature", "properties": { "ID": 1056102000544, "正式名称": "有限会社京屋薬局", "機関区分": 5, "都道府県コード": 10, "市区町村コード": 205, "所在地": "群馬県太田市尾島町４５１－１", "緯度": 36.25888, "経度": 139.320884, "url": "https://www.iryou.teikyouseido.mhlw.go.jp/znk-web/juminkanja/S2430/initialize?prefCd=10&kikanCd=6102000544&kikanKbn=5", "url2": "https://www.ota.kyouya.com", "内容": "有限会社京屋薬局【5:薬局】群馬県太田市尾島町４５１－１" }, "geometry": { "type": "Point", "coordinates": [ 139.320884, 36.25888 ] } },
{ "type": "Feature", "properties": { "ID": 1056102000545, "正式名称": "きりん調剤薬局", "機関区分": 5, "都道府県コード": 10, "市区町村コード": 205, "所在地": "群馬県太田市下浜田町１２０６－１", "緯度": 36.283739, "経度": 139.362574, "url": "https://www.iryou.teikyouseido.mhlw.go.jp/znk-web/juminkanja/S2430/initialize?prefCd=10&kikanCd=6102000545&kikanKbn=5", "url2": null, "内容": "きりん調剤薬局【5:薬局】群馬県太田市下浜田町１２０６－１" }, "geometry": { "type": "Point", "coordinates": [ 139.362574, 36.283739 ] } },
{ "type": "Feature", "properties": { "ID": 1056102000547, "正式名称": "斉藤薬局", "機関区分": 5, "都道府県コード": 10, "市区町村コード": 205, "所在地": "群馬県太田市石橋町８１７－１", "緯度": 36.330456, "経度": 139.339907, "url": "https://www.iryou.teikyouseido.mhlw.go.jp/znk-web/juminkanja/S2430/initialize?prefCd=10&kikanCd=6102000547&kikanKbn=5", "url2": null, "内容": "斉藤薬局【5:薬局】群馬県太田市石橋町８１７－１" }, "geometry": { "type": "Point", "coordinates": [ 139.339907, 36.330456 ] } },
{ "type": "Feature", "properties": { "ID": 1056102000548, "正式名称": "西藤薬局", "機関区分": 5, "都道府県コード": 10, "市区町村コード": 205, "所在地": "群馬県太田市藤阿久町６１８－８番地", "緯度": 36.292127, "経度": 139.356685, "url": "https://www.iryou.teikyouseido.mhlw.go.jp/znk-web/juminkanja/S2430/initialize?prefCd=10&kikanCd=6102000548&kikanKbn=5", "url2": null, "内容": "西藤薬局【5:薬局】群馬県太田市藤阿久町６１８－８番地" }, "geometry": { "type": "Point", "coordinates": [ 139.356685, 36.292127 ] } },
{ "type": "Feature", "properties": { "ID": 1056102000549, "正式名称": "さわの薬局", "機関区分": 5, "都道府県コード": 10, "市区町村コード": 205, "所在地": "群馬県太田市岩瀬川町４７５－４", "緯度": 36.273073, "経度": 139.358186, "url": "https://www.iryou.teikyouseido.mhlw.go.jp/znk-web/juminkanja/S2430/initialize?prefCd=10&kikanCd=6102000549&kikanKbn=5", "url2": null, "内容": "さわの薬局【5:薬局】群馬県太田市岩瀬川町４７５－４" }, "geometry": { "type": "Point", "coordinates": [ 139.358186, 36.273073 ] } },
{ "type": "Feature", "properties": { "ID": 1056102000550, "正式名称": "しののめ薬局", "機関区分": 5, "都道府県コード": 10, "市区町村コード": 205, "所在地": "群馬県太田市飯塚町８７８", "緯度": 36.277379, "経度": 139.388072, "url": "https://www.iryou.teikyouseido.mhlw.go.jp/znk-web/juminkanja/S2430/initialize?prefCd=10&kikanCd=6102000550&kikanKbn=5", "url2": null, "内容": "しののめ薬局【5:薬局】群馬県太田市飯塚町８７８" }, "geometry": { "type": "Point", "coordinates": [ 139.388072, 36.277379 ] } },
{ "type": "Feature", "properties": { "ID": 1056102000551, "正式名称": "有限会社すけど薬局　おおた店", "機関区分": 5, "都道府県コード": 10, "市区町村コード": 205, "所在地": "群馬県太田市由良町１６３６－７", "緯度": 36.293182, "経度": 139.337354, "url": "https://www.iryou.teikyouseido.mhlw.go.jp/znk-web/juminkanja/S2430/initialize?prefCd=10&kikanCd=6102000551&kikanKbn=5", "url2": null, "内容": "有限会社すけど薬局　おおた店【5:薬局】群馬県太田市由良町１６３６－７" }, "geometry": { "type": "Point", "coordinates": [ 139.337354, 36.293182 ] } },
{ "type": "Feature", "properties": { "ID": 1056102000552, "正式名称": "星漢堂薬局", "機関区分": 5, "都道府県コード": 10, "市区町村コード": 205, "所在地": "群馬県太田市小舞木町", "緯度": 36.284433, "経度": 139.386267, "url": "https://www.iryou.teikyouseido.mhlw.go.jp/znk-web/juminkanja/S2430/initialize?prefCd=10&kikanCd=6102000552&kikanKbn=5", "url2": "http://seikandoukodakara.com/", "内容": "星漢堂薬局【5:薬局】群馬県太田市小舞木町" }, "geometry": { "type": "Point", "coordinates": [ 139.386267, 36.284433 ] } },
{ "type": "Feature", "properties": { "ID": 1056102000554, "正式名称": "調剤薬局太陽", "機関区分": 5, "都道府県コード": 10, "市区町村コード": 205, "所在地": "群馬県太田市鳥山町５９３－１", "緯度": 36.312319, "経度": 139.35649, "url": "https://www.iryou.teikyouseido.mhlw.go.jp/znk-web/juminkanja/S2430/initialize?prefCd=10&kikanCd=6102000554&kikanKbn=5", "url2": "https://www.alpharm.co.jp/", "内容": "調剤薬局太陽【5:薬局】群馬県太田市鳥山町５９３－１" }, "geometry": { "type": "Point", "coordinates": [ 139.35649, 36.312319 ] } },
{ "type": "Feature", "properties": { "ID": 1056102000555, "正式名称": "（有）タカギファーマシーたんぽぽ調剤薬局", "機関区分": 5, "都道府県コード": 10, "市区町村コード": 205, "所在地": "群馬県太田市高林東町１６９５", "緯度": 36.259575, "経度": 139.377157, "url": "https://www.iryou.teikyouseido.mhlw.go.jp/znk-web/juminkanja/S2430/initialize?prefCd=10&kikanCd=6102000555&kikanKbn=5", "url2": null, "内容": "（有）タカギファーマシーたんぽぽ調剤薬局【5:薬局】群馬県太田市高林東町１６９５" }, "geometry": { "type": "Point", "coordinates": [ 139.377157, 36.259575 ] } },
{ "type": "Feature", "properties": { "ID": 1056102000560, "正式名称": "ウエルシア薬局　太田岩瀬川店", "機関区分": 5, "都道府県コード": 10, "市区町村コード": 205, "所在地": "群馬県太田市岩瀬川町", "緯度": 36.275017, "経度": 139.358436, "url": "https://www.iryou.teikyouseido.mhlw.go.jp/znk-web/juminkanja/S2430/initialize?prefCd=10&kikanCd=6102000560&kikanKbn=5", "url2": "https://store.welcia.co.jp/welcia/spot/detail?code=6001D", "内容": "ウエルシア薬局　太田岩瀬川店【5:薬局】群馬県太田市岩瀬川町" }, "geometry": { "type": "Point", "coordinates": [ 139.358436, 36.275017 ] } },
{ "type": "Feature", "properties": { "ID": 1056102000561, "正式名称": "ウエルシア薬局太田南口店", "機関区分": 5, "都道府県コード": 10, "市区町村コード": 205, "所在地": "群馬県太田市飯田町１１０１", "緯度": 36.290988, "経度": 139.382905, "url": "https://www.iryou.teikyouseido.mhlw.go.jp/znk-web/juminkanja/S2430/initialize?prefCd=10&kikanCd=6102000561&kikanKbn=5", "url2": "https://stores.welcia.co.jp/6006D", "内容": "ウエルシア薬局太田南口店【5:薬局】群馬県太田市飯田町１１０１" }, "geometry": { "type": "Point", "coordinates": [ 139.382905, 36.290988 ] } },
{ "type": "Feature", "properties": { "ID": 1056102000567, "正式名称": "共創未来　太田薬局", "機関区分": 5, "都道府県コード": 10, "市区町村コード": 205, "所在地": "群馬県太田市高林南町６１６－４", "緯度": 36.257019, "経度": 139.366853, "url": "https://www.iryou.teikyouseido.mhlw.go.jp/znk-web/juminkanja/S2430/initialize?prefCd=10&kikanCd=6102000567&kikanKbn=5", "url2": "https://phmirai.co.jp/store/50/", "内容": "共創未来　太田薬局【5:薬局】群馬県太田市高林南町６１６－４" }, "geometry": { "type": "Point", "coordinates": [ 139.366853, 36.257019 ] } },
{ "type": "Feature", "properties": { "ID": 1056102000569, "正式名称": "ヨシハラ薬局", "機関区分": 5, "都道府県コード": 10, "市区町村コード": 205, "所在地": "群馬県太田市成塚町１５０－８４", "緯度": 36.332789, "経度": 139.345768, "url": "https://www.iryou.teikyouseido.mhlw.go.jp/znk-web/juminkanja/S2430/initialize?prefCd=10&kikanCd=6102000569&kikanKbn=5", "url2": "https://yoshihara-yk.com/", "内容": "ヨシハラ薬局【5:薬局】群馬県太田市成塚町１５０－８４" }, "geometry": { "type": "Point", "coordinates": [ 139.345768, 36.332789 ] } },
{ "type": "Feature", "properties": { "ID": 1056102000570, "正式名称": "富士薬局", "機関区分": 5, "都道府県コード": 10, "市区町村コード": 205, "所在地": "群馬県太田市八幡町１２－７", "緯度": 36.298515, "経度": 139.367573, "url": "https://www.iryou.teikyouseido.mhlw.go.jp/znk-web/juminkanja/S2430/initialize?prefCd=10&kikanCd=6102000570&kikanKbn=5", "url2": "https://fujiph.co.jp", "内容": "富士薬局【5:薬局】群馬県太田市八幡町１２－７" }, "geometry": { "type": "Point", "coordinates": [ 139.367573, 36.298515 ] } },
{ "type": "Feature", "properties": { "ID": 1056102000571, "正式名称": "富士薬局高林店", "機関区分": 5, "都道府県コード": 10, "市区町村コード": 205, "所在地": "群馬県太田市高林寿町１８０９－７", "緯度": 36.262269, "経度": 139.374519, "url": "https://www.iryou.teikyouseido.mhlw.go.jp/znk-web/juminkanja/S2430/initialize?prefCd=10&kikanCd=6102000571&kikanKbn=5", "url2": "https://fujiph.co.jp", "内容": "富士薬局高林店【5:薬局】群馬県太田市高林寿町１８０９－７" }, "geometry": { "type": "Point", "coordinates": [ 139.374519, 36.262269 ] } },
{ "type": "Feature", "properties": { "ID": 1056102000572, "正式名称": "富士薬局中央店", "機関区分": 5, "都道府県コード": 10, "市区町村コード": 205, "所在地": "群馬県太田市東今泉町", "緯度": 36.329068, "経度": 139.381265, "url": "https://www.iryou.teikyouseido.mhlw.go.jp/znk-web/juminkanja/S2430/initialize?prefCd=10&kikanCd=6102000572&kikanKbn=5", "url2": "https://fujiph.co.jp", "内容": "富士薬局中央店【5:薬局】群馬県太田市東今泉町" }, "geometry": { "type": "Point", "coordinates": [ 139.381265, 36.329068 ] } },
{ "type": "Feature", "properties": { "ID": 1056102000574, "正式名称": "フルーツ薬局", "機関区分": 5, "都道府県コード": 10, "市区町村コード": 205, "所在地": "群馬県太田市由良町６９－７", "緯度": 36.286877, "経度": 139.350992, "url": "https://www.iryou.teikyouseido.mhlw.go.jp/znk-web/juminkanja/S2430/initialize?prefCd=10&kikanCd=6102000574&kikanKbn=5", "url2": null, "内容": "フルーツ薬局【5:薬局】群馬県太田市由良町６９－７" }, "geometry": { "type": "Point", "coordinates": [ 139.350992, 36.286877 ] } },
{ "type": "Feature", "properties": { "ID": 1056102000576, "正式名称": "ユニスマイル薬局　ほんまち店", "機関区分": 5, "都道府県コード": 10, "市区町村コード": 205, "所在地": "群馬県太田市大原町５３６－１８", "緯度": 36.357202, "経度": 139.296576, "url": "https://www.iryou.teikyouseido.mhlw.go.jp/znk-web/juminkanja/S2430/initialize?prefCd=10&kikanCd=6102000576&kikanKbn=5", "url2": null, "内容": "ユニスマイル薬局　ほんまち店【5:薬局】群馬県太田市大原町５３６－１８" }, "geometry": { "type": "Point", "coordinates": [ 139.296576, 36.357202 ] } },
{ "type": "Feature", "properties": { "ID": 1056102000577, "正式名称": "松葉屋薬局", "機関区分": 5, "都道府県コード": 10, "市区町村コード": 205, "所在地": "群馬県太田市尾島町１６４", "緯度": 36.258769, "経度": 139.325828, "url": "https://www.iryou.teikyouseido.mhlw.go.jp/znk-web/juminkanja/S2430/initialize?prefCd=10&kikanCd=6102000577&kikanKbn=5", "url2": null, "内容": "松葉屋薬局【5:薬局】群馬県太田市尾島町１６４" }, "geometry": { "type": "Point", "coordinates": [ 139.325828, 36.258769 ] } },
{ "type": "Feature", "properties": { "ID": 1056102000578, "正式名称": "ミモザ薬局", "機関区分": 5, "都道府県コード": 10, "市区町村コード": 205, "所在地": "群馬県太田市飯田町９８２番地", "緯度": 36.290516, "経度": 139.37785, "url": "https://www.iryou.teikyouseido.mhlw.go.jp/znk-web/juminkanja/S2430/initialize?prefCd=10&kikanCd=6102000578&kikanKbn=5", "url2": null, "内容": "ミモザ薬局【5:薬局】群馬県太田市飯田町９８２番地" }, "geometry": { "type": "Point", "coordinates": [ 139.37785, 36.290516 ] } },
{ "type": "Feature", "properties": { "ID": 1056102000579, "正式名称": "ミモザ薬局　木崎店", "機関区分": 5, "都道府県コード": 10, "市区町村コード": 205, "所在地": "群馬県太田市新田木崎町６１０－７", "緯度": 36.277349, "経度": 139.302218, "url": "https://www.iryou.teikyouseido.mhlw.go.jp/znk-web/juminkanja/S2430/initialize?prefCd=10&kikanCd=6102000579&kikanKbn=5", "url2": null, "内容": "ミモザ薬局　木崎店【5:薬局】群馬県太田市新田木崎町６１０－７" }, "geometry": { "type": "Point", "coordinates": [ 139.302218, 36.277349 ] } },
{ "type": "Feature", "properties": { "ID": 1056102000581, "正式名称": "ミント薬局", "機関区分": 5, "都道府県コード": 10, "市区町村コード": 205, "所在地": "群馬県太田市世良田町４７０－２", "緯度": 36.259684, "経度": 139.277027, "url": "https://www.iryou.teikyouseido.mhlw.go.jp/znk-web/juminkanja/S2430/initialize?prefCd=10&kikanCd=6102000581&kikanKbn=5", "url2": null, "内容": "ミント薬局【5:薬局】群馬県太田市世良田町４７０－２" }, "geometry": { "type": "Point", "coordinates": [ 139.277027, 36.259684 ] } },
{ "type": "Feature", "properties": { "ID": 1056102000586, "正式名称": "ユニスマイル薬局　太田西本町店", "機関区分": 5, "都道府県コード": 10, "市区町村コード": 205, "所在地": "群馬県太田市西本町５７番１７号　大智ビル１階", "緯度": 36.29521, "経度": 139.36024, "url": "https://www.iryou.teikyouseido.mhlw.go.jp/znk-web/juminkanja/S2430/initialize?prefCd=10&kikanCd=6102000586&kikanKbn=5", "url2": "https://www.unismile.co.jp/", "内容": "ユニスマイル薬局　太田西本町店【5:薬局】群馬県太田市西本町５７番１７号　大智ビル１階" }, "geometry": { "type": "Point", "coordinates": [ 139.36024, 36.29521 ] } },
{ "type": "Feature", "properties": { "ID": 1056102000589, "正式名称": "飯田薬局", "機関区分": 5, "都道府県コード": 10, "市区町村コード": 205, "所在地": "群馬県太田市飯田町２０２－２", "緯度": 36.2876, "経度": 139.376239, "url": "https://www.iryou.teikyouseido.mhlw.go.jp/znk-web/juminkanja/S2430/initialize?prefCd=10&kikanCd=6102000589&kikanKbn=5", "url2": null, "内容": "飯田薬局【5:薬局】群馬県太田市飯田町２０２－２" }, "geometry": { "type": "Point", "coordinates": [ 139.376239, 36.2876 ] } },
{ "type": "Feature", "properties": { "ID": 1056102000591, "正式名称": "コバヤシ薬局", "機関区分": 5, "都道府県コード": 10, "市区町村コード": 205, "所在地": "群馬県太田市台之郷町１３３６－２５", "緯度": 36.309681, "経度": 139.404458, "url": "https://www.iryou.teikyouseido.mhlw.go.jp/znk-web/juminkanja/S2430/initialize?prefCd=10&kikanCd=6102000591&kikanKbn=5", "url2": null, "内容": "コバヤシ薬局【5:薬局】群馬県太田市台之郷町１３３６－２５" }, "geometry": { "type": "Point", "coordinates": [ 139.404458, 36.309681 ] } },
{ "type": "Feature", "properties": { "ID": 1056102000592, "正式名称": "ユニスマイル薬局　藪塚店", "機関区分": 5, "都道府県コード": 10, "市区町村コード": 205, "所在地": "群馬県太田市藪塚町１５０７－１", "緯度": 36.355397, "経度": 139.303187, "url": "https://www.iryou.teikyouseido.mhlw.go.jp/znk-web/juminkanja/S2430/initialize?prefCd=10&kikanCd=6102000592&kikanKbn=5", "url2": "https://unismile.co,jp", "内容": "ユニスマイル薬局　藪塚店【5:薬局】群馬県太田市藪塚町１５０７－１" }, "geometry": { "type": "Point", "coordinates": [ 139.303187, 36.355397 ] } },
{ "type": "Feature", "properties": { "ID": 1056102000595, "正式名称": "コスモファーマ薬局矢場新町店", "機関区分": 5, "都道府県コード": 10, "市区町村コード": 205, "所在地": "群馬県太田市矢場新町３１－２", "緯度": 36.310098, "経度": 139.418541, "url": "https://www.iryou.teikyouseido.mhlw.go.jp/znk-web/juminkanja/S2430/initialize?prefCd=10&kikanCd=6102000595&kikanKbn=5", "url2": "http://www.cosmo-ph.co.jp/", "内容": "コスモファーマ薬局矢場新町店【5:薬局】群馬県太田市矢場新町３１－２" }, "geometry": { "type": "Point", "coordinates": [ 139.418541, 36.310098 ] } },
{ "type": "Feature", "properties": { "ID": 1056102000596, "正式名称": "くるみ薬局新井町店", "機関区分": 5, "都道府県コード": 10, "市区町村コード": 205, "所在地": "群馬県太田市新井町５３０－２", "緯度": 36.285766, "経度": 139.371462, "url": "https://www.iryou.teikyouseido.mhlw.go.jp/znk-web/juminkanja/S2430/initialize?prefCd=10&kikanCd=6102000596&kikanKbn=5", "url2": null, "内容": "くるみ薬局新井町店【5:薬局】群馬県太田市新井町５３０－２" }, "geometry": { "type": "Point", "coordinates": [ 139.371462, 36.285766 ] } },
{ "type": "Feature", "properties": { "ID": 1056102000597, "正式名称": "ＬＡＣみどり薬局", "機関区分": 5, "都道府県コード": 10, "市区町村コード": 205, "所在地": "群馬県太田市東矢島町１２６０－１", "緯度": 36.273074, "経度": 139.388156, "url": "https://www.iryou.teikyouseido.mhlw.go.jp/znk-web/juminkanja/S2430/initialize?prefCd=10&kikanCd=6102000597&kikanKbn=5", "url2": "http://www.e-classa.net/lac-midori/", "内容": "ＬＡＣみどり薬局【5:薬局】群馬県太田市東矢島町１２６０－１" }, "geometry": { "type": "Point", "coordinates": [ 139.388156, 36.273074 ] } },
{ "type": "Feature", "properties": { "ID": 1056102000598, "正式名称": "アイセイ薬局太田店", "機関区分": 5, "都道府県コード": 10, "市区町村コード": 205, "所在地": "群馬県太田市下小林町５３４－３", "緯度": 36.289139, "経度": 139.406139, "url": "https://www.iryou.teikyouseido.mhlw.go.jp/znk-web/juminkanja/S2430/initialize?prefCd=10&kikanCd=6102000598&kikanKbn=5", "url2": "http://www.aisei.co.jp", "内容": "アイセイ薬局太田店【5:薬局】群馬県太田市下小林町５３４－３" }, "geometry": { "type": "Point", "coordinates": [ 139.406139, 36.289139 ] } },
{ "type": "Feature", "properties": { "ID": 1056102000599, "正式名称": "株式会社にこにこ薬局", "機関区分": 5, "都道府県コード": 10, "市区町村コード": 205, "所在地": "群馬県太田市南矢島町３５２－６", "緯度": 36.262686, "経度": 139.385573, "url": "https://www.iryou.teikyouseido.mhlw.go.jp/znk-web/juminkanja/S2430/initialize?prefCd=10&kikanCd=6102000599&kikanKbn=5", "url2": "nikoniko-pharmacy.jp", "内容": "株式会社にこにこ薬局【5:薬局】群馬県太田市南矢島町３５２－６" }, "geometry": { "type": "Point", "coordinates": [ 139.385573, 36.262686 ] } },
{ "type": "Feature", "properties": { "ID": 1056102000601, "正式名称": "城西薬局有限会社", "機関区分": 5, "都道府県コード": 10, "市区町村コード": 205, "所在地": "群馬県太田市新野町１２４９－５", "緯度": 36.303347, "経度": 139.347519, "url": "https://www.iryou.teikyouseido.mhlw.go.jp/znk-web/juminkanja/S2430/initialize?prefCd=10&kikanCd=6102000601&kikanKbn=5", "url2": null, "内容": "城西薬局有限会社【5:薬局】群馬県太田市新野町１２４９－５" }, "geometry": { "type": "Point", "coordinates": [ 139.347519, 36.303347 ] } },
{ "type": "Feature", "properties": { "ID": 1056102000603, "正式名称": "共創未来　大原町薬局", "機関区分": 5, "都道府県コード": 10, "市区町村コード": 205, "所在地": "群馬県太田市大原町８２－２７６", "緯度": 36.34537, "経度": 139.30141, "url": "https://www.iryou.teikyouseido.mhlw.go.jp/znk-web/juminkanja/S2430/initialize?prefCd=10&kikanCd=6102000603&kikanKbn=5", "url2": "http://www.phmirai.co.jp/", "内容": "共創未来　大原町薬局【5:薬局】群馬県太田市大原町８２－２７６" }, "geometry": { "type": "Point", "coordinates": [ 139.30141, 36.34537 ] } },
{ "type": "Feature", "properties": { "ID": 1056102000604, "正式名称": "共創未来　東金井薬局", "機関区分": 5, "都道府県コード": 10, "市区町村コード": 205, "所在地": "群馬県太田市東金井町　３１１－３", "緯度": 36.317374, "経度": 139.38807, "url": "https://www.iryou.teikyouseido.mhlw.go.jp/znk-web/juminkanja/S2430/initialize?prefCd=10&kikanCd=6102000604&kikanKbn=5", "url2": "http://www.phmirai.co.jp/", "内容": "共創未来　東金井薬局【5:薬局】群馬県太田市東金井町　３１１－３" }, "geometry": { "type": "Point", "coordinates": [ 139.38807, 36.317374 ] } },
{ "type": "Feature", "properties": { "ID": 1056102000605, "正式名称": "ミモザ薬局細谷店", "機関区分": 5, "都道府県コード": 10, "市区町村コード": 205, "所在地": "群馬県太田市細谷町１３６７－４", "緯度": 36.275462, "経度": 139.349826, "url": "https://www.iryou.teikyouseido.mhlw.go.jp/znk-web/juminkanja/S2430/initialize?prefCd=10&kikanCd=6102000605&kikanKbn=5", "url2": null, "内容": "ミモザ薬局細谷店【5:薬局】群馬県太田市細谷町１３６７－４" }, "geometry": { "type": "Point", "coordinates": [ 139.349826, 36.275462 ] } },
{ "type": "Feature", "properties": { "ID": 1056102000607, "正式名称": "くるみ薬局小舞木店", "機関区分": 5, "都道府県コード": 10, "市区町村コード": 205, "所在地": "群馬県太田市小舞木町２２３", "緯度": 36.282073, "経度": 139.390822, "url": "https://www.iryou.teikyouseido.mhlw.go.jp/znk-web/juminkanja/S2430/initialize?prefCd=10&kikanCd=6102000607&kikanKbn=5", "url2": null, "内容": "くるみ薬局小舞木店【5:薬局】群馬県太田市小舞木町２２３" }, "geometry": { "type": "Point", "coordinates": [ 139.390822, 36.282073 ] } },
{ "type": "Feature", "properties": { "ID": 1056102000608, "正式名称": "アイビー薬局", "機関区分": 5, "都道府県コード": 10, "市区町村コード": 205, "所在地": "群馬県太田市上小林町１９８－２", "緯度": 36.314375, "経度": 139.401403, "url": "https://www.iryou.teikyouseido.mhlw.go.jp/znk-web/juminkanja/S2430/initialize?prefCd=10&kikanCd=6102000608&kikanKbn=5", "url2": null, "内容": "アイビー薬局【5:薬局】群馬県太田市上小林町１９８－２" }, "geometry": { "type": "Point", "coordinates": [ 139.401403, 36.314375 ] } },
{ "type": "Feature", "properties": { "ID": 1056102000609, "正式名称": "そうごう薬局藪塚店", "機関区分": 5, "都道府県コード": 10, "市区町村コード": 205, "所在地": "群馬県太田市六千石町１１６－５", "緯度": 36.338204, "経度": 139.286856, "url": "https://www.iryou.teikyouseido.mhlw.go.jp/znk-web/juminkanja/S2430/initialize?prefCd=10&kikanCd=6102000609&kikanKbn=5", "url2": "http://www.sogo-medical.co.jp", "内容": "そうごう薬局藪塚店【5:薬局】群馬県太田市六千石町１１６－５" }, "geometry": { "type": "Point", "coordinates": [ 139.286856, 36.338204 ] } },
{ "type": "Feature", "properties": { "ID": 1056102000611, "正式名称": "あおば調剤薬局", "機関区分": 5, "都道府県コード": 10, "市区町村コード": 521, "所在地": "群馬県邑楽郡板倉町海老瀬下新田４０６５ー１", "緯度": 36.224028, "経度": 139.643776, "url": "https://www.iryou.teikyouseido.mhlw.go.jp/znk-web/juminkanja/S2430/initialize?prefCd=10&kikanCd=6102000611&kikanKbn=5", "url2": "https://www.wsharada.jp/aoba", "内容": "あおば調剤薬局【5:薬局】群馬県邑楽郡板倉町海老瀬下新田４０６５ー１" }, "geometry": { "type": "Point", "coordinates": [ 139.643776, 36.224028 ] } },
{ "type": "Feature", "properties": { "ID": 1056102000612, "正式名称": "赤生田調剤薬局", "機関区分": 5, "都道府県コード": 10, "市区町村コード": 207, "所在地": "群馬県館林市赤生田町１９２５－４", "緯度": 36.227393, "経度": 139.562662, "url": "https://www.iryou.teikyouseido.mhlw.go.jp/znk-web/juminkanja/S2430/initialize?prefCd=10&kikanCd=6102000612&kikanKbn=5", "url2": "https://www.famiru-group.com", "内容": "赤生田調剤薬局【5:薬局】群馬県館林市赤生田町１９２５－４" }, "geometry": { "type": "Point", "coordinates": [ 139.562662, 36.227393 ] } },
{ "type": "Feature", "properties": { "ID": 1056102000613, "正式名称": "朝日調剤薬局", "機関区分": 5, "都道府県コード": 10, "市区町村コード": 207, "所在地": "群馬県館林市朝日町", "緯度": 36.250273, "経度": 139.53695, "url": "https://www.iryou.teikyouseido.mhlw.go.jp/znk-web/juminkanja/S2430/initialize?prefCd=10&kikanCd=6102000613&kikanKbn=5", "url2": null, "内容": "朝日調剤薬局【5:薬局】群馬県館林市朝日町" }, "geometry": { "type": "Point", "coordinates": [ 139.53695, 36.250273 ] } },
{ "type": "Feature", "properties": { "ID": 1056102000614, "正式名称": "あすか調剤薬局", "機関区分": 5, "都道府県コード": 10, "市区町村コード": 207, "所在地": "群馬県館林市台宿町６－４", "緯度": 36.25405, "経度": 139.535006, "url": "https://www.iryou.teikyouseido.mhlw.go.jp/znk-web/juminkanja/S2430/initialize?prefCd=10&kikanCd=6102000614&kikanKbn=5", "url2": "https://asuka-pharmacy-tatebayashi.com/", "内容": "あすか調剤薬局【5:薬局】群馬県館林市台宿町６－４" }, "geometry": { "type": "Point", "coordinates": [ 139.535006, 36.25405 ] } },
{ "type": "Feature", "properties": { "ID": 1056102000615, "正式名称": "あずさ調剤薬局有限会社", "機関区分": 5, "都道府県コード": 10, "市区町村コード": 207, "所在地": "群馬県館林市若宮町２７５８", "緯度": 36.255412, "経度": 139.554976, "url": "https://www.iryou.teikyouseido.mhlw.go.jp/znk-web/juminkanja/S2430/initialize?prefCd=10&kikanCd=6102000615&kikanKbn=5", "url2": null, "内容": "あずさ調剤薬局有限会社【5:薬局】群馬県館林市若宮町２７５８" }, "geometry": { "type": "Point", "coordinates": [ 139.554976, 36.255412 ] } },
{ "type": "Feature", "properties": { "ID": 1056102000616, "正式名称": "アップル薬局館林店", "機関区分": 5, "都道府県コード": 10, "市区町村コード": 207, "所在地": "群馬県館林市成島町２１３－１", "緯度": 36.249023, "経度": 139.519674, "url": "https://www.iryou.teikyouseido.mhlw.go.jp/znk-web/juminkanja/S2430/initialize?prefCd=10&kikanCd=6102000616&kikanKbn=5", "url2": "https://applecarenet.jp/", "内容": "アップル薬局館林店【5:薬局】群馬県館林市成島町２１３－１" }, "geometry": { "type": "Point", "coordinates": [ 139.519674, 36.249023 ] } },
{ "type": "Feature", "properties": { "ID": 1056102000619, "正式名称": "いずみ薬局本店", "機関区分": 5, "都道府県コード": 10, "市区町村コード": 524, "所在地": "群馬県邑楽郡大泉町中央３－６－８", "緯度": 36.258465, "経度": 139.418432, "url": "https://www.iryou.teikyouseido.mhlw.go.jp/znk-web/juminkanja/S2430/initialize?prefCd=10&kikanCd=6102000619&kikanKbn=5", "url2": "http://izumi-group.com", "内容": "いずみ薬局本店【5:薬局】群馬県邑楽郡大泉町中央３－６－８" }, "geometry": { "type": "Point", "coordinates": [ 139.418432, 36.258465 ] } },
{ "type": "Feature", "properties": { "ID": 1056102000620, "正式名称": "いずみ薬局仙石店", "機関区分": 5, "都道府県コード": 10, "市区町村コード": 524, "所在地": "群馬県邑楽郡大泉町仙石２－１６－６", "緯度": 36.243771, "経度": 139.402128, "url": "https://www.iryou.teikyouseido.mhlw.go.jp/znk-web/juminkanja/S2430/initialize?prefCd=10&kikanCd=6102000620&kikanKbn=5", "url2": "http://izumi-group.com/", "内容": "いずみ薬局仙石店【5:薬局】群馬県邑楽郡大泉町仙石２－１６－６" }, "geometry": { "type": "Point", "coordinates": [ 139.402128, 36.243771 ] } },
{ "type": "Feature", "properties": { "ID": 1056102000621, "正式名称": "イムノファーマシー邑楽町店", "機関区分": 5, "都道府県コード": 10, "市区町村コード": 525, "所在地": "群馬県邑楽郡邑楽町篠塚３１９７－３", "緯度": 36.254896, "経度": 139.433372, "url": "https://www.iryou.teikyouseido.mhlw.go.jp/znk-web/juminkanja/S2430/initialize?prefCd=10&kikanCd=6102000621&kikanKbn=5", "url2": null, "内容": "イムノファーマシー邑楽町店【5:薬局】群馬県邑楽郡邑楽町篠塚３１９７－３" }, "geometry": { "type": "Point", "coordinates": [ 139.433372, 36.254896 ] } },
{ "type": "Feature", "properties": { "ID": 1056102000622, "正式名称": "うさぎ調剤薬局", "機関区分": 5, "都道府県コード": 10, "市区町村コード": 525, "所在地": "群馬県邑楽郡邑楽町赤堀１９７８−６", "緯度": 36.236357, "経度": 139.483788, "url": "https://www.iryou.teikyouseido.mhlw.go.jp/znk-web/juminkanja/S2430/initialize?prefCd=10&kikanCd=6102000622&kikanKbn=5", "url2": null, "内容": "うさぎ調剤薬局【5:薬局】群馬県邑楽郡邑楽町赤堀１９７８−６" }, "geometry": { "type": "Point", "coordinates": [ 139.483788, 36.236357 ] } },
{ "type": "Feature", "properties": { "ID": 1056102000623, "正式名称": "エンゼル調剤薬局　篠塚店", "機関区分": 5, "都道府県コード": 10, "市区町村コード": 525, "所在地": "群馬県邑楽郡邑楽町篠塚１９３３－４", "緯度": 36.247494, "経度": 139.446458, "url": "https://www.iryou.teikyouseido.mhlw.go.jp/znk-web/juminkanja/S2430/initialize?prefCd=10&kikanCd=6102000623&kikanKbn=5", "url2": "http://www.mirai-ph.co.jp/", "内容": "エンゼル調剤薬局　篠塚店【5:薬局】群馬県邑楽郡邑楽町篠塚１９３３－４" }, "geometry": { "type": "Point", "coordinates": [ 139.446458, 36.247494 ] } },
{ "type": "Feature", "properties": { "ID": 1056102000624, "正式名称": "エンゼル調剤薬局大泉店", "機関区分": 5, "都道府県コード": 10, "市区町村コード": 524, "所在地": "群馬県邑楽郡大泉町坂田４－２３－２９", "緯度": 36.260297, "経度": 139.397767, "url": "https://www.iryou.teikyouseido.mhlw.go.jp/znk-web/juminkanja/S2430/initialize?prefCd=10&kikanCd=6102000624&kikanKbn=5", "url2": "http://www.mirai-ph.co.jp/", "内容": "エンゼル調剤薬局大泉店【5:薬局】群馬県邑楽郡大泉町坂田４－２３－２９" }, "geometry": { "type": "Point", "coordinates": [ 139.397767, 36.260297 ] } },
{ "type": "Feature", "properties": { "ID": 1056102000626, "正式名称": "カトレア薬局", "機関区分": 5, "都道府県コード": 10, "市区町村コード": 207, "所在地": "群馬県館林市本町１－９－３", "緯度": 36.24794, "経度": 139.53395, "url": "https://www.iryou.teikyouseido.mhlw.go.jp/znk-web/juminkanja/S2430/initialize?prefCd=10&kikanCd=6102000626&kikanKbn=5", "url2": null, "内容": "カトレア薬局【5:薬局】群馬県館林市本町１－９－３" }, "geometry": { "type": "Point", "coordinates": [ 139.53395, 36.24794 ] } },
{ "type": "Feature", "properties": { "ID": 1056102000627, "正式名称": "カニエ薬局志部店", "機関区分": 5, "都道府県コード": 10, "市区町村コード": 524, "所在地": "群馬県邑楽郡大泉町西小泉１－２５－１", "緯度": 36.256104, "経度": 139.414321, "url": "https://www.iryou.teikyouseido.mhlw.go.jp/znk-web/juminkanja/S2430/initialize?prefCd=10&kikanCd=6102000627&kikanKbn=5", "url2": null, "内容": "カニエ薬局志部店【5:薬局】群馬県邑楽郡大泉町西小泉１－２５－１" }, "geometry": { "type": "Point", "coordinates": [ 139.414321, 36.256104 ] } },
{ "type": "Feature", "properties": { "ID": 1056102000628, "正式名称": "カニエ薬局松原店", "機関区分": 5, "都道府県コード": 10, "市区町村コード": 524, "所在地": "群馬県邑楽郡大泉町西小泉２－３－７", "緯度": 36.253743, "経度": 139.410294, "url": "https://www.iryou.teikyouseido.mhlw.go.jp/znk-web/juminkanja/S2430/initialize?prefCd=10&kikanCd=6102000628&kikanKbn=5", "url2": null, "内容": "カニエ薬局松原店【5:薬局】群馬県邑楽郡大泉町西小泉２－３－７" }, "geometry": { "type": "Point", "coordinates": [ 139.410294, 36.253743 ] } },
{ "type": "Feature", "properties": { "ID": 1056102000631, "正式名称": "グリーン薬局", "機関区分": 5, "都道府県コード": 10, "市区町村コード": 524, "所在地": "群馬県邑楽郡大泉町西小泉４丁目－５－１", "緯度": 36.259409, "経度": 139.412071, "url": "https://www.iryou.teikyouseido.mhlw.go.jp/znk-web/juminkanja/S2430/initialize?prefCd=10&kikanCd=6102000631&kikanKbn=5", "url2": null, "内容": "グリーン薬局【5:薬局】群馬県邑楽郡大泉町西小泉４丁目－５－１" }, "geometry": { "type": "Point", "coordinates": [ 139.412071, 36.259409 ] } },
{ "type": "Feature", "properties": { "ID": 1056102000637, "正式名称": "白井薬局仲町店", "機関区分": 5, "都道府県コード": 10, "市区町村コード": 207, "所在地": "群馬県館林市仲町１０－７", "緯度": 36.249356, "経度": 139.528145, "url": "https://www.iryou.teikyouseido.mhlw.go.jp/znk-web/juminkanja/S2430/initialize?prefCd=10&kikanCd=6102000637&kikanKbn=5", "url2": "http://www16.ocn.ne.jp/~shirai/", "内容": "白井薬局仲町店【5:薬局】群馬県館林市仲町１０－７" }, "geometry": { "type": "Point", "coordinates": [ 139.528145, 36.249356 ] } },
{ "type": "Feature", "properties": { "ID": 1056102000638, "正式名称": "（有）新成・新井薬局", "機関区分": 5, "都道府県コード": 10, "市区町村コード": 207, "所在地": "群馬県館林市松原１－２１－１４", "緯度": 36.243274, "経度": 139.538561, "url": "https://www.iryou.teikyouseido.mhlw.go.jp/znk-web/juminkanja/S2430/initialize?prefCd=10&kikanCd=6102000638&kikanKbn=5", "url2": null, "内容": "（有）新成・新井薬局【5:薬局】群馬県館林市松原１－２１－１４" }, "geometry": { "type": "Point", "coordinates": [ 139.538561, 36.243274 ] } },
{ "type": "Feature", "properties": { "ID": 1056102000639, "正式名称": "神農調剤薬局　邑楽店", "機関区分": 5, "都道府県コード": 10, "市区町村コード": 525, "所在地": "群馬県邑楽郡邑楽町中野１０４２－２", "緯度": 36.266131, "経度": 139.451456, "url": "https://www.iryou.teikyouseido.mhlw.go.jp/znk-web/juminkanja/S2430/initialize?prefCd=10&kikanCd=6102000639&kikanKbn=5", "url2": "https://www.famiru-group.com", "内容": "神農調剤薬局　邑楽店【5:薬局】群馬県邑楽郡邑楽町中野１０４２－２" }, "geometry": { "type": "Point", "coordinates": [ 139.451456, 36.266131 ] } },
{ "type": "Feature", "properties": { "ID": 1056102000641, "正式名称": "すずらん薬局", "機関区分": 5, "都道府県コード": 10, "市区町村コード": 207, "所在地": "群馬県館林市緑町１－２５－７", "緯度": 36.237386, "経度": 139.533368, "url": "https://www.iryou.teikyouseido.mhlw.go.jp/znk-web/juminkanja/S2430/initialize?prefCd=10&kikanCd=6102000641&kikanKbn=5", "url2": null, "内容": "すずらん薬局【5:薬局】群馬県館林市緑町１－２５－７" }, "geometry": { "type": "Point", "coordinates": [ 139.533368, 36.237386 ] } },
{ "type": "Feature", "properties": { "ID": 1056102000642, "正式名称": "住吉調剤薬局", "機関区分": 5, "都道府県コード": 10, "市区町村コード": 524, "所在地": "群馬県邑楽郡大泉町住吉５６－９", "緯度": 36.254048, "経度": 139.407044, "url": "https://www.iryou.teikyouseido.mhlw.go.jp/znk-web/juminkanja/S2430/initialize?prefCd=10&kikanCd=6102000642&kikanKbn=5", "url2": "https://www.famiru-group.com", "内容": "住吉調剤薬局【5:薬局】群馬県邑楽郡大泉町住吉５６－９" }, "geometry": { "type": "Point", "coordinates": [ 139.407044, 36.254048 ] } },
{ "type": "Feature", "properties": { "ID": 1056102000643, "正式名称": "すみれ調剤薬局西小泉店", "機関区分": 5, "都道府県コード": 10, "市区町村コード": 524, "所在地": "群馬県邑楽郡大泉町西小泉５－７－２", "緯度": 36.260936, "経度": 139.408988, "url": "https://www.iryou.teikyouseido.mhlw.go.jp/znk-web/juminkanja/S2430/initialize?prefCd=10&kikanCd=6102000643&kikanKbn=5", "url2": "http://www.sumire89.com", "内容": "すみれ調剤薬局西小泉店【5:薬局】群馬県邑楽郡大泉町西小泉５－７－２" }, "geometry": { "type": "Point", "coordinates": [ 139.408988, 36.260936 ] } },
{ "type": "Feature", "properties": { "ID": 1056102000644, "正式名称": "すみれ調剤薬局　大泉店", "機関区分": 5, "都道府県コード": 10, "市区町村コード": 524, "所在地": "群馬県邑楽郡大泉町吉田３０２２", "緯度": 36.240522, "経度": 139.411711, "url": "https://www.iryou.teikyouseido.mhlw.go.jp/znk-web/juminkanja/S2430/initialize?prefCd=10&kikanCd=6102000644&kikanKbn=5", "url2": "http://www.sumire89.com", "内容": "すみれ調剤薬局　大泉店【5:薬局】群馬県邑楽郡大泉町吉田３０２２" }, "geometry": { "type": "Point", "coordinates": [ 139.411711, 36.240522 ] } },
{ "type": "Feature", "properties": { "ID": 1056102000645, "正式名称": "すみれ調剤薬局　邑楽店", "機関区分": 5, "都道府県コード": 10, "市区町村コード": 525, "所在地": "群馬県邑楽郡邑楽町中野２８６７－８", "緯度": 36.258799, "経度": 139.460456, "url": "https://www.iryou.teikyouseido.mhlw.go.jp/znk-web/juminkanja/S2430/initialize?prefCd=10&kikanCd=6102000645&kikanKbn=5", "url2": "http://www.sumire89.com", "内容": "すみれ調剤薬局　邑楽店【5:薬局】群馬県邑楽郡邑楽町中野２８６７－８" }, "geometry": { "type": "Point", "coordinates": [ 139.460456, 36.258799 ] } },
{ "type": "Feature", "properties": { "ID": 1056102000646, "正式名称": "そうごう薬局館林店", "機関区分": 5, "都道府県コード": 10, "市区町村コード": 207, "所在地": "群馬県館林市富士見町１５番３９号", "緯度": 36.240524, "経度": 139.524174, "url": "https://www.iryou.teikyouseido.mhlw.go.jp/znk-web/juminkanja/S2430/initialize?prefCd=10&kikanCd=6102000646&kikanKbn=5", "url2": "https://www.sogo-medical.co.jp/", "内容": "そうごう薬局館林店【5:薬局】群馬県館林市富士見町１５番３９号" }, "geometry": { "type": "Point", "coordinates": [ 139.524174, 36.240524 ] } },
{ "type": "Feature", "properties": { "ID": 1056102000647, "正式名称": "だいいち薬局", "機関区分": 5, "都道府県コード": 10, "市区町村コード": 522, "所在地": "群馬県邑楽郡明和町新里８－１", "緯度": 36.209782, "経度": 139.527265, "url": "https://www.iryou.teikyouseido.mhlw.go.jp/znk-web/juminkanja/S2430/initialize?prefCd=10&kikanCd=6102000647&kikanKbn=5", "url2": "https://www.daiichi-yakkyoku.jp/", "内容": "だいいち薬局【5:薬局】群馬県邑楽郡明和町新里８－１" }, "geometry": { "type": "Point", "coordinates": [ 139.527265, 36.209782 ] } },
{ "type": "Feature", "properties": { "ID": 1056102000648, "正式名称": "ドラッグ太陽あおぞら薬局", "機関区分": 5, "都道府県コード": 10, "市区町村コード": 523, "所在地": "群馬県邑楽郡千代田町大字赤岩１７３５－１", "緯度": 36.215109, "経度": 139.441654, "url": "https://www.iryou.teikyouseido.mhlw.go.jp/znk-web/juminkanja/S2430/initialize?prefCd=10&kikanCd=6102000648&kikanKbn=5", "url2": "https://www.wsharada.jp/", "内容": "ドラッグ太陽あおぞら薬局【5:薬局】群馬県邑楽郡千代田町大字赤岩１７３５－１" }, "geometry": { "type": "Point", "coordinates": [ 139.441654, 36.215109 ] } },
{ "type": "Feature", "properties": { "ID": 1056102000649, "正式名称": "（有）竹森薬局", "機関区分": 5, "都道府県コード": 10, "市区町村コード": 207, "所在地": "群馬県館林市本町２－１１－１", "緯度": 36.245635, "経度": 139.533506, "url": "https://www.iryou.teikyouseido.mhlw.go.jp/znk-web/juminkanja/S2430/initialize?prefCd=10&kikanCd=6102000649&kikanKbn=5", "url2": null, "内容": "（有）竹森薬局【5:薬局】群馬県館林市本町２－１１－１" }, "geometry": { "type": "Point", "coordinates": [ 139.533506, 36.245635 ] } },
{ "type": "Feature", "properties": { "ID": 1056102000650, "正式名称": "竹森薬局　成島支店", "機関区分": 5, "都道府県コード": 10, "市区町村コード": 207, "所在地": "群馬県館林市成島町２２６－１", "緯度": 36.246995, "経度": 139.520341, "url": "https://www.iryou.teikyouseido.mhlw.go.jp/znk-web/juminkanja/S2430/initialize?prefCd=10&kikanCd=6102000650&kikanKbn=5", "url2": null, "内容": "竹森薬局　成島支店【5:薬局】群馬県館林市成島町２２６－１" }, "geometry": { "type": "Point", "coordinates": [ 139.520341, 36.246995 ] } },
{ "type": "Feature", "properties": { "ID": 1056102000652, "正式名称": "そうごう薬局城町店", "機関区分": 5, "都道府県コード": 10, "市区町村コード": 207, "所在地": "群馬県館林市城町９１７－１", "緯度": 36.249634, "経度": 139.5407, "url": "https://www.iryou.teikyouseido.mhlw.go.jp/znk-web/juminkanja/S2430/initialize?prefCd=10&kikanCd=6102000652&kikanKbn=5", "url2": "http://www.sogo-medical.co.jp/sogopharmacy/index", "内容": "そうごう薬局城町店【5:薬局】群馬県館林市城町９１７－１" }, "geometry": { "type": "Point", "coordinates": [ 139.5407, 36.249634 ] } },
{ "type": "Feature", "properties": { "ID": 1056102000654, "正式名称": "成島薬局", "機関区分": 5, "都道府県コード": 10, "市区町村コード": 207, "所在地": "群馬県館林市成島町２２０－２", "緯度": 36.247968, "経度": 139.519646, "url": "https://www.iryou.teikyouseido.mhlw.go.jp/znk-web/juminkanja/S2430/initialize?prefCd=10&kikanCd=6102000654&kikanKbn=5", "url2": null, "内容": "成島薬局【5:薬局】群馬県館林市成島町２２０－２" }, "geometry": { "type": "Point", "coordinates": [ 139.519646, 36.247968 ] } },
{ "type": "Feature", "properties": { "ID": 1056102000655, "正式名称": "浜田薬局", "機関区分": 5, "都道府県コード": 10, "市区町村コード": 525, "所在地": "群馬県邑楽郡邑楽町新中野４５－１９", "緯度": 36.257854, "経度": 139.468317, "url": "https://www.iryou.teikyouseido.mhlw.go.jp/znk-web/juminkanja/S2430/initialize?prefCd=10&kikanCd=6102000655&kikanKbn=5", "url2": null, "内容": "浜田薬局【5:薬局】群馬県邑楽郡邑楽町新中野４５－１９" }, "geometry": { "type": "Point", "coordinates": [ 139.468317, 36.257854 ] } },
{ "type": "Feature", "properties": { "ID": 1056102000662, "正式名称": "ふぁいん薬局北成島", "機関区分": 5, "都道府県コード": 10, "市区町村コード": 207, "所在地": "群馬県館林市北成島町２７７５－１", "緯度": 36.253856, "経度": 139.507925, "url": "https://www.iryou.teikyouseido.mhlw.go.jp/znk-web/juminkanja/S2430/initialize?prefCd=10&kikanCd=6102000662&kikanKbn=5", "url2": "http://www.finegroup.jp/", "内容": "ふぁいん薬局北成島【5:薬局】群馬県館林市北成島町２７７５－１" }, "geometry": { "type": "Point", "coordinates": [ 139.507925, 36.253856 ] } },
{ "type": "Feature", "properties": { "ID": 1056102000663, "正式名称": "ふぁいん薬局明和", "機関区分": 5, "都道府県コード": 10, "市区町村コード": 522, "所在地": "群馬県邑楽郡明和町大佐貫５８７－６", "緯度": 36.204, "経度": 139.516037, "url": "https://www.iryou.teikyouseido.mhlw.go.jp/znk-web/juminkanja/S2430/initialize?prefCd=10&kikanCd=6102000663&kikanKbn=5", "url2": "http://www.finegroup.jp/", "内容": "ふぁいん薬局明和【5:薬局】群馬県邑楽郡明和町大佐貫５８７－６" }, "geometry": { "type": "Point", "coordinates": [ 139.516037, 36.204 ] } },
{ "type": "Feature", "properties": { "ID": 1056102000664, "正式名称": "ファミル薬局", "機関区分": 5, "都道府県コード": 10, "市区町村コード": 207, "所在地": "群馬県館林市成島町２１８－１", "緯度": 36.24819, "経度": 139.519646, "url": "https://www.iryou.teikyouseido.mhlw.go.jp/znk-web/juminkanja/S2430/initialize?prefCd=10&kikanCd=6102000664&kikanKbn=5", "url2": "https://www.famiru-group.com", "内容": "ファミル薬局【5:薬局】群馬県館林市成島町２１８－１" }, "geometry": { "type": "Point", "coordinates": [ 139.519646, 36.24819 ] } },
{ "type": "Feature", "properties": { "ID": 1056102000665, "正式名称": "富士薬局大泉店", "機関区分": 5, "都道府県コード": 10, "市区町村コード": 524, "所在地": "群馬県邑楽郡大泉町朝日４－６－１９", "緯度": 36.251327, "経度": 139.421321, "url": "https://www.iryou.teikyouseido.mhlw.go.jp/znk-web/juminkanja/S2430/initialize?prefCd=10&kikanCd=6102000665&kikanKbn=5", "url2": "https://fujiph.co.jp", "内容": "富士薬局大泉店【5:薬局】群馬県邑楽郡大泉町朝日４－６－１９" }, "geometry": { "type": "Point", "coordinates": [ 139.421321, 36.251327 ] } },
{ "type": "Feature", "properties": { "ID": 1056102000667, "正式名称": "ほうゆう調剤薬局", "機関区分": 5, "都道府県コード": 10, "市区町村コード": 525, "所在地": "群馬県邑楽郡邑楽町光善寺２７３－６", "緯度": 36.252605, "経度": 139.466261, "url": "https://www.iryou.teikyouseido.mhlw.go.jp/znk-web/juminkanja/S2430/initialize?prefCd=10&kikanCd=6102000667&kikanKbn=5", "url2": "https://www.houyu-ph.jp/", "内容": "ほうゆう調剤薬局【5:薬局】群馬県邑楽郡邑楽町光善寺２７３－６" }, "geometry": { "type": "Point", "coordinates": [ 139.466261, 36.252605 ] } },
{ "type": "Feature", "properties": { "ID": 1056102000668, "正式名称": "マグノリア薬局", "機関区分": 5, "都道府県コード": 10, "市区町村コード": 207, "所在地": "群馬県館林市本町４－１０－２７", "緯度": 36.243857, "経度": 139.534562, "url": "https://www.iryou.teikyouseido.mhlw.go.jp/znk-web/juminkanja/S2430/initialize?prefCd=10&kikanCd=6102000668&kikanKbn=5", "url2": null, "内容": "マグノリア薬局【5:薬局】群馬県館林市本町４－１０－２７" }, "geometry": { "type": "Point", "coordinates": [ 139.534562, 36.243857 ] } },
{ "type": "Feature", "properties": { "ID": 1056102000671, "正式名称": "三林薬局", "機関区分": 5, "都道府県コード": 10, "市区町村コード": 207, "所在地": "群馬県館林市下三林町４５１－３", "緯度": 36.221366, "経度": 139.509963, "url": "https://www.iryou.teikyouseido.mhlw.go.jp/znk-web/juminkanja/S2430/initialize?prefCd=10&kikanCd=6102000671&kikanKbn=5", "url2": "https://www.yhopharmacygroup.com/", "内容": "三林薬局【5:薬局】群馬県館林市下三林町４５１－３" }, "geometry": { "type": "Point", "coordinates": [ 139.509963, 36.221366 ] } },
{ "type": "Feature", "properties": { "ID": 1056102000674, "正式名称": "（有）メディックファミリー薬局松原店", "機関区分": 5, "都道府県コード": 10, "市区町村コード": 207, "所在地": "群馬県館林市松原２ー１４ー４９", "緯度": 36.235025, "経度": 139.546144, "url": "https://www.iryou.teikyouseido.mhlw.go.jp/znk-web/juminkanja/S2430/initialize?prefCd=10&kikanCd=6102000674&kikanKbn=5", "url2": "https://www.2525family.jp", "内容": "（有）メディックファミリー薬局松原店【5:薬局】群馬県館林市松原２ー１４ー４９" }, "geometry": { "type": "Point", "coordinates": [ 139.546144, 36.235025 ] } },
{ "type": "Feature", "properties": { "ID": 1056102000675, "正式名称": "有限会社　薬局もり", "機関区分": 5, "都道府県コード": 10, "市区町村コード": 524, "所在地": "群馬県邑楽郡大泉町坂田４－７－１７", "緯度": 36.25802, "経度": 139.400294, "url": "https://www.iryou.teikyouseido.mhlw.go.jp/znk-web/juminkanja/S2430/initialize?prefCd=10&kikanCd=6102000675&kikanKbn=5", "url2": "https://itp.ne.jp/info/106762669000000899/shop/", "内容": "有限会社　薬局もり【5:薬局】群馬県邑楽郡大泉町坂田４－７－１７" }, "geometry": { "type": "Point", "coordinates": [ 139.400294, 36.25802 ] } },
{ "type": "Feature", "properties": { "ID": 1056102000676, "正式名称": "（有）薬局もり２号店", "機関区分": 5, "都道府県コード": 10, "市区町村コード": 524, "所在地": "群馬県邑楽郡大泉町坂田１６１９ー２", "緯度": 36.263392, "経度": 139.402812, "url": "https://www.iryou.teikyouseido.mhlw.go.jp/znk-web/juminkanja/S2430/initialize?prefCd=10&kikanCd=6102000676&kikanKbn=5", "url2": "https://fmori2.jimdofree.com", "内容": "（有）薬局もり２号店【5:薬局】群馬県邑楽郡大泉町坂田１６１９ー２" }, "geometry": { "type": "Point", "coordinates": [ 139.402812, 36.263392 ] } },
{ "type": "Feature", "properties": { "ID": 1056102000677, "正式名称": "ＵＫ大手町薬局", "機関区分": 5, "都道府県コード": 10, "市区町村コード": 207, "所在地": "群馬県館林市大手町２－２２", "緯度": 36.246107, "経度": 139.536561, "url": "https://www.iryou.teikyouseido.mhlw.go.jp/znk-web/juminkanja/S2430/initialize?prefCd=10&kikanCd=6102000677&kikanKbn=5", "url2": null, "内容": "ＵＫ大手町薬局【5:薬局】群馬県館林市大手町２－２２" }, "geometry": { "type": "Point", "coordinates": [ 139.536561, 36.246107 ] } },
{ "type": "Feature", "properties": { "ID": 1056102000679, "正式名称": "わきた薬局", "機関区分": 5, "都道府県コード": 10, "市区町村コード": 524, "所在地": "群馬県邑楽郡大泉町坂田２－１７－８", "緯度": 36.257603, "経度": 139.405461, "url": "https://www.iryou.teikyouseido.mhlw.go.jp/znk-web/juminkanja/S2430/initialize?prefCd=10&kikanCd=6102000679&kikanKbn=5", "url2": null, "内容": "わきた薬局【5:薬局】群馬県邑楽郡大泉町坂田２－１７－８" }, "geometry": { "type": "Point", "coordinates": [ 139.405461, 36.257603 ] } },
{ "type": "Feature", "properties": { "ID": 1056102000683, "正式名称": "おはよう薬局", "機関区分": 5, "都道府県コード": 10, "市区町村コード": 521, "所在地": "群馬県邑楽郡板倉町朝日野１－１４－３", "緯度": 36.221778, "経度": 139.644304, "url": "https://www.iryou.teikyouseido.mhlw.go.jp/znk-web/juminkanja/S2430/initialize?prefCd=10&kikanCd=6102000683&kikanKbn=5", "url2": null, "内容": "おはよう薬局【5:薬局】群馬県邑楽郡板倉町朝日野１－１４－３" }, "geometry": { "type": "Point", "coordinates": [ 139.644304, 36.221778 ] } },
{ "type": "Feature", "properties": { "ID": 1056102000684, "正式名称": "ウエルシア薬局館林大街道店", "機関区分": 5, "都道府県コード": 10, "市区町村コード": 207, "所在地": "群馬県館林市大街道１－１０－１８", "緯度": 36.251989, "経度": 139.527081, "url": "https://www.iryou.teikyouseido.mhlw.go.jp/znk-web/juminkanja/S2430/initialize?prefCd=10&kikanCd=6102000684&kikanKbn=5", "url2": "http://www.welcia-kanto.jp/", "内容": "ウエルシア薬局館林大街道店【5:薬局】群馬県館林市大街道１－１０－１８" }, "geometry": { "type": "Point", "coordinates": [ 139.527081, 36.251989 ] } },
{ "type": "Feature", "properties": { "ID": 1056102000687, "正式名称": "富士薬局　日乃出店", "機関区分": 5, "都道府県コード": 10, "市区町村コード": 204, "所在地": "群馬県伊勢崎市日乃出町１３０８－１", "緯度": 36.322065, "経度": 139.217084, "url": "https://www.iryou.teikyouseido.mhlw.go.jp/znk-web/juminkanja/S2430/initialize?prefCd=10&kikanCd=6102000687&kikanKbn=5", "url2": "https://fujiph.co.jp", "内容": "富士薬局　日乃出店【5:薬局】群馬県伊勢崎市日乃出町１３０８－１" }, "geometry": { "type": "Point", "coordinates": [ 139.217084, 36.322065 ] } },
{ "type": "Feature", "properties": { "ID": 1056102000688, "正式名称": "コスモファーマ薬局太田南店", "機関区分": 5, "都道府県コード": 10, "市区町村コード": 205, "所在地": "群馬県太田市牛沢町１０８５－４", "緯度": 36.259686, "経度": 139.361159, "url": "https://www.iryou.teikyouseido.mhlw.go.jp/znk-web/juminkanja/S2430/initialize?prefCd=10&kikanCd=6102000688&kikanKbn=5", "url2": "http://www.cosmo-ph.co.jp/", "内容": "コスモファーマ薬局太田南店【5:薬局】群馬県太田市牛沢町１０８５－４" }, "geometry": { "type": "Point", "coordinates": [ 139.361159, 36.259686 ] } },
{ "type": "Feature", "properties": { "ID": 1056102000689, "正式名称": "アイリス薬局", "機関区分": 5, "都道府県コード": 10, "市区町村コード": 207, "所在地": "群馬県館林市北成島町６５１－６", "緯度": 36.257494, "経度": 139.511757, "url": "https://www.iryou.teikyouseido.mhlw.go.jp/znk-web/juminkanja/S2430/initialize?prefCd=10&kikanCd=6102000689&kikanKbn=5", "url2": "http://www.mc-kanto.co.jp/", "内容": "アイリス薬局【5:薬局】群馬県館林市北成島町６５１－６" }, "geometry": { "type": "Point", "coordinates": [ 139.511757, 36.257494 ] } },
{ "type": "Feature", "properties": { "ID": 1056102000690, "正式名称": "共創未来　かさかけ薬局", "機関区分": 5, "都道府県コード": 10, "市区町村コード": 212, "所在地": "群馬県みどり市笠懸町鹿１８４６－３", "緯度": 36.399669, "経度": 139.280465, "url": "https://www.iryou.teikyouseido.mhlw.go.jp/znk-web/juminkanja/S2430/initialize?prefCd=10&kikanCd=6102000690&kikanKbn=5", "url2": "http://www.phmirai.co.jp", "内容": "共創未来　かさかけ薬局【5:薬局】群馬県みどり市笠懸町鹿１８４６－３" }, "geometry": { "type": "Point", "coordinates": [ 139.280465, 36.399669 ] } },
{ "type": "Feature", "properties": { "ID": 1056102000692, "正式名称": "日本調剤　原町薬局", "機関区分": 5, "都道府県コード": 10, "市区町村コード": 429, "所在地": "群馬県吾妻郡東吾妻町原町６４８", "緯度": 36.572205, "経度": 138.826432, "url": "https://www.iryou.teikyouseido.mhlw.go.jp/znk-web/juminkanja/S2430/initialize?prefCd=10&kikanCd=6102000692&kikanKbn=5", "url2": "http://www.nicho.co.jp/tenpo/kantou/gunma/post_241.html", "内容": "日本調剤　原町薬局【5:薬局】群馬県吾妻郡東吾妻町原町６４８" }, "geometry": { "type": "Point", "coordinates": [ 138.826432, 36.572205 ] } },
{ "type": "Feature", "properties": { "ID": 1056102000693, "正式名称": "二の宮薬局東店", "機関区分": 5, "都道府県コード": 10, "市区町村コード": 201, "所在地": "群馬県前橋市西大室町１３１８－１", "緯度": 36.372754, "経度": 139.183724, "url": "https://www.iryou.teikyouseido.mhlw.go.jp/znk-web/juminkanja/S2430/initialize?prefCd=10&kikanCd=6102000693&kikanKbn=5", "url2": null, "内容": "二の宮薬局東店【5:薬局】群馬県前橋市西大室町１３１８－１" }, "geometry": { "type": "Point", "coordinates": [ 139.183724, 36.372754 ] } },
{ "type": "Feature", "properties": { "ID": 1056102000695, "正式名称": "共創未来　由良薬局", "機関区分": 5, "都道府県コード": 10, "市区町村コード": 205, "所在地": "群馬県太田市由良町８８７－１", "緯度": 36.291571, "経度": 139.346603, "url": "https://www.iryou.teikyouseido.mhlw.go.jp/znk-web/juminkanja/S2430/initialize?prefCd=10&kikanCd=6102000695&kikanKbn=5", "url2": "http://www.phmirai.co.jp/", "内容": "共創未来　由良薬局【5:薬局】群馬県太田市由良町８８７－１" }, "geometry": { "type": "Point", "coordinates": [ 139.346603, 36.291571 ] } },
{ "type": "Feature", "properties": { "ID": 1056102000696, "正式名称": "ツカサ薬局　東小保方店", "機関区分": 5, "都道府県コード": 10, "市区町村コード": 204, "所在地": "群馬県伊勢崎市東小保方町３０８９－１", "緯度": 36.33337, "経度": 139.245109, "url": "https://www.iryou.teikyouseido.mhlw.go.jp/znk-web/juminkanja/S2430/initialize?prefCd=10&kikanCd=6102000696&kikanKbn=5", "url2": "https://tsukasa-pharmacy.jp/", "内容": "ツカサ薬局　東小保方店【5:薬局】群馬県伊勢崎市東小保方町３０８９－１" }, "geometry": { "type": "Point", "coordinates": [ 139.245109, 36.33337 ] } },
{ "type": "Feature", "properties": { "ID": 1056102000697, "正式名称": "エコー薬局", "機関区分": 5, "都道府県コード": 10, "市区町村コード": 204, "所在地": "群馬県伊勢崎市今泉町１－４－１１", "緯度": 36.31501, "経度": 139.206002, "url": "https://www.iryou.teikyouseido.mhlw.go.jp/znk-web/juminkanja/S2430/initialize?prefCd=10&kikanCd=6102000697&kikanKbn=5", "url2": "http://www.a-nekt.co.jp/", "内容": "エコー薬局【5:薬局】群馬県伊勢崎市今泉町１－４－１１" }, "geometry": { "type": "Point", "coordinates": [ 139.206002, 36.31501 ] } },
{ "type": "Feature", "properties": { "ID": 1056102000698, "正式名称": "ウエルシア薬局太田新道町店", "機関区分": 5, "都道府県コード": 10, "市区町村コード": 205, "所在地": "群馬県太田市新道町１２５４－１", "緯度": 36.298269, "経度": 139.348115, "url": "https://www.iryou.teikyouseido.mhlw.go.jp/znk-web/juminkanja/S2430/initialize?prefCd=10&kikanCd=6102000698&kikanKbn=5", "url2": "http://www.welcia-yakkyoku.co.jp/", "内容": "ウエルシア薬局太田新道町店【5:薬局】群馬県太田市新道町１２５４－１" }, "geometry": { "type": "Point", "coordinates": [ 139.348115, 36.298269 ] } },
{ "type": "Feature", "properties": { "ID": 1056102000700, "正式名称": "イオン薬局太田店", "機関区分": 5, "都道府県コード": 10, "市区町村コード": 205, "所在地": "群馬県太田市石原町８１番地", "緯度": 36.294016, "経度": 139.400793, "url": "https://www.iryou.teikyouseido.mhlw.go.jp/znk-web/juminkanja/S2430/initialize?prefCd=10&kikanCd=6102000700&kikanKbn=5", "url2": "https://www.aeonretail.jp/syohousen/index.html#:~:text=%E3%80%8Ccuron%EF%BC%88%E3%82%AF%E3%83%AD%E3%83%B3", "内容": "イオン薬局太田店【5:薬局】群馬県太田市石原町８１番地" }, "geometry": { "type": "Point", "coordinates": [ 139.400793, 36.294016 ] } },
{ "type": "Feature", "properties": { "ID": 1056102000701, "正式名称": "オリーブ薬局", "機関区分": 5, "都道府県コード": 10, "市区町村コード": 205, "所在地": "群馬県太田市龍舞町１７９５－５", "緯度": 36.281795, "経度": 139.410792, "url": "https://www.iryou.teikyouseido.mhlw.go.jp/znk-web/juminkanja/S2430/initialize?prefCd=10&kikanCd=6102000701&kikanKbn=5", "url2": "http://www.mc-kanto.co.jp/", "内容": "オリーブ薬局【5:薬局】群馬県太田市龍舞町１７９５－５" }, "geometry": { "type": "Point", "coordinates": [ 139.410792, 36.281795 ] } },
{ "type": "Feature", "properties": { "ID": 1056102000702, "正式名称": "アイランド薬局堀越店", "機関区分": 5, "都道府県コード": 10, "市区町村コード": 201, "所在地": "群馬県前橋市堀越町１１９２－２", "緯度": 36.417943, "経度": 139.15528, "url": "https://www.iryou.teikyouseido.mhlw.go.jp/znk-web/juminkanja/S2430/initialize?prefCd=10&kikanCd=6102000702&kikanKbn=5", "url2": "https://www.apocreat.co.jp/", "内容": "アイランド薬局堀越店【5:薬局】群馬県前橋市堀越町１１９２－２" }, "geometry": { "type": "Point", "coordinates": [ 139.15528, 36.417943 ] } },
{ "type": "Feature", "properties": { "ID": 1056102000703, "正式名称": "アイン薬局前橋店", "機関区分": 5, "都道府県コード": 10, "市区町村コード": 201, "所在地": "群馬県前橋市上新田町５８４－１０", "緯度": 36.36703, "経度": 139.060901, "url": "https://www.iryou.teikyouseido.mhlw.go.jp/znk-web/juminkanja/S2430/initialize?prefCd=10&kikanCd=6102000703&kikanKbn=5", "url2": "http://www.ainj.co.jp/", "内容": "アイン薬局前橋店【5:薬局】群馬県前橋市上新田町５８４－１０" }, "geometry": { "type": "Point", "coordinates": [ 139.060901, 36.36703 ] } },
{ "type": "Feature", "properties": { "ID": 1056102000705, "正式名称": "このは薬局おおばら店", "機関区分": 5, "都道府県コード": 10, "市区町村コード": 205, "所在地": "群馬県太田市大原町４３８－１８", "緯度": 36.355063, "経度": 139.296993, "url": "https://www.iryou.teikyouseido.mhlw.go.jp/znk-web/juminkanja/S2430/initialize?prefCd=10&kikanCd=6102000705&kikanKbn=5", "url2": "http://www.a-nekt.co.jp/", "内容": "このは薬局おおばら店【5:薬局】群馬県太田市大原町４３８－１８" }, "geometry": { "type": "Point", "coordinates": [ 139.296993, 36.355063 ] } },
{ "type": "Feature", "properties": { "ID": 1056102000707, "正式名称": "ホシノ薬局　連取店", "機関区分": 5, "都道府県コード": 10, "市区町村コード": 204, "所在地": "群馬県伊勢崎市連取本町１７４－１１", "緯度": 36.318399, "経度": 139.187032, "url": "https://www.iryou.teikyouseido.mhlw.go.jp/znk-web/juminkanja/S2430/initialize?prefCd=10&kikanCd=6102000707&kikanKbn=5", "url2": "https://www.hoshino-pharmacy.com/", "内容": "ホシノ薬局　連取店【5:薬局】群馬県伊勢崎市連取本町１７４－１１" }, "geometry": { "type": "Point", "coordinates": [ 139.187032, 36.318399 ] } },
{ "type": "Feature", "properties": { "ID": 1056102000708, "正式名称": "フォレスト調剤薬局", "機関区分": 5, "都道府県コード": 10, "市区町村コード": 201, "所在地": "群馬県前橋市下大島町５７８－３", "緯度": 36.361532, "経度": 139.115397, "url": "https://www.iryou.teikyouseido.mhlw.go.jp/znk-web/juminkanja/S2430/initialize?prefCd=10&kikanCd=6102000708&kikanKbn=5", "url2": null, "内容": "フォレスト調剤薬局【5:薬局】群馬県前橋市下大島町５７８－３" }, "geometry": { "type": "Point", "coordinates": [ 139.115397, 36.361532 ] } },
{ "type": "Feature", "properties": { "ID": 1056102000709, "正式名称": "アイリス薬局　佐野店", "機関区分": 5, "都道府県コード": 10, "市区町村コード": 202, "所在地": "群馬県高崎市下佐野町７１５ー６", "緯度": 36.29849, "経度": 139.026024, "url": "https://www.iryou.teikyouseido.mhlw.go.jp/znk-web/juminkanja/S2430/initialize?prefCd=10&kikanCd=6102000709&kikanKbn=5", "url2": null, "内容": "アイリス薬局　佐野店【5:薬局】群馬県高崎市下佐野町７１５ー６" }, "geometry": { "type": "Point", "coordinates": [ 139.026024, 36.29849 ] } },
{ "type": "Feature", "properties": { "ID": 1056102000710, "正式名称": "高崎アミヤ薬局", "機関区分": 5, "都道府県コード": 10, "市区町村コード": 202, "所在地": "群馬県高崎市八千代町４丁目５番９号", "緯度": 36.324547, "経度": 138.987049, "url": "https://www.iryou.teikyouseido.mhlw.go.jp/znk-web/juminkanja/S2430/initialize?prefCd=10&kikanCd=6102000710&kikanKbn=5", "url2": null, "内容": "高崎アミヤ薬局【5:薬局】群馬県高崎市八千代町４丁目５番９号" }, "geometry": { "type": "Point", "coordinates": [ 138.987049, 36.324547 ] } },
{ "type": "Feature", "properties": { "ID": 1056102000713, "正式名称": "なでしこ薬局", "機関区分": 5, "都道府県コード": 10, "市区町村コード": 202, "所在地": "群馬県高崎市大橋町３６－４", "緯度": 36.33856, "経度": 138.999852, "url": "https://www.iryou.teikyouseido.mhlw.go.jp/znk-web/juminkanja/S2430/initialize?prefCd=10&kikanCd=6102000713&kikanKbn=5", "url2": null, "内容": "なでしこ薬局【5:薬局】群馬県高崎市大橋町３６－４" }, "geometry": { "type": "Point", "coordinates": [ 138.999852, 36.33856 ] } },
{ "type": "Feature", "properties": { "ID": 1056102000714, "正式名称": "けんざき薬局", "機関区分": 5, "都道府県コード": 10, "市区町村コード": 202, "所在地": "群馬県高崎市剣崎町２５３－１", "緯度": 36.341225, "経度": 138.955161, "url": "https://www.iryou.teikyouseido.mhlw.go.jp/znk-web/juminkanja/S2430/initialize?prefCd=10&kikanCd=6102000714&kikanKbn=5", "url2": null, "内容": "けんざき薬局【5:薬局】群馬県高崎市剣崎町２５３－１" }, "geometry": { "type": "Point", "coordinates": [ 138.955161, 36.341225 ] } },
{ "type": "Feature", "properties": { "ID": 1056102000715, "正式名称": "オリーブ薬局　伊勢崎堀口町", "機関区分": 5, "都道府県コード": 10, "市区町村コード": 204, "所在地": "群馬県伊勢崎市堀口町１０７－４", "緯度": 36.293123, "経度": 139.182061, "url": "https://www.iryou.teikyouseido.mhlw.go.jp/znk-web/juminkanja/S2430/initialize?prefCd=10&kikanCd=6102000715&kikanKbn=5", "url2": "http://medip.net/", "内容": "オリーブ薬局　伊勢崎堀口町【5:薬局】群馬県伊勢崎市堀口町１０７－４" }, "geometry": { "type": "Point", "coordinates": [ 139.182061, 36.293123 ] } },
{ "type": "Feature", "properties": { "ID": 1056102000717, "正式名称": "さくら薬局　安中下磯部店", "機関区分": 5, "都道府県コード": 10, "市区町村コード": 211, "所在地": "群馬県安中市下磯部１００８－２", "緯度": 36.315755, "経度": 138.882613, "url": "https://www.iryou.teikyouseido.mhlw.go.jp/znk-web/juminkanja/S2430/initialize?prefCd=10&kikanCd=6102000717&kikanKbn=5", "url2": "https://www.kraft-net.co.jp/sakura/store/3895/", "内容": "さくら薬局　安中下磯部店【5:薬局】群馬県安中市下磯部１００８－２" }, "geometry": { "type": "Point", "coordinates": [ 138.882613, 36.315755 ] } },
{ "type": "Feature", "properties": { "ID": 1056102000720, "正式名称": "アルファーマ調剤薬局　阿左美店", "機関区分": 5, "都道府県コード": 10, "市区町村コード": 212, "所在地": "群馬県みどり市笠懸町阿左美６５９－１０", "緯度": 36.380644, "経度": 139.292603, "url": "https://www.iryou.teikyouseido.mhlw.go.jp/znk-web/juminkanja/S2430/initialize?prefCd=10&kikanCd=6102000720&kikanKbn=5", "url2": "https://alpharma-medical.jp", "内容": "アルファーマ調剤薬局　阿左美店【5:薬局】群馬県みどり市笠懸町阿左美６５９－１０" }, "geometry": { "type": "Point", "coordinates": [ 139.292603, 36.380644 ] } },
{ "type": "Feature", "properties": { "ID": 1056102000721, "正式名称": "かんな薬局", "機関区分": 5, "都道府県コード": 10, "市区町村コード": 367, "所在地": "群馬県多野郡神流町万場", "緯度": 36.115517, "経度": 138.914845, "url": "https://www.iryou.teikyouseido.mhlw.go.jp/znk-web/juminkanja/S2430/initialize?prefCd=10&kikanCd=6102000721&kikanKbn=5", "url2": null, "内容": "かんな薬局【5:薬局】群馬県多野郡神流町万場" }, "geometry": { "type": "Point", "coordinates": [ 138.914845, 36.115517 ] } },
{ "type": "Feature", "properties": { "ID": 1056102000723, "正式名称": "城西の杜薬局", "機関区分": 5, "都道府県コード": 10, "市区町村コード": 205, "所在地": "群馬県太田市城西町５３－２", "緯度": 36.312457, "経度": 139.338075, "url": "https://www.iryou.teikyouseido.mhlw.go.jp/znk-web/juminkanja/S2430/initialize?prefCd=10&kikanCd=6102000723&kikanKbn=5", "url2": "https://www.otachuo.co.jp/", "内容": "城西の杜薬局【5:薬局】群馬県太田市城西町５３－２" }, "geometry": { "type": "Point", "coordinates": [ 139.338075, 36.312457 ] } },
{ "type": "Feature", "properties": { "ID": 1056102000724, "正式名称": "富士薬局ほほえみ", "機関区分": 5, "都道府県コード": 10, "市区町村コード": 205, "所在地": "群馬県太田市藤阿久町８０７－７", "緯度": 36.297654, "経度": 139.355352, "url": "https://www.iryou.teikyouseido.mhlw.go.jp/znk-web/juminkanja/S2430/initialize?prefCd=10&kikanCd=6102000724&kikanKbn=5", "url2": "https://fujiph.co.jp", "内容": "富士薬局ほほえみ【5:薬局】群馬県太田市藤阿久町８０７－７" }, "geometry": { "type": "Point", "coordinates": [ 139.355352, 36.297654 ] } },
{ "type": "Feature", "properties": { "ID": 1056102000726, "正式名称": "ウエルシア薬局前橋上新田店", "機関区分": 5, "都道府県コード": 10, "市区町村コード": 201, "所在地": "群馬県前橋市上新田町５９１－１", "緯度": 36.366836, "経度": 139.061706, "url": "https://www.iryou.teikyouseido.mhlw.go.jp/znk-web/juminkanja/S2430/initialize?prefCd=10&kikanCd=6102000726&kikanKbn=5", "url2": "http://www.welcia-yakkoku.co.jp/", "内容": "ウエルシア薬局前橋上新田店【5:薬局】群馬県前橋市上新田町５９１－１" }, "geometry": { "type": "Point", "coordinates": [ 139.061706, 36.366836 ] } },
{ "type": "Feature", "properties": { "ID": 1056102000727, "正式名称": "マルエ薬局樋越店", "機関区分": 5, "都道府県コード": 10, "市区町村コード": 201, "所在地": "群馬県前橋市樋越町８３", "緯度": 36.412027, "経度": 139.176417, "url": "https://www.iryou.teikyouseido.mhlw.go.jp/znk-web/juminkanja/S2430/initialize?prefCd=10&kikanCd=6102000727&kikanKbn=5", "url2": "http://www.marue-drug.co.jp/", "内容": "マルエ薬局樋越店【5:薬局】群馬県前橋市樋越町８３" }, "geometry": { "type": "Point", "coordinates": [ 139.176417, 36.412027 ] } },
{ "type": "Feature", "properties": { "ID": 1056102000730, "正式名称": "神農調剤薬局仲町店", "機関区分": 5, "都道府県コード": 10, "市区町村コード": 209, "所在地": "群馬県藤岡市藤岡８４３－７", "緯度": 36.250015, "経度": 139.080071, "url": "https://www.iryou.teikyouseido.mhlw.go.jp/znk-web/juminkanja/S2430/initialize?prefCd=10&kikanCd=6102000730&kikanKbn=5", "url2": "http://www.be-g.sakura.ne.jp/home/", "内容": "神農調剤薬局仲町店【5:薬局】群馬県藤岡市藤岡８４３－７" }, "geometry": { "type": "Point", "coordinates": [ 139.080071, 36.250015 ] } },
{ "type": "Feature", "properties": { "ID": 1056102000731, "正式名称": "スギ薬局　高崎飯塚店", "機関区分": 5, "都道府県コード": 10, "市区町村コード": 202, "所在地": "群馬県高崎市飯塚町１１５０番５号ウニクス高崎内", "緯度": 36.339865, "経度": 139.007768, "url": "https://www.iryou.teikyouseido.mhlw.go.jp/znk-web/juminkanja/S2430/initialize?prefCd=10&kikanCd=6102000731&kikanKbn=5", "url2": "http://www.drug-sugi.co.jp/", "内容": "スギ薬局　高崎飯塚店【5:薬局】群馬県高崎市飯塚町１１５０番５号ウニクス高崎内" }, "geometry": { "type": "Point", "coordinates": [ 139.007768, 36.339865 ] } },
{ "type": "Feature", "properties": { "ID": 1056102000733, "正式名称": "エンドー薬局あざみ店", "機関区分": 5, "都道府県コード": 10, "市区町村コード": 212, "所在地": "群馬県みどり市笠懸町阿左美１３２１－９", "緯度": 36.389671, "経度": 139.303852, "url": "https://www.iryou.teikyouseido.mhlw.go.jp/znk-web/juminkanja/S2430/initialize?prefCd=10&kikanCd=6102000733&kikanKbn=5", "url2": null, "内容": "エンドー薬局あざみ店【5:薬局】群馬県みどり市笠懸町阿左美１３２１－９" }, "geometry": { "type": "Point", "coordinates": [ 139.303852, 36.389671 ] } },
{ "type": "Feature", "properties": { "ID": 1056102000735, "正式名称": "共創未来　千代田町薬局", "機関区分": 5, "都道府県コード": 10, "市区町村コード": 201, "所在地": "群馬県前橋市千代田町２－１０－２", "緯度": 36.392805, "経度": 139.069649, "url": "https://www.iryou.teikyouseido.mhlw.go.jp/znk-web/juminkanja/S2430/initialize?prefCd=10&kikanCd=6102000735&kikanKbn=5", "url2": "http://www.phmirai.co.jp/", "内容": "共創未来　千代田町薬局【5:薬局】群馬県前橋市千代田町２－１０－２" }, "geometry": { "type": "Point", "coordinates": [ 139.069649, 36.392805 ] } },
{ "type": "Feature", "properties": { "ID": 1056102000736, "正式名称": "株式会社　てしがわら薬局", "機関区分": 5, "都道府県コード": 10, "市区町村コード": 210, "所在地": "群馬県富岡市曽木", "緯度": 36.258095, "経度": 138.911641, "url": "https://www.iryou.teikyouseido.mhlw.go.jp/znk-web/juminkanja/S2430/initialize?prefCd=10&kikanCd=6102000736&kikanKbn=5", "url2": "http://teshigawara-ph.com/", "内容": "株式会社　てしがわら薬局【5:薬局】群馬県富岡市曽木" }, "geometry": { "type": "Point", "coordinates": [ 138.911641, 36.258095 ] } },
{ "type": "Feature", "properties": { "ID": 1056102000737, "正式名称": "スカイ薬局　高崎京目", "機関区分": 5, "都道府県コード": 10, "市区町村コード": 202, "所在地": "群馬県高崎市西島町３２０－３", "緯度": 36.343394, "経度": 139.04807, "url": "https://www.iryou.teikyouseido.mhlw.go.jp/znk-web/juminkanja/S2430/initialize?prefCd=10&kikanCd=6102000737&kikanKbn=5", "url2": "http://subaru-ph.com/", "内容": "スカイ薬局　高崎京目【5:薬局】群馬県高崎市西島町３２０－３" }, "geometry": { "type": "Point", "coordinates": [ 139.04807, 36.343394 ] } },
{ "type": "Feature", "properties": { "ID": 1056102000738, "正式名称": "あくつ薬局　上諏訪店", "機関区分": 5, "都道府県コード": 10, "市区町村コード": 204, "所在地": "群馬県伊勢崎市上諏訪町２１１２－３７", "緯度": 36.327426, "経度": 139.213557, "url": "https://www.iryou.teikyouseido.mhlw.go.jp/znk-web/juminkanja/S2430/initialize?prefCd=10&kikanCd=6102000738&kikanKbn=5", "url2": "https://www.akutsu-pharmacy.com/kamisuwa", "内容": "あくつ薬局　上諏訪店【5:薬局】群馬県伊勢崎市上諏訪町２１１２－３７" }, "geometry": { "type": "Point", "coordinates": [ 139.213557, 36.327426 ] } },
{ "type": "Feature", "properties": { "ID": 1056102000740, "正式名称": "尾瀬薬局", "機関区分": 5, "都道府県コード": 10, "市区町村コード": 443, "所在地": "群馬県利根郡片品村鎌田３９４６－２６", "緯度": 36.771601, "経度": 139.224535, "url": "https://www.iryou.teikyouseido.mhlw.go.jp/znk-web/juminkanja/S2430/initialize?prefCd=10&kikanCd=6102000740&kikanKbn=5", "url2": null, "内容": "尾瀬薬局【5:薬局】群馬県利根郡片品村鎌田３９４６－２６" }, "geometry": { "type": "Point", "coordinates": [ 139.224535, 36.771601 ] } },
{ "type": "Feature", "properties": { "ID": 1056102000741, "正式名称": "みるく薬局", "機関区分": 5, "都道府県コード": 10, "市区町村コード": 207, "所在地": "群馬県館林市富士原町１１７４－３", "緯度": 36.236385, "経度": 139.517036, "url": "https://www.iryou.teikyouseido.mhlw.go.jp/znk-web/juminkanja/S2430/initialize?prefCd=10&kikanCd=6102000741&kikanKbn=5", "url2": null, "内容": "みるく薬局【5:薬局】群馬県館林市富士原町１１７４－３" }, "geometry": { "type": "Point", "coordinates": [ 139.517036, 36.236385 ] } },
{ "type": "Feature", "properties": { "ID": 1056102000743, "正式名称": "カワチ薬局　渋川南店", "機関区分": 5, "都道府県コード": 10, "市区町村コード": 208, "所在地": "群馬県渋川市行幸田２８８－１", "緯度": 36.471934, "経度": 138.999123, "url": "https://www.iryou.teikyouseido.mhlw.go.jp/znk-web/juminkanja/S2430/initialize?prefCd=10&kikanCd=6102000743&kikanKbn=5", "url2": "http://www.cawachi.co.jp", "内容": "カワチ薬局　渋川南店【5:薬局】群馬県渋川市行幸田２８８－１" }, "geometry": { "type": "Point", "coordinates": [ 138.999123, 36.471934 ] } },
{ "type": "Feature", "properties": { "ID": 1056102000745, "正式名称": "ウエルシア薬局　太田石原店", "機関区分": 5, "都道府県コード": 10, "市区町村コード": 205, "所在地": "群馬県太田市茂木町９１８", "緯度": 36.29821, "経度": 139.406903, "url": "https://www.iryou.teikyouseido.mhlw.go.jp/znk-web/juminkanja/S2430/initialize?prefCd=10&kikanCd=6102000745&kikanKbn=5", "url2": null, "内容": "ウエルシア薬局　太田石原店【5:薬局】群馬県太田市茂木町９１８" }, "geometry": { "type": "Point", "coordinates": [ 139.406903, 36.29821 ] } },
{ "type": "Feature", "properties": { "ID": 1056102000746, "正式名称": "ラベンダー薬局", "機関区分": 5, "都道府県コード": 10, "市区町村コード": 206, "所在地": "群馬県沼田市柳町２５５９－７", "緯度": 36.650666, "経度": 139.043389, "url": "https://www.iryou.teikyouseido.mhlw.go.jp/znk-web/juminkanja/S2430/initialize?prefCd=10&kikanCd=6102000746&kikanKbn=5", "url2": null, "内容": "ラベンダー薬局【5:薬局】群馬県沼田市柳町２５５９－７" }, "geometry": { "type": "Point", "coordinates": [ 139.043389, 36.650666 ] } },
{ "type": "Feature", "properties": { "ID": 1056102000748, "正式名称": "このは薬局高崎店", "機関区分": 5, "都道府県コード": 10, "市区町村コード": 202, "所在地": "群馬県高崎市棟高町１３３６－３", "緯度": 36.392874, "経度": 139.006898, "url": "https://www.iryou.teikyouseido.mhlw.go.jp/znk-web/juminkanja/S2430/initialize?prefCd=10&kikanCd=6102000748&kikanKbn=5", "url2": null, "内容": "このは薬局高崎店【5:薬局】群馬県高崎市棟高町１３３６－３" }, "geometry": { "type": "Point", "coordinates": [ 139.006898, 36.392874 ] } },
{ "type": "Feature", "properties": { "ID": 1056102000749, "正式名称": "けやき薬局", "機関区分": 5, "都道府県コード": 10, "市区町村コード": 201, "所在地": "群馬県前橋市文京町１－２８－１６", "緯度": 36.382695, "経度": 139.076621, "url": "https://www.iryou.teikyouseido.mhlw.go.jp/znk-web/juminkanja/S2430/initialize?prefCd=10&kikanCd=6102000749&kikanKbn=5", "url2": null, "内容": "けやき薬局【5:薬局】群馬県前橋市文京町１－２８－１６" }, "geometry": { "type": "Point", "coordinates": [ 139.076621, 36.382695 ] } },
{ "type": "Feature", "properties": { "ID": 1056102000750, "正式名称": "中央薬局　邑楽店", "機関区分": 5, "都道府県コード": 10, "市区町村コード": 525, "所在地": "群馬県邑楽郡邑楽町中野１８４４－８", "緯度": 36.264159, "経度": 139.462956, "url": "https://www.iryou.teikyouseido.mhlw.go.jp/znk-web/juminkanja/S2430/initialize?prefCd=10&kikanCd=6102000750&kikanKbn=5", "url2": "http://www.otachuo.co.jp", "内容": "中央薬局　邑楽店【5:薬局】群馬県邑楽郡邑楽町中野１８４４－８" }, "geometry": { "type": "Point", "coordinates": [ 139.462956, 36.264159 ] } },
{ "type": "Feature", "properties": { "ID": 1056102000752, "正式名称": "山崎調剤薬局", "機関区分": 5, "都道府県コード": 10, "市区町村コード": 209, "所在地": "群馬県藤岡市上戸塚１４１－６", "緯度": 36.246793, "経度": 139.090515, "url": "https://www.iryou.teikyouseido.mhlw.go.jp/znk-web/juminkanja/S2430/initialize?prefCd=10&kikanCd=6102000752&kikanKbn=5", "url2": null, "内容": "山崎調剤薬局【5:薬局】群馬県藤岡市上戸塚１４１－６" }, "geometry": { "type": "Point", "coordinates": [ 139.090515, 36.246793 ] } },
{ "type": "Feature", "properties": { "ID": 1056102000753, "正式名称": "カワチ薬局　桐生広沢店", "機関区分": 5, "都道府県コード": 10, "市区町村コード": 203, "所在地": "群馬県桐生市広沢町４－２４２４－１", "緯度": 36.38731, "経度": 139.335572, "url": "https://www.iryou.teikyouseido.mhlw.go.jp/znk-web/juminkanja/S2430/initialize?prefCd=10&kikanCd=6102000753&kikanKbn=5", "url2": "http://www.cawachi.co.jp", "内容": "カワチ薬局　桐生広沢店【5:薬局】群馬県桐生市広沢町４－２４２４－１" }, "geometry": { "type": "Point", "coordinates": [ 139.335572, 36.38731 ] } },
{ "type": "Feature", "properties": { "ID": 1056102000755, "正式名称": "ラポール薬局", "機関区分": 5, "都道府県コード": 10, "市区町村コード": 204, "所在地": "群馬県伊勢崎市宮子町９０８－３", "緯度": 36.326536, "経度": 139.1582, "url": "https://www.iryou.teikyouseido.mhlw.go.jp/znk-web/juminkanja/S2430/initialize?prefCd=10&kikanCd=6102000755&kikanKbn=5", "url2": "https://www.s-ci.jp", "内容": "ラポール薬局【5:薬局】群馬県伊勢崎市宮子町９０８－３" }, "geometry": { "type": "Point", "coordinates": [ 139.1582, 36.326536 ] } },
{ "type": "Feature", "properties": { "ID": 1056102000757, "正式名称": "こすもす薬局田中島店", "機関区分": 5, "都道府県コード": 10, "市区町村コード": 204, "所在地": "群馬県伊勢崎市田中島町１４２９－２", "緯度": 36.325286, "経度": 139.161339, "url": "https://www.iryou.teikyouseido.mhlw.go.jp/znk-web/juminkanja/S2430/initialize?prefCd=10&kikanCd=6102000757&kikanKbn=5", "url2": null, "内容": "こすもす薬局田中島店【5:薬局】群馬県伊勢崎市田中島町１４２９－２" }, "geometry": { "type": "Point", "coordinates": [ 139.161339, 36.325286 ] } },
{ "type": "Feature", "properties": { "ID": 1056102000758, "正式名称": "メロディー薬局", "機関区分": 5, "都道府県コード": 10, "市区町村コード": 204, "所在地": "群馬県伊勢崎市茂呂町二丁目３５０２－１", "緯度": 36.300318, "経度": 139.207586, "url": "https://www.iryou.teikyouseido.mhlw.go.jp/znk-web/juminkanja/S2430/initialize?prefCd=10&kikanCd=6102000758&kikanKbn=5", "url2": null, "内容": "メロディー薬局【5:薬局】群馬県伊勢崎市茂呂町二丁目３５０２－１" }, "geometry": { "type": "Point", "coordinates": [ 139.207586, 36.300318 ] } },
{ "type": "Feature", "properties": { "ID": 1056102000759, "正式名称": "めぐみ調剤薬局", "機関区分": 5, "都道府県コード": 10, "市区町村コード": 201, "所在地": "群馬県前橋市石倉町５丁目２２－９", "緯度": 36.391722, "経度": 139.051706, "url": "https://www.iryou.teikyouseido.mhlw.go.jp/znk-web/juminkanja/S2430/initialize?prefCd=10&kikanCd=6102000759&kikanKbn=5", "url2": null, "内容": "めぐみ調剤薬局【5:薬局】群馬県前橋市石倉町５丁目２２－９" }, "geometry": { "type": "Point", "coordinates": [ 139.051706, 36.391722 ] } },
{ "type": "Feature", "properties": { "ID": 1056102000761, "正式名称": "ウエルシア薬局前橋天川大島店", "機関区分": 5, "都道府県コード": 10, "市区町村コード": 201, "所在地": "群馬県前橋市天川大島町３３－１", "緯度": 36.364365, "経度": 139.10998, "url": "https://www.iryou.teikyouseido.mhlw.go.jp/znk-web/juminkanja/S2430/initialize?prefCd=10&kikanCd=6102000761&kikanKbn=5", "url2": "https://store.welcia.co.jp/welcia/spot/detail?code=91D", "内容": "ウエルシア薬局前橋天川大島店【5:薬局】群馬県前橋市天川大島町３３－１" }, "geometry": { "type": "Point", "coordinates": [ 139.10998, 36.364365 ] } },
{ "type": "Feature", "properties": { "ID": 1056102000763, "正式名称": "コスモファーマ薬局　川端店", "機関区分": 5, "都道府県コード": 10, "市区町村コード": 201, "所在地": "群馬県前橋市川端町１５２－３", "緯度": 36.434273, "経度": 139.057954, "url": "https://www.iryou.teikyouseido.mhlw.go.jp/znk-web/juminkanja/S2430/initialize?prefCd=10&kikanCd=6102000763&kikanKbn=5", "url2": "http://www.cosmo-ph.co.jp/", "内容": "コスモファーマ薬局　川端店【5:薬局】群馬県前橋市川端町１５２－３" }, "geometry": { "type": "Point", "coordinates": [ 139.057954, 36.434273 ] } },
{ "type": "Feature", "properties": { "ID": 1056102000766, "正式名称": "アイン薬局　群大店", "機関区分": 5, "都道府県コード": 10, "市区町村コード": 201, "所在地": "群馬県前橋市下小出町２－８－１", "緯度": 36.40972, "経度": 139.062704, "url": "https://www.iryou.teikyouseido.mhlw.go.jp/znk-web/juminkanja/S2430/initialize?prefCd=10&kikanCd=6102000766&kikanKbn=5", "url2": "https://www.ainj.co.jp/", "内容": "アイン薬局　群大店【5:薬局】群馬県前橋市下小出町２－８－１" }, "geometry": { "type": "Point", "coordinates": [ 139.062704, 36.40972 ] } },
{ "type": "Feature", "properties": { "ID": 1056102000767, "正式名称": "高崎中央薬局", "機関区分": 5, "都道府県コード": 10, "市区町村コード": 202, "所在地": "群馬県高崎市下小塙町３３９－１", "緯度": 36.351737, "経度": 138.970656, "url": "https://www.iryou.teikyouseido.mhlw.go.jp/znk-web/juminkanja/S2430/initialize?prefCd=10&kikanCd=6102000767&kikanKbn=5", "url2": "https://www.yhopharmacygroup.com/", "内容": "高崎中央薬局【5:薬局】群馬県高崎市下小塙町３３９－１" }, "geometry": { "type": "Point", "coordinates": [ 138.970656, 36.351737 ] } },
{ "type": "Feature", "properties": { "ID": 1056102000768, "正式名称": "あけの薬局", "機関区分": 5, "都道府県コード": 10, "市区町村コード": 525, "所在地": "群馬県邑楽郡邑楽町明野２８－８", "緯度": 36.256549, "経度": 139.477316, "url": "https://www.iryou.teikyouseido.mhlw.go.jp/znk-web/juminkanja/S2430/initialize?prefCd=10&kikanCd=6102000768&kikanKbn=5", "url2": "https://www.famiru-group.com", "内容": "あけの薬局【5:薬局】群馬県邑楽郡邑楽町明野２８－８" }, "geometry": { "type": "Point", "coordinates": [ 139.477316, 36.256549 ] } },
{ "type": "Feature", "properties": { "ID": 1056102000769, "正式名称": "ファイン薬局北成島Ⅱ", "機関区分": 5, "都道府県コード": 10, "市区町村コード": 207, "所在地": "群馬県館林市北成島町３１０８－１", "緯度": 36.251467, "経度": 139.511452, "url": "https://www.iryou.teikyouseido.mhlw.go.jp/znk-web/juminkanja/S2430/initialize?prefCd=10&kikanCd=6102000769&kikanKbn=5", "url2": "http://www.finegroup.jp", "内容": "ファイン薬局北成島Ⅱ【5:薬局】群馬県館林市北成島町３１０８－１" }, "geometry": { "type": "Point", "coordinates": [ 139.511452, 36.251467 ] } },
{ "type": "Feature", "properties": { "ID": 1056102000770, "正式名称": "アイケイ薬局矢中店", "機関区分": 5, "都道府県コード": 10, "市区町村コード": 202, "所在地": "群馬県高崎市矢中町", "緯度": 36.311758, "経度": 139.051293, "url": "https://www.iryou.teikyouseido.mhlw.go.jp/znk-web/juminkanja/S2430/initialize?prefCd=10&kikanCd=6102000770&kikanKbn=5", "url2": "http://ikph.jp/", "内容": "アイケイ薬局矢中店【5:薬局】群馬県高崎市矢中町" }, "geometry": { "type": "Point", "coordinates": [ 139.051293, 36.311758 ] } },
{ "type": "Feature", "properties": { "ID": 1056102000771, "正式名称": "倉賀野調剤薬局", "機関区分": 5, "都道府県コード": 10, "市区町村コード": 202, "所在地": "群馬県高崎市倉賀野町４５３－７", "緯度": 36.296037, "経度": 139.045044, "url": "https://www.iryou.teikyouseido.mhlw.go.jp/znk-web/juminkanja/S2430/initialize?prefCd=10&kikanCd=6102000771&kikanKbn=5", "url2": "http://finegroup.jp/", "内容": "倉賀野調剤薬局【5:薬局】群馬県高崎市倉賀野町４５３－７" }, "geometry": { "type": "Point", "coordinates": [ 139.045044, 36.296037 ] } },
{ "type": "Feature", "properties": { "ID": 1056102000772, "正式名称": "すばる薬局", "機関区分": 5, "都道府県コード": 10, "市区町村コード": 202, "所在地": "群馬県高崎市上中居町４３－３", "緯度": 36.322317, "経度": 139.024837, "url": "https://www.iryou.teikyouseido.mhlw.go.jp/znk-web/juminkanja/S2430/initialize?prefCd=10&kikanCd=6102000772&kikanKbn=5", "url2": "http://www.subaru-ph.com/", "内容": "すばる薬局【5:薬局】群馬県高崎市上中居町４３－３" }, "geometry": { "type": "Point", "coordinates": [ 139.024837, 36.322317 ] } },
{ "type": "Feature", "properties": { "ID": 1056102000773, "正式名称": "中央薬局飯塚店", "機関区分": 5, "都道府県コード": 10, "市区町村コード": 205, "所在地": "群馬県太田市飯塚町９８５－４", "緯度": 36.277101, "経度": 139.385378, "url": "https://www.iryou.teikyouseido.mhlw.go.jp/znk-web/juminkanja/S2430/initialize?prefCd=10&kikanCd=6102000773&kikanKbn=5", "url2": "http://www.otachuo.co.jp/", "内容": "中央薬局飯塚店【5:薬局】群馬県太田市飯塚町９８５－４" }, "geometry": { "type": "Point", "coordinates": [ 139.385378, 36.277101 ] } },
{ "type": "Feature", "properties": { "ID": 1056102000774, "正式名称": "ことのは薬局", "機関区分": 5, "都道府県コード": 10, "市区町村コード": 205, "所在地": "群馬県太田市新田上田中町５５５番１", "緯度": 36.301766, "経度": 139.275076, "url": "https://www.iryou.teikyouseido.mhlw.go.jp/znk-web/juminkanja/S2430/initialize?prefCd=10&kikanCd=6102000774&kikanKbn=5", "url2": null, "内容": "ことのは薬局【5:薬局】群馬県太田市新田上田中町５５５番１" }, "geometry": { "type": "Point", "coordinates": [ 139.275076, 36.301766 ] } },
{ "type": "Feature", "properties": { "ID": 1056102000776, "正式名称": "ポピー薬局", "機関区分": 5, "都道府県コード": 10, "市区町村コード": 201, "所在地": "群馬県前橋市上大島町８７５－３", "緯度": 36.370086, "経度": 139.117591, "url": "https://www.iryou.teikyouseido.mhlw.go.jp/znk-web/juminkanja/S2430/initialize?prefCd=10&kikanCd=6102000776&kikanKbn=5", "url2": null, "内容": "ポピー薬局【5:薬局】群馬県前橋市上大島町８７５－３" }, "geometry": { "type": "Point", "coordinates": [ 139.117591, 36.370086 ] } },
{ "type": "Feature", "properties": { "ID": 1056102000778, "正式名称": "とようけファーマシー", "機関区分": 5, "都道府県コード": 10, "市区町村コード": 204, "所在地": "群馬県伊勢崎市馬見塚町８６０－５", "緯度": 36.28082, "経度": 139.212226, "url": "https://www.iryou.teikyouseido.mhlw.go.jp/znk-web/juminkanja/S2430/initialize?prefCd=10&kikanCd=6102000778&kikanKbn=5", "url2": "https://alpharma-medical.jp/", "内容": "とようけファーマシー【5:薬局】群馬県伊勢崎市馬見塚町８６０－５" }, "geometry": { "type": "Point", "coordinates": [ 139.212226, 36.28082 ] } },
{ "type": "Feature", "properties": { "ID": 1056102000781, "正式名称": "さくら薬局月夜野店", "機関区分": 5, "都道府県コード": 10, "市区町村コード": 449, "所在地": "群馬県利根郡みなかみ町真庭３０４－１", "緯度": 36.674885, "経度": 139.005697, "url": "https://www.iryou.teikyouseido.mhlw.go.jp/znk-web/juminkanja/S2430/initialize?prefCd=10&kikanCd=6102000781&kikanKbn=5", "url2": "http://www.kraft-net.co.jp", "内容": "さくら薬局月夜野店【5:薬局】群馬県利根郡みなかみ町真庭３０４－１" }, "geometry": { "type": "Point", "coordinates": [ 139.005697, 36.674885 ] } },
{ "type": "Feature", "properties": { "ID": 1056102000782, "正式名称": "さくら薬局　館林店", "機関区分": 5, "都道府県コード": 10, "市区町村コード": 207, "所在地": "群馬県館林市成島町２１６－１", "緯度": 36.24844, "経度": 139.519618, "url": "https://www.iryou.teikyouseido.mhlw.go.jp/znk-web/juminkanja/S2430/initialize?prefCd=10&kikanCd=6102000782&kikanKbn=5", "url2": "https://www.kraft-net.co.jp/sakura/store/3261/", "内容": "さくら薬局　館林店【5:薬局】群馬県館林市成島町２１６－１" }, "geometry": { "type": "Point", "coordinates": [ 139.519618, 36.24844 ] } },
{ "type": "Feature", "properties": { "ID": 1056102000783, "正式名称": "ファイン薬局花山", "機関区分": 5, "都道府県コード": 10, "市区町村コード": 207, "所在地": "群馬県館林市花山町１７－８", "緯度": 36.239249, "経度": 139.558889, "url": "https://www.iryou.teikyouseido.mhlw.go.jp/znk-web/juminkanja/S2430/initialize?prefCd=10&kikanCd=6102000783&kikanKbn=5", "url2": "http://finegroup.jp", "内容": "ファイン薬局花山【5:薬局】群馬県館林市花山町１７－８" }, "geometry": { "type": "Point", "coordinates": [ 139.558889, 36.239249 ] } },
{ "type": "Feature", "properties": { "ID": 1056102000784, "正式名称": "太田みなみ薬局", "機関区分": 5, "都道府県コード": 10, "市区町村コード": 205, "所在地": "群馬県太田市高林寿町　１７６６ー１１", "緯度": 36.262047, "経度": 139.374269, "url": "https://www.iryou.teikyouseido.mhlw.go.jp/znk-web/juminkanja/S2430/initialize?prefCd=10&kikanCd=6102000784&kikanKbn=5", "url2": "https://www.apocreat.co.jp", "内容": "太田みなみ薬局【5:薬局】群馬県太田市高林寿町　１７６６ー１１" }, "geometry": { "type": "Point", "coordinates": [ 139.374269, 36.262047 ] } },
{ "type": "Feature", "properties": { "ID": 1056102000785, "正式名称": "コスモファーマ薬局渋川店", "機関区分": 5, "都道府県コード": 10, "市区町村コード": 208, "所在地": "群馬県渋川市渋川２５４３－６", "緯度": 36.49296, "経度": 139.000817, "url": "https://www.iryou.teikyouseido.mhlw.go.jp/znk-web/juminkanja/S2430/initialize?prefCd=10&kikanCd=6102000785&kikanKbn=5", "url2": "http://www.cosmo-ph.co.jp/", "内容": "コスモファーマ薬局渋川店【5:薬局】群馬県渋川市渋川２５４３－６" }, "geometry": { "type": "Point", "coordinates": [ 139.000817, 36.49296 ] } },
{ "type": "Feature", "properties": { "ID": 1056102000786, "正式名称": "わかば薬局大原店", "機関区分": 5, "都道府県コード": 10, "市区町村コード": 205, "所在地": "群馬県太田市大原町１０５０－２５", "緯度": 36.367617, "経度": 139.290576, "url": "https://www.iryou.teikyouseido.mhlw.go.jp/znk-web/juminkanja/S2430/initialize?prefCd=10&kikanCd=6102000786&kikanKbn=5", "url2": "http://www.sanshindrug.co.jp/", "内容": "わかば薬局大原店【5:薬局】群馬県太田市大原町１０５０－２５" }, "geometry": { "type": "Point", "coordinates": [ 139.290576, 36.367617 ] } },
{ "type": "Feature", "properties": { "ID": 1056102000789, "正式名称": "ウエルシア薬局みどり笠懸店", "機関区分": 5, "都道府県コード": 10, "市区町村コード": 212, "所在地": "群馬県みどり市笠懸町阿左美１７７－１４", "緯度": 36.381727, "経度": 139.301325, "url": "https://www.iryou.teikyouseido.mhlw.go.jp/znk-web/juminkanja/S2430/initialize?prefCd=10&kikanCd=6102000789&kikanKbn=5", "url2": "https://store.welcia.co.jp/welcia/spot/detail?code=6019D", "内容": "ウエルシア薬局みどり笠懸店【5:薬局】群馬県みどり市笠懸町阿左美１７７－１４" }, "geometry": { "type": "Point", "coordinates": [ 139.301325, 36.381727 ] } },
{ "type": "Feature", "properties": { "ID": 1056102000790, "正式名称": "あおぞら薬局　安中店", "機関区分": 5, "都道府県コード": 10, "市区町村コード": 211, "所在地": "群馬県安中市下後閑１６３８", "緯度": 36.329864, "経度": 138.852753, "url": "https://www.iryou.teikyouseido.mhlw.go.jp/znk-web/juminkanja/S2430/initialize?prefCd=10&kikanCd=6102000790&kikanKbn=5", "url2": null, "内容": "あおぞら薬局　安中店【5:薬局】群馬県安中市下後閑１６３８" }, "geometry": { "type": "Point", "coordinates": [ 138.852753, 36.329864 ] } },
{ "type": "Feature", "properties": { "ID": 1056102000791, "正式名称": "あくつ薬局　富塚店", "機関区分": 5, "都道府県コード": 10, "市区町村コード": 204, "所在地": "群馬県伊勢崎市富塚町２１３－２０", "緯度": 36.278236, "経度": 139.193422, "url": "https://www.iryou.teikyouseido.mhlw.go.jp/znk-web/juminkanja/S2430/initialize?prefCd=10&kikanCd=6102000791&kikanKbn=5", "url2": "https://www.akutsu-pharmacy.com/", "内容": "あくつ薬局　富塚店【5:薬局】群馬県伊勢崎市富塚町２１３－２０" }, "geometry": { "type": "Point", "coordinates": [ 139.193422, 36.278236 ] } },
{ "type": "Feature", "properties": { "ID": 1056102000793, "正式名称": "アイン薬局　長野原店", "機関区分": 5, "都道府県コード": 10, "市区町村コード": 424, "所在地": "群馬県吾妻郡長野原町大津２４０－７", "緯度": 36.553391, "経度": 138.617929, "url": "https://www.iryou.teikyouseido.mhlw.go.jp/znk-web/juminkanja/S2430/initialize?prefCd=10&kikanCd=6102000793&kikanKbn=5", "url2": "https://www.ainj.co.jp/", "内容": "アイン薬局　長野原店【5:薬局】群馬県吾妻郡長野原町大津２４０－７" }, "geometry": { "type": "Point", "coordinates": [ 138.617929, 36.553391 ] } },
{ "type": "Feature", "properties": { "ID": 1056102000794, "正式名称": "コスモファーマ薬局　小保方店", "機関区分": 5, "都道府県コード": 10, "市区町村コード": 204, "所在地": "群馬県伊勢崎市東小保方町３８５８－１０", "緯度": 36.327954, "経度": 139.247415, "url": "https://www.iryou.teikyouseido.mhlw.go.jp/znk-web/juminkanja/S2430/initialize?prefCd=10&kikanCd=6102000794&kikanKbn=5", "url2": "http://www.cosmo-ph.co.jp/", "内容": "コスモファーマ薬局　小保方店【5:薬局】群馬県伊勢崎市東小保方町３８５８－１０" }, "geometry": { "type": "Point", "coordinates": [ 139.247415, 36.327954 ] } },
{ "type": "Feature", "properties": { "ID": 1056102000795, "正式名称": "はまだ調剤薬局", "機関区分": 5, "都道府県コード": 10, "市区町村コード": 201, "所在地": "群馬県前橋市表町二丁目２６－１４", "緯度": 36.384481, "経度": 139.074088, "url": "https://www.iryou.teikyouseido.mhlw.go.jp/znk-web/juminkanja/S2430/initialize?prefCd=10&kikanCd=6102000795&kikanKbn=5", "url2": "https://aps-hc.com/", "内容": "はまだ調剤薬局【5:薬局】群馬県前橋市表町二丁目２６－１４" }, "geometry": { "type": "Point", "coordinates": [ 139.074088, 36.384481 ] } },
{ "type": "Feature", "properties": { "ID": 1056102000798, "正式名称": "ハーモニー薬局", "機関区分": 5, "都道府県コード": 10, "市区町村コード": 207, "所在地": "群馬県館林市富士見町１２ー１９", "緯度": 36.243024, "経度": 139.523313, "url": "https://www.iryou.teikyouseido.mhlw.go.jp/znk-web/juminkanja/S2430/initialize?prefCd=10&kikanCd=6102000798&kikanKbn=5", "url2": "http://www.e-ff.jp/", "内容": "ハーモニー薬局【5:薬局】群馬県館林市富士見町１２ー１９" }, "geometry": { "type": "Point", "coordinates": [ 139.523313, 36.243024 ] } },
{ "type": "Feature", "properties": { "ID": 1056102000799, "正式名称": "アイリス薬局　青梨子店", "機関区分": 5, "都道府県コード": 10, "市区町村コード": 201, "所在地": "群馬県前橋市青梨子町８１１番地５", "緯度": 36.418163, "経度": 139.006959, "url": "https://www.iryou.teikyouseido.mhlw.go.jp/znk-web/juminkanja/S2430/initialize?prefCd=10&kikanCd=6102000799&kikanKbn=5", "url2": null, "内容": "アイリス薬局　青梨子店【5:薬局】群馬県前橋市青梨子町８１１番地５" }, "geometry": { "type": "Point", "coordinates": [ 139.006959, 36.418163 ] } },
{ "type": "Feature", "properties": { "ID": 1056102000802, "正式名称": "はにわ薬局", "機関区分": 5, "都道府県コード": 10, "市区町村コード": 202, "所在地": "群馬県高崎市福島町７６３－９", "緯度": 36.367585, "経度": 139.003183, "url": "https://www.iryou.teikyouseido.mhlw.go.jp/znk-web/juminkanja/S2430/initialize?prefCd=10&kikanCd=6102000802&kikanKbn=5", "url2": null, "内容": "はにわ薬局【5:薬局】群馬県高崎市福島町７６３－９" }, "geometry": { "type": "Point", "coordinates": [ 139.003183, 36.367585 ] } },
{ "type": "Feature", "properties": { "ID": 1056102000803, "正式名称": "たねや薬局", "機関区分": 5, "都道府県コード": 10, "市区町村コード": 202, "所在地": "群馬県高崎市新町２８４６－１４", "緯度": 36.277624, "経度": 139.107623, "url": "https://www.iryou.teikyouseido.mhlw.go.jp/znk-web/juminkanja/S2430/initialize?prefCd=10&kikanCd=6102000803&kikanKbn=5", "url2": null, "内容": "たねや薬局【5:薬局】群馬県高崎市新町２８４６－１４" }, "geometry": { "type": "Point", "coordinates": [ 139.107623, 36.277624 ] } },
{ "type": "Feature", "properties": { "ID": 1056102000804, "正式名称": "日本調剤　前橋薬局", "機関区分": 5, "都道府県コード": 10, "市区町村コード": 201, "所在地": "群馬県前橋市上新田町", "緯度": 36.36503, "経度": 139.065512, "url": "https://www.iryou.teikyouseido.mhlw.go.jp/znk-web/juminkanja/S2430/initialize?prefCd=10&kikanCd=6102000804&kikanKbn=5", "url2": "http://www.nicho.co.jp/tenpo/kantou/gunma/post_354.html", "内容": "日本調剤　前橋薬局【5:薬局】群馬県前橋市上新田町" }, "geometry": { "type": "Point", "coordinates": [ 139.065512, 36.36503 ] } },
{ "type": "Feature", "properties": { "ID": 1056102000805, "正式名称": "さくら薬局　太田飯田店", "機関区分": 5, "都道府県コード": 10, "市区町村コード": 205, "所在地": "群馬県太田市飯田町８０３", "緯度": 36.288294, "経度": 139.382544, "url": "https://www.iryou.teikyouseido.mhlw.go.jp/znk-web/juminkanja/S2430/initialize?prefCd=10&kikanCd=6102000805&kikanKbn=5", "url2": "https://www.kraft-net.co.jp/sakura/store/3549/", "内容": "さくら薬局　太田飯田店【5:薬局】群馬県太田市飯田町８０３" }, "geometry": { "type": "Point", "coordinates": [ 139.382544, 36.288294 ] } },
{ "type": "Feature", "properties": { "ID": 1056102000806, "正式名称": "かみもく調剤薬局", "機関区分": 5, "都道府県コード": 10, "市区町村コード": 449, "所在地": "群馬県利根郡みなかみ町石倉２８０－２", "緯度": 36.738128, "経度": 138.982307, "url": "https://www.iryou.teikyouseido.mhlw.go.jp/znk-web/juminkanja/S2430/initialize?prefCd=10&kikanCd=6102000806&kikanKbn=5", "url2": null, "内容": "かみもく調剤薬局【5:薬局】群馬県利根郡みなかみ町石倉２８０－２" }, "geometry": { "type": "Point", "coordinates": [ 138.982307, 36.738128 ] } },
{ "type": "Feature", "properties": { "ID": 1056102000808, "正式名称": "大井田薬局　高崎東店", "機関区分": 5, "都道府県コード": 10, "市区町村コード": 202, "所在地": "群馬県高崎市南大類町８８８－１－２", "緯度": 36.327339, "経度": 139.038294, "url": "https://www.iryou.teikyouseido.mhlw.go.jp/znk-web/juminkanja/S2430/initialize?prefCd=10&kikanCd=6102000808&kikanKbn=5", "url2": "http://www.oida-pharmacy.jp", "内容": "大井田薬局　高崎東店【5:薬局】群馬県高崎市南大類町８８８－１－２" }, "geometry": { "type": "Point", "coordinates": [ 139.038294, 36.327339 ] } },
{ "type": "Feature", "properties": { "ID": 1056102000809, "正式名称": "中宿薬局", "機関区分": 5, "都道府県コード": 10, "市区町村コード": 211, "所在地": "群馬県安中市中宿１－４－７", "緯度": 36.333142, "経度": 138.914554, "url": "https://www.iryou.teikyouseido.mhlw.go.jp/znk-web/juminkanja/S2430/initialize?prefCd=10&kikanCd=6102000809&kikanKbn=5", "url2": null, "内容": "中宿薬局【5:薬局】群馬県安中市中宿１－４－７" }, "geometry": { "type": "Point", "coordinates": [ 138.914554, 36.333142 ] } },
{ "type": "Feature", "properties": { "ID": 1056102000811, "正式名称": "さかい調剤薬局", "機関区分": 5, "都道府県コード": 10, "市区町村コード": 204, "所在地": "群馬県伊勢崎市境新栄１０番地１０", "緯度": 36.278263, "経度": 139.263543, "url": "https://www.iryou.teikyouseido.mhlw.go.jp/znk-web/juminkanja/S2430/initialize?prefCd=10&kikanCd=6102000811&kikanKbn=5", "url2": "http://seiryumedical.co.jp", "内容": "さかい調剤薬局【5:薬局】群馬県伊勢崎市境新栄１０番地１０" }, "geometry": { "type": "Point", "coordinates": [ 139.263543, 36.278263 ] } },
{ "type": "Feature", "properties": { "ID": 1056102000812, "正式名称": "イムノファーマシーみどり店", "機関区分": 5, "都道府県コード": 10, "市区町村コード": 212, "所在地": "群馬県みどり市笠懸町阿左美１１５８－２", "緯度": 36.391148, "経度": 139.30868, "url": "https://www.iryou.teikyouseido.mhlw.go.jp/znk-web/juminkanja/S2430/initialize?prefCd=10&kikanCd=6102000812&kikanKbn=5", "url2": null, "内容": "イムノファーマシーみどり店【5:薬局】群馬県みどり市笠懸町阿左美１１５８－２" }, "geometry": { "type": "Point", "coordinates": [ 139.30868, 36.391148 ] } },
{ "type": "Feature", "properties": { "ID": 1056102000813, "正式名称": "すばる薬局　みどり店", "機関区分": 5, "都道府県コード": 10, "市区町村コード": 209, "所在地": "群馬県藤岡市下大塚１８０－１", "緯度": 36.255919, "経度": 139.053462, "url": "https://www.iryou.teikyouseido.mhlw.go.jp/znk-web/juminkanja/S2430/initialize?prefCd=10&kikanCd=6102000813&kikanKbn=5", "url2": "http://www.subaru-ph.com/", "内容": "すばる薬局　みどり店【5:薬局】群馬県藤岡市下大塚１８０－１" }, "geometry": { "type": "Point", "coordinates": [ 139.053462, 36.255919 ] } },
{ "type": "Feature", "properties": { "ID": 1056102000814, "正式名称": "プラス薬局　藤岡白石店", "機関区分": 5, "都道府県コード": 10, "市区町村コード": 209, "所在地": "群馬県藤岡市白石８２９番地５", "緯度": 36.247348, "経度": 139.034075, "url": "https://www.iryou.teikyouseido.mhlw.go.jp/znk-web/juminkanja/S2430/initialize?prefCd=10&kikanCd=6102000814&kikanKbn=5", "url2": "http://www.plusalots.com/", "内容": "プラス薬局　藤岡白石店【5:薬局】群馬県藤岡市白石８２９番地５" }, "geometry": { "type": "Point", "coordinates": [ 139.034075, 36.247348 ] } },
{ "type": "Feature", "properties": { "ID": 1056102000815, "正式名称": "そうごう薬局　八千代店", "機関区分": 5, "都道府県コード": 10, "市区町村コード": 202, "所在地": "群馬県高崎市八千代町４－６－２", "緯度": 36.323339, "経度": 138.990853, "url": "https://www.iryou.teikyouseido.mhlw.go.jp/znk-web/juminkanja/S2430/initialize?prefCd=10&kikanCd=6102000815&kikanKbn=5", "url2": "http://www.sogo-medical.co.jp/sogopharmacy/shop/view/370", "内容": "そうごう薬局　八千代店【5:薬局】群馬県高崎市八千代町４－６－２" }, "geometry": { "type": "Point", "coordinates": [ 138.990853, 36.323339 ] } },
{ "type": "Feature", "properties": { "ID": 1056102000816, "正式名称": "徳田調剤薬局", "機関区分": 5, "都道府県コード": 10, "市区町村コード": 202, "所在地": "群馬県高崎市東町６３－１", "緯度": 36.325534, "経度": 139.015157, "url": "https://www.iryou.teikyouseido.mhlw.go.jp/znk-web/juminkanja/S2430/initialize?prefCd=10&kikanCd=6102000816&kikanKbn=5", "url2": "http://tokudachozaiyakkyoku.com", "内容": "徳田調剤薬局【5:薬局】群馬県高崎市東町６３－１" }, "geometry": { "type": "Point", "coordinates": [ 139.015157, 36.325534 ] } },
{ "type": "Feature", "properties": { "ID": 1056102000817, "正式名称": "順化堂薬局", "機関区分": 5, "都道府県コード": 10, "市区町村コード": 202, "所在地": "群馬県高崎市旭町１１３番地７　ハートスクエア長建１Ｆ", "緯度": 36.326784, "経度": 139.011379, "url": "https://www.iryou.teikyouseido.mhlw.go.jp/znk-web/juminkanja/S2430/initialize?prefCd=10&kikanCd=6102000817&kikanKbn=5", "url2": "https://junkado0273.com/", "内容": "順化堂薬局【5:薬局】群馬県高崎市旭町１１３番地７　ハートスクエア長建１Ｆ" }, "geometry": { "type": "Point", "coordinates": [ 139.011379, 36.326784 ] } },
{ "type": "Feature", "properties": { "ID": 1056102000818, "正式名称": "ファイン薬局　飯塚ラフィエット通り", "機関区分": 5, "都道府県コード": 10, "市区町村コード": 205, "所在地": "群馬県太田市飯塚町６３－３", "緯度": 36.274699, "経度": 139.380132, "url": "https://www.iryou.teikyouseido.mhlw.go.jp/znk-web/juminkanja/S2430/initialize?prefCd=10&kikanCd=6102000818&kikanKbn=5", "url2": "http://www.finegroup.jp", "内容": "ファイン薬局　飯塚ラフィエット通り【5:薬局】群馬県太田市飯塚町６３－３" }, "geometry": { "type": "Point", "coordinates": [ 139.380132, 36.274699 ] } },
{ "type": "Feature", "properties": { "ID": 1056102000819, "正式名称": "中央薬局高林店", "機関区分": 5, "都道府県コード": 10, "市区町村コード": 205, "所在地": "群馬県太田市高林北町", "緯度": 36.265602, "経度": 139.36638, "url": "https://www.iryou.teikyouseido.mhlw.go.jp/znk-web/juminkanja/S2430/initialize?prefCd=10&kikanCd=6102000819&kikanKbn=5", "url2": "https://www.otachuo.co.jp/", "内容": "中央薬局高林店【5:薬局】群馬県太田市高林北町" }, "geometry": { "type": "Point", "coordinates": [ 139.36638, 36.265602 ] } },
{ "type": "Feature", "properties": { "ID": 1056102000820, "正式名称": "コスモファーマ薬局馬庭店", "機関区分": 5, "都道府県コード": 10, "市区町村コード": 202, "所在地": "群馬県高崎市吉井町馬庭", "緯度": 36.26729, "経度": 139.00791, "url": "https://www.iryou.teikyouseido.mhlw.go.jp/znk-web/juminkanja/S2430/initialize?prefCd=10&kikanCd=6102000820&kikanKbn=5", "url2": "http://www.cosmo-ph.co.jp/", "内容": "コスモファーマ薬局馬庭店【5:薬局】群馬県高崎市吉井町馬庭" }, "geometry": { "type": "Point", "coordinates": [ 139.00791, 36.26729 ] } },
{ "type": "Feature", "properties": { "ID": 1056102000821, "正式名称": "共創未来　にいさと薬局", "機関区分": 5, "都道府県コード": 10, "市区町村コード": 203, "所在地": "群馬県桐生市新里町山上５７１－１", "緯度": 36.420194, "経度": 139.233952, "url": "https://www.iryou.teikyouseido.mhlw.go.jp/znk-web/juminkanja/S2430/initialize?prefCd=10&kikanCd=6102000821&kikanKbn=5", "url2": "http://www.phmirai.co.jp/", "内容": "共創未来　にいさと薬局【5:薬局】群馬県桐生市新里町山上５７１－１" }, "geometry": { "type": "Point", "coordinates": [ 139.233952, 36.420194 ] } },
{ "type": "Feature", "properties": { "ID": 1056102000823, "正式名称": "じゅん薬局　下沖町店", "機関区分": 5, "都道府県コード": 10, "市区町村コード": 201, "所在地": "群馬県前橋市下沖町３３６番地２", "緯度": 36.399694, "経度": 139.091008, "url": "https://www.iryou.teikyouseido.mhlw.go.jp/znk-web/juminkanja/S2430/initialize?prefCd=10&kikanCd=6102000823&kikanKbn=5", "url2": null, "内容": "じゅん薬局　下沖町店【5:薬局】群馬県前橋市下沖町３３６番地２" }, "geometry": { "type": "Point", "coordinates": [ 139.091008, 36.399694 ] } },
{ "type": "Feature", "properties": { "ID": 1056102000824, "正式名称": "ウイン調剤薬局中之条店", "機関区分": 5, "都道府県コード": 10, "市区町村コード": 421, "所在地": "群馬県吾妻郡中之条町西中之条７２６－３", "緯度": 36.589558, "経度": 138.839354, "url": "https://www.iryou.teikyouseido.mhlw.go.jp/znk-web/juminkanja/S2430/initialize?prefCd=10&kikanCd=6102000824&kikanKbn=5", "url2": null, "内容": "ウイン調剤薬局中之条店【5:薬局】群馬県吾妻郡中之条町西中之条７２６－３" }, "geometry": { "type": "Point", "coordinates": [ 138.839354, 36.589558 ] } },
{ "type": "Feature", "properties": { "ID": 1056102000825, "正式名称": "ウイン調剤薬局松井田店", "機関区分": 5, "都道府県コード": 10, "市区町村コード": 211, "所在地": "群馬県安中市松井田町松井田４７６", "緯度": 36.314865, "経度": 138.810591, "url": "https://www.iryou.teikyouseido.mhlw.go.jp/znk-web/juminkanja/S2430/initialize?prefCd=10&kikanCd=6102000825&kikanKbn=5", "url2": "https://win-ohana.jp/drugstore/%e3%82%a6%e3%82%a4%e3%83%b3%e8%aa%bf%e5%89%a4%e8%96%ac%e5%b1%80-%e6%9d%be%e4%ba%95%e7%94%b0%e5%ba%97/", "内容": "ウイン調剤薬局松井田店【5:薬局】群馬県安中市松井田町松井田４７６" }, "geometry": { "type": "Point", "coordinates": [ 138.810591, 36.314865 ] } },
{ "type": "Feature", "properties": { "ID": 1056102000826, "正式名称": "共創未来七日市薬局", "機関区分": 5, "都道府県コード": 10, "市区町村コード": 210, "所在地": "群馬県富岡市七日市", "緯度": 36.25915, "経度": 138.878643, "url": "https://www.iryou.teikyouseido.mhlw.go.jp/znk-web/juminkanja/S2430/initialize?prefCd=10&kikanCd=6102000826&kikanKbn=5", "url2": "https://www.phmirai.co.jp/", "内容": "共創未来七日市薬局【5:薬局】群馬県富岡市七日市" }, "geometry": { "type": "Point", "coordinates": [ 138.878643, 36.25915 ] } },
{ "type": "Feature", "properties": { "ID": 1056102000827, "正式名称": "あまぬま調剤薬局", "機関区分": 5, "都道府県コード": 10, "市区町村コード": 208, "所在地": "群馬県渋川市渋川", "緯度": 36.497698, "経度": 139.007436, "url": "https://www.iryou.teikyouseido.mhlw.go.jp/znk-web/juminkanja/S2430/initialize?prefCd=10&kikanCd=6102000827&kikanKbn=5", "url2": null, "内容": "あまぬま調剤薬局【5:薬局】群馬県渋川市渋川" }, "geometry": { "type": "Point", "coordinates": [ 139.007436, 36.497698 ] } },
{ "type": "Feature", "properties": { "ID": 1056102000828, "正式名称": "ゆず薬局朝倉店", "機関区分": 5, "都道府県コード": 10, "市区町村コード": 201, "所在地": "群馬県前橋市朝倉町８２４－２", "緯度": 36.36889, "経度": 139.084532, "url": "https://www.iryou.teikyouseido.mhlw.go.jp/znk-web/juminkanja/S2430/initialize?prefCd=10&kikanCd=6102000828&kikanKbn=5", "url2": "http://yuzu-pharmacy.com", "内容": "ゆず薬局朝倉店【5:薬局】群馬県前橋市朝倉町８２４－２" }, "geometry": { "type": "Point", "coordinates": [ 139.084532, 36.36889 ] } },
{ "type": "Feature", "properties": { "ID": 1056102000829, "正式名称": "コストコホールセール前橋倉庫店薬局", "機関区分": 5, "都道府県コード": 10, "市区町村コード": 201, "所在地": "群馬県前橋市鶴光路町１３７－２", "緯度": 36.331923, "経度": 139.094261, "url": "https://www.iryou.teikyouseido.mhlw.go.jp/znk-web/juminkanja/S2430/initialize?prefCd=10&kikanCd=6102000829&kikanKbn=5", "url2": null, "内容": "コストコホールセール前橋倉庫店薬局【5:薬局】群馬県前橋市鶴光路町１３７－２" }, "geometry": { "type": "Point", "coordinates": [ 139.094261, 36.331923 ] } },
{ "type": "Feature", "properties": { "ID": 1056102000830, "正式名称": "アイン薬局前橋川原町店", "機関区分": 5, "都道府県コード": 10, "市区町村コード": 201, "所在地": "群馬県前橋市川原町２丁目９－１７", "緯度": 36.428523, "経度": 139.040205, "url": "https://www.iryou.teikyouseido.mhlw.go.jp/znk-web/juminkanja/S2430/initialize?prefCd=10&kikanCd=6102000830&kikanKbn=5", "url2": "https://www.ainj.co.jp/", "内容": "アイン薬局前橋川原町店【5:薬局】群馬県前橋市川原町２丁目９－１７" }, "geometry": { "type": "Point", "coordinates": [ 139.040205, 36.428523 ] } },
{ "type": "Feature", "properties": { "ID": 1056102000831, "正式名称": "ひかり薬局", "機関区分": 5, "都道府県コード": 10, "市区町村コード": 345, "所在地": "群馬県北群馬郡吉岡町下野田", "緯度": 36.448715, "経度": 139.004568, "url": "https://www.iryou.teikyouseido.mhlw.go.jp/znk-web/juminkanja/S2430/initialize?prefCd=10&kikanCd=6102000831&kikanKbn=5", "url2": null, "内容": "ひかり薬局【5:薬局】群馬県北群馬郡吉岡町下野田" }, "geometry": { "type": "Point", "coordinates": [ 139.004568, 36.448715 ] } },
{ "type": "Feature", "properties": { "ID": 1056102000832, "正式名称": "カワチ薬局　大八木店", "機関区分": 5, "都道府県コード": 10, "市区町村コード": 202, "所在地": "群馬県高崎市大八木町６２２－４", "緯度": 36.362113, "経度": 139.002212, "url": "https://www.iryou.teikyouseido.mhlw.go.jp/znk-web/juminkanja/S2430/initialize?prefCd=10&kikanCd=6102000832&kikanKbn=5", "url2": "http://www.cawachi.co.jp", "内容": "カワチ薬局　大八木店【5:薬局】群馬県高崎市大八木町６２２－４" }, "geometry": { "type": "Point", "coordinates": [ 139.002212, 36.362113 ] } },
{ "type": "Feature", "properties": { "ID": 1056102000834, "正式名称": "あかつき薬局", "機関区分": 5, "都道府県コード": 10, "市区町村コード": 205, "所在地": "群馬県太田市新田赤堀町４３４－２７", "緯度": 36.290209, "経度": 139.298079, "url": "https://www.iryou.teikyouseido.mhlw.go.jp/znk-web/juminkanja/S2430/initialize?prefCd=10&kikanCd=6102000834&kikanKbn=5", "url2": null, "内容": "あかつき薬局【5:薬局】群馬県太田市新田赤堀町４３４－２７" }, "geometry": { "type": "Point", "coordinates": [ 139.298079, 36.290209 ] } },
{ "type": "Feature", "properties": { "ID": 1056102000835, "正式名称": "あずま調剤薬局", "機関区分": 5, "都道府県コード": 10, "市区町村コード": 201, "所在地": "群馬県前橋市箱田町９９２－９", "緯度": 36.368696, "経度": 139.050985, "url": "https://www.iryou.teikyouseido.mhlw.go.jp/znk-web/juminkanja/S2430/initialize?prefCd=10&kikanCd=6102000835&kikanKbn=5", "url2": "https://www.anjyu-group.com/", "内容": "あずま調剤薬局【5:薬局】群馬県前橋市箱田町９９２－９" }, "geometry": { "type": "Point", "coordinates": [ 139.050985, 36.368696 ] } },
{ "type": "Feature", "properties": { "ID": 1056102000836, "正式名称": "そうごう薬局　境東店", "機関区分": 5, "都道府県コード": 10, "市区町村コード": 204, "所在地": "群馬県伊勢崎市境東２２０－７", "緯度": 36.271849, "経度": 139.259278, "url": "https://www.iryou.teikyouseido.mhlw.go.jp/znk-web/juminkanja/S2430/initialize?prefCd=10&kikanCd=6102000836&kikanKbn=5", "url2": "http://www.sogo-medical.co.jp/", "内容": "そうごう薬局　境東店【5:薬局】群馬県伊勢崎市境東２２０－７" }, "geometry": { "type": "Point", "coordinates": [ 139.259278, 36.271849 ] } },
{ "type": "Feature", "properties": { "ID": 1056102000839, "正式名称": "ファーマライズ薬局　藤岡店", "機関区分": 5, "都道府県コード": 10, "市区町村コード": 209, "所在地": "群馬県藤岡市藤岡１７５６－２", "緯度": 36.238586, "経度": 139.076371, "url": "https://www.iryou.teikyouseido.mhlw.go.jp/znk-web/juminkanja/S2430/initialize?prefCd=10&kikanCd=6102000839&kikanKbn=5", "url2": "http://www.pharmarise.com/", "内容": "ファーマライズ薬局　藤岡店【5:薬局】群馬県藤岡市藤岡１７５６－２" }, "geometry": { "type": "Point", "coordinates": [ 139.076371, 36.238586 ] } },
{ "type": "Feature", "properties": { "ID": 1056102000843, "正式名称": "よつば薬局", "機関区分": 5, "都道府県コード": 10, "市区町村コード": 209, "所在地": "群馬県藤岡市藤岡５１６－７", "緯度": 36.244965, "経度": 139.082408, "url": "https://www.iryou.teikyouseido.mhlw.go.jp/znk-web/juminkanja/S2430/initialize?prefCd=10&kikanCd=6102000843&kikanKbn=5", "url2": "https://www.yotsuba-ph.co.jp/", "内容": "よつば薬局【5:薬局】群馬県藤岡市藤岡５１６－７" }, "geometry": { "type": "Point", "coordinates": [ 139.082408, 36.244965 ] } },
{ "type": "Feature", "properties": { "ID": 1056102000844, "正式名称": "きらきら薬局", "機関区分": 5, "都道府県コード": 10, "市区町村コード": 201, "所在地": "群馬県前橋市関根町２丁目２１－１０", "緯度": 36.43248, "経度": 139.048271, "url": "https://www.iryou.teikyouseido.mhlw.go.jp/znk-web/juminkanja/S2430/initialize?prefCd=10&kikanCd=6102000844&kikanKbn=5", "url2": "https://www.tomods.jp/", "内容": "きらきら薬局【5:薬局】群馬県前橋市関根町２丁目２１－１０" }, "geometry": { "type": "Point", "coordinates": [ 139.048271, 36.43248 ] } },
{ "type": "Feature", "properties": { "ID": 1056102000847, "正式名称": "薬局江原良彰", "機関区分": 5, "都道府県コード": 10, "市区町村コード": 204, "所在地": "群馬県伊勢崎市平和町２６－３２", "緯度": 36.321815, "経度": 139.197892, "url": "https://www.iryou.teikyouseido.mhlw.go.jp/znk-web/juminkanja/S2430/initialize?prefCd=10&kikanCd=6102000847&kikanKbn=5", "url2": null, "内容": "薬局江原良彰【5:薬局】群馬県伊勢崎市平和町２６－３２" }, "geometry": { "type": "Point", "coordinates": [ 139.197892, 36.321815 ] } },
{ "type": "Feature", "properties": { "ID": 1056102000848, "正式名称": "共創未来大利根薬局", "機関区分": 5, "都道府県コード": 10, "市区町村コード": 201, "所在地": "群馬県前橋市大利根町１－３３－６", "緯度": 36.362975, "経度": 139.05754, "url": "https://www.iryou.teikyouseido.mhlw.go.jp/znk-web/juminkanja/S2430/initialize?prefCd=10&kikanCd=6102000848&kikanKbn=5", "url2": "http://www.phmirai.co.jp/shops/detail.php?id=175", "内容": "共創未来大利根薬局【5:薬局】群馬県前橋市大利根町１－３３－６" }, "geometry": { "type": "Point", "coordinates": [ 139.05754, 36.362975 ] } },
{ "type": "Feature", "properties": { "ID": 1056102000849, "正式名称": "あさひ調剤薬局", "機関区分": 5, "都道府県コード": 10, "市区町村コード": 209, "所在地": "群馬県藤岡市藤岡６２３－１８", "緯度": 36.248932, "経度": 139.083182, "url": "https://www.iryou.teikyouseido.mhlw.go.jp/znk-web/juminkanja/S2430/initialize?prefCd=10&kikanCd=6102000849&kikanKbn=5", "url2": null, "内容": "あさひ調剤薬局【5:薬局】群馬県藤岡市藤岡６２３－１８" }, "geometry": { "type": "Point", "coordinates": [ 139.083182, 36.248932 ] } },
{ "type": "Feature", "properties": { "ID": 1056102000850, "正式名称": "ウイン調剤薬局下大島店", "機関区分": 5, "都道府県コード": 10, "市区町村コード": 201, "所在地": "群馬県前橋市下大島町７４１－１", "緯度": 36.359643, "経度": 139.124868, "url": "https://www.iryou.teikyouseido.mhlw.go.jp/znk-web/juminkanja/S2430/initialize?prefCd=10&kikanCd=6102000850&kikanKbn=5", "url2": "http://www.winpharma.jp", "内容": "ウイン調剤薬局下大島店【5:薬局】群馬県前橋市下大島町７４１－１" }, "geometry": { "type": "Point", "coordinates": [ 139.124868, 36.359643 ] } },
{ "type": "Feature", "properties": { "ID": 1056102000851, "正式名称": "ユニスマイル薬局　館林中央店", "機関区分": 5, "都道府県コード": 10, "市区町村コード": 207, "所在地": "群馬県館林市西本町５－１", "緯度": 36.250828, "経度": 139.529534, "url": "https://www.iryou.teikyouseido.mhlw.go.jp/znk-web/juminkanja/S2430/initialize?prefCd=10&kikanCd=6102000851&kikanKbn=5", "url2": "http://www.unismile.co.jp", "内容": "ユニスマイル薬局　館林中央店【5:薬局】群馬県館林市西本町５－１" }, "geometry": { "type": "Point", "coordinates": [ 139.529534, 36.250828 ] } },
{ "type": "Feature", "properties": { "ID": 1056102000853, "正式名称": "エース調剤薬局", "機関区分": 5, "都道府県コード": 10, "市区町村コード": 464, "所在地": "群馬県佐波郡玉村町角渕５０６６番３", "緯度": 36.291392, "経度": 139.116872, "url": "https://www.iryou.teikyouseido.mhlw.go.jp/znk-web/juminkanja/S2430/initialize?prefCd=10&kikanCd=6102000853&kikanKbn=5", "url2": "https://www.t3pharmacy.com", "内容": "エース調剤薬局【5:薬局】群馬県佐波郡玉村町角渕５０６６番３" }, "geometry": { "type": "Point", "coordinates": [ 139.116872, 36.291392 ] } },
{ "type": "Feature", "properties": { "ID": 1056102000854, "正式名称": "（有）タカノ薬局北店", "機関区分": 5, "都道府県コード": 10, "市区町村コード": 204, "所在地": "群馬県伊勢崎市波志江町２７７９－６", "緯度": 36.358068, "経度": 139.189112, "url": "https://www.iryou.teikyouseido.mhlw.go.jp/znk-web/juminkanja/S2430/initialize?prefCd=10&kikanCd=6102000854&kikanKbn=5", "url2": null, "内容": "（有）タカノ薬局北店【5:薬局】群馬県伊勢崎市波志江町２７７９－６" }, "geometry": { "type": "Point", "coordinates": [ 139.189112, 36.358068 ] } },
{ "type": "Feature", "properties": { "ID": 1056102000855, "正式名称": "コスモファーマ薬局並榎店", "機関区分": 5, "都道府県コード": 10, "市区町村コード": 202, "所在地": "群馬県高崎市上並榎町４１２－３", "緯度": 36.343337, "経度": 138.988408, "url": "https://www.iryou.teikyouseido.mhlw.go.jp/znk-web/juminkanja/S2430/initialize?prefCd=10&kikanCd=6102000855&kikanKbn=5", "url2": "http://www.cosmo-ph.co.jp/", "内容": "コスモファーマ薬局並榎店【5:薬局】群馬県高崎市上並榎町４１２－３" }, "geometry": { "type": "Point", "coordinates": [ 138.988408, 36.343337 ] } },
{ "type": "Feature", "properties": { "ID": 1056102000856, "正式名称": "すばる薬局塚沢店", "機関区分": 5, "都道府県コード": 10, "市区町村コード": 202, "所在地": "群馬県高崎市天神町１１８", "緯度": 36.341462, "経度": 139.017531, "url": "https://www.iryou.teikyouseido.mhlw.go.jp/znk-web/juminkanja/S2430/initialize?prefCd=10&kikanCd=6102000856&kikanKbn=5", "url2": "http://www.subaru-ph.com/", "内容": "すばる薬局塚沢店【5:薬局】群馬県高崎市天神町１１８" }, "geometry": { "type": "Point", "coordinates": [ 139.017531, 36.341462 ] } },
{ "type": "Feature", "properties": { "ID": 1056102000857, "正式名称": "日本調剤　前橋日赤前薬局", "機関区分": 5, "都道府県コード": 10, "市区町村コード": 201, "所在地": "群馬県前橋市朝倉町４２１ー１", "緯度": 36.358329, "経度": 139.09319, "url": "https://www.iryou.teikyouseido.mhlw.go.jp/znk-web/juminkanja/S2430/initialize?prefCd=10&kikanCd=6102000857&kikanKbn=5", "url2": "https://www.nicho.co.jp/tenpo/maebasinissekimae/", "内容": "日本調剤　前橋日赤前薬局【5:薬局】群馬県前橋市朝倉町４２１ー１" }, "geometry": { "type": "Point", "coordinates": [ 139.09319, 36.358329 ] } },
{ "type": "Feature", "properties": { "ID": 1056102000858, "正式名称": "ピーチ薬局", "機関区分": 5, "都道府県コード": 10, "市区町村コード": 345, "所在地": "群馬県北群馬郡吉岡町大久保２２４３－１４", "緯度": 36.437661, "経度": 139.017818, "url": "https://www.iryou.teikyouseido.mhlw.go.jp/znk-web/juminkanja/S2430/initialize?prefCd=10&kikanCd=6102000858&kikanKbn=5", "url2": null, "内容": "ピーチ薬局【5:薬局】群馬県北群馬郡吉岡町大久保２２４３－１４" }, "geometry": { "type": "Point", "coordinates": [ 139.017818, 36.437661 ] } },
{ "type": "Feature", "properties": { "ID": 1056102000859, "正式名称": "ユニスマイル薬局　伊勢崎店", "機関区分": 5, "都道府県コード": 10, "市区町村コード": 204, "所在地": "群馬県伊勢崎市南千木町５２２６－６", "緯度": 36.292013, "経度": 139.216336, "url": "https://www.iryou.teikyouseido.mhlw.go.jp/znk-web/juminkanja/S2430/initialize?prefCd=10&kikanCd=6102000859&kikanKbn=5", "url2": null, "内容": "ユニスマイル薬局　伊勢崎店【5:薬局】群馬県伊勢崎市南千木町５２２６－６" }, "geometry": { "type": "Point", "coordinates": [ 139.216336, 36.292013 ] } },
{ "type": "Feature", "properties": { "ID": 1056102000861, "正式名称": "富士薬局大島店", "機関区分": 5, "都道府県コード": 10, "市区町村コード": 205, "所在地": "群馬県太田市大島町１２５－１－３", "緯度": 36.296977, "経度": 139.360886, "url": "https://www.iryou.teikyouseido.mhlw.go.jp/znk-web/juminkanja/S2430/initialize?prefCd=10&kikanCd=6102000861&kikanKbn=5", "url2": "https://fujiph.co.jp", "内容": "富士薬局大島店【5:薬局】群馬県太田市大島町１２５－１－３" }, "geometry": { "type": "Point", "coordinates": [ 139.360886, 36.296977 ] } },
{ "type": "Feature", "properties": { "ID": 1056102000862, "正式名称": "とうやく薬局", "機関区分": 5, "都道府県コード": 10, "市区町村コード": 202, "所在地": "群馬県高崎市上豊岡町８１７－４", "緯度": 36.343698, "経度": 138.970465, "url": "https://www.iryou.teikyouseido.mhlw.go.jp/znk-web/juminkanja/S2430/initialize?prefCd=10&kikanCd=6102000862&kikanKbn=5", "url2": "http://nttbj.itp.ne.jp/0273881089/index.html", "内容": "とうやく薬局【5:薬局】群馬県高崎市上豊岡町８１７－４" }, "geometry": { "type": "Point", "coordinates": [ 138.970465, 36.343698 ] } },
{ "type": "Feature", "properties": { "ID": 1056102000863, "正式名称": "前橋南薬局", "機関区分": 5, "都道府県コード": 10, "市区町村コード": 201, "所在地": "群馬県前橋市ぬで島町５６－１", "緯度": 36.361397, "経度": 139.077269, "url": "https://www.iryou.teikyouseido.mhlw.go.jp/znk-web/juminkanja/S2430/initialize?prefCd=10&kikanCd=6102000863&kikanKbn=5", "url2": "https://maebashi-minami-ph.jp", "内容": "前橋南薬局【5:薬局】群馬県前橋市ぬで島町５６－１" }, "geometry": { "type": "Point", "coordinates": [ 139.077269, 36.361397 ] } },
{ "type": "Feature", "properties": { "ID": 1056102000864, "正式名称": "リズム薬局", "機関区分": 5, "都道府県コード": 10, "市区町村コード": 201, "所在地": "群馬県前橋市駒形町５７１―２", "緯度": 36.344451, "経度": 139.137201, "url": "https://www.iryou.teikyouseido.mhlw.go.jp/znk-web/juminkanja/S2430/initialize?prefCd=10&kikanCd=6102000864&kikanKbn=5", "url2": "http://www.a-nekt.co.jp/", "内容": "リズム薬局【5:薬局】群馬県前橋市駒形町５７１―２" }, "geometry": { "type": "Point", "coordinates": [ 139.137201, 36.344451 ] } },
{ "type": "Feature", "properties": { "ID": 1056102000865, "正式名称": "桜調剤薬局", "機関区分": 5, "都道府県コード": 10, "市区町村コード": 202, "所在地": "群馬県高崎市下小鳥町８８－２６", "緯度": 36.352281, "経度": 138.99849, "url": "https://www.iryou.teikyouseido.mhlw.go.jp/znk-web/juminkanja/S2430/initialize?prefCd=10&kikanCd=6102000865&kikanKbn=5", "url2": null, "内容": "桜調剤薬局【5:薬局】群馬県高崎市下小鳥町８８－２６" }, "geometry": { "type": "Point", "coordinates": [ 138.99849, 36.352281 ] } },
{ "type": "Feature", "properties": { "ID": 1056102000867, "正式名称": "なな薬局", "機関区分": 5, "都道府県コード": 10, "市区町村コード": 203, "所在地": "群馬県桐生市広沢町４－１９７０－１６１", "緯度": 36.39356, "経度": 139.328544, "url": "https://www.iryou.teikyouseido.mhlw.go.jp/znk-web/juminkanja/S2430/initialize?prefCd=10&kikanCd=6102000867&kikanKbn=5", "url2": null, "内容": "なな薬局【5:薬局】群馬県桐生市広沢町４－１９７０－１６１" }, "geometry": { "type": "Point", "coordinates": [ 139.328544, 36.39356 ] } },
{ "type": "Feature", "properties": { "ID": 1056102000868, "正式名称": "ユニスマイル薬局　ほほえみ店", "機関区分": 5, "都道府県コード": 10, "市区町村コード": 425, "所在地": "群馬県吾妻郡嬬恋村西窪前河原６５５－２", "緯度": 36.53526, "経度": 138.550054, "url": "https://www.iryou.teikyouseido.mhlw.go.jp/znk-web/juminkanja/S2430/initialize?prefCd=10&kikanCd=6102000868&kikanKbn=5", "url2": "https://unismile.co.jp/shop/hohoemi/", "内容": "ユニスマイル薬局　ほほえみ店【5:薬局】群馬県吾妻郡嬬恋村西窪前河原６５５－２" }, "geometry": { "type": "Point", "coordinates": [ 138.550054, 36.53526 ] } },
{ "type": "Feature", "properties": { "ID": 1056102000871, "正式名称": "ウエルシア薬局群馬大泉店", "機関区分": 5, "都道府県コード": 10, "市区町村コード": 524, "所在地": "群馬県邑楽郡大泉町吉田１９７７－２", "緯度": 36.241354, "経度": 139.403309, "url": "https://www.iryou.teikyouseido.mhlw.go.jp/znk-web/juminkanja/S2430/initialize?prefCd=10&kikanCd=6102000871&kikanKbn=5", "url2": "https://www.welcia-yakkyoku.co.jp", "内容": "ウエルシア薬局群馬大泉店【5:薬局】群馬県邑楽郡大泉町吉田１９７７－２" }, "geometry": { "type": "Point", "coordinates": [ 139.403309, 36.241354 ] } },
{ "type": "Feature", "properties": { "ID": 1056102000872, "正式名称": "ライオン薬局みなみ店", "機関区分": 5, "都道府県コード": 10, "市区町村コード": 203, "所在地": "群馬県桐生市本町３－４－２２", "緯度": 36.420363, "経度": 139.345014, "url": "https://www.iryou.teikyouseido.mhlw.go.jp/znk-web/juminkanja/S2430/initialize?prefCd=10&kikanCd=6102000872&kikanKbn=5", "url2": null, "内容": "ライオン薬局みなみ店【5:薬局】群馬県桐生市本町３－４－２２" }, "geometry": { "type": "Point", "coordinates": [ 139.345014, 36.420363 ] } },
{ "type": "Feature", "properties": { "ID": 1056102000873, "正式名称": "カワチ薬局　館林東店", "機関区分": 5, "都道府県コード": 10, "市区町村コード": 207, "所在地": "群馬県館林市楠町３６１３－１", "緯度": 36.239553, "経度": 139.57017, "url": "https://www.iryou.teikyouseido.mhlw.go.jp/znk-web/juminkanja/S2430/initialize?prefCd=10&kikanCd=6102000873&kikanKbn=5", "url2": "http://www.cawachi.co.jp", "内容": "カワチ薬局　館林東店【5:薬局】群馬県館林市楠町３６１３－１" }, "geometry": { "type": "Point", "coordinates": [ 139.57017, 36.239553 ] } },
{ "type": "Feature", "properties": { "ID": 1056102000874, "正式名称": "オハナ薬局大泉店", "機関区分": 5, "都道府県コード": 10, "市区町村コード": 524, "所在地": "群馬県邑楽郡大泉町仙石４－２０－２２", "緯度": 36.236411, "経度": 139.391074, "url": "https://www.iryou.teikyouseido.mhlw.go.jp/znk-web/juminkanja/S2430/initialize?prefCd=10&kikanCd=6102000874&kikanKbn=5", "url2": "http://www.winpharma.jp/", "内容": "オハナ薬局大泉店【5:薬局】群馬県邑楽郡大泉町仙石４－２０－２２" }, "geometry": { "type": "Point", "coordinates": [ 139.391074, 36.236411 ] } },
{ "type": "Feature", "properties": { "ID": 1056102000875, "正式名称": "共創未来　ながね薬局", "機関区分": 5, "都道府県コード": 10, "市区町村コード": 202, "所在地": "群馬県高崎市吉井町長根２１３７－３", "緯度": 36.244958, "経度": 138.962804, "url": "https://www.iryou.teikyouseido.mhlw.go.jp/znk-web/juminkanja/S2430/initialize?prefCd=10&kikanCd=6102000875&kikanKbn=5", "url2": null, "内容": "共創未来　ながね薬局【5:薬局】群馬県高崎市吉井町長根２１３７－３" }, "geometry": { "type": "Point", "coordinates": [ 138.962804, 36.244958 ] } },
{ "type": "Feature", "properties": { "ID": 1056102000876, "正式名称": "マルエ薬局倉賀野店", "機関区分": 5, "都道府県コード": 10, "市区町村コード": 202, "所在地": "群馬県高崎市倉賀野町４４３－２", "緯度": 36.299207, "経度": 139.035711, "url": "https://www.iryou.teikyouseido.mhlw.go.jp/znk-web/juminkanja/S2430/initialize?prefCd=10&kikanCd=6102000876&kikanKbn=5", "url2": "http://www.marue-drug.co.jp", "内容": "マルエ薬局倉賀野店【5:薬局】群馬県高崎市倉賀野町４４３－２" }, "geometry": { "type": "Point", "coordinates": [ 139.035711, 36.299207 ] } },
{ "type": "Feature", "properties": { "ID": 1056102000877, "正式名称": "ファイン薬局　成島", "機関区分": 5, "都道府県コード": 10, "市区町村コード": 207, "所在地": "群馬県館林市成島町２６６－３", "緯度": 36.24927, "経度": 139.519733, "url": "https://www.iryou.teikyouseido.mhlw.go.jp/znk-web/juminkanja/S2430/initialize?prefCd=10&kikanCd=6102000877&kikanKbn=5", "url2": "http://www.finegroup.jp", "内容": "ファイン薬局　成島【5:薬局】群馬県館林市成島町２６６－３" }, "geometry": { "type": "Point", "coordinates": [ 139.519733, 36.24927 ] } },
{ "type": "Feature", "properties": { "ID": 1056102000879, "正式名称": "柴崎薬局　下野田店", "機関区分": 5, "都道府県コード": 10, "市区町村コード": 345, "所在地": "群馬県北群馬郡吉岡町下野田７９０－３", "緯度": 36.449187, "経度": 139.007679, "url": "https://www.iryou.teikyouseido.mhlw.go.jp/znk-web/juminkanja/S2430/initialize?prefCd=10&kikanCd=6102000879&kikanKbn=5", "url2": null, "内容": "柴崎薬局　下野田店【5:薬局】群馬県北群馬郡吉岡町下野田７９０－３" }, "geometry": { "type": "Point", "coordinates": [ 139.007679, 36.449187 ] } },
{ "type": "Feature", "properties": { "ID": 1056102000880, "正式名称": "アルファーマ調剤薬局　大間々店", "機関区分": 5, "都道府県コード": 10, "市区町村コード": 212, "所在地": "群馬県みどり市大間々町大間々２１－３", "緯度": 36.430694, "経度": 139.27613, "url": "https://www.iryou.teikyouseido.mhlw.go.jp/znk-web/juminkanja/S2430/initialize?prefCd=10&kikanCd=6102000880&kikanKbn=5", "url2": "https://alpharma-medical.jp", "内容": "アルファーマ調剤薬局　大間々店【5:薬局】群馬県みどり市大間々町大間々２１－３" }, "geometry": { "type": "Point", "coordinates": [ 139.27613, 36.430694 ] } },
{ "type": "Feature", "properties": { "ID": 1056102000881, "正式名称": "カワチ薬局　桐生西店", "機関区分": 5, "都道府県コード": 10, "市区町村コード": 203, "所在地": "群馬県桐生市相生町５－４７０－４", "緯度": 36.41514, "経度": 139.28963, "url": "https://www.iryou.teikyouseido.mhlw.go.jp/znk-web/juminkanja/S2430/initialize?prefCd=10&kikanCd=6102000881&kikanKbn=5", "url2": "http://www.cawachi.co.jp", "内容": "カワチ薬局　桐生西店【5:薬局】群馬県桐生市相生町５－４７０－４" }, "geometry": { "type": "Point", "coordinates": [ 139.28963, 36.41514 ] } },
{ "type": "Feature", "properties": { "ID": 1056102000883, "正式名称": "ときざわ薬局", "機関区分": 5, "都道府県コード": 10, "市区町村コード": 201, "所在地": "群馬県前橋市富士見町時沢１８６９－４", "緯度": 36.435579, "経度": 139.08659, "url": "https://www.iryou.teikyouseido.mhlw.go.jp/znk-web/juminkanja/S2430/initialize?prefCd=10&kikanCd=6102000883&kikanKbn=5", "url2": null, "内容": "ときざわ薬局【5:薬局】群馬県前橋市富士見町時沢１８６９－４" }, "geometry": { "type": "Point", "coordinates": [ 139.08659, 36.435579 ] } },
{ "type": "Feature", "properties": { "ID": 1056102000884, "正式名称": "るんるん薬局", "機関区分": 5, "都道府県コード": 10, "市区町村コード": 202, "所在地": "群馬県高崎市江木町　２３０－２１", "緯度": 36.331172, "経度": 139.022072, "url": "https://www.iryou.teikyouseido.mhlw.go.jp/znk-web/juminkanja/S2430/initialize?prefCd=10&kikanCd=6102000884&kikanKbn=5", "url2": null, "内容": "るんるん薬局【5:薬局】群馬県高崎市江木町　２３０－２１" }, "geometry": { "type": "Point", "coordinates": [ 139.022072, 36.331172 ] } },
{ "type": "Feature", "properties": { "ID": 1056102000885, "正式名称": "ウエルシア薬局安中店", "機関区分": 5, "都道府県コード": 10, "市区町村コード": 211, "所在地": "群馬県安中市安中４－８－１２", "緯度": 36.333326, "経度": 138.904185, "url": "https://www.iryou.teikyouseido.mhlw.go.jp/znk-web/juminkanja/S2430/initialize?prefCd=10&kikanCd=6102000885&kikanKbn=5", "url2": "http://www.welcia-yakkyoku.co.jp/", "内容": "ウエルシア薬局安中店【5:薬局】群馬県安中市安中４－８－１２" }, "geometry": { "type": "Point", "coordinates": [ 138.904185, 36.333326 ] } },
{ "type": "Feature", "properties": { "ID": 1056102000886, "正式名称": "プラス薬局高崎矢中店", "機関区分": 5, "都道府県コード": 10, "市区町村コード": 202, "所在地": "群馬県高崎市矢中町", "緯度": 36.316075, "経度": 139.047068, "url": "https://www.iryou.teikyouseido.mhlw.go.jp/znk-web/juminkanja/S2430/initialize?prefCd=10&kikanCd=6102000886&kikanKbn=5", "url2": "http://www.pharma-plus.co.jp/https://www.pharma-plus.co.jp/", "内容": "プラス薬局高崎矢中店【5:薬局】群馬県高崎市矢中町" }, "geometry": { "type": "Point", "coordinates": [ 139.047068, 36.316075 ] } },
{ "type": "Feature", "properties": { "ID": 1056102000888, "正式名称": "本郷薬局", "機関区分": 5, "都道府県コード": 10, "市区町村コード": 202, "所在地": "群馬県高崎市本郷町１４２７－１", "緯度": 36.366611, "経度": 138.939133, "url": "https://www.iryou.teikyouseido.mhlw.go.jp/znk-web/juminkanja/S2430/initialize?prefCd=10&kikanCd=6102000888&kikanKbn=5", "url2": null, "内容": "本郷薬局【5:薬局】群馬県高崎市本郷町１４２７－１" }, "geometry": { "type": "Point", "coordinates": [ 138.939133, 36.366611 ] } },
{ "type": "Feature", "properties": { "ID": 1056102000889, "正式名称": "スマイル調剤薬局", "機関区分": 5, "都道府県コード": 10, "市区町村コード": 421, "所在地": "群馬県吾妻郡中之条町伊勢町７５６番地１", "緯度": 36.590142, "経度": 138.855574, "url": "https://www.iryou.teikyouseido.mhlw.go.jp/znk-web/juminkanja/S2430/initialize?prefCd=10&kikanCd=6102000889&kikanKbn=5", "url2": "https://www.ui-smile.com", "内容": "スマイル調剤薬局【5:薬局】群馬県吾妻郡中之条町伊勢町７５６番地１" }, "geometry": { "type": "Point", "coordinates": [ 138.855574, 36.590142 ] } },
{ "type": "Feature", "properties": { "ID": 1056102000890, "正式名称": "あおば薬局高崎店", "機関区分": 5, "都道府県コード": 10, "市区町村コード": 202, "所在地": "群馬県高崎市上中居町", "緯度": 36.325403, "経度": 139.032959, "url": "https://www.iryou.teikyouseido.mhlw.go.jp/znk-web/juminkanja/S2430/initialize?prefCd=10&kikanCd=6102000890&kikanKbn=5", "url2": "http://www.g-hokenkikaku.co.jp", "内容": "あおば薬局高崎店【5:薬局】群馬県高崎市上中居町" }, "geometry": { "type": "Point", "coordinates": [ 139.032959, 36.325403 ] } },
{ "type": "Feature", "properties": { "ID": 1056102000891, "正式名称": "ファイン薬局　大間々", "機関区分": 5, "都道府県コード": 10, "市区町村コード": 212, "所在地": "群馬県みどり市大間々町大間々５６６－７", "緯度": 36.421859, "経度": 139.279368, "url": "https://www.iryou.teikyouseido.mhlw.go.jp/znk-web/juminkanja/S2430/initialize?prefCd=10&kikanCd=6102000891&kikanKbn=5", "url2": "http://www.finegroup.jp/", "内容": "ファイン薬局　大間々【5:薬局】群馬県みどり市大間々町大間々５６６－７" }, "geometry": { "type": "Point", "coordinates": [ 139.279368, 36.421859 ] } },
{ "type": "Feature", "properties": { "ID": 1056102000893, "正式名称": "クスリのアオキ藤阿久薬局", "機関区分": 5, "都道府県コード": 10, "市区町村コード": 205, "所在地": "群馬県太田市藤阿久町７４６－４", "緯度": 36.28871, "経度": 139.356574, "url": "https://www.iryou.teikyouseido.mhlw.go.jp/znk-web/juminkanja/S2430/initialize?prefCd=10&kikanCd=6102000893&kikanKbn=5", "url2": "http://www.kusuri-aoki.co.jp/", "内容": "クスリのアオキ藤阿久薬局【5:薬局】群馬県太田市藤阿久町７４６－４" }, "geometry": { "type": "Point", "coordinates": [ 139.356574, 36.28871 ] } },
{ "type": "Feature", "properties": { "ID": 1056102000894, "正式名称": "そうごう薬局　相生店", "機関区分": 5, "都道府県コード": 10, "市区町村コード": 203, "所在地": "群馬県桐生市相生町３丁目１７１－２５", "緯度": 36.401392, "経度": 139.316961, "url": "https://www.iryou.teikyouseido.mhlw.go.jp/znk-web/juminkanja/S2430/initialize?prefCd=10&kikanCd=6102000894&kikanKbn=5", "url2": "https://www.sogo-medical.co.jp/sogopharmacy/shop/view/438", "内容": "そうごう薬局　相生店【5:薬局】群馬県桐生市相生町３丁目１７１－２５" }, "geometry": { "type": "Point", "coordinates": [ 139.316961, 36.401392 ] } },
{ "type": "Feature", "properties": { "ID": 1056102000896, "正式名称": "クスリのアオキ南千木薬局", "機関区分": 5, "都道府県コード": 10, "市区町村コード": 204, "所在地": "群馬県伊勢崎市南千木町５２１１番地４", "緯度": 36.299318, "経度": 139.214891, "url": "https://www.iryou.teikyouseido.mhlw.go.jp/znk-web/juminkanja/S2430/initialize?prefCd=10&kikanCd=6102000896&kikanKbn=5", "url2": "http://www.kusuri-aoki.co.jp/", "内容": "クスリのアオキ南千木薬局【5:薬局】群馬県伊勢崎市南千木町５２１１番地４" }, "geometry": { "type": "Point", "coordinates": [ 139.214891, 36.299318 ] } },
{ "type": "Feature", "properties": { "ID": 1056102000897, "正式名称": "富士薬局東前橋店", "機関区分": 5, "都道府県コード": 10, "市区町村コード": 201, "所在地": "群馬県前橋市堀之下町４８５ー３", "緯度": 36.391251, "経度": 139.124283, "url": "https://www.iryou.teikyouseido.mhlw.go.jp/znk-web/juminkanja/S2430/initialize?prefCd=10&kikanCd=6102000897&kikanKbn=5", "url2": "https://fujiph.co.jp", "内容": "富士薬局東前橋店【5:薬局】群馬県前橋市堀之下町４８５ー３" }, "geometry": { "type": "Point", "coordinates": [ 139.124283, 36.391251 ] } },
{ "type": "Feature", "properties": { "ID": 1056102000898, "正式名称": "笠懸中央薬局　阿左美店", "機関区分": 5, "都道府県コード": 10, "市区町村コード": 212, "所在地": "群馬県みどり市笠懸町阿左美１１４６－７", "緯度": 36.394809, "経度": 139.29688, "url": "https://www.iryou.teikyouseido.mhlw.go.jp/znk-web/juminkanja/S2430/initialize?prefCd=10&kikanCd=6102000898&kikanKbn=5", "url2": null, "内容": "笠懸中央薬局　阿左美店【5:薬局】群馬県みどり市笠懸町阿左美１１４６－７" }, "geometry": { "type": "Point", "coordinates": [ 139.29688, 36.394809 ] } },
{ "type": "Feature", "properties": { "ID": 1056102000900, "正式名称": "オハナ薬局若葉町店", "機関区分": 5, "都道府県コード": 10, "市区町村コード": 204, "所在地": "群馬県伊勢崎市若葉町１５－２", "緯度": 36.319704, "経度": 139.187754, "url": "https://www.iryou.teikyouseido.mhlw.go.jp/znk-web/juminkanja/S2430/initialize?prefCd=10&kikanCd=6102000900&kikanKbn=5", "url2": null, "内容": "オハナ薬局若葉町店【5:薬局】群馬県伊勢崎市若葉町１５－２" }, "geometry": { "type": "Point", "coordinates": [ 139.187754, 36.319704 ] } },
{ "type": "Feature", "properties": { "ID": 1056102000901, "正式名称": "オハナ薬局　松井田店", "機関区分": 5, "都道府県コード": 10, "市区町村コード": 211, "所在地": "群馬県安中市松井田町松井田", "緯度": 36.314865, "経度": 138.810591, "url": "https://www.iryou.teikyouseido.mhlw.go.jp/znk-web/juminkanja/S2430/initialize?prefCd=10&kikanCd=6102000901&kikanKbn=5", "url2": "http://www.winpharma.jp/", "内容": "オハナ薬局　松井田店【5:薬局】群馬県安中市松井田町松井田" }, "geometry": { "type": "Point", "coordinates": [ 138.810591, 36.314865 ] } },
{ "type": "Feature", "properties": { "ID": 1056102000906, "正式名称": "富士薬局　南矢島店", "機関区分": 5, "都道府県コード": 10, "市区町村コード": 205, "所在地": "群馬県太田市南矢島町３２ー５", "緯度": 36.264766, "経度": 139.381944, "url": "https://www.iryou.teikyouseido.mhlw.go.jp/znk-web/juminkanja/S2430/initialize?prefCd=10&kikanCd=6102000906&kikanKbn=5", "url2": "https://aikea.ne.jp", "内容": "富士薬局　南矢島店【5:薬局】群馬県太田市南矢島町３２ー５" }, "geometry": { "type": "Point", "coordinates": [ 139.381944, 36.264766 ] } },
{ "type": "Feature", "properties": { "ID": 1056102000907, "正式名称": "このは薬局　笠懸店", "機関区分": 5, "都道府県コード": 10, "市区町村コード": 212, "所在地": "群馬県みどり市笠懸町鹿２３６６－３", "緯度": 36.393753, "経度": 139.276937, "url": "https://www.iryou.teikyouseido.mhlw.go.jp/znk-web/juminkanja/S2430/initialize?prefCd=10&kikanCd=6102000907&kikanKbn=5", "url2": "http://www.a-nekt.co.jp", "内容": "このは薬局　笠懸店【5:薬局】群馬県みどり市笠懸町鹿２３６６－３" }, "geometry": { "type": "Point", "coordinates": [ 139.276937, 36.393753 ] } },
{ "type": "Feature", "properties": { "ID": 1056102000909, "正式名称": "ウイン調剤薬局高崎店", "機関区分": 5, "都道府県コード": 10, "市区町村コード": 202, "所在地": "群馬県高崎市高関町２９３－１０", "緯度": 36.325867, "経度": 139.029322, "url": "https://www.iryou.teikyouseido.mhlw.go.jp/znk-web/juminkanja/S2430/initialize?prefCd=10&kikanCd=6102000909&kikanKbn=5", "url2": "http://www.winpharma.jp/index.html", "内容": "ウイン調剤薬局高崎店【5:薬局】群馬県高崎市高関町２９３－１０" }, "geometry": { "type": "Point", "coordinates": [ 139.029322, 36.325867 ] } },
{ "type": "Feature", "properties": { "ID": 1056102000910, "正式名称": "ドラッグセイムス高崎片岡町薬局", "機関区分": 5, "都道府県コード": 10, "市区町村コード": 202, "所在地": "群馬県高崎市片岡町３－１０－１２", "緯度": 36.320006, "経度": 138.998103, "url": "https://www.iryou.teikyouseido.mhlw.go.jp/znk-web/juminkanja/S2430/initialize?prefCd=10&kikanCd=6102000910&kikanKbn=5", "url2": "http://www.fujiyakuhin.co.jp/link.html", "内容": "ドラッグセイムス高崎片岡町薬局【5:薬局】群馬県高崎市片岡町３－１０－１２" }, "geometry": { "type": "Point", "coordinates": [ 138.998103, 36.320006 ] } },
{ "type": "Feature", "properties": { "ID": 1056102000912, "正式名称": "三協ファーマシー安堀店", "機関区分": 5, "都道府県コード": 10, "市区町村コード": 204, "所在地": "群馬県伊勢崎市安堀町１２７－１２", "緯度": 36.332508, "経度": 139.178226, "url": "https://www.iryou.teikyouseido.mhlw.go.jp/znk-web/juminkanja/S2430/initialize?prefCd=10&kikanCd=6102000912&kikanKbn=5", "url2": "https://www.s-ci.jp", "内容": "三協ファーマシー安堀店【5:薬局】群馬県伊勢崎市安堀町１２７－１２" }, "geometry": { "type": "Point", "coordinates": [ 139.178226, 36.332508 ] } },
{ "type": "Feature", "properties": { "ID": 1056102000913, "正式名称": "ゆず薬局連取店", "機関区分": 5, "都道府県コード": 10, "市区町村コード": 204, "所在地": "群馬県伊勢崎市連取町３６４－３", "緯度": 36.321537, "経度": 139.173539, "url": "https://www.iryou.teikyouseido.mhlw.go.jp/znk-web/juminkanja/S2430/initialize?prefCd=10&kikanCd=6102000913&kikanKbn=5", "url2": "http://yuzu-pharmacy.com", "内容": "ゆず薬局連取店【5:薬局】群馬県伊勢崎市連取町３６４－３" }, "geometry": { "type": "Point", "coordinates": [ 139.173539, 36.321537 ] } },
{ "type": "Feature", "properties": { "ID": 1056102000914, "正式名称": "うさぎ薬局　正観寺店", "機関区分": 5, "都道府県コード": 10, "市区町村コード": 202, "所在地": "群馬県高崎市正観寺町６５２－５", "緯度": 36.367038, "経度": 139.017477, "url": "https://www.iryou.teikyouseido.mhlw.go.jp/znk-web/juminkanja/S2430/initialize?prefCd=10&kikanCd=6102000914&kikanKbn=5", "url2": null, "内容": "うさぎ薬局　正観寺店【5:薬局】群馬県高崎市正観寺町６５２－５" }, "geometry": { "type": "Point", "coordinates": [ 139.017477, 36.367038 ] } },
{ "type": "Feature", "properties": { "ID": 1056102000915, "正式名称": "ユニスマイル薬局　太田店", "機関区分": 5, "都道府県コード": 10, "市区町村コード": 205, "所在地": "群馬県太田市新野町９７１－３", "緯度": 36.300931, "経度": 139.349463, "url": "https://www.iryou.teikyouseido.mhlw.go.jp/znk-web/juminkanja/S2430/initialize?prefCd=10&kikanCd=6102000915&kikanKbn=5", "url2": "https://unismile.co.jp", "内容": "ユニスマイル薬局　太田店【5:薬局】群馬県太田市新野町９７１－３" }, "geometry": { "type": "Point", "coordinates": [ 139.349463, 36.300931 ] } },
{ "type": "Feature", "properties": { "ID": 1056102000917, "正式名称": "ウエルシア薬局高崎中居店", "機関区分": 5, "都道府県コード": 10, "市区町村コード": 202, "所在地": "群馬県高崎市中居町", "緯度": 36.319201, "経度": 139.038294, "url": "https://www.iryou.teikyouseido.mhlw.go.jp/znk-web/juminkanja/S2430/initialize?prefCd=10&kikanCd=6102000917&kikanKbn=5", "url2": "https://stores.welcia.co.jp/125D", "内容": "ウエルシア薬局高崎中居店【5:薬局】群馬県高崎市中居町" }, "geometry": { "type": "Point", "coordinates": [ 139.038294, 36.319201 ] } },
{ "type": "Feature", "properties": { "ID": 1056102000918, "正式名称": "トマト薬局　問屋町店", "機関区分": 5, "都道府県コード": 10, "市区町村コード": 202, "所在地": "群馬県高崎市問屋町１－８－２", "緯度": 36.34917, "経度": 139.007906, "url": "https://www.iryou.teikyouseido.mhlw.go.jp/znk-web/juminkanja/S2430/initialize?prefCd=10&kikanCd=6102000918&kikanKbn=5", "url2": null, "内容": "トマト薬局　問屋町店【5:薬局】群馬県高崎市問屋町１－８－２" }, "geometry": { "type": "Point", "coordinates": [ 139.007906, 36.34917 ] } },
{ "type": "Feature", "properties": { "ID": 1056102000919, "正式名称": "かえで薬局　伊勢崎太田町", "機関区分": 5, "都道府県コード": 10, "市区町村コード": 204, "所在地": "群馬県伊勢崎市安堀町１９０４ー６", "緯度": 36.331481, "経度": 139.186364, "url": "https://www.iryou.teikyouseido.mhlw.go.jp/znk-web/juminkanja/S2430/initialize?prefCd=10&kikanCd=6102000919&kikanKbn=5", "url2": "http://medip.net", "内容": "かえで薬局　伊勢崎太田町【5:薬局】群馬県伊勢崎市安堀町１９０４ー６" }, "geometry": { "type": "Point", "coordinates": [ 139.186364, 36.331481 ] } },
{ "type": "Feature", "properties": { "ID": 1056102000920, "正式名称": "ウエルシア薬局下仁田店", "機関区分": 5, "都道府県コード": 10, "市区町村コード": 382, "所在地": "群馬県甘楽郡下仁田町下仁田３８８－１", "緯度": 36.211731, "経度": 138.785116, "url": "https://www.iryou.teikyouseido.mhlw.go.jp/znk-web/juminkanja/S2430/initialize?prefCd=10&kikanCd=6102000920&kikanKbn=5", "url2": "https://www.welcia-yakkyoku.co.jp/", "内容": "ウエルシア薬局下仁田店【5:薬局】群馬県甘楽郡下仁田町下仁田３８８－１" }, "geometry": { "type": "Point", "coordinates": [ 138.785116, 36.211731 ] } },
{ "type": "Feature", "properties": { "ID": 1056102000921, "正式名称": "カワチ薬局　高崎駅東店", "機関区分": 5, "都道府県コード": 10, "市区町村コード": 202, "所在地": "群馬県高崎市高関町４４－１", "緯度": 36.322646, "経度": 139.028099, "url": "https://www.iryou.teikyouseido.mhlw.go.jp/znk-web/juminkanja/S2430/initialize?prefCd=10&kikanCd=6102000921&kikanKbn=5", "url2": "http://www.cawachi.co.jp", "内容": "カワチ薬局　高崎駅東店【5:薬局】群馬県高崎市高関町４４－１" }, "geometry": { "type": "Point", "coordinates": [ 139.028099, 36.322646 ] } },
{ "type": "Feature", "properties": { "ID": 1056102000922, "正式名称": "プラス薬局　高崎吉井店", "機関区分": 5, "都道府県コード": 10, "市区町村コード": 202, "所在地": "群馬県高崎市吉井町本郷６５－１", "緯度": 36.258485, "経度": 138.973996, "url": "https://www.iryou.teikyouseido.mhlw.go.jp/znk-web/juminkanja/S2430/initialize?prefCd=10&kikanCd=6102000922&kikanKbn=5", "url2": "https://www.pharma-plus.co.jp/", "内容": "プラス薬局　高崎吉井店【5:薬局】群馬県高崎市吉井町本郷６５－１" }, "geometry": { "type": "Point", "coordinates": [ 138.973996, 36.258485 ] } },
{ "type": "Feature", "properties": { "ID": 1056102000923, "正式名称": "ユニスマイル薬局　しょうわ店", "機関区分": 5, "都道府県コード": 10, "市区町村コード": 204, "所在地": "群馬県伊勢崎市昭和町１６８７－６", "緯度": 36.331869, "経度": 139.205425, "url": "https://www.iryou.teikyouseido.mhlw.go.jp/znk-web/juminkanja/S2430/initialize?prefCd=10&kikanCd=6102000923&kikanKbn=5", "url2": "http://www.unismile.co.jp", "内容": "ユニスマイル薬局　しょうわ店【5:薬局】群馬県伊勢崎市昭和町１６８７－６" }, "geometry": { "type": "Point", "coordinates": [ 139.205425, 36.331869 ] } },
{ "type": "Feature", "properties": { "ID": 1056102000924, "正式名称": "カワチ薬局　渋川店", "機関区分": 5, "都道府県コード": 10, "市区町村コード": 208, "所在地": "群馬県渋川市阿久津字北原１５", "緯度": 36.508653, "経度": 139.003621, "url": "https://www.iryou.teikyouseido.mhlw.go.jp/znk-web/juminkanja/S2430/initialize?prefCd=10&kikanCd=6102000924&kikanKbn=5", "url2": "http://www.cawachi.co.jp", "内容": "カワチ薬局　渋川店【5:薬局】群馬県渋川市阿久津字北原１５" }, "geometry": { "type": "Point", "coordinates": [ 139.003621, 36.508653 ] } },
{ "type": "Feature", "properties": { "ID": 1056102000925, "正式名称": "なの花薬局伊勢崎昭和町店", "機関区分": 5, "都道府県コード": 10, "市区町村コード": 204, "所在地": "群馬県伊勢崎市昭和町１６８７－３", "緯度": 36.332067, "経度": 139.205371, "url": "https://www.iryou.teikyouseido.mhlw.go.jp/znk-web/juminkanja/S2430/initialize?prefCd=10&kikanCd=6102000925&kikanKbn=5", "url2": "https://www.nanohana-ph.jp/", "内容": "なの花薬局伊勢崎昭和町店【5:薬局】群馬県伊勢崎市昭和町１６８７－３" }, "geometry": { "type": "Point", "coordinates": [ 139.205371, 36.332067 ] } },
{ "type": "Feature", "properties": { "ID": 1056102000928, "正式名称": "アイセイ薬局伊勢崎店", "機関区分": 5, "都道府県コード": 10, "市区町村コード": 204, "所在地": "群馬県伊勢崎市境百々１７１－８", "緯度": 36.279876, "経度": 139.252056, "url": "https://www.iryou.teikyouseido.mhlw.go.jp/znk-web/juminkanja/S2430/initialize?prefCd=10&kikanCd=6102000928&kikanKbn=5", "url2": "http://www.aisei.co.jp/", "内容": "アイセイ薬局伊勢崎店【5:薬局】群馬県伊勢崎市境百々１７１－８" }, "geometry": { "type": "Point", "coordinates": [ 139.252056, 36.279876 ] } },
{ "type": "Feature", "properties": { "ID": 1056102000929, "正式名称": "やまな薬局", "機関区分": 5, "都道府県コード": 10, "市区町村コード": 202, "所在地": "群馬県高崎市山名町１５４８", "緯度": 36.280539, "経度": 139.024991, "url": "https://www.iryou.teikyouseido.mhlw.go.jp/znk-web/juminkanja/S2430/initialize?prefCd=10&kikanCd=6102000929&kikanKbn=5", "url2": "https://yamaphar.com", "内容": "やまな薬局【5:薬局】群馬県高崎市山名町１５４８" }, "geometry": { "type": "Point", "coordinates": [ 139.024991, 36.280539 ] } },
{ "type": "Feature", "properties": { "ID": 1056102000930, "正式名称": "アイン薬局　榛名町店", "機関区分": 5, "都道府県コード": 10, "市区町村コード": 202, "所在地": "群馬県高崎市中室田町５９９８", "緯度": 36.39727, "経度": 138.858347, "url": "https://www.iryou.teikyouseido.mhlw.go.jp/znk-web/juminkanja/S2430/initialize?prefCd=10&kikanCd=6102000930&kikanKbn=5", "url2": "https://www.ainj.co.jp/network/detail.html?pdid=1567", "内容": "アイン薬局　榛名町店【5:薬局】群馬県高崎市中室田町５９９８" }, "geometry": { "type": "Point", "coordinates": [ 138.858347, 36.39727 ] } },
{ "type": "Feature", "properties": { "ID": 1056102000931, "正式名称": "ウエルシア薬局高崎吉井店", "機関区分": 5, "都道府県コード": 10, "市区町村コード": 202, "所在地": "群馬県高崎市吉井町長根１５７６－１", "緯度": 36.250832, "経度": 138.966483, "url": "https://www.iryou.teikyouseido.mhlw.go.jp/znk-web/juminkanja/S2430/initialize?prefCd=10&kikanCd=6102000931&kikanKbn=5", "url2": "https://stores.welcia.co.jp/129D", "内容": "ウエルシア薬局高崎吉井店【5:薬局】群馬県高崎市吉井町長根１５７６－１" }, "geometry": { "type": "Point", "coordinates": [ 138.966483, 36.250832 ] } },
{ "type": "Feature", "properties": { "ID": 1056102000932, "正式名称": "いずみ薬局金古店", "機関区分": 5, "都道府県コード": 10, "市区町村コード": 202, "所在地": "群馬県高崎市金古町５２－５", "緯度": 36.411024, "経度": 139.001404, "url": "https://www.iryou.teikyouseido.mhlw.go.jp/znk-web/juminkanja/S2430/initialize?prefCd=10&kikanCd=6102000932&kikanKbn=5", "url2": "http://izumi-group.com", "内容": "いずみ薬局金古店【5:薬局】群馬県高崎市金古町５２－５" }, "geometry": { "type": "Point", "coordinates": [ 139.001404, 36.411024 ] } },
{ "type": "Feature", "properties": { "ID": 1056102000933, "正式名称": "クスリのアオキ飯塚薬局", "機関区分": 5, "都道府県コード": 10, "市区町村コード": 202, "所在地": "群馬県高崎市飯塚町７２３－１", "緯度": 36.341532, "経度": 139.006101, "url": "https://www.iryou.teikyouseido.mhlw.go.jp/znk-web/juminkanja/S2430/initialize?prefCd=10&kikanCd=6102000933&kikanKbn=5", "url2": "http://www.kusuri-aoki.co.jp", "内容": "クスリのアオキ飯塚薬局【5:薬局】群馬県高崎市飯塚町７２３－１" }, "geometry": { "type": "Point", "coordinates": [ 139.006101, 36.341532 ] } },
{ "type": "Feature", "properties": { "ID": 1056102000934, "正式名称": "クスリのアオキ田部井薬局", "機関区分": 5, "都道府県コード": 10, "市区町村コード": 204, "所在地": "群馬県伊勢崎市田部井町２丁目５３４番１", "緯度": 36.35409, "経度": 139.251747, "url": "https://www.iryou.teikyouseido.mhlw.go.jp/znk-web/juminkanja/S2430/initialize?prefCd=10&kikanCd=6102000934&kikanKbn=5", "url2": "https://www.kusuri-aoki.co.jp", "内容": "クスリのアオキ田部井薬局【5:薬局】群馬県伊勢崎市田部井町２丁目５３４番１" }, "geometry": { "type": "Point", "coordinates": [ 139.251747, 36.35409 ] } },
{ "type": "Feature", "properties": { "ID": 1056102000936, "正式名称": "あらまき薬局", "機関区分": 5, "都道府県コード": 10, "市区町村コード": 201, "所在地": "群馬県前橋市荒牧町２－２８－１", "緯度": 36.425524, "経度": 139.054149, "url": "https://www.iryou.teikyouseido.mhlw.go.jp/znk-web/juminkanja/S2430/initialize?prefCd=10&kikanCd=6102000936&kikanKbn=5", "url2": "https://kit-pharmacy.co.jp/shoplist", "内容": "あらまき薬局【5:薬局】群馬県前橋市荒牧町２－２８－１" }, "geometry": { "type": "Point", "coordinates": [ 139.054149, 36.425524 ] } },
{ "type": "Feature", "properties": { "ID": 1056102000937, "正式名称": "なんきつ調剤薬局", "機関区分": 5, "都道府県コード": 10, "市区町村コード": 201, "所在地": "群馬県前橋市荒牧町１－１５－５", "緯度": 36.425524, "経度": 139.054149, "url": "https://www.iryou.teikyouseido.mhlw.go.jp/znk-web/juminkanja/S2430/initialize?prefCd=10&kikanCd=6102000937&kikanKbn=5", "url2": "https://www.anjyu-group.com/", "内容": "なんきつ調剤薬局【5:薬局】群馬県前橋市荒牧町１－１５－５" }, "geometry": { "type": "Point", "coordinates": [ 139.054149, 36.425524 ] } },
{ "type": "Feature", "properties": { "ID": 1056102000938, "正式名称": "フロンティア薬局紅雲町店", "機関区分": 5, "都道府県コード": 10, "市区町村コード": 201, "所在地": "群馬県前橋市紅雲町１－２－１７", "緯度": 36.387056, "経度": 139.061483, "url": "https://www.iryou.teikyouseido.mhlw.go.jp/znk-web/juminkanja/S2430/initialize?prefCd=10&kikanCd=6102000938&kikanKbn=5", "url2": null, "内容": "フロンティア薬局紅雲町店【5:薬局】群馬県前橋市紅雲町１－２－１７" }, "geometry": { "type": "Point", "coordinates": [ 139.061483, 36.387056 ] } },
{ "type": "Feature", "properties": { "ID": 1056102000940, "正式名称": "コアラ薬局高崎店", "機関区分": 5, "都道府県コード": 10, "市区町村コード": 202, "所在地": "群馬県高崎市羅漢町３２番地　関口ビル１階", "緯度": 36.327617, "経度": 139.008685, "url": "https://www.iryou.teikyouseido.mhlw.go.jp/znk-web/juminkanja/S2430/initialize?prefCd=10&kikanCd=6102000940&kikanKbn=5", "url2": "http://www.g-hokenkikaku.co.jp", "内容": "コアラ薬局高崎店【5:薬局】群馬県高崎市羅漢町３２番地　関口ビル１階" }, "geometry": { "type": "Point", "coordinates": [ 139.008685, 36.327617 ] } },
{ "type": "Feature", "properties": { "ID": 1056102000941, "正式名称": "ウエルシア薬局前橋荒牧店", "機関区分": 5, "都道府県コード": 10, "市区町村コード": 201, "所在地": "群馬県前橋市荒牧町１－２４－１", "緯度": 36.425524, "経度": 139.054149, "url": "https://www.iryou.teikyouseido.mhlw.go.jp/znk-web/juminkanja/S2430/initialize?prefCd=10&kikanCd=6102000941&kikanKbn=5", "url2": "https://store.welcia.co.jp/welcia/spot/detail?code=132D", "内容": "ウエルシア薬局前橋荒牧店【5:薬局】群馬県前橋市荒牧町１－２４－１" }, "geometry": { "type": "Point", "coordinates": [ 139.054149, 36.425524 ] } },
{ "type": "Feature", "properties": { "ID": 1056102000946, "正式名称": "アイセイ薬局伊勢崎境店", "機関区分": 5, "都道府県コード": 10, "市区町村コード": 204, "所在地": "群馬県伊勢崎市境３９０", "緯度": 36.273821, "経度": 139.255084, "url": "https://www.iryou.teikyouseido.mhlw.go.jp/znk-web/juminkanja/S2430/initialize?prefCd=10&kikanCd=6102000946&kikanKbn=5", "url2": "http://www.aisei.co.jp/shop///tabid/188/pdid/433/Default.aspx", "内容": "アイセイ薬局伊勢崎境店【5:薬局】群馬県伊勢崎市境３９０" }, "geometry": { "type": "Point", "coordinates": [ 139.255084, 36.273821 ] } },
{ "type": "Feature", "properties": { "ID": 1056102000947, "正式名称": "コスモファーマ薬局波志江店", "機関区分": 5, "都道府県コード": 10, "市区町村コード": 204, "所在地": "群馬県伊勢崎市波志江町４１１３－１６", "緯度": 36.346979, "経度": 139.199224, "url": "https://www.iryou.teikyouseido.mhlw.go.jp/znk-web/juminkanja/S2430/initialize?prefCd=10&kikanCd=6102000947&kikanKbn=5", "url2": "http://www.cosmo-ph.co.jp/", "内容": "コスモファーマ薬局波志江店【5:薬局】群馬県伊勢崎市波志江町４１１３－１６" }, "geometry": { "type": "Point", "coordinates": [ 139.199224, 36.346979 ] } },
{ "type": "Feature", "properties": { "ID": 1056102000949, "正式名称": "ユニスマイル薬局　よしおか店", "機関区分": 5, "都道府県コード": 10, "市区町村コード": 345, "所在地": "群馬県北群馬郡吉岡町北下１１２６－１０", "緯度": 36.444021, "経度": 139.003791, "url": "https://www.iryou.teikyouseido.mhlw.go.jp/znk-web/juminkanja/S2430/initialize?prefCd=10&kikanCd=6102000949&kikanKbn=5", "url2": "https://unismile.co.jp", "内容": "ユニスマイル薬局　よしおか店【5:薬局】群馬県北群馬郡吉岡町北下１１２６－１０" }, "geometry": { "type": "Point", "coordinates": [ 139.003791, 36.444021 ] } },
{ "type": "Feature", "properties": { "ID": 1056102000951, "正式名称": "そうごう薬局中之条店", "機関区分": 5, "都道府県コード": 10, "市区町村コード": 421, "所在地": "群馬県吾妻郡中之条町中之条町１７８４番地４", "緯度": 36.587419, "経度": 138.842159, "url": "https://www.iryou.teikyouseido.mhlw.go.jp/znk-web/juminkanja/S2430/initialize?prefCd=10&kikanCd=6102000951&kikanKbn=5", "url2": "https://www.sogo-pharmacy.jp/shop/view/461", "内容": "そうごう薬局中之条店【5:薬局】群馬県吾妻郡中之条町中之条町１７８４番地４" }, "geometry": { "type": "Point", "coordinates": [ 138.842159, 36.587419 ] } },
{ "type": "Feature", "properties": { "ID": 1056102000952, "正式名称": "オハナ薬局　人見店", "機関区分": 5, "都道府県コード": 10, "市区町村コード": 211, "所在地": "群馬県安中市松井田町人見１１０３－７", "緯度": 36.300144, "経度": 138.819368, "url": "https://www.iryou.teikyouseido.mhlw.go.jp/znk-web/juminkanja/S2430/initialize?prefCd=10&kikanCd=6102000952&kikanKbn=5", "url2": null, "内容": "オハナ薬局　人見店【5:薬局】群馬県安中市松井田町人見１１０３－７" }, "geometry": { "type": "Point", "coordinates": [ 138.819368, 36.300144 ] } },
{ "type": "Feature", "properties": { "ID": 1056102000953, "正式名称": "そら薬局箱田店", "機関区分": 5, "都道府県コード": 10, "市区町村コード": 201, "所在地": "群馬県前橋市稲荷新田町２２２－１０", "緯度": 36.357753, "経度": 139.056485, "url": "https://www.iryou.teikyouseido.mhlw.go.jp/znk-web/juminkanja/S2430/initialize?prefCd=10&kikanCd=6102000953&kikanKbn=5", "url2": null, "内容": "そら薬局箱田店【5:薬局】群馬県前橋市稲荷新田町２２２－１０" }, "geometry": { "type": "Point", "coordinates": [ 139.056485, 36.357753 ] } },
{ "type": "Feature", "properties": { "ID": 1056102000954, "正式名称": "ぱんだ薬局", "機関区分": 5, "都道府県コード": 10, "市区町村コード": 204, "所在地": "群馬県伊勢崎市連取町１６９１－１５", "緯度": 36.315704, "経度": 139.179949, "url": "https://www.iryou.teikyouseido.mhlw.go.jp/znk-web/juminkanja/S2430/initialize?prefCd=10&kikanCd=6102000954&kikanKbn=5", "url2": "https://soyusha.info/", "内容": "ぱんだ薬局【5:薬局】群馬県伊勢崎市連取町１６９１－１５" }, "geometry": { "type": "Point", "coordinates": [ 139.179949, 36.315704 ] } },
{ "type": "Feature", "properties": { "ID": 1056102000955, "正式名称": "ウエルシア薬局伊勢崎宮子店", "機関区分": 5, "都道府県コード": 10, "市区町村コード": 204, "所在地": "群馬県伊勢崎市宮子町３５２１－２", "緯度": 36.334189, "経度": 139.152263, "url": "https://www.iryou.teikyouseido.mhlw.go.jp/znk-web/juminkanja/S2430/initialize?prefCd=10&kikanCd=6102000955&kikanKbn=5", "url2": "https://stores.welcia.co.jp/116D", "内容": "ウエルシア薬局伊勢崎宮子店【5:薬局】群馬県伊勢崎市宮子町３５２１－２" }, "geometry": { "type": "Point", "coordinates": [ 139.152263, 36.334189 ] } },
{ "type": "Feature", "properties": { "ID": 1056102000956, "正式名称": "こばな薬局", "機関区分": 5, "都道府県コード": 10, "市区町村コード": 202, "所在地": "群馬県高崎市下小塙町１５７６－６", "緯度": 36.350587, "経度": 138.966461, "url": "https://www.iryou.teikyouseido.mhlw.go.jp/znk-web/juminkanja/S2430/initialize?prefCd=10&kikanCd=6102000956&kikanKbn=5", "url2": "http://tsubasa-ph.jp/index.html", "内容": "こばな薬局【5:薬局】群馬県高崎市下小塙町１５７６－６" }, "geometry": { "type": "Point", "coordinates": [ 138.966461, 36.350587 ] } },
{ "type": "Feature", "properties": { "ID": 1056102000958, "正式名称": "カワチ薬局　沼田店", "機関区分": 5, "都道府県コード": 10, "市区町村コード": 206, "所在地": "群馬県沼田市恩田町５８５", "緯度": 36.652471, "経度": 139.024224, "url": "https://www.iryou.teikyouseido.mhlw.go.jp/znk-web/juminkanja/S2430/initialize?prefCd=10&kikanCd=6102000958&kikanKbn=5", "url2": "http://www.cawachi.co.jp", "内容": "カワチ薬局　沼田店【5:薬局】群馬県沼田市恩田町５８５" }, "geometry": { "type": "Point", "coordinates": [ 139.024224, 36.652471 ] } },
{ "type": "Feature", "properties": { "ID": 1056102000959, "正式名称": "すみれ薬局", "機関区分": 5, "都道府県コード": 10, "市区町村コード": 202, "所在地": "群馬県高崎市双葉町９番１５号", "緯度": 36.315452, "経度": 139.020657, "url": "https://www.iryou.teikyouseido.mhlw.go.jp/znk-web/juminkanja/S2430/initialize?prefCd=10&kikanCd=6102000959&kikanKbn=5", "url2": null, "内容": "すみれ薬局【5:薬局】群馬県高崎市双葉町９番１５号" }, "geometry": { "type": "Point", "coordinates": [ 139.020657, 36.315452 ] } },
{ "type": "Feature", "properties": { "ID": 1056102000960, "正式名称": "そら薬局江木町店", "機関区分": 5, "都道府県コード": 10, "市区町村コード": 202, "所在地": "群馬県高崎市江木町字東沖１７３４ー１", "緯度": 36.331172, "経度": 139.022072, "url": "https://www.iryou.teikyouseido.mhlw.go.jp/znk-web/juminkanja/S2430/initialize?prefCd=10&kikanCd=6102000960&kikanKbn=5", "url2": null, "内容": "そら薬局江木町店【5:薬局】群馬県高崎市江木町字東沖１７３４ー１" }, "geometry": { "type": "Point", "coordinates": [ 139.022072, 36.331172 ] } },
{ "type": "Feature", "properties": { "ID": 1056102000962, "正式名称": "山田調剤薬局　上原店", "機関区分": 5, "都道府県コード": 10, "市区町村コード": 206, "所在地": "群馬県沼田市上原町１６２３－１６", "緯度": 36.650472, "経度": 139.067582, "url": "https://www.iryou.teikyouseido.mhlw.go.jp/znk-web/juminkanja/S2430/initialize?prefCd=10&kikanCd=6102000962&kikanKbn=5", "url2": "https://www.yamadachouzai.com/", "内容": "山田調剤薬局　上原店【5:薬局】群馬県沼田市上原町１６２３－１６" }, "geometry": { "type": "Point", "coordinates": [ 139.067582, 36.650472 ] } },
{ "type": "Feature", "properties": { "ID": 1056102000963, "正式名称": "アイリス薬局　渋川店", "機関区分": 5, "都道府県コード": 10, "市区町村コード": 208, "所在地": "群馬県渋川市金井字田中７７０番地４", "緯度": 36.511069, "経度": 139.005204, "url": "https://www.iryou.teikyouseido.mhlw.go.jp/znk-web/juminkanja/S2430/initialize?prefCd=10&kikanCd=6102000963&kikanKbn=5", "url2": null, "内容": "アイリス薬局　渋川店【5:薬局】群馬県渋川市金井字田中７７０番地４" }, "geometry": { "type": "Point", "coordinates": [ 139.005204, 36.511069 ] } },
{ "type": "Feature", "properties": { "ID": 1056102000964, "正式名称": "柴崎薬局　八木原店", "機関区分": 5, "都道府県コード": 10, "市区町村コード": 208, "所在地": "群馬県渋川市八木原", "緯度": 36.468157, "経度": 139.014678, "url": "https://www.iryou.teikyouseido.mhlw.go.jp/znk-web/juminkanja/S2430/initialize?prefCd=10&kikanCd=6102000964&kikanKbn=5", "url2": null, "内容": "柴崎薬局　八木原店【5:薬局】群馬県渋川市八木原" }, "geometry": { "type": "Point", "coordinates": [ 139.014678, 36.468157 ] } },
{ "type": "Feature", "properties": { "ID": 1056102000965, "正式名称": "あさぎり薬局", "機関区分": 5, "都道府県コード": 10, "市区町村コード": 202, "所在地": "群馬県高崎市南大類町１２４１番６号", "緯度": 36.326097, "経度": 139.033598, "url": "https://www.iryou.teikyouseido.mhlw.go.jp/znk-web/juminkanja/S2430/initialize?prefCd=10&kikanCd=6102000965&kikanKbn=5", "url2": null, "内容": "あさぎり薬局【5:薬局】群馬県高崎市南大類町１２４１番６号" }, "geometry": { "type": "Point", "coordinates": [ 139.033598, 36.326097 ] } },
{ "type": "Feature", "properties": { "ID": 1056102000966, "正式名称": "桜木薬局", "機関区分": 5, "都道府県コード": 10, "市区町村コード": 202, "所在地": "群馬県高崎市上大類町１２７５－１　壱番ＮＡＧＡＹＡ", "緯度": 36.340926, "経度": 139.031264, "url": "https://www.iryou.teikyouseido.mhlw.go.jp/znk-web/juminkanja/S2430/initialize?prefCd=10&kikanCd=6102000966&kikanKbn=5", "url2": "https://lin.ee/6oQWxtC", "内容": "桜木薬局【5:薬局】群馬県高崎市上大類町１２７５－１　壱番ＮＡＧＡＹＡ" }, "geometry": { "type": "Point", "coordinates": [ 139.031264, 36.340926 ] } },
{ "type": "Feature", "properties": { "ID": 1056102000967, "正式名称": "すばる薬局紅雲町店", "機関区分": 5, "都道府県コード": 10, "市区町村コード": 201, "所在地": "群馬県前橋市紅雲町２－３０－３", "緯度": 36.382872, "経度": 139.066336, "url": "https://www.iryou.teikyouseido.mhlw.go.jp/znk-web/juminkanja/S2430/initialize?prefCd=10&kikanCd=6102000967&kikanKbn=5", "url2": "http://www.subaru-ph.com", "内容": "すばる薬局紅雲町店【5:薬局】群馬県前橋市紅雲町２－３０－３" }, "geometry": { "type": "Point", "coordinates": [ 139.066336, 36.382872 ] } },
{ "type": "Feature", "properties": { "ID": 1056102000968, "正式名称": "未来薬局　上泉店", "機関区分": 5, "都道府県コード": 10, "市区町村コード": 201, "所在地": "群馬県前橋市上泉町２８７２－２０", "緯度": 36.402277, "経度": 139.114784, "url": "https://www.iryou.teikyouseido.mhlw.go.jp/znk-web/juminkanja/S2430/initialize?prefCd=10&kikanCd=6102000968&kikanKbn=5", "url2": "https://win-ohana.jp/drugstore/%E6%9C%AA%E6%9D%A5%E8%96%AC%E5%B1%80-%E4%B8%8A%E6%B3%89%E5%BA%97/", "内容": "未来薬局　上泉店【5:薬局】群馬県前橋市上泉町２８７２－２０" }, "geometry": { "type": "Point", "coordinates": [ 139.114784, 36.402277 ] } },
{ "type": "Feature", "properties": { "ID": 1056102000969, "正式名称": "ぽっぽ薬局", "機関区分": 5, "都道府県コード": 10, "市区町村コード": 202, "所在地": "群馬県高崎市下之城町９６０－１", "緯度": 36.304597, "経度": 139.030221, "url": "https://www.iryou.teikyouseido.mhlw.go.jp/znk-web/juminkanja/S2430/initialize?prefCd=10&kikanCd=6102000969&kikanKbn=5", "url2": "https://ando-pharmacy.com/pharmacy/", "内容": "ぽっぽ薬局【5:薬局】群馬県高崎市下之城町９６０－１" }, "geometry": { "type": "Point", "coordinates": [ 139.030221, 36.304597 ] } },
{ "type": "Feature", "properties": { "ID": 1056102000970, "正式名称": "メルモ薬局", "機関区分": 5, "都道府県コード": 10, "市区町村コード": 204, "所在地": "群馬県伊勢崎市連取町３０７３－１２", "緯度": 36.315982, "経度": 139.173755, "url": "https://www.iryou.teikyouseido.mhlw.go.jp/znk-web/juminkanja/S2430/initialize?prefCd=10&kikanCd=6102000970&kikanKbn=5", "url2": "http://www.medi-cure.co.jp/index.html", "内容": "メルモ薬局【5:薬局】群馬県伊勢崎市連取町３０７３－１２" }, "geometry": { "type": "Point", "coordinates": [ 139.173755, 36.315982 ] } },
{ "type": "Feature", "properties": { "ID": 1056102000971, "正式名称": "かしのき薬局", "機関区分": 5, "都道府県コード": 10, "市区町村コード": 202, "所在地": "群馬県高崎市町屋町字前田６２７番５", "緯度": 36.354418, "経度": 138.946883, "url": "https://www.iryou.teikyouseido.mhlw.go.jp/znk-web/juminkanja/S2430/initialize?prefCd=10&kikanCd=6102000971&kikanKbn=5", "url2": "http://www.kraft-net.co.jp/search/3896/", "内容": "かしのき薬局【5:薬局】群馬県高崎市町屋町字前田６２７番５" }, "geometry": { "type": "Point", "coordinates": [ 138.946883, 36.354418 ] } },
{ "type": "Feature", "properties": { "ID": 1056102000972, "正式名称": "オリオン薬局", "機関区分": 5, "都道府県コード": 10, "市区町村コード": 201, "所在地": "群馬県前橋市六供町５丁目１－２５", "緯度": 36.368058, "経度": 139.077899, "url": "https://www.iryou.teikyouseido.mhlw.go.jp/znk-web/juminkanja/S2430/initialize?prefCd=10&kikanCd=6102000972&kikanKbn=5", "url2": "http://orion-yakkyoku.com/", "内容": "オリオン薬局【5:薬局】群馬県前橋市六供町５丁目１－２５" }, "geometry": { "type": "Point", "coordinates": [ 139.077899, 36.368058 ] } },
{ "type": "Feature", "properties": { "ID": 1056102000973, "正式名称": "カワチ薬局　下小出店", "機関区分": 5, "都道府県コード": 10, "市区町村コード": 201, "所在地": "群馬県前橋市下小出町１－１－５", "緯度": 36.406998, "経度": 139.065288, "url": "https://www.iryou.teikyouseido.mhlw.go.jp/znk-web/juminkanja/S2430/initialize?prefCd=10&kikanCd=6102000973&kikanKbn=5", "url2": "http://www.cawachi.co.jp", "内容": "カワチ薬局　下小出店【5:薬局】群馬県前橋市下小出町１－１－５" }, "geometry": { "type": "Point", "coordinates": [ 139.065288, 36.406998 ] } },
{ "type": "Feature", "properties": { "ID": 1056102000974, "正式名称": "フレンド薬局", "機関区分": 5, "都道府県コード": 10, "市区町村コード": 203, "所在地": "群馬県桐生市小梅町３－９", "緯度": 36.396143, "経度": 139.336877, "url": "https://www.iryou.teikyouseido.mhlw.go.jp/znk-web/juminkanja/S2430/initialize?prefCd=10&kikanCd=6102000974&kikanKbn=5", "url2": "https://www.kiryu-friend-pharmacy.jp/", "内容": "フレンド薬局【5:薬局】群馬県桐生市小梅町３－９" }, "geometry": { "type": "Point", "coordinates": [ 139.336877, 36.396143 ] } },
{ "type": "Feature", "properties": { "ID": 1056102000975, "正式名称": "ユニスマイル薬局いなほ店", "機関区分": 5, "都道府県コード": 10, "市区町村コード": 202, "所在地": "群馬県高崎市井出町１５４８番１８", "緯度": 36.381512, "経度": 138.98754, "url": "https://www.iryou.teikyouseido.mhlw.go.jp/znk-web/juminkanja/S2430/initialize?prefCd=10&kikanCd=6102000975&kikanKbn=5", "url2": "https://unismile.co.jp/shop/inaho/", "内容": "ユニスマイル薬局いなほ店【5:薬局】群馬県高崎市井出町１５４８番１８" }, "geometry": { "type": "Point", "coordinates": [ 138.98754, 36.381512 ] } },
{ "type": "Feature", "properties": { "ID": 1056102000976, "正式名称": "中央薬局館林店", "機関区分": 5, "都道府県コード": 10, "市区町村コード": 207, "所在地": "群馬県館林市赤土町１１９－５", "緯度": 36.242051, "経度": 139.517785, "url": "https://www.iryou.teikyouseido.mhlw.go.jp/znk-web/juminkanja/S2430/initialize?prefCd=10&kikanCd=6102000976&kikanKbn=5", "url2": "http://www.otachuo.co.jp/", "内容": "中央薬局館林店【5:薬局】群馬県館林市赤土町１１９－５" }, "geometry": { "type": "Point", "coordinates": [ 139.517785, 36.242051 ] } },
{ "type": "Feature", "properties": { "ID": 1056102000978, "正式名称": "すずらん薬局　大泉店", "機関区分": 5, "都道府県コード": 10, "市区町村コード": 524, "所在地": "群馬県邑楽郡大泉町富士３－１８－２１", "緯度": 36.249466, "経度": 139.415988, "url": "https://www.iryou.teikyouseido.mhlw.go.jp/znk-web/juminkanja/S2430/initialize?prefCd=10&kikanCd=6102000978&kikanKbn=5", "url2": null, "内容": "すずらん薬局　大泉店【5:薬局】群馬県邑楽郡大泉町富士３－１８－２１" }, "geometry": { "type": "Point", "coordinates": [ 139.415988, 36.249466 ] } },
{ "type": "Feature", "properties": { "ID": 1056102000980, "正式名称": "ことり薬局　荒牧店", "機関区分": 5, "都道府県コード": 10, "市区町村コード": 201, "所在地": "群馬県前橋市荒牧町２−３３−１０", "緯度": 36.425524, "経度": 139.054149, "url": "https://www.iryou.teikyouseido.mhlw.go.jp/znk-web/juminkanja/S2430/initialize?prefCd=10&kikanCd=6102000980&kikanKbn=5", "url2": null, "内容": "ことり薬局　荒牧店【5:薬局】群馬県前橋市荒牧町２−３３−１０" }, "geometry": { "type": "Point", "coordinates": [ 139.054149, 36.425524 ] } },
{ "type": "Feature", "properties": { "ID": 1056102000981, "正式名称": "ファミル薬局　朝倉店", "機関区分": 5, "都道府県コード": 10, "市区町村コード": 201, "所在地": "群馬県前橋市朝倉町９４２－４", "緯度": 36.361642, "経度": 139.093898, "url": "https://www.iryou.teikyouseido.mhlw.go.jp/znk-web/juminkanja/S2430/initialize?prefCd=10&kikanCd=6102000981&kikanKbn=5", "url2": null, "内容": "ファミル薬局　朝倉店【5:薬局】群馬県前橋市朝倉町９４２－４" }, "geometry": { "type": "Point", "coordinates": [ 139.093898, 36.361642 ] } },
{ "type": "Feature", "properties": { "ID": 1056102000983, "正式名称": "花・花薬局久宮店", "機関区分": 5, "都道府県コード": 10, "市区町村コード": 212, "所在地": "群馬県みどり市笠懸町久宮１６４番地１３", "緯度": 36.375811, "経度": 139.28216, "url": "https://www.iryou.teikyouseido.mhlw.go.jp/znk-web/juminkanja/S2430/initialize?prefCd=10&kikanCd=6102000983&kikanKbn=5", "url2": "http://www.e-ff.jp", "内容": "花・花薬局久宮店【5:薬局】群馬県みどり市笠懸町久宮１６４番地１３" }, "geometry": { "type": "Point", "coordinates": [ 139.28216, 36.375811 ] } },
{ "type": "Feature", "properties": { "ID": 1056102000984, "正式名称": "クスリのアオキ総社薬局", "機関区分": 5, "都道府県コード": 10, "市区町村コード": 201, "所在地": "群馬県前橋市総社町二丁目１３番９", "緯度": 36.399693, "経度": 139.042762, "url": "https://www.iryou.teikyouseido.mhlw.go.jp/znk-web/juminkanja/S2430/initialize?prefCd=10&kikanCd=6102000984&kikanKbn=5", "url2": "http://www.kusuri-aoki.co.jp", "内容": "クスリのアオキ総社薬局【5:薬局】群馬県前橋市総社町二丁目１３番９" }, "geometry": { "type": "Point", "coordinates": [ 139.042762, 36.399693 ] } },
{ "type": "Feature", "properties": { "ID": 1056102000985, "正式名称": "菅谷薬局", "機関区分": 5, "都道府県コード": 10, "市区町村コード": 202, "所在地": "群馬県高崎市菅谷町１０４４－１", "緯度": 36.378, "経度": 139.008294, "url": "https://www.iryou.teikyouseido.mhlw.go.jp/znk-web/juminkanja/S2430/initialize?prefCd=10&kikanCd=6102000985&kikanKbn=5", "url2": "http://tsubasa-ph.jp/company.html", "内容": "菅谷薬局【5:薬局】群馬県高崎市菅谷町１０４４－１" }, "geometry": { "type": "Point", "coordinates": [ 139.008294, 36.378 ] } },
{ "type": "Feature", "properties": { "ID": 1056102000986, "正式名称": "ファイン薬局　大間々南", "機関区分": 5, "都道府県コード": 10, "市区町村コード": 212, "所在地": "群馬県みどり市大間々町大間々３８２ー７", "緯度": 36.416072, "経度": 139.282798, "url": "https://www.iryou.teikyouseido.mhlw.go.jp/znk-web/juminkanja/S2430/initialize?prefCd=10&kikanCd=6102000986&kikanKbn=5", "url2": "http://finegroup.jp", "内容": "ファイン薬局　大間々南【5:薬局】群馬県みどり市大間々町大間々３８２ー７" }, "geometry": { "type": "Point", "coordinates": [ 139.282798, 36.416072 ] } },
{ "type": "Feature", "properties": { "ID": 1056102000987, "正式名称": "クスリのアオキ今泉薬局", "機関区分": 5, "都道府県コード": 10, "市区町村コード": 204, "所在地": "群馬県伊勢崎市今泉町一丁目１２０４番地", "緯度": 36.3119, "経度": 139.205753, "url": "https://www.iryou.teikyouseido.mhlw.go.jp/znk-web/juminkanja/S2430/initialize?prefCd=10&kikanCd=6102000987&kikanKbn=5", "url2": "http://www.kusuri-aoki.co.jp", "内容": "クスリのアオキ今泉薬局【5:薬局】群馬県伊勢崎市今泉町一丁目１２０４番地" }, "geometry": { "type": "Point", "coordinates": [ 139.205753, 36.3119 ] } },
{ "type": "Feature", "properties": { "ID": 1056102000988, "正式名称": "クスリのアオキ寿薬局", "機関区分": 5, "都道府県コード": 10, "市区町村コード": 204, "所在地": "群馬県伊勢崎市西田町６７番１", "緯度": 36.333258, "経度": 139.196558, "url": "https://www.iryou.teikyouseido.mhlw.go.jp/znk-web/juminkanja/S2430/initialize?prefCd=10&kikanCd=6102000988&kikanKbn=5", "url2": "https://www.kusuri-aoki.co.jp", "内容": "クスリのアオキ寿薬局【5:薬局】群馬県伊勢崎市西田町６７番１" }, "geometry": { "type": "Point", "coordinates": [ 139.196558, 36.333258 ] } },
{ "type": "Feature", "properties": { "ID": 1056102000989, "正式名称": "くるみ薬局", "機関区分": 5, "都道府県コード": 10, "市区町村コード": 204, "所在地": "群馬県伊勢崎市粕川町１０５１－４", "緯度": 36.309844, "経度": 139.216613, "url": "https://www.iryou.teikyouseido.mhlw.go.jp/znk-web/juminkanja/S2430/initialize?prefCd=10&kikanCd=6102000989&kikanKbn=5", "url2": "https://www.chuo-yakkyoku.com/", "内容": "くるみ薬局【5:薬局】群馬県伊勢崎市粕川町１０５１－４" }, "geometry": { "type": "Point", "coordinates": [ 139.216613, 36.309844 ] } },
{ "type": "Feature", "properties": { "ID": 1056102000990, "正式名称": "スギ薬局　太田八幡町店", "機関区分": 5, "都道府県コード": 10, "市区町村コード": 205, "所在地": "群馬県太田市八幡町２９番地１３とりせん内", "緯度": 36.299098, "経度": 139.366434, "url": "https://www.iryou.teikyouseido.mhlw.go.jp/znk-web/juminkanja/S2430/initialize?prefCd=10&kikanCd=6102000990&kikanKbn=5", "url2": "https://www.sugi-net.jp/tenpo/detail/1040.html", "内容": "スギ薬局　太田八幡町店【5:薬局】群馬県太田市八幡町２９番地１３とりせん内" }, "geometry": { "type": "Point", "coordinates": [ 139.366434, 36.299098 ] } },
{ "type": "Feature", "properties": { "ID": 1056102000991, "正式名称": "はる薬局", "機関区分": 5, "都道府県コード": 10, "市区町村コード": 344, "所在地": "群馬県北群馬郡榛東村新井１１８０－３", "緯度": 36.428945, "経度": 138.971898, "url": "https://www.iryou.teikyouseido.mhlw.go.jp/znk-web/juminkanja/S2430/initialize?prefCd=10&kikanCd=6102000991&kikanKbn=5", "url2": null, "内容": "はる薬局【5:薬局】群馬県北群馬郡榛東村新井１１８０－３" }, "geometry": { "type": "Point", "coordinates": [ 138.971898, 36.428945 ] } },
{ "type": "Feature", "properties": { "ID": 1056102000993, "正式名称": "ぱんだ薬局柳川町店", "機関区分": 5, "都道府県コード": 10, "市区町村コード": 202, "所在地": "群馬県高崎市柳川町７－２", "緯度": 36.327811, "経度": 139.001658, "url": "https://www.iryou.teikyouseido.mhlw.go.jp/znk-web/juminkanja/S2430/initialize?prefCd=10&kikanCd=6102000993&kikanKbn=5", "url2": null, "内容": "ぱんだ薬局柳川町店【5:薬局】群馬県高崎市柳川町７－２" }, "geometry": { "type": "Point", "coordinates": [ 139.001658, 36.327811 ] } },
{ "type": "Feature", "properties": { "ID": 1056102000994, "正式名称": "みさと薬局", "機関区分": 5, "都道府県コード": 10, "市区町村コード": 202, "所在地": "群馬県高崎市倉賀野町９２５番地７", "緯度": 36.296037, "経度": 139.045044, "url": "https://www.iryou.teikyouseido.mhlw.go.jp/znk-web/juminkanja/S2430/initialize?prefCd=10&kikanCd=6102000994&kikanKbn=5", "url2": null, "内容": "みさと薬局【5:薬局】群馬県高崎市倉賀野町９２５番地７" }, "geometry": { "type": "Point", "coordinates": [ 139.045044, 36.296037 ] } },
{ "type": "Feature", "properties": { "ID": 1056102000995, "正式名称": "ユニスマイル薬局南千木店", "機関区分": 5, "都道府県コード": 10, "市区町村コード": 204, "所在地": "群馬県伊勢崎市南千木町５２１６番地２", "緯度": 36.299318, "経度": 139.214891, "url": "https://www.iryou.teikyouseido.mhlw.go.jp/znk-web/juminkanja/S2430/initialize?prefCd=10&kikanCd=6102000995&kikanKbn=5", "url2": "http://www.unismile.co.jp/", "内容": "ユニスマイル薬局南千木店【5:薬局】群馬県伊勢崎市南千木町５２１６番地２" }, "geometry": { "type": "Point", "coordinates": [ 139.214891, 36.299318 ] } },
{ "type": "Feature", "properties": { "ID": 1056102000996, "正式名称": "かなで薬局", "機関区分": 5, "都道府県コード": 10, "市区町村コード": 201, "所在地": "群馬県前橋市粕川町新屋２４６－１", "緯度": 36.415583, "経度": 139.194943, "url": "https://www.iryou.teikyouseido.mhlw.go.jp/znk-web/juminkanja/S2430/initialize?prefCd=10&kikanCd=6102000996&kikanKbn=5", "url2": null, "内容": "かなで薬局【5:薬局】群馬県前橋市粕川町新屋２４６－１" }, "geometry": { "type": "Point", "coordinates": [ 139.194943, 36.415583 ] } },
{ "type": "Feature", "properties": { "ID": 1056102000997, "正式名称": "おおしま薬局ふじあく店", "機関区分": 5, "都道府県コード": 10, "市区町村コード": 205, "所在地": "群馬県太田市藤阿久町９７ー１", "緯度": 36.286733, "経度": 139.359514, "url": "https://www.iryou.teikyouseido.mhlw.go.jp/znk-web/juminkanja/S2430/initialize?prefCd=10&kikanCd=6102000997&kikanKbn=5", "url2": "https://ohshima-pharmacy.com/", "内容": "おおしま薬局ふじあく店【5:薬局】群馬県太田市藤阿久町９７ー１" }, "geometry": { "type": "Point", "coordinates": [ 139.359514, 36.286733 ] } },
{ "type": "Feature", "properties": { "ID": 1056102000998, "正式名称": "にいの薬局", "機関区分": 5, "都道府県コード": 10, "市区町村コード": 205, "所在地": "群馬県太田市新野町１２５７－４", "緯度": 36.306597, "経度": 139.345269, "url": "https://www.iryou.teikyouseido.mhlw.go.jp/znk-web/juminkanja/S2430/initialize?prefCd=10&kikanCd=6102000998&kikanKbn=5", "url2": null, "内容": "にいの薬局【5:薬局】群馬県太田市新野町１２５７－４" }, "geometry": { "type": "Point", "coordinates": [ 139.345269, 36.306597 ] } },
{ "type": "Feature", "properties": { "ID": 1056102000999, "正式名称": "バンビ薬局", "機関区分": 5, "都道府県コード": 10, "市区町村コード": 209, "所在地": "群馬県藤岡市中栗須３４０番地１", "緯度": 36.262375, "経度": 139.075405, "url": "https://www.iryou.teikyouseido.mhlw.go.jp/znk-web/juminkanja/S2430/initialize?prefCd=10&kikanCd=6102000999&kikanKbn=5", "url2": "http://www.tsubasa-ph.jp/", "内容": "バンビ薬局【5:薬局】群馬県藤岡市中栗須３４０番地１" }, "geometry": { "type": "Point", "coordinates": [ 139.075405, 36.262375 ] } },
{ "type": "Feature", "properties": { "ID": 1056102001000, "正式名称": "ファイン薬局　笠懸", "機関区分": 5, "都道府県コード": 10, "市区町村コード": 212, "所在地": "群馬県みどり市笠懸町鹿４６０３－１１", "緯度": 36.38929, "経度": 139.278872, "url": "https://www.iryou.teikyouseido.mhlw.go.jp/znk-web/juminkanja/S2430/initialize?prefCd=10&kikanCd=6102001000&kikanKbn=5", "url2": "http://www.finegroup.jp", "内容": "ファイン薬局　笠懸【5:薬局】群馬県みどり市笠懸町鹿４６０３－１１" }, "geometry": { "type": "Point", "coordinates": [ 139.278872, 36.38929 ] } },
{ "type": "Feature", "properties": { "ID": 1056102001001, "正式名称": "まりも薬局", "機関区分": 5, "都道府県コード": 10, "市区町村コード": 201, "所在地": "群馬県前橋市上泉町", "緯度": 36.398885, "経度": 139.115485, "url": "https://www.iryou.teikyouseido.mhlw.go.jp/znk-web/juminkanja/S2430/initialize?prefCd=10&kikanCd=6102001001&kikanKbn=5", "url2": null, "内容": "まりも薬局【5:薬局】群馬県前橋市上泉町" }, "geometry": { "type": "Point", "coordinates": [ 139.115485, 36.398885 ] } },
{ "type": "Feature", "properties": { "ID": 1056102001002, "正式名称": "日本調剤　クローバー薬局", "機関区分": 5, "都道府県コード": 10, "市区町村コード": 202, "所在地": "群馬県高崎市上中居町４０８番地８", "緯度": 36.314209, "経度": 139.025663, "url": "https://www.iryou.teikyouseido.mhlw.go.jp/znk-web/juminkanja/S2430/initialize?prefCd=10&kikanCd=6102001002&kikanKbn=5", "url2": "https://www.nicho.co.jp/tenpo/cloverkaminakai/", "内容": "日本調剤　クローバー薬局【5:薬局】群馬県高崎市上中居町４０８番地８" }, "geometry": { "type": "Point", "coordinates": [ 139.025663, 36.314209 ] } },
{ "type": "Feature", "properties": { "ID": 1056102001003, "正式名称": "たかの薬局　末広店", "機関区分": 5, "都道府県コード": 10, "市区町村コード": 202, "所在地": "群馬県高崎市末広町３７−５", "緯度": 36.33426, "経度": 139.007636, "url": "https://www.iryou.teikyouseido.mhlw.go.jp/znk-web/juminkanja/S2430/initialize?prefCd=10&kikanCd=6102001003&kikanKbn=5", "url2": "http://www.tsubasa-ph.jp/", "内容": "たかの薬局　末広店【5:薬局】群馬県高崎市末広町３７−５" }, "geometry": { "type": "Point", "coordinates": [ 139.007636, 36.33426 ] } },
{ "type": "Feature", "properties": { "ID": 1056102001005, "正式名称": "ベイシア薬局伊勢崎駅前店", "機関区分": 5, "都道府県コード": 10, "市区町村コード": 204, "所在地": "群馬県伊勢崎市曲輪町８－１", "緯度": 36.311397, "経度": 139.196711, "url": "https://www.iryou.teikyouseido.mhlw.go.jp/znk-web/juminkanja/S2430/initialize?prefCd=10&kikanCd=6102001005&kikanKbn=5", "url2": null, "内容": "ベイシア薬局伊勢崎駅前店【5:薬局】群馬県伊勢崎市曲輪町８－１" }, "geometry": { "type": "Point", "coordinates": [ 139.196711, 36.311397 ] } },
{ "type": "Feature", "properties": { "ID": 1056102001007, "正式名称": "クララ薬局", "機関区分": 5, "都道府県コード": 10, "市区町村コード": 201, "所在地": "群馬県前橋市表町２ー１０ー２　田村ビル　１階", "緯度": 36.387385, "経度": 139.073008, "url": "https://www.iryou.teikyouseido.mhlw.go.jp/znk-web/juminkanja/S2430/initialize?prefCd=10&kikanCd=6102001007&kikanKbn=5", "url2": "http://curex-ph.com", "内容": "クララ薬局【5:薬局】群馬県前橋市表町２ー１０ー２　田村ビル　１階" }, "geometry": { "type": "Point", "coordinates": [ 139.073008, 36.387385 ] } },
{ "type": "Feature", "properties": { "ID": 1056102001009, "正式名称": "坂上薬局", "機関区分": 5, "都道府県コード": 10, "市区町村コード": 429, "所在地": "群馬県吾妻郡東吾妻町大字大戸字仲田１７０ー３", "緯度": 36.513509, "経度": 138.764749, "url": "https://www.iryou.teikyouseido.mhlw.go.jp/znk-web/juminkanja/S2430/initialize?prefCd=10&kikanCd=6102001009&kikanKbn=5", "url2": null, "内容": "坂上薬局【5:薬局】群馬県吾妻郡東吾妻町大字大戸字仲田１７０ー３" }, "geometry": { "type": "Point", "coordinates": [ 138.764749, 36.513509 ] } },
{ "type": "Feature", "properties": { "ID": 1056102001011, "正式名称": "かがやき薬局", "機関区分": 5, "都道府県コード": 10, "市区町村コード": 205, "所在地": "群馬県太田市南矢島町９０８ー７", "緯度": 36.267364, "経度": 139.379092, "url": "https://www.iryou.teikyouseido.mhlw.go.jp/znk-web/juminkanja/S2430/initialize?prefCd=10&kikanCd=6102001011&kikanKbn=5", "url2": "https://www.p-leaf.jp/shop/kagayaki.html", "内容": "かがやき薬局【5:薬局】群馬県太田市南矢島町９０８ー７" }, "geometry": { "type": "Point", "coordinates": [ 139.379092, 36.267364 ] } },
{ "type": "Feature", "properties": { "ID": 1056102001012, "正式名称": "ウエルシア薬局太田宝泉店", "機関区分": 5, "都道府県コード": 10, "市区町村コード": 205, "所在地": "群馬県太田市宝町８６８", "緯度": 36.285563, "経度": 139.334539, "url": "https://www.iryou.teikyouseido.mhlw.go.jp/znk-web/juminkanja/S2430/initialize?prefCd=10&kikanCd=6102001012&kikanKbn=5", "url2": "http://www.welcia-yakkyoku.co.jp/", "内容": "ウエルシア薬局太田宝泉店【5:薬局】群馬県太田市宝町８６８" }, "geometry": { "type": "Point", "coordinates": [ 139.334539, 36.285563 ] } },
{ "type": "Feature", "properties": { "ID": 1056102001013, "正式名称": "ウエルシア薬局前橋北代田店", "機関区分": 5, "都道府県コード": 10, "市区町村コード": 201, "所在地": "群馬県前橋市北代田町６４９番地４", "緯度": 36.411778, "経度": 139.076684, "url": "https://www.iryou.teikyouseido.mhlw.go.jp/znk-web/juminkanja/S2430/initialize?prefCd=10&kikanCd=6102001013&kikanKbn=5", "url2": "https://store.welcia.co.jp/welcia/spot/detail?code=151D", "内容": "ウエルシア薬局前橋北代田店【5:薬局】群馬県前橋市北代田町６４９番地４" }, "geometry": { "type": "Point", "coordinates": [ 139.076684, 36.411778 ] } },
{ "type": "Feature", "properties": { "ID": 1056102001014, "正式名称": "わたらせ薬局南店", "機関区分": 5, "都道府県コード": 10, "市区町村コード": 203, "所在地": "群馬県桐生市新宿１－６－６", "緯度": 36.401916, "経度": 139.337089, "url": "https://www.iryou.teikyouseido.mhlw.go.jp/znk-web/juminkanja/S2430/initialize?prefCd=10&kikanCd=6102001014&kikanKbn=5", "url2": null, "内容": "わたらせ薬局南店【5:薬局】群馬県桐生市新宿１－６－６" }, "geometry": { "type": "Point", "coordinates": [ 139.337089, 36.401916 ] } },
{ "type": "Feature", "properties": { "ID": 1056102001016, "正式名称": "さくらんぼ薬局", "機関区分": 5, "都道府県コード": 10, "市区町村コード": 205, "所在地": "群馬県太田市龍舞町５６８８－２－２", "緯度": 36.272411, "経度": 139.416401, "url": "https://www.iryou.teikyouseido.mhlw.go.jp/znk-web/juminkanja/S2430/initialize?prefCd=10&kikanCd=6102001016&kikanKbn=5", "url2": "https://www.anjyu-group.com/", "内容": "さくらんぼ薬局【5:薬局】群馬県太田市龍舞町５６８８－２－２" }, "geometry": { "type": "Point", "coordinates": [ 139.416401, 36.272411 ] } },
{ "type": "Feature", "properties": { "ID": 1056102001017, "正式名称": "すこやか薬局　群馬八幡店", "機関区分": 5, "都道府県コード": 10, "市区町村コード": 202, "所在地": "群馬県高崎市八幡町１１１１－８", "緯度": 36.343553, "経度": 138.939875, "url": "https://www.iryou.teikyouseido.mhlw.go.jp/znk-web/juminkanja/S2430/initialize?prefCd=10&kikanCd=6102001017&kikanKbn=5", "url2": "https://www.sukoyaka-pharmacy.jp", "内容": "すこやか薬局　群馬八幡店【5:薬局】群馬県高崎市八幡町１１１１－８" }, "geometry": { "type": "Point", "coordinates": [ 138.939875, 36.343553 ] } },
{ "type": "Feature", "properties": { "ID": 1056102001019, "正式名称": "ウエルシア薬局伊勢崎市場店", "機関区分": 5, "都道府県コード": 10, "市区町村コード": 204, "所在地": "群馬県伊勢崎市市場町２－８５０－９", "緯度": 36.36392, "経度": 139.220949, "url": "https://www.iryou.teikyouseido.mhlw.go.jp/znk-web/juminkanja/S2430/initialize?prefCd=10&kikanCd=6102001019&kikanKbn=5", "url2": "https://stores.welcia.co.jp/155D", "内容": "ウエルシア薬局伊勢崎市場店【5:薬局】群馬県伊勢崎市市場町２－８５０－９" }, "geometry": { "type": "Point", "coordinates": [ 139.220949, 36.36392 ] } },
{ "type": "Feature", "properties": { "ID": 1056102001021, "正式名称": "クスリのアオキ富岡薬局", "機関区分": 5, "都道府県コード": 10, "市区町村コード": 210, "所在地": "群馬県富岡市富岡１３４６番６", "緯度": 36.257848, "経度": 138.896037, "url": "https://www.iryou.teikyouseido.mhlw.go.jp/znk-web/juminkanja/S2430/initialize?prefCd=10&kikanCd=6102001021&kikanKbn=5", "url2": "https://www.kusuri-aoki.co.jp", "内容": "クスリのアオキ富岡薬局【5:薬局】群馬県富岡市富岡１３４６番６" }, "geometry": { "type": "Point", "coordinates": [ 138.896037, 36.257848 ] } },
{ "type": "Feature", "properties": { "ID": 1056102001022, "正式名称": "クスリのアオキ南町薬局", "機関区分": 5, "都道府県コード": 10, "市区町村コード": 201, "所在地": "群馬県前橋市南町一丁目１７番２３号", "緯度": 36.379827, "経度": 139.067689, "url": "https://www.iryou.teikyouseido.mhlw.go.jp/znk-web/juminkanja/S2430/initialize?prefCd=10&kikanCd=6102001022&kikanKbn=5", "url2": "https://www.kusuri-aoki.co.jp", "内容": "クスリのアオキ南町薬局【5:薬局】群馬県前橋市南町一丁目１７番２３号" }, "geometry": { "type": "Point", "coordinates": [ 139.067689, 36.379827 ] } },
{ "type": "Feature", "properties": { "ID": 1056102001024, "正式名称": "かみや薬局", "機関区分": 5, "都道府県コード": 10, "市区町村コード": 207, "所在地": "群馬県館林市成島町２１９", "緯度": 36.248089, "経度": 139.519715, "url": "https://www.iryou.teikyouseido.mhlw.go.jp/znk-web/juminkanja/S2430/initialize?prefCd=10&kikanCd=6102001024&kikanKbn=5", "url2": null, "内容": "かみや薬局【5:薬局】群馬県館林市成島町２１９" }, "geometry": { "type": "Point", "coordinates": [ 139.519715, 36.248089 ] } },
{ "type": "Feature", "properties": { "ID": 1056102001025, "正式名称": "あんじゅ薬局　龍舞店", "機関区分": 5, "都道府県コード": 10, "市区町村コード": 205, "所在地": "群馬県太田市龍舞町１７９９－１１", "緯度": 36.281221, "経度": 139.409648, "url": "https://www.iryou.teikyouseido.mhlw.go.jp/znk-web/juminkanja/S2430/initialize?prefCd=10&kikanCd=6102001025&kikanKbn=5", "url2": "https://www.anjyu-group.com/", "内容": "あんじゅ薬局　龍舞店【5:薬局】群馬県太田市龍舞町１７９９－１１" }, "geometry": { "type": "Point", "coordinates": [ 139.409648, 36.281221 ] } },
{ "type": "Feature", "properties": { "ID": 1056102001026, "正式名称": "宮元町薬局", "機関区分": 5, "都道府県コード": 10, "市区町村コード": 202, "所在地": "群馬県高崎市宮元町２４５－１", "緯度": 36.322905, "経度": 139.004838, "url": "https://www.iryou.teikyouseido.mhlw.go.jp/znk-web/juminkanja/S2430/initialize?prefCd=10&kikanCd=6102001026&kikanKbn=5", "url2": null, "内容": "宮元町薬局【5:薬局】群馬県高崎市宮元町２４５－１" }, "geometry": { "type": "Point", "coordinates": [ 139.004838, 36.322905 ] } },
{ "type": "Feature", "properties": { "ID": 1056102001027, "正式名称": "わたぬき調剤薬局", "機関区分": 5, "都道府県コード": 10, "市区町村コード": 202, "所在地": "群馬県高崎市綿貫町１９１８番地４", "緯度": 36.313042, "経度": 139.073042, "url": "https://www.iryou.teikyouseido.mhlw.go.jp/znk-web/juminkanja/S2430/initialize?prefCd=10&kikanCd=6102001027&kikanKbn=5", "url2": "http://www.seiryumedical.co.jp", "内容": "わたぬき調剤薬局【5:薬局】群馬県高崎市綿貫町１９１８番地４" }, "geometry": { "type": "Point", "coordinates": [ 139.073042, 36.313042 ] } },
{ "type": "Feature", "properties": { "ID": 1056102001028, "正式名称": "スギ薬局　群馬町店", "機関区分": 5, "都道府県コード": 10, "市区町村コード": 202, "所在地": "群馬県高崎市中泉町６５０番地６", "緯度": 36.372481, "経度": 139.001802, "url": "https://www.iryou.teikyouseido.mhlw.go.jp/znk-web/juminkanja/S2430/initialize?prefCd=10&kikanCd=6102001028&kikanKbn=5", "url2": "http://www.drug-sugi.co.jp/", "内容": "スギ薬局　群馬町店【5:薬局】群馬県高崎市中泉町６５０番地６" }, "geometry": { "type": "Point", "coordinates": [ 139.001802, 36.372481 ] } },
{ "type": "Feature", "properties": { "ID": 1056102001029, "正式名称": "ぐんぐん薬局", "機関区分": 5, "都道府県コード": 10, "市区町村コード": 202, "所在地": "群馬県高崎市綿貫町", "緯度": 36.305105, "経度": 139.07214, "url": "https://www.iryou.teikyouseido.mhlw.go.jp/znk-web/juminkanja/S2430/initialize?prefCd=10&kikanCd=6102001029&kikanKbn=5", "url2": "https://shop.tomods.jp/948", "内容": "ぐんぐん薬局【5:薬局】群馬県高崎市綿貫町" }, "geometry": { "type": "Point", "coordinates": [ 139.07214, 36.305105 ] } },
{ "type": "Feature", "properties": { "ID": 1056102001030, "正式名称": "ファイン薬局　富岡", "機関区分": 5, "都道府県コード": 10, "市区町村コード": 210, "所在地": "群馬県富岡市富岡１４３６－５", "緯度": 36.259427, "経度": 138.891895, "url": "https://www.iryou.teikyouseido.mhlw.go.jp/znk-web/juminkanja/S2430/initialize?prefCd=10&kikanCd=6102001030&kikanKbn=5", "url2": "http://www.finegroup.jp/", "内容": "ファイン薬局　富岡【5:薬局】群馬県富岡市富岡１４３６－５" }, "geometry": { "type": "Point", "coordinates": [ 138.891895, 36.259427 ] } },
{ "type": "Feature", "properties": { "ID": 1056102001031, "正式名称": "ウエルシア薬局玉村下新田店", "機関区分": 5, "都道府県コード": 10, "市区町村コード": 464, "所在地": "群馬県佐波郡玉村町下新田７４３－２", "緯度": 36.302155, "経度": 139.117248, "url": "https://www.iryou.teikyouseido.mhlw.go.jp/znk-web/juminkanja/S2430/initialize?prefCd=10&kikanCd=6102001031&kikanKbn=5", "url2": "https://stores.welcia.co.jp/136D", "内容": "ウエルシア薬局玉村下新田店【5:薬局】群馬県佐波郡玉村町下新田７４３－２" }, "geometry": { "type": "Point", "coordinates": [ 139.117248, 36.302155 ] } },
{ "type": "Feature", "properties": { "ID": 1056102001032, "正式名称": "クローバー薬局", "機関区分": 5, "都道府県コード": 10, "市区町村コード": 201, "所在地": "群馬県前橋市石倉町２－３－１", "緯度": 36.384949, "経度": 139.052779, "url": "https://www.iryou.teikyouseido.mhlw.go.jp/znk-web/juminkanja/S2430/initialize?prefCd=10&kikanCd=6102001032&kikanKbn=5", "url2": "https://www.m-style-ph.com/", "内容": "クローバー薬局【5:薬局】群馬県前橋市石倉町２－３－１" }, "geometry": { "type": "Point", "coordinates": [ 139.052779, 36.384949 ] } },
{ "type": "Feature", "properties": { "ID": 1056102001033, "正式名称": "そうごう薬局　利根中央店", "機関区分": 5, "都道府県コード": 10, "市区町村コード": 206, "所在地": "群馬県沼田市沼須町９９２ー１", "緯度": 36.62839, "経度": 139.054047, "url": "https://www.iryou.teikyouseido.mhlw.go.jp/znk-web/juminkanja/S2430/initialize?prefCd=10&kikanCd=6102001033&kikanKbn=5", "url2": "https://shop.sogo-pharmacy.jp/detail/626/", "内容": "そうごう薬局　利根中央店【5:薬局】群馬県沼田市沼須町９９２ー１" }, "geometry": { "type": "Point", "coordinates": [ 139.054047, 36.62839 ] } },
{ "type": "Feature", "properties": { "ID": 1056102001034, "正式名称": "山田調剤薬局　利根中央店", "機関区分": 5, "都道府県コード": 10, "市区町村コード": 206, "所在地": "群馬県沼田市沼須町９９６―１", "緯度": 36.625035, "経度": 139.049885, "url": "https://www.iryou.teikyouseido.mhlw.go.jp/znk-web/juminkanja/S2430/initialize?prefCd=10&kikanCd=6102001034&kikanKbn=5", "url2": "https://www.yamadachouzai.com/", "内容": "山田調剤薬局　利根中央店【5:薬局】群馬県沼田市沼須町９９６―１" }, "geometry": { "type": "Point", "coordinates": [ 139.049885, 36.625035 ] } },
{ "type": "Feature", "properties": { "ID": 1056102001036, "正式名称": "ウエルシア薬局沼田栄町店", "機関区分": 5, "都道府県コード": 10, "市区町村コード": 206, "所在地": "群馬県沼田市栄町２２１ー３", "緯度": 36.635452, "経度": 139.044846, "url": "https://www.iryou.teikyouseido.mhlw.go.jp/znk-web/juminkanja/S2430/initialize?prefCd=10&kikanCd=6102001036&kikanKbn=5", "url2": "https://store.welcia.co.jp/welcia/spot/detail?code=163D", "内容": "ウエルシア薬局沼田栄町店【5:薬局】群馬県沼田市栄町２２１ー３" }, "geometry": { "type": "Point", "coordinates": [ 139.044846, 36.635452 ] } },
{ "type": "Feature", "properties": { "ID": 1056102001037, "正式名称": "ひごし薬局", "機関区分": 5, "都道府県コード": 10, "市区町村コード": 464, "所在地": "群馬県佐波郡玉村町樋越１７６－４", "緯度": 36.320312, "経度": 139.127694, "url": "https://www.iryou.teikyouseido.mhlw.go.jp/znk-web/juminkanja/S2430/initialize?prefCd=10&kikanCd=6102001037&kikanKbn=5", "url2": null, "内容": "ひごし薬局【5:薬局】群馬県佐波郡玉村町樋越１７６－４" }, "geometry": { "type": "Point", "coordinates": [ 139.127694, 36.320312 ] } },
{ "type": "Feature", "properties": { "ID": 1056102001038, "正式名称": "カワチ薬局　沼田東店", "機関区分": 5, "都道府県コード": 10, "市区町村コード": 206, "所在地": "群馬県沼田市久屋原町３１１－１", "緯度": 36.664542, "経度": 139.103205, "url": "https://www.iryou.teikyouseido.mhlw.go.jp/znk-web/juminkanja/S2430/initialize?prefCd=10&kikanCd=6102001038&kikanKbn=5", "url2": "http://www.cawachi.co.jp", "内容": "カワチ薬局　沼田東店【5:薬局】群馬県沼田市久屋原町３１１－１" }, "geometry": { "type": "Point", "coordinates": [ 139.103205, 36.664542 ] } },
{ "type": "Feature", "properties": { "ID": 1056102001039, "正式名称": "日本調剤　渋川薬局", "機関区分": 5, "都道府県コード": 10, "市区町村コード": 208, "所在地": "群馬県渋川市白井４０７－４", "緯度": 36.508731, "経度": 139.016651, "url": "https://www.iryou.teikyouseido.mhlw.go.jp/znk-web/juminkanja/S2430/initialize?prefCd=10&kikanCd=6102001039&kikanKbn=5", "url2": "http://www.nicho.co.jp/tenpo/sibukawa/", "内容": "日本調剤　渋川薬局【5:薬局】群馬県渋川市白井４０７－４" }, "geometry": { "type": "Point", "coordinates": [ 139.016651, 36.508731 ] } },
{ "type": "Feature", "properties": { "ID": 1056102001040, "正式名称": "株式会社　はづきドラッグ", "機関区分": 5, "都道府県コード": 10, "市区町村コード": 208, "所在地": "群馬県渋川市白井", "緯度": 36.508556, "経度": 139.016441, "url": "https://www.iryou.teikyouseido.mhlw.go.jp/znk-web/juminkanja/S2430/initialize?prefCd=10&kikanCd=6102001040&kikanKbn=5", "url2": null, "内容": "株式会社　はづきドラッグ【5:薬局】群馬県渋川市白井" }, "geometry": { "type": "Point", "coordinates": [ 139.016441, 36.508556 ] } },
{ "type": "Feature", "properties": { "ID": 1056102001041, "正式名称": "ファーマシーはとり薬局", "機関区分": 5, "都道府県コード": 10, "市区町村コード": 208, "所在地": "群馬県渋川市白井２３０１－１", "緯度": 36.509067, "経度": 139.016125, "url": "https://www.iryou.teikyouseido.mhlw.go.jp/znk-web/juminkanja/S2430/initialize?prefCd=10&kikanCd=6102001041&kikanKbn=5", "url2": null, "内容": "ファーマシーはとり薬局【5:薬局】群馬県渋川市白井２３０１－１" }, "geometry": { "type": "Point", "coordinates": [ 139.016125, 36.509067 ] } },
{ "type": "Feature", "properties": { "ID": 1056102001042, "正式名称": "さくら薬局　伊勢崎下触店", "機関区分": 5, "都道府県コード": 10, "市区町村コード": 204, "所在地": "群馬県伊勢崎市下触町７５７－５", "緯度": 36.372576, "経度": 139.204116, "url": "https://www.iryou.teikyouseido.mhlw.go.jp/znk-web/juminkanja/S2430/initialize?prefCd=10&kikanCd=6102001042&kikanKbn=5", "url2": "https://www.kraft-net.co.jp/sakura/store/3943/", "内容": "さくら薬局　伊勢崎下触店【5:薬局】群馬県伊勢崎市下触町７５７－５" }, "geometry": { "type": "Point", "coordinates": [ 139.204116, 36.372576 ] } },
{ "type": "Feature", "properties": { "ID": 1056102001044, "正式名称": "花・花薬局伊勢崎境店", "機関区分": 5, "都道府県コード": 10, "市区町村コード": 204, "所在地": "群馬県伊勢崎市境新栄１０－２４", "緯度": 36.277337, "経度": 139.263092, "url": "https://www.iryou.teikyouseido.mhlw.go.jp/znk-web/juminkanja/S2430/initialize?prefCd=10&kikanCd=6102001044&kikanKbn=5", "url2": "http://e-ff.jp/", "内容": "花・花薬局伊勢崎境店【5:薬局】群馬県伊勢崎市境新栄１０－２４" }, "geometry": { "type": "Point", "coordinates": [ 139.263092, 36.277337 ] } },
{ "type": "Feature", "properties": { "ID": 1056102001045, "正式名称": "あいあい薬局", "機関区分": 5, "都道府県コード": 10, "市区町村コード": 202, "所在地": "群馬県高崎市南大類町１００２－４", "緯度": 36.32396, "経度": 139.039171, "url": "https://www.iryou.teikyouseido.mhlw.go.jp/znk-web/juminkanja/S2430/initialize?prefCd=10&kikanCd=6102001045&kikanKbn=5", "url2": "https://shop.tomods.jp/detail/947/", "内容": "あいあい薬局【5:薬局】群馬県高崎市南大類町１００２－４" }, "geometry": { "type": "Point", "coordinates": [ 139.039171, 36.32396 ] } },
{ "type": "Feature", "properties": { "ID": 1056102001046, "正式名称": "ユニスマイル薬局前橋うつぼい店", "機関区分": 5, "都道府県コード": 10, "市区町村コード": 201, "所在地": "群馬県前橋市笂井町７６－１", "緯度": 36.391251, "経度": 139.060848, "url": "https://www.iryou.teikyouseido.mhlw.go.jp/znk-web/juminkanja/S2430/initialize?prefCd=10&kikanCd=6102001046&kikanKbn=5", "url2": "https://unismile.co.jp/shop/maebashiutuboi/", "内容": "ユニスマイル薬局前橋うつぼい店【5:薬局】群馬県前橋市笂井町７６－１" }, "geometry": { "type": "Point", "coordinates": [ 139.060848, 36.391251 ] } },
{ "type": "Feature", "properties": { "ID": 1056102001048, "正式名称": "クスリのアオキ渋川薬局", "機関区分": 5, "都道府県コード": 10, "市区町村コード": 208, "所在地": "群馬県渋川市渋川１３０７番地１", "緯度": 36.494656, "経度": 139.007403, "url": "https://www.iryou.teikyouseido.mhlw.go.jp/znk-web/juminkanja/S2430/initialize?prefCd=10&kikanCd=6102001048&kikanKbn=5", "url2": "http://www.kusuri-aoki.co.jp", "内容": "クスリのアオキ渋川薬局【5:薬局】群馬県渋川市渋川１３０７番地１" }, "geometry": { "type": "Point", "coordinates": [ 139.007403, 36.494656 ] } },
{ "type": "Feature", "properties": { "ID": 1056102001049, "正式名称": "クスリのアオキ下浜田薬局", "機関区分": 5, "都道府県コード": 10, "市区町村コード": 205, "所在地": "群馬県太田市下浜田町４８２－１０", "緯度": 36.391251, "経度": 139.060848, "url": "https://www.iryou.teikyouseido.mhlw.go.jp/znk-web/juminkanja/S2430/initialize?prefCd=10&kikanCd=6102001049&kikanKbn=5", "url2": "http://www.kusuri-aoki.co.jp", "内容": "クスリのアオキ下浜田薬局【5:薬局】群馬県太田市下浜田町４８２－１０" }, "geometry": { "type": "Point", "coordinates": [ 139.060848, 36.391251 ] } },
{ "type": "Feature", "properties": { "ID": 1056102001052, "正式名称": "かなで薬局　二之宮店", "機関区分": 5, "都道府県コード": 10, "市区町村コード": 201, "所在地": "群馬県前橋市二之宮町１９８８－２", "緯度": 36.35515, "経度": 139.17017, "url": "https://www.iryou.teikyouseido.mhlw.go.jp/znk-web/juminkanja/S2430/initialize?prefCd=10&kikanCd=6102001052&kikanKbn=5", "url2": "https://www.lifewith-kanade.com/", "内容": "かなで薬局　二之宮店【5:薬局】群馬県前橋市二之宮町１９８８－２" }, "geometry": { "type": "Point", "coordinates": [ 139.17017, 36.35515 ] } },
{ "type": "Feature", "properties": { "ID": 1056102001053, "正式名称": "つむぎ薬局", "機関区分": 5, "都道府県コード": 10, "市区町村コード": 201, "所在地": "群馬県前橋市西片貝町１丁目２１２－４", "緯度": 36.394443, "経度": 139.097595, "url": "https://www.iryou.teikyouseido.mhlw.go.jp/znk-web/juminkanja/S2430/initialize?prefCd=10&kikanCd=6102001053&kikanKbn=5", "url2": null, "内容": "つむぎ薬局【5:薬局】群馬県前橋市西片貝町１丁目２１２－４" }, "geometry": { "type": "Point", "coordinates": [ 139.097595, 36.394443 ] } },
{ "type": "Feature", "properties": { "ID": 1056102001055, "正式名称": "ウエルシア薬局高崎棟高店", "機関区分": 5, "都道府県コード": 10, "市区町村コード": 202, "所在地": "群馬県高崎市棟高町６８１－１", "緯度": 36.386448, "経度": 138.999624, "url": "https://www.iryou.teikyouseido.mhlw.go.jp/znk-web/juminkanja/S2430/initialize?prefCd=10&kikanCd=6102001055&kikanKbn=5", "url2": "http://www.welcia-yakkyoku.co.jp/", "内容": "ウエルシア薬局高崎棟高店【5:薬局】群馬県高崎市棟高町６８１－１" }, "geometry": { "type": "Point", "coordinates": [ 138.999624, 36.386448 ] } },
{ "type": "Feature", "properties": { "ID": 1056102001057, "正式名称": "フルール薬局", "機関区分": 5, "都道府県コード": 10, "市区町村コード": 202, "所在地": "群馬県高崎市柳川町１５－５", "緯度": 36.328232, "経度": 139.003675, "url": "https://www.iryou.teikyouseido.mhlw.go.jp/znk-web/juminkanja/S2430/initialize?prefCd=10&kikanCd=6102001057&kikanKbn=5", "url2": null, "内容": "フルール薬局【5:薬局】群馬県高崎市柳川町１５－５" }, "geometry": { "type": "Point", "coordinates": [ 139.003675, 36.328232 ] } },
{ "type": "Feature", "properties": { "ID": 1056102001058, "正式名称": "こいで調剤薬局", "機関区分": 5, "都道府県コード": 10, "市区町村コード": 201, "所在地": "群馬県前橋市上小出町２－４２－８", "緯度": 36.41747, "経度": 139.060243, "url": "https://www.iryou.teikyouseido.mhlw.go.jp/znk-web/juminkanja/S2430/initialize?prefCd=10&kikanCd=6102001058&kikanKbn=5", "url2": "http://y-pharm.com/", "内容": "こいで調剤薬局【5:薬局】群馬県前橋市上小出町２－４２－８" }, "geometry": { "type": "Point", "coordinates": [ 139.060243, 36.41747 ] } },
{ "type": "Feature", "properties": { "ID": 1056102001059, "正式名称": "ウエルシア薬局前橋富士見町店", "機関区分": 5, "都道府県コード": 10, "市区町村コード": 201, "所在地": "群馬県前橋市富士見町田島６４－１", "緯度": 36.453529, "経度": 139.077301, "url": "https://www.iryou.teikyouseido.mhlw.go.jp/znk-web/juminkanja/S2430/initialize?prefCd=10&kikanCd=6102001059&kikanKbn=5", "url2": "https://store.welcia.co.jp/welcia/spot/detail?code=119D", "内容": "ウエルシア薬局前橋富士見町店【5:薬局】群馬県前橋市富士見町田島６４－１" }, "geometry": { "type": "Point", "coordinates": [ 139.077301, 36.453529 ] } },
{ "type": "Feature", "properties": { "ID": 1056102001060, "正式名称": "さんまい橋薬局", "機関区分": 5, "都道府県コード": 10, "市区町村コード": 205, "所在地": "群馬県太田市長手町５２ー５", "緯度": 36.310526, "経度": 139.364963, "url": "https://www.iryou.teikyouseido.mhlw.go.jp/znk-web/juminkanja/S2430/initialize?prefCd=10&kikanCd=6102001060&kikanKbn=5", "url2": "http://www.e-ff.jp/tenpo/tenpo_gunma.html?id=gunma_table", "内容": "さんまい橋薬局【5:薬局】群馬県太田市長手町５２ー５" }, "geometry": { "type": "Point", "coordinates": [ 139.364963, 36.310526 ] } },
{ "type": "Feature", "properties": { "ID": 1056102001061, "正式名称": "クスリのアオキ宮子薬局", "機関区分": 5, "都道府県コード": 10, "市区町村コード": 204, "所在地": "群馬県伊勢崎市宮子町３４６９番地１９", "緯度": 36.33823, "経度": 139.152972, "url": "https://www.iryou.teikyouseido.mhlw.go.jp/znk-web/juminkanja/S2430/initialize?prefCd=10&kikanCd=6102001061&kikanKbn=5", "url2": "http://www.kusuri-aoki.co.jp/", "内容": "クスリのアオキ宮子薬局【5:薬局】群馬県伊勢崎市宮子町３４６９番地１９" }, "geometry": { "type": "Point", "coordinates": [ 139.152972, 36.33823 ] } },
{ "type": "Feature", "properties": { "ID": 1056102001062, "正式名称": "ウイン調剤薬局　伊勢崎店", "機関区分": 5, "都道府県コード": 10, "市区町村コード": 204, "所在地": "群馬県伊勢崎市乾町２３３ー２", "緯度": 36.3381, "経度": 139.1896, "url": "https://www.iryou.teikyouseido.mhlw.go.jp/znk-web/juminkanja/S2430/initialize?prefCd=10&kikanCd=6102001062&kikanKbn=5", "url2": "http://www.winpharma.jp/", "内容": "ウイン調剤薬局　伊勢崎店【5:薬局】群馬県伊勢崎市乾町２３３ー２" }, "geometry": { "type": "Point", "coordinates": [ 139.1896, 36.3381 ] } },
{ "type": "Feature", "properties": { "ID": 1056102001063, "正式名称": "ウエルシア薬局桐生川内店", "機関区分": 5, "都道府県コード": 10, "市区町村コード": 203, "所在地": "群馬県桐生市川内町３－２０７－１", "緯度": 36.429143, "経度": 139.303598, "url": "https://www.iryou.teikyouseido.mhlw.go.jp/znk-web/juminkanja/S2430/initialize?prefCd=10&kikanCd=6102001063&kikanKbn=5", "url2": "https://store.welcia.co.jp/welcia/spot/detail?code=137D", "内容": "ウエルシア薬局桐生川内店【5:薬局】群馬県桐生市川内町３－２０７－１" }, "geometry": { "type": "Point", "coordinates": [ 139.303598, 36.429143 ] } },
{ "type": "Feature", "properties": { "ID": 1056102001064, "正式名称": "キャンディ薬局", "機関区分": 5, "都道府県コード": 10, "市区町村コード": 204, "所在地": "群馬県伊勢崎市田中町８９－３", "緯度": 36.313111, "経度": 139.159999, "url": "https://www.iryou.teikyouseido.mhlw.go.jp/znk-web/juminkanja/S2430/initialize?prefCd=10&kikanCd=6102001064&kikanKbn=5", "url2": "https://yppp.jp/pharmacy/pc0wjbmh", "内容": "キャンディ薬局【5:薬局】群馬県伊勢崎市田中町８９－３" }, "geometry": { "type": "Point", "coordinates": [ 139.159999, 36.313111 ] } },
{ "type": "Feature", "properties": { "ID": 1056102001065, "正式名称": "アイランド薬局　田口町店", "機関区分": 5, "都道府県コード": 10, "市区町村コード": 201, "所在地": "群馬県前橋市田口町１０５３－７", "緯度": 36.455473, "経度": 139.049544, "url": "https://www.iryou.teikyouseido.mhlw.go.jp/znk-web/juminkanja/S2430/initialize?prefCd=10&kikanCd=6102001065&kikanKbn=5", "url2": "https://www.apocreat.co.jp", "内容": "アイランド薬局　田口町店【5:薬局】群馬県前橋市田口町１０５３－７" }, "geometry": { "type": "Point", "coordinates": [ 139.049544, 36.455473 ] } },
{ "type": "Feature", "properties": { "ID": 1056102001067, "正式名称": "もみじ薬局", "機関区分": 5, "都道府県コード": 10, "市区町村コード": 205, "所在地": "群馬県太田市細谷町１６５番地１４", "緯度": 36.274489, "経度": 139.354275, "url": "https://www.iryou.teikyouseido.mhlw.go.jp/znk-web/juminkanja/S2430/initialize?prefCd=10&kikanCd=6102001067&kikanKbn=5", "url2": null, "内容": "もみじ薬局【5:薬局】群馬県太田市細谷町１６５番地１４" }, "geometry": { "type": "Point", "coordinates": [ 139.354275, 36.274489 ] } },
{ "type": "Feature", "properties": { "ID": 1056102001070, "正式名称": "有限会社すけど薬局板倉店", "機関区分": 5, "都道府県コード": 10, "市区町村コード": 521, "所在地": "群馬県邑楽郡板倉町板倉２２２０－１", "緯度": 36.225188, "経度": 139.609315, "url": "https://www.iryou.teikyouseido.mhlw.go.jp/znk-web/juminkanja/S2430/initialize?prefCd=10&kikanCd=6102001070&kikanKbn=5", "url2": null, "内容": "有限会社すけど薬局板倉店【5:薬局】群馬県邑楽郡板倉町板倉２２２０－１" }, "geometry": { "type": "Point", "coordinates": [ 139.609315, 36.225188 ] } },
{ "type": "Feature", "properties": { "ID": 1056102001071, "正式名称": "カワチ薬局　飯塚店", "機関区分": 5, "都道府県コード": 10, "市区町村コード": 202, "所在地": "群馬県高崎市飯塚町２２０", "緯度": 36.344962, "経度": 139.000525, "url": "https://www.iryou.teikyouseido.mhlw.go.jp/znk-web/juminkanja/S2430/initialize?prefCd=10&kikanCd=6102001071&kikanKbn=5", "url2": "http://www.cawachi.co.jp", "内容": "カワチ薬局　飯塚店【5:薬局】群馬県高崎市飯塚町２２０" }, "geometry": { "type": "Point", "coordinates": [ 139.000525, 36.344962 ] } },
{ "type": "Feature", "properties": { "ID": 1056102001072, "正式名称": "なごみ薬局　伊勢崎店", "機関区分": 5, "都道府県コード": 10, "市区町村コード": 204, "所在地": "群馬県伊勢崎市西久保町２－３５２－１６", "緯度": 36.376141, "経度": 139.234588, "url": "https://www.iryou.teikyouseido.mhlw.go.jp/znk-web/juminkanja/S2430/initialize?prefCd=10&kikanCd=6102001072&kikanKbn=5", "url2": "http://www.medicalpatio.com/", "内容": "なごみ薬局　伊勢崎店【5:薬局】群馬県伊勢崎市西久保町２－３５２－１６" }, "geometry": { "type": "Point", "coordinates": [ 139.234588, 36.376141 ] } },
{ "type": "Feature", "properties": { "ID": 1056102001073, "正式名称": "メープル薬局　こまがた店", "機関区分": 5, "都道府県コード": 10, "市区町村コード": 201, "所在地": "群馬県前橋市駒形町５５７－４", "緯度": 36.338774, "経度": 139.143348, "url": "https://www.iryou.teikyouseido.mhlw.go.jp/znk-web/juminkanja/S2430/initialize?prefCd=10&kikanCd=6102001073&kikanKbn=5", "url2": "http://www.a-nekt.co.jp/", "内容": "メープル薬局　こまがた店【5:薬局】群馬県前橋市駒形町５５７－４" }, "geometry": { "type": "Point", "coordinates": [ 139.143348, 36.338774 ] } },
{ "type": "Feature", "properties": { "ID": 1056102001074, "正式名称": "バイオリン薬局", "機関区分": 5, "都道府県コード": 10, "市区町村コード": 201, "所在地": "群馬県前橋市元総社町１６１３－３", "緯度": 36.389935, "経度": 139.035132, "url": "https://www.iryou.teikyouseido.mhlw.go.jp/znk-web/juminkanja/S2430/initialize?prefCd=10&kikanCd=6102001074&kikanKbn=5", "url2": null, "内容": "バイオリン薬局【5:薬局】群馬県前橋市元総社町１６１３－３" }, "geometry": { "type": "Point", "coordinates": [ 139.035132, 36.389935 ] } },
{ "type": "Feature", "properties": { "ID": 1056102001075, "正式名称": "アイセイ薬局　館林店", "機関区分": 5, "都道府県コード": 10, "市区町村コード": 207, "所在地": "群馬県館林市小桑原町１５０５番の８", "緯度": 36.232634, "経度": 139.518857, "url": "https://www.iryou.teikyouseido.mhlw.go.jp/znk-web/juminkanja/S2430/initialize?prefCd=10&kikanCd=6102001075&kikanKbn=5", "url2": "http://www.aisei.co.jp", "内容": "アイセイ薬局　館林店【5:薬局】群馬県館林市小桑原町１５０５番の８" }, "geometry": { "type": "Point", "coordinates": [ 139.518857, 36.232634 ] } },
{ "type": "Feature", "properties": { "ID": 1056102001076, "正式名称": "りぼん薬局新屋店", "機関区分": 5, "都道府県コード": 10, "市区町村コード": 384, "所在地": "群馬県甘楽郡甘楽町金井４５２－２", "緯度": 36.251343, "経度": 138.950759, "url": "https://www.iryou.teikyouseido.mhlw.go.jp/znk-web/juminkanja/S2430/initialize?prefCd=10&kikanCd=6102001076&kikanKbn=5", "url2": "http://mercus.co.jp/", "内容": "りぼん薬局新屋店【5:薬局】群馬県甘楽郡甘楽町金井４５２－２" }, "geometry": { "type": "Point", "coordinates": [ 138.950759, 36.251343 ] } },
{ "type": "Feature", "properties": { "ID": 1056102001077, "正式名称": "なの花薬局　吉岡店", "機関区分": 5, "都道府県コード": 10, "市区町村コード": 345, "所在地": "群馬県北群馬郡吉岡町南下９１６", "緯度": 36.43784, "経度": 139.004153, "url": "https://www.iryou.teikyouseido.mhlw.go.jp/znk-web/juminkanja/S2430/initialize?prefCd=10&kikanCd=6102001077&kikanKbn=5", "url2": "http://www.pharmaholdings.jp", "内容": "なの花薬局　吉岡店【5:薬局】群馬県北群馬郡吉岡町南下９１６" }, "geometry": { "type": "Point", "coordinates": [ 139.004153, 36.43784 ] } },
{ "type": "Feature", "properties": { "ID": 1056102001078, "正式名称": "マルエ薬局　高崎駅西口店", "機関区分": 5, "都道府県コード": 10, "市区町村コード": 202, "所在地": "群馬県高崎市旭町３４ー５", "緯度": 36.324928, "経度": 139.011362, "url": "https://www.iryou.teikyouseido.mhlw.go.jp/znk-web/juminkanja/S2430/initialize?prefCd=10&kikanCd=6102001078&kikanKbn=5", "url2": "http://marue-drug.co.jp", "内容": "マルエ薬局　高崎駅西口店【5:薬局】群馬県高崎市旭町３４ー５" }, "geometry": { "type": "Point", "coordinates": [ 139.011362, 36.324928 ] } },
{ "type": "Feature", "properties": { "ID": 1056102001079, "正式名称": "あかり薬局", "機関区分": 5, "都道府県コード": 10, "市区町村コード": 205, "所在地": "群馬県太田市飯田町１３５１－１", "緯度": 36.292631, "経度": 139.382934, "url": "https://www.iryou.teikyouseido.mhlw.go.jp/znk-web/juminkanja/S2430/initialize?prefCd=10&kikanCd=6102001079&kikanKbn=5", "url2": null, "内容": "あかり薬局【5:薬局】群馬県太田市飯田町１３５１－１" }, "geometry": { "type": "Point", "coordinates": [ 139.382934, 36.292631 ] } },
{ "type": "Feature", "properties": { "ID": 1056102001082, "正式名称": "アイン薬局　太田西本町店", "機関区分": 5, "都道府県コード": 10, "市区町村コード": 205, "所在地": "群馬県太田市西本町４－３－１５", "緯度": 36.295871, "経度": 139.36979, "url": "https://www.iryou.teikyouseido.mhlw.go.jp/znk-web/juminkanja/S2430/initialize?prefCd=10&kikanCd=6102001082&kikanKbn=5", "url2": "http://www.ainj.co.jp/", "内容": "アイン薬局　太田西本町店【5:薬局】群馬県太田市西本町４－３－１５" }, "geometry": { "type": "Point", "coordinates": [ 139.36979, 36.295871 ] } },
{ "type": "Feature", "properties": { "ID": 1056102001083, "正式名称": "マミー調剤薬局", "機関区分": 5, "都道府県コード": 10, "市区町村コード": 201, "所在地": "群馬県前橋市青柳町４７４ー１５", "緯度": 36.420618, "経度": 139.06757, "url": "https://www.iryou.teikyouseido.mhlw.go.jp/znk-web/juminkanja/S2430/initialize?prefCd=10&kikanCd=6102001083&kikanKbn=5", "url2": null, "内容": "マミー調剤薬局【5:薬局】群馬県前橋市青柳町４７４ー１５" }, "geometry": { "type": "Point", "coordinates": [ 139.06757, 36.420618 ] } },
{ "type": "Feature", "properties": { "ID": 1056102001084, "正式名称": "かりん薬局", "機関区分": 5, "都道府県コード": 10, "市区町村コード": 204, "所在地": "群馬県伊勢崎市大正寺町１１１－１０", "緯度": 36.283087, "経度": 139.19802, "url": "https://www.iryou.teikyouseido.mhlw.go.jp/znk-web/juminkanja/S2430/initialize?prefCd=10&kikanCd=6102001084&kikanKbn=5", "url2": "https://www.chuo-yakkyoku.com/pharmacy/karin/", "内容": "かりん薬局【5:薬局】群馬県伊勢崎市大正寺町１１１－１０" }, "geometry": { "type": "Point", "coordinates": [ 139.19802, 36.283087 ] } },
{ "type": "Feature", "properties": { "ID": 1056102001085, "正式名称": "マルエ薬局　前橋朝倉店", "機関区分": 5, "都道府県コード": 10, "市区町村コード": 201, "所在地": "群馬県前橋市朝倉町１６１ー１", "緯度": 36.367692, "経度": 139.09484, "url": "https://www.iryou.teikyouseido.mhlw.go.jp/znk-web/juminkanja/S2430/initialize?prefCd=10&kikanCd=6102001085&kikanKbn=5", "url2": "https://marue-drug.co.jp/", "内容": "マルエ薬局　前橋朝倉店【5:薬局】群馬県前橋市朝倉町１６１ー１" }, "geometry": { "type": "Point", "coordinates": [ 139.09484, 36.367692 ] } },
{ "type": "Feature", "properties": { "ID": 1056102001086, "正式名称": "ぶどう薬局　吉岡店", "機関区分": 5, "都道府県コード": 10, "市区町村コード": 345, "所在地": "群馬県北群馬郡吉岡町大久保２１７６－４", "緯度": 36.434617, "経度": 139.019768, "url": "https://www.iryou.teikyouseido.mhlw.go.jp/znk-web/juminkanja/S2430/initialize?prefCd=10&kikanCd=6102001086&kikanKbn=5", "url2": null, "内容": "ぶどう薬局　吉岡店【5:薬局】群馬県北群馬郡吉岡町大久保２１７６－４" }, "geometry": { "type": "Point", "coordinates": [ 139.019768, 36.434617 ] } },
{ "type": "Feature", "properties": { "ID": 1056102001087, "正式名称": "リバー薬局　高崎飯塚店", "機関区分": 5, "都道府県コード": 10, "市区町村コード": 202, "所在地": "群馬県高崎市飯塚町７８７ー６", "緯度": 36.34192, "経度": 138.996062, "url": "https://www.iryou.teikyouseido.mhlw.go.jp/znk-web/juminkanja/S2430/initialize?prefCd=10&kikanCd=6102001087&kikanKbn=5", "url2": null, "内容": "リバー薬局　高崎飯塚店【5:薬局】群馬県高崎市飯塚町７８７ー６" }, "geometry": { "type": "Point", "coordinates": [ 138.996062, 36.34192 ] } },
{ "type": "Feature", "properties": { "ID": 1056102001088, "正式名称": "スギ薬局　上並榎店", "機関区分": 5, "都道府県コード": 10, "市区町村コード": 202, "所在地": "群馬県高崎市上並榎町４６７番地", "緯度": 36.341981, "経度": 138.990022, "url": "https://www.iryou.teikyouseido.mhlw.go.jp/znk-web/juminkanja/S2430/initialize?prefCd=10&kikanCd=6102001088&kikanKbn=5", "url2": "https://www.sugi-net.jp/tenpo/detail/1273.html", "内容": "スギ薬局　上並榎店【5:薬局】群馬県高崎市上並榎町４６７番地" }, "geometry": { "type": "Point", "coordinates": [ 138.990022, 36.341981 ] } },
{ "type": "Feature", "properties": { "ID": 1056102001089, "正式名称": "カワチ薬局　大利根店", "機関区分": 5, "都道府県コード": 10, "市区町村コード": 201, "所在地": "群馬県前橋市下新田町２９９－１", "緯度": 36.358447, "経度": 139.06352, "url": "https://www.iryou.teikyouseido.mhlw.go.jp/znk-web/juminkanja/S2430/initialize?prefCd=10&kikanCd=6102001089&kikanKbn=5", "url2": "http://www.cawachi.co.jp", "内容": "カワチ薬局　大利根店【5:薬局】群馬県前橋市下新田町２９９－１" }, "geometry": { "type": "Point", "coordinates": [ 139.06352, 36.358447 ] } },
{ "type": "Feature", "properties": { "ID": 1056102001090, "正式名称": "カナケン薬局", "機関区分": 5, "都道府県コード": 10, "市区町村コード": 205, "所在地": "群馬県太田市東本町４２番５号", "緯度": 36.298345, "経度": 139.378275, "url": "https://www.iryou.teikyouseido.mhlw.go.jp/znk-web/juminkanja/S2430/initialize?prefCd=10&kikanCd=6102001090&kikanKbn=5", "url2": "https://page.line.me/adp6234m", "内容": "カナケン薬局【5:薬局】群馬県太田市東本町４２番５号" }, "geometry": { "type": "Point", "coordinates": [ 139.378275, 36.298345 ] } },
{ "type": "Feature", "properties": { "ID": 1056102001093, "正式名称": "ファミル薬局訪問薬剤管理支援センター", "機関区分": 5, "都道府県コード": 10, "市区町村コード": 207, "所在地": "群馬県館林市成島町２１８－１", "緯度": 36.248297, "経度": 139.519951, "url": "https://www.iryou.teikyouseido.mhlw.go.jp/znk-web/juminkanja/S2430/initialize?prefCd=10&kikanCd=6102001093&kikanKbn=5", "url2": "https://www.famiru-group.com", "内容": "ファミル薬局訪問薬剤管理支援センター【5:薬局】群馬県館林市成島町２１８－１" }, "geometry": { "type": "Point", "coordinates": [ 139.519951, 36.248297 ] } },
{ "type": "Feature", "properties": { "ID": 1056102001094, "正式名称": "いろは薬局　冷水店", "機関区分": 5, "都道府県コード": 10, "市区町村コード": 202, "所在地": "群馬県高崎市冷水町１２９ー３", "緯度": 36.401007, "経度": 139.007799, "url": "https://www.iryou.teikyouseido.mhlw.go.jp/znk-web/juminkanja/S2430/initialize?prefCd=10&kikanCd=6102001094&kikanKbn=5", "url2": "https://www.irohamedical.com/aboutus", "内容": "いろは薬局　冷水店【5:薬局】群馬県高崎市冷水町１２９ー３" }, "geometry": { "type": "Point", "coordinates": [ 139.007799, 36.401007 ] } },
{ "type": "Feature", "properties": { "ID": 1056102001095, "正式名称": "つくし薬局", "機関区分": 5, "都道府県コード": 10, "市区町村コード": 202, "所在地": "群馬県高崎市剣崎町１０４９ー６", "緯度": 36.345584, "経度": 138.9635, "url": "https://www.iryou.teikyouseido.mhlw.go.jp/znk-web/juminkanja/S2430/initialize?prefCd=10&kikanCd=6102001095&kikanKbn=5", "url2": null, "内容": "つくし薬局【5:薬局】群馬県高崎市剣崎町１０４９ー６" }, "geometry": { "type": "Point", "coordinates": [ 138.9635, 36.345584 ] } },
{ "type": "Feature", "properties": { "ID": 1056102001096, "正式名称": "マキ薬局", "機関区分": 5, "都道府県コード": 10, "市区町村コード": 202, "所在地": "群馬県高崎市東町２８－１", "緯度": 36.325075, "経度": 139.015063, "url": "https://www.iryou.teikyouseido.mhlw.go.jp/znk-web/juminkanja/S2430/initialize?prefCd=10&kikanCd=6102001096&kikanKbn=5", "url2": null, "内容": "マキ薬局【5:薬局】群馬県高崎市東町２８－１" }, "geometry": { "type": "Point", "coordinates": [ 139.015063, 36.325075 ] } },
{ "type": "Feature", "properties": { "ID": 1056102001097, "正式名称": "ファイン薬局　小舞木東", "機関区分": 5, "都道府県コード": 10, "市区町村コード": 205, "所在地": "群馬県太田市小舞木町４１７　アビーロード１０１", "緯度": 36.285623, "経度": 139.387761, "url": "https://www.iryou.teikyouseido.mhlw.go.jp/znk-web/juminkanja/S2430/initialize?prefCd=10&kikanCd=6102001097&kikanKbn=5", "url2": "http://finegroup.jp", "内容": "ファイン薬局　小舞木東【5:薬局】群馬県太田市小舞木町４１７　アビーロード１０１" }, "geometry": { "type": "Point", "coordinates": [ 139.387761, 36.285623 ] } },
{ "type": "Feature", "properties": { "ID": 1056102001099, "正式名称": "なごみ薬局　沼田店", "機関区分": 5, "都道府県コード": 10, "市区町村コード": 206, "所在地": "群馬県沼田市高橋場町２０５９－４１", "緯度": 36.65353, "経度": 139.062281, "url": "https://www.iryou.teikyouseido.mhlw.go.jp/znk-web/juminkanja/S2430/initialize?prefCd=10&kikanCd=6102001099&kikanKbn=5", "url2": null, "内容": "なごみ薬局　沼田店【5:薬局】群馬県沼田市高橋場町２０５９－４１" }, "geometry": { "type": "Point", "coordinates": [ 139.062281, 36.65353 ] } },
{ "type": "Feature", "properties": { "ID": 1056102001100, "正式名称": "リーフ薬局　横塚町店", "機関区分": 5, "都道府県コード": 10, "市区町村コード": 206, "所在地": "群馬県沼田市横塚町１１８１ー１", "緯度": 36.663831, "経度": 139.083351, "url": "https://www.iryou.teikyouseido.mhlw.go.jp/znk-web/juminkanja/S2430/initialize?prefCd=10&kikanCd=6102001100&kikanKbn=5", "url2": "https://www.yotsuba-ph.co.jp/", "内容": "リーフ薬局　横塚町店【5:薬局】群馬県沼田市横塚町１１８１ー１" }, "geometry": { "type": "Point", "coordinates": [ 139.083351, 36.663831 ] } },
{ "type": "Feature", "properties": { "ID": 1056102001101, "正式名称": "クスリのアオキ中泉薬局", "機関区分": 5, "都道府県コード": 10, "市区町村コード": 202, "所在地": "群馬県高崎市中泉町６０９番地７", "緯度": 36.370663, "経度": 139.002344, "url": "https://www.iryou.teikyouseido.mhlw.go.jp/znk-web/juminkanja/S2430/initialize?prefCd=10&kikanCd=6102001101&kikanKbn=5", "url2": "http://www.kusuri-aoki.co.jp/", "内容": "クスリのアオキ中泉薬局【5:薬局】群馬県高崎市中泉町６０９番地７" }, "geometry": { "type": "Point", "coordinates": [ 139.002344, 36.370663 ] } },
{ "type": "Feature", "properties": { "ID": 1056102001102, "正式名称": "にいぼり薬局", "機関区分": 5, "都道府県コード": 10, "市区町村コード": 201, "所在地": "群馬県前橋市新堀町１０３８－２", "緯度": 36.329483, "経度": 139.091163, "url": "https://www.iryou.teikyouseido.mhlw.go.jp/znk-web/juminkanja/S2430/initialize?prefCd=10&kikanCd=6102001102&kikanKbn=5", "url2": null, "内容": "にいぼり薬局【5:薬局】群馬県前橋市新堀町１０３８－２" }, "geometry": { "type": "Point", "coordinates": [ 139.091163, 36.329483 ] } },
{ "type": "Feature", "properties": { "ID": 1056102001103, "正式名称": "富士薬局あずま店", "機関区分": 5, "都道府県コード": 10, "市区町村コード": 204, "所在地": "群馬県伊勢崎市田部井町３－１９７８－６", "緯度": 36.349984, "経度": 139.257853, "url": "https://www.iryou.teikyouseido.mhlw.go.jp/znk-web/juminkanja/S2430/initialize?prefCd=10&kikanCd=6102001103&kikanKbn=5", "url2": "https://fujiph.co.jp", "内容": "富士薬局あずま店【5:薬局】群馬県伊勢崎市田部井町３－１９７８－６" }, "geometry": { "type": "Point", "coordinates": [ 139.257853, 36.349984 ] } },
{ "type": "Feature", "properties": { "ID": 1056102001105, "正式名称": "ポプラ薬局", "機関区分": 5, "都道府県コード": 10, "市区町村コード": 202, "所在地": "群馬県高崎市飯塚町", "緯度": 36.339117, "経度": 139.0142, "url": "https://www.iryou.teikyouseido.mhlw.go.jp/znk-web/juminkanja/S2430/initialize?prefCd=10&kikanCd=6102001105&kikanKbn=5", "url2": null, "内容": "ポプラ薬局【5:薬局】群馬県高崎市飯塚町" }, "geometry": { "type": "Point", "coordinates": [ 139.0142, 36.339117 ] } },
{ "type": "Feature", "properties": { "ID": 1056102001106, "正式名称": "共創未来　朝倉薬局", "機関区分": 5, "都道府県コード": 10, "市区町村コード": 201, "所在地": "群馬県前橋市朝倉町５１４－５", "緯度": 36.357543, "経度": 139.092418, "url": "https://www.iryou.teikyouseido.mhlw.go.jp/znk-web/juminkanja/S2430/initialize?prefCd=10&kikanCd=6102001106&kikanKbn=5", "url2": "http://www.phmirai.co.jp/shops/detail.php?id=432", "内容": "共創未来　朝倉薬局【5:薬局】群馬県前橋市朝倉町５１４－５" }, "geometry": { "type": "Point", "coordinates": [ 139.092418, 36.357543 ] } },
{ "type": "Feature", "properties": { "ID": 1056102001109, "正式名称": "よつば薬局", "機関区分": 5, "都道府県コード": 10, "市区町村コード": 203, "所在地": "群馬県桐生市織姫町５－４２", "緯度": 36.40476, "経度": 139.327163, "url": "https://www.iryou.teikyouseido.mhlw.go.jp/znk-web/juminkanja/S2430/initialize?prefCd=10&kikanCd=6102001109&kikanKbn=5", "url2": "https://www.yotsuba-pharmacy.jp", "内容": "よつば薬局【5:薬局】群馬県桐生市織姫町５－４２" }, "geometry": { "type": "Point", "coordinates": [ 139.327163, 36.40476 ] } },
{ "type": "Feature", "properties": { "ID": 1056102001110, "正式名称": "ＵＫ富岡薬局", "機関区分": 5, "都道府県コード": 10, "市区町村コード": 210, "所在地": "群馬県富岡市富岡１４７５ー４", "緯度": 36.25976, "経度": 138.888534, "url": "https://www.iryou.teikyouseido.mhlw.go.jp/znk-web/juminkanja/S2430/initialize?prefCd=10&kikanCd=6102001110&kikanKbn=5", "url2": null, "内容": "ＵＫ富岡薬局【5:薬局】群馬県富岡市富岡１４７５ー４" }, "geometry": { "type": "Point", "coordinates": [ 138.888534, 36.25976 ] } },
{ "type": "Feature", "properties": { "ID": 1056102001112, "正式名称": "レッド・ダイアモンド　ファーマシー薬局", "機関区分": 5, "都道府県コード": 10, "市区町村コード": 203, "所在地": "群馬県桐生市巴町１丁目１１１４番地　井上ビル１階", "緯度": 36.40986, "経度": 139.335345, "url": "https://www.iryou.teikyouseido.mhlw.go.jp/znk-web/juminkanja/S2430/initialize?prefCd=10&kikanCd=6102001112&kikanKbn=5", "url2": null, "内容": "レッド・ダイアモンド　ファーマシー薬局【5:薬局】群馬県桐生市巴町１丁目１１１４番地　井上ビル１階" }, "geometry": { "type": "Point", "coordinates": [ 139.335345, 36.40986 ] } },
{ "type": "Feature", "properties": { "ID": 1056102001113, "正式名称": "クスリのアオキ館林栄町薬局", "機関区分": 5, "都道府県コード": 10, "市区町村コード": 207, "所在地": "群馬県館林市栄町１１番１９号", "緯度": 36.247659, "経度": 139.524824, "url": "https://www.iryou.teikyouseido.mhlw.go.jp/znk-web/juminkanja/S2430/initialize?prefCd=10&kikanCd=6102001113&kikanKbn=5", "url2": "http://www.kusuri-aoki.co.jp/", "内容": "クスリのアオキ館林栄町薬局【5:薬局】群馬県館林市栄町１１番１９号" }, "geometry": { "type": "Point", "coordinates": [ 139.524824, 36.247659 ] } },
{ "type": "Feature", "properties": { "ID": 1056102001114, "正式名称": "クスリのアオキ連取薬局", "機関区分": 5, "都道府県コード": 10, "市区町村コード": 204, "所在地": "群馬県伊勢崎市連取本町２３２番地３", "緯度": 36.318099, "経度": 139.179212, "url": "https://www.iryou.teikyouseido.mhlw.go.jp/znk-web/juminkanja/S2430/initialize?prefCd=10&kikanCd=6102001114&kikanKbn=5", "url2": "https://www.kusuri-aoki.co.jp", "内容": "クスリのアオキ連取薬局【5:薬局】群馬県伊勢崎市連取本町２３２番地３" }, "geometry": { "type": "Point", "coordinates": [ 139.179212, 36.318099 ] } },
{ "type": "Feature", "properties": { "ID": 1056102001115, "正式名称": "ウエルシア薬局太田尾島店", "機関区分": 5, "都道府県コード": 10, "市区町村コード": 205, "所在地": "群馬県太田市安養寺町２２－２", "緯度": 36.259199, "経度": 139.311134, "url": "https://www.iryou.teikyouseido.mhlw.go.jp/znk-web/juminkanja/S2430/initialize?prefCd=10&kikanCd=6102001115&kikanKbn=5", "url2": "https://www.welcia-yakkyoku.co.jp/", "内容": "ウエルシア薬局太田尾島店【5:薬局】群馬県太田市安養寺町２２－２" }, "geometry": { "type": "Point", "coordinates": [ 139.311134, 36.259199 ] } },
{ "type": "Feature", "properties": { "ID": 1056102001116, "正式名称": "マルエ薬局　並榎店", "機関区分": 5, "都道府県コード": 10, "市区町村コード": 202, "所在地": "群馬県高崎市上並榎町８８－１", "緯度": 36.34033, "経度": 138.994979, "url": "https://www.iryou.teikyouseido.mhlw.go.jp/znk-web/juminkanja/S2430/initialize?prefCd=10&kikanCd=6102001116&kikanKbn=5", "url2": "https://marue-drug.co.jp/", "内容": "マルエ薬局　並榎店【5:薬局】群馬県高崎市上並榎町８８－１" }, "geometry": { "type": "Point", "coordinates": [ 138.994979, 36.34033 ] } },
{ "type": "Feature", "properties": { "ID": 1056102001117, "正式名称": "ファイン薬局　下小林", "機関区分": 5, "都道府県コード": 10, "市区町村コード": 205, "所在地": "群馬県太田市下小林町５１ー３", "緯度": 36.285317, "経度": 139.403991, "url": "https://www.iryou.teikyouseido.mhlw.go.jp/znk-web/juminkanja/S2430/initialize?prefCd=10&kikanCd=6102001117&kikanKbn=5", "url2": "http://finegroup.jp", "内容": "ファイン薬局　下小林【5:薬局】群馬県太田市下小林町５１ー３" }, "geometry": { "type": "Point", "coordinates": [ 139.403991, 36.285317 ] } },
{ "type": "Feature", "properties": { "ID": 1056102001118, "正式名称": "オルゴール薬局", "機関区分": 5, "都道府県コード": 10, "市区町村コード": 464, "所在地": "群馬県佐波郡玉村町上茂木４７２－３", "緯度": 36.301543, "経度": 139.129357, "url": "https://www.iryou.teikyouseido.mhlw.go.jp/znk-web/juminkanja/S2430/initialize?prefCd=10&kikanCd=6102001118&kikanKbn=5", "url2": null, "内容": "オルゴール薬局【5:薬局】群馬県佐波郡玉村町上茂木４７２－３" }, "geometry": { "type": "Point", "coordinates": [ 139.129357, 36.301543 ] } },
{ "type": "Feature", "properties": { "ID": 1056102001119, "正式名称": "そら薬局井野店", "機関区分": 5, "都道府県コード": 10, "市区町村コード": 202, "所在地": "群馬県高崎市井野町字薬師７９１ー１", "緯度": 36.356221, "経度": 139.026401, "url": "https://www.iryou.teikyouseido.mhlw.go.jp/znk-web/juminkanja/S2430/initialize?prefCd=10&kikanCd=6102001119&kikanKbn=5", "url2": null, "内容": "そら薬局井野店【5:薬局】群馬県高崎市井野町字薬師７９１ー１" }, "geometry": { "type": "Point", "coordinates": [ 139.026401, 36.356221 ] } },
{ "type": "Feature", "properties": { "ID": 1056102001120, "正式名称": "よつば薬局", "機関区分": 5, "都道府県コード": 10, "市区町村コード": 201, "所在地": "群馬県前橋市上泉町９３８－１", "緯度": 36.401851, "経度": 139.104558, "url": "https://www.iryou.teikyouseido.mhlw.go.jp/znk-web/juminkanja/S2430/initialize?prefCd=10&kikanCd=6102001120&kikanKbn=5", "url2": null, "内容": "よつば薬局【5:薬局】群馬県前橋市上泉町９３８－１" }, "geometry": { "type": "Point", "coordinates": [ 139.104558, 36.401851 ] } },
{ "type": "Feature", "properties": { "ID": 1056102001121, "正式名称": "つばさ薬局宮元店", "機関区分": 5, "都道府県コード": 10, "市区町村コード": 202, "所在地": "群馬県高崎市宮元町２０７　乾小児科内科医院ビル１階", "緯度": 36.324504, "経度": 139.005429, "url": "https://www.iryou.teikyouseido.mhlw.go.jp/znk-web/juminkanja/S2430/initialize?prefCd=10&kikanCd=6102001121&kikanKbn=5", "url2": "https://tsubasa-ph.jp/shopdetail.html", "内容": "つばさ薬局宮元店【5:薬局】群馬県高崎市宮元町２０７　乾小児科内科医院ビル１階" }, "geometry": { "type": "Point", "coordinates": [ 139.005429, 36.324504 ] } },
{ "type": "Feature", "properties": { "ID": 1056102001122, "正式名称": "ウイン調剤薬局　前橋日赤前店", "機関区分": 5, "都道府県コード": 10, "市区町村コード": 201, "所在地": "群馬県前橋市朝倉町４１９－１", "緯度": 36.357945, "経度": 139.093642, "url": "https://www.iryou.teikyouseido.mhlw.go.jp/znk-web/juminkanja/S2430/initialize?prefCd=10&kikanCd=6102001122&kikanKbn=5", "url2": "https://www.winpharma.jp/", "内容": "ウイン調剤薬局　前橋日赤前店【5:薬局】群馬県前橋市朝倉町４１９－１" }, "geometry": { "type": "Point", "coordinates": [ 139.093642, 36.357945 ] } },
{ "type": "Feature", "properties": { "ID": 1056102001123, "正式名称": "マルエ薬局前橋天川原店", "機関区分": 5, "都道府県コード": 10, "市区町村コード": 201, "所在地": "群馬県前橋市天川原町１－２１－１", "緯度": 36.375815, "経度": 139.083867, "url": "https://www.iryou.teikyouseido.mhlw.go.jp/znk-web/juminkanja/S2430/initialize?prefCd=10&kikanCd=6102001123&kikanKbn=5", "url2": "https://marue-drug.co.jp/", "内容": "マルエ薬局前橋天川原店【5:薬局】群馬県前橋市天川原町１－２１－１" }, "geometry": { "type": "Point", "coordinates": [ 139.083867, 36.375815 ] } },
{ "type": "Feature", "properties": { "ID": 1056102001124, "正式名称": "ウエルシア薬局伊勢崎境町店", "機関区分": 5, "都道府県コード": 10, "市区町村コード": 204, "所在地": "群馬県伊勢崎市境下武士２６８８番地", "緯度": 36.274179, "経度": 139.24643, "url": "https://www.iryou.teikyouseido.mhlw.go.jp/znk-web/juminkanja/S2430/initialize?prefCd=10&kikanCd=6102001124&kikanKbn=5", "url2": "https://store.welcia.co.jp/welcia/spot/detail?code=6021D", "内容": "ウエルシア薬局伊勢崎境町店【5:薬局】群馬県伊勢崎市境下武士２６８８番地" }, "geometry": { "type": "Point", "coordinates": [ 139.24643, 36.274179 ] } },
{ "type": "Feature", "properties": { "ID": 1056102001126, "正式名称": "ウエルシア薬局アクロスプラザ笠懸店", "機関区分": 5, "都道府県コード": 10, "市区町村コード": 212, "所在地": "群馬県みどり市笠懸町阿左美１３０８－１", "緯度": 36.391251, "経度": 139.060848, "url": "https://www.iryou.teikyouseido.mhlw.go.jp/znk-web/juminkanja/S2430/initialize?prefCd=10&kikanCd=6102001126&kikanKbn=5", "url2": "http://www.welcia-yakkyoku.co.jp/", "内容": "ウエルシア薬局アクロスプラザ笠懸店【5:薬局】群馬県みどり市笠懸町阿左美１３０８－１" }, "geometry": { "type": "Point", "coordinates": [ 139.060848, 36.391251 ] } },
{ "type": "Feature", "properties": { "ID": 1056102001127, "正式名称": "株式会社ひまわり薬局", "機関区分": 5, "都道府県コード": 10, "市区町村コード": 382, "所在地": "群馬県甘楽郡下仁田町馬山５９１４－１", "緯度": 36.230288, "経度": 138.81804, "url": "https://www.iryou.teikyouseido.mhlw.go.jp/znk-web/juminkanja/S2430/initialize?prefCd=10&kikanCd=6102001127&kikanKbn=5", "url2": "https://himawari-ph.com/", "内容": "株式会社ひまわり薬局【5:薬局】群馬県甘楽郡下仁田町馬山５９１４－１" }, "geometry": { "type": "Point", "coordinates": [ 138.81804, 36.230288 ] } },
{ "type": "Feature", "properties": { "ID": 1056102001128, "正式名称": "クスリのアオキ藤岡薬局", "機関区分": 5, "都道府県コード": 10, "市区町村コード": 209, "所在地": "群馬県藤岡市藤岡９９６－１", "緯度": 36.254282, "経度": 139.072161, "url": "https://www.iryou.teikyouseido.mhlw.go.jp/znk-web/juminkanja/S2430/initialize?prefCd=10&kikanCd=6102001128&kikanKbn=5", "url2": "https://www.kusuri-aoki.co.jp/search/map.php?id=198", "内容": "クスリのアオキ藤岡薬局【5:薬局】群馬県藤岡市藤岡９９６－１" }, "geometry": { "type": "Point", "coordinates": [ 139.072161, 36.254282 ] } },
{ "type": "Feature", "properties": { "ID": 1056102001129, "正式名称": "さくら薬局", "機関区分": 5, "都道府県コード": 10, "市区町村コード": 210, "所在地": "群馬県富岡市富岡１２０１－２", "緯度": 36.257202, "経度": 138.895995, "url": "https://www.iryou.teikyouseido.mhlw.go.jp/znk-web/juminkanja/S2430/initialize?prefCd=10&kikanCd=6102001129&kikanKbn=5", "url2": "http://www.sakura-ph.co.jp/sakura-pharmacy.html", "内容": "さくら薬局【5:薬局】群馬県富岡市富岡１２０１－２" }, "geometry": { "type": "Point", "coordinates": [ 138.895995, 36.257202 ] } },
{ "type": "Feature", "properties": { "ID": 1056102001130, "正式名称": "キュアート薬局", "機関区分": 5, "都道府県コード": 10, "市区町村コード": 208, "所在地": "群馬県渋川市渋川１８２５番地２８", "緯度": 36.491847, "経度": 139.006861, "url": "https://www.iryou.teikyouseido.mhlw.go.jp/znk-web/juminkanja/S2430/initialize?prefCd=10&kikanCd=6102001130&kikanKbn=5", "url2": "https://cureart.com", "内容": "キュアート薬局【5:薬局】群馬県渋川市渋川１８２５番地２８" }, "geometry": { "type": "Point", "coordinates": [ 139.006861, 36.491847 ] } },
{ "type": "Feature", "properties": { "ID": 1056102001131, "正式名称": "富士薬局藤阿久店", "機関区分": 5, "都道府県コード": 10, "市区町村コード": 205, "所在地": "群馬県太田市藤阿久町７５０－４", "緯度": 36.297215, "経度": 139.355447, "url": "https://www.iryou.teikyouseido.mhlw.go.jp/znk-web/juminkanja/S2430/initialize?prefCd=10&kikanCd=6102001131&kikanKbn=5", "url2": "https://fujiph.co.jp", "内容": "富士薬局藤阿久店【5:薬局】群馬県太田市藤阿久町７５０－４" }, "geometry": { "type": "Point", "coordinates": [ 139.355447, 36.297215 ] } },
{ "type": "Feature", "properties": { "ID": 1056102001132, "正式名称": "中央薬局東矢島店", "機関区分": 5, "都道府県コード": 10, "市区町村コード": 205, "所在地": "群馬県太田市東矢島町７９ー１", "緯度": 36.26392, "経度": 139.387783, "url": "https://www.iryou.teikyouseido.mhlw.go.jp/znk-web/juminkanja/S2430/initialize?prefCd=10&kikanCd=6102001132&kikanKbn=5", "url2": "http://www.otachuo.co.jp/", "内容": "中央薬局東矢島店【5:薬局】群馬県太田市東矢島町７９ー１" }, "geometry": { "type": "Point", "coordinates": [ 139.387783, 36.26392 ] } },
{ "type": "Feature", "properties": { "ID": 1056102001133, "正式名称": "未来薬局　藤岡店", "機関区分": 5, "都道府県コード": 10, "市区町村コード": 209, "所在地": "群馬県藤岡市藤岡字北ノ原８７７－５", "緯度": 36.250633, "経度": 139.076818, "url": "https://www.iryou.teikyouseido.mhlw.go.jp/znk-web/juminkanja/S2430/initialize?prefCd=10&kikanCd=6102001133&kikanKbn=5", "url2": "win-ohana.jp", "内容": "未来薬局　藤岡店【5:薬局】群馬県藤岡市藤岡字北ノ原８７７－５" }, "geometry": { "type": "Point", "coordinates": [ 139.076818, 36.250633 ] } },
{ "type": "Feature", "properties": { "ID": 1056102001134, "正式名称": "つばさ薬局茂呂店", "機関区分": 5, "都道府県コード": 10, "市区町村コード": 204, "所在地": "群馬県伊勢崎市茂呂町１丁目５５２－３", "緯度": 36.305358, "経度": 139.204397, "url": "https://www.iryou.teikyouseido.mhlw.go.jp/znk-web/juminkanja/S2430/initialize?prefCd=10&kikanCd=6102001134&kikanKbn=5", "url2": "https://tsubasa-ph.jp/index.html", "内容": "つばさ薬局茂呂店【5:薬局】群馬県伊勢崎市茂呂町１丁目５５２－３" }, "geometry": { "type": "Point", "coordinates": [ 139.204397, 36.305358 ] } },
{ "type": "Feature", "properties": { "ID": 1056102001135, "正式名称": "クスリのアオキ伊勢崎境薬局", "機関区分": 5, "都道府県コード": 10, "市区町村コード": 204, "所在地": "群馬県伊勢崎市境栄７９３番地", "緯度": 36.391251, "経度": 139.060848, "url": "https://www.iryou.teikyouseido.mhlw.go.jp/znk-web/juminkanja/S2430/initialize?prefCd=10&kikanCd=6102001135&kikanKbn=5", "url2": "https://www.kusuri-aoki.co.jp/search/map.php?id=336", "内容": "クスリのアオキ伊勢崎境薬局【5:薬局】群馬県伊勢崎市境栄７９３番地" }, "geometry": { "type": "Point", "coordinates": [ 139.060848, 36.391251 ] } },
{ "type": "Feature", "properties": { "ID": 1056102001136, "正式名称": "あゆみ薬局", "機関区分": 5, "都道府県コード": 10, "市区町村コード": 204, "所在地": "群馬県伊勢崎市東町２５１７ー３", "緯度": 36.340483, "経度": 139.244063, "url": "https://www.iryou.teikyouseido.mhlw.go.jp/znk-web/juminkanja/S2430/initialize?prefCd=10&kikanCd=6102001136&kikanKbn=5", "url2": "https://www.kenzitudo.com/", "内容": "あゆみ薬局【5:薬局】群馬県伊勢崎市東町２５１７ー３" }, "geometry": { "type": "Point", "coordinates": [ 139.244063, 36.340483 ] } },
{ "type": "Feature", "properties": { "ID": 1056102001138, "正式名称": "ウエルシア薬局前橋六供町店", "機関区分": 5, "都道府県コード": 10, "市区町村コード": 201, "所在地": "群馬県前橋市六供町５－３３－２６", "緯度": 36.36506, "経度": 139.077752, "url": "https://www.iryou.teikyouseido.mhlw.go.jp/znk-web/juminkanja/S2430/initialize?prefCd=10&kikanCd=6102001138&kikanKbn=5", "url2": "https://stores.welcia.co.jp/190D", "内容": "ウエルシア薬局前橋六供町店【5:薬局】群馬県前橋市六供町５－３３－２６" }, "geometry": { "type": "Point", "coordinates": [ 139.077752, 36.36506 ] } },
{ "type": "Feature", "properties": { "ID": 1056102001139, "正式名称": "くわの実調剤薬局", "機関区分": 5, "都道府県コード": 10, "市区町村コード": 210, "所在地": "群馬県富岡市富岡５２－１", "緯度": 36.255099, "経度": 138.889932, "url": "https://www.iryou.teikyouseido.mhlw.go.jp/znk-web/juminkanja/S2430/initialize?prefCd=10&kikanCd=6102001139&kikanKbn=5", "url2": null, "内容": "くわの実調剤薬局【5:薬局】群馬県富岡市富岡５２－１" }, "geometry": { "type": "Point", "coordinates": [ 138.889932, 36.255099 ] } },
{ "type": "Feature", "properties": { "ID": 1056102001140, "正式名称": "桜調剤薬局浜川店", "機関区分": 5, "都道府県コード": 10, "市区町村コード": 202, "所在地": "群馬県高崎市浜川町１２３７ー２", "緯度": 36.365154, "経度": 138.97656, "url": "https://www.iryou.teikyouseido.mhlw.go.jp/znk-web/juminkanja/S2430/initialize?prefCd=10&kikanCd=6102001140&kikanKbn=5", "url2": null, "内容": "桜調剤薬局浜川店【5:薬局】群馬県高崎市浜川町１２３７ー２" }, "geometry": { "type": "Point", "coordinates": [ 138.97656, 36.365154 ] } },
{ "type": "Feature", "properties": { "ID": 1056102001141, "正式名称": "みないろ薬局", "機関区分": 5, "都道府県コード": 10, "市区町村コード": 202, "所在地": "群馬県高崎市貝沢町１５３５－１", "緯度": 36.343167, "経度": 139.030151, "url": "https://www.iryou.teikyouseido.mhlw.go.jp/znk-web/juminkanja/S2430/initialize?prefCd=10&kikanCd=6102001141&kikanKbn=5", "url2": null, "内容": "みないろ薬局【5:薬局】群馬県高崎市貝沢町１５３５－１" }, "geometry": { "type": "Point", "coordinates": [ 139.030151, 36.343167 ] } },
{ "type": "Feature", "properties": { "ID": 1056102001142, "正式名称": "ネクスト調剤薬局新前橋店", "機関区分": 5, "都道府県コード": 10, "市区町村コード": 201, "所在地": "群馬県前橋市古市町１８０－１", "緯度": 36.376078, "経度": 139.044132, "url": "https://www.iryou.teikyouseido.mhlw.go.jp/znk-web/juminkanja/S2430/initialize?prefCd=10&kikanCd=6102001142&kikanKbn=5", "url2": "https://www.westmedicalpharma.jp/store", "内容": "ネクスト調剤薬局新前橋店【5:薬局】群馬県前橋市古市町１８０－１" }, "geometry": { "type": "Point", "coordinates": [ 139.044132, 36.376078 ] } },
{ "type": "Feature", "properties": { "ID": 1056102001143, "正式名称": "南天薬局", "機関区分": 5, "都道府県コード": 10, "市区町村コード": 201, "所在地": "群馬県前橋市下小出町２丁目２０番地３号　サンヒルズ下小出１０５号室", "緯度": 36.411947, "経度": 139.064948, "url": "https://www.iryou.teikyouseido.mhlw.go.jp/znk-web/juminkanja/S2430/initialize?prefCd=10&kikanCd=6102001143&kikanKbn=5", "url2": null, "内容": "南天薬局【5:薬局】群馬県前橋市下小出町２丁目２０番地３号　サンヒルズ下小出１０５号室" }, "geometry": { "type": "Point", "coordinates": [ 139.064948, 36.411947 ] } },
{ "type": "Feature", "properties": { "ID": 1056102001144, "正式名称": "こじか薬局", "機関区分": 5, "都道府県コード": 10, "市区町村コード": 211, "所在地": "群馬県安中市安中２－２－２９－２", "緯度": 36.325147, "経度": 138.891803, "url": "https://www.iryou.teikyouseido.mhlw.go.jp/znk-web/juminkanja/S2430/initialize?prefCd=10&kikanCd=6102001144&kikanKbn=5", "url2": "https://www.kojika-ph.com/", "内容": "こじか薬局【5:薬局】群馬県安中市安中２－２－２９－２" }, "geometry": { "type": "Point", "coordinates": [ 138.891803, 36.325147 ] } },
{ "type": "Feature", "properties": { "ID": 1056102001145, "正式名称": "クスリのアオキ上並榎薬局", "機関区分": 5, "都道府県コード": 10, "市区町村コード": 202, "所在地": "群馬県高崎市上並榎町４０番地２", "緯度": 36.3465, "経度": 138.992564, "url": "https://www.iryou.teikyouseido.mhlw.go.jp/znk-web/juminkanja/S2430/initialize?prefCd=10&kikanCd=6102001145&kikanKbn=5", "url2": "https://kusuri-aoki-shop-info.com/", "内容": "クスリのアオキ上並榎薬局【5:薬局】群馬県高崎市上並榎町４０番地２" }, "geometry": { "type": "Point", "coordinates": [ 138.992564, 36.3465 ] } },
{ "type": "Feature", "properties": { "ID": 1056102001146, "正式名称": "すみれ調剤薬局太田南店", "機関区分": 5, "都道府県コード": 10, "市区町村コード": 205, "所在地": "群馬県太田市牛沢町１３５－１", "緯度": 36.26115, "経度": 139.355192, "url": "https://www.iryou.teikyouseido.mhlw.go.jp/znk-web/juminkanja/S2430/initialize?prefCd=10&kikanCd=6102001146&kikanKbn=5", "url2": "http://sumire89.com/", "内容": "すみれ調剤薬局太田南店【5:薬局】群馬県太田市牛沢町１３５－１" }, "geometry": { "type": "Point", "coordinates": [ 139.355192, 36.26115 ] } },
{ "type": "Feature", "properties": { "ID": 1056102001147, "正式名称": "薬王園漢方薬局", "機関区分": 5, "都道府県コード": 10, "市区町村コード": 202, "所在地": "群馬県高崎市鞘町２０ー１鞘町ビル", "緯度": 36.325521, "経度": 139.004888, "url": "https://www.iryou.teikyouseido.mhlw.go.jp/znk-web/juminkanja/S2430/initialize?prefCd=10&kikanCd=6102001147&kikanKbn=5", "url2": "http://yakuouen.com/", "内容": "薬王園漢方薬局【5:薬局】群馬県高崎市鞘町２０ー１鞘町ビル" }, "geometry": { "type": "Point", "coordinates": [ 139.004888, 36.325521 ] } },
{ "type": "Feature", "properties": { "ID": 1056102001148, "正式名称": "あずまみまもり薬局", "機関区分": 5, "都道府県コード": 10, "市区町村コード": 204, "所在地": "群馬県伊勢崎市三室町４０１１ー６", "緯度": 36.316638, "経度": 139.245315, "url": "https://www.iryou.teikyouseido.mhlw.go.jp/znk-web/juminkanja/S2430/initialize?prefCd=10&kikanCd=6102001148&kikanKbn=5", "url2": null, "内容": "あずまみまもり薬局【5:薬局】群馬県伊勢崎市三室町４０１１ー６" }, "geometry": { "type": "Point", "coordinates": [ 139.245315, 36.316638 ] } },
{ "type": "Feature", "properties": { "ID": 1056102001149, "正式名称": "オハナ薬局前橋朝日店", "機関区分": 5, "都道府県コード": 10, "市区町村コード": 201, "所在地": "群馬県前橋市朝日町１－１８－２３", "緯度": 36.391251, "経度": 139.060848, "url": "https://www.iryou.teikyouseido.mhlw.go.jp/znk-web/juminkanja/S2430/initialize?prefCd=10&kikanCd=6102001149&kikanKbn=5", "url2": "https://win-ohana.jp", "内容": "オハナ薬局前橋朝日店【5:薬局】群馬県前橋市朝日町１－１８－２３" }, "geometry": { "type": "Point", "coordinates": [ 139.060848, 36.391251 ] } },
{ "type": "Feature", "properties": { "ID": 1056102001150, "正式名称": "ウエルシア薬局藤岡北ノ原店", "機関区分": 5, "都道府県コード": 10, "市区町村コード": 209, "所在地": "群馬県藤岡市藤岡７４１番地１", "緯度": 36.255316, "経度": 139.081396, "url": "https://www.iryou.teikyouseido.mhlw.go.jp/znk-web/juminkanja/S2430/initialize?prefCd=10&kikanCd=6102001150&kikanKbn=5", "url2": "https://stores.welcia.co.jp/184D", "内容": "ウエルシア薬局藤岡北ノ原店【5:薬局】群馬県藤岡市藤岡７４１番地１" }, "geometry": { "type": "Point", "coordinates": [ 139.081396, 36.255316 ] } },
{ "type": "Feature", "properties": { "ID": 1056102001151, "正式名称": "ぺんぎん薬局", "機関区分": 5, "都道府県コード": 10, "市区町村コード": 202, "所在地": "群馬県高崎市小八木町７９９－２", "緯度": 36.359831, "経度": 139.012242, "url": "https://www.iryou.teikyouseido.mhlw.go.jp/znk-web/juminkanja/S2430/initialize?prefCd=10&kikanCd=6102001151&kikanKbn=5", "url2": null, "内容": "ぺんぎん薬局【5:薬局】群馬県高崎市小八木町７９９－２" }, "geometry": { "type": "Point", "coordinates": [ 139.012242, 36.359831 ] } },
{ "type": "Feature", "properties": { "ID": 1056102001153, "正式名称": "クオール薬局高崎北店", "機関区分": 5, "都道府県コード": 10, "市区町村コード": 202, "所在地": "群馬県高崎市並榎町５５－８", "緯度": 36.342953, "経度": 138.995244, "url": "https://www.iryou.teikyouseido.mhlw.go.jp/znk-web/juminkanja/S2430/initialize?prefCd=10&kikanCd=6102001153&kikanKbn=5", "url2": "https://www.qol-net.co.jp/", "内容": "クオール薬局高崎北店【5:薬局】群馬県高崎市並榎町５５－８" }, "geometry": { "type": "Point", "coordinates": [ 138.995244, 36.342953 ] } },
{ "type": "Feature", "properties": { "ID": 1056102001154, "正式名称": "みらい薬局", "機関区分": 5, "都道府県コード": 10, "市区町村コード": 202, "所在地": "群馬県高崎市上並榎町４６－３", "緯度": 36.347291, "経度": 138.99206, "url": "https://www.iryou.teikyouseido.mhlw.go.jp/znk-web/juminkanja/S2430/initialize?prefCd=10&kikanCd=6102001154&kikanKbn=5", "url2": "https://mirai-yakkyoku.com/", "内容": "みらい薬局【5:薬局】群馬県高崎市上並榎町４６－３" }, "geometry": { "type": "Point", "coordinates": [ 138.99206, 36.347291 ] } },
{ "type": "Feature", "properties": { "ID": 1056102001155, "正式名称": "プラス薬局みさと店", "機関区分": 5, "都道府県コード": 10, "市区町村コード": 202, "所在地": "群馬県高崎市箕郷町矢原１５－１", "緯度": 36.407406, "経度": 138.958195, "url": "https://www.iryou.teikyouseido.mhlw.go.jp/znk-web/juminkanja/S2430/initialize?prefCd=10&kikanCd=6102001155&kikanKbn=5", "url2": null, "内容": "プラス薬局みさと店【5:薬局】群馬県高崎市箕郷町矢原１５－１" }, "geometry": { "type": "Point", "coordinates": [ 138.958195, 36.407406 ] } },
{ "type": "Feature", "properties": { "ID": 1056102001156, "正式名称": "さくら薬局藤岡店", "機関区分": 5, "都道府県コード": 10, "市区町村コード": 209, "所在地": "群馬県藤岡市藤岡１６７８－６", "緯度": 36.391251, "経度": 139.060848, "url": "https://www.iryou.teikyouseido.mhlw.go.jp/znk-web/juminkanja/S2430/initialize?prefCd=10&kikanCd=6102001156&kikanKbn=5", "url2": "https://www.kusurinomadoguchi.com/gumma/s1000055376", "内容": "さくら薬局藤岡店【5:薬局】群馬県藤岡市藤岡１６７８－６" }, "geometry": { "type": "Point", "coordinates": [ 139.060848, 36.391251 ] } },
{ "type": "Feature", "properties": { "ID": 1056102001157, "正式名称": "もりした薬局", "機関区分": 5, "都道府県コード": 10, "市区町村コード": 212, "所在地": "群馬県みどり市大間々町大間々", "緯度": 36.423674, "経度": 139.27527, "url": "https://www.iryou.teikyouseido.mhlw.go.jp/znk-web/juminkanja/S2430/initialize?prefCd=10&kikanCd=6102001157&kikanKbn=5", "url2": null, "内容": "もりした薬局【5:薬局】群馬県みどり市大間々町大間々" }, "geometry": { "type": "Point", "coordinates": [ 139.27527, 36.423674 ] } },
{ "type": "Feature", "properties": { "ID": 1056102001158, "正式名称": "アイン薬局渋川中村店", "機関区分": 5, "都道府県コード": 10, "市区町村コード": 208, "所在地": "群馬県渋川市中村１４７－１", "緯度": 36.391251, "経度": 139.060848, "url": "https://www.iryou.teikyouseido.mhlw.go.jp/znk-web/juminkanja/S2430/initialize?prefCd=10&kikanCd=6102001158&kikanKbn=5", "url2": "https://www.ainj.co.jp/", "内容": "アイン薬局渋川中村店【5:薬局】群馬県渋川市中村１４７－１" }, "geometry": { "type": "Point", "coordinates": [ 139.060848, 36.391251 ] } },
{ "type": "Feature", "properties": { "ID": 1056102001159, "正式名称": "ウエルシア薬局邑楽町中野店", "機関区分": 5, "都道府県コード": 10, "市区町村コード": 525, "所在地": "群馬県邑楽郡邑楽町中野４５７１－１", "緯度": 36.263088, "経度": 139.467878, "url": "https://www.iryou.teikyouseido.mhlw.go.jp/znk-web/juminkanja/S2430/initialize?prefCd=10&kikanCd=6102001159&kikanKbn=5", "url2": "https://stores.welcia.co.jp/179D", "内容": "ウエルシア薬局邑楽町中野店【5:薬局】群馬県邑楽郡邑楽町中野４５７１－１" }, "geometry": { "type": "Point", "coordinates": [ 139.467878, 36.263088 ] } },
{ "type": "Feature", "properties": { "ID": 1056102001160, "正式名称": "スギ薬局　三俣店", "機関区分": 5, "都道府県コード": 10, "市区町村コード": 201, "所在地": "群馬県前橋市三俣町二丁目１０番６号", "緯度": 36.39737, "経度": 139.086132, "url": "https://www.iryou.teikyouseido.mhlw.go.jp/znk-web/juminkanja/S2430/initialize?prefCd=10&kikanCd=6102001160&kikanKbn=5", "url2": "https://www.drug-sugi.co.jp/", "内容": "スギ薬局　三俣店【5:薬局】群馬県前橋市三俣町二丁目１０番６号" }, "geometry": { "type": "Point", "coordinates": [ 139.086132, 36.39737 ] } },
{ "type": "Feature", "properties": { "ID": 1056102001161, "正式名称": "みのわ薬局", "機関区分": 5, "都道府県コード": 10, "市区町村コード": 202, "所在地": "群馬県高崎市箕郷町上芝４８１－１", "緯度": 36.383396, "経度": 138.958773, "url": "https://www.iryou.teikyouseido.mhlw.go.jp/znk-web/juminkanja/S2430/initialize?prefCd=10&kikanCd=6102001161&kikanKbn=5", "url2": "https://www.azpharmacy.jp/", "内容": "みのわ薬局【5:薬局】群馬県高崎市箕郷町上芝４８１－１" }, "geometry": { "type": "Point", "coordinates": [ 138.958773, 36.383396 ] } },
{ "type": "Feature", "properties": { "ID": 1056102001162, "正式名称": "館林調剤薬局", "機関区分": 5, "都道府県コード": 10, "市区町村コード": 207, "所在地": "群馬県館林市新宿一丁目一番二十六号", "緯度": 36.238197, "経度": 139.527642, "url": "https://www.iryou.teikyouseido.mhlw.go.jp/znk-web/juminkanja/S2430/initialize?prefCd=10&kikanCd=6102001162&kikanKbn=5", "url2": null, "内容": "館林調剤薬局【5:薬局】群馬県館林市新宿一丁目一番二十六号" }, "geometry": { "type": "Point", "coordinates": [ 139.527642, 36.238197 ] } },
{ "type": "Feature", "properties": { "ID": 1056102001163, "正式名称": "よつば薬局", "機関区分": 5, "都道府県コード": 10, "市区町村コード": 202, "所在地": "群馬県高崎市上小塙町５６７", "緯度": 36.35951, "経度": 138.979228, "url": "https://www.iryou.teikyouseido.mhlw.go.jp/znk-web/juminkanja/S2430/initialize?prefCd=10&kikanCd=6102001163&kikanKbn=5", "url2": "https://www.azpharmacy.jp/", "内容": "よつば薬局【5:薬局】群馬県高崎市上小塙町５６７" }, "geometry": { "type": "Point", "coordinates": [ 138.979228, 36.35951 ] } },
{ "type": "Feature", "properties": { "ID": 1056102001164, "正式名称": "マルエ薬局昭和店", "機関区分": 5, "都道府県コード": 10, "市区町村コード": 204, "所在地": "群馬県伊勢崎市昭和町１８８６－１", "緯度": 36.325986, "経度": 139.208202, "url": "https://www.iryou.teikyouseido.mhlw.go.jp/znk-web/juminkanja/S2430/initialize?prefCd=10&kikanCd=6102001164&kikanKbn=5", "url2": "https://marue-drug.co.jp/", "内容": "マルエ薬局昭和店【5:薬局】群馬県伊勢崎市昭和町１８８６－１" }, "geometry": { "type": "Point", "coordinates": [ 139.208202, 36.325986 ] } },
{ "type": "Feature", "properties": { "ID": 1056102001167, "正式名称": "共創未来もとぎ薬局", "機関区分": 5, "都道府県コード": 10, "市区町村コード": 201, "所在地": "群馬県前橋市茂木町５－４", "緯度": 36.415575, "経度": 139.156453, "url": "https://www.iryou.teikyouseido.mhlw.go.jp/znk-web/juminkanja/S2430/initialize?prefCd=10&kikanCd=6102001167&kikanKbn=5", "url2": "http://www.phmirai.co.jp/", "内容": "共創未来もとぎ薬局【5:薬局】群馬県前橋市茂木町５－４" }, "geometry": { "type": "Point", "coordinates": [ 139.156453, 36.415575 ] } },
{ "type": "Feature", "properties": { "ID": 1056102001168, "正式名称": "かがやき薬局", "機関区分": 5, "都道府県コード": 10, "市区町村コード": 202, "所在地": "群馬県高崎市東町３２－１", "緯度": 36.325042, "経度": 139.013511, "url": "https://www.iryou.teikyouseido.mhlw.go.jp/znk-web/juminkanja/S2430/initialize?prefCd=10&kikanCd=6102001168&kikanKbn=5", "url2": "https://www.t3pharmacy.com", "内容": "かがやき薬局【5:薬局】群馬県高崎市東町３２－１" }, "geometry": { "type": "Point", "coordinates": [ 139.013511, 36.325042 ] } },
{ "type": "Feature", "properties": { "ID": 1056102001169, "正式名称": "調剤薬局ワイズ", "機関区分": 5, "都道府県コード": 10, "市区町村コード": 203, "所在地": "群馬県桐生市本町３丁目４－２８", "緯度": 36.415123, "経度": 139.342067, "url": "https://www.iryou.teikyouseido.mhlw.go.jp/znk-web/juminkanja/S2430/initialize?prefCd=10&kikanCd=6102001169&kikanKbn=5", "url2": null, "内容": "調剤薬局ワイズ【5:薬局】群馬県桐生市本町３丁目４－２８" }, "geometry": { "type": "Point", "coordinates": [ 139.342067, 36.415123 ] } },
{ "type": "Feature", "properties": { "ID": 1056102001170, "正式名称": "たかね調剤薬局", "機関区分": 5, "都道府県コード": 10, "市区町村コード": 207, "所在地": "群馬県館林市西高根町４７ー９", "緯度": 36.262499, "経度": 139.513116, "url": "https://www.iryou.teikyouseido.mhlw.go.jp/znk-web/juminkanja/S2430/initialize?prefCd=10&kikanCd=6102001170&kikanKbn=5", "url2": "https://www.y-chemical-pharmacy.com", "内容": "たかね調剤薬局【5:薬局】群馬県館林市西高根町４７ー９" }, "geometry": { "type": "Point", "coordinates": [ 139.513116, 36.262499 ] } },
{ "type": "Feature", "properties": { "ID": 1056102001171, "正式名称": "マルエ薬局前橋西片貝店", "機関区分": 5, "都道府県コード": 10, "市区町村コード": 201, "所在地": "群馬県前橋市西片貝町１丁目２９５番地１７", "緯度": 36.394716, "経度": 139.091282, "url": "https://www.iryou.teikyouseido.mhlw.go.jp/znk-web/juminkanja/S2430/initialize?prefCd=10&kikanCd=6102001171&kikanKbn=5", "url2": "https://marue-drug.co.jp/", "内容": "マルエ薬局前橋西片貝店【5:薬局】群馬県前橋市西片貝町１丁目２９５番地１７" }, "geometry": { "type": "Point", "coordinates": [ 139.091282, 36.394716 ] } },
{ "type": "Feature", "properties": { "ID": 1056102001172, "正式名称": "クスリのアオキ高井薬局", "機関区分": 5, "都道府県コード": 10, "市区町村コード": 201, "所在地": "群馬県前橋市高井町１丁目３５番地６４", "緯度": 36.415022, "経度": 139.023408, "url": "https://www.iryou.teikyouseido.mhlw.go.jp/znk-web/juminkanja/S2430/initialize?prefCd=10&kikanCd=6102001172&kikanKbn=5", "url2": "https://www.kusuri-aoki.co.jp/", "内容": "クスリのアオキ高井薬局【5:薬局】群馬県前橋市高井町１丁目３５番地６４" }, "geometry": { "type": "Point", "coordinates": [ 139.023408, 36.415022 ] } },
{ "type": "Feature", "properties": { "ID": 1056102001173, "正式名称": "クスリのアオキ桐原薬局", "機関区分": 5, "都道府県コード": 10, "市区町村コード": 212, "所在地": "群馬県みどり市大間々町桐原４０番地２６", "緯度": 36.427461, "経度": 139.267836, "url": "https://www.iryou.teikyouseido.mhlw.go.jp/znk-web/juminkanja/S2430/initialize?prefCd=10&kikanCd=6102001173&kikanKbn=5", "url2": "http://www.kusuri-aoki.co.jp/", "内容": "クスリのアオキ桐原薬局【5:薬局】群馬県みどり市大間々町桐原４０番地２６" }, "geometry": { "type": "Point", "coordinates": [ 139.267836, 36.427461 ] } },
{ "type": "Feature", "properties": { "ID": 1056102001175, "正式名称": "オルゴール薬局　笠懸店", "機関区分": 5, "都道府県コード": 10, "市区町村コード": 212, "所在地": "群馬県みどり市笠懸町鹿４７１２－１１", "緯度": 36.387692, "経度": 139.282759, "url": "https://www.iryou.teikyouseido.mhlw.go.jp/znk-web/juminkanja/S2430/initialize?prefCd=10&kikanCd=6102001175&kikanKbn=5", "url2": null, "内容": "オルゴール薬局　笠懸店【5:薬局】群馬県みどり市笠懸町鹿４７１２－１１" }, "geometry": { "type": "Point", "coordinates": [ 139.282759, 36.387692 ] } },
{ "type": "Feature", "properties": { "ID": 1056102001177, "正式名称": "クスリのアオキ高橋場薬局", "機関区分": 5, "都道府県コード": 10, "市区町村コード": 206, "所在地": "群馬県沼田市高橋場町３０４番地１４", "緯度": 36.649947, "経度": 139.0479, "url": "https://www.iryou.teikyouseido.mhlw.go.jp/znk-web/juminkanja/S2430/initialize?prefCd=10&kikanCd=6102001177&kikanKbn=5", "url2": null, "内容": "クスリのアオキ高橋場薬局【5:薬局】群馬県沼田市高橋場町３０４番地１４" }, "geometry": { "type": "Point", "coordinates": [ 139.0479, 36.649947 ] } },
{ "type": "Feature", "properties": { "ID": 1056102001178, "正式名称": "クスリのアオキ城東薬局", "機関区分": 5, "都道府県コード": 10, "市区町村コード": 201, "所在地": "群馬県前橋市城東町三丁目２１番７号", "緯度": 36.392957, "経度": 139.079245, "url": "https://www.iryou.teikyouseido.mhlw.go.jp/znk-web/juminkanja/S2430/initialize?prefCd=10&kikanCd=6102001178&kikanKbn=5", "url2": "https://www.kusuri-aoki.co.jp/", "内容": "クスリのアオキ城東薬局【5:薬局】群馬県前橋市城東町三丁目２１番７号" }, "geometry": { "type": "Point", "coordinates": [ 139.079245, 36.392957 ] } },
{ "type": "Feature", "properties": { "ID": 1056102001179, "正式名称": "アイリス薬局　藤岡店", "機関区分": 5, "都道府県コード": 10, "市区町村コード": 209, "所在地": "群馬県藤岡市藤岡２１１０－２", "緯度": 36.241253, "経度": 139.06419, "url": "https://www.iryou.teikyouseido.mhlw.go.jp/znk-web/juminkanja/S2430/initialize?prefCd=10&kikanCd=6102001179&kikanKbn=5", "url2": null, "内容": "アイリス薬局　藤岡店【5:薬局】群馬県藤岡市藤岡２１１０－２" }, "geometry": { "type": "Point", "coordinates": [ 139.06419, 36.241253 ] } },
{ "type": "Feature", "properties": { "ID": 1056102001180, "正式名称": "ファイン薬局　連取本町", "機関区分": 5, "都道府県コード": 10, "市区町村コード": 204, "所在地": "群馬県伊勢崎市連取本町１３ー１", "緯度": 36.322095, "経度": 139.178382, "url": "https://www.iryou.teikyouseido.mhlw.go.jp/znk-web/juminkanja/S2430/initialize?prefCd=10&kikanCd=6102001180&kikanKbn=5", "url2": "http://finegroup.jp", "内容": "ファイン薬局　連取本町【5:薬局】群馬県伊勢崎市連取本町１３ー１" }, "geometry": { "type": "Point", "coordinates": [ 139.178382, 36.322095 ] } },
{ "type": "Feature", "properties": { "ID": 1056102001181, "正式名称": "ウイン調剤薬局　ひろせ店", "機関区分": 5, "都道府県コード": 10, "市区町村コード": 204, "所在地": "群馬県伊勢崎市ひろせ町４０８１－６", "緯度": 36.301779, "経度": 139.195037, "url": "https://www.iryou.teikyouseido.mhlw.go.jp/znk-web/juminkanja/S2430/initialize?prefCd=10&kikanCd=6102001181&kikanKbn=5", "url2": "http://www.winpharma.jp/", "内容": "ウイン調剤薬局　ひろせ店【5:薬局】群馬県伊勢崎市ひろせ町４０８１－６" }, "geometry": { "type": "Point", "coordinates": [ 139.195037, 36.301779 ] } },
{ "type": "Feature", "properties": { "ID": 1056102001183, "正式名称": "はんの木薬局", "機関区分": 5, "都道府県コード": 10, "市区町村コード": 201, "所在地": "群馬県前橋市下小出町２丁目５２ー２４", "緯度": 36.412412, "経度": 139.061535, "url": "https://www.iryou.teikyouseido.mhlw.go.jp/znk-web/juminkanja/S2430/initialize?prefCd=10&kikanCd=6102001183&kikanKbn=5", "url2": "http://sunaga.life/company.html", "内容": "はんの木薬局【5:薬局】群馬県前橋市下小出町２丁目５２ー２４" }, "geometry": { "type": "Point", "coordinates": [ 139.061535, 36.412412 ] } },
{ "type": "Feature", "properties": { "ID": 1056102001186, "正式名称": "ウエルシア薬局太田南矢島店", "機関区分": 5, "都道府県コード": 10, "市区町村コード": 205, "所在地": "群馬県太田市南矢島町６４５－３", "緯度": 36.259846, "経度": 139.380654, "url": "https://www.iryou.teikyouseido.mhlw.go.jp/znk-web/juminkanja/S2430/initialize?prefCd=10&kikanCd=6102001186&kikanKbn=5", "url2": "https://stores.welcia.co.jp/185D", "内容": "ウエルシア薬局太田南矢島店【5:薬局】群馬県太田市南矢島町６４５－３" }, "geometry": { "type": "Point", "coordinates": [ 139.380654, 36.259846 ] } },
{ "type": "Feature", "properties": { "ID": 1056102001187, "正式名称": "アイン薬局　関越中央店", "機関区分": 5, "都道府県コード": 10, "市区町村コード": 202, "所在地": "群馬県高崎市北原町", "緯度": 36.405706, "経度": 139.024728, "url": "https://www.iryou.teikyouseido.mhlw.go.jp/znk-web/juminkanja/S2430/initialize?prefCd=10&kikanCd=6102001187&kikanKbn=5", "url2": "https://www.ainj.co.jp/", "内容": "アイン薬局　関越中央店【5:薬局】群馬県高崎市北原町" }, "geometry": { "type": "Point", "coordinates": [ 139.024728, 36.405706 ] } },
{ "type": "Feature", "properties": { "ID": 1056102001188, "正式名称": "山田調剤薬局セントラル店", "機関区分": 5, "都道府県コード": 10, "市区町村コード": 206, "所在地": "群馬県沼田市上原町１５５７ー３", "緯度": 36.653553, "経度": 139.06996, "url": "https://www.iryou.teikyouseido.mhlw.go.jp/znk-web/juminkanja/S2430/initialize?prefCd=10&kikanCd=6102001188&kikanKbn=5", "url2": "https://www.yamadachouzai.com/", "内容": "山田調剤薬局セントラル店【5:薬局】群馬県沼田市上原町１５５７ー３" }, "geometry": { "type": "Point", "coordinates": [ 139.06996, 36.653553 ] } },
{ "type": "Feature", "properties": { "ID": 1056102001189, "正式名称": "アリエス薬局", "機関区分": 5, "都道府県コード": 10, "市区町村コード": 201, "所在地": "群馬県前橋市小屋原町５８２ー１", "緯度": 36.354512, "経度": 139.139838, "url": "https://www.iryou.teikyouseido.mhlw.go.jp/znk-web/juminkanja/S2430/initialize?prefCd=10&kikanCd=6102001189&kikanKbn=5", "url2": null, "内容": "アリエス薬局【5:薬局】群馬県前橋市小屋原町５８２ー１" }, "geometry": { "type": "Point", "coordinates": [ 139.139838, 36.354512 ] } },
{ "type": "Feature", "properties": { "ID": 1056102001190, "正式名称": "前橋中央薬局", "機関区分": 5, "都道府県コード": 10, "市区町村コード": 201, "所在地": "群馬県前橋市上佐鳥町６７－２", "緯度": 36.366343, "経度": 139.083548, "url": "https://www.iryou.teikyouseido.mhlw.go.jp/znk-web/juminkanja/S2430/initialize?prefCd=10&kikanCd=6102001190&kikanKbn=5", "url2": "https://www.yhopharmacygroup.com/", "内容": "前橋中央薬局【5:薬局】群馬県前橋市上佐鳥町６７－２" }, "geometry": { "type": "Point", "coordinates": [ 139.083548, 36.366343 ] } },
{ "type": "Feature", "properties": { "ID": 1056102001191, "正式名称": "スギ薬局朝日町店", "機関区分": 5, "都道府県コード": 10, "市区町村コード": 201, "所在地": "群馬県前橋市朝日町二丁目１８番７号", "緯度": 36.384272, "経度": 139.084231, "url": "https://www.iryou.teikyouseido.mhlw.go.jp/znk-web/juminkanja/S2430/initialize?prefCd=10&kikanCd=6102001191&kikanKbn=5", "url2": "https://www.drug-sugi.co.jp/", "内容": "スギ薬局朝日町店【5:薬局】群馬県前橋市朝日町二丁目１８番７号" }, "geometry": { "type": "Point", "coordinates": [ 139.084231, 36.384272 ] } },
{ "type": "Feature", "properties": { "ID": 1056102001192, "正式名称": "つばさ薬局安堀店", "機関区分": 5, "都道府県コード": 10, "市区町村コード": 204, "所在地": "群馬県伊勢崎市安堀町１８６５ー１０", "緯度": 36.336965, "経度": 139.186516, "url": "https://www.iryou.teikyouseido.mhlw.go.jp/znk-web/juminkanja/S2430/initialize?prefCd=10&kikanCd=6102001192&kikanKbn=5", "url2": "https://tsubasa-ph.jp/shopdetail.html#tsubasa-anbori", "内容": "つばさ薬局安堀店【5:薬局】群馬県伊勢崎市安堀町１８６５ー１０" }, "geometry": { "type": "Point", "coordinates": [ 139.186516, 36.336965 ] } },
{ "type": "Feature", "properties": { "ID": 1056102001193, "正式名称": "ほうゆう薬局　板倉店", "機関区分": 5, "都道府県コード": 10, "市区町村コード": 521, "所在地": "群馬県邑楽郡板倉町飯野２２８６ー６", "緯度": 36.21175, "経度": 139.6039, "url": "https://www.iryou.teikyouseido.mhlw.go.jp/znk-web/juminkanja/S2430/initialize?prefCd=10&kikanCd=6102001193&kikanKbn=5", "url2": "https://www.houyu-ph.jp/itakura", "内容": "ほうゆう薬局　板倉店【5:薬局】群馬県邑楽郡板倉町飯野２２８６ー６" }, "geometry": { "type": "Point", "coordinates": [ 139.6039, 36.21175 ] } },
{ "type": "Feature", "properties": { "ID": 1056102001194, "正式名称": "ウエルシア薬局前橋西片貝店", "機関区分": 5, "都道府県コード": 10, "市区町村コード": 201, "所在地": "群馬県前橋市西片貝町５－１４－１", "緯度": 36.390324, "経度": 139.08901, "url": "https://www.iryou.teikyouseido.mhlw.go.jp/znk-web/juminkanja/S2430/initialize?prefCd=10&kikanCd=6102001194&kikanKbn=5", "url2": "https://stores.welcia.co.jp/201D", "内容": "ウエルシア薬局前橋西片貝店【5:薬局】群馬県前橋市西片貝町５－１４－１" }, "geometry": { "type": "Point", "coordinates": [ 139.08901, 36.390324 ] } },
{ "type": "Feature", "properties": { "ID": 1056102001195, "正式名称": "マルエ薬局前橋元総社蒼海店", "機関区分": 5, "都道府県コード": 10, "市区町村コード": 201, "所在地": "群馬県前橋市元総社町１８５０", "緯度": 36.387537, "経度": 139.03374, "url": "https://www.iryou.teikyouseido.mhlw.go.jp/znk-web/juminkanja/S2430/initialize?prefCd=10&kikanCd=6102001195&kikanKbn=5", "url2": "https://marue-drug.co.jp/", "内容": "マルエ薬局前橋元総社蒼海店【5:薬局】群馬県前橋市元総社町１８５０" }, "geometry": { "type": "Point", "coordinates": [ 139.03374, 36.387537 ] } },
{ "type": "Feature", "properties": { "ID": 1056102001196, "正式名称": "ファイン薬局　大間々北", "機関区分": 5, "都道府県コード": 10, "市区町村コード": 212, "所在地": "群馬県みどり市大間々町大間々５５９－１テナント３１大間々町５号室", "緯度": 36.422762, "経度": 139.278293, "url": "https://www.iryou.teikyouseido.mhlw.go.jp/znk-web/juminkanja/S2430/initialize?prefCd=10&kikanCd=6102001196&kikanKbn=5", "url2": "http://finegroup.jp", "内容": "ファイン薬局　大間々北【5:薬局】群馬県みどり市大間々町大間々５５９－１テナント３１大間々町５号室" }, "geometry": { "type": "Point", "coordinates": [ 139.278293, 36.422762 ] } },
{ "type": "Feature", "properties": { "ID": 1056102001197, "正式名称": "ファースト調剤薬局　桐生店", "機関区分": 5, "都道府県コード": 10, "市区町村コード": 203, "所在地": "群馬県桐生市相生町", "緯度": 36.397867, "経度": 139.322366, "url": "https://www.iryou.teikyouseido.mhlw.go.jp/znk-web/juminkanja/S2430/initialize?prefCd=10&kikanCd=6102001197&kikanKbn=5", "url2": "https://firstcare.co.jp/", "内容": "ファースト調剤薬局　桐生店【5:薬局】群馬県桐生市相生町" }, "geometry": { "type": "Point", "coordinates": [ 139.322366, 36.397867 ] } },
{ "type": "Feature", "properties": { "ID": 1056102001199, "正式名称": "つばさ薬局天川原店", "機関区分": 5, "都道府県コード": 10, "市区町村コード": 201, "所在地": "群馬県前橋市天川原町１－１４－１６", "緯度": 36.373564, "経度": 139.079625, "url": "https://www.iryou.teikyouseido.mhlw.go.jp/znk-web/juminkanja/S2430/initialize?prefCd=10&kikanCd=6102001199&kikanKbn=5", "url2": "http://tsubasa-ph.jp/index.html", "内容": "つばさ薬局天川原店【5:薬局】群馬県前橋市天川原町１－１４－１６" }, "geometry": { "type": "Point", "coordinates": [ 139.079625, 36.373564 ] } },
{ "type": "Feature", "properties": { "ID": 1056102001200, "正式名称": "若葉薬局　京目店", "機関区分": 5, "都道府県コード": 10, "市区町村コード": 202, "所在地": "群馬県高崎市京目町３２２－１", "緯度": 36.344055, "経度": 139.062271, "url": "https://www.iryou.teikyouseido.mhlw.go.jp/znk-web/juminkanja/S2430/initialize?prefCd=10&kikanCd=6102001200&kikanKbn=5", "url2": null, "内容": "若葉薬局　京目店【5:薬局】群馬県高崎市京目町３２２－１" }, "geometry": { "type": "Point", "coordinates": [ 139.062271, 36.344055 ] } },
{ "type": "Feature", "properties": { "ID": 1056102001201, "正式名称": "マルエ薬局高崎吉井バイパス店", "機関区分": 5, "都道府県コード": 10, "市区町村コード": 202, "所在地": "群馬県高崎市吉井町片山４６４", "緯度": 36.260342, "経度": 138.961935, "url": "https://www.iryou.teikyouseido.mhlw.go.jp/znk-web/juminkanja/S2430/initialize?prefCd=10&kikanCd=6102001201&kikanKbn=5", "url2": "https://marue-drug.co.jp", "内容": "マルエ薬局高崎吉井バイパス店【5:薬局】群馬県高崎市吉井町片山４６４" }, "geometry": { "type": "Point", "coordinates": [ 138.961935, 36.260342 ] } },
{ "type": "Feature", "properties": { "ID": 1056102001202, "正式名称": "ファイン薬局　松原", "機関区分": 5, "都道府県コード": 10, "市区町村コード": 207, "所在地": "群馬県館林市松原町二丁目１４番２７号", "緯度": 36.236309, "経度": 139.546198, "url": "https://www.iryou.teikyouseido.mhlw.go.jp/znk-web/juminkanja/S2430/initialize?prefCd=10&kikanCd=6102001202&kikanKbn=5", "url2": "http://finegroup.jp", "内容": "ファイン薬局　松原【5:薬局】群馬県館林市松原町二丁目１４番２７号" }, "geometry": { "type": "Point", "coordinates": [ 139.546198, 36.236309 ] } },
{ "type": "Feature", "properties": { "ID": 1056102001203, "正式名称": "連取中央薬局", "機関区分": 5, "都道府県コード": 10, "市区町村コード": 204, "所在地": "群馬県伊勢崎市連取本町", "緯度": 36.321243, "経度": 139.17888, "url": "https://www.iryou.teikyouseido.mhlw.go.jp/znk-web/juminkanja/S2430/initialize?prefCd=10&kikanCd=6102001203&kikanKbn=5", "url2": "https://www.yhopharmacygroup.com/", "内容": "連取中央薬局【5:薬局】群馬県伊勢崎市連取本町" }, "geometry": { "type": "Point", "coordinates": [ 139.17888, 36.321243 ] } },
{ "type": "Feature", "properties": { "ID": 1056102001204, "正式名称": "いこい堂漢方薬局", "機関区分": 5, "都道府県コード": 10, "市区町村コード": 204, "所在地": "群馬県伊勢崎市田中島町１４２０－４", "緯度": 36.32611, "経度": 139.165953, "url": "https://www.iryou.teikyouseido.mhlw.go.jp/znk-web/juminkanja/S2430/initialize?prefCd=10&kikanCd=6102001204&kikanKbn=5", "url2": "https://icoidokanpou.com/", "内容": "いこい堂漢方薬局【5:薬局】群馬県伊勢崎市田中島町１４２０－４" }, "geometry": { "type": "Point", "coordinates": [ 139.165953, 36.32611 ] } },
{ "type": "Feature", "properties": { "ID": 1056102001205, "正式名称": "いろは薬局　井野店", "機関区分": 5, "都道府県コード": 10, "市区町村コード": 202, "所在地": "群馬県高崎市井野町字島ノ分６４８ー１３", "緯度": 36.358787, "経度": 139.02871, "url": "https://www.iryou.teikyouseido.mhlw.go.jp/znk-web/juminkanja/S2430/initialize?prefCd=10&kikanCd=6102001205&kikanKbn=5", "url2": "https://www.irohamedical.com", "内容": "いろは薬局　井野店【5:薬局】群馬県高崎市井野町字島ノ分６４８ー１３" }, "geometry": { "type": "Point", "coordinates": [ 139.02871, 36.358787 ] } },
{ "type": "Feature", "properties": { "ID": 1056102001207, "正式名称": "ウエルシア薬局太田飯塚店", "機関区分": 5, "都道府県コード": 10, "市区町村コード": 205, "所在地": "群馬県太田市飯塚町１６０２", "緯度": 36.284468, "経度": 139.37913, "url": "https://www.iryou.teikyouseido.mhlw.go.jp/znk-web/juminkanja/S2430/initialize?prefCd=10&kikanCd=6102001207&kikanKbn=5", "url2": "https://stores.welcia.co.jp/6024D", "内容": "ウエルシア薬局太田飯塚店【5:薬局】群馬県太田市飯塚町１６０２" }, "geometry": { "type": "Point", "coordinates": [ 139.37913, 36.284468 ] } },
{ "type": "Feature", "properties": { "ID": 1056102001208, "正式名称": "ウエルシア薬局前橋岩神店", "機関区分": 5, "都道府県コード": 10, "市区町村コード": 201, "所在地": "群馬県前橋市岩神町２－２３－２０", "緯度": 36.400361, "経度": 139.054352, "url": "https://www.iryou.teikyouseido.mhlw.go.jp/znk-web/juminkanja/S2430/initialize?prefCd=10&kikanCd=6102001208&kikanKbn=5", "url2": "http://www.welcia-yakkyoku.co.jp/", "内容": "ウエルシア薬局前橋岩神店【5:薬局】群馬県前橋市岩神町２－２３－２０" }, "geometry": { "type": "Point", "coordinates": [ 139.054352, 36.400361 ] } },
{ "type": "Feature", "properties": { "ID": 1056102001210, "正式名称": "よつき薬局　前橋南店", "機関区分": 5, "都道府県コード": 10, "市区町村コード": 201, "所在地": "群馬県前橋市南町", "緯度": 36.38237, "経度": 139.07213, "url": "https://www.iryou.teikyouseido.mhlw.go.jp/znk-web/juminkanja/S2430/initialize?prefCd=10&kikanCd=6102001210&kikanKbn=5", "url2": null, "内容": "よつき薬局　前橋南店【5:薬局】群馬県前橋市南町" }, "geometry": { "type": "Point", "coordinates": [ 139.07213, 36.38237 ] } },
{ "type": "Feature", "properties": { "ID": 1056102001211, "正式名称": "すみれ薬局", "機関区分": 5, "都道府県コード": 10, "市区町村コード": 201, "所在地": "群馬県前橋市小相木町１丁目１番地３", "緯度": 36.377751, "経度": 139.057482, "url": "https://www.iryou.teikyouseido.mhlw.go.jp/znk-web/juminkanja/S2430/initialize?prefCd=10&kikanCd=6102001211&kikanKbn=5", "url2": "https://e-bond.info/withs/", "内容": "すみれ薬局【5:薬局】群馬県前橋市小相木町１丁目１番地３" }, "geometry": { "type": "Point", "coordinates": [ 139.057482, 36.377751 ] } },
{ "type": "Feature", "properties": { "ID": 1056102001212, "正式名称": "ツカサ薬局　せきね店", "機関区分": 5, "都道府県コード": 10, "市区町村コード": 201, "所在地": "群馬県前橋市２－９－１５", "緯度": 36.433692, "経度": 139.050555, "url": "https://www.iryou.teikyouseido.mhlw.go.jp/znk-web/juminkanja/S2430/initialize?prefCd=10&kikanCd=6102001212&kikanKbn=5", "url2": "https://docs.google.com/document/d/1ySiGbTVU9F2NXoT2NG0kY1VP9vWurJS6V4uB1PJtEiI/edit?usp=sharing", "内容": "ツカサ薬局　せきね店【5:薬局】群馬県前橋市２－９－１５" }, "geometry": { "type": "Point", "coordinates": [ 139.050555, 36.433692 ] } },
{ "type": "Feature", "properties": { "ID": 1056102001213, "正式名称": "あかしあ薬局", "機関区分": 5, "都道府県コード": 10, "市区町村コード": 202, "所在地": "群馬県高崎市上並榎町１５１ー６", "緯度": 36.342686, "経度": 138.98843, "url": "https://www.iryou.teikyouseido.mhlw.go.jp/znk-web/juminkanja/S2430/initialize?prefCd=10&kikanCd=6102001213&kikanKbn=5", "url2": "https://www.phainforest.com/", "内容": "あかしあ薬局【5:薬局】群馬県高崎市上並榎町１５１ー６" }, "geometry": { "type": "Point", "coordinates": [ 138.98843, 36.342686 ] } },
{ "type": "Feature", "properties": { "ID": 1056102001214, "正式名称": "クスリのアオキ桐生広沢薬局", "機関区分": 5, "都道府県コード": 10, "市区町村コード": 203, "所在地": "群馬県桐生市広沢町四丁目１９７０番地２０４", "緯度": 36.384471, "経度": 139.34311, "url": "https://www.iryou.teikyouseido.mhlw.go.jp/znk-web/juminkanja/S2430/initialize?prefCd=10&kikanCd=6102001214&kikanKbn=5", "url2": "https://kusuri-aoki-shop-info.com/result?searchword=%E6%A1%90%E7%94%9F%E5%BA%83%E6%B2%A2%E5%BA%97&page=1&size=15", "内容": "クスリのアオキ桐生広沢薬局【5:薬局】群馬県桐生市広沢町四丁目１９７０番地２０４" }, "geometry": { "type": "Point", "coordinates": [ 139.34311, 36.384471 ] } },
{ "type": "Feature", "properties": { "ID": 1056102001215, "正式名称": "クスリのアオキ上豊岡薬局", "機関区分": 5, "都道府県コード": 10, "市区町村コード": 202, "所在地": "群馬県高崎市上豊岡町５７８番地５", "緯度": 36.34109, "経度": 138.965195, "url": "https://www.iryou.teikyouseido.mhlw.go.jp/znk-web/juminkanja/S2430/initialize?prefCd=10&kikanCd=6102001215&kikanKbn=5", "url2": "https://kusuri-aoki-shop-info.com/result/?searchword=%E4%B8%8A%E8%B1%8A%E5%B2%A1%E5%BA%97", "内容": "クスリのアオキ上豊岡薬局【5:薬局】群馬県高崎市上豊岡町５７８番地５" }, "geometry": { "type": "Point", "coordinates": [ 138.965195, 36.34109 ] } },
{ "type": "Feature", "properties": { "ID": 1056102001216, "正式名称": "よつき薬局　上大類店", "機関区分": 5, "都道府県コード": 10, "市区町村コード": 202, "所在地": "群馬県高崎市江木町１５７０　ヒル２１　よつき薬局上大類店", "緯度": 36.334328, "経度": 139.01991, "url": "https://www.iryou.teikyouseido.mhlw.go.jp/znk-web/juminkanja/S2430/initialize?prefCd=10&kikanCd=6102001216&kikanKbn=5", "url2": null, "内容": "よつき薬局　上大類店【5:薬局】群馬県高崎市江木町１５７０　ヒル２１　よつき薬局上大類店" }, "geometry": { "type": "Point", "coordinates": [ 139.01991, 36.334328 ] } },
{ "type": "Feature", "properties": { "ID": 1056102001217, "正式名称": "すみれ調剤薬局　朝日店", "機関区分": 5, "都道府県コード": 10, "市区町村コード": 524, "所在地": "群馬県邑楽郡大泉町朝日４－１４－３７", "緯度": 36.251887, "経度": 139.420034, "url": "https://www.iryou.teikyouseido.mhlw.go.jp/znk-web/juminkanja/S2430/initialize?prefCd=10&kikanCd=6102001217&kikanKbn=5", "url2": "http://www.sumire89.com", "内容": "すみれ調剤薬局　朝日店【5:薬局】群馬県邑楽郡大泉町朝日４－１４－３７" }, "geometry": { "type": "Point", "coordinates": [ 139.420034, 36.251887 ] } },
{ "type": "Feature", "properties": { "ID": 1056102001218, "正式名称": "八千代さくら薬局", "機関区分": 5, "都道府県コード": 10, "市区町村コード": 202, "所在地": "群馬県高崎市八千代町", "緯度": 36.32245, "経度": 138.98978, "url": "https://www.iryou.teikyouseido.mhlw.go.jp/znk-web/juminkanja/S2430/initialize?prefCd=10&kikanCd=6102001218&kikanKbn=5", "url2": "https://www.sakura-ph.co.jp/company/", "内容": "八千代さくら薬局【5:薬局】群馬県高崎市八千代町" }, "geometry": { "type": "Point", "coordinates": [ 138.98978, 36.32245 ] } },
{ "type": "Feature", "properties": { "ID": 1056102001219, "正式名称": "あすなろ薬局いせさき堀口店", "機関区分": 5, "都道府県コード": 10, "市区町村コード": 204, "所在地": "群馬県伊勢崎市堀口町６６１ー４", "緯度": 36.286401, "経度": 139.18961, "url": "https://www.iryou.teikyouseido.mhlw.go.jp/znk-web/juminkanja/S2430/initialize?prefCd=10&kikanCd=6102001219&kikanKbn=5", "url2": "http://www.asunaroph.jp/", "内容": "あすなろ薬局いせさき堀口店【5:薬局】群馬県伊勢崎市堀口町６６１ー４" }, "geometry": { "type": "Point", "coordinates": [ 139.18961, 36.286401 ] } },
{ "type": "Feature", "properties": { "ID": 1056102001221, "正式名称": "アイン薬局　伊勢崎曲輪店", "機関区分": 5, "都道府県コード": 10, "市区町村コード": 204, "所在地": "群馬県伊勢崎市曲輪町２４－３１", "緯度": 36.323478, "経度": 139.190992, "url": "https://www.iryou.teikyouseido.mhlw.go.jp/znk-web/juminkanja/S2430/initialize?prefCd=10&kikanCd=6102001221&kikanKbn=5", "url2": "https://www.ainj.co.jp/network/detail.html?pdid=1891", "内容": "アイン薬局　伊勢崎曲輪店【5:薬局】群馬県伊勢崎市曲輪町２４－３１" }, "geometry": { "type": "Point", "coordinates": [ 139.190992, 36.323478 ] } },
{ "type": "Feature", "properties": { "ID": 1056102001222, "正式名称": "オハナ薬局前橋川原町店", "機関区分": 5, "都道府県コード": 10, "市区町村コード": 201, "所在地": "群馬県前橋市川原町２－２５－８", "緯度": 36.42847, "経度": 139.039846, "url": "https://www.iryou.teikyouseido.mhlw.go.jp/znk-web/juminkanja/S2430/initialize?prefCd=10&kikanCd=6102001222&kikanKbn=5", "url2": "https://win-ohana.jp/", "内容": "オハナ薬局前橋川原町店【5:薬局】群馬県前橋市川原町２－２５－８" }, "geometry": { "type": "Point", "coordinates": [ 139.039846, 36.42847 ] } },
{ "type": "Feature", "properties": { "ID": 1056102001223, "正式名称": "めぐみ調剤薬局蒼海店", "機関区分": 5, "都道府県コード": 10, "市区町村コード": 201, "所在地": "群馬県前橋市総社町総社３５９６－１", "緯度": 36.424695, "経度": 139.043447, "url": "https://www.iryou.teikyouseido.mhlw.go.jp/znk-web/juminkanja/S2430/initialize?prefCd=10&kikanCd=6102001223&kikanKbn=5", "url2": null, "内容": "めぐみ調剤薬局蒼海店【5:薬局】群馬県前橋市総社町総社３５９６－１" }, "geometry": { "type": "Point", "coordinates": [ 139.043447, 36.424695 ] } },
{ "type": "Feature", "properties": { "ID": 1056102001224, "正式名称": "大井田薬局　田町店", "機関区分": 5, "都道府県コード": 10, "市区町村コード": 202, "所在地": "群馬県高崎市田町１丁目８８番地", "緯度": 36.326095, "経度": 139.007113, "url": "https://www.iryou.teikyouseido.mhlw.go.jp/znk-web/juminkanja/S2430/initialize?prefCd=10&kikanCd=6102001224&kikanKbn=5", "url2": "http://www.oida-pharmacy.jp/", "内容": "大井田薬局　田町店【5:薬局】群馬県高崎市田町１丁目８８番地" }, "geometry": { "type": "Point", "coordinates": [ 139.007113, 36.326095 ] } },
{ "type": "Feature", "properties": { "ID": 1056102001225, "正式名称": "マルエ薬局榛東店", "機関区分": 5, "都道府県コード": 10, "市区町村コード": 344, "所在地": "群馬県北群馬郡榛東村新井２２２２ー１", "緯度": 36.42844, "経度": 138.986858, "url": "https://www.iryou.teikyouseido.mhlw.go.jp/znk-web/juminkanja/S2430/initialize?prefCd=10&kikanCd=6102001225&kikanKbn=5", "url2": "https://marue-pharmacy.jp/", "内容": "マルエ薬局榛東店【5:薬局】群馬県北群馬郡榛東村新井２２２２ー１" }, "geometry": { "type": "Point", "coordinates": [ 138.986858, 36.42844 ] } },
{ "type": "Feature", "properties": { "ID": 1056102001226, "正式名称": "クスリのアオキ伊勢崎昭和町薬局", "機関区分": 5, "都道府県コード": 10, "市区町村コード": 204, "所在地": "群馬県伊勢崎市昭和町３８１２番地", "緯度": 36.3263, "経度": 139.211754, "url": "https://www.iryou.teikyouseido.mhlw.go.jp/znk-web/juminkanja/S2430/initialize?prefCd=10&kikanCd=6102001226&kikanKbn=5", "url2": "http://www.kusuri-aoki.co.jp/", "内容": "クスリのアオキ伊勢崎昭和町薬局【5:薬局】群馬県伊勢崎市昭和町３８１２番地" }, "geometry": { "type": "Point", "coordinates": [ 139.211754, 36.3263 ] } },
{ "type": "Feature", "properties": { "ID": 1056102001227, "正式名称": "クスリのアオキ北原薬局", "機関区分": 5, "都道府県コード": 10, "市区町村コード": 202, "所在地": "群馬県高崎市北原町８６３番地", "緯度": 36.40702, "経度": 139.021711, "url": "https://www.iryou.teikyouseido.mhlw.go.jp/znk-web/juminkanja/S2430/initialize?prefCd=10&kikanCd=6102001227&kikanKbn=5", "url2": "https://www.kusuri-aoki.co.jp/", "内容": "クスリのアオキ北原薬局【5:薬局】群馬県高崎市北原町８６３番地" }, "geometry": { "type": "Point", "coordinates": [ 139.021711, 36.40702 ] } },
{ "type": "Feature", "properties": { "ID": 1056102001228, "正式名称": "クスリのアオキ天川大島薬局", "機関区分": 5, "都道府県コード": 10, "市区町村コード": 201, "所在地": "群馬県前橋市天川大島町２４０番地１", "緯度": 36.371592, "経度": 139.101494, "url": "https://www.iryou.teikyouseido.mhlw.go.jp/znk-web/juminkanja/S2430/initialize?prefCd=10&kikanCd=6102001228&kikanKbn=5", "url2": "https://app.kusuri-aoki.co.jp/html/Index.php", "内容": "クスリのアオキ天川大島薬局【5:薬局】群馬県前橋市天川大島町２４０番地１" }, "geometry": { "type": "Point", "coordinates": [ 139.101494, 36.371592 ] } },
{ "type": "Feature", "properties": { "ID": 1056102001229, "正式名称": "クスリのアオキ阿左美北薬局", "機関区分": 5, "都道府県コード": 10, "市区町村コード": 212, "所在地": "群馬県みどり市笠懸町阿左美２０２９番地１", "緯度": 36.391268, "経度": 139.298597, "url": "https://www.iryou.teikyouseido.mhlw.go.jp/znk-web/juminkanja/S2430/initialize?prefCd=10&kikanCd=6102001229&kikanKbn=5", "url2": "http://www.kusuri-aoki.co.jp/", "内容": "クスリのアオキ阿左美北薬局【5:薬局】群馬県みどり市笠懸町阿左美２０２９番地１" }, "geometry": { "type": "Point", "coordinates": [ 139.298597, 36.391268 ] } },
{ "type": "Feature", "properties": { "ID": 1056102001230, "正式名称": "スギ薬局前橋関根店", "機関区分": 5, "都道府県コード": 10, "市区町村コード": 201, "所在地": "群馬県前橋市関根町二丁目２７番地２", "緯度": 36.434154, "経度": 139.049516, "url": "https://www.iryou.teikyouseido.mhlw.go.jp/znk-web/juminkanja/S2430/initialize?prefCd=10&kikanCd=6102001230&kikanKbn=5", "url2": "https://www.drug-sugi.co.jp/", "内容": "スギ薬局前橋関根店【5:薬局】群馬県前橋市関根町二丁目２７番地２" }, "geometry": { "type": "Point", "coordinates": [ 139.049516, 36.434154 ] } },
{ "type": "Feature", "properties": { "ID": 1056102001231, "正式名称": "ウエルシア薬局みどり岩宿駅前店", "機関区分": 5, "都道府県コード": 10, "市区町村コード": 212, "所在地": "群馬県みどり市笠懸町阿左美２５６０ー１１", "緯度": 36.397834, "経度": 139.296603, "url": "https://www.iryou.teikyouseido.mhlw.go.jp/znk-web/juminkanja/S2430/initialize?prefCd=10&kikanCd=6102001231&kikanKbn=5", "url2": null, "内容": "ウエルシア薬局みどり岩宿駅前店【5:薬局】群馬県みどり市笠懸町阿左美２５６０ー１１" }, "geometry": { "type": "Point", "coordinates": [ 139.296603, 36.397834 ] } },
{ "type": "Feature", "properties": { "ID": 1056102001232, "正式名称": "ネクスト調剤薬局境屋", "機関区分": 5, "都道府県コード": 10, "市区町村コード": 201, "所在地": "群馬県前橋市住吉町１－１６－１４", "緯度": 36.397899, "経度": 139.069795, "url": "https://www.iryou.teikyouseido.mhlw.go.jp/znk-web/juminkanja/S2430/initialize?prefCd=10&kikanCd=6102001232&kikanKbn=5", "url2": null, "内容": "ネクスト調剤薬局境屋【5:薬局】群馬県前橋市住吉町１－１６－１４" }, "geometry": { "type": "Point", "coordinates": [ 139.069795, 36.397899 ] } },
{ "type": "Feature", "properties": { "ID": 1056102001233, "正式名称": "マルエ薬局高崎新町店", "機関区分": 5, "都道府県コード": 10, "市区町村コード": 202, "所在地": "群馬県高崎市新町２１４０－１９", "緯度": 36.27456, "経度": 139.10699, "url": "https://www.iryou.teikyouseido.mhlw.go.jp/znk-web/juminkanja/S2430/initialize?prefCd=10&kikanCd=6102001233&kikanKbn=5", "url2": "https://marue-pharmacy.jp/", "内容": "マルエ薬局高崎新町店【5:薬局】群馬県高崎市新町２１４０－１９" }, "geometry": { "type": "Point", "coordinates": [ 139.10699, 36.27456 ] } },
{ "type": "Feature", "properties": { "ID": 1056102001234, "正式名称": "クスリのアオキ桐生仲町薬局", "機関区分": 5, "都道府県コード": 10, "市区町村コード": 203, "所在地": "群馬県桐生市仲町二丁目１１番１７号", "緯度": 36.408619, "経度": 139.342157, "url": "https://www.iryou.teikyouseido.mhlw.go.jp/znk-web/juminkanja/S2430/initialize?prefCd=10&kikanCd=6102001234&kikanKbn=5", "url2": "https://www.kusuri-aoki.co.jp/", "内容": "クスリのアオキ桐生仲町薬局【5:薬局】群馬県桐生市仲町二丁目１１番１７号" }, "geometry": { "type": "Point", "coordinates": [ 139.342157, 36.408619 ] } },
{ "type": "Feature", "properties": { "ID": 1056102001235, "正式名称": "クスリのアオキ上中居薬局", "機関区分": 5, "都道府県コード": 10, "市区町村コード": 202, "所在地": "群馬県高崎市上中居町３１８番地１", "緯度": 36.317743, "経度": 139.02774, "url": "https://www.iryou.teikyouseido.mhlw.go.jp/znk-web/juminkanja/S2430/initialize?prefCd=10&kikanCd=6102001235&kikanKbn=5", "url2": "https://www.kusuri-aoki.co.jp/", "内容": "クスリのアオキ上中居薬局【5:薬局】群馬県高崎市上中居町３１８番地１" }, "geometry": { "type": "Point", "coordinates": [ 139.02774, 36.317743 ] } },
{ "type": "Feature", "properties": { "ID": 1056102001236, "正式名称": "クスリのアオキ東小保方薬局", "機関区分": 5, "都道府県コード": 10, "市区町村コード": 204, "所在地": "群馬県伊勢崎市東小保方町３５０３番地", "緯度": 36.327899, "経度": 139.2512, "url": "https://www.iryou.teikyouseido.mhlw.go.jp/znk-web/juminkanja/S2430/initialize?prefCd=10&kikanCd=6102001236&kikanKbn=5", "url2": "https://www.kusuri-aoki.co.jp/", "内容": "クスリのアオキ東小保方薬局【5:薬局】群馬県伊勢崎市東小保方町３５０３番地" }, "geometry": { "type": "Point", "coordinates": [ 139.2512, 36.327899 ] } },
{ "type": "Feature", "properties": { "ID": 1056102001237, "正式名称": "クスリのアオキ小相木薬局", "機関区分": 5, "都道府県コード": 10, "市区町村コード": 201, "所在地": "群馬県前橋市小相木町５８８番地", "緯度": 36.37395, "経度": 139.059615, "url": "https://www.iryou.teikyouseido.mhlw.go.jp/znk-web/juminkanja/S2430/initialize?prefCd=10&kikanCd=6102001237&kikanKbn=5", "url2": "https://www.kusuri-aoki.co.jp/", "内容": "クスリのアオキ小相木薬局【5:薬局】群馬県前橋市小相木町５８８番地" }, "geometry": { "type": "Point", "coordinates": [ 139.059615, 36.37395 ] } },
{ "type": "Feature", "properties": { "ID": 1056102001238, "正式名称": "ウエルシア薬局松井田八城店", "機関区分": 5, "都道府県コード": 10, "市区町村コード": 211, "所在地": "群馬県安中市松井田町八城", "緯度": 36.307437, "経度": 138.806385, "url": "https://www.iryou.teikyouseido.mhlw.go.jp/znk-web/juminkanja/S2430/initialize?prefCd=10&kikanCd=6102001238&kikanKbn=5", "url2": "https://stores.welcia.co.jp/183D", "内容": "ウエルシア薬局松井田八城店【5:薬局】群馬県安中市松井田町八城" }, "geometry": { "type": "Point", "coordinates": [ 138.806385, 36.307437 ] } },
{ "type": "Feature", "properties": { "ID": 1056102001239, "正式名称": "マルエ薬局玉村福島店", "機関区分": 5, "都道府県コード": 10, "市区町村コード": 464, "所在地": "群馬県佐波郡玉村町福島７８ー６", "緯度": 36.310467, "経度": 139.11527, "url": "https://www.iryou.teikyouseido.mhlw.go.jp/znk-web/juminkanja/S2430/initialize?prefCd=10&kikanCd=6102001239&kikanKbn=5", "url2": "https://marue-pharmacy.jp/", "内容": "マルエ薬局玉村福島店【5:薬局】群馬県佐波郡玉村町福島７８ー６" }, "geometry": { "type": "Point", "coordinates": [ 139.11527, 36.310467 ] } },
{ "type": "Feature", "properties": { "ID": 1056102001241, "正式名称": "クスリのアオキ浜町薬局", "機関区分": 5, "都道府県コード": 10, "市区町村コード": 205, "所在地": "群馬県太田市浜町１９番８号", "緯度": 36.291182, "経度": 139.371737, "url": "https://www.iryou.teikyouseido.mhlw.go.jp/znk-web/juminkanja/S2430/initialize?prefCd=10&kikanCd=6102001241&kikanKbn=5", "url2": "https://www.kusuri-aoki.co.jp", "内容": "クスリのアオキ浜町薬局【5:薬局】群馬県太田市浜町１９番８号" }, "geometry": { "type": "Point", "coordinates": [ 139.371737, 36.291182 ] } },
{ "type": "Feature", "properties": { "ID": 1056102001242, "正式名称": "クスリのアオキ高林薬局", "機関区分": 5, "都道府県コード": 10, "市区町村コード": 205, "所在地": "群馬県太田市高林南町８１３番地２", "緯度": 36.391251, "経度": 139.060848, "url": "https://www.iryou.teikyouseido.mhlw.go.jp/znk-web/juminkanja/S2430/initialize?prefCd=10&kikanCd=6102001242&kikanKbn=5", "url2": "https://www.kusuri-aoki.co.jp/", "内容": "クスリのアオキ高林薬局【5:薬局】群馬県太田市高林南町８１３番地２" }, "geometry": { "type": "Point", "coordinates": [ 139.060848, 36.391251 ] } },
{ "type": "Feature", "properties": { "ID": 1056102001243, "正式名称": "ウイン薬局高崎小八木店", "機関区分": 5, "都道府県コード": 10, "市区町村コード": 202, "所在地": "群馬県高崎市小八木町２０２７－５", "緯度": 36.35919, "経度": 139.018171, "url": "https://www.iryou.teikyouseido.mhlw.go.jp/znk-web/juminkanja/S2430/initialize?prefCd=10&kikanCd=6102001243&kikanKbn=5", "url2": null, "内容": "ウイン薬局高崎小八木店【5:薬局】群馬県高崎市小八木町２０２７－５" }, "geometry": { "type": "Point", "coordinates": [ 139.018171, 36.35919 ] } },
{ "type": "Feature", "properties": { "ID": 1056102001244, "正式名称": "マルエ薬局渋川子持店", "機関区分": 5, "都道府県コード": 10, "市区町村コード": 208, "所在地": "群馬県渋川市吹屋６６０－５１", "緯度": 36.52132, "経度": 139.010045, "url": "https://www.iryou.teikyouseido.mhlw.go.jp/znk-web/juminkanja/S2430/initialize?prefCd=10&kikanCd=6102001244&kikanKbn=5", "url2": "https://marue-drug.co.jp/", "内容": "マルエ薬局渋川子持店【5:薬局】群馬県渋川市吹屋６６０－５１" }, "geometry": { "type": "Point", "coordinates": [ 139.010045, 36.52132 ] } },
{ "type": "Feature", "properties": { "ID": 1056102001245, "正式名称": "マルエ薬局中之条店", "機関区分": 5, "都道府県コード": 10, "市区町村コード": 421, "所在地": "群馬県吾妻郡中之条町伊勢町１６－５", "緯度": 36.582867, "経度": 138.851537, "url": "https://www.iryou.teikyouseido.mhlw.go.jp/znk-web/juminkanja/S2430/initialize?prefCd=10&kikanCd=6102001245&kikanKbn=5", "url2": "https://marue-pharmacy.jp/", "内容": "マルエ薬局中之条店【5:薬局】群馬県吾妻郡中之条町伊勢町１６－５" }, "geometry": { "type": "Point", "coordinates": [ 138.851537, 36.582867 ] } },
{ "type": "Feature", "properties": { "ID": 1056102001246, "正式名称": "ウエルシア薬局太田台之郷店", "機関区分": 5, "都道府県コード": 10, "市区町村コード": 205, "所在地": "群馬県太田市台之郷町１０５７－１", "緯度": 36.306757, "経度": 139.401092, "url": "https://www.iryou.teikyouseido.mhlw.go.jp/znk-web/juminkanja/S2430/initialize?prefCd=10&kikanCd=6102001246&kikanKbn=5", "url2": "https://www.welcia-yakkyoku.co.jp/", "内容": "ウエルシア薬局太田台之郷店【5:薬局】群馬県太田市台之郷町１０５７－１" }, "geometry": { "type": "Point", "coordinates": [ 139.401092, 36.306757 ] } },
{ "type": "Feature", "properties": { "ID": 1056102001247, "正式名称": "マロン薬局", "機関区分": 5, "都道府県コード": 10, "市区町村コード": 205, "所在地": "群馬県太田市新道町", "緯度": 36.298952, "経度": 139.344532, "url": "https://www.iryou.teikyouseido.mhlw.go.jp/znk-web/juminkanja/S2430/initialize?prefCd=10&kikanCd=6102001247&kikanKbn=5", "url2": null, "内容": "マロン薬局【5:薬局】群馬県太田市新道町" }, "geometry": { "type": "Point", "coordinates": [ 139.344532, 36.298952 ] } },
{ "type": "Feature", "properties": { "ID": 1056102001248, "正式名称": "ウエルシア薬局富岡七日市店", "機関区分": 5, "都道府県コード": 10, "市区町村コード": 210, "所在地": "群馬県富岡市七日市３８７", "緯度": 36.26277, "経度": 138.880815, "url": "https://www.iryou.teikyouseido.mhlw.go.jp/znk-web/juminkanja/S2430/initialize?prefCd=10&kikanCd=6102001248&kikanKbn=5", "url2": "https://stores.welcia.co.jp/216D", "内容": "ウエルシア薬局富岡七日市店【5:薬局】群馬県富岡市七日市３８７" }, "geometry": { "type": "Point", "coordinates": [ 138.880815, 36.26277 ] } },
{ "type": "Feature", "properties": { "ID": 1056102001249, "正式名称": "マルエ薬局高崎下小鳥店", "機関区分": 5, "都道府県コード": 10, "市区町村コード": 202, "所在地": "群馬県高崎市下小鳥町２０７", "緯度": 36.356825, "経度": 138.994037, "url": "https://www.iryou.teikyouseido.mhlw.go.jp/znk-web/juminkanja/S2430/initialize?prefCd=10&kikanCd=6102001249&kikanKbn=5", "url2": "https://www.marue-drug.co.jp/", "内容": "マルエ薬局高崎下小鳥店【5:薬局】群馬県高崎市下小鳥町２０７" }, "geometry": { "type": "Point", "coordinates": [ 138.994037, 36.356825 ] } },
{ "type": "Feature", "properties": { "ID": 1056102001251, "正式名称": "クスリのアオキ藤岡中央薬局", "機関区分": 5, "都道府県コード": 10, "市区町村コード": 209, "所在地": "群馬県藤岡市藤岡８３１番地１", "緯度": 36.252308, "経度": 139.08263, "url": "https://www.iryou.teikyouseido.mhlw.go.jp/znk-web/juminkanja/S2430/initialize?prefCd=10&kikanCd=6102001251&kikanKbn=5", "url2": "https://www.kusuri-aoki.co.jp/", "内容": "クスリのアオキ藤岡中央薬局【5:薬局】群馬県藤岡市藤岡８３１番地１" }, "geometry": { "type": "Point", "coordinates": [ 139.08263, 36.252308 ] } },
{ "type": "Feature", "properties": { "ID": 1056102001253, "正式名称": "クスリのアオキ上佐野薬局", "機関区分": 5, "都道府県コード": 10, "市区町村コード": 202, "所在地": "群馬県高崎市上佐野町６７４番地１", "緯度": 36.307507, "経度": 139.021078, "url": "https://www.iryou.teikyouseido.mhlw.go.jp/znk-web/juminkanja/S2430/initialize?prefCd=10&kikanCd=6102001253&kikanKbn=5", "url2": "https://www.kusuri-aoki.co.jp/", "内容": "クスリのアオキ上佐野薬局【5:薬局】群馬県高崎市上佐野町６７４番地１" }, "geometry": { "type": "Point", "coordinates": [ 139.021078, 36.307507 ] } },
{ "type": "Feature", "properties": { "ID": 1056102001254, "正式名称": "クスリのアオキ新町薬局", "機関区分": 5, "都道府県コード": 10, "市区町村コード": 202, "所在地": "群馬県高崎市新町１８０３番地", "緯度": 36.263801, "経度": 139.105645, "url": "https://www.iryou.teikyouseido.mhlw.go.jp/znk-web/juminkanja/S2430/initialize?prefCd=10&kikanCd=6102001254&kikanKbn=5", "url2": "https://www.kusuri-aoki.co.jp/", "内容": "クスリのアオキ新町薬局【5:薬局】群馬県高崎市新町１８０３番地" }, "geometry": { "type": "Point", "coordinates": [ 139.105645, 36.263801 ] } },
{ "type": "Feature", "properties": { "ID": 1056102001255, "正式名称": "クスリのアオキ相生薬局", "機関区分": 5, "都道府県コード": 10, "市区町村コード": 203, "所在地": "群馬県桐生市相生町２丁目７０９番地２", "緯度": 36.408838, "経度": 139.306585, "url": "https://www.iryou.teikyouseido.mhlw.go.jp/znk-web/juminkanja/S2430/initialize?prefCd=10&kikanCd=6102001255&kikanKbn=5", "url2": "https://www.kusuri-aoki.co.jp/", "内容": "クスリのアオキ相生薬局【5:薬局】群馬県桐生市相生町２丁目７０９番地２" }, "geometry": { "type": "Point", "coordinates": [ 139.306585, 36.408838 ] } },
{ "type": "Feature", "properties": { "ID": 1056102001256, "正式名称": "カワチ薬局　高崎新町店", "機関区分": 5, "都道府県コード": 10, "市区町村コード": 202, "所在地": "群馬県高崎市新町２０６１－２３", "緯度": 36.27133, "経度": 139.106091, "url": "https://www.iryou.teikyouseido.mhlw.go.jp/znk-web/juminkanja/S2430/initialize?prefCd=10&kikanCd=6102001256&kikanKbn=5", "url2": "http://www.cawachi.co.jp", "内容": "カワチ薬局　高崎新町店【5:薬局】群馬県高崎市新町２０６１－２３" }, "geometry": { "type": "Point", "coordinates": [ 139.106091, 36.27133 ] } },
{ "type": "Feature", "properties": { "ID": 1056102001257, "正式名称": "あんじゅ薬局　下佐野店", "機関区分": 5, "都道府県コード": 10, "市区町村コード": 202, "所在地": "群馬県高崎市下佐野町１４－４", "緯度": 36.301028, "経度": 139.024316, "url": "https://www.iryou.teikyouseido.mhlw.go.jp/znk-web/juminkanja/S2430/initialize?prefCd=10&kikanCd=6102001257&kikanKbn=5", "url2": null, "内容": "あんじゅ薬局　下佐野店【5:薬局】群馬県高崎市下佐野町１４－４" }, "geometry": { "type": "Point", "coordinates": [ 139.024316, 36.301028 ] } },
{ "type": "Feature", "properties": { "ID": 1056102001258, "正式名称": "中央薬局　新田店", "機関区分": 5, "都道府県コード": 10, "市区町村コード": 205, "所在地": "群馬県太田市新田大根町１１９６‐３", "緯度": 36.310308, "経度": 139.273371, "url": "https://www.iryou.teikyouseido.mhlw.go.jp/znk-web/juminkanja/S2430/initialize?prefCd=10&kikanCd=6102001258&kikanKbn=5", "url2": "https://www.otachuo.co.jp/", "内容": "中央薬局　新田店【5:薬局】群馬県太田市新田大根町１１９６‐３" }, "geometry": { "type": "Point", "coordinates": [ 139.273371, 36.310308 ] } },
{ "type": "Feature", "properties": { "ID": 1056102001259, "正式名称": "くりけ薬局", "機関区分": 5, "都道府県コード": 10, "市区町村コード": 204, "所在地": "群馬県伊勢崎市山王町３１７ー７", "緯度": 36.299784, "経度": 139.183663, "url": "https://www.iryou.teikyouseido.mhlw.go.jp/znk-web/juminkanja/S2430/initialize?prefCd=10&kikanCd=6102001259&kikanKbn=5", "url2": "https://www.kurikepharma.com/", "内容": "くりけ薬局【5:薬局】群馬県伊勢崎市山王町３１７ー７" }, "geometry": { "type": "Point", "coordinates": [ 139.183663, 36.299784 ] } },
{ "type": "Feature", "properties": { "ID": 1056102001260, "正式名称": "ベスト薬局", "機関区分": 5, "都道府県コード": 10, "市区町村コード": 204, "所在地": "群馬県伊勢崎市下道寺町４５－１", "緯度": 36.310269, "経度": 139.207894, "url": "https://www.iryou.teikyouseido.mhlw.go.jp/znk-web/juminkanja/S2430/initialize?prefCd=10&kikanCd=6102001260&kikanKbn=5", "url2": null, "内容": "ベスト薬局【5:薬局】群馬県伊勢崎市下道寺町４５－１" }, "geometry": { "type": "Point", "coordinates": [ 139.207894, 36.310269 ] } },
{ "type": "Feature", "properties": { "ID": 1056102001261, "正式名称": "おりがみ薬局　高崎群馬町店", "機関区分": 5, "都道府県コード": 10, "市区町村コード": 202, "所在地": "群馬県高崎市棟高町９４－４", "緯度": 36.383489, "経度": 139.001258, "url": "https://www.iryou.teikyouseido.mhlw.go.jp/znk-web/juminkanja/S2430/initialize?prefCd=10&kikanCd=6102001261&kikanKbn=5", "url2": "https://origami93.co.jp/", "内容": "おりがみ薬局　高崎群馬町店【5:薬局】群馬県高崎市棟高町９４－４" }, "geometry": { "type": "Point", "coordinates": [ 139.001258, 36.383489 ] } },
{ "type": "Feature", "properties": { "ID": 1056102001262, "正式名称": "あじさい薬局　前橋大利根店", "機関区分": 5, "都道府県コード": 10, "市区町村コード": 201, "所在地": "群馬県前橋市大利根町２－３２－１２", "緯度": 36.357382, "経度": 139.062274, "url": "https://www.iryou.teikyouseido.mhlw.go.jp/znk-web/juminkanja/S2430/initialize?prefCd=10&kikanCd=6102001262&kikanKbn=5", "url2": null, "内容": "あじさい薬局　前橋大利根店【5:薬局】群馬県前橋市大利根町２－３２－１２" }, "geometry": { "type": "Point", "coordinates": [ 139.062274, 36.357382 ] } },
{ "type": "Feature", "properties": { "ID": 1056102001264, "正式名称": "アエル薬局", "機関区分": 5, "都道府県コード": 10, "市区町村コード": 201, "所在地": "群馬県前橋市古市町１ー５６ー５", "緯度": 36.374623, "経度": 139.050925, "url": "https://www.iryou.teikyouseido.mhlw.go.jp/znk-web/juminkanja/S2430/initialize?prefCd=10&kikanCd=6102001264&kikanKbn=5", "url2": "https://www.y-chemical-pharmacy.com/home", "内容": "アエル薬局【5:薬局】群馬県前橋市古市町１ー５６ー５" }, "geometry": { "type": "Point", "coordinates": [ 139.050925, 36.374623 ] } },
{ "type": "Feature", "properties": { "ID": 1056102001267, "正式名称": "ひよこ薬局", "機関区分": 5, "都道府県コード": 10, "市区町村コード": 208, "所在地": "群馬県渋川市行幸田２８－７", "緯度": 36.478447, "経度": 138.999141, "url": "https://www.iryou.teikyouseido.mhlw.go.jp/znk-web/juminkanja/S2430/initialize?prefCd=10&kikanCd=6102001267&kikanKbn=5", "url2": null, "内容": "ひよこ薬局【5:薬局】群馬県渋川市行幸田２８－７" }, "geometry": { "type": "Point", "coordinates": [ 138.999141, 36.478447 ] } },
{ "type": "Feature", "properties": { "ID": 1056102001268, "正式名称": "クスリのアオキ吉岡大久保薬局", "機関区分": 5, "都道府県コード": 10, "市区町村コード": 345, "所在地": "群馬県北群馬郡吉岡町大字大久保２８６９番地１", "緯度": 36.435501, "経度": 139.018599, "url": "https://www.iryou.teikyouseido.mhlw.go.jp/znk-web/juminkanja/S2430/initialize?prefCd=10&kikanCd=6102001268&kikanKbn=5", "url2": "https://www.kusuri-aoki.co.jp/", "内容": "クスリのアオキ吉岡大久保薬局【5:薬局】群馬県北群馬郡吉岡町大字大久保２８６９番地１" }, "geometry": { "type": "Point", "coordinates": [ 139.018599, 36.435501 ] } },
{ "type": "Feature", "properties": { "ID": 1056102001269, "正式名称": "マルエ薬局甘楽福島店", "機関区分": 5, "都道府県コード": 10, "市区町村コード": 384, "所在地": "群馬県甘楽郡甘楽町福島", "緯度": 36.258077, "経度": 138.925781, "url": "https://www.iryou.teikyouseido.mhlw.go.jp/znk-web/juminkanja/S2430/initialize?prefCd=10&kikanCd=6102001269&kikanKbn=5", "url2": "http://marue-drug.co.jp", "内容": "マルエ薬局甘楽福島店【5:薬局】群馬県甘楽郡甘楽町福島" }, "geometry": { "type": "Point", "coordinates": [ 138.925781, 36.258077 ] } },
{ "type": "Feature", "properties": { "ID": 1056102001271, "正式名称": "ベース薬局", "機関区分": 5, "都道府県コード": 10, "市区町村コード": 204, "所在地": "群馬県伊勢崎市東本町１１０－２２", "緯度": 36.315881, "経度": 139.204568, "url": "https://www.iryou.teikyouseido.mhlw.go.jp/znk-web/juminkanja/S2430/initialize?prefCd=10&kikanCd=6102001271&kikanKbn=5", "url2": "https://www.sakurasaku-pharmacy.com/", "内容": "ベース薬局【5:薬局】群馬県伊勢崎市東本町１１０－２２" }, "geometry": { "type": "Point", "coordinates": [ 139.204568, 36.315881 ] } },
{ "type": "Feature", "properties": { "ID": 1056102001272, "正式名称": "プリム薬局", "機関区分": 5, "都道府県コード": 10, "市区町村コード": 201, "所在地": "群馬県前橋市元総社町１１８５ー１", "緯度": 36.384583, "経度": 139.027052, "url": "https://www.iryou.teikyouseido.mhlw.go.jp/znk-web/juminkanja/S2430/initialize?prefCd=10&kikanCd=6102001272&kikanKbn=5", "url2": "https://www.big-advance.site/c/131/1985", "内容": "プリム薬局【5:薬局】群馬県前橋市元総社町１１８５ー１" }, "geometry": { "type": "Point", "coordinates": [ 139.027052, 36.384583 ] } },
{ "type": "Feature", "properties": { "ID": 1056102001273, "正式名称": "富士薬局　東今泉店", "機関区分": 5, "都道府県コード": 10, "市区町村コード": 205, "所在地": "群馬県太田市東今泉町８２０－６", "緯度": 36.327558, "経度": 139.383086, "url": "https://www.iryou.teikyouseido.mhlw.go.jp/znk-web/juminkanja/S2430/initialize?prefCd=10&kikanCd=6102001273&kikanKbn=5", "url2": "https://fujiph.co.jp", "内容": "富士薬局　東今泉店【5:薬局】群馬県太田市東今泉町８２０－６" }, "geometry": { "type": "Point", "coordinates": [ 139.383086, 36.327558 ] } },
{ "type": "Feature", "properties": { "ID": 1056102001274, "正式名称": "ウエルシア薬局太田富沢店", "機関区分": 5, "都道府県コード": 10, "市区町村コード": 205, "所在地": "群馬県太田市富沢町２７４", "緯度": 36.265007, "経度": 139.357211, "url": "https://www.iryou.teikyouseido.mhlw.go.jp/znk-web/juminkanja/S2430/initialize?prefCd=10&kikanCd=6102001274&kikanKbn=5", "url2": "https://stores.welcia.co.jp/140D", "内容": "ウエルシア薬局太田富沢店【5:薬局】群馬県太田市富沢町２７４" }, "geometry": { "type": "Point", "coordinates": [ 139.357211, 36.265007 ] } },
{ "type": "Feature", "properties": { "ID": 1056102001275, "正式名称": "ドラッグセイムス館林薬局", "機関区分": 5, "都道府県コード": 10, "市区町村コード": 207, "所在地": "群馬県館林市緑町２－５－８", "緯度": 36.239307, "経度": 139.536908, "url": "https://www.iryou.teikyouseido.mhlw.go.jp/znk-web/juminkanja/S2430/initialize?prefCd=10&kikanCd=6102001275&kikanKbn=5", "url2": "https://store.seims.co.jp/map/9226", "内容": "ドラッグセイムス館林薬局【5:薬局】群馬県館林市緑町２－５－８" }, "geometry": { "type": "Point", "coordinates": [ 139.536908, 36.239307 ] } },
{ "type": "Feature", "properties": { "ID": 1056102001276, "正式名称": "すみれ調剤薬局　富士店", "機関区分": 5, "都道府県コード": 10, "市区町村コード": 524, "所在地": "群馬県邑楽郡大泉町富士２－４－２５", "緯度": 36.249181, "経度": 139.412056, "url": "https://www.iryou.teikyouseido.mhlw.go.jp/znk-web/juminkanja/S2430/initialize?prefCd=10&kikanCd=6102001276&kikanKbn=5", "url2": "http://sumire89.com/store/", "内容": "すみれ調剤薬局　富士店【5:薬局】群馬県邑楽郡大泉町富士２－４－２５" }, "geometry": { "type": "Point", "coordinates": [ 139.412056, 36.249181 ] } },
{ "type": "Feature", "properties": { "ID": 1056102001278, "正式名称": "ファイン薬局　本町２丁目", "機関区分": 5, "都道府県コード": 10, "市区町村コード": 207, "所在地": "群馬県館林市本町２－１０－５", "緯度": 36.247317, "経度": 139.533822, "url": "https://www.iryou.teikyouseido.mhlw.go.jp/znk-web/juminkanja/S2430/initialize?prefCd=10&kikanCd=6102001278&kikanKbn=5", "url2": "http://finegroup.jp/", "内容": "ファイン薬局　本町２丁目【5:薬局】群馬県館林市本町２－１０－５" }, "geometry": { "type": "Point", "coordinates": [ 139.533822, 36.247317 ] } },
{ "type": "Feature", "properties": { "ID": 1056102001279, "正式名称": "スギ薬局　桐生相生店", "機関区分": 5, "都道府県コード": 10, "市区町村コード": 203, "所在地": "群馬県桐生市相生町３丁目１３２－１１", "緯度": 36.417769, "経度": 139.307993, "url": "https://www.iryou.teikyouseido.mhlw.go.jp/znk-web/juminkanja/S2430/initialize?prefCd=10&kikanCd=6102001279&kikanKbn=5", "url2": "https://www.drug-sugi.co.jp/", "内容": "スギ薬局　桐生相生店【5:薬局】群馬県桐生市相生町３丁目１３２－１１" }, "geometry": { "type": "Point", "coordinates": [ 139.307993, 36.417769 ] } },
{ "type": "Feature", "properties": { "ID": 1056102001280, "正式名称": "ウエルシア薬局館林諏訪店", "機関区分": 5, "都道府県コード": 10, "市区町村コード": 207, "所在地": "群馬県館林市諏訪町１４０９‐１", "緯度": 36.23235, "経度": 139.522405, "url": "https://www.iryou.teikyouseido.mhlw.go.jp/znk-web/juminkanja/S2430/initialize?prefCd=10&kikanCd=6102001280&kikanKbn=5", "url2": "https://stores.welcia.co.jp/225D", "内容": "ウエルシア薬局館林諏訪店【5:薬局】群馬県館林市諏訪町１４０９‐１" }, "geometry": { "type": "Point", "coordinates": [ 139.522405, 36.23235 ] } },
{ "type": "Feature", "properties": { "ID": 1056102001281, "正式名称": "すけど薬局　新井町店", "機関区分": 5, "都道府県コード": 10, "市区町村コード": 205, "所在地": "群馬県太田市新井町", "緯度": 36.286061, "経度": 139.365652, "url": "https://www.iryou.teikyouseido.mhlw.go.jp/znk-web/juminkanja/S2430/initialize?prefCd=10&kikanCd=6102001281&kikanKbn=5", "url2": "https://www.y-chemical-pharmacy.com/", "内容": "すけど薬局　新井町店【5:薬局】群馬県太田市新井町" }, "geometry": { "type": "Point", "coordinates": [ 139.365652, 36.286061 ] } },
{ "type": "Feature", "properties": { "ID": 1056102001282, "正式名称": "ルピナス薬局", "機関区分": 5, "都道府県コード": 10, "市区町村コード": 201, "所在地": "群馬県前橋市川原町２丁目２－４", "緯度": 36.42827, "経度": 139.042919, "url": "https://www.iryou.teikyouseido.mhlw.go.jp/znk-web/juminkanja/S2430/initialize?prefCd=10&kikanCd=6102001282&kikanKbn=5", "url2": "https://www.t3pharmacy.com", "内容": "ルピナス薬局【5:薬局】群馬県前橋市川原町２丁目２－４" }, "geometry": { "type": "Point", "coordinates": [ 139.042919, 36.42827 ] } },
{ "type": "Feature", "properties": { "ID": 1056102001283, "正式名称": "クスリのアオキ富士見薬局", "機関区分": 5, "都道府県コード": 10, "市区町村コード": 201, "所在地": "群馬県前橋市富士見町小暮２８２番地１", "緯度": 36.443732, "経度": 139.09564, "url": "https://www.iryou.teikyouseido.mhlw.go.jp/znk-web/juminkanja/S2430/initialize?prefCd=10&kikanCd=6102001283&kikanKbn=5", "url2": "https://www.kusuri-aoki.co.jp/", "内容": "クスリのアオキ富士見薬局【5:薬局】群馬県前橋市富士見町小暮２８２番地１" }, "geometry": { "type": "Point", "coordinates": [ 139.09564, 36.443732 ] } },
{ "type": "Feature", "properties": { "ID": 1056102001284, "正式名称": "クスリのアオキ榛東薬局", "機関区分": 5, "都道府県コード": 10, "市区町村コード": 344, "所在地": "群馬県北群馬郡榛東村大字広馬場１２０５番地１", "緯度": 36.426294, "経度": 138.973687, "url": "https://www.iryou.teikyouseido.mhlw.go.jp/znk-web/juminkanja/S2430/initialize?prefCd=10&kikanCd=6102001284&kikanKbn=5", "url2": "https://www.kusuri-aoki.co.jp/", "内容": "クスリのアオキ榛東薬局【5:薬局】群馬県北群馬郡榛東村大字広馬場１２０５番地１" }, "geometry": { "type": "Point", "coordinates": [ 138.973687, 36.426294 ] } },
{ "type": "Feature", "properties": { "ID": 1056102001285, "正式名称": "コスモス調剤薬局　藤岡店", "機関区分": 5, "都道府県コード": 10, "市区町村コード": 209, "所在地": "群馬県藤岡市藤岡１７６４番地１", "緯度": 36.238593, "経度": 139.077347, "url": "https://www.iryou.teikyouseido.mhlw.go.jp/znk-web/juminkanja/S2430/initialize?prefCd=10&kikanCd=6102001285&kikanKbn=5", "url2": "https://www.cosmospc.co.jp", "内容": "コスモス調剤薬局　藤岡店【5:薬局】群馬県藤岡市藤岡１７６４番地１" }, "geometry": { "type": "Point", "coordinates": [ 139.077347, 36.238593 ] } },
{ "type": "Feature", "properties": { "ID": 1056102001287, "正式名称": "マルエ薬局新里店", "機関区分": 5, "都道府県コード": 10, "市区町村コード": 203, "所在地": "群馬県桐生市新里町小林２３３－２", "緯度": 36.419255, "経度": 139.235468, "url": "https://www.iryou.teikyouseido.mhlw.go.jp/znk-web/juminkanja/S2430/initialize?prefCd=10&kikanCd=6102001287&kikanKbn=5", "url2": "https://store.welcia.co.jp/welcia/spot/detail?code=2831D", "内容": "マルエ薬局新里店【5:薬局】群馬県桐生市新里町小林２３３－２" }, "geometry": { "type": "Point", "coordinates": [ 139.235468, 36.419255 ] } },
{ "type": "Feature", "properties": { "ID": 1056102001288, "正式名称": "マルエ薬局　高崎棟高バイパス店", "機関区分": 5, "都道府県コード": 10, "市区町村コード": 202, "所在地": "群馬県高崎市棟高町１６７５ー３４", "緯度": 36.386427, "経度": 139.005514, "url": "https://www.iryou.teikyouseido.mhlw.go.jp/znk-web/juminkanja/S2430/initialize?prefCd=10&kikanCd=6102001288&kikanKbn=5", "url2": "https://marue-drug.co.jp/", "内容": "マルエ薬局　高崎棟高バイパス店【5:薬局】群馬県高崎市棟高町１６７５ー３４" }, "geometry": { "type": "Point", "coordinates": [ 139.005514, 36.386427 ] } },
{ "type": "Feature", "properties": { "ID": 1056102001289, "正式名称": "マルエ薬局安中杉並木店", "機関区分": 5, "都道府県コード": 10, "市区町村コード": 211, "所在地": "群馬県安中市原市", "緯度": 36.319005, "経度": 138.873075, "url": "https://www.iryou.teikyouseido.mhlw.go.jp/znk-web/juminkanja/S2430/initialize?prefCd=10&kikanCd=6102001289&kikanKbn=5", "url2": "http://marue-drug.co.jp", "内容": "マルエ薬局安中杉並木店【5:薬局】群馬県安中市原市" }, "geometry": { "type": "Point", "coordinates": [ 138.873075, 36.319005 ] } },
{ "type": "Feature", "properties": { "ID": 1056102001290, "正式名称": "大井田薬局　高崎モントレー店", "機関区分": 5, "都道府県コード": 10, "市区町村コード": 202, "所在地": "群馬県高崎市八島町２２２　高崎駅ビルモントレー５Ｆ", "緯度": 36.322434, "経度": 139.012052, "url": "https://www.iryou.teikyouseido.mhlw.go.jp/znk-web/juminkanja/S2430/initialize?prefCd=10&kikanCd=6102001290&kikanKbn=5", "url2": "http://www.oida-pharmacy.jp/", "内容": "大井田薬局　高崎モントレー店【5:薬局】群馬県高崎市八島町２２２　高崎駅ビルモントレー５Ｆ" }, "geometry": { "type": "Point", "coordinates": [ 139.012052, 36.322434 ] } },
{ "type": "Feature", "properties": { "ID": 1056102001292, "正式名称": "アイン薬局　富岡店", "機関区分": 5, "都道府県コード": 10, "市区町村コード": 210, "所在地": "群馬県富岡市富岡２０７３番地１", "緯度": 36.263589, "経度": 138.904501, "url": "https://www.iryou.teikyouseido.mhlw.go.jp/znk-web/juminkanja/S2430/initialize?prefCd=10&kikanCd=6102001292&kikanKbn=5", "url2": "https://www.ainj.co.jp/", "内容": "アイン薬局　富岡店【5:薬局】群馬県富岡市富岡２０７３番地１" }, "geometry": { "type": "Point", "coordinates": [ 138.904501, 36.263589 ] } },
{ "type": "Feature", "properties": { "ID": 1056102001293, "正式名称": "マルエ薬局東吾妻原町南店", "機関区分": 5, "都道府県コード": 10, "市区町村コード": 429, "所在地": "群馬県吾妻郡東吾妻町原町５９４－２", "緯度": 36.571608, "経度": 138.825708, "url": "https://www.iryou.teikyouseido.mhlw.go.jp/znk-web/juminkanja/S2430/initialize?prefCd=10&kikanCd=6102001293&kikanKbn=5", "url2": "https://marue-pharmacy.jp/", "内容": "マルエ薬局東吾妻原町南店【5:薬局】群馬県吾妻郡東吾妻町原町５９４－２" }, "geometry": { "type": "Point", "coordinates": [ 138.825708, 36.571608 ] } },
{ "type": "Feature", "properties": { "ID": 1056102001294, "正式名称": "ウエルシア薬局伊勢崎赤堀店", "機関区分": 5, "都道府県コード": 10, "市区町村コード": 204, "所在地": "群馬県伊勢崎市赤堀鹿島町１６３９－１", "緯度": 36.38102, "経度": 139.256187, "url": "https://www.iryou.teikyouseido.mhlw.go.jp/znk-web/juminkanja/S2430/initialize?prefCd=10&kikanCd=6102001294&kikanKbn=5", "url2": "https://stores.welcia.co.jp/112D", "内容": "ウエルシア薬局伊勢崎赤堀店【5:薬局】群馬県伊勢崎市赤堀鹿島町１６３９－１" }, "geometry": { "type": "Point", "coordinates": [ 139.256187, 36.38102 ] } },
{ "type": "Feature", "properties": { "ID": 1056102001295, "正式名称": "スギ薬局　太田西本町店", "機関区分": 5, "都道府県コード": 10, "市区町村コード": 205, "所在地": "群馬県太田市西本町３９番５号", "緯度": 36.297029, "経度": 139.361406, "url": "https://www.iryou.teikyouseido.mhlw.go.jp/znk-web/juminkanja/S2430/initialize?prefCd=10&kikanCd=6102001295&kikanKbn=5", "url2": "http://www.drug-sugi.co.jp/", "内容": "スギ薬局　太田西本町店【5:薬局】群馬県太田市西本町３９番５号" }, "geometry": { "type": "Point", "coordinates": [ 139.361406, 36.297029 ] } },
{ "type": "Feature", "properties": { "ID": 1056102001296, "正式名称": "マルエ薬局ショッピングタウン川原店", "機関区分": 5, "都道府県コード": 10, "市区町村コード": 201, "所在地": "群馬県前橋市川原町２ー４ー９", "緯度": 36.427316, "経度": 139.042678, "url": "https://www.iryou.teikyouseido.mhlw.go.jp/znk-web/juminkanja/S2430/initialize?prefCd=10&kikanCd=6102001296&kikanKbn=5", "url2": "https://marue-drug.co.jp", "内容": "マルエ薬局ショッピングタウン川原店【5:薬局】群馬県前橋市川原町２ー４ー９" }, "geometry": { "type": "Point", "coordinates": [ 139.042678, 36.427316 ] } },
{ "type": "Feature", "properties": { "ID": 1056102001297, "正式名称": "クスリのアオキ伊勢崎富塚薬局", "機関区分": 5, "都道府県コード": 10, "市区町村コード": 204, "所在地": "群馬県伊勢崎市富塚町３００番地７", "緯度": 36.275426, "経度": 139.197669, "url": "https://www.iryou.teikyouseido.mhlw.go.jp/znk-web/juminkanja/S2430/initialize?prefCd=10&kikanCd=6102001297&kikanKbn=5", "url2": "https://www.kusuri-aoki.co.jp/", "内容": "クスリのアオキ伊勢崎富塚薬局【5:薬局】群馬県伊勢崎市富塚町３００番地７" }, "geometry": { "type": "Point", "coordinates": [ 139.197669, 36.275426 ] } },
{ "type": "Feature", "properties": { "ID": 1056102001298, "正式名称": "太田東薬局", "機関区分": 5, "都道府県コード": 10, "市区町村コード": 205, "所在地": "群馬県太田市西本町３９－１７", "緯度": 36.297236, "経度": 139.360536, "url": "https://www.iryou.teikyouseido.mhlw.go.jp/znk-web/juminkanja/S2430/initialize?prefCd=10&kikanCd=6102001298&kikanKbn=5", "url2": "http://www.otachuo.co.jp", "内容": "太田東薬局【5:薬局】群馬県太田市西本町３９－１７" }, "geometry": { "type": "Point", "coordinates": [ 139.360536, 36.297236 ] } },
{ "type": "Feature", "properties": { "ID": 1056102001299, "正式名称": "クスリのアオキ箕郷薬局", "機関区分": 5, "都道府県コード": 10, "市区町村コード": 202, "所在地": "群馬県高崎市箕郷町上芝６０５番地１", "緯度": 36.385534, "経度": 138.957722, "url": "https://www.iryou.teikyouseido.mhlw.go.jp/znk-web/juminkanja/S2430/initialize?prefCd=10&kikanCd=6102001299&kikanKbn=5", "url2": "https://www.kusuri-aoki.co.jp/", "内容": "クスリのアオキ箕郷薬局【5:薬局】群馬県高崎市箕郷町上芝６０５番地１" }, "geometry": { "type": "Point", "coordinates": [ 138.957722, 36.385534 ] } },
{ "type": "Feature", "properties": { "ID": 1056102001300, "正式名称": "コストコホールセール明和倉庫店薬局", "機関区分": 5, "都道府県コード": 10, "市区町村コード": 522, "所在地": "群馬県邑楽郡明和町矢島３５−１", "緯度": 36.21356, "経度": 139.511714, "url": "https://www.iryou.teikyouseido.mhlw.go.jp/znk-web/juminkanja/S2430/initialize?prefCd=10&kikanCd=6102001300&kikanKbn=5", "url2": "https://phm.costco.co.jp/", "内容": "コストコホールセール明和倉庫店薬局【5:薬局】群馬県邑楽郡明和町矢島３５−１" }, "geometry": { "type": "Point", "coordinates": [ 139.511714, 36.21356 ] } },
{ "type": "Feature", "properties": { "ID": 1056102001302, "正式名称": "まごころ薬局　館林インター店", "機関区分": 5, "都道府県コード": 10, "市区町村コード": 207, "所在地": "群馬県館林市赤生田２２９７−４", "緯度": 36.230186, "経度": 139.5619, "url": "https://www.iryou.teikyouseido.mhlw.go.jp/znk-web/juminkanja/S2430/initialize?prefCd=10&kikanCd=6102001302&kikanKbn=5", "url2": null, "内容": "まごころ薬局　館林インター店【5:薬局】群馬県館林市赤生田２２９７−４" }, "geometry": { "type": "Point", "coordinates": [ 139.5619, 36.230186 ] } },
{ "type": "Feature", "properties": { "ID": 1056102001304, "正式名称": "スギ薬局前橋朝倉店", "機関区分": 5, "都道府県コード": 10, "市区町村コード": 201, "所在地": "群馬県前橋市朝倉町９２３番地", "緯度": 36.367338, "経度": 139.08593, "url": "https://www.iryou.teikyouseido.mhlw.go.jp/znk-web/juminkanja/S2430/initialize?prefCd=10&kikanCd=6102001304&kikanKbn=5", "url2": "http://www.drug-sugi.co.jp/", "内容": "スギ薬局前橋朝倉店【5:薬局】群馬県前橋市朝倉町９２３番地" }, "geometry": { "type": "Point", "coordinates": [ 139.08593, 36.367338 ] } },
{ "type": "Feature", "properties": { "ID": 1056102001305, "正式名称": "ファイン薬局　飯塚", "機関区分": 5, "都道府県コード": 10, "市区町村コード": 205, "所在地": "群馬県太田市飯塚町３６番１", "緯度": 36.279169, "経度": 139.379286, "url": "https://www.iryou.teikyouseido.mhlw.go.jp/znk-web/juminkanja/S2430/initialize?prefCd=10&kikanCd=6102001305&kikanKbn=5", "url2": "http://finegroup.jp/", "内容": "ファイン薬局　飯塚【5:薬局】群馬県太田市飯塚町３６番１" }, "geometry": { "type": "Point", "coordinates": [ 139.379286, 36.279169 ] } },
{ "type": "Feature", "properties": { "ID": 1056102001306, "正式名称": "クスリのアオキ浄法寺薬局", "機関区分": 5, "都道府県コード": 10, "市区町村コード": 209, "所在地": "群馬県藤岡市浄法寺１１３８番地１", "緯度": 36.189832, "経度": 139.060177, "url": "https://www.iryou.teikyouseido.mhlw.go.jp/znk-web/juminkanja/S2430/initialize?prefCd=10&kikanCd=6102001306&kikanKbn=5", "url2": "https://www.kusuri-aoki.co.jp/", "内容": "クスリのアオキ浄法寺薬局【5:薬局】群馬県藤岡市浄法寺１１３８番地１" }, "geometry": { "type": "Point", "coordinates": [ 139.060177, 36.189832 ] } },
{ "type": "Feature", "properties": { "ID": 1056102001307, "正式名称": "さんくふる薬局", "機関区分": 5, "都道府県コード": 10, "市区町村コード": 202, "所在地": "群馬県高崎市井野町３６９－３", "緯度": 36.359792, "経度": 139.023553, "url": "https://www.iryou.teikyouseido.mhlw.go.jp/znk-web/juminkanja/S2430/initialize?prefCd=10&kikanCd=6102001307&kikanKbn=5", "url2": null, "内容": "さんくふる薬局【5:薬局】群馬県高崎市井野町３６９－３" }, "geometry": { "type": "Point", "coordinates": [ 139.023553, 36.359792 ] } },
{ "type": "Feature", "properties": { "ID": 1056102001308, "正式名称": "あんじゅ薬局　新田店", "機関区分": 5, "都道府県コード": 10, "市区町村コード": 205, "所在地": "群馬県太田市新田小金井町３０８番地５号", "緯度": 36.302793, "経度": 139.320455, "url": "https://www.iryou.teikyouseido.mhlw.go.jp/znk-web/juminkanja/S2430/initialize?prefCd=10&kikanCd=6102001308&kikanKbn=5", "url2": null, "内容": "あんじゅ薬局　新田店【5:薬局】群馬県太田市新田小金井町３０８番地５号" }, "geometry": { "type": "Point", "coordinates": [ 139.320455, 36.302793 ] } },
{ "type": "Feature", "properties": { "ID": 1056102001309, "正式名称": "渋川スマイル薬局", "機関区分": 5, "都道府県コード": 10, "市区町村コード": 208, "所在地": "群馬県渋川市石原３０９－５", "緯度": 36.489116, "経度": 139.004156, "url": "https://www.iryou.teikyouseido.mhlw.go.jp/znk-web/juminkanja/S2430/initialize?prefCd=10&kikanCd=6102001309&kikanKbn=5", "url2": "https://www.airy.phm.co.jp/", "内容": "渋川スマイル薬局【5:薬局】群馬県渋川市石原３０９－５" }, "geometry": { "type": "Point", "coordinates": [ 139.004156, 36.489116 ] } },
{ "type": "Feature", "properties": { "ID": 1056102001314, "正式名称": "マルエ薬局　高崎群馬町金古店", "機関区分": 5, "都道府県コード": 10, "市区町村コード": 202, "所在地": "群馬県高崎市金古町４４７－１", "緯度": 36.400709, "経度": 138.999815, "url": "https://www.iryou.teikyouseido.mhlw.go.jp/znk-web/juminkanja/S2430/initialize?prefCd=10&kikanCd=6102001314&kikanKbn=5", "url2": "https://marue-drug.co.jp/", "内容": "マルエ薬局　高崎群馬町金古店【5:薬局】群馬県高崎市金古町４４７－１" }, "geometry": { "type": "Point", "coordinates": [ 138.999815, 36.400709 ] } },
{ "type": "Feature", "properties": { "ID": 1056102001316, "正式名称": "ウイン薬局高崎昭和町店", "機関区分": 5, "都道府県コード": 10, "市区町村コード": 202, "所在地": "群馬県高崎市昭和町１８２ー４", "緯度": 36.33598, "経度": 139.00365, "url": "https://www.iryou.teikyouseido.mhlw.go.jp/znk-web/juminkanja/S2430/initialize?prefCd=10&kikanCd=6102001316&kikanKbn=5", "url2": "https://win-ohana.jp/about/", "内容": "ウイン薬局高崎昭和町店【5:薬局】群馬県高崎市昭和町１８２ー４" }, "geometry": { "type": "Point", "coordinates": [ 139.00365, 36.33598 ] } },
{ "type": "Feature", "properties": { "ID": 1056102001317, "正式名称": "クスリのアオキ前橋下大島薬局", "機関区分": 5, "都道府県コード": 10, "市区町村コード": 201, "所在地": "群馬県前橋市下大島町１１０９番地１", "緯度": 36.355572, "経度": 139.126122, "url": "https://www.iryou.teikyouseido.mhlw.go.jp/znk-web/juminkanja/S2430/initialize?prefCd=10&kikanCd=6102001317&kikanKbn=5", "url2": "https://www.kusuri-aoki.co.jp/", "内容": "クスリのアオキ前橋下大島薬局【5:薬局】群馬県前橋市下大島町１１０９番地１" }, "geometry": { "type": "Point", "coordinates": [ 139.126122, 36.355572 ] } },
{ "type": "Feature", "properties": { "ID": 1056102001318, "正式名称": "クスリのアオキ粕川薬局", "機関区分": 5, "都道府県コード": 10, "市区町村コード": 201, "所在地": "群馬県前橋市粕川町中３２８番地１", "緯度": 36.417507, "経度": 139.218924, "url": "https://www.iryou.teikyouseido.mhlw.go.jp/znk-web/juminkanja/S2430/initialize?prefCd=10&kikanCd=6102001318&kikanKbn=5", "url2": "https://www.kusuri-aoki.co.jp/", "内容": "クスリのアオキ粕川薬局【5:薬局】群馬県前橋市粕川町中３２８番地１" }, "geometry": { "type": "Point", "coordinates": [ 139.218924, 36.417507 ] } },
{ "type": "Feature", "properties": { "ID": 1056102001319, "正式名称": "ウエルシア薬局太田藪塚店", "機関区分": 5, "都道府県コード": 10, "市区町村コード": 205, "所在地": "群馬県太田市藪塚町１２９５番地", "緯度": 36.362951, "経度": 139.309962, "url": "https://www.iryou.teikyouseido.mhlw.go.jp/znk-web/juminkanja/S2430/initialize?prefCd=10&kikanCd=6102001319&kikanKbn=5", "url2": "https://store.welcia.co.jp/welcia/spot/detail?code=6029D", "内容": "ウエルシア薬局太田藪塚店【5:薬局】群馬県太田市藪塚町１２９５番地" }, "geometry": { "type": "Point", "coordinates": [ 139.309962, 36.362951 ] } },
{ "type": "Feature", "properties": { "ID": 1056102001320, "正式名称": "ツリー薬局　前橋みなみモール店", "機関区分": 5, "都道府県コード": 10, "市区町村コード": 201, "所在地": "群馬県前橋市新堀町１０４７", "緯度": 36.329367, "経度": 139.092902, "url": "https://www.iryou.teikyouseido.mhlw.go.jp/znk-web/juminkanja/S2430/initialize?prefCd=10&kikanCd=6102001320&kikanKbn=5", "url2": "https://www.tree-pharmacy.com/", "内容": "ツリー薬局　前橋みなみモール店【5:薬局】群馬県前橋市新堀町１０４７" }, "geometry": { "type": "Point", "coordinates": [ 139.092902, 36.329367 ] } },
{ "type": "Feature", "properties": { "ID": 1056102001322, "正式名称": "マルエ薬局駒形店", "機関区分": 5, "都道府県コード": 10, "市区町村コード": 201, "所在地": "群馬県前橋市下大島町１１５１－１", "緯度": 36.351877, "経度": 139.129856, "url": "https://www.iryou.teikyouseido.mhlw.go.jp/znk-web/juminkanja/S2430/initialize?prefCd=10&kikanCd=6102001322&kikanKbn=5", "url2": "https://marue-drug.co.jp/", "内容": "マルエ薬局駒形店【5:薬局】群馬県前橋市下大島町１１５１－１" }, "geometry": { "type": "Point", "coordinates": [ 139.129856, 36.351877 ] } },
{ "type": "Feature", "properties": { "ID": 1056102001323, "正式名称": "カワチ薬局　天川大島店", "機関区分": 5, "都道府県コード": 10, "市区町村コード": 201, "所在地": "群馬県前橋市天川大島町４９－１", "緯度": 36.36454, "経度": 139.108088, "url": "https://www.iryou.teikyouseido.mhlw.go.jp/znk-web/juminkanja/S2430/initialize?prefCd=10&kikanCd=6102001323&kikanKbn=5", "url2": "http://www.cawachi.co.jp", "内容": "カワチ薬局　天川大島店【5:薬局】群馬県前橋市天川大島町４９－１" }, "geometry": { "type": "Point", "coordinates": [ 139.108088, 36.36454 ] } },
{ "type": "Feature", "properties": { "ID": 1056102001324, "正式名称": "マルエ薬局吉井店", "機関区分": 5, "都道府県コード": 10, "市区町村コード": 202, "所在地": "群馬県高崎市吉井町池５", "緯度": 36.261493, "経度": 138.98969, "url": "https://www.iryou.teikyouseido.mhlw.go.jp/znk-web/juminkanja/S2430/initialize?prefCd=10&kikanCd=6102001324&kikanKbn=5", "url2": null, "内容": "マルエ薬局吉井店【5:薬局】群馬県高崎市吉井町池５" }, "geometry": { "type": "Point", "coordinates": [ 138.98969, 36.261493 ] } },
{ "type": "Feature", "properties": { "ID": 1056102001325, "正式名称": "つかさ薬局", "機関区分": 5, "都道府県コード": 10, "市区町村コード": 202, "所在地": "群馬県高崎市吉井町吉井２０－２", "緯度": 36.252258, "経度": 138.984556, "url": "https://www.iryou.teikyouseido.mhlw.go.jp/znk-web/juminkanja/S2430/initialize?prefCd=10&kikanCd=6102001325&kikanKbn=5", "url2": null, "内容": "つかさ薬局【5:薬局】群馬県高崎市吉井町吉井２０－２" }, "geometry": { "type": "Point", "coordinates": [ 138.984556, 36.252258 ] } },
{ "type": "Feature", "properties": { "ID": 1056102001326, "正式名称": "クオール薬局　前橋南店", "機関区分": 5, "都道府県コード": 10, "市区町村コード": 201, "所在地": "群馬県前橋市鶴光路町３４６－２", "緯度": 36.334837, "経度": 139.096986, "url": "https://www.iryou.teikyouseido.mhlw.go.jp/znk-web/juminkanja/S2430/initialize?prefCd=10&kikanCd=6102001326&kikanKbn=5", "url2": "https://www.qol-net.co.jp/", "内容": "クオール薬局　前橋南店【5:薬局】群馬県前橋市鶴光路町３４６－２" }, "geometry": { "type": "Point", "coordinates": [ 139.096986, 36.334837 ] } },
{ "type": "Feature", "properties": { "ID": 1056102001327, "正式名称": "クリエイト薬局前橋上小出店", "機関区分": 5, "都道府県コード": 10, "市区町村コード": 201, "所在地": "群馬県前橋市上小出町２－４－９", "緯度": 36.413385, "経度": 139.059602, "url": "https://www.iryou.teikyouseido.mhlw.go.jp/znk-web/juminkanja/S2430/initialize?prefCd=10&kikanCd=6102001327&kikanKbn=5", "url2": "http://www.create-sd.co.jp", "内容": "クリエイト薬局前橋上小出店【5:薬局】群馬県前橋市上小出町２－４－９" }, "geometry": { "type": "Point", "coordinates": [ 139.059602, 36.413385 ] } },
{ "type": "Feature", "properties": { "ID": 1056102001328, "正式名称": "クリエイト薬局前橋総社町店", "機関区分": 5, "都道府県コード": 10, "市区町村コード": 201, "所在地": "群馬県前橋市総社町高井５４０", "緯度": 36.407234, "経度": 139.025725, "url": "https://www.iryou.teikyouseido.mhlw.go.jp/znk-web/juminkanja/S2430/initialize?prefCd=10&kikanCd=6102001328&kikanKbn=5", "url2": "https://www.create-sd.co.jp/", "内容": "クリエイト薬局前橋総社町店【5:薬局】群馬県前橋市総社町高井５４０" }, "geometry": { "type": "Point", "coordinates": [ 139.025725, 36.407234 ] } },
{ "type": "Feature", "properties": { "ID": 1056102001330, "正式名称": "マルエ薬局　高崎榛名中里見店", "機関区分": 5, "都道府県コード": 10, "市区町村コード": 202, "所在地": "群馬県高崎市中里見町１７３－１", "緯度": 36.368792, "経度": 138.905231, "url": "https://www.iryou.teikyouseido.mhlw.go.jp/znk-web/juminkanja/S2430/initialize?prefCd=10&kikanCd=6102001330&kikanKbn=5", "url2": "https://marue-drug.co.jp/", "内容": "マルエ薬局　高崎榛名中里見店【5:薬局】群馬県高崎市中里見町１７３－１" }, "geometry": { "type": "Point", "coordinates": [ 138.905231, 36.368792 ] } },
{ "type": "Feature", "properties": { "ID": 1056102001331, "正式名称": "アエル薬局桐生店", "機関区分": 5, "都道府県コード": 10, "市区町村コード": 203, "所在地": "群馬県桐生市新里町新川４００３－３", "緯度": 36.41808, "経度": 139.266095, "url": "https://www.iryou.teikyouseido.mhlw.go.jp/znk-web/juminkanja/S2430/initialize?prefCd=10&kikanCd=6102001331&kikanKbn=5", "url2": null, "内容": "アエル薬局桐生店【5:薬局】群馬県桐生市新里町新川４００３－３" }, "geometry": { "type": "Point", "coordinates": [ 139.266095, 36.41808 ] } },
{ "type": "Feature", "properties": { "ID": 1056102001332, "正式名称": "つばさ薬局ハナミズキ店", "機関区分": 5, "都道府県コード": 10, "市区町村コード": 202, "所在地": "群馬県高崎市上小塙町１０５６－１", "緯度": 36.353796, "経度": 138.983689, "url": "https://www.iryou.teikyouseido.mhlw.go.jp/znk-web/juminkanja/S2430/initialize?prefCd=10&kikanCd=6102001332&kikanKbn=5", "url2": "https://tsubasa-ph.jp/", "内容": "つばさ薬局ハナミズキ店【5:薬局】群馬県高崎市上小塙町１０５６－１" }, "geometry": { "type": "Point", "coordinates": [ 138.983689, 36.353796 ] } },
{ "type": "Feature", "properties": { "ID": 1056102001333, "正式名称": "調剤薬局ワイズ　前橋店", "機関区分": 5, "都道府県コード": 10, "市区町村コード": 201, "所在地": "群馬県前橋市六供町２－５－１０みらいＲＯＣＫ　Ｂ号室", "緯度": 36.385653, "経度": 139.076119, "url": "https://www.iryou.teikyouseido.mhlw.go.jp/znk-web/juminkanja/S2430/initialize?prefCd=10&kikanCd=6102001333&kikanKbn=5", "url2": null, "内容": "調剤薬局ワイズ　前橋店【5:薬局】群馬県前橋市六供町２－５－１０みらいＲＯＣＫ　Ｂ号室" }, "geometry": { "type": "Point", "coordinates": [ 139.076119, 36.385653 ] } },
{ "type": "Feature", "properties": { "ID": 1056102001334, "正式名称": "未来薬局　金古店", "機関区分": 5, "都道府県コード": 10, "市区町村コード": 202, "所在地": "群馬県高崎市金古町１７６０番地５", "緯度": 36.417263, "経度": 138.988517, "url": "https://www.iryou.teikyouseido.mhlw.go.jp/znk-web/juminkanja/S2430/initialize?prefCd=10&kikanCd=6102001334&kikanKbn=5", "url2": null, "内容": "未来薬局　金古店【5:薬局】群馬県高崎市金古町１７６０番地５" }, "geometry": { "type": "Point", "coordinates": [ 138.988517, 36.417263 ] } },
{ "type": "Feature", "properties": { "ID": 1056102001335, "正式名称": "マルエ薬局高崎小八木店", "機関区分": 5, "都道府県コード": 10, "市区町村コード": 202, "所在地": "群馬県高崎市小八木町２０３６－５", "緯度": 36.359786, "経度": 139.01974, "url": "https://www.iryou.teikyouseido.mhlw.go.jp/znk-web/juminkanja/S2430/initialize?prefCd=10&kikanCd=6102001335&kikanKbn=5", "url2": "https://marue-drug.co.jp", "内容": "マルエ薬局高崎小八木店【5:薬局】群馬県高崎市小八木町２０３６－５" }, "geometry": { "type": "Point", "coordinates": [ 139.01974, 36.359786 ] } },
{ "type": "Feature", "properties": { "ID": 1056102001338, "正式名称": "つつじ薬局", "機関区分": 5, "都道府県コード": 10, "市区町村コード": 201, "所在地": "群馬県前橋市東善町７１", "緯度": 36.344344, "経度": 139.126376, "url": "https://www.iryou.teikyouseido.mhlw.go.jp/znk-web/juminkanja/S2430/initialize?prefCd=10&kikanCd=6102001338&kikanKbn=5", "url2": "https://www.chuo-yakkyoku.com/", "内容": "つつじ薬局【5:薬局】群馬県前橋市東善町７１" }, "geometry": { "type": "Point", "coordinates": [ 139.126376, 36.344344 ] } },
{ "type": "Feature", "properties": { "ID": 1056102001339, "正式名称": "ファーブ薬局　藤岡店", "機関区分": 5, "都道府県コード": 10, "市区町村コード": 209, "所在地": "群馬県藤岡市藤岡１９０－４", "緯度": 36.247442, "経度": 139.074289, "url": "https://www.iryou.teikyouseido.mhlw.go.jp/znk-web/juminkanja/S2430/initialize?prefCd=10&kikanCd=6102001339&kikanKbn=5", "url2": "https://www.pharbcare.com/%E5%BA%97%E8%88%97%E6%83%85%E5%A0%B1", "内容": "ファーブ薬局　藤岡店【5:薬局】群馬県藤岡市藤岡１９０－４" }, "geometry": { "type": "Point", "coordinates": [ 139.074289, 36.247442 ] } },
{ "type": "Feature", "properties": { "ID": 1056102001340, "正式名称": "新町みなみ薬局", "機関区分": 5, "都道府県コード": 10, "市区町村コード": 202, "所在地": "群馬県高崎市新町１４３５－１１", "緯度": 36.261802, "経度": 139.105439, "url": "https://www.iryou.teikyouseido.mhlw.go.jp/znk-web/juminkanja/S2430/initialize?prefCd=10&kikanCd=6102001340&kikanKbn=5", "url2": "https://shionmedical.com/", "内容": "新町みなみ薬局【5:薬局】群馬県高崎市新町１４３５－１１" }, "geometry": { "type": "Point", "coordinates": [ 139.105439, 36.261802 ] } },
{ "type": "Feature", "properties": { "ID": 1056102001342, "正式名称": "イオン薬局高崎駅前店", "機関区分": 5, "都道府県コード": 10, "市区町村コード": 202, "所在地": "群馬県高崎市八島町４８ー１　高崎オーパ１階", "緯度": 36.322885, "経度": 139.011287, "url": "https://www.iryou.teikyouseido.mhlw.go.jp/znk-web/juminkanja/S2430/initialize?prefCd=10&kikanCd=6102001342&kikanKbn=5", "url2": null, "内容": "イオン薬局高崎駅前店【5:薬局】群馬県高崎市八島町４８ー１　高崎オーパ１階" }, "geometry": { "type": "Point", "coordinates": [ 139.011287, 36.322885 ] } },
{ "type": "Feature", "properties": { "ID": 1056102001343, "正式名称": "サンドラッグ新前橋調剤薬局", "機関区分": 5, "都道府県コード": 10, "市区町村コード": 201, "所在地": "群馬県前橋市古市町１８０－１フォレストモール新前橋Ｋ棟", "緯度": 36.376423, "経度": 139.045913, "url": "https://www.iryou.teikyouseido.mhlw.go.jp/znk-web/juminkanja/S2430/initialize?prefCd=10&kikanCd=6102001343&kikanKbn=5", "url2": "https://sundrug-online.com/blogs/search-store/4956", "内容": "サンドラッグ新前橋調剤薬局【5:薬局】群馬県前橋市古市町１８０－１フォレストモール新前橋Ｋ棟" }, "geometry": { "type": "Point", "coordinates": [ 139.045913, 36.376423 ] } },
{ "type": "Feature", "properties": { "ID": 1056102001345, "正式名称": "スギ薬局　大友店", "機関区分": 5, "都道府県コード": 10, "市区町村コード": 201, "所在地": "群馬県前橋市大友町三丁目２番地５", "緯度": 36.387833, "経度": 139.044033, "url": "https://www.iryou.teikyouseido.mhlw.go.jp/znk-web/juminkanja/S2430/initialize?prefCd=10&kikanCd=6102001345&kikanKbn=5", "url2": "https://www.sugi-net.jp/stores/001169", "内容": "スギ薬局　大友店【5:薬局】群馬県前橋市大友町三丁目２番地５" }, "geometry": { "type": "Point", "coordinates": [ 139.044033, 36.387833 ] } },
{ "type": "Feature", "properties": { "ID": 1056102001346, "正式名称": "株式会社サニーズ薬局", "機関区分": 5, "都道府県コード": 10, "市区町村コード": 203, "所在地": "群馬県桐生市相生町", "緯度": 36.4151, "経度": 139.31291, "url": "https://www.iryou.teikyouseido.mhlw.go.jp/znk-web/juminkanja/S2430/initialize?prefCd=10&kikanCd=6102001346&kikanKbn=5", "url2": null, "内容": "株式会社サニーズ薬局【5:薬局】群馬県桐生市相生町" }, "geometry": { "type": "Point", "coordinates": [ 139.31291, 36.4151 ] } },
{ "type": "Feature", "properties": { "ID": 1056102001347, "正式名称": "つばさ薬局松井田店", "機関区分": 5, "都道府県コード": 10, "市区町村コード": 211, "所在地": "群馬県安中市松井田町新堀１２４７－２", "緯度": 36.317205, "経度": 138.792227, "url": "https://www.iryou.teikyouseido.mhlw.go.jp/znk-web/juminkanja/S2430/initialize?prefCd=10&kikanCd=6102001347&kikanKbn=5", "url2": "http://tsubasa-ph.jp/company.html", "内容": "つばさ薬局松井田店【5:薬局】群馬県安中市松井田町新堀１２４７－２" }, "geometry": { "type": "Point", "coordinates": [ 138.792227, 36.317205 ] } },
{ "type": "Feature", "properties": { "ID": 1056102001348, "正式名称": "みたか薬局", "機関区分": 5, "都道府県コード": 10, "市区町村コード": 201, "所在地": "群馬県前橋市朝倉町三丁目３４－５", "緯度": 36.367991, "経度": 139.095245, "url": "https://www.iryou.teikyouseido.mhlw.go.jp/znk-web/juminkanja/S2430/initialize?prefCd=10&kikanCd=6102001348&kikanKbn=5", "url2": null, "内容": "みたか薬局【5:薬局】群馬県前橋市朝倉町三丁目３４－５" }, "geometry": { "type": "Point", "coordinates": [ 139.095245, 36.367991 ] } },
{ "type": "Feature", "properties": { "ID": 1056102001349, "正式名称": "カワチ薬局館林北店", "機関区分": 5, "都道府県コード": 10, "市区町村コード": 207, "所在地": "群馬県館林市岡野町７２―１", "緯度": 36.249249, "経度": 139.53605, "url": "https://www.iryou.teikyouseido.mhlw.go.jp/znk-web/juminkanja/S2430/initialize?prefCd=10&kikanCd=6102001349&kikanKbn=5", "url2": "https://www.cawachi.co.jp/customer/", "内容": "カワチ薬局館林北店【5:薬局】群馬県館林市岡野町７２―１" }, "geometry": { "type": "Point", "coordinates": [ 139.53605, 36.249249 ] } },
{ "type": "Feature", "properties": { "ID": 1056102001350, "正式名称": "マルエ薬局前橋プラザ元気２１店", "機関区分": 5, "都道府県コード": 10, "市区町村コード": 201, "所在地": "群馬県前橋市本町２－１２－１前橋プラザ元気２１　地下１階", "緯度": 36.390017, "経度": 139.071017, "url": "https://www.iryou.teikyouseido.mhlw.go.jp/znk-web/juminkanja/S2430/initialize?prefCd=10&kikanCd=6102001350&kikanKbn=5", "url2": "https://marue-drug.co.jp/", "内容": "マルエ薬局前橋プラザ元気２１店【5:薬局】群馬県前橋市本町２－１２－１前橋プラザ元気２１　地下１階" }, "geometry": { "type": "Point", "coordinates": [ 139.071017, 36.390017 ] } },
{ "type": "Feature", "properties": { "ID": 1056102001351, "正式名称": "ファミル薬局大谷店", "機関区分": 5, "都道府県コード": 10, "市区町村コード": 207, "所在地": "群馬県館林市大谷町１０５４－６５", "緯度": 36.242927, "経度": 139.503177, "url": "https://www.iryou.teikyouseido.mhlw.go.jp/znk-web/juminkanja/S2430/initialize?prefCd=10&kikanCd=6102001351&kikanKbn=5", "url2": "https://www.famiru-group.com", "内容": "ファミル薬局大谷店【5:薬局】群馬県館林市大谷町１０５４－６５" }, "geometry": { "type": "Point", "coordinates": [ 139.503177, 36.242927 ] } },
{ "type": "Feature", "properties": { "ID": 1056102001352, "正式名称": "クスリのアオキ棟高薬局", "機関区分": 5, "都道府県コード": 10, "市区町村コード": 202, "所在地": "群馬県高崎市高崎都市計画事業中央第二土地区画整理事業９６街区５０２番地１", "緯度": 36.321908, "経度": 139.003305, "url": "https://www.iryou.teikyouseido.mhlw.go.jp/znk-web/juminkanja/S2430/initialize?prefCd=10&kikanCd=6102001352&kikanKbn=5", "url2": "https://www.kusuri-aoki.co.jp/", "内容": "クスリのアオキ棟高薬局【5:薬局】群馬県高崎市高崎都市計画事業中央第二土地区画整理事業９６街区５０２番地１" }, "geometry": { "type": "Point", "coordinates": [ 139.003305, 36.321908 ] } },
{ "type": "Feature", "properties": { "ID": 1056102001353, "正式名称": "こまめ薬局", "機関区分": 5, "都道府県コード": 10, "市区町村コード": 204, "所在地": "群馬県伊勢崎市下植木町８４０－２", "緯度": 36.318753, "経度": 139.212276, "url": "https://www.iryou.teikyouseido.mhlw.go.jp/znk-web/juminkanja/S2430/initialize?prefCd=10&kikanCd=6102001353&kikanKbn=5", "url2": "https://www.chuo-yakkyoku.com/", "内容": "こまめ薬局【5:薬局】群馬県伊勢崎市下植木町８４０－２" }, "geometry": { "type": "Point", "coordinates": [ 139.212276, 36.318753 ] } },
{ "type": "Feature", "properties": { "ID": 1056102001356, "正式名称": "クスリのアオキ安中薬局", "機関区分": 5, "都道府県コード": 10, "市区町村コード": 211, "所在地": "群馬県安中市安中２丁目３番２７号", "緯度": 36.325448, "経度": 138.888938, "url": "https://www.iryou.teikyouseido.mhlw.go.jp/znk-web/juminkanja/S2430/initialize?prefCd=10&kikanCd=6102001356&kikanKbn=5", "url2": "https://www.kusuri-aoki.co.jp/", "内容": "クスリのアオキ安中薬局【5:薬局】群馬県安中市安中２丁目３番２７号" }, "geometry": { "type": "Point", "coordinates": [ 138.888938, 36.325448 ] } },
{ "type": "Feature", "properties": { "ID": 1056102001357, "正式名称": "リーフ薬局柴崎店", "機関区分": 5, "都道府県コード": 10, "市区町村コード": 202, "所在地": "群馬県高崎市柴崎町１１７０－１０", "緯度": 36.321628, "経度": 139.048331, "url": "https://www.iryou.teikyouseido.mhlw.go.jp/znk-web/juminkanja/S2430/initialize?prefCd=10&kikanCd=6102001357&kikanKbn=5", "url2": null, "内容": "リーフ薬局柴崎店【5:薬局】群馬県高崎市柴崎町１１７０－１０" }, "geometry": { "type": "Point", "coordinates": [ 139.048331, 36.321628 ] } },
{ "type": "Feature", "properties": { "ID": 1056102001358, "正式名称": "まごころ薬局　館林インター店", "機関区分": 5, "都道府県コード": 10, "市区町村コード": 207, "所在地": "群馬県館林市赤生田町２２９７－４", "緯度": 36.231274, "経度": 139.555854, "url": "https://www.iryou.teikyouseido.mhlw.go.jp/znk-web/juminkanja/S2430/initialize?prefCd=10&kikanCd=6102001358&kikanKbn=5", "url2": null, "内容": "まごころ薬局　館林インター店【5:薬局】群馬県館林市赤生田町２２９７－４" }, "geometry": { "type": "Point", "coordinates": [ 139.555854, 36.231274 ] } },
{ "type": "Feature", "properties": { "ID": 1056102001359, "正式名称": "えがお薬局", "機関区分": 5, "都道府県コード": 10, "市区町村コード": 201, "所在地": "群馬県前橋市前箱田町１３番地１", "緯度": 36.364759, "経度": 139.050375, "url": "https://www.iryou.teikyouseido.mhlw.go.jp/znk-web/juminkanja/S2430/initialize?prefCd=10&kikanCd=6102001359&kikanKbn=5", "url2": "https://lime107454.studio.site/", "内容": "えがお薬局【5:薬局】群馬県前橋市前箱田町１３番地１" }, "geometry": { "type": "Point", "coordinates": [ 139.050375, 36.364759 ] } },
{ "type": "Feature", "properties": { "ID": 1056102001361, "正式名称": "日本調剤株式会社　日本調剤　新前橋薬局", "機関区分": 5, "都道府県コード": 10, "市区町村コード": 201, "所在地": "群馬県前橋市下石倉町２８－３", "緯度": 36.379355, "経度": 139.056208, "url": "https://www.iryou.teikyouseido.mhlw.go.jp/znk-web/juminkanja/S2430/initialize?prefCd=10&kikanCd=6102001361&kikanKbn=5", "url2": null, "内容": "日本調剤株式会社　日本調剤　新前橋薬局【5:薬局】群馬県前橋市下石倉町２８－３" }, "geometry": { "type": "Point", "coordinates": [ 139.056208, 36.379355 ] } },
{ "type": "Feature", "properties": { "ID": 1056102001362, "正式名称": "かなで薬局　総社店", "機関区分": 5, "都道府県コード": 10, "市区町村コード": 201, "所在地": "群馬県前橋市総社町１－１－３５", "緯度": 36.401092, "経度": 139.048647, "url": "https://www.iryou.teikyouseido.mhlw.go.jp/znk-web/juminkanja/S2430/initialize?prefCd=10&kikanCd=6102001362&kikanKbn=5", "url2": null, "内容": "かなで薬局　総社店【5:薬局】群馬県前橋市総社町１－１－３５" }, "geometry": { "type": "Point", "coordinates": [ 139.048647, 36.401092 ] } },
{ "type": "Feature", "properties": { "ID": 1056102001364, "正式名称": "クスリのアオキ沼田栄薬局", "機関区分": 5, "都道府県コード": 10, "市区町村コード": 206, "所在地": "群馬県沼田市栄町２０１番地３", "緯度": 36.636323, "経度": 139.046427, "url": "https://www.iryou.teikyouseido.mhlw.go.jp/znk-web/juminkanja/S2430/initialize?prefCd=10&kikanCd=6102001364&kikanKbn=5", "url2": "https://www.kusuri-aoki.co.jp/", "内容": "クスリのアオキ沼田栄薬局【5:薬局】群馬県沼田市栄町２０１番地３" }, "geometry": { "type": "Point", "coordinates": [ 139.046427, 36.636323 ] } },
{ "type": "Feature", "properties": { "ID": 1056102001365, "正式名称": "クスリのアオキ甘楽福島薬局", "機関区分": 5, "都道府県コード": 10, "市区町村コード": 384, "所在地": "群馬県甘楽郡甘楽町福島１６２８番地２", "緯度": 36.249523, "経度": 138.928022, "url": "https://www.iryou.teikyouseido.mhlw.go.jp/znk-web/juminkanja/S2430/initialize?prefCd=10&kikanCd=6102001365&kikanKbn=5", "url2": "https://www.kusuri-aoki.co.jp/", "内容": "クスリのアオキ甘楽福島薬局【5:薬局】群馬県甘楽郡甘楽町福島１６２８番地２" }, "geometry": { "type": "Point", "coordinates": [ 138.928022, 36.249523 ] } },
{ "type": "Feature", "properties": { "ID": 1056102001366, "正式名称": "クスリのアオキ新田木崎薬局", "機関区分": 5, "都道府県コード": 10, "市区町村コード": 205, "所在地": "群馬県太田市新田木崎町５３０番地２", "緯度": 36.276815, "経度": 139.306527, "url": "https://www.iryou.teikyouseido.mhlw.go.jp/znk-web/juminkanja/S2430/initialize?prefCd=10&kikanCd=6102001366&kikanKbn=5", "url2": "https://www.kusuri-aoki.co.jp/", "内容": "クスリのアオキ新田木崎薬局【5:薬局】群馬県太田市新田木崎町５３０番地２" }, "geometry": { "type": "Point", "coordinates": [ 139.306527, 36.276815 ] } },
{ "type": "Feature", "properties": { "ID": 1056102001367, "正式名称": "マルエ薬局鳥山店", "機関区分": 5, "都道府県コード": 10, "市区町村コード": 205, "所在地": "群馬県太田市鳥山上町１５３０－３", "緯度": 36.322125, "経度": 139.346874, "url": "https://www.iryou.teikyouseido.mhlw.go.jp/znk-web/juminkanja/S2430/initialize?prefCd=10&kikanCd=6102001367&kikanKbn=5", "url2": "https://marue-pharmacy.jp/", "内容": "マルエ薬局鳥山店【5:薬局】群馬県太田市鳥山上町１５３０－３" }, "geometry": { "type": "Point", "coordinates": [ 139.346874, 36.322125 ] } },
{ "type": "Feature", "properties": { "ID": 1056102001368, "正式名称": "ウエルシア薬局フォルテ桐生市場店", "機関区分": 5, "都道府県コード": 10, "市区町村コード": 212, "所在地": "群馬県みどり市笠懸町阿左美２７６１－１　フォルテ桐生市場内", "緯度": 36.394919, "経度": 139.299761, "url": "https://www.iryou.teikyouseido.mhlw.go.jp/znk-web/juminkanja/S2430/initialize?prefCd=10&kikanCd=6102001368&kikanKbn=5", "url2": "https://store.welcia.co.jp/welcia/spot/detail?code=234D", "内容": "ウエルシア薬局フォルテ桐生市場店【5:薬局】群馬県みどり市笠懸町阿左美２７６１－１　フォルテ桐生市場内" }, "geometry": { "type": "Point", "coordinates": [ 139.299761, 36.394919 ] } },
{ "type": "Feature", "properties": { "ID": 1056102001370, "正式名称": "マルエ薬局桐生東店", "機関区分": 5, "都道府県コード": 10, "市区町村コード": 203, "所在地": "群馬県桐生市東１－６－２８", "緯度": 36.413502, "経度": 139.345685, "url": "https://www.iryou.teikyouseido.mhlw.go.jp/znk-web/juminkanja/S2430/initialize?prefCd=10&kikanCd=6102001370&kikanKbn=5", "url2": "https://marue-pharmacy.jp/", "内容": "マルエ薬局桐生東店【5:薬局】群馬県桐生市東１－６－２８" }, "geometry": { "type": "Point", "coordinates": [ 139.345685, 36.413502 ] } },
{ "type": "Feature", "properties": { "ID": 1056102001372, "正式名称": "しろくま薬局", "機関区分": 5, "都道府県コード": 10, "市区町村コード": 202, "所在地": "群馬県高崎市飯塚町７８７－６", "緯度": 36.341908, "経度": 138.996123, "url": "https://www.iryou.teikyouseido.mhlw.go.jp/znk-web/juminkanja/S2430/initialize?prefCd=10&kikanCd=6102001372&kikanKbn=5", "url2": "https://www.kusurinomadoguchi.com/gumma/s804210", "内容": "しろくま薬局【5:薬局】群馬県高崎市飯塚町７８７－６" }, "geometry": { "type": "Point", "coordinates": [ 138.996123, 36.341908 ] } },
{ "type": "Feature", "properties": { "ID": 1056102001373, "正式名称": "桜調剤薬局　上中居店", "機関区分": 5, "都道府県コード": 10, "市区町村コード": 202, "所在地": "群馬県高崎市上中居町２９６－１", "緯度": 36.316061, "経度": 139.028778, "url": "https://www.iryou.teikyouseido.mhlw.go.jp/znk-web/juminkanja/S2430/initialize?prefCd=10&kikanCd=6102001373&kikanKbn=5", "url2": null, "内容": "桜調剤薬局　上中居店【5:薬局】群馬県高崎市上中居町２９６－１" }, "geometry": { "type": "Point", "coordinates": [ 139.028778, 36.316061 ] } },
{ "type": "Feature", "properties": { "ID": 1056102001374, "正式名称": "クスリのアオキ太田大原薬局", "機関区分": 5, "都道府県コード": 10, "市区町村コード": 205, "所在地": "群馬県太田市大原町１１２－１１", "緯度": 36.347509, "経度": 139.295404, "url": "https://www.iryou.teikyouseido.mhlw.go.jp/znk-web/juminkanja/S2430/initialize?prefCd=10&kikanCd=6102001374&kikanKbn=5", "url2": "https://www.kusuri-aoki.co.jp/", "内容": "クスリのアオキ太田大原薬局【5:薬局】群馬県太田市大原町１１２－１１" }, "geometry": { "type": "Point", "coordinates": [ 139.295404, 36.347509 ] } },
{ "type": "Feature", "properties": { "ID": 1056102001375, "正式名称": "クスリのアオキ笠懸薬局", "機関区分": 5, "都道府県コード": 10, "市区町村コード": 212, "所在地": "群馬県みどり市笠懸町久宮１２７番地４", "緯度": 36.378452, "経度": 139.286274, "url": "https://www.iryou.teikyouseido.mhlw.go.jp/znk-web/juminkanja/S2430/initialize?prefCd=10&kikanCd=6102001375&kikanKbn=5", "url2": "https://www.kusuri-aoki.co.jp/", "内容": "クスリのアオキ笠懸薬局【5:薬局】群馬県みどり市笠懸町久宮１２７番地４" }, "geometry": { "type": "Point", "coordinates": [ 139.286274, 36.378452 ] } },
{ "type": "Feature", "properties": { "ID": 1056102001376, "正式名称": "ウエルシア薬局前橋青柳南店", "機関区分": 5, "都道府県コード": 10, "市区町村コード": 201, "所在地": "群馬県前橋市青柳町４６４番地１", "緯度": 36.419701, "経度": 139.067833, "url": "https://www.iryou.teikyouseido.mhlw.go.jp/znk-web/juminkanja/S2430/initialize?prefCd=10&kikanCd=6102001376&kikanKbn=5", "url2": "https://store.welcia.co.jp/welcia/spot/detail?code=235D", "内容": "ウエルシア薬局前橋青柳南店【5:薬局】群馬県前橋市青柳町４６４番地１" }, "geometry": { "type": "Point", "coordinates": [ 139.067833, 36.419701 ] } },
{ "type": "Feature", "properties": { "ID": 1056102001379, "正式名称": "そら薬局渋川なかむら店", "機関区分": 5, "都道府県コード": 10, "市区町村コード": 208, "所在地": "群馬県渋川市中村１７９－５", "緯度": 36.483483, "経度": 139.011371, "url": "https://www.iryou.teikyouseido.mhlw.go.jp/znk-web/juminkanja/S2430/initialize?prefCd=10&kikanCd=6102001379&kikanKbn=5", "url2": null, "内容": "そら薬局渋川なかむら店【5:薬局】群馬県渋川市中村１７９－５" }, "geometry": { "type": "Point", "coordinates": [ 139.011371, 36.483483 ] } },
{ "type": "Feature", "properties": { "ID": 1056102001380, "正式名称": "あすなろ薬局", "機関区分": 5, "都道府県コード": 10, "市区町村コード": 204, "所在地": "群馬県伊勢崎市連取元町２１３－５", "緯度": 36.313091, "経度": 139.179435, "url": "https://www.iryou.teikyouseido.mhlw.go.jp/znk-web/juminkanja/S2430/initialize?prefCd=10&kikanCd=6102001380&kikanKbn=5", "url2": "https://www.asunarosp.jp/", "内容": "あすなろ薬局【5:薬局】群馬県伊勢崎市連取元町２１３－５" }, "geometry": { "type": "Point", "coordinates": [ 139.179435, 36.313091 ] } },
{ "type": "Feature", "properties": { "ID": 1056102001381, "正式名称": "倉渕薬局", "機関区分": 5, "都道府県コード": 10, "市区町村コード": 202, "所在地": "群馬県高崎市倉渕町三ノ倉８２１", "緯度": 36.416517, "経度": 138.799808, "url": "https://www.iryou.teikyouseido.mhlw.go.jp/znk-web/juminkanja/S2430/initialize?prefCd=10&kikanCd=6102001381&kikanKbn=5", "url2": null, "内容": "倉渕薬局【5:薬局】群馬県高崎市倉渕町三ノ倉８２１" }, "geometry": { "type": "Point", "coordinates": [ 138.799808, 36.416517 ] } },
{ "type": "Feature", "properties": { "ID": 1056102001382, "正式名称": "くわの木薬局", "機関区分": 5, "都道府県コード": 10, "市区町村コード": 424, "所在地": "群馬県吾妻郡長野原町応桑２０－２　オークワテラス内", "緯度": 36.511069, "経度": 138.595791, "url": "https://www.iryou.teikyouseido.mhlw.go.jp/znk-web/juminkanja/S2430/initialize?prefCd=10&kikanCd=6102001382&kikanKbn=5", "url2": null, "内容": "くわの木薬局【5:薬局】群馬県吾妻郡長野原町応桑２０－２　オークワテラス内" }, "geometry": { "type": "Point", "coordinates": [ 138.595791, 36.511069 ] } },
{ "type": "Feature", "properties": { "ID": 1056102001383, "正式名称": "株式会社白鳥薬局", "機関区分": 5, "都道府県コード": 10, "市区町村コード": 205, "所在地": "群馬県太田市高林南町７０１番地１", "緯度": 36.255206, "経度": 139.369413, "url": "https://www.iryou.teikyouseido.mhlw.go.jp/znk-web/juminkanja/S2430/initialize?prefCd=10&kikanCd=6102001383&kikanKbn=5", "url2": null, "内容": "株式会社白鳥薬局【5:薬局】群馬県太田市高林南町７０１番地１" }, "geometry": { "type": "Point", "coordinates": [ 139.369413, 36.255206 ] } },
{ "type": "Feature", "properties": { "ID": 1056102001385, "正式名称": "ツカサ薬局　玉村店", "機関区分": 5, "都道府県コード": 10, "市区町村コード": 464, "所在地": "群馬県佐波郡玉村町五料２０５－２", "緯度": 36.287736, "経度": 139.155376, "url": "https://www.iryou.teikyouseido.mhlw.go.jp/znk-web/juminkanja/S2430/initialize?prefCd=10&kikanCd=6102001385&kikanKbn=5", "url2": null, "内容": "ツカサ薬局　玉村店【5:薬局】群馬県佐波郡玉村町五料２０５－２" }, "geometry": { "type": "Point", "coordinates": [ 139.155376, 36.287736 ] } },
{ "type": "Feature", "properties": { "ID": 1056102001386, "正式名称": "のぞみ薬局", "機関区分": 5, "都道府県コード": 10, "市区町村コード": 203, "所在地": "群馬県桐生市東２丁目８－１", "緯度": 36.413812, "経度": 139.347641, "url": "https://www.iryou.teikyouseido.mhlw.go.jp/znk-web/juminkanja/S2430/initialize?prefCd=10&kikanCd=6102001386&kikanKbn=5", "url2": "https://www.nozomipharmacy.com", "内容": "のぞみ薬局【5:薬局】群馬県桐生市東２丁目８－１" }, "geometry": { "type": "Point", "coordinates": [ 139.347641, 36.413812 ] } },
{ "type": "Feature", "properties": { "ID": 1056102001389, "正式名称": "たけのこ薬局", "機関区分": 5, "都道府県コード": 10, "市区町村コード": 209, "所在地": "群馬県藤岡市藤岡８０３－２", "緯度": 36.251435, "経度": 139.079956, "url": "https://www.iryou.teikyouseido.mhlw.go.jp/znk-web/juminkanja/S2430/initialize?prefCd=10&kikanCd=6102001389&kikanKbn=5", "url2": "https://sites.google.com/view/takenoko-yakkyoku", "内容": "たけのこ薬局【5:薬局】群馬県藤岡市藤岡８０３－２" }, "geometry": { "type": "Point", "coordinates": [ 139.079956, 36.251435 ] } },
{ "type": "Feature", "properties": { "ID": 1056102001390, "正式名称": "ウイン調剤薬局前橋駒形店", "機関区分": 5, "都道府県コード": 10, "市区町村コード": 201, "所在地": "群馬県前橋市駒形町１０６３－２", "緯度": 36.344303, "経度": 139.136578, "url": "https://www.iryou.teikyouseido.mhlw.go.jp/znk-web/juminkanja/S2430/initialize?prefCd=10&kikanCd=6102001390&kikanKbn=5", "url2": null, "内容": "ウイン調剤薬局前橋駒形店【5:薬局】群馬県前橋市駒形町１０６３－２" }, "geometry": { "type": "Point", "coordinates": [ 139.136578, 36.344303 ] } },
{ "type": "Feature", "properties": { "ID": 1056102001391, "正式名称": "アエル薬局西久保店", "機関区分": 5, "都道府県コード": 10, "市区町村コード": 204, "所在地": "群馬県伊勢崎市西久保町２－３４３－７", "緯度": 36.375012, "経度": 139.234365, "url": "https://www.iryou.teikyouseido.mhlw.go.jp/znk-web/juminkanja/S2430/initialize?prefCd=10&kikanCd=6102001391&kikanKbn=5", "url2": "https://www.y-chemical-pharmacy.com/home", "内容": "アエル薬局西久保店【5:薬局】群馬県伊勢崎市西久保町２－３４３－７" }, "geometry": { "type": "Point", "coordinates": [ 139.234365, 36.375012 ] } },
{ "type": "Feature", "properties": { "ID": 1056102001392, "正式名称": "ツカサ薬局　東小保方店", "機関区分": 5, "都道府県コード": 10, "市区町村コード": 204, "所在地": "群馬県伊勢崎市東小保方町３０８９－１", "緯度": 36.333371, "経度": 139.245084, "url": "https://www.iryou.teikyouseido.mhlw.go.jp/znk-web/juminkanja/S2430/initialize?prefCd=10&kikanCd=6102001392&kikanKbn=5", "url2": "https://tsukasa-pharmacy.jp/", "内容": "ツカサ薬局　東小保方店【5:薬局】群馬県伊勢崎市東小保方町３０８９－１" }, "geometry": { "type": "Point", "coordinates": [ 139.245084, 36.333371 ] } },
{ "type": "Feature", "properties": { "ID": 1056102001394, "正式名称": "クスリのアオキ西片貝薬局", "機関区分": 5, "都道府県コード": 10, "市区町村コード": 201, "所在地": "群馬県前橋市西片貝町四丁目１６番地７", "緯度": 36.385746, "経度": 139.096244, "url": "https://www.iryou.teikyouseido.mhlw.go.jp/znk-web/juminkanja/S2430/initialize?prefCd=10&kikanCd=6102001394&kikanKbn=5", "url2": "https://www.kusuri-aoki.co.jp/", "内容": "クスリのアオキ西片貝薬局【5:薬局】群馬県前橋市西片貝町四丁目１６番地７" }, "geometry": { "type": "Point", "coordinates": [ 139.096244, 36.385746 ] } },
{ "type": "Feature", "properties": { "ID": 1056102001395, "正式名称": "ファイン薬局　明和メディカルセンター", "機関区分": 5, "都道府県コード": 10, "市区町村コード": 522, "所在地": "群馬県邑楽郡明和町新里６４－１明和メディカルセンタービルＣ館１階", "緯度": 36.209386, "経度": 139.528814, "url": "https://www.iryou.teikyouseido.mhlw.go.jp/znk-web/juminkanja/S2430/initialize?prefCd=10&kikanCd=6102001395&kikanKbn=5", "url2": "http://www.finegroup.jp/jigyo.html", "内容": "ファイン薬局　明和メディカルセンター【5:薬局】群馬県邑楽郡明和町新里６４－１明和メディカルセンタービルＣ館１階" }, "geometry": { "type": "Point", "coordinates": [ 139.528814, 36.209386 ] } },
{ "type": "Feature", "properties": { "ID": 1056102001396, "正式名称": "つるまう薬局", "機関区分": 5, "都道府県コード": 10, "市区町村コード": 201, "所在地": "群馬県前橋市元総社町２４６８－３", "緯度": 36.385054, "経度": 139.036178, "url": "https://www.iryou.teikyouseido.mhlw.go.jp/znk-web/juminkanja/S2430/initialize?prefCd=10&kikanCd=6102001396&kikanKbn=5", "url2": "https://oriduru.com/", "内容": "つるまう薬局【5:薬局】群馬県前橋市元総社町２４６８－３" }, "geometry": { "type": "Point", "coordinates": [ 139.036178, 36.385054 ] } },
{ "type": "Feature", "properties": { "ID": 1056102001397, "正式名称": "マルエ薬局箱田店", "機関区分": 5, "都道府県コード": 10, "市区町村コード": 201, "所在地": "群馬県前橋市箱田町２３ー１", "緯度": 36.365514, "経度": 139.048786, "url": "https://www.iryou.teikyouseido.mhlw.go.jp/znk-web/juminkanja/S2430/initialize?prefCd=10&kikanCd=6102001397&kikanKbn=5", "url2": "https://marue-drug.co.jp", "内容": "マルエ薬局箱田店【5:薬局】群馬県前橋市箱田町２３ー１" }, "geometry": { "type": "Point", "coordinates": [ 139.048786, 36.365514 ] } },
{ "type": "Feature", "properties": { "ID": 1056102001398, "正式名称": "ウエルシア薬局ベルク沼田店", "機関区分": 5, "都道府県コード": 10, "市区町村コード": 206, "所在地": "群馬県沼田市東原新町１４５１－８", "緯度": 36.644994, "経度": 139.059211, "url": "https://www.iryou.teikyouseido.mhlw.go.jp/znk-web/juminkanja/S2430/initialize?prefCd=10&kikanCd=6102001398&kikanKbn=5", "url2": "https://store.welcia.co.jp/welcia/spot/detail?code=236D", "内容": "ウエルシア薬局ベルク沼田店【5:薬局】群馬県沼田市東原新町１４５１－８" }, "geometry": { "type": "Point", "coordinates": [ 139.059211, 36.644994 ] } },
{ "type": "Feature", "properties": { "ID": 1056102001399, "正式名称": "グリーンファーマシー　下小鳥店", "機関区分": 5, "都道府県コード": 10, "市区町村コード": 202, "所在地": "群馬県高崎市下小鳥町７４０番３", "緯度": 36.353342, "経度": 138.995632, "url": "https://www.iryou.teikyouseido.mhlw.go.jp/znk-web/juminkanja/S2430/initialize?prefCd=10&kikanCd=6102001399&kikanKbn=5", "url2": "https://www.e-classa.net/greenpharmacy-takasaki/index.html", "内容": "グリーンファーマシー　下小鳥店【5:薬局】群馬県高崎市下小鳥町７４０番３" }, "geometry": { "type": "Point", "coordinates": [ 138.995632, 36.353342 ] } },
{ "type": "Feature", "properties": { "ID": 1056102001400, "正式名称": "アエル薬局川内店", "機関区分": 5, "都道府県コード": 10, "市区町村コード": 203, "所在地": "群馬県桐生市川内町２０８－１", "緯度": 36.433436, "経度": 139.295856, "url": "https://www.iryou.teikyouseido.mhlw.go.jp/znk-web/juminkanja/S2430/initialize?prefCd=10&kikanCd=6102001400&kikanKbn=5", "url2": "https://www.y-chemical-pharmacy.com/", "内容": "アエル薬局川内店【5:薬局】群馬県桐生市川内町２０８－１" }, "geometry": { "type": "Point", "coordinates": [ 139.295856, 36.433436 ] } },
{ "type": "Feature", "properties": { "ID": 1056102001402, "正式名称": "おおしま薬局錦町店", "機関区分": 5, "都道府県コード": 10, "市区町村コード": 203, "所在地": "群馬県桐生市錦町１－４－４１", "緯度": 36.406432, "経度": 139.3339, "url": "https://www.iryou.teikyouseido.mhlw.go.jp/znk-web/juminkanja/S2430/initialize?prefCd=10&kikanCd=6102001402&kikanKbn=5", "url2": null, "内容": "おおしま薬局錦町店【5:薬局】群馬県桐生市錦町１－４－４１" }, "geometry": { "type": "Point", "coordinates": [ 139.3339, 36.406432 ] } },
{ "type": "Feature", "properties": { "ID": 1056102001403, "正式名称": "クスリのアオキ新島薬局", "機関区分": 5, "都道府県コード": 10, "市区町村コード": 205, "所在地": "群馬県太田市新島町９８１番地４", "緯度": 36.293155, "経度": 139.385109, "url": "https://www.iryou.teikyouseido.mhlw.go.jp/znk-web/juminkanja/S2430/initialize?prefCd=10&kikanCd=6102001403&kikanKbn=5", "url2": "https://www.kusuri-aoki.co.jp/", "内容": "クスリのアオキ新島薬局【5:薬局】群馬県太田市新島町９８１番地４" }, "geometry": { "type": "Point", "coordinates": [ 139.385109, 36.293155 ] } },
{ "type": "Feature", "properties": { "ID": 1056102001404, "正式名称": "青梨子調剤薬局", "機関区分": 5, "都道府県コード": 10, "市区町村コード": 201, "所在地": "群馬県前橋市青梨子町１７１１ー６", "緯度": 36.407651, "経度": 139.00857, "url": "https://www.iryou.teikyouseido.mhlw.go.jp/znk-web/juminkanja/S2430/initialize?prefCd=10&kikanCd=6102001404&kikanKbn=5", "url2": "https://yhopharmacygroup.com/", "内容": "青梨子調剤薬局【5:薬局】群馬県前橋市青梨子町１７１１ー６" }, "geometry": { "type": "Point", "coordinates": [ 139.00857, 36.407651 ] } },
{ "type": "Feature", "properties": { "ID": 1056102001405, "正式名称": "つるみ町薬局", "機関区分": 5, "都道府県コード": 10, "市区町村コード": 202, "所在地": "群馬県高崎市鶴見町", "緯度": 36.319163, "経度": 139.011345, "url": "https://www.iryou.teikyouseido.mhlw.go.jp/znk-web/juminkanja/S2430/initialize?prefCd=10&kikanCd=6102001405&kikanKbn=5", "url2": null, "内容": "つるみ町薬局【5:薬局】群馬県高崎市鶴見町" }, "geometry": { "type": "Point", "coordinates": [ 139.011345, 36.319163 ] } },
{ "type": "Feature", "properties": { "ID": 1056102001406, "正式名称": "文京調剤薬局", "機関区分": 5, "都道府県コード": 10, "市区町村コード": 201, "所在地": "群馬県前橋市天川町１６６７－２１", "緯度": 36.375466, "経度": 139.094843, "url": "https://www.iryou.teikyouseido.mhlw.go.jp/znk-web/juminkanja/S2430/initialize?prefCd=10&kikanCd=6102001406&kikanKbn=5", "url2": "https://tsubasa-ph.jp", "内容": "文京調剤薬局【5:薬局】群馬県前橋市天川町１６６７－２１" }, "geometry": { "type": "Point", "coordinates": [ 139.094843, 36.375466 ] } },
{ "type": "Feature", "properties": { "ID": 1056102001407, "正式名称": "ふじみ　みないろ薬局", "機関区分": 5, "都道府県コード": 10, "市区町村コード": 201, "所在地": "群馬県前橋市富士見町原之郷９３２－１", "緯度": 36.436608, "経度": 139.068404, "url": "https://www.iryou.teikyouseido.mhlw.go.jp/znk-web/juminkanja/S2430/initialize?prefCd=10&kikanCd=6102001407&kikanKbn=5", "url2": null, "内容": "ふじみ　みないろ薬局【5:薬局】群馬県前橋市富士見町原之郷９３２－１" }, "geometry": { "type": "Point", "coordinates": [ 139.068404, 36.436608 ] } },
{ "type": "Feature", "properties": { "ID": 1056102001408, "正式名称": "清王寺薬局　吉井店", "機関区分": 5, "都道府県コード": 10, "市区町村コード": 202, "所在地": "群馬県高崎市吉井町吉井川３５０－５", "緯度": 36.253386, "経度": 138.990978, "url": "https://www.iryou.teikyouseido.mhlw.go.jp/znk-web/juminkanja/S2430/initialize?prefCd=10&kikanCd=6102001408&kikanKbn=5", "url2": null, "内容": "清王寺薬局　吉井店【5:薬局】群馬県高崎市吉井町吉井川３５０－５" }, "geometry": { "type": "Point", "coordinates": [ 138.990978, 36.253386 ] } },
{ "type": "Feature", "properties": { "ID": 1056102001410, "正式名称": "マルエ薬局草津温泉店", "機関区分": 5, "都道府県コード": 10, "市区町村コード": 426, "所在地": "群馬県吾妻郡草津町草津４５４－４８", "緯度": 36.620076, "経度": 138.593047, "url": "https://www.iryou.teikyouseido.mhlw.go.jp/znk-web/juminkanja/S2430/initialize?prefCd=10&kikanCd=6102001410&kikanKbn=5", "url2": "http://www.marue-drug.co.jp/", "内容": "マルエ薬局草津温泉店【5:薬局】群馬県吾妻郡草津町草津４５４－４８" }, "geometry": { "type": "Point", "coordinates": [ 138.593047, 36.620076 ] } },
{ "type": "Feature", "properties": { "ID": 1056102001411, "正式名称": "アイビー薬局　吉沢店", "機関区分": 5, "都道府県コード": 10, "市区町村コード": 205, "所在地": "群馬県太田市吉沢町８９９－１", "緯度": 36.357573, "経度": 139.369551, "url": "https://www.iryou.teikyouseido.mhlw.go.jp/znk-web/juminkanja/S2430/initialize?prefCd=10&kikanCd=6102001411&kikanKbn=5", "url2": "https://www.ibyakkyoku.jp/store", "内容": "アイビー薬局　吉沢店【5:薬局】群馬県太田市吉沢町８９９－１" }, "geometry": { "type": "Point", "coordinates": [ 139.369551, 36.357573 ] } },
{ "type": "Feature", "properties": { "ID": 1056102001413, "正式名称": "オルゴール薬局笠懸店", "機関区分": 5, "都道府県コード": 10, "市区町村コード": 212, "所在地": "群馬県みどり市笠懸町鹿４７１２－１１", "緯度": 36.390584, "経度": 139.278812, "url": "https://www.iryou.teikyouseido.mhlw.go.jp/znk-web/juminkanja/S2430/initialize?prefCd=10&kikanCd=6102001413&kikanKbn=5", "url2": null, "内容": "オルゴール薬局笠懸店【5:薬局】群馬県みどり市笠懸町鹿４７１２－１１" }, "geometry": { "type": "Point", "coordinates": [ 139.278812, 36.390584 ] } },
{ "type": "Feature", "properties": { "ID": 1056102001414, "正式名称": "みやぎ在宅薬局", "機関区分": 5, "都道府県コード": 10, "市区町村コード": 201, "所在地": "群馬県前橋市鼻毛石町８８７番地２８", "緯度": 36.445697, "経度": 139.174556, "url": "https://www.iryou.teikyouseido.mhlw.go.jp/znk-web/juminkanja/S2430/initialize?prefCd=10&kikanCd=6102001414&kikanKbn=5", "url2": null, "内容": "みやぎ在宅薬局【5:薬局】群馬県前橋市鼻毛石町８８７番地２８" }, "geometry": { "type": "Point", "coordinates": [ 139.174556, 36.445697 ] } }
]
}
