{
"type": "FeatureCollection",
"name": "geo_10_2",
"crs": { "type": "name", "properties": { "name": "urn:ogc:def:crs:OGC:1.3:CRS84" } },
"features": [
{ "type": "Feature", "properties": { "ID": 1021012511471, "正式名称": "いじま内科・消化器内科", "機関区分": 2, "都道府県コード": 10, "市区町村コード": 205, "所在地": "群馬県太田市飯塚町", "緯度": 36.281773, "経度": 139.3798, "url": "https://www.iryou.teikyouseido.mhlw.go.jp/znk-web/juminkanja/S2430/initialize?prefCd=10&kikanCd=1012511471&kikanKbn=2", "url2": null, "内容": "いじま内科・消化器内科【2:診療所】【診療科目:内科_消化器内科_小児科】群馬県太田市飯塚町" }, "geometry": { "type": "Point", "coordinates": [ 139.3798, 36.281773 ] } },
{ "type": "Feature", "properties": { "ID": 1022100000002, "正式名称": "ももかわ整形外科クリニック", "機関区分": 2, "都道府県コード": 10, "市区町村コード": 201, "所在地": "群馬県前橋市荒牧町１ー４０ー２５", "緯度": 36.429123, "経度": 139.056146, "url": "https://www.iryou.teikyouseido.mhlw.go.jp/znk-web/juminkanja/S2430/initialize?prefCd=10&kikanCd=2100000002&kikanKbn=2", "url2": "http://www.momokawa-clinic.jp/", "内容": "ももかわ整形外科クリニック【2:診療所】【診療科目:消化器内科_消化器外科_整形外科_リハビリテーション科】群馬県前橋市荒牧町１ー４０ー２５" }, "geometry": { "type": "Point", "coordinates": [ 139.056146, 36.429123 ] } },
{ "type": "Feature", "properties": { "ID": 1022100000003, "正式名称": "馬場整形外科クリニック", "機関区分": 2, "都道府県コード": 10, "市区町村コード": 201, "所在地": "群馬県前橋市石倉町２ー２ー７", "緯度": 36.384749, "経度": 139.053065, "url": "https://www.iryou.teikyouseido.mhlw.go.jp/znk-web/juminkanja/S2430/initialize?prefCd=10&kikanCd=2100000003&kikanKbn=2", "url2": "http://www.babaseikei-cl.com", "内容": "馬場整形外科クリニック【2:診療所】【診療科目:整形外科_リウマチ科_リハビリテーション科】群馬県前橋市石倉町２ー２ー７" }, "geometry": { "type": "Point", "coordinates": [ 139.053065, 36.384749 ] } },
{ "type": "Feature", "properties": { "ID": 1022100000004, "正式名称": "やなぎさわファミリークリニック", "機関区分": 2, "都道府県コード": 10, "市区町村コード": 201, "所在地": "群馬県前橋市朝倉町８９３ー２", "緯度": 36.370148, "経度": 139.09286, "url": "https://www.iryou.teikyouseido.mhlw.go.jp/znk-web/juminkanja/S2430/initialize?prefCd=10&kikanCd=2100000004&kikanKbn=2", "url2": "http://yanagisawa-fc.com", "内容": "やなぎさわファミリークリニック【2:診療所】【診療科目:循環器内科】群馬県前橋市朝倉町８９３ー２" }, "geometry": { "type": "Point", "coordinates": [ 139.09286, 36.370148 ] } },
{ "type": "Feature", "properties": { "ID": 1022100000007, "正式名称": "大川こどもクリニック", "機関区分": 2, "都道府県コード": 10, "市区町村コード": 201, "所在地": "群馬県前橋市上泉町２３ー１", "緯度": 36.395801, "経度": 139.101154, "url": "https://www.iryou.teikyouseido.mhlw.go.jp/znk-web/juminkanja/S2430/initialize?prefCd=10&kikanCd=2100000007&kikanKbn=2", "url2": null, "内容": "大川こどもクリニック【2:診療所】【診療科目:小児科_皮膚科_アレルギー科】群馬県前橋市上泉町２３ー１" }, "geometry": { "type": "Point", "coordinates": [ 139.101154, 36.395801 ] } },
{ "type": "Feature", "properties": { "ID": 1022100000011, "正式名称": "医療法人守生会　小野内科クリニック", "機関区分": 2, "都道府県コード": 10, "市区町村コード": 201, "所在地": "群馬県前橋市川原町２－２２－４", "緯度": 36.429863, "経度": 139.040458, "url": "https://www.iryou.teikyouseido.mhlw.go.jp/znk-web/juminkanja/S2430/initialize?prefCd=10&kikanCd=2100000011&kikanKbn=2", "url2": "https://ononaika2019.web.fc2.com/", "内容": "医療法人守生会　小野内科クリニック【2:診療所】【診療科目:内科_糖尿病内科_循環器内科_腎臓内科】群馬県前橋市川原町２－２２－４" }, "geometry": { "type": "Point", "coordinates": [ 139.040458, 36.429863 ] } },
{ "type": "Feature", "properties": { "ID": 1022100000012, "正式名称": "まえはら内科", "機関区分": 2, "都道府県コード": 10, "市区町村コード": 201, "所在地": "群馬県前橋市下小出町２－４０－１５", "緯度": 36.413337, "経度": 139.065654, "url": "https://www.iryou.teikyouseido.mhlw.go.jp/znk-web/juminkanja/S2430/initialize?prefCd=10&kikanCd=2100000012&kikanKbn=2", "url2": "http://med.wind.ne.jp/maeharanaika/", "内容": "まえはら内科【2:診療所】【診療科目:内科_血液内科_呼吸器内科_アレルギー科】群馬県前橋市下小出町２－４０－１５" }, "geometry": { "type": "Point", "coordinates": [ 139.065654, 36.413337 ] } },
{ "type": "Feature", "properties": { "ID": 1022100000013, "正式名称": "医療法人とくまクリニック", "機関区分": 2, "都道府県コード": 10, "市区町村コード": 201, "所在地": "群馬県前橋市総社町総社２７２３－３", "緯度": 36.398816, "経度": 139.037707, "url": "https://www.iryou.teikyouseido.mhlw.go.jp/znk-web/juminkanja/S2430/initialize?prefCd=10&kikanCd=2100000013&kikanKbn=2", "url2": "http://www.tokuma-clinic.com", "内容": "医療法人とくまクリニック【2:診療所】【診療科目:整形外科_リウマチ科_リハビリテーション科】群馬県前橋市総社町総社２７２３－３" }, "geometry": { "type": "Point", "coordinates": [ 139.037707, 36.398816 ] } },
{ "type": "Feature", "properties": { "ID": 1022100000014, "正式名称": "医療法人俊礼会おかむらクリニック", "機関区分": 2, "都道府県コード": 10, "市区町村コード": 201, "所在地": "群馬県前橋市西片貝町３ー１２５ー１", "緯度": 36.386192, "経度": 139.098095, "url": "https://www.iryou.teikyouseido.mhlw.go.jp/znk-web/juminkanja/S2430/initialize?prefCd=10&kikanCd=2100000014&kikanKbn=2", "url2": "http://www.shunreikai.jp/", "内容": "医療法人俊礼会おかむらクリニック【2:診療所】【診療科目:形成外科_皮膚科】群馬県前橋市西片貝町３ー１２５ー１" }, "geometry": { "type": "Point", "coordinates": [ 139.098095, 36.386192 ] } },
{ "type": "Feature", "properties": { "ID": 1022100000018, "正式名称": "五十嵐医院", "機関区分": 2, "都道府県コード": 10, "市区町村コード": 201, "所在地": "群馬県前橋市富士見町原之郷２９５ー１", "緯度": 36.439952, "経度": 139.061231, "url": "https://www.iryou.teikyouseido.mhlw.go.jp/znk-web/juminkanja/S2430/initialize?prefCd=10&kikanCd=2100000018&kikanKbn=2", "url2": null, "内容": "五十嵐医院【2:診療所】【診療科目:内科_肛門外科_小児科】群馬県前橋市富士見町原之郷２９５ー１" }, "geometry": { "type": "Point", "coordinates": [ 139.061231, 36.439952 ] } },
{ "type": "Feature", "properties": { "ID": 1022100000020, "正式名称": "医療法人轟会梅枝内科医院", "機関区分": 2, "都道府県コード": 10, "市区町村コード": 201, "所在地": "群馬県前橋市富士見町原之郷６６０ー５", "緯度": 36.432528, "経度": 139.068375, "url": "https://www.iryou.teikyouseido.mhlw.go.jp/znk-web/juminkanja/S2430/initialize?prefCd=10&kikanCd=2100000020&kikanKbn=2", "url2": null, "内容": "医療法人轟会梅枝内科医院【2:診療所】【診療科目:内科】群馬県前橋市富士見町原之郷６６０ー５" }, "geometry": { "type": "Point", "coordinates": [ 139.068375, 36.432528 ] } },
{ "type": "Feature", "properties": { "ID": 1022100000021, "正式名称": "相澤医院", "機関区分": 2, "都道府県コード": 10, "市区町村コード": 201, "所在地": "群馬県前橋市富士見町原之郷７３４－３", "緯度": 36.435281, "経度": 139.071759, "url": "https://www.iryou.teikyouseido.mhlw.go.jp/znk-web/juminkanja/S2430/initialize?prefCd=10&kikanCd=2100000021&kikanKbn=2", "url2": null, "内容": "相澤医院【2:診療所】【診療科目:内科_呼吸器内科_循環器内科_胃腸内科_外科】群馬県前橋市富士見町原之郷７３４－３" }, "geometry": { "type": "Point", "coordinates": [ 139.071759, 36.435281 ] } },
{ "type": "Feature", "properties": { "ID": 1022100000022, "正式名称": "前橋ふじみ内科", "機関区分": 2, "都道府県コード": 10, "市区町村コード": 201, "所在地": "群馬県前橋市富士見町原之郷９４０ー１", "緯度": 36.436223, "経度": 139.068345, "url": "https://www.iryou.teikyouseido.mhlw.go.jp/znk-web/juminkanja/S2430/initialize?prefCd=10&kikanCd=2100000022&kikanKbn=2", "url2": "https://yukikai.jp/", "内容": "前橋ふじみ内科【2:診療所】【診療科目:内科_糖尿病内科_腎臓内科】群馬県前橋市富士見町原之郷９４０ー１" }, "geometry": { "type": "Point", "coordinates": [ 139.068345, 36.436223 ] } },
{ "type": "Feature", "properties": { "ID": 1022100000023, "正式名称": "堺堀整形外科医院", "機関区分": 2, "都道府県コード": 10, "市区町村コード": 201, "所在地": "群馬県前橋市富士見町時沢２０５１ー４", "緯度": 36.439842, "経度": 139.089706, "url": "https://www.iryou.teikyouseido.mhlw.go.jp/znk-web/juminkanja/S2430/initialize?prefCd=10&kikanCd=2100000023&kikanKbn=2", "url2": null, "内容": "堺堀整形外科医院【2:診療所】【診療科目:整形外科_リウマチ科_リハビリテーション科】群馬県前橋市富士見町時沢２０５１ー４" }, "geometry": { "type": "Point", "coordinates": [ 139.089706, 36.439842 ] } },
{ "type": "Feature", "properties": { "ID": 1022100000025, "正式名称": "ささき整形外科", "機関区分": 2, "都道府県コード": 10, "市区町村コード": 201, "所在地": "群馬県前橋市富士見町小暮８６７　ささき整形外科", "緯度": 36.444181, "経度": 139.097505, "url": "https://www.iryou.teikyouseido.mhlw.go.jp/znk-web/juminkanja/S2430/initialize?prefCd=10&kikanCd=2100000025&kikanKbn=2", "url2": "https://www.sasaki-seikeigeka.net/", "内容": "ささき整形外科【2:診療所】【診療科目:整形外科】群馬県前橋市富士見町小暮８６７　ささき整形外科" }, "geometry": { "type": "Point", "coordinates": [ 139.097505, 36.444181 ] } },
{ "type": "Feature", "properties": { "ID": 1022100000027, "正式名称": "医療法人光絢会すがの眼科古市クリニック", "機関区分": 2, "都道府県コード": 10, "市区町村コード": 201, "所在地": "群馬県前橋市古市町", "緯度": 36.378855, "経度": 139.053526, "url": "https://www.iryou.teikyouseido.mhlw.go.jp/znk-web/juminkanja/S2430/initialize?prefCd=10&kikanCd=2100000027&kikanKbn=2", "url2": "https://suganoganka.com", "内容": "医療法人光絢会すがの眼科古市クリニック【2:診療所】【診療科目:眼科】群馬県前橋市古市町" }, "geometry": { "type": "Point", "coordinates": [ 139.053526, 36.378855 ] } },
{ "type": "Feature", "properties": { "ID": 1022100000028, "正式名称": "医療法人髙栁胃と大腸の内視鏡クリニック", "機関区分": 2, "都道府県コード": 10, "市区町村コード": 201, "所在地": "群馬県前橋市荻窪町１２０３ー１", "緯度": 36.41092, "経度": 139.135628, "url": "https://www.iryou.teikyouseido.mhlw.go.jp/znk-web/juminkanja/S2430/initialize?prefCd=10&kikanCd=2100000028&kikanKbn=2", "url2": "https://www.takayanagi-cl.com/", "内容": "医療法人髙栁胃と大腸の内視鏡クリニック【2:診療所】【診療科目:内科_胃腸内科_内視鏡内科_外科_肛門外科】群馬県前橋市荻窪町１２０３ー１" }, "geometry": { "type": "Point", "coordinates": [ 139.135628, 36.41092 ] } },
{ "type": "Feature", "properties": { "ID": 1022100000030, "正式名称": "かたひら内科医院", "機関区分": 2, "都道府県コード": 10, "市区町村コード": 201, "所在地": "群馬県前橋市下沖町３３５ー１", "緯度": 36.398556, "経度": 139.095438, "url": "https://www.iryou.teikyouseido.mhlw.go.jp/znk-web/juminkanja/S2430/initialize?prefCd=10&kikanCd=2100000030&kikanKbn=2", "url2": null, "内容": "かたひら内科医院【2:診療所】【診療科目:内科_血液内科】群馬県前橋市下沖町３３５ー１" }, "geometry": { "type": "Point", "coordinates": [ 139.095438, 36.398556 ] } },
{ "type": "Feature", "properties": { "ID": 1022100000031, "正式名称": "いながき内科医院", "機関区分": 2, "都道府県コード": 10, "市区町村コード": 201, "所在地": "群馬県前橋市下阿内町３６２ー１", "緯度": 36.322509, "経度": 139.107427, "url": "https://www.iryou.teikyouseido.mhlw.go.jp/znk-web/juminkanja/S2430/initialize?prefCd=10&kikanCd=2100000031&kikanKbn=2", "url2": "https://inagaki-cl.jp/", "内容": "いながき内科医院【2:診療所】【診療科目:内科_アレルギー科】群馬県前橋市下阿内町３６２ー１" }, "geometry": { "type": "Point", "coordinates": [ 139.107427, 36.322509 ] } },
{ "type": "Feature", "properties": { "ID": 1022100000035, "正式名称": "前橋ＣＬクリニック", "機関区分": 2, "都道府県コード": 10, "市区町村コード": 201, "所在地": "群馬県前橋市下小出町２ー４２ー１", "緯度": 36.413859, "経度": 139.066843, "url": "https://www.iryou.teikyouseido.mhlw.go.jp/znk-web/juminkanja/S2430/initialize?prefCd=10&kikanCd=2100000035&kikanKbn=2", "url2": "http://www.cl-clinic.co.jp", "内容": "前橋ＣＬクリニック【2:診療所】【診療科目:内科_形成外科_皮膚科】群馬県前橋市下小出町２ー４２ー１" }, "geometry": { "type": "Point", "coordinates": [ 139.066843, 36.413859 ] } },
{ "type": "Feature", "properties": { "ID": 1022100000036, "正式名称": "伊藤内科医院", "機関区分": 2, "都道府県コード": 10, "市区町村コード": 201, "所在地": "群馬県前橋市下小出町２－４９－１６", "緯度": 36.413742, "経度": 139.064054, "url": "https://www.iryou.teikyouseido.mhlw.go.jp/znk-web/juminkanja/S2430/initialize?prefCd=10&kikanCd=2100000036&kikanKbn=2", "url2": "http://www.ito-naikaiin.com/", "内容": "伊藤内科医院【2:診療所】【診療科目:内科_呼吸器内科_循環器内科_胃腸内科】群馬県前橋市下小出町２－４９－１６" }, "geometry": { "type": "Point", "coordinates": [ 139.064054, 36.413742 ] } },
{ "type": "Feature", "properties": { "ID": 1022100000037, "正式名称": "田中外科内科医院", "機関区分": 2, "都道府県コード": 10, "市区町村コード": 201, "所在地": "群馬県前橋市下小出町", "緯度": 36.417501, "経度": 139.06424, "url": "https://www.iryou.teikyouseido.mhlw.go.jp/znk-web/juminkanja/S2430/initialize?prefCd=10&kikanCd=2100000037&kikanKbn=2", "url2": null, "内容": "田中外科内科医院【2:診療所】【診療科目:内科_循環器内科_消化器内科_外科_ペインクリニック外科】群馬県前橋市下小出町" }, "geometry": { "type": "Point", "coordinates": [ 139.06424, 36.417501 ] } },
{ "type": "Feature", "properties": { "ID": 1022100000040, "正式名称": "前橋東クリニック", "機関区分": 2, "都道府県コード": 10, "市区町村コード": 201, "所在地": "群馬県前橋市下大屋町５５８ー９", "緯度": 36.389092, "経度": 139.177005, "url": "https://www.iryou.teikyouseido.mhlw.go.jp/znk-web/juminkanja/S2430/initialize?prefCd=10&kikanCd=2100000040&kikanKbn=2", "url2": null, "内容": "前橋東クリニック【2:診療所】【診療科目:内科_呼吸器内科_循環器内科_小児科_アレルギー科_リウマチ科】群馬県前橋市下大屋町５５８ー９" }, "geometry": { "type": "Point", "coordinates": [ 139.177005, 36.389092 ] } },
{ "type": "Feature", "properties": { "ID": 1022100000041, "正式名称": "下大島医院", "機関区分": 2, "都道府県コード": 10, "市区町村コード": 201, "所在地": "群馬県前橋市下大島町７４０－７", "緯度": 36.360032, "経度": 139.119813, "url": "https://www.iryou.teikyouseido.mhlw.go.jp/znk-web/juminkanja/S2430/initialize?prefCd=10&kikanCd=2100000041&kikanKbn=2", "url2": null, "内容": "下大島医院【2:診療所】【診療科目:内科_呼吸器内科_消化器内科_アレルギー科】群馬県前橋市下大島町７４０－７" }, "geometry": { "type": "Point", "coordinates": [ 139.119813, 36.360032 ] } },
{ "type": "Feature", "properties": { "ID": 1022100000042, "正式名称": "医療法人広人会村上皮膚科", "機関区分": 2, "都道府県コード": 10, "市区町村コード": 201, "所在地": "群馬県前橋市下大島町７４３ー２", "緯度": 36.360587, "経度": 139.119813, "url": "https://www.iryou.teikyouseido.mhlw.go.jp/znk-web/juminkanja/S2430/initialize?prefCd=10&kikanCd=2100000042&kikanKbn=2", "url2": null, "内容": "医療法人広人会村上皮膚科【2:診療所】【診療科目:皮膚科】群馬県前橋市下大島町７４３ー２" }, "geometry": { "type": "Point", "coordinates": [ 139.119813, 36.360587 ] } },
{ "type": "Feature", "properties": { "ID": 1022100000043, "正式名称": "内科小児科池医院", "機関区分": 2, "都道府県コード": 10, "市区町村コード": 201, "所在地": "群馬県前橋市下大島町９１４ー１４", "緯度": 36.358479, "経度": 139.124529, "url": "https://www.iryou.teikyouseido.mhlw.go.jp/znk-web/juminkanja/S2430/initialize?prefCd=10&kikanCd=2100000043&kikanKbn=2", "url2": null, "内容": "内科小児科池医院【2:診療所】【診療科目:内科_小児科】群馬県前橋市下大島町９１４ー１４" }, "geometry": { "type": "Point", "coordinates": [ 139.124529, 36.358479 ] } },
{ "type": "Feature", "properties": { "ID": 1022100000048, "正式名称": "神宮医院", "機関区分": 2, "都道府県コード": 10, "市区町村コード": 201, "所在地": "群馬県前橋市岩神町３－１８－１７", "緯度": 36.406235, "経度": 139.054295, "url": "https://www.iryou.teikyouseido.mhlw.go.jp/znk-web/juminkanja/S2430/initialize?prefCd=10&kikanCd=2100000048&kikanKbn=2", "url2": null, "内容": "神宮医院【2:診療所】【診療科目:内科_整形外科_リハビリテーション科】群馬県前橋市岩神町３－１８－１７" }, "geometry": { "type": "Point", "coordinates": [ 139.054295, 36.406235 ] } },
{ "type": "Feature", "properties": { "ID": 1022100000049, "正式名称": "込谷クリニック", "機関区分": 2, "都道府県コード": 10, "市区町村コード": 201, "所在地": "群馬県前橋市岩神町", "緯度": 36.406229, "経度": 139.056758, "url": "https://www.iryou.teikyouseido.mhlw.go.jp/znk-web/juminkanja/S2430/initialize?prefCd=10&kikanCd=2100000049&kikanKbn=2", "url2": null, "内容": "込谷クリニック【2:診療所】【診療科目:内科_消化器内科_外科_肛門外科_皮膚科】群馬県前橋市岩神町" }, "geometry": { "type": "Point", "coordinates": [ 139.056758, 36.406229 ] } },
{ "type": "Feature", "properties": { "ID": 1022100000051, "正式名称": "定方医院", "機関区分": 2, "都道府県コード": 10, "市区町村コード": 201, "所在地": "群馬県前橋市亀里町１１０３番地１", "緯度": 36.346098, "経度": 139.090484, "url": "https://www.iryou.teikyouseido.mhlw.go.jp/znk-web/juminkanja/S2430/initialize?prefCd=10&kikanCd=2100000051&kikanKbn=2", "url2": null, "内容": "定方医院【2:診療所】【診療科目:内科】群馬県前橋市亀里町１１０３番地１" }, "geometry": { "type": "Point", "coordinates": [ 139.090484, 36.346098 ] } },
{ "type": "Feature", "properties": { "ID": 1022100000056, "正式名称": "北條医院", "機関区分": 2, "都道府県コード": 10, "市区町村コード": 201, "所在地": "群馬県前橋市駒形町８３３－３８", "緯度": 36.344255, "経度": 139.143608, "url": "https://www.iryou.teikyouseido.mhlw.go.jp/znk-web/juminkanja/S2430/initialize?prefCd=10&kikanCd=2100000056&kikanKbn=2", "url2": "https://www.hojo-iin.jp", "内容": "北條医院【2:診療所】【診療科目:内科_循環器内科_小児科】群馬県前橋市駒形町８３３－３８" }, "geometry": { "type": "Point", "coordinates": [ 139.143608, 36.344255 ] } },
{ "type": "Feature", "properties": { "ID": 1022100000061, "正式名称": "瀬下こどもクリニック", "機関区分": 2, "都道府県コード": 10, "市区町村コード": 201, "所在地": "群馬県前橋市元総社町２２６５番地", "緯度": 36.387592, "経度": 139.032747, "url": "https://www.iryou.teikyouseido.mhlw.go.jp/znk-web/juminkanja/S2430/initialize?prefCd=10&kikanCd=2100000061&kikanKbn=2", "url2": "http://scc1994.web.fc2.com/", "内容": "瀬下こどもクリニック【2:診療所】【診療科目:小児科】群馬県前橋市元総社町２２６５番地" }, "geometry": { "type": "Point", "coordinates": [ 139.032747, 36.387592 ] } },
{ "type": "Feature", "properties": { "ID": 1022100000062, "正式名称": "工藤皮膚科医院", "機関区分": 2, "都道府県コード": 10, "市区町村コード": 201, "所在地": "群馬県前橋市元総社町２丁目２９－２", "緯度": 36.387583, "経度": 139.034458, "url": "https://www.iryou.teikyouseido.mhlw.go.jp/znk-web/juminkanja/S2430/initialize?prefCd=10&kikanCd=2100000062&kikanKbn=2", "url2": null, "内容": "工藤皮膚科医院【2:診療所】【診療科目:皮膚科】群馬県前橋市元総社町２丁目２９－２" }, "geometry": { "type": "Point", "coordinates": [ 139.034458, 36.387583 ] } },
{ "type": "Feature", "properties": { "ID": 1022100000063, "正式名称": "高橋眼科医院", "機関区分": 2, "都道府県コード": 10, "市区町村コード": 201, "所在地": "群馬県前橋市元総社町２４３ー１", "緯度": 36.384491, "経度": 139.047973, "url": "https://www.iryou.teikyouseido.mhlw.go.jp/znk-web/juminkanja/S2430/initialize?prefCd=10&kikanCd=2100000063&kikanKbn=2", "url2": null, "内容": "高橋眼科医院【2:診療所】【診療科目:眼科】群馬県前橋市元総社町２４３ー１" }, "geometry": { "type": "Point", "coordinates": [ 139.047973, 36.384491 ] } },
{ "type": "Feature", "properties": { "ID": 1022100000064, "正式名称": "医療法人あらいクリニック", "機関区分": 2, "都道府県コード": 10, "市区町村コード": 201, "所在地": "群馬県前橋市元総社町８４８ー７", "緯度": 36.385168, "経度": 139.031989, "url": "https://www.iryou.teikyouseido.mhlw.go.jp/znk-web/juminkanja/S2430/initialize?prefCd=10&kikanCd=2100000064&kikanKbn=2", "url2": null, "内容": "医療法人あらいクリニック【2:診療所】【診療科目:内科_胃腸内科_外科_肛門外科】群馬県前橋市元総社町８４８ー７" }, "geometry": { "type": "Point", "coordinates": [ 139.031989, 36.385168 ] } },
{ "type": "Feature", "properties": { "ID": 1022100000066, "正式名称": "医療法人新前橋耳鼻咽喉科医院", "機関区分": 2, "都道府県コード": 10, "市区町村コード": 201, "所在地": "群馬県前橋市古市町１‐４８‐６", "緯度": 36.376195, "経度": 139.048301, "url": "https://www.iryou.teikyouseido.mhlw.go.jp/znk-web/juminkanja/S2430/initialize?prefCd=10&kikanCd=2100000066&kikanKbn=2", "url2": "https://shinmaebashi-jibika.jp/", "内容": "医療法人新前橋耳鼻咽喉科医院【2:診療所】【診療科目:耳鼻いんこう科】群馬県前橋市古市町１‐４８‐６" }, "geometry": { "type": "Point", "coordinates": [ 139.048301, 36.376195 ] } },
{ "type": "Feature", "properties": { "ID": 1022100000068, "正式名称": "倉繁皮ふ科医院", "機関区分": 2, "都道府県コード": 10, "市区町村コード": 201, "所在地": "群馬県前橋市古市町１丁目５６ー１０", "緯度": 36.37464, "経度": 139.050235, "url": "https://www.iryou.teikyouseido.mhlw.go.jp/znk-web/juminkanja/S2430/initialize?prefCd=10&kikanCd=2100000068&kikanKbn=2", "url2": "http://www.kurashige-hihuka-iin.com/", "内容": "倉繁皮ふ科医院【2:診療所】【診療科目:皮膚科】群馬県前橋市古市町１丁目５６ー１０" }, "geometry": { "type": "Point", "coordinates": [ 139.050235, 36.37464 ] } },
{ "type": "Feature", "properties": { "ID": 1022100000069, "正式名称": "青山医院", "機関区分": 2, "都道府県コード": 10, "市区町村コード": 201, "所在地": "群馬県前橋市古市町３５０", "緯度": 36.375859, "経度": 139.047801, "url": "https://www.iryou.teikyouseido.mhlw.go.jp/znk-web/juminkanja/S2430/initialize?prefCd=10&kikanCd=2100000069&kikanKbn=2", "url2": "https://aoyamaiin.com/", "内容": "青山医院【2:診療所】【診療科目:内科_神経内科_小児科_皮膚科_アレルギー科】群馬県前橋市古市町３５０" }, "geometry": { "type": "Point", "coordinates": [ 139.047801, 36.375859 ] } },
{ "type": "Feature", "properties": { "ID": 1022100000070, "正式名称": "鈴木小児科医院", "機関区分": 2, "都道府県コード": 10, "市区町村コード": 201, "所在地": "群馬県前橋市後閑町１０－５", "緯度": 36.363621, "経度": 139.101566, "url": "https://www.iryou.teikyouseido.mhlw.go.jp/znk-web/juminkanja/S2430/initialize?prefCd=10&kikanCd=2100000070&kikanKbn=2", "url2": "suzukishonika.com", "内容": "鈴木小児科医院【2:診療所】【診療科目:内科_小児科_皮膚科】群馬県前橋市後閑町１０－５" }, "geometry": { "type": "Point", "coordinates": [ 139.101566, 36.363621 ] } },
{ "type": "Feature", "properties": { "ID": 1022100000071, "正式名称": "医療法人公雄会こぶな整形外科医院", "機関区分": 2, "都道府県コード": 10, "市区町村コード": 201, "所在地": "群馬県前橋市後閑町", "緯度": 36.36125, "経度": 139.103451, "url": "https://www.iryou.teikyouseido.mhlw.go.jp/znk-web/juminkanja/S2430/initialize?prefCd=10&kikanCd=2100000071&kikanKbn=2", "url2": "http://www.kobunaseikei.jp/", "内容": "医療法人公雄会こぶな整形外科医院【2:診療所】【診療科目:整形外科_リウマチ科】群馬県前橋市後閑町" }, "geometry": { "type": "Point", "coordinates": [ 139.103451, 36.36125 ] } },
{ "type": "Feature", "properties": { "ID": 1022100000072, "正式名称": "医療法人浩信会須田こどもクリニック", "機関区分": 2, "都道府県コード": 10, "市区町村コード": 201, "所在地": "群馬県前橋市後閑町４０６ー２", "緯度": 36.357962, "経度": 139.107015, "url": "https://www.iryou.teikyouseido.mhlw.go.jp/znk-web/juminkanja/S2430/initialize?prefCd=10&kikanCd=2100000072&kikanKbn=2", "url2": null, "内容": "医療法人浩信会須田こどもクリニック【2:診療所】【診療科目:内科_小児科_アレルギー科】群馬県前橋市後閑町４０６ー２" }, "geometry": { "type": "Point", "coordinates": [ 139.107015, 36.357962 ] } },
{ "type": "Feature", "properties": { "ID": 1022100000073, "正式名称": "医療法人すぐた医院　すぐた医院ゆう子キッズクリニック", "機関区分": 2, "都道府県コード": 10, "市区町村コード": 201, "所在地": "群馬県前橋市光が丘町１０－６", "緯度": 36.371623, "経度": 139.056946, "url": "https://www.iryou.teikyouseido.mhlw.go.jp/znk-web/juminkanja/S2430/initialize?prefCd=10&kikanCd=2100000073&kikanKbn=2", "url2": null, "内容": "医療法人すぐた医院　すぐた医院ゆう子キッズクリニック【2:診療所】【診療科目:内科_小児科】群馬県前橋市光が丘町１０－６" }, "geometry": { "type": "Point", "coordinates": [ 139.056946, 36.371623 ] } },
{ "type": "Feature", "properties": { "ID": 1022100000074, "正式名称": "こばやし医院", "機関区分": 2, "都道府県コード": 10, "市区町村コード": 201, "所在地": "群馬県前橋市広瀬町二丁目１－１２", "緯度": 36.360689, "経度": 139.105657, "url": "https://www.iryou.teikyouseido.mhlw.go.jp/znk-web/juminkanja/S2430/initialize?prefCd=10&kikanCd=2100000074&kikanKbn=2", "url2": null, "内容": "こばやし医院【2:診療所】【診療科目:内科_胃腸内科_外科】群馬県前橋市広瀬町二丁目１－１２" }, "geometry": { "type": "Point", "coordinates": [ 139.105657, 36.360689 ] } },
{ "type": "Feature", "properties": { "ID": 1022100000075, "正式名称": "剛医院", "機関区分": 2, "都道府県コード": 10, "市区町村コード": 201, "所在地": "群馬県前橋市広瀬町３ー１１ー１", "緯度": 36.355434, "経度": 139.113797, "url": "https://www.iryou.teikyouseido.mhlw.go.jp/znk-web/juminkanja/S2430/initialize?prefCd=10&kikanCd=2100000075&kikanKbn=2", "url2": null, "内容": "剛医院【2:診療所】【診療科目:内科_胃腸内科_外科_整形外科】群馬県前橋市広瀬町３ー１１ー１" }, "geometry": { "type": "Point", "coordinates": [ 139.113797, 36.355434 ] } },
{ "type": "Feature", "properties": { "ID": 1022100000078, "正式名称": "医療法人富沢医院", "機関区分": 2, "都道府県コード": 10, "市区町村コード": 201, "所在地": "群馬県前橋市江田町５８０", "緯度": 36.373169, "経度": 139.042366, "url": "https://www.iryou.teikyouseido.mhlw.go.jp/znk-web/juminkanja/S2430/initialize?prefCd=10&kikanCd=2100000078&kikanKbn=2", "url2": null, "内容": "医療法人富沢医院【2:診療所】【診療科目:内科_胃腸内科_外科】群馬県前橋市江田町５８０" }, "geometry": { "type": "Point", "coordinates": [ 139.042366, 36.373169 ] } },
{ "type": "Feature", "properties": { "ID": 1022100000080, "正式名称": "医療法人中嶋小児科医院", "機関区分": 2, "都道府県コード": 10, "市区町村コード": 201, "所在地": "群馬県前橋市江木町１４０８－１", "緯度": 36.391108, "経度": 139.134562, "url": "https://www.iryou.teikyouseido.mhlw.go.jp/znk-web/juminkanja/S2430/initialize?prefCd=10&kikanCd=2100000080&kikanKbn=2", "url2": "http://www.ceres.dti.ne.jp/shizuku/", "内容": "医療法人中嶋小児科医院【2:診療所】【診療科目:小児科_アレルギー科】群馬県前橋市江木町１４０８－１" }, "geometry": { "type": "Point", "coordinates": [ 139.134562, 36.391108 ] } },
{ "type": "Feature", "properties": { "ID": 1022100000081, "正式名称": "江木町クリニック", "機関区分": 2, "都道府県コード": 10, "市区町村コード": 201, "所在地": "群馬県前橋市江木町９８ー５", "緯度": 36.38685, "経度": 139.131139, "url": "https://www.iryou.teikyouseido.mhlw.go.jp/znk-web/juminkanja/S2430/initialize?prefCd=10&kikanCd=2100000081&kikanKbn=2", "url2": null, "内容": "江木町クリニック【2:診療所】【診療科目:内科_循環器内科_胃腸内科_外科】群馬県前橋市江木町９８ー５" }, "geometry": { "type": "Point", "coordinates": [ 139.131139, 36.38685 ] } },
{ "type": "Feature", "properties": { "ID": 1022100000082, "正式名称": "医療法人社団清宮医院", "機関区分": 2, "都道府県コード": 10, "市区町村コード": 201, "所在地": "群馬県前橋市紅雲町２ー１２－１０", "緯度": 36.385077, "経度": 139.066355, "url": "https://www.iryou.teikyouseido.mhlw.go.jp/znk-web/juminkanja/S2430/initialize?prefCd=10&kikanCd=2100000082&kikanKbn=2", "url2": "http://www.sannou-life.jp", "内容": "医療法人社団清宮医院【2:診療所】【診療科目:内科_呼吸器内科_消化器内科】群馬県前橋市紅雲町２ー１２－１０" }, "geometry": { "type": "Point", "coordinates": [ 139.066355, 36.385077 ] } },
{ "type": "Feature", "properties": { "ID": 1022100000084, "正式名称": "鳥羽整形外科クリニック", "機関区分": 2, "都道府県コード": 10, "市区町村コード": 201, "所在地": "群馬県前橋市紅雲町２ー２１ー１３", "緯度": 36.383144, "経度": 139.066461, "url": "https://www.iryou.teikyouseido.mhlw.go.jp/znk-web/juminkanja/S2430/initialize?prefCd=10&kikanCd=2100000084&kikanKbn=2", "url2": null, "内容": "鳥羽整形外科クリニック【2:診療所】【診療科目:外科_整形外科_リウマチ科_リハビリテーション科】群馬県前橋市紅雲町２ー２１ー１３" }, "geometry": { "type": "Point", "coordinates": [ 139.066461, 36.383144 ] } },
{ "type": "Feature", "properties": { "ID": 1022100000085, "正式名称": "医療法人光風会　飯塚医院", "機関区分": 2, "都道府県コード": 10, "市区町村コード": 201, "所在地": "群馬県前橋市荒口町５２５－３", "緯度": 36.380337, "経度": 139.157765, "url": "https://www.iryou.teikyouseido.mhlw.go.jp/znk-web/juminkanja/S2430/initialize?prefCd=10&kikanCd=2100000085&kikanKbn=2", "url2": "https://www.izukain.or.jp", "内容": "医療法人光風会　飯塚医院【2:診療所】【診療科目:内科_消化器内科】群馬県前橋市荒口町５２５－３" }, "geometry": { "type": "Point", "coordinates": [ 139.157765, 36.380337 ] } },
{ "type": "Feature", "properties": { "ID": 1022100000086, "正式名称": "萩原内科医院", "機関区分": 2, "都道府県コード": 10, "市区町村コード": 201, "所在地": "群馬県前橋市荒子町１５８５ー２", "緯度": 36.389005, "経度": 139.159006, "url": "https://www.iryou.teikyouseido.mhlw.go.jp/znk-web/juminkanja/S2430/initialize?prefCd=10&kikanCd=2100000086&kikanKbn=2", "url2": null, "内容": "萩原内科医院【2:診療所】【診療科目:内科_呼吸器内科_胃腸内科】群馬県前橋市荒子町１５８５ー２" }, "geometry": { "type": "Point", "coordinates": [ 139.159006, 36.389005 ] } },
{ "type": "Feature", "properties": { "ID": 1022100000088, "正式名称": "医療法人創生会小川内科医院", "機関区分": 2, "都道府県コード": 10, "市区町村コード": 201, "所在地": "群馬県前橋市荒牧町２－２８－２０", "緯度": 36.424052, "経度": 139.054608, "url": "https://www.iryou.teikyouseido.mhlw.go.jp/znk-web/juminkanja/S2430/initialize?prefCd=10&kikanCd=2100000088&kikanKbn=2", "url2": null, "内容": "医療法人創生会小川内科医院【2:診療所】【診療科目:内科_呼吸器内科_循環器内科_消化器内科】群馬県前橋市荒牧町２－２８－２０" }, "geometry": { "type": "Point", "coordinates": [ 139.054608, 36.424052 ] } },
{ "type": "Feature", "properties": { "ID": 1022100000090, "正式名称": "医療法人春光会宮久保眼科", "機関区分": 2, "都道府県コード": 10, "市区町村コード": 201, "所在地": "群馬県前橋市荒牧町２ー３ー１５", "緯度": 36.422313, "経度": 139.056755, "url": "https://www.iryou.teikyouseido.mhlw.go.jp/znk-web/juminkanja/S2430/initialize?prefCd=10&kikanCd=2100000090&kikanKbn=2", "url2": "http://www.miyakuboeyeclinic.com", "内容": "医療法人春光会宮久保眼科【2:診療所】【診療科目:眼科】群馬県前橋市荒牧町２ー３ー１５" }, "geometry": { "type": "Point", "coordinates": [ 139.056755, 36.422313 ] } },
{ "type": "Feature", "properties": { "ID": 1022100000091, "正式名称": "大島整形外科医院", "機関区分": 2, "都道府県コード": 10, "市区町村コード": 201, "所在地": "群馬県前橋市荒牧町２００２番地１", "緯度": 36.423599, "経度": 139.059612, "url": "https://www.iryou.teikyouseido.mhlw.go.jp/znk-web/juminkanja/S2430/initialize?prefCd=10&kikanCd=2100000091&kikanKbn=2", "url2": null, "内容": "大島整形外科医院【2:診療所】【診療科目:整形外科】群馬県前橋市荒牧町２００２番地１" }, "geometry": { "type": "Point", "coordinates": [ 139.059612, 36.423599 ] } },
{ "type": "Feature", "properties": { "ID": 1022100000092, "正式名称": "岡野内科胃腸科医院", "機関区分": 2, "都道府県コード": 10, "市区町村コード": 201, "所在地": "群馬県前橋市荒牧町一丁目１３ー１０", "緯度": 36.426255, "経度": 139.060001, "url": "https://www.iryou.teikyouseido.mhlw.go.jp/znk-web/juminkanja/S2430/initialize?prefCd=10&kikanCd=2100000092&kikanKbn=2", "url2": null, "内容": "岡野内科胃腸科医院【2:診療所】【診療科目:内科_呼吸器内科_循環器内科_消化器内科】群馬県前橋市荒牧町一丁目１３ー１０" }, "geometry": { "type": "Point", "coordinates": [ 139.060001, 36.426255 ] } },
{ "type": "Feature", "properties": { "ID": 1022100000094, "正式名称": "医療法人晴山会増田整形外科医院", "機関区分": 2, "都道府県コード": 10, "市区町村コード": 201, "所在地": "群馬県前橋市高花台１丁目９番地９", "緯度": 36.426608, "経度": 139.107058, "url": "https://www.iryou.teikyouseido.mhlw.go.jp/znk-web/juminkanja/S2430/initialize?prefCd=10&kikanCd=2100000094&kikanKbn=2", "url2": null, "内容": "医療法人晴山会増田整形外科医院【2:診療所】【診療科目:整形外科】群馬県前橋市高花台１丁目９番地９" }, "geometry": { "type": "Point", "coordinates": [ 139.107058, 36.426608 ] } },
{ "type": "Feature", "properties": { "ID": 1022100000095, "正式名称": "伊藤内科小児科医院", "機関区分": 2, "都道府県コード": 10, "市区町村コード": 201, "所在地": "群馬県前橋市高花台１ー９ー８", "緯度": 36.427945, "経度": 139.107586, "url": "https://www.iryou.teikyouseido.mhlw.go.jp/znk-web/juminkanja/S2430/initialize?prefCd=10&kikanCd=2100000095&kikanKbn=2", "url2": null, "内容": "伊藤内科小児科医院【2:診療所】【診療科目:内科_循環器内科_神経内科_小児科】群馬県前橋市高花台１ー９ー８" }, "geometry": { "type": "Point", "coordinates": [ 139.107586, 36.427945 ] } },
{ "type": "Feature", "properties": { "ID": 1022100000098, "正式名称": "さくらクリニック", "機関区分": 2, "都道府県コード": 10, "市区町村コード": 201, "所在地": "群馬県前橋市上佐鳥町１２０３ー２", "緯度": 36.35097, "経度": 139.080408, "url": "https://www.iryou.teikyouseido.mhlw.go.jp/znk-web/juminkanja/S2430/initialize?prefCd=10&kikanCd=2100000098&kikanKbn=2", "url2": "http://sakura-maebashi.com/", "内容": "さくらクリニック【2:診療所】【診療科目:内科_婦人科】群馬県前橋市上佐鳥町１２０３ー２" }, "geometry": { "type": "Point", "coordinates": [ 139.080408, 36.35097 ] } },
{ "type": "Feature", "properties": { "ID": 1022100000100, "正式名称": "大塚内科医院", "機関区分": 2, "都道府県コード": 10, "市区町村コード": 201, "所在地": "群馬県前橋市三俣町１ー１９ー２５", "緯度": 36.39451, "経度": 139.083623, "url": "https://www.iryou.teikyouseido.mhlw.go.jp/znk-web/juminkanja/S2430/initialize?prefCd=10&kikanCd=2100000100&kikanKbn=2", "url2": null, "内容": "大塚内科医院【2:診療所】【診療科目:内科_脳神経内科_呼吸器内科_アレルギー科_リハビリテーション科】群馬県前橋市三俣町１ー１９ー２５" }, "geometry": { "type": "Point", "coordinates": [ 139.083623, 36.39451 ] } },
{ "type": "Feature", "properties": { "ID": 1022100000105, "正式名称": "小竹整形外科", "機関区分": 2, "都道府県コード": 10, "市区町村コード": 201, "所在地": "群馬県前橋市三俣町", "緯度": 36.399359, "経度": 139.08548, "url": "https://www.iryou.teikyouseido.mhlw.go.jp/znk-web/juminkanja/S2430/initialize?prefCd=10&kikanCd=2100000105&kikanKbn=2", "url2": "http://www.d66.jp/ivy/kotake", "内容": "小竹整形外科【2:診療所】【診療科目:整形外科】群馬県前橋市三俣町" }, "geometry": { "type": "Point", "coordinates": [ 139.08548, 36.399359 ] } },
{ "type": "Feature", "properties": { "ID": 1022100000106, "正式名称": "山王タウンクリニック", "機関区分": 2, "都道府県コード": 10, "市区町村コード": 201, "所在地": "群馬県前橋市山王町１ー２３ー３２", "緯度": 36.354395, "経度": 139.116691, "url": "https://www.iryou.teikyouseido.mhlw.go.jp/znk-web/juminkanja/S2430/initialize?prefCd=10&kikanCd=2100000106&kikanKbn=2", "url2": "https://www.sannotown-clinic.com/", "内容": "山王タウンクリニック【2:診療所】【診療科目:内科】群馬県前橋市山王町１ー２３ー３２" }, "geometry": { "type": "Point", "coordinates": [ 139.116691, 36.354395 ] } },
{ "type": "Feature", "properties": { "ID": 1022100000107, "正式名称": "新前橋かしま眼科形成外科クリニック", "機関区分": 2, "都道府県コード": 10, "市区町村コード": 201, "所在地": "群馬県前橋市古市町１８０－１フォレストモール新前橋", "緯度": 36.376268, "経度": 139.044227, "url": "https://www.iryou.teikyouseido.mhlw.go.jp/znk-web/juminkanja/S2430/initialize?prefCd=10&kikanCd=2100000107&kikanKbn=2", "url2": "http://www.kashima-oc.com/", "内容": "新前橋かしま眼科形成外科クリニック【2:診療所】【診療科目:形成外科_美容外科_眼科】群馬県前橋市古市町１８０－１フォレストモール新前橋" }, "geometry": { "type": "Point", "coordinates": [ 139.044227, 36.376268 ] } },
{ "type": "Feature", "properties": { "ID": 1022100000109, "正式名称": "大山クリニック", "機関区分": 2, "都道府県コード": 10, "市区町村コード": 201, "所在地": "群馬県前橋市山王町２－２０－１６", "緯度": 36.349793, "経度": 139.12748, "url": "https://www.iryou.teikyouseido.mhlw.go.jp/znk-web/juminkanja/S2430/initialize?prefCd=10&kikanCd=2100000109&kikanKbn=2", "url2": "https://sannou-iin.com", "内容": "大山クリニック【2:診療所】【診療科目:内科_消化器内科_婦人科】群馬県前橋市山王町２－２０－１６" }, "geometry": { "type": "Point", "coordinates": [ 139.12748, 36.349793 ] } },
{ "type": "Feature", "properties": { "ID": 1022100000112, "正式名称": "中沢クリニック", "機関区分": 2, "都道府県コード": 10, "市区町村コード": 201, "所在地": "群馬県前橋市若宮町４ー８ー１８", "緯度": 36.405713, "経度": 139.074231, "url": "https://www.iryou.teikyouseido.mhlw.go.jp/znk-web/juminkanja/S2430/initialize?prefCd=10&kikanCd=2100000112&kikanKbn=2", "url2": "https://www.nakazawa-clinic.jp/", "内容": "中沢クリニック【2:診療所】【診療科目:皮膚科_泌尿器科】群馬県前橋市若宮町４ー８ー１８" }, "geometry": { "type": "Point", "coordinates": [ 139.074231, 36.405713 ] } },
{ "type": "Feature", "properties": { "ID": 1022100000113, "正式名称": "医療法人竹越耳鼻咽喉科医院", "機関区分": 2, "都道府県コード": 10, "市区町村コード": 201, "所在地": "群馬県前橋市住吉町１ー１６ー１２", "緯度": 36.398072, "経度": 139.069796, "url": "https://www.iryou.teikyouseido.mhlw.go.jp/znk-web/juminkanja/S2430/initialize?prefCd=10&kikanCd=2100000113&kikanKbn=2", "url2": "http://takegoshi.byoinnavi.jp/sp/", "内容": "医療法人竹越耳鼻咽喉科医院【2:診療所】【診療科目:耳鼻いんこう科】群馬県前橋市住吉町１ー１６ー１２" }, "geometry": { "type": "Point", "coordinates": [ 139.069796, 36.398072 ] } },
{ "type": "Feature", "properties": { "ID": 1022100000117, "正式名称": "長崎医院", "機関区分": 2, "都道府県コード": 10, "市区町村コード": 201, "所在地": "群馬県前橋市住吉町２丁目１２－５", "緯度": 36.397747, "経度": 139.070666, "url": "https://www.iryou.teikyouseido.mhlw.go.jp/znk-web/juminkanja/S2430/initialize?prefCd=10&kikanCd=2100000117&kikanKbn=2", "url2": "http://nagasaki-naika.com/", "内容": "長崎医院【2:診療所】【診療科目:内科】群馬県前橋市住吉町２丁目１２－５" }, "geometry": { "type": "Point", "coordinates": [ 139.070666, 36.397747 ] } },
{ "type": "Feature", "properties": { "ID": 1022100000119, "正式名称": "医療法人社団中嶋会中嶋医院", "機関区分": 2, "都道府県コード": 10, "市区町村コード": 201, "所在地": "群馬県前橋市小屋原町９７６ー１", "緯度": 36.358196, "経度": 139.135802, "url": "https://www.iryou.teikyouseido.mhlw.go.jp/znk-web/juminkanja/S2430/initialize?prefCd=10&kikanCd=2100000119&kikanKbn=2", "url2": null, "内容": "医療法人社団中嶋会中嶋医院【2:診療所】【診療科目:循環器内科_胃腸内科_外科_整形外科_皮膚科_泌尿器科】群馬県前橋市小屋原町９７６ー１" }, "geometry": { "type": "Point", "coordinates": [ 139.135802, 36.358196 ] } },
{ "type": "Feature", "properties": { "ID": 1022100000123, "正式名称": "医療法人新井胃腸科診療所", "機関区分": 2, "都道府県コード": 10, "市区町村コード": 201, "所在地": "群馬県前橋市昭和町一丁目１６番１０号", "緯度": 36.40207, "経度": 139.065677, "url": "https://www.iryou.teikyouseido.mhlw.go.jp/znk-web/juminkanja/S2430/initialize?prefCd=10&kikanCd=2100000123&kikanKbn=2", "url2": "http://arai-ichouka.or.jp/", "内容": "医療法人新井胃腸科診療所【2:診療所】【診療科目:内科_胃腸内科_外科】群馬県前橋市昭和町一丁目１６番１０号" }, "geometry": { "type": "Point", "coordinates": [ 139.065677, 36.40207 ] } },
{ "type": "Feature", "properties": { "ID": 1022100000124, "正式名称": "医療法人全人会前橋皮膚科医院", "機関区分": 2, "都道府県コード": 10, "市区町村コード": 201, "所在地": "群馬県前橋市昭和町１ー７ー１７", "緯度": 36.399888, "経度": 139.067593, "url": "https://www.iryou.teikyouseido.mhlw.go.jp/znk-web/juminkanja/S2430/initialize?prefCd=10&kikanCd=2100000124&kikanKbn=2", "url2": "https://www.maebashihifuka.com", "内容": "医療法人全人会前橋皮膚科医院【2:診療所】【診療科目:皮膚科_アレルギー科】群馬県前橋市昭和町１ー７ー１７" }, "geometry": { "type": "Point", "coordinates": [ 139.067593, 36.399888 ] } },
{ "type": "Feature", "properties": { "ID": 1022100000127, "正式名称": "山口内科クリニック", "機関区分": 2, "都道府県コード": 10, "市区町村コード": 201, "所在地": "群馬県前橋市上沖町２５２ー１", "緯度": 36.408144, "経度": 139.09346, "url": "https://www.iryou.teikyouseido.mhlw.go.jp/znk-web/juminkanja/S2430/initialize?prefCd=10&kikanCd=2100000127&kikanKbn=2", "url2": null, "内容": "山口内科クリニック【2:診療所】【診療科目:内科】群馬県前橋市上沖町２５２ー１" }, "geometry": { "type": "Point", "coordinates": [ 139.09346, 36.408144 ] } },
{ "type": "Feature", "properties": { "ID": 1022100000129, "正式名称": "医療法人ほんま小児科", "機関区分": 2, "都道府県コード": 10, "市区町村コード": 201, "所在地": "群馬県前橋市上佐鳥町７２２－３", "緯度": 36.359369, "経度": 139.084881, "url": "https://www.iryou.teikyouseido.mhlw.go.jp/znk-web/juminkanja/S2430/initialize?prefCd=10&kikanCd=2100000129&kikanKbn=2", "url2": "http://www.honma-ped.jp/", "内容": "医療法人ほんま小児科【2:診療所】【診療科目:小児科】群馬県前橋市上佐鳥町７２２－３" }, "geometry": { "type": "Point", "coordinates": [ 139.084881, 36.359369 ] } },
{ "type": "Feature", "properties": { "ID": 1022100000131, "正式名称": "医療法人宮石内科医院", "機関区分": 2, "都道府県コード": 10, "市区町村コード": 201, "所在地": "群馬県前橋市上細井町１９５５ー１", "緯度": 36.418073, "経度": 139.0794, "url": "https://www.iryou.teikyouseido.mhlw.go.jp/znk-web/juminkanja/S2430/initialize?prefCd=10&kikanCd=2100000131&kikanKbn=2", "url2": "https://www.miyaishi-naika.jp", "内容": "医療法人宮石内科医院【2:診療所】【診療科目:内科_呼吸器内科_循環器内科_消化器内科_放射線科】群馬県前橋市上細井町１９５５ー１" }, "geometry": { "type": "Point", "coordinates": [ 139.0794, 36.418073 ] } },
{ "type": "Feature", "properties": { "ID": 1022100000133, "正式名称": "医療法人康倭会しらかわ診療所", "機関区分": 2, "都道府県コード": 10, "市区町村コード": 201, "所在地": "群馬県前橋市上細井町２０６８－１", "緯度": 36.413984, "経度": 139.078811, "url": "https://www.iryou.teikyouseido.mhlw.go.jp/znk-web/juminkanja/S2430/initialize?prefCd=10&kikanCd=2100000133&kikanKbn=2", "url2": "http://www.shirakawa-kouwakai.com", "内容": "医療法人康倭会しらかわ診療所【2:診療所】【診療科目:内科_消化器内科】群馬県前橋市上細井町２０６８－１" }, "geometry": { "type": "Point", "coordinates": [ 139.078811, 36.413984 ] } },
{ "type": "Feature", "properties": { "ID": 1022100000134, "正式名称": "城西クリニック", "機関区分": 2, "都道府県コード": 10, "市区町村コード": 201, "所在地": "群馬県前橋市国領町２ー１３ー２３", "緯度": 36.405943, "経度": 139.065038, "url": "https://www.iryou.teikyouseido.mhlw.go.jp/znk-web/juminkanja/S2430/initialize?prefCd=10&kikanCd=2100000134&kikanKbn=2", "url2": "https://kijokai.or.jp/josai-clinic/", "内容": "城西クリニック【2:診療所】【診療科目:泌尿器科_放射線診断科】群馬県前橋市国領町２ー１３ー２３" }, "geometry": { "type": "Point", "coordinates": [ 139.065038, 36.405943 ] } },
{ "type": "Feature", "properties": { "ID": 1022100000135, "正式名称": "医療法人　豊田内科医院", "機関区分": 2, "都道府県コード": 10, "市区町村コード": 201, "所在地": "群馬県前橋市上小出町１－３０－１", "緯度": 36.412159, "経度": 139.057266, "url": "https://www.iryou.teikyouseido.mhlw.go.jp/znk-web/juminkanja/S2430/initialize?prefCd=10&kikanCd=2100000135&kikanKbn=2", "url2": "http://www.mtoyoda-clinic.com/", "内容": "医療法人　豊田内科医院【2:診療所】【診療科目:内科_呼吸器内科_消化器内科_胃腸内科_肝臓内科_アレルギー疾患内科】群馬県前橋市上小出町１－３０－１" }, "geometry": { "type": "Point", "coordinates": [ 139.057266, 36.412159 ] } },
{ "type": "Feature", "properties": { "ID": 1022100000137, "正式名称": "竹澤小児科クリニック", "機関区分": 2, "都道府県コード": 10, "市区町村コード": 201, "所在地": "群馬県前橋市上小出町２ー３７ー１６", "緯度": 36.416678, "経度": 139.058897, "url": "https://www.iryou.teikyouseido.mhlw.go.jp/znk-web/juminkanja/S2430/initialize?prefCd=10&kikanCd=2100000137&kikanKbn=2", "url2": null, "内容": "竹澤小児科クリニック【2:診療所】【診療科目:小児科】群馬県前橋市上小出町２ー３７ー１６" }, "geometry": { "type": "Point", "coordinates": [ 139.058897, 36.416678 ] } },
{ "type": "Feature", "properties": { "ID": 1022100000138, "正式名称": "（医）斉藤内科泌尿器科医院　上小出クリニック", "機関区分": 2, "都道府県コード": 10, "市区町村コード": 201, "所在地": "群馬県前橋市上小出町２ー４２ー５", "緯度": 36.41747, "経度": 139.060243, "url": "https://www.iryou.teikyouseido.mhlw.go.jp/znk-web/juminkanja/S2430/initialize?prefCd=10&kikanCd=2100000138&kikanKbn=2", "url2": "http://www.saito-iin.com", "内容": "（医）斉藤内科泌尿器科医院　上小出クリニック【2:診療所】【診療科目:内科_泌尿器科】群馬県前橋市上小出町２ー４２ー５" }, "geometry": { "type": "Point", "coordinates": [ 139.060243, 36.41747 ] } },
{ "type": "Feature", "properties": { "ID": 1022100000140, "正式名称": "梶田医院", "機関区分": 2, "都道府県コード": 10, "市区町村コード": 201, "所在地": "群馬県前橋市上新田町２６３", "緯度": 36.365975, "経度": 139.061401, "url": "https://www.iryou.teikyouseido.mhlw.go.jp/znk-web/juminkanja/S2430/initialize?prefCd=10&kikanCd=2100000140&kikanKbn=2", "url2": null, "内容": "梶田医院【2:診療所】【診療科目:小児科】群馬県前橋市上新田町２６３" }, "geometry": { "type": "Point", "coordinates": [ 139.061401, 36.365975 ] } },
{ "type": "Feature", "properties": { "ID": 1022100000141, "正式名称": "医療法人馬場内科医院", "機関区分": 2, "都道府県コード": 10, "市区町村コード": 201, "所在地": "群馬県前橋市上泉町１０１ー１", "緯度": 36.392649, "経度": 139.102703, "url": "https://www.iryou.teikyouseido.mhlw.go.jp/znk-web/juminkanja/S2430/initialize?prefCd=10&kikanCd=2100000141&kikanKbn=2", "url2": null, "内容": "医療法人馬場内科医院【2:診療所】【診療科目:内科_循環器内科】群馬県前橋市上泉町１０１ー１" }, "geometry": { "type": "Point", "coordinates": [ 139.102703, 36.392649 ] } },
{ "type": "Feature", "properties": { "ID": 1022100000142, "正式名称": "医療法人社団上泉内科", "機関区分": 2, "都道府県コード": 10, "市区町村コード": 201, "所在地": "群馬県前橋市上泉町１４７７ー７", "緯度": 36.39906, "経度": 139.115243, "url": "https://www.iryou.teikyouseido.mhlw.go.jp/znk-web/juminkanja/S2430/initialize?prefCd=10&kikanCd=2100000142&kikanKbn=2", "url2": null, "内容": "医療法人社団上泉内科【2:診療所】【診療科目:内科_胃腸内科_小児科】群馬県前橋市上泉町１４７７ー７" }, "geometry": { "type": "Point", "coordinates": [ 139.115243, 36.39906 ] } },
{ "type": "Feature", "properties": { "ID": 1022100000146, "正式名称": "駒形メンタルクリニック", "機関区分": 2, "都道府県コード": 10, "市区町村コード": 201, "所在地": "群馬県前橋市上増田町４２２ー１", "緯度": 36.355755, "経度": 139.146839, "url": "https://www.iryou.teikyouseido.mhlw.go.jp/znk-web/juminkanja/S2430/initialize?prefCd=10&kikanCd=2100000146&kikanKbn=2", "url2": "https://komakuri.sakura.ne.jp", "内容": "駒形メンタルクリニック【2:診療所】【診療科目:精神科_心療内科】群馬県前橋市上増田町４２２ー１" }, "geometry": { "type": "Point", "coordinates": [ 139.146839, 36.355755 ] } },
{ "type": "Feature", "properties": { "ID": 1022100000147, "正式名称": "医療法人一通会　もてぎ内科医院", "機関区分": 2, "都道府県コード": 10, "市区町村コード": 201, "所在地": "群馬県前橋市上増田町５１０", "緯度": 36.353285, "経度": 139.146821, "url": "https://www.iryou.teikyouseido.mhlw.go.jp/znk-web/juminkanja/S2430/initialize?prefCd=10&kikanCd=2100000147&kikanKbn=2", "url2": null, "内容": "医療法人一通会　もてぎ内科医院【2:診療所】【診療科目:内科_呼吸器内科_循環器内科_消化器内科】群馬県前橋市上増田町５１０" }, "geometry": { "type": "Point", "coordinates": [ 139.146821, 36.353285 ] } },
{ "type": "Feature", "properties": { "ID": 1022100000149, "正式名称": "医療法人しのはら小児科", "機関区分": 2, "都道府県コード": 10, "市区町村コード": 201, "所在地": "群馬県前橋市上大島町８７３ー１", "緯度": 36.367869, "経度": 139.121774, "url": "https://www.iryou.teikyouseido.mhlw.go.jp/znk-web/juminkanja/S2430/initialize?prefCd=10&kikanCd=2100000149&kikanKbn=2", "url2": "http://www.shinohara-ped.com", "内容": "医療法人しのはら小児科【2:診療所】【診療科目:小児科】群馬県前橋市上大島町８７３ー１" }, "geometry": { "type": "Point", "coordinates": [ 139.121774, 36.367869 ] } },
{ "type": "Feature", "properties": { "ID": 1022100000150, "正式名称": "かめい眼科", "機関区分": 2, "都道府県コード": 10, "市区町村コード": 201, "所在地": "群馬県前橋市城東町１ー３１ー９", "緯度": 36.394867, "経度": 139.078182, "url": "https://www.iryou.teikyouseido.mhlw.go.jp/znk-web/juminkanja/S2430/initialize?prefCd=10&kikanCd=2100000150&kikanKbn=2", "url2": null, "内容": "かめい眼科【2:診療所】【診療科目:眼科】群馬県前橋市城東町１ー３１ー９" }, "geometry": { "type": "Point", "coordinates": [ 139.078182, 36.394867 ] } },
{ "type": "Feature", "properties": { "ID": 1022100000152, "正式名称": "医療法人二重丸会うぶかた循環器クリニック", "機関区分": 2, "都道府県コード": 10, "市区町村コード": 201, "所在地": "群馬県前橋市城東町２ー１０ー４", "緯度": 36.393257, "経度": 139.075095, "url": "https://www.iryou.teikyouseido.mhlw.go.jp/znk-web/juminkanja/S2430/initialize?prefCd=10&kikanCd=2100000152&kikanKbn=2", "url2": "http://ubukata-heart-clinic.com/", "内容": "医療法人二重丸会うぶかた循環器クリニック【2:診療所】【診療科目:内科_循環器内科】群馬県前橋市城東町２ー１０ー４" }, "geometry": { "type": "Point", "coordinates": [ 139.075095, 36.393257 ] } },
{ "type": "Feature", "properties": { "ID": 1022100000153, "正式名称": "群馬中央医療生活協同組合　前橋協立診療所", "機関区分": 2, "都道府県コード": 10, "市区町村コード": 201, "所在地": "群馬県前橋市城東町３ー１５ー２８", "緯度": 36.392218, "経度": 139.078551, "url": "https://www.iryou.teikyouseido.mhlw.go.jp/znk-web/juminkanja/S2430/initialize?prefCd=10&kikanCd=2100000153&kikanKbn=2", "url2": "http://www.kyouritsu.org/", "内容": "群馬中央医療生活協同組合　前橋協立診療所【2:診療所】【診療科目:内科】群馬県前橋市城東町３ー１５ー２８" }, "geometry": { "type": "Point", "coordinates": [ 139.078551, 36.392218 ] } },
{ "type": "Feature", "properties": { "ID": 1022100000154, "正式名称": "医療法人五十嵐皮膚科医院", "機関区分": 2, "都道府県コード": 10, "市区町村コード": 201, "所在地": "群馬県前橋市城東町３－１０－２", "緯度": 36.392111, "経度": 139.075593, "url": "https://www.iryou.teikyouseido.mhlw.go.jp/znk-web/juminkanja/S2430/initialize?prefCd=10&kikanCd=2100000154&kikanKbn=2", "url2": "http://www.igarashi-hifu.jp", "内容": "医療法人五十嵐皮膚科医院【2:診療所】【診療科目:皮膚科】群馬県前橋市城東町３－１０－２" }, "geometry": { "type": "Point", "coordinates": [ 139.075593, 36.392111 ] } },
{ "type": "Feature", "properties": { "ID": 1022100000155, "正式名称": "医療法人山下医院", "機関区分": 2, "都道府県コード": 10, "市区町村コード": 201, "所在地": "群馬県前橋市城東町４ー１１ー１７", "緯度": 36.389521, "経度": 139.077998, "url": "https://www.iryou.teikyouseido.mhlw.go.jp/znk-web/juminkanja/S2430/initialize?prefCd=10&kikanCd=2100000155&kikanKbn=2", "url2": "http://www.myclinic.ne.jp/yamashitaiin/", "内容": "医療法人山下医院【2:診療所】【診療科目:内科_消化器内科_外科】群馬県前橋市城東町４ー１１ー１７" }, "geometry": { "type": "Point", "coordinates": [ 139.077998, 36.389521 ] } },
{ "type": "Feature", "properties": { "ID": 1022100000156, "正式名称": "安立医院", "機関区分": 2, "都道府県コード": 10, "市区町村コード": 201, "所在地": "群馬県前橋市城東町４丁目６ー７", "緯度": 36.390695, "経度": 139.076954, "url": "https://www.iryou.teikyouseido.mhlw.go.jp/znk-web/juminkanja/S2430/initialize?prefCd=10&kikanCd=2100000156&kikanKbn=2", "url2": null, "内容": "安立医院【2:診療所】【診療科目:精神科】群馬県前橋市城東町４丁目６ー７" }, "geometry": { "type": "Point", "coordinates": [ 139.076954, 36.390695 ] } },
{ "type": "Feature", "properties": { "ID": 1022100000157, "正式名称": "医療法人赤沢耳鼻咽喉科医院", "機関区分": 2, "都道府県コード": 10, "市区町村コード": 201, "所在地": "群馬県前橋市城東町５－８－４", "緯度": 36.393182, "経度": 139.081951, "url": "https://www.iryou.teikyouseido.mhlw.go.jp/znk-web/juminkanja/S2430/initialize?prefCd=10&kikanCd=2100000157&kikanKbn=2", "url2": null, "内容": "医療法人赤沢耳鼻咽喉科医院【2:診療所】【診療科目:耳鼻いんこう科】群馬県前橋市城東町５－８－４" }, "geometry": { "type": "Point", "coordinates": [ 139.081951, 36.393182 ] } },
{ "type": "Feature", "properties": { "ID": 1022100000158, "正式名称": "髙野医院", "機関区分": 2, "都道府県コード": 10, "市区町村コード": 201, "所在地": "群馬県前橋市新前橋町１１－１１", "緯度": 36.381056, "経度": 139.050318, "url": "https://www.iryou.teikyouseido.mhlw.go.jp/znk-web/juminkanja/S2430/initialize?prefCd=10&kikanCd=2100000158&kikanKbn=2", "url2": null, "内容": "髙野医院【2:診療所】【診療科目:精神科_心療内科】群馬県前橋市新前橋町１１－１１" }, "geometry": { "type": "Point", "coordinates": [ 139.050318, 36.381056 ] } },
{ "type": "Feature", "properties": { "ID": 1022100000160, "正式名称": "中野医院", "機関区分": 2, "都道府県コード": 10, "市区町村コード": 201, "所在地": "群馬県前橋市新前橋町", "緯度": 36.382405, "経度": 139.052168, "url": "https://www.iryou.teikyouseido.mhlw.go.jp/znk-web/juminkanja/S2430/initialize?prefCd=10&kikanCd=2100000160&kikanKbn=2", "url2": "http://med.wind.ne.jp/nakano-clinic/", "内容": "中野医院【2:診療所】【診療科目:内科_呼吸器内科_胃腸内科】群馬県前橋市新前橋町" }, "geometry": { "type": "Point", "coordinates": [ 139.052168, 36.382405 ] } },
{ "type": "Feature", "properties": { "ID": 1022100000161, "正式名称": "医療法人木暮医院", "機関区分": 2, "都道府県コード": 10, "市区町村コード": 201, "所在地": "群馬県前橋市清野町１０４－１", "緯度": 36.420312, "経度": 139.004168, "url": "https://www.iryou.teikyouseido.mhlw.go.jp/znk-web/juminkanja/S2430/initialize?prefCd=10&kikanCd=2100000161&kikanKbn=2", "url2": "https://kogure-iin.info/", "内容": "医療法人木暮医院【2:診療所】【診療科目:内科_循環器内科】群馬県前橋市清野町１０４－１" }, "geometry": { "type": "Point", "coordinates": [ 139.004168, 36.420312 ] } },
{ "type": "Feature", "properties": { "ID": 1022100000163, "正式名称": "星医院", "機関区分": 2, "都道府県コード": 10, "市区町村コード": 201, "所在地": "群馬県前橋市西善町２０４番地１", "緯度": 36.343508, "経度": 139.119507, "url": "https://www.iryou.teikyouseido.mhlw.go.jp/znk-web/juminkanja/S2430/initialize?prefCd=10&kikanCd=2100000163&kikanKbn=2", "url2": "https://hoshiiin.com/", "内容": "星医院【2:診療所】【診療科目:内科_血液内科_糖尿病内科_肝臓内科_外科_肛門外科_泌尿器科】群馬県前橋市西善町２０４番地１" }, "geometry": { "type": "Point", "coordinates": [ 139.119507, 36.343508 ] } },
{ "type": "Feature", "properties": { "ID": 1022100000165, "正式名称": "医療法人　山本整形外科医院", "機関区分": 2, "都道府県コード": 10, "市区町村コード": 201, "所在地": "群馬県前橋市西片貝町１ー２００", "緯度": 36.395131, "経度": 139.099101, "url": "https://www.iryou.teikyouseido.mhlw.go.jp/znk-web/juminkanja/S2430/initialize?prefCd=10&kikanCd=2100000165&kikanKbn=2", "url2": null, "内容": "医療法人　山本整形外科医院【2:診療所】【診療科目:整形外科_リウマチ科_リハビリテーション科】群馬県前橋市西片貝町１ー２００" }, "geometry": { "type": "Point", "coordinates": [ 139.099101, 36.395131 ] } },
{ "type": "Feature", "properties": { "ID": 1022100000166, "正式名称": "川島クリニック", "機関区分": 2, "都道府県コード": 10, "市区町村コード": 201, "所在地": "群馬県前橋市西片貝町", "緯度": 36.394443, "経度": 139.097595, "url": "https://www.iryou.teikyouseido.mhlw.go.jp/znk-web/juminkanja/S2430/initialize?prefCd=10&kikanCd=2100000166&kikanKbn=2", "url2": null, "内容": "川島クリニック【2:診療所】【診療科目:耳鼻いんこう科】群馬県前橋市西片貝町" }, "geometry": { "type": "Point", "coordinates": [ 139.097595, 36.394443 ] } },
{ "type": "Feature", "properties": { "ID": 1022100000168, "正式名称": "医療法人朱音会内田外科医院", "機関区分": 2, "都道府県コード": 10, "市区町村コード": 201, "所在地": "群馬県前橋市西片貝町２丁目２８５番地", "緯度": 36.391482, "経度": 139.094188, "url": "https://www.iryou.teikyouseido.mhlw.go.jp/znk-web/juminkanja/S2430/initialize?prefCd=10&kikanCd=2100000168&kikanKbn=2", "url2": null, "内容": "医療法人朱音会内田外科医院【2:診療所】【診療科目:消化器内科_胃腸内科_外科_消化器外科_胃腸外科】群馬県前橋市西片貝町２丁目２８５番地" }, "geometry": { "type": "Point", "coordinates": [ 139.094188, 36.391482 ] } },
{ "type": "Feature", "properties": { "ID": 1022100000169, "正式名称": "医療法人桐の葉会深沢整形外科", "機関区分": 2, "都道府県コード": 10, "市区町村コード": 201, "所在地": "群馬県前橋市西片貝町３ー１２４ー２", "緯度": 36.386192, "経度": 139.098095, "url": "https://www.iryou.teikyouseido.mhlw.go.jp/znk-web/juminkanja/S2430/initialize?prefCd=10&kikanCd=2100000169&kikanKbn=2", "url2": "https://kirinoha.com/88/", "内容": "医療法人桐の葉会深沢整形外科【2:診療所】【診療科目:整形外科_リウマチ科_リハビリテーション科】群馬県前橋市西片貝町３ー１２４ー２" }, "geometry": { "type": "Point", "coordinates": [ 139.098095, 36.386192 ] } },
{ "type": "Feature", "properties": { "ID": 1022100000170, "正式名称": "結城眼科医院", "機関区分": 2, "都道府県コード": 10, "市区町村コード": 201, "所在地": "群馬県前橋市西片貝町３丁目２８６ー１", "緯度": 36.387046, "経度": 139.099093, "url": "https://www.iryou.teikyouseido.mhlw.go.jp/znk-web/juminkanja/S2430/initialize?prefCd=10&kikanCd=2100000170&kikanKbn=2", "url2": null, "内容": "結城眼科医院【2:診療所】【診療科目:眼科】群馬県前橋市西片貝町３丁目２８６ー１" }, "geometry": { "type": "Point", "coordinates": [ 139.099093, 36.387046 ] } },
{ "type": "Feature", "properties": { "ID": 1022100000171, "正式名称": "医療法人相生会　若松記念西片貝クリニック", "機関区分": 2, "都道府県コード": 10, "市区町村コード": 201, "所在地": "群馬県前橋市西片貝町３－２９２", "緯度": 36.385639, "経度": 139.09887, "url": "https://www.iryou.teikyouseido.mhlw.go.jp/znk-web/juminkanja/S2430/initialize?prefCd=10&kikanCd=2100000171&kikanKbn=2", "url2": "https://www.nkc.gr.jp", "内容": "医療法人相生会　若松記念西片貝クリニック【2:診療所】【診療科目:内科_循環器内科_腎臓内科_リウマチ科】群馬県前橋市西片貝町３－２９２" }, "geometry": { "type": "Point", "coordinates": [ 139.09887, 36.385639 ] } },
{ "type": "Feature", "properties": { "ID": 1022100000172, "正式名称": "医療法人健優会　マンモプラス竹尾クリニック", "機関区分": 2, "都道府県コード": 10, "市区町村コード": 201, "所在地": "群馬県前橋市西片貝町３ー３７９ー１", "緯度": 36.387446, "経度": 139.101362, "url": "https://www.iryou.teikyouseido.mhlw.go.jp/znk-web/juminkanja/S2430/initialize?prefCd=10&kikanCd=2100000172&kikanKbn=2", "url2": "http://www.takeoclinic.jp/", "内容": "医療法人健優会　マンモプラス竹尾クリニック【2:診療所】【診療科目:内科_外科_乳腺外科】群馬県前橋市西片貝町３ー３７９ー１" }, "geometry": { "type": "Point", "coordinates": [ 139.101362, 36.387446 ] } },
{ "type": "Feature", "properties": { "ID": 1022100000173, "正式名称": "医療法人　Ｆａｓｃｉａ　研究会　木村ペインクリニック", "機関区分": 2, "都道府県コード": 10, "市区町村コード": 201, "所在地": "群馬県前橋市西片貝町３－３７９－１", "緯度": 36.387501, "経度": 139.101785, "url": "https://www.iryou.teikyouseido.mhlw.go.jp/znk-web/juminkanja/S2430/initialize?prefCd=10&kikanCd=2100000173&kikanKbn=2", "url2": "http://www.kimura-painclinic.com/", "内容": "医療法人　Ｆａｓｃｉａ　研究会　木村ペインクリニック【2:診療所】【診療科目:美容外科_麻酔科】群馬県前橋市西片貝町３－３７９－１" }, "geometry": { "type": "Point", "coordinates": [ 139.101785, 36.387501 ] } },
{ "type": "Feature", "properties": { "ID": 1022100000174, "正式名称": "前橋桃の瀬クリニック", "機関区分": 2, "都道府県コード": 10, "市区町村コード": 201, "所在地": "群馬県前橋市西片貝町３ー４５ー１", "緯度": 36.387804, "経度": 139.096248, "url": "https://www.iryou.teikyouseido.mhlw.go.jp/znk-web/juminkanja/S2430/initialize?prefCd=10&kikanCd=2100000174&kikanKbn=2", "url2": "https://momonose-clinic.com/", "内容": "前橋桃の瀬クリニック【2:診療所】【診療科目:精神科_心療内科】群馬県前橋市西片貝町３ー４５ー１" }, "geometry": { "type": "Point", "coordinates": [ 139.096248, 36.387804 ] } },
{ "type": "Feature", "properties": { "ID": 1022100000175, "正式名称": "医療法人秀心会わかまつ循環器内科糖尿病内科クリニック", "機関区分": 2, "都道府県コード": 10, "市区町村コード": 201, "所在地": "群馬県前橋市西片貝町５ー１９ー２０", "緯度": 36.388938, "経度": 139.088275, "url": "https://www.iryou.teikyouseido.mhlw.go.jp/znk-web/juminkanja/S2430/initialize?prefCd=10&kikanCd=2100000175&kikanKbn=2", "url2": "https://wakamatsu-cl.or.jp", "内容": "医療法人秀心会わかまつ循環器内科糖尿病内科クリニック【2:診療所】【診療科目:内科_糖尿病内科_呼吸器内科_循環器内科】群馬県前橋市西片貝町５ー１９ー２０" }, "geometry": { "type": "Point", "coordinates": [ 139.088275, 36.388938 ] } },
{ "type": "Feature", "properties": { "ID": 1022100000177, "正式名称": "ひまわり眼科", "機関区分": 2, "都道府県コード": 10, "市区町村コード": 201, "所在地": "群馬県前橋市青柳町１８３ー８", "緯度": 36.416181, "経度": 139.06804, "url": "https://www.iryou.teikyouseido.mhlw.go.jp/znk-web/juminkanja/S2430/initialize?prefCd=10&kikanCd=2100000177&kikanKbn=2", "url2": "https://itp.ne.jp/info/104379319000000899/", "内容": "ひまわり眼科【2:診療所】【診療科目:眼科】群馬県前橋市青柳町１８３ー８" }, "geometry": { "type": "Point", "coordinates": [ 139.06804, 36.416181 ] } },
{ "type": "Feature", "properties": { "ID": 1022100000178, "正式名称": "小原沢耳鼻咽喉科医院", "機関区分": 2, "都道府県コード": 10, "市区町村コード": 201, "所在地": "群馬県前橋市青柳町３６２", "緯度": 36.422963, "経度": 139.061732, "url": "https://www.iryou.teikyouseido.mhlw.go.jp/znk-web/juminkanja/S2430/initialize?prefCd=10&kikanCd=2100000178&kikanKbn=2", "url2": null, "内容": "小原沢耳鼻咽喉科医院【2:診療所】【診療科目:耳鼻いんこう科】群馬県前橋市青柳町３６２" }, "geometry": { "type": "Point", "coordinates": [ 139.061732, 36.422963 ] } },
{ "type": "Feature", "properties": { "ID": 1022100000179, "正式名称": "医療法人嵯峨小児科医院", "機関区分": 2, "都道府県コード": 10, "市区町村コード": 201, "所在地": "群馬県前橋市青柳町４９４", "緯度": 36.421277, "経度": 139.067287, "url": "https://www.iryou.teikyouseido.mhlw.go.jp/znk-web/juminkanja/S2430/initialize?prefCd=10&kikanCd=2100000179&kikanKbn=2", "url2": "http://www.saga-shounika.com/", "内容": "医療法人嵯峨小児科医院【2:診療所】【診療科目:小児科_アレルギー科】群馬県前橋市青柳町４９４" }, "geometry": { "type": "Point", "coordinates": [ 139.067287, 36.421277 ] } },
{ "type": "Feature", "properties": { "ID": 1022100000180, "正式名称": "医療法人さるきクリニック", "機関区分": 2, "都道府県コード": 10, "市区町村コード": 201, "所在地": "群馬県前橋市青梨子町", "緯度": 36.414933, "経度": 139.022369, "url": "https://www.iryou.teikyouseido.mhlw.go.jp/znk-web/juminkanja/S2430/initialize?prefCd=10&kikanCd=2100000180&kikanKbn=2", "url2": "http://www.saruki.com/", "内容": "医療法人さるきクリニック【2:診療所】【診療科目:内科_人工透析内科_小児泌尿器科_泌尿器科_男性泌尿器科_神経泌尿器科_腎臓・泌尿器科】群馬県前橋市青梨子町" }, "geometry": { "type": "Point", "coordinates": [ 139.022369, 36.414933 ] } },
{ "type": "Feature", "properties": { "ID": 1022100000181, "正式名称": "医療法人菊池内科クリニック", "機関区分": 2, "都道府県コード": 10, "市区町村コード": 201, "所在地": "群馬県前橋市青梨子町８１１ー４", "緯度": 36.418059, "経度": 139.006816, "url": "https://www.iryou.teikyouseido.mhlw.go.jp/znk-web/juminkanja/S2430/initialize?prefCd=10&kikanCd=2100000181&kikanKbn=2", "url2": "http://www.kikuchinaikaclinic.com/", "内容": "医療法人菊池内科クリニック【2:診療所】【診療科目:内科_糖尿病・内分泌内科】群馬県前橋市青梨子町８１１ー４" }, "geometry": { "type": "Point", "coordinates": [ 139.006816, 36.418059 ] } },
{ "type": "Feature", "properties": { "ID": 1022100000183, "正式名称": "医療法人神岡産婦人科医院　ヒルズレディースクリニック", "機関区分": 2, "都道府県コード": 10, "市区町村コード": 201, "所在地": "群馬県前橋市総社町総社３６０７", "緯度": 36.392933, "経度": 139.036946, "url": "https://www.iryou.teikyouseido.mhlw.go.jp/znk-web/juminkanja/S2430/initialize?prefCd=10&kikanCd=2100000183&kikanKbn=2", "url2": "https://www.kamioka.or.jp/", "内容": "医療法人神岡産婦人科医院　ヒルズレディースクリニック【2:診療所】【診療科目:産婦人科_麻酔科】群馬県前橋市総社町総社３６０７" }, "geometry": { "type": "Point", "coordinates": [ 139.036946, 36.392933 ] } },
{ "type": "Feature", "properties": { "ID": 1022100000184, "正式名称": "医療法人神岡産婦人科医院おうみこどもクリニック", "機関区分": 2, "都道府県コード": 10, "市区町村コード": 201, "所在地": "群馬県前橋市総社町総社３６０１－１４", "緯度": 36.392848, "経度": 139.037873, "url": "https://www.iryou.teikyouseido.mhlw.go.jp/znk-web/juminkanja/S2430/initialize?prefCd=10&kikanCd=2100000184&kikanKbn=2", "url2": "https://www.kodomoclinic.jp/", "内容": "医療法人神岡産婦人科医院おうみこどもクリニック【2:診療所】【診療科目:小児科_小児科（予防接種）、小児科（乳児検診）】群馬県前橋市総社町総社３６０１－１４" }, "geometry": { "type": "Point", "coordinates": [ 139.037873, 36.392848 ] } },
{ "type": "Feature", "properties": { "ID": 1022100000186, "正式名称": "医療法人田中醫院", "機関区分": 2, "都道府県コード": 10, "市区町村コード": 201, "所在地": "群馬県前橋市千代田町１丁目５番５号", "緯度": 36.39316, "経度": 139.066183, "url": "https://www.iryou.teikyouseido.mhlw.go.jp/znk-web/juminkanja/S2430/initialize?prefCd=10&kikanCd=2100000186&kikanKbn=2", "url2": null, "内容": "医療法人田中醫院【2:診療所】【診療科目:内科】群馬県前橋市千代田町１丁目５番５号" }, "geometry": { "type": "Point", "coordinates": [ 139.066183, 36.39316 ] } },
{ "type": "Feature", "properties": { "ID": 1022100000187, "正式名称": "羽生田眼科医院", "機関区分": 2, "都道府県コード": 10, "市区町村コード": 201, "所在地": "群馬県前橋市本町２ー１９ー１", "緯度": 36.39271, "経度": 139.069907, "url": "https://www.iryou.teikyouseido.mhlw.go.jp/znk-web/juminkanja/S2430/initialize?prefCd=10&kikanCd=2100000187&kikanKbn=2", "url2": "https://hanyuda-ganka.com/", "内容": "羽生田眼科医院【2:診療所】【診療科目:眼科】群馬県前橋市本町２ー１９ー１" }, "geometry": { "type": "Point", "coordinates": [ 139.069907, 36.39271 ] } },
{ "type": "Feature", "properties": { "ID": 1022100000190, "正式名称": "医療法人社団三矢会前橋広瀬川クリニック", "機関区分": 2, "都道府県コード": 10, "市区町村コード": 201, "所在地": "群馬県前橋市千代田町二丁目１０－９", "緯度": 36.392968, "経度": 139.070038, "url": "https://www.iryou.teikyouseido.mhlw.go.jp/znk-web/juminkanja/S2430/initialize?prefCd=10&kikanCd=2100000190&kikanKbn=2", "url2": "http://hirosegawa.or.jp/", "内容": "医療法人社団三矢会前橋広瀬川クリニック【2:診療所】【診療科目:内科_糖尿病内科_循環器内科_消化器内科_腎臓内科_リウマチ科】群馬県前橋市千代田町二丁目１０－９" }, "geometry": { "type": "Point", "coordinates": [ 139.070038, 36.392968 ] } },
{ "type": "Feature", "properties": { "ID": 1022100000191, "正式名称": "小泉整形外科医院", "機関区分": 2, "都道府県コード": 10, "市区町村コード": 201, "所在地": "群馬県前橋市千代田町４ー２ー２", "緯度": 36.391015, "経度": 139.070452, "url": "https://www.iryou.teikyouseido.mhlw.go.jp/znk-web/juminkanja/S2430/initialize?prefCd=10&kikanCd=2100000191&kikanKbn=2", "url2": null, "内容": "小泉整形外科医院【2:診療所】【診療科目:整形外科】群馬県前橋市千代田町４ー２ー２" }, "geometry": { "type": "Point", "coordinates": [ 139.070452, 36.391015 ] } },
{ "type": "Feature", "properties": { "ID": 1022100000194, "正式名称": "医療法人エイト　八代医院", "機関区分": 2, "都道府県コード": 10, "市区町村コード": 201, "所在地": "群馬県前橋市川曲町２５－４", "緯度": 36.354017, "経度": 139.046758, "url": "https://www.iryou.teikyouseido.mhlw.go.jp/znk-web/juminkanja/S2430/initialize?prefCd=10&kikanCd=2100000194&kikanKbn=2", "url2": null, "内容": "医療法人エイト　八代医院【2:診療所】【診療科目:内科_精神科_神経科】群馬県前橋市川曲町２５－４" }, "geometry": { "type": "Point", "coordinates": [ 139.046758, 36.354017 ] } },
{ "type": "Feature", "properties": { "ID": 1022100000196, "正式名称": "リハビリ整形外科みなみクリニック", "機関区分": 2, "都道府県コード": 10, "市区町村コード": 201, "所在地": "群馬県前橋市川原町１－４９－２", "緯度": 36.424143, "経度": 139.047122, "url": "https://www.iryou.teikyouseido.mhlw.go.jp/znk-web/juminkanja/S2430/initialize?prefCd=10&kikanCd=2100000196&kikanKbn=2", "url2": "http://minamiclinic.jp", "内容": "リハビリ整形外科みなみクリニック【2:診療所】【診療科目:整形外科_リウマチ科_リハビリテーション科】群馬県前橋市川原町１－４９－２" }, "geometry": { "type": "Point", "coordinates": [ 139.047122, 36.424143 ] } },
{ "type": "Feature", "properties": { "ID": 1022100000197, "正式名称": "医療法人社団三矢会上毛大橋クリニック", "機関区分": 2, "都道府県コード": 10, "市区町村コード": 201, "所在地": "群馬県前橋市川原町１丁目４９番６", "緯度": 36.424143, "経度": 139.047122, "url": "https://www.iryou.teikyouseido.mhlw.go.jp/znk-web/juminkanja/S2430/initialize?prefCd=10&kikanCd=2100000197&kikanKbn=2", "url2": "http://www.joumou-ohashi.com/", "内容": "医療法人社団三矢会上毛大橋クリニック【2:診療所】【診療科目:内科_糖尿病内科_循環器内科_消化器内科_腎臓内科_皮膚科_リウマチ科_リハビリテーション科】群馬県前橋市川原町１丁目４９番６" }, "geometry": { "type": "Point", "coordinates": [ 139.047122, 36.424143 ] } },
{ "type": "Feature", "properties": { "ID": 1022100000198, "正式名称": "医療法人社団　慶宏会　八木医院", "機関区分": 2, "都道府県コード": 10, "市区町村コード": 201, "所在地": "群馬県前橋市前箱田町１５－１　１階", "緯度": 36.36474, "経度": 139.05021, "url": "https://www.iryou.teikyouseido.mhlw.go.jp/znk-web/juminkanja/S2430/initialize?prefCd=10&kikanCd=2100000198&kikanKbn=2", "url2": "http://yagi-clinic.co.jp", "内容": "医療法人社団　慶宏会　八木医院【2:診療所】【診療科目:内科_胃腸内科】群馬県前橋市前箱田町１５－１　１階" }, "geometry": { "type": "Point", "coordinates": [ 139.05021, 36.36474 ] } },
{ "type": "Feature", "properties": { "ID": 1022100000200, "正式名称": "医療法人掛川医院", "機関区分": 2, "都道府県コード": 10, "市区町村コード": 201, "所在地": "群馬県前橋市総社町２ー４ー８", "緯度": 36.404032, "経度": 139.046662, "url": "https://www.iryou.teikyouseido.mhlw.go.jp/znk-web/juminkanja/S2430/initialize?prefCd=10&kikanCd=2100000200&kikanKbn=2", "url2": null, "内容": "医療法人掛川医院【2:診療所】【診療科目:消化器内科_外科】群馬県前橋市総社町２ー４ー８" }, "geometry": { "type": "Point", "coordinates": [ 139.046662, 36.404032 ] } },
{ "type": "Feature", "properties": { "ID": 1022100000201, "正式名称": "医療法人戸所小児科医院", "機関区分": 2, "都道府県コード": 10, "市区町村コード": 201, "所在地": "群馬県前橋市総社町１－１－１３", "緯度": 36.401929, "経度": 139.048223, "url": "https://www.iryou.teikyouseido.mhlw.go.jp/znk-web/juminkanja/S2430/initialize?prefCd=10&kikanCd=2100000201&kikanKbn=2", "url2": "http://www.ceres.dti.ne.jp/mtodo/index.html", "内容": "医療法人戸所小児科医院【2:診療所】【診療科目:小児科_アレルギー科】群馬県前橋市総社町１－１－１３" }, "geometry": { "type": "Point", "coordinates": [ 139.048223, 36.401929 ] } },
{ "type": "Feature", "properties": { "ID": 1022100000202, "正式名称": "医療法人総社町内科深沢医院", "機関区分": 2, "都道府県コード": 10, "市区町村コード": 201, "所在地": "群馬県前橋市総社町三丁目２番５号", "緯度": 36.404601, "経度": 139.041304, "url": "https://www.iryou.teikyouseido.mhlw.go.jp/znk-web/juminkanja/S2430/initialize?prefCd=10&kikanCd=2100000202&kikanKbn=2", "url2": null, "内容": "医療法人総社町内科深沢医院【2:診療所】【診療科目:内科_心臓血管内科_胃腸内科_皮膚科】群馬県前橋市総社町三丁目２番５号" }, "geometry": { "type": "Point", "coordinates": [ 139.041304, 36.404601 ] } },
{ "type": "Feature", "properties": { "ID": 1022100000203, "正式名称": "医療法人社団曜三会園田整形外科医院", "機関区分": 2, "都道府県コード": 10, "市区町村コード": 201, "所在地": "群馬県前橋市総社町高井１３３番地１", "緯度": 36.416116, "経度": 139.023186, "url": "https://www.iryou.teikyouseido.mhlw.go.jp/znk-web/juminkanja/S2430/initialize?prefCd=10&kikanCd=2100000203&kikanKbn=2", "url2": "http://park23.wakwak.com/~sonoda-hiroshi/", "内容": "医療法人社団曜三会園田整形外科医院【2:診療所】【診療科目:整形外科】群馬県前橋市総社町高井１３３番地１" }, "geometry": { "type": "Point", "coordinates": [ 139.023186, 36.416116 ] } },
{ "type": "Feature", "properties": { "ID": 1022100000204, "正式名称": "医療法人幸仁会すがの内科医院", "機関区分": 2, "都道府県コード": 10, "市区町村コード": 201, "所在地": "群馬県前橋市総社町植野３２８－５", "緯度": 36.411953, "経度": 139.035635, "url": "https://www.iryou.teikyouseido.mhlw.go.jp/znk-web/juminkanja/S2430/initialize?prefCd=10&kikanCd=2100000204&kikanKbn=2", "url2": "https://www.sugano-naika.jp", "内容": "医療法人幸仁会すがの内科医院【2:診療所】【診療科目:内科_脳神経内科_循環器内科_消化器内科】群馬県前橋市総社町植野３２８－５" }, "geometry": { "type": "Point", "coordinates": [ 139.035635, 36.411953 ] } },
{ "type": "Feature", "properties": { "ID": 1022100000205, "正式名称": "とくい眼科", "機関区分": 2, "都道府県コード": 10, "市区町村コード": 201, "所在地": "群馬県前橋市総社町総社１１８２－４", "緯度": 36.408462, "経度": 139.045051, "url": "https://www.iryou.teikyouseido.mhlw.go.jp/znk-web/juminkanja/S2430/initialize?prefCd=10&kikanCd=2100000205&kikanKbn=2", "url2": "http://www7b.biglobe.ne.jp/~tokui_ganka/", "内容": "とくい眼科【2:診療所】【診療科目:眼科】群馬県前橋市総社町総社１１８２－４" }, "geometry": { "type": "Point", "coordinates": [ 139.045051, 36.408462 ] } },
{ "type": "Feature", "properties": { "ID": 1022100000207, "正式名称": "こなか医院", "機関区分": 2, "都道府県コード": 10, "市区町村コード": 201, "所在地": "群馬県前橋市総社町総社２６２８番地", "緯度": 36.395694, "経度": 139.032897, "url": "https://www.iryou.teikyouseido.mhlw.go.jp/znk-web/juminkanja/S2430/initialize?prefCd=10&kikanCd=2100000207&kikanKbn=2", "url2": null, "内容": "こなか医院【2:診療所】【診療科目:内科】群馬県前橋市総社町総社２６２８番地" }, "geometry": { "type": "Point", "coordinates": [ 139.032897, 36.395694 ] } },
{ "type": "Feature", "properties": { "ID": 1022100000208, "正式名称": "医療法人清山会牧耳鼻咽喉科医院", "機関区分": 2, "都道府県コード": 10, "市区町村コード": 201, "所在地": "群馬県前橋市総社町総社", "緯度": 36.398927, "経度": 139.036768, "url": "https://www.iryou.teikyouseido.mhlw.go.jp/znk-web/juminkanja/S2430/initialize?prefCd=10&kikanCd=2100000208&kikanKbn=2", "url2": null, "内容": "医療法人清山会牧耳鼻咽喉科医院【2:診療所】【診療科目:耳鼻いんこう科】群馬県前橋市総社町総社" }, "geometry": { "type": "Point", "coordinates": [ 139.036768, 36.398927 ] } },
{ "type": "Feature", "properties": { "ID": 1022100000212, "正式名称": "医療法人社団松寿会　松山医院", "機関区分": 2, "都道府県コード": 10, "市区町村コード": 201, "所在地": "群馬県前橋市本町１丁目１ー３ＡＭＤビル１階", "緯度": 36.391259, "経度": 139.067044, "url": "https://www.iryou.teikyouseido.mhlw.go.jp/znk-web/juminkanja/S2430/initialize?prefCd=10&kikanCd=2100000212&kikanKbn=2", "url2": "https://www.matsuyamaiin.jp/", "内容": "医療法人社団松寿会　松山医院【2:診療所】【診療科目:内科_糖尿病内科_循環器内科_腎臓内科_小児科_皮膚科_美容皮膚科_精神科_心療内科】群馬県前橋市本町１丁目１ー３ＡＭＤビル１階" }, "geometry": { "type": "Point", "coordinates": [ 139.067044, 36.391259 ] } },
{ "type": "Feature", "properties": { "ID": 1022100000218, "正式名称": "平井外科医院", "機関区分": 2, "都道府県コード": 10, "市区町村コード": 201, "所在地": "群馬県前橋市大友町２ー１６ー７", "緯度": 36.391876, "経度": 139.048873, "url": "https://www.iryou.teikyouseido.mhlw.go.jp/znk-web/juminkanja/S2430/initialize?prefCd=10&kikanCd=2100000218&kikanKbn=2", "url2": null, "内容": "平井外科医院【2:診療所】【診療科目:循環器内科_消化器内科_外科】群馬県前橋市大友町２ー１６ー７" }, "geometry": { "type": "Point", "coordinates": [ 139.048873, 36.391876 ] } },
{ "type": "Feature", "properties": { "ID": 1022100000220, "正式名称": "医療法人浩心会　おおつか内科クリニック", "機関区分": 2, "都道府県コード": 10, "市区町村コード": 201, "所在地": "群馬県前橋市大友町３丁目２３番地の４", "緯度": 36.392037, "経度": 139.042946, "url": "https://www.iryou.teikyouseido.mhlw.go.jp/znk-web/juminkanja/S2430/initialize?prefCd=10&kikanCd=2100000220&kikanKbn=2", "url2": "http://www.otsuka-clinic.biz/", "内容": "医療法人浩心会　おおつか内科クリニック【2:診療所】【診療科目:内科_呼吸器内科_循環器内科_消化器内科_外科_整形外科_アレルギー科】群馬県前橋市大友町３丁目２３番地の４" }, "geometry": { "type": "Point", "coordinates": [ 139.042946, 36.392037 ] } },
{ "type": "Feature", "properties": { "ID": 1022100000221, "正式名称": "たき医院", "機関区分": 2, "都道府県コード": 10, "市区町村コード": 201, "所在地": "群馬県前橋市大利根町１丁目３３番地３", "緯度": 36.361461, "経度": 139.062156, "url": "https://www.iryou.teikyouseido.mhlw.go.jp/znk-web/juminkanja/S2430/initialize?prefCd=10&kikanCd=2100000221&kikanKbn=2", "url2": "https://www.taki-iin.com", "内容": "たき医院【2:診療所】【診療科目:内科_外科_形成外科_皮膚科】群馬県前橋市大利根町１丁目３３番地３" }, "geometry": { "type": "Point", "coordinates": [ 139.062156, 36.361461 ] } },
{ "type": "Feature", "properties": { "ID": 1022100000226, "正式名称": "佐治内科医院", "機関区分": 2, "都道府県コード": 10, "市区町村コード": 201, "所在地": "群馬県前橋市端気町３７４－１５", "緯度": 36.410847, "経度": 139.098542, "url": "https://www.iryou.teikyouseido.mhlw.go.jp/znk-web/juminkanja/S2430/initialize?prefCd=10&kikanCd=2100000226&kikanKbn=2", "url2": null, "内容": "佐治内科医院【2:診療所】【診療科目:内科_呼吸器内科_循環器内科_アレルギー疾患内科_小児科_アレルギー科】群馬県前橋市端気町３７４－１５" }, "geometry": { "type": "Point", "coordinates": [ 139.098542, 36.410847 ] } },
{ "type": "Feature", "properties": { "ID": 1022100000228, "正式名称": "村谷胃腸科医院", "機関区分": 2, "都道府県コード": 10, "市区町村コード": 201, "所在地": "群馬県前橋市朝倉町", "緯度": 36.365458, "経度": 139.099849, "url": "https://www.iryou.teikyouseido.mhlw.go.jp/znk-web/juminkanja/S2430/initialize?prefCd=10&kikanCd=2100000228&kikanKbn=2", "url2": null, "内容": "村谷胃腸科医院【2:診療所】【診療科目:内科_胃腸内科_外科_肛門外科】群馬県前橋市朝倉町" }, "geometry": { "type": "Point", "coordinates": [ 139.099849, 36.365458 ] } },
{ "type": "Feature", "properties": { "ID": 1022100000229, "正式名称": "あさくら　スポーツ　リハビリテーション　クリニック", "機関区分": 2, "都道府県コード": 10, "市区町村コード": 201, "所在地": "群馬県前橋市朝倉町２４９－１", "緯度": 36.365288, "経度": 139.091645, "url": "https://www.iryou.teikyouseido.mhlw.go.jp/znk-web/juminkanja/S2430/initialize?prefCd=10&kikanCd=2100000229&kikanKbn=2", "url2": "https://www.asakura-reha.com/", "内容": "あさくら　スポーツ　リハビリテーション　クリニック【2:診療所】【診療科目:整形外科_リハビリテーション科】群馬県前橋市朝倉町２４９－１" }, "geometry": { "type": "Point", "coordinates": [ 139.091645, 36.365288 ] } },
{ "type": "Feature", "properties": { "ID": 1022100000230, "正式名称": "あんずクリニック", "機関区分": 2, "都道府県コード": 10, "市区町村コード": 201, "所在地": "群馬県前橋市朝倉町８２２ー１", "緯度": 36.369114, "経度": 139.08476, "url": "https://www.iryou.teikyouseido.mhlw.go.jp/znk-web/juminkanja/S2430/initialize?prefCd=10&kikanCd=2100000230&kikanKbn=2", "url2": null, "内容": "あんずクリニック【2:診療所】【診療科目:精神科_心療内科】群馬県前橋市朝倉町８２２ー１" }, "geometry": { "type": "Point", "coordinates": [ 139.08476, 36.369114 ] } },
{ "type": "Feature", "properties": { "ID": 1022100000231, "正式名称": "医療法人英会　いとうレディースクリニック", "機関区分": 2, "都道府県コード": 10, "市区町村コード": 201, "所在地": "群馬県前橋市朝倉町８６７ー３", "緯度": 36.370226, "経度": 139.088976, "url": "https://www.iryou.teikyouseido.mhlw.go.jp/znk-web/juminkanja/S2430/initialize?prefCd=10&kikanCd=2100000231&kikanKbn=2", "url2": "http://www.ito-ladies.com", "内容": "医療法人英会　いとうレディースクリニック【2:診療所】【診療科目:内科_産科_婦人科】群馬県前橋市朝倉町８６７ー３" }, "geometry": { "type": "Point", "coordinates": [ 139.088976, 36.370226 ] } },
{ "type": "Feature", "properties": { "ID": 1022100000232, "正式名称": "小林内科胃腸科クリニック", "機関区分": 2, "都道府県コード": 10, "市区町村コード": 201, "所在地": "群馬県前橋市朝倉町９３０ー３", "緯度": 36.365741, "経度": 139.086423, "url": "https://www.iryou.teikyouseido.mhlw.go.jp/znk-web/juminkanja/S2430/initialize?prefCd=10&kikanCd=2100000232&kikanKbn=2", "url2": "http://kobayashi-ichou.jp", "内容": "小林内科胃腸科クリニック【2:診療所】【診療科目:内科_呼吸器内科_循環器内科_胃腸内科】群馬県前橋市朝倉町９３０ー３" }, "geometry": { "type": "Point", "coordinates": [ 139.086423, 36.365741 ] } },
{ "type": "Feature", "properties": { "ID": 1022100000233, "正式名称": "医療法人それいゆ会　前橋内科・内視鏡クリニック", "機関区分": 2, "都道府県コード": 10, "市区町村コード": 201, "所在地": "群馬県前橋市朝日町１－３５ー９", "緯度": 36.387654, "経度": 139.084636, "url": "https://www.iryou.teikyouseido.mhlw.go.jp/znk-web/juminkanja/S2430/initialize?prefCd=10&kikanCd=2100000233&kikanKbn=2", "url2": "http://www.s-asahiclinic.com", "内容": "医療法人それいゆ会　前橋内科・内視鏡クリニック【2:診療所】【診療科目:内科_循環器内科_胃腸内科_内視鏡内科_外科】群馬県前橋市朝日町１－３５ー９" }, "geometry": { "type": "Point", "coordinates": [ 139.084636, 36.387654 ] } },
{ "type": "Feature", "properties": { "ID": 1022100000235, "正式名称": "医療法人望月皮膚科医院", "機関区分": 2, "都道府県コード": 10, "市区町村コード": 201, "所在地": "群馬県前橋市朝日町２−１８−１", "緯度": 36.384445, "経度": 139.083565, "url": "https://www.iryou.teikyouseido.mhlw.go.jp/znk-web/juminkanja/S2430/initialize?prefCd=10&kikanCd=2100000235&kikanKbn=2", "url2": null, "内容": "医療法人望月皮膚科医院【2:診療所】【診療科目:皮膚科】群馬県前橋市朝日町２−１８−１" }, "geometry": { "type": "Point", "coordinates": [ 139.083565, 36.384445 ] } },
{ "type": "Feature", "properties": { "ID": 1022100000237, "正式名称": "齋藤医院", "機関区分": 2, "都道府県コード": 10, "市区町村コード": 201, "所在地": "群馬県前橋市朝日町４ー２０ー１５", "緯度": 36.384389, "経度": 139.088969, "url": "https://www.iryou.teikyouseido.mhlw.go.jp/znk-web/juminkanja/S2430/initialize?prefCd=10&kikanCd=2100000237&kikanKbn=2", "url2": null, "内容": "齋藤医院【2:診療所】【診療科目:内科_循環器内科_小児科】群馬県前橋市朝日町４ー２０ー１５" }, "geometry": { "type": "Point", "coordinates": [ 139.088969, 36.384389 ] } },
{ "type": "Feature", "properties": { "ID": 1022100000239, "正式名称": "前橋市夜間休日診療所", "機関区分": 2, "都道府県コード": 10, "市区町村コード": 201, "所在地": "群馬県前橋市朝日町三丁目２１－１３　まえばし医療センター", "緯度": 36.385612, "経度": 139.087352, "url": "https://www.iryou.teikyouseido.mhlw.go.jp/znk-web/juminkanja/S2430/initialize?prefCd=10&kikanCd=2100000239&kikanKbn=2", "url2": "http://maebashi.gunma.med.or.jp/", "内容": "前橋市夜間休日診療所【2:診療所】【診療科目:内科_外科_小児科】群馬県前橋市朝日町三丁目２１－１３　まえばし医療センター" }, "geometry": { "type": "Point", "coordinates": [ 139.087352, 36.385612 ] } },
{ "type": "Feature", "properties": { "ID": 1022100000242, "正式名称": "うめだ内科クリニック", "機関区分": 2, "都道府県コード": 10, "市区町村コード": 201, "所在地": "群馬県前橋市鶴光路町３９６－１", "緯度": 36.332171, "経度": 139.101924, "url": "https://www.iryou.teikyouseido.mhlw.go.jp/znk-web/juminkanja/S2430/initialize?prefCd=10&kikanCd=2100000242&kikanKbn=2", "url2": "http://www.umeda-clinic.com", "内容": "うめだ内科クリニック【2:診療所】【診療科目:内科_小児科】群馬県前橋市鶴光路町３９６－１" }, "geometry": { "type": "Point", "coordinates": [ 139.101924, 36.332171 ] } },
{ "type": "Feature", "properties": { "ID": 1022100000243, "正式名称": "野本クリニック", "機関区分": 2, "都道府県コード": 10, "市区町村コード": 201, "所在地": "群馬県前橋市天川原町", "緯度": 36.373613, "経度": 139.084204, "url": "https://www.iryou.teikyouseido.mhlw.go.jp/znk-web/juminkanja/S2430/initialize?prefCd=10&kikanCd=2100000243&kikanKbn=2", "url2": null, "内容": "野本クリニック【2:診療所】【診療科目:精神科_心療内科】群馬県前橋市天川原町" }, "geometry": { "type": "Point", "coordinates": [ 139.084204, 36.373613 ] } },
{ "type": "Feature", "properties": { "ID": 1022100000244, "正式名称": "医療法人幸生会殿岡内科医院", "機関区分": 2, "都道府県コード": 10, "市区町村コード": 201, "所在地": "群馬県前橋市天川原町２ー２４７ー５", "緯度": 36.374037, "経度": 139.087195, "url": "https://www.iryou.teikyouseido.mhlw.go.jp/znk-web/juminkanja/S2430/initialize?prefCd=10&kikanCd=2100000244&kikanKbn=2", "url2": "http://tonookanaika.jp/", "内容": "医療法人幸生会殿岡内科医院【2:診療所】【診療科目:内科_糖尿病・内分泌内科_呼吸器内科_消化器内科】群馬県前橋市天川原町２ー２４７ー５" }, "geometry": { "type": "Point", "coordinates": [ 139.087195, 36.374037 ] } },
{ "type": "Feature", "properties": { "ID": 1022100000246, "正式名称": "関内科医院", "機関区分": 2, "都道府県コード": 10, "市区町村コード": 201, "所在地": "群馬県前橋市天川大島町１ー７ー１２", "緯度": 36.382306, "経度": 139.098098, "url": "https://www.iryou.teikyouseido.mhlw.go.jp/znk-web/juminkanja/S2430/initialize?prefCd=10&kikanCd=2100000246&kikanKbn=2", "url2": "http://shitara.co.jp/seki/", "内容": "関内科医院【2:診療所】【診療科目:内科】群馬県前橋市天川大島町１ー７ー１２" }, "geometry": { "type": "Point", "coordinates": [ 139.098098, 36.382306 ] } },
{ "type": "Feature", "properties": { "ID": 1022100000250, "正式名称": "けやきクリニック", "機関区分": 2, "都道府県コード": 10, "市区町村コード": 201, "所在地": "群馬県前橋市天川町１６６６ー１", "緯度": 36.37549, "経度": 139.095394, "url": "https://www.iryou.teikyouseido.mhlw.go.jp/znk-web/juminkanja/S2430/initialize?prefCd=10&kikanCd=2100000250&kikanKbn=2", "url2": "http://www.keyakiclinic.jp/", "内容": "けやきクリニック【2:診療所】【診療科目:内科_胃腸内科_外科_肛門外科】群馬県前橋市天川町１６６６ー１" }, "geometry": { "type": "Point", "coordinates": [ 139.095394, 36.37549 ] } },
{ "type": "Feature", "properties": { "ID": 1022100000251, "正式名称": "羽鳥眼科", "機関区分": 2, "都道府県コード": 10, "市区町村コード": 201, "所在地": "群馬県前橋市天川町７５ー２", "緯度": 36.374162, "経度": 139.087709, "url": "https://www.iryou.teikyouseido.mhlw.go.jp/znk-web/juminkanja/S2430/initialize?prefCd=10&kikanCd=2100000251&kikanKbn=2", "url2": "http://www.hatori.com/", "内容": "羽鳥眼科【2:診療所】【診療科目:眼科】群馬県前橋市天川町７５ー２" }, "geometry": { "type": "Point", "coordinates": [ 139.087709, 36.374162 ] } },
{ "type": "Feature", "properties": { "ID": 1022100000252, "正式名称": "高橋医院", "機関区分": 2, "都道府県コード": 10, "市区町村コード": 201, "所在地": "群馬県前橋市東善町１７３ー１", "緯度": 36.342497, "経度": 139.129679, "url": "https://www.iryou.teikyouseido.mhlw.go.jp/znk-web/juminkanja/S2430/initialize?prefCd=10&kikanCd=2100000252&kikanKbn=2", "url2": null, "内容": "高橋医院【2:診療所】【診療科目:内科_外科_小児科】群馬県前橋市東善町１７３ー１" }, "geometry": { "type": "Point", "coordinates": [ 139.129679, 36.342497 ] } },
{ "type": "Feature", "properties": { "ID": 1022100000253, "正式名称": "医療法人ねぎし整形外科", "機関区分": 2, "都道府県コード": 10, "市区町村コード": 201, "所在地": "群馬県前橋市東善町６８ー４", "緯度": 36.344728, "経度": 139.126234, "url": "https://www.iryou.teikyouseido.mhlw.go.jp/znk-web/juminkanja/S2430/initialize?prefCd=10&kikanCd=2100000253&kikanKbn=2", "url2": "http://negishiseikei.e-doctor.info", "内容": "医療法人ねぎし整形外科【2:診療所】【診療科目:整形外科_リウマチ科_リハビリテーション科】群馬県前橋市東善町６８ー４" }, "geometry": { "type": "Point", "coordinates": [ 139.126234, 36.344728 ] } },
{ "type": "Feature", "properties": { "ID": 1022100000254, "正式名称": "医療法人晴方会いまいウイメンズクリニック", "機関区分": 2, "都道府県コード": 10, "市区町村コード": 201, "所在地": "群馬県前橋市東片貝町８７５", "緯度": 36.382317, "経度": 139.102457, "url": "https://www.iryou.teikyouseido.mhlw.go.jp/znk-web/juminkanja/S2430/initialize?prefCd=10&kikanCd=2100000254&kikanKbn=2", "url2": "http://imai-womens.com/", "内容": "医療法人晴方会いまいウイメンズクリニック【2:診療所】【診療科目:内科_産婦人科】群馬県前橋市東片貝町８７５" }, "geometry": { "type": "Point", "coordinates": [ 139.102457, 36.382317 ] } },
{ "type": "Feature", "properties": { "ID": 1022100000255, "正式名称": "医療法人　福山内科", "機関区分": 2, "都道府県コード": 10, "市区町村コード": 201, "所在地": "群馬県前橋市東片貝町９７－７", "緯度": 36.389316, "経度": 139.103162, "url": "https://www.iryou.teikyouseido.mhlw.go.jp/znk-web/juminkanja/S2430/initialize?prefCd=10&kikanCd=2100000255&kikanKbn=2", "url2": "http://www.fukuyamaclinic.jp/", "内容": "医療法人　福山内科【2:診療所】【診療科目:内科】群馬県前橋市東片貝町９７－７" }, "geometry": { "type": "Point", "coordinates": [ 139.103162, 36.389316 ] } },
{ "type": "Feature", "properties": { "ID": 1022100000256, "正式名称": "うしいけ内科クリニック", "機関区分": 2, "都道府県コード": 10, "市区町村コード": 201, "所在地": "群馬県前橋市元総社町１７７０ー４", "緯度": 36.391889, "経度": 139.029483, "url": "https://www.iryou.teikyouseido.mhlw.go.jp/znk-web/juminkanja/S2430/initialize?prefCd=10&kikanCd=2100000256&kikanKbn=2", "url2": "https://ken-ei-kai.jp/", "内容": "うしいけ内科クリニック【2:診療所】【診療科目:内科_循環器内科_消化器内科_神経内科_内視鏡内科_リハビリテーション科】群馬県前橋市元総社町１７７０ー４" }, "geometry": { "type": "Point", "coordinates": [ 139.029483, 36.391889 ] } },
{ "type": "Feature", "properties": { "ID": 1022100000258, "正式名称": "齋藤医院", "機関区分": 2, "都道府県コード": 10, "市区町村コード": 201, "所在地": "群馬県前橋市南町２－６６－２７", "緯度": 36.373706, "経度": 139.067189, "url": "https://www.iryou.teikyouseido.mhlw.go.jp/znk-web/juminkanja/S2430/initialize?prefCd=10&kikanCd=2100000258&kikanKbn=2", "url2": null, "内容": "齋藤医院【2:診療所】【診療科目:内科_呼吸器内科_循環器内科_消化器内科】群馬県前橋市南町２－６６－２７" }, "geometry": { "type": "Point", "coordinates": [ 139.067189, 36.373706 ] } },
{ "type": "Feature", "properties": { "ID": 1022100000259, "正式名称": "医療法人　喜志会　ケン・クリニック", "機関区分": 2, "都道府県コード": 10, "市区町村コード": 201, "所在地": "群馬県前橋市南町３ー１１ー２", "緯度": 36.383029, "経度": 139.074177, "url": "https://www.iryou.teikyouseido.mhlw.go.jp/znk-web/juminkanja/S2430/initialize?prefCd=10&kikanCd=2100000259&kikanKbn=2", "url2": null, "内容": "医療法人　喜志会　ケン・クリニック【2:診療所】【診療科目:精神科_心療内科】群馬県前橋市南町３ー１１ー２" }, "geometry": { "type": "Point", "coordinates": [ 139.074177, 36.383029 ] } },
{ "type": "Feature", "properties": { "ID": 1022100000260, "正式名称": "加藤クリニック", "機関区分": 2, "都道府県コード": 10, "市区町村コード": 201, "所在地": "群馬県前橋市南町３－１９－２", "緯度": 36.382886, "経度": 139.076226, "url": "https://www.iryou.teikyouseido.mhlw.go.jp/znk-web/juminkanja/S2430/initialize?prefCd=10&kikanCd=2100000260&kikanKbn=2", "url2": "https://www.kato-cli.com", "内容": "加藤クリニック【2:診療所】【診療科目:内科_皮膚科_泌尿器科】群馬県前橋市南町３－１９－２" }, "geometry": { "type": "Point", "coordinates": [ 139.076226, 36.382886 ] } },
{ "type": "Feature", "properties": { "ID": 1022100000261, "正式名称": "安部内科医院", "機関区分": 2, "都道府県コード": 10, "市区町村コード": 201, "所在地": "群馬県前橋市南町３丁目３９番地９", "緯度": 36.382061, "経度": 139.070772, "url": "https://www.iryou.teikyouseido.mhlw.go.jp/znk-web/juminkanja/S2430/initialize?prefCd=10&kikanCd=2100000261&kikanKbn=2", "url2": "https://www.abenaika-maebashi.com/", "内容": "安部内科医院【2:診療所】【診療科目:内科_呼吸器内科_老年内科】群馬県前橋市南町３丁目３９番地９" }, "geometry": { "type": "Point", "coordinates": [ 139.070772, 36.382061 ] } },
{ "type": "Feature", "properties": { "ID": 1022100000262, "正式名称": "丸山眼科クリニック", "機関区分": 2, "都道府県コード": 10, "市区町村コード": 201, "所在地": "群馬県前橋市南町", "緯度": 36.37945, "経度": 139.069602, "url": "https://www.iryou.teikyouseido.mhlw.go.jp/znk-web/juminkanja/S2430/initialize?prefCd=10&kikanCd=2100000262&kikanKbn=2", "url2": "http://www.maruyama-ganka.jp", "内容": "丸山眼科クリニック【2:診療所】【診療科目:眼科】群馬県前橋市南町" }, "geometry": { "type": "Point", "coordinates": [ 139.069602, 36.37945 ] } },
{ "type": "Feature", "properties": { "ID": 1022100000263, "正式名称": "医療法人社団翠彩会下田内科医院", "機関区分": 2, "都道府県コード": 10, "市区町村コード": 201, "所在地": "群馬県前橋市南町３ー６４ー１３", "緯度": 36.379391, "経度": 139.071855, "url": "https://www.iryou.teikyouseido.mhlw.go.jp/znk-web/juminkanja/S2430/initialize?prefCd=10&kikanCd=2100000263&kikanKbn=2", "url2": "http://website2.infomity.net/8440000014/", "内容": "医療法人社団翠彩会下田内科医院【2:診療所】【診療科目:内科】群馬県前橋市南町３ー６４ー１３" }, "geometry": { "type": "Point", "coordinates": [ 139.071855, 36.379391 ] } },
{ "type": "Feature", "properties": { "ID": 1022100000265, "正式名称": "医療法人ベルフィーユ今井レディースクリニック", "機関区分": 2, "都道府県コード": 10, "市区町村コード": 201, "所在地": "群馬県前橋市南町４ー５２ー１３", "緯度": 36.376221, "経度": 139.069061, "url": "https://www.iryou.teikyouseido.mhlw.go.jp/znk-web/juminkanja/S2430/initialize?prefCd=10&kikanCd=2100000265&kikanKbn=2", "url2": "http://belle-fille.jp", "内容": "医療法人ベルフィーユ今井レディースクリニック【2:診療所】【診療科目:美容外科_産婦人科】群馬県前橋市南町４ー５２ー１３" }, "geometry": { "type": "Point", "coordinates": [ 139.069061, 36.376221 ] } },
{ "type": "Feature", "properties": { "ID": 1022100000274, "正式名称": "医療法人春山医院", "機関区分": 2, "都道府県コード": 10, "市区町村コード": 201, "所在地": "群馬県前橋市日吉町", "緯度": 36.397589, "経度": 139.078615, "url": "https://www.iryou.teikyouseido.mhlw.go.jp/znk-web/juminkanja/S2430/initialize?prefCd=10&kikanCd=2100000274&kikanKbn=2", "url2": "https://haruyama-iin.com/", "内容": "医療法人春山医院【2:診療所】【診療科目:内科_脳神経内科_老年内科】群馬県前橋市日吉町" }, "geometry": { "type": "Point", "coordinates": [ 139.078615, 36.397589 ] } },
{ "type": "Feature", "properties": { "ID": 1022100000275, "正式名称": "医療法人社団清王寺クリニック", "機関区分": 2, "都道府県コード": 10, "市区町村コード": 201, "所在地": "群馬県前橋市日吉町３－２３－１", "緯度": 36.398999, "経度": 139.077398, "url": "https://www.iryou.teikyouseido.mhlw.go.jp/znk-web/juminkanja/S2430/initialize?prefCd=10&kikanCd=2100000275&kikanKbn=2", "url2": "http://www10.plala.or.jp/seiouji/", "内容": "医療法人社団清王寺クリニック【2:診療所】【診療科目:精神科_心療内科】群馬県前橋市日吉町３－２３－１" }, "geometry": { "type": "Point", "coordinates": [ 139.077398, 36.398999 ] } },
{ "type": "Feature", "properties": { "ID": 1022100000276, "正式名称": "医療法人金古医院", "機関区分": 2, "都道府県コード": 10, "市区町村コード": 201, "所在地": "群馬県前橋市日吉町３－２６－３", "緯度": 36.399628, "経度": 139.078695, "url": "https://www.iryou.teikyouseido.mhlw.go.jp/znk-web/juminkanja/S2430/initialize?prefCd=10&kikanCd=2100000276&kikanKbn=2", "url2": "http://kaneko-iin.jp", "内容": "医療法人金古医院【2:診療所】【診療科目:内科_消化器内科_外科_消化器外科_肛門外科】群馬県前橋市日吉町３－２６－３" }, "geometry": { "type": "Point", "coordinates": [ 139.078695, 36.399628 ] } },
{ "type": "Feature", "properties": { "ID": 1022100000278, "正式名称": "若宮内科", "機関区分": 2, "都道府県コード": 10, "市区町村コード": 201, "所在地": "群馬県前橋市日吉町４−４４−４７", "緯度": 36.406445, "経度": 139.075859, "url": "https://www.iryou.teikyouseido.mhlw.go.jp/znk-web/juminkanja/S2430/initialize?prefCd=10&kikanCd=2100000278&kikanKbn=2", "url2": "https://www.wakamiyaclin.com", "内容": "若宮内科【2:診療所】【診療科目:内科_呼吸器内科_消化器内科】群馬県前橋市日吉町４−４４−４７" }, "geometry": { "type": "Point", "coordinates": [ 139.075859, 36.406445 ] } },
{ "type": "Feature", "properties": { "ID": 1022100000279, "正式名称": "医療法人社団一郎会狩野外科医院", "機関区分": 2, "都道府県コード": 10, "市区町村コード": 201, "所在地": "群馬県前橋市日吉町４－４５－１", "緯度": 36.40703, "経度": 139.076173, "url": "https://www.iryou.teikyouseido.mhlw.go.jp/znk-web/juminkanja/S2430/initialize?prefCd=10&kikanCd=2100000279&kikanKbn=2", "url2": "http://www5.wind.ne.jp/kanogeka", "内容": "医療法人社団一郎会狩野外科医院【2:診療所】【診療科目:内科_消化器内科_外科_乳腺外科_皮膚外科】群馬県前橋市日吉町４－４５－１" }, "geometry": { "type": "Point", "coordinates": [ 139.076173, 36.40703 ] } },
{ "type": "Feature", "properties": { "ID": 1022100000280, "正式名称": "塙医院", "機関区分": 2, "都道府県コード": 10, "市区町村コード": 201, "所在地": "群馬県前橋市日吉町４－５－５", "緯度": 36.403402, "経度": 139.076176, "url": "https://www.iryou.teikyouseido.mhlw.go.jp/znk-web/juminkanja/S2430/initialize?prefCd=10&kikanCd=2100000280&kikanKbn=2", "url2": "https://www.hanawa.info", "内容": "塙医院【2:診療所】【診療科目:内科_アレルギー科】群馬県前橋市日吉町４－５－５" }, "geometry": { "type": "Point", "coordinates": [ 139.076176, 36.403402 ] } },
{ "type": "Feature", "properties": { "ID": 1022100000281, "正式名称": "医療法人淳光会斉藤クリニック耳鼻科", "機関区分": 2, "都道府県コード": 10, "市区町村コード": 201, "所在地": "群馬県前橋市日輪寺町２３ー２", "緯度": 36.431206, "経度": 139.057276, "url": "https://www.iryou.teikyouseido.mhlw.go.jp/znk-web/juminkanja/S2430/initialize?prefCd=10&kikanCd=2100000281&kikanKbn=2", "url2": null, "内容": "医療法人淳光会斉藤クリニック耳鼻科【2:診療所】【診療科目:耳鼻いんこう科】群馬県前橋市日輪寺町２３ー２" }, "geometry": { "type": "Point", "coordinates": [ 139.057276, 36.431206 ] } },
{ "type": "Feature", "properties": { "ID": 1022100000282, "正式名称": "医療法人　富士たちばなクリニック", "機関区分": 2, "都道府県コード": 10, "市区町村コード": 201, "所在地": "群馬県前橋市日輪寺町３４２ー２", "緯度": 36.43247, "経度": 139.062612, "url": "https://www.iryou.teikyouseido.mhlw.go.jp/znk-web/juminkanja/S2430/initialize?prefCd=10&kikanCd=2100000282&kikanKbn=2", "url2": "http://www.sousyunkan.or.jp/", "内容": "医療法人　富士たちばなクリニック【2:診療所】【診療科目:内科_呼吸器内科_循環器内科】群馬県前橋市日輪寺町３４２ー２" }, "geometry": { "type": "Point", "coordinates": [ 139.062612, 36.43247 ] } },
{ "type": "Feature", "properties": { "ID": 1022100000283, "正式名称": "江沢医院", "機関区分": 2, "都道府県コード": 10, "市区町村コード": 201, "所在地": "群馬県前橋市粕川町女渕３４８－１", "緯度": 36.408288, "経度": 139.20591, "url": "https://www.iryou.teikyouseido.mhlw.go.jp/znk-web/juminkanja/S2430/initialize?prefCd=10&kikanCd=2100000283&kikanKbn=2", "url2": null, "内容": "江沢医院【2:診療所】【診療科目:内科_呼吸器内科_小児科_アレルギー科】群馬県前橋市粕川町女渕３４８－１" }, "geometry": { "type": "Point", "coordinates": [ 139.20591, 36.408288 ] } },
{ "type": "Feature", "properties": { "ID": 1022100000284, "正式名称": "医療法人弘和会吉松医院", "機関区分": 2, "都道府県コード": 10, "市区町村コード": 201, "所在地": "群馬県前橋市粕川町新屋２４６－２", "緯度": 36.412182, "経度": 139.197513, "url": "https://www.iryou.teikyouseido.mhlw.go.jp/znk-web/juminkanja/S2430/initialize?prefCd=10&kikanCd=2100000284&kikanKbn=2", "url2": null, "内容": "医療法人弘和会吉松医院【2:診療所】【診療科目:内科_糖尿病・代謝内科_呼吸器内科_循環器内科_消化器内科】群馬県前橋市粕川町新屋２４６－２" }, "geometry": { "type": "Point", "coordinates": [ 139.197513, 36.412182 ] } },
{ "type": "Feature", "properties": { "ID": 1022100000285, "正式名称": "医療法人高橋会高橋医院", "機関区分": 2, "都道府県コード": 10, "市区町村コード": 201, "所在地": "群馬県前橋市粕川町西田面２１２ー２", "緯度": 36.414527, "経度": 139.211332, "url": "https://www.iryou.teikyouseido.mhlw.go.jp/znk-web/juminkanja/S2430/initialize?prefCd=10&kikanCd=2100000285&kikanKbn=2", "url2": null, "内容": "医療法人高橋会高橋医院【2:診療所】【診療科目:内科_放射線診断科】群馬県前橋市粕川町西田面２１２ー２" }, "geometry": { "type": "Point", "coordinates": [ 139.211332, 36.414527 ] } },
{ "type": "Feature", "properties": { "ID": 1022100000286, "正式名称": "医療法人翠和会中田クリニック", "機関区分": 2, "都道府県コード": 10, "市区町村コード": 201, "所在地": "群馬県前橋市箱田町１０３９－４", "緯度": 36.365799, "経度": 139.054971, "url": "https://www.iryou.teikyouseido.mhlw.go.jp/znk-web/juminkanja/S2430/initialize?prefCd=10&kikanCd=2100000286&kikanKbn=2", "url2": "http://nakataclinic.net/", "内容": "医療法人翠和会中田クリニック【2:診療所】【診療科目:内科_小児科】群馬県前橋市箱田町１０３９－４" }, "geometry": { "type": "Point", "coordinates": [ 139.054971, 36.365799 ] } },
{ "type": "Feature", "properties": { "ID": 1022100000287, "正式名称": "医療法人　たけむら整形外科クリニック", "機関区分": 2, "都道府県コード": 10, "市区町村コード": 201, "所在地": "群馬県前橋市箱田町１４７１－１６", "緯度": 36.366552, "経度": 139.052632, "url": "https://www.iryou.teikyouseido.mhlw.go.jp/znk-web/juminkanja/S2430/initialize?prefCd=10&kikanCd=2100000287&kikanKbn=2", "url2": "http://www.takemura-seikei.com/", "内容": "医療法人　たけむら整形外科クリニック【2:診療所】【診療科目:整形外科_リウマチ科_リハビリテーション科】群馬県前橋市箱田町１４７１－１６" }, "geometry": { "type": "Point", "coordinates": [ 139.052632, 36.366552 ] } },
{ "type": "Feature", "properties": { "ID": 1022100000288, "正式名称": "医療法人吉田小児科医院", "機関区分": 2, "都道府県コード": 10, "市区町村コード": 201, "所在地": "群馬県前橋市箱田町３９５ー３", "緯度": 36.371078, "経度": 139.04846, "url": "https://www.iryou.teikyouseido.mhlw.go.jp/znk-web/juminkanja/S2430/initialize?prefCd=10&kikanCd=2100000288&kikanKbn=2", "url2": null, "内容": "医療法人吉田小児科医院【2:診療所】【診療科目:小児科】群馬県前橋市箱田町３９５ー３" }, "geometry": { "type": "Point", "coordinates": [ 139.04846, 36.371078 ] } },
{ "type": "Feature", "properties": { "ID": 1022100000289, "正式名称": "木村神経科医院", "機関区分": 2, "都道府県コード": 10, "市区町村コード": 201, "所在地": "群馬県前橋市箱田町４６３", "緯度": 36.370835, "経度": 139.053485, "url": "https://www.iryou.teikyouseido.mhlw.go.jp/znk-web/juminkanja/S2430/initialize?prefCd=10&kikanCd=2100000289&kikanKbn=2", "url2": null, "内容": "木村神経科医院【2:診療所】【診療科目:精神科_心療内科】群馬県前橋市箱田町４６３" }, "geometry": { "type": "Point", "coordinates": [ 139.053485, 36.370835 ] } },
{ "type": "Feature", "properties": { "ID": 1022100000290, "正式名称": "木村内科医院", "機関区分": 2, "都道府県コード": 10, "市区町村コード": 201, "所在地": "群馬県前橋市箱田町４６３", "緯度": 36.370848, "経度": 139.053696, "url": "https://www.iryou.teikyouseido.mhlw.go.jp/znk-web/juminkanja/S2430/initialize?prefCd=10&kikanCd=2100000290&kikanKbn=2", "url2": null, "内容": "木村内科医院【2:診療所】【診療科目:内科_呼吸器内科_循環器内科_消化器内科_内視鏡内科_心療内科】群馬県前橋市箱田町４６３" }, "geometry": { "type": "Point", "coordinates": [ 139.053696, 36.370848 ] } },
{ "type": "Feature", "properties": { "ID": 1022100000292, "正式名称": "医療法人社団豊医会小沢医院", "機関区分": 2, "都道府県コード": 10, "市区町村コード": 201, "所在地": "群馬県前橋市樋越町１５－１", "緯度": 36.412895, "経度": 139.180584, "url": "https://www.iryou.teikyouseido.mhlw.go.jp/znk-web/juminkanja/S2430/initialize?prefCd=10&kikanCd=2100000292&kikanKbn=2", "url2": "http://www.ozawaiin.com/", "内容": "医療法人社団豊医会小沢医院【2:診療所】【診療科目:内科_小児科_産婦人科_婦人科】群馬県前橋市樋越町１５－１" }, "geometry": { "type": "Point", "coordinates": [ 139.180584, 36.412895 ] } },
{ "type": "Feature", "properties": { "ID": 1022100000293, "正式名称": "医療法人　小内会　おない医院", "機関区分": 2, "都道府県コード": 10, "市区町村コード": 201, "所在地": "群馬県前橋市樋越町１１２０", "緯度": 36.413473, "経度": 139.167247, "url": "https://www.iryou.teikyouseido.mhlw.go.jp/znk-web/juminkanja/S2430/initialize?prefCd=10&kikanCd=2100000293&kikanKbn=2", "url2": "http://www.onai.jp", "内容": "医療法人　小内会　おない医院【2:診療所】【診療科目:内科_皮膚科】群馬県前橋市樋越町１１２０" }, "geometry": { "type": "Point", "coordinates": [ 139.167247, 36.413473 ] } },
{ "type": "Feature", "properties": { "ID": 1022100000294, "正式名称": "樋越ペインクリニック", "機関区分": 2, "都道府県コード": 10, "市区町村コード": 201, "所在地": "群馬県前橋市樋越町８９７", "緯度": 36.413226, "経度": 139.171613, "url": "https://www.iryou.teikyouseido.mhlw.go.jp/znk-web/juminkanja/S2430/initialize?prefCd=10&kikanCd=2100000294&kikanKbn=2", "url2": "http://www.myclinic.ne.jp/higoshipain/", "内容": "樋越ペインクリニック【2:診療所】【診療科目:麻酔科】群馬県前橋市樋越町８９７" }, "geometry": { "type": "Point", "coordinates": [ 139.171613, 36.413226 ] } },
{ "type": "Feature", "properties": { "ID": 1022100000296, "正式名称": "医療法人賛功会西田整形外科", "機関区分": 2, "都道府県コード": 10, "市区町村コード": 201, "所在地": "群馬県前橋市樋越町６７７ー１", "緯度": 36.41104, "経度": 139.174162, "url": "https://www.iryou.teikyouseido.mhlw.go.jp/znk-web/juminkanja/S2430/initialize?prefCd=10&kikanCd=2100000296&kikanKbn=2", "url2": "http://nishidaseikei.net", "内容": "医療法人賛功会西田整形外科【2:診療所】【診療科目:外科_整形外科_リウマチ科_リハビリテーション科】群馬県前橋市樋越町６７７ー１" }, "geometry": { "type": "Point", "coordinates": [ 139.174162, 36.41104 ] } },
{ "type": "Feature", "properties": { "ID": 1022100000297, "正式名称": "しみず眼科クリニック", "機関区分": 2, "都道府県コード": 10, "市区町村コード": 201, "所在地": "群馬県前橋市樋越町８７５", "緯度": 36.414878, "経度": 139.172704, "url": "https://www.iryou.teikyouseido.mhlw.go.jp/znk-web/juminkanja/S2430/initialize?prefCd=10&kikanCd=2100000297&kikanKbn=2", "url2": null, "内容": "しみず眼科クリニック【2:診療所】【診療科目:眼科】群馬県前橋市樋越町８７５" }, "geometry": { "type": "Point", "coordinates": [ 139.172704, 36.414878 ] } },
{ "type": "Feature", "properties": { "ID": 1022100000300, "正式名称": "医療法人村松会みやぎクリニック", "機関区分": 2, "都道府県コード": 10, "市区町村コード": 201, "所在地": "群馬県前橋市鼻毛石町６３７－１９", "緯度": 36.438212, "経度": 139.180368, "url": "https://www.iryou.teikyouseido.mhlw.go.jp/znk-web/juminkanja/S2430/initialize?prefCd=10&kikanCd=2100000300&kikanKbn=2", "url2": null, "内容": "医療法人村松会みやぎクリニック【2:診療所】【診療科目:内科_循環器内科_消化器内科_アレルギー科】群馬県前橋市鼻毛石町６３７－１９" }, "geometry": { "type": "Point", "coordinates": [ 139.180368, 36.438212 ] } },
{ "type": "Feature", "properties": { "ID": 1022100000302, "正式名称": "二之宮クリニック", "機関区分": 2, "都道府県コード": 10, "市区町村コード": 201, "所在地": "群馬県前橋市二之宮町１９８８ー１", "緯度": 36.355215, "経度": 139.169623, "url": "https://www.iryou.teikyouseido.mhlw.go.jp/znk-web/juminkanja/S2430/initialize?prefCd=10&kikanCd=2100000302&kikanKbn=2", "url2": "http://www.ninocli.com/", "内容": "二之宮クリニック【2:診療所】【診療科目:内科_外科_形成外科_美容皮膚科】群馬県前橋市二之宮町１９８８ー１" }, "geometry": { "type": "Point", "coordinates": [ 139.169623, 36.355215 ] } },
{ "type": "Feature", "properties": { "ID": 1022100000303, "正式名称": "片山皮膚科医院", "機関区分": 2, "都道府県コード": 10, "市区町村コード": 201, "所在地": "群馬県前橋市表町１ー２５ー１２", "緯度": 36.385417, "経度": 139.068594, "url": "https://www.iryou.teikyouseido.mhlw.go.jp/znk-web/juminkanja/S2430/initialize?prefCd=10&kikanCd=2100000303&kikanKbn=2", "url2": null, "内容": "片山皮膚科医院【2:診療所】【診療科目:皮膚科】群馬県前橋市表町１ー２５ー１２" }, "geometry": { "type": "Point", "coordinates": [ 139.068594, 36.385417 ] } },
{ "type": "Feature", "properties": { "ID": 1022100000305, "正式名称": "さとうレディースクリニック", "機関区分": 2, "都道府県コード": 10, "市区町村コード": 201, "所在地": "群馬県前橋市表町２丁目２０ー１７", "緯度": 36.385739, "経度": 139.070919, "url": "https://www.iryou.teikyouseido.mhlw.go.jp/znk-web/juminkanja/S2430/initialize?prefCd=10&kikanCd=2100000305&kikanKbn=2", "url2": null, "内容": "さとうレディースクリニック【2:診療所】【診療科目:産科_婦人科】群馬県前橋市表町２丁目２０ー１７" }, "geometry": { "type": "Point", "coordinates": [ 139.070919, 36.385739 ] } },
{ "type": "Feature", "properties": { "ID": 1022100000308, "正式名称": "中村外科医院", "機関区分": 2, "都道府県コード": 10, "市区町村コード": 201, "所在地": "群馬県前橋市文京町１丁目３３ー１８", "緯度": 36.381853, "経度": 139.079682, "url": "https://www.iryou.teikyouseido.mhlw.go.jp/znk-web/juminkanja/S2430/initialize?prefCd=10&kikanCd=2100000308&kikanKbn=2", "url2": null, "内容": "中村外科医院【2:診療所】【診療科目:内科_消化器内科_外科_整形外科_皮膚科_泌尿器科】群馬県前橋市文京町１丁目３３ー１８" }, "geometry": { "type": "Point", "coordinates": [ 139.079682, 36.381853 ] } },
{ "type": "Feature", "properties": { "ID": 1022100000312, "正式名称": "医療法人町井耳鼻咽喉科", "機関区分": 2, "都道府県コード": 10, "市区町村コード": 201, "所在地": "群馬県前橋市文京町２ー１４ー６", "緯度": 36.380203, "経度": 139.084728, "url": "https://www.iryou.teikyouseido.mhlw.go.jp/znk-web/juminkanja/S2430/initialize?prefCd=10&kikanCd=2100000312&kikanKbn=2", "url2": null, "内容": "医療法人町井耳鼻咽喉科【2:診療所】【診療科目:耳鼻いんこう科】群馬県前橋市文京町２ー１４ー６" }, "geometry": { "type": "Point", "coordinates": [ 139.084728, 36.380203 ] } },
{ "type": "Feature", "properties": { "ID": 1022100000313, "正式名称": "塩崎内科医院", "機関区分": 2, "都道府県コード": 10, "市区町村コード": 201, "所在地": "群馬県前橋市文京町３丁目１０ー１０", "緯度": 36.380569, "経度": 139.088497, "url": "https://www.iryou.teikyouseido.mhlw.go.jp/znk-web/juminkanja/S2430/initialize?prefCd=10&kikanCd=2100000313&kikanKbn=2", "url2": null, "内容": "塩崎内科医院【2:診療所】【診療科目:内科_血液内科】群馬県前橋市文京町３丁目１０ー１０" }, "geometry": { "type": "Point", "coordinates": [ 139.088497, 36.380569 ] } },
{ "type": "Feature", "properties": { "ID": 1022100000319, "正式名称": "医療法人みちの会道下産婦人科医院", "機関区分": 2, "都道府県コード": 10, "市区町村コード": 201, "所在地": "群馬県前橋市平和町１－７－３", "緯度": 36.397856, "経度": 139.064752, "url": "https://www.iryou.teikyouseido.mhlw.go.jp/znk-web/juminkanja/S2430/initialize?prefCd=10&kikanCd=2100000319&kikanKbn=2", "url2": null, "内容": "医療法人みちの会道下産婦人科医院【2:診療所】【診療科目:産婦人科】群馬県前橋市平和町１－７－３" }, "geometry": { "type": "Point", "coordinates": [ 139.064752, 36.397856 ] } },
{ "type": "Feature", "properties": { "ID": 1022100000322, "正式名称": "木村医院", "機関区分": 2, "都道府県コード": 10, "市区町村コード": 201, "所在地": "群馬県前橋市平和町２－１－７", "緯度": 36.397414, "経度": 139.062116, "url": "https://www.iryou.teikyouseido.mhlw.go.jp/znk-web/juminkanja/S2430/initialize?prefCd=10&kikanCd=2100000322&kikanKbn=2", "url2": null, "内容": "木村医院【2:診療所】【診療科目:内科_呼吸器内科_循環器内科_消化器内科_外科_皮膚科】群馬県前橋市平和町２－１－７" }, "geometry": { "type": "Point", "coordinates": [ 139.062116, 36.397414 ] } },
{ "type": "Feature", "properties": { "ID": 1022100000323, "正式名称": "（医）社団横地眼科医院", "機関区分": 2, "都道府県コード": 10, "市区町村コード": 201, "所在地": "群馬県前橋市平和町２ー５ー３", "緯度": 36.397669, "経度": 139.062508, "url": "https://www.iryou.teikyouseido.mhlw.go.jp/znk-web/juminkanja/S2430/initialize?prefCd=10&kikanCd=2100000323&kikanKbn=2", "url2": null, "内容": "（医）社団横地眼科医院【2:診療所】【診療科目:眼科】群馬県前橋市平和町２ー５ー３" }, "geometry": { "type": "Point", "coordinates": [ 139.062508, 36.397669 ] } },
{ "type": "Feature", "properties": { "ID": 1022100000324, "正式名称": "医療法人社団栗林小児科医院", "機関区分": 2, "都道府県コード": 10, "市区町村コード": 201, "所在地": "群馬県前橋市平和町２ー７ー１", "緯度": 36.398797, "経度": 139.062377, "url": "https://www.iryou.teikyouseido.mhlw.go.jp/znk-web/juminkanja/S2430/initialize?prefCd=10&kikanCd=2100000324&kikanKbn=2", "url2": null, "内容": "医療法人社団栗林小児科医院【2:診療所】【診療科目:小児科】群馬県前橋市平和町２ー７ー１" }, "geometry": { "type": "Point", "coordinates": [ 139.062377, 36.398797 ] } },
{ "type": "Feature", "properties": { "ID": 1022100000327, "正式名称": "前橋温泉クリニック", "機関区分": 2, "都道府県コード": 10, "市区町村コード": 201, "所在地": "群馬県前橋市関根町２丁目１０－１", "緯度": 36.433356, "経度": 139.050482, "url": "https://www.iryou.teikyouseido.mhlw.go.jp/znk-web/juminkanja/S2430/initialize?prefCd=10&kikanCd=2100000327&kikanKbn=2", "url2": "http://www.maebashionsen.com/", "内容": "前橋温泉クリニック【2:診療所】【診療科目:内科_整形外科_美容皮膚科】群馬県前橋市関根町２丁目１０－１" }, "geometry": { "type": "Point", "coordinates": [ 139.050482, 36.433356 ] } },
{ "type": "Feature", "properties": { "ID": 1022100000328, "正式名称": "医療法人深沢内科クリニック", "機関区分": 2, "都道府県コード": 10, "市区町村コード": 201, "所在地": "群馬県前橋市堀越町", "緯度": 36.417861, "経度": 139.155221, "url": "https://www.iryou.teikyouseido.mhlw.go.jp/znk-web/juminkanja/S2430/initialize?prefCd=10&kikanCd=2100000328&kikanKbn=2", "url2": "http://fukasawa-clinic.or.jp", "内容": "医療法人深沢内科クリニック【2:診療所】【診療科目:内科】群馬県前橋市堀越町" }, "geometry": { "type": "Point", "coordinates": [ 139.155221, 36.417861 ] } },
{ "type": "Feature", "properties": { "ID": 1022100000329, "正式名称": "太田皮膚科医院", "機関区分": 2, "都道府県コード": 10, "市区町村コード": 201, "所在地": "群馬県前橋市本町", "緯度": 36.389167, "経度": 139.068705, "url": "https://www.iryou.teikyouseido.mhlw.go.jp/znk-web/juminkanja/S2430/initialize?prefCd=10&kikanCd=2100000329&kikanKbn=2", "url2": null, "内容": "太田皮膚科医院【2:診療所】【診療科目:皮膚科】群馬県前橋市本町" }, "geometry": { "type": "Point", "coordinates": [ 139.068705, 36.389167 ] } },
{ "type": "Feature", "properties": { "ID": 1022100000330, "正式名称": "医療法人仁愛会いまいずみ小児科", "機関区分": 2, "都道府県コード": 10, "市区町村コード": 201, "所在地": "群馬県前橋市本町", "緯度": 36.388582, "経度": 139.068991, "url": "https://www.iryou.teikyouseido.mhlw.go.jp/znk-web/juminkanja/S2430/initialize?prefCd=10&kikanCd=2100000330&kikanKbn=2", "url2": "http://www.imaizumi-web.com", "内容": "医療法人仁愛会いまいずみ小児科【2:診療所】【診療科目:小児科_児童神経科】群馬県前橋市本町" }, "geometry": { "type": "Point", "coordinates": [ 139.068991, 36.388582 ] } },
{ "type": "Feature", "properties": { "ID": 1022100000331, "正式名称": "公益財団法人老年病研究所附属高玉診療所", "機関区分": 2, "都道府県コード": 10, "市区町村コード": 201, "所在地": "群馬県前橋市本町１－１７－４", "緯度": 36.389785, "経度": 139.067441, "url": "https://www.iryou.teikyouseido.mhlw.go.jp/znk-web/juminkanja/S2430/initialize?prefCd=10&kikanCd=2100000331&kikanKbn=2", "url2": "https://www.ronenbyo-hospital.jp/facilities/takatama/", "内容": "公益財団法人老年病研究所附属高玉診療所【2:診療所】【診療科目:内科_脳神経内科_麻酔科】群馬県前橋市本町１－１７－４" }, "geometry": { "type": "Point", "coordinates": [ 139.067441, 36.389785 ] } },
{ "type": "Feature", "properties": { "ID": 1022100000332, "正式名称": "医療法人社団橋爪耳鼻咽喉科医院", "機関区分": 2, "都道府県コード": 10, "市区町村コード": 201, "所在地": "群馬県前橋市本町１ー３ー２　橋爪ビル２Ｆ", "緯度": 36.390685, "経度": 139.068049, "url": "https://www.iryou.teikyouseido.mhlw.go.jp/znk-web/juminkanja/S2430/initialize?prefCd=10&kikanCd=2100000332&kikanKbn=2", "url2": "http://hashizume-jibika.com/", "内容": "医療法人社団橋爪耳鼻咽喉科医院【2:診療所】【診療科目:耳鼻いんこう科】群馬県前橋市本町１ー３ー２　橋爪ビル２Ｆ" }, "geometry": { "type": "Point", "coordinates": [ 139.068049, 36.390685 ] } },
{ "type": "Feature", "properties": { "ID": 1022100000337, "正式名称": "医療法人相生会　若松記念大胡クリニック", "機関区分": 2, "都道府県コード": 10, "市区町村コード": 201, "所在地": "群馬県前橋市茂木町２４５－７", "緯度": 36.409721, "経度": 139.151465, "url": "https://www.iryou.teikyouseido.mhlw.go.jp/znk-web/juminkanja/S2430/initialize?prefCd=10&kikanCd=2100000337&kikanKbn=2", "url2": "http://www.ohgo.gr.jp/", "内容": "医療法人相生会　若松記念大胡クリニック【2:診療所】【診療科目:内科_呼吸器内科_腎臓内科_人工透析内科】群馬県前橋市茂木町２４５－７" }, "geometry": { "type": "Point", "coordinates": [ 139.151465, 36.409721 ] } },
{ "type": "Feature", "properties": { "ID": 1022100000338, "正式名称": "町田内科クリニック", "機関区分": 2, "都道府県コード": 10, "市区町村コード": 201, "所在地": "群馬県前橋市茂木町５ー５", "緯度": 36.415886, "経度": 139.156304, "url": "https://www.iryou.teikyouseido.mhlw.go.jp/znk-web/juminkanja/S2430/initialize?prefCd=10&kikanCd=2100000338&kikanKbn=2", "url2": "https://machida-clinic.jp", "内容": "町田内科クリニック【2:診療所】【診療科目:内科_消化器内科】群馬県前橋市茂木町５ー５" }, "geometry": { "type": "Point", "coordinates": [ 139.156304, 36.415886 ] } },
{ "type": "Feature", "properties": { "ID": 1022100000339, "正式名称": "土井内科医院", "機関区分": 2, "都道府県コード": 10, "市区町村コード": 201, "所在地": "群馬県前橋市野中町１９１ー２", "緯度": 36.382434, "経度": 139.109449, "url": "https://www.iryou.teikyouseido.mhlw.go.jp/znk-web/juminkanja/S2430/initialize?prefCd=10&kikanCd=2100000339&kikanKbn=2", "url2": null, "内容": "土井内科医院【2:診療所】【診療科目:内科_循環器内科_小児科】群馬県前橋市野中町１９１ー２" }, "geometry": { "type": "Point", "coordinates": [ 139.109449, 36.382434 ] } },
{ "type": "Feature", "properties": { "ID": 1022100000343, "正式名称": "医療法人　瀬田医院", "機関区分": 2, "都道府県コード": 10, "市区町村コード": 201, "所在地": "群馬県前橋市龍蔵寺町", "緯度": 36.419076, "経度": 139.068509, "url": "https://www.iryou.teikyouseido.mhlw.go.jp/znk-web/juminkanja/S2430/initialize?prefCd=10&kikanCd=2100000343&kikanKbn=2", "url2": "http://setaiin.byoinnavi.jp/pc/", "内容": "医療法人　瀬田医院【2:診療所】【診療科目:内科_循環器内科_消化器内科】群馬県前橋市龍蔵寺町" }, "geometry": { "type": "Point", "coordinates": [ 139.068509, 36.419076 ] } },
{ "type": "Feature", "properties": { "ID": 1022100000344, "正式名称": "北條内科クリニック", "機関区分": 2, "都道府県コード": 10, "市区町村コード": 201, "所在地": "群馬県前橋市嶺町８８ー１０４", "緯度": 36.437292, "経度": 139.103114, "url": "https://www.iryou.teikyouseido.mhlw.go.jp/znk-web/juminkanja/S2430/initialize?prefCd=10&kikanCd=2100000344&kikanKbn=2", "url2": null, "内容": "北條内科クリニック【2:診療所】【診療科目:内科_呼吸器内科_循環器内科_消化器内科_アレルギー科】群馬県前橋市嶺町８８ー１０４" }, "geometry": { "type": "Point", "coordinates": [ 139.103114, 36.437292 ] } },
{ "type": "Feature", "properties": { "ID": 1022100000345, "正式名称": "みどり小児科", "機関区分": 2, "都道府県コード": 10, "市区町村コード": 201, "所在地": "群馬県前橋市嶺町９０ー３", "緯度": 36.437245, "経度": 139.102772, "url": "https://www.iryou.teikyouseido.mhlw.go.jp/znk-web/juminkanja/S2430/initialize?prefCd=10&kikanCd=2100000345&kikanKbn=2", "url2": null, "内容": "みどり小児科【2:診療所】【診療科目:小児科】群馬県前橋市嶺町９０ー３" }, "geometry": { "type": "Point", "coordinates": [ 139.102772, 36.437245 ] } },
{ "type": "Feature", "properties": { "ID": 1022100000346, "正式名称": "田部医院", "機関区分": 2, "都道府県コード": 10, "市区町村コード": 201, "所在地": "群馬県前橋市六供町５－２７－３６", "緯度": 36.366346, "経度": 139.077846, "url": "https://www.iryou.teikyouseido.mhlw.go.jp/znk-web/juminkanja/S2430/initialize?prefCd=10&kikanCd=2100000346&kikanKbn=2", "url2": "http://www.tabe-iin.com", "内容": "田部医院【2:診療所】【診療科目:内科_消化器内科_外科_肛門外科】群馬県前橋市六供町５－２７－３６" }, "geometry": { "type": "Point", "coordinates": [ 139.077846, 36.366346 ] } },
{ "type": "Feature", "properties": { "ID": 1022100000348, "正式名称": "あづまクリニック", "機関区分": 2, "都道府県コード": 10, "市区町村コード": 201, "所在地": "群馬県前橋市六供町５６６ー１", "緯度": 36.371526, "経度": 139.082324, "url": "https://www.iryou.teikyouseido.mhlw.go.jp/znk-web/juminkanja/S2430/initialize?prefCd=10&kikanCd=2100000348&kikanKbn=2", "url2": "http://azuma-c.jp/", "内容": "あづまクリニック【2:診療所】【診療科目:内科_ペインクリニック内科】群馬県前橋市六供町５６６ー１" }, "geometry": { "type": "Point", "coordinates": [ 139.082324, 36.371526 ] } },
{ "type": "Feature", "properties": { "ID": 1022100000349, "正式名称": "小児科しもだクリニック", "機関区分": 2, "都道府県コード": 10, "市区町村コード": 201, "所在地": "群馬県前橋市六供町二丁目４９番地２", "緯度": 36.37007, "経度": 139.076702, "url": "https://www.iryou.teikyouseido.mhlw.go.jp/znk-web/juminkanja/S2430/initialize?prefCd=10&kikanCd=2100000349&kikanKbn=2", "url2": "http://ssc2.doctorqube.com/shimoda/", "内容": "小児科しもだクリニック【2:診療所】【診療科目:小児科】群馬県前橋市六供町二丁目４９番地２" }, "geometry": { "type": "Point", "coordinates": [ 139.076702, 36.37007 ] } },
{ "type": "Feature", "properties": { "ID": 1022100000351, "正式名称": "あいざわクリニック", "機関区分": 2, "都道府県コード": 10, "市区町村コード": 202, "所在地": "群馬県高崎市江木町１７５番地５", "緯度": 36.328445, "経度": 139.019733, "url": "https://www.iryou.teikyouseido.mhlw.go.jp/znk-web/juminkanja/S2430/initialize?prefCd=10&kikanCd=2100000351&kikanKbn=2", "url2": null, "内容": "あいざわクリニック【2:診療所】【診療科目:内科_消化器内科】群馬県高崎市江木町１７５番地５" }, "geometry": { "type": "Point", "coordinates": [ 139.019733, 36.328445 ] } },
{ "type": "Feature", "properties": { "ID": 1022100000352, "正式名称": "相原医院", "機関区分": 2, "都道府県コード": 10, "市区町村コード": 202, "所在地": "群馬県高崎市下滝町２８３ー３", "緯度": 36.31375, "経度": 139.083415, "url": "https://www.iryou.teikyouseido.mhlw.go.jp/znk-web/juminkanja/S2430/initialize?prefCd=10&kikanCd=2100000352&kikanKbn=2", "url2": null, "内容": "相原医院【2:診療所】【診療科目:内科】群馬県高崎市下滝町２８３ー３" }, "geometry": { "type": "Point", "coordinates": [ 139.083415, 36.31375 ] } },
{ "type": "Feature", "properties": { "ID": 1022100000353, "正式名称": "あおい内科クリニック", "機関区分": 2, "都道府県コード": 10, "市区町村コード": 202, "所在地": "群馬県高崎市八千代町１ー２ー３", "緯度": 36.321695, "経度": 138.993949, "url": "https://www.iryou.teikyouseido.mhlw.go.jp/znk-web/juminkanja/S2430/initialize?prefCd=10&kikanCd=2100000353&kikanKbn=2", "url2": null, "内容": "あおい内科クリニック【2:診療所】【診療科目:内科_消化器内科】群馬県高崎市八千代町１ー２ー３" }, "geometry": { "type": "Point", "coordinates": [ 138.993949, 36.321695 ] } },
{ "type": "Feature", "properties": { "ID": 1022100000355, "正式名称": "医療法人出帆会阿久沢整形外科クリニック", "機関区分": 2, "都道府県コード": 10, "市区町村コード": 202, "所在地": "群馬県高崎市東中里町１９１ー３", "緯度": 36.302111, "経度": 139.063278, "url": "https://www.iryou.teikyouseido.mhlw.go.jp/znk-web/juminkanja/S2430/initialize?prefCd=10&kikanCd=2100000355&kikanKbn=2", "url2": "http://www.akuzawa-seikei.jp/", "内容": "医療法人出帆会阿久沢整形外科クリニック【2:診療所】【診療科目:整形外科】群馬県高崎市東中里町１９１ー３" }, "geometry": { "type": "Point", "coordinates": [ 139.063278, 36.302111 ] } },
{ "type": "Feature", "properties": { "ID": 1022100000356, "正式名称": "医療法人社団康知会朝倉クリニック", "機関区分": 2, "都道府県コード": 10, "市区町村コード": 202, "所在地": "群馬県高崎市我峰町１３９", "緯度": 36.353197, "経度": 138.962604, "url": "https://www.iryou.teikyouseido.mhlw.go.jp/znk-web/juminkanja/S2430/initialize?prefCd=10&kikanCd=2100000356&kikanKbn=2", "url2": null, "内容": "医療法人社団康知会朝倉クリニック【2:診療所】【診療科目:整形外科_麻酔科】群馬県高崎市我峰町１３９" }, "geometry": { "type": "Point", "coordinates": [ 138.962604, 36.353197 ] } },
{ "type": "Feature", "properties": { "ID": 1022100000357, "正式名称": "あさひクリニック", "機関区分": 2, "都道府県コード": 10, "市区町村コード": 202, "所在地": "群馬県高崎市矢中町６８０ー１", "緯度": 36.308516, "経度": 139.055542, "url": "https://www.iryou.teikyouseido.mhlw.go.jp/znk-web/juminkanja/S2430/initialize?prefCd=10&kikanCd=2100000357&kikanKbn=2", "url2": "http://asahiclinic.jp/", "内容": "あさひクリニック【2:診療所】【診療科目:小児科】群馬県高崎市矢中町６８０ー１" }, "geometry": { "type": "Point", "coordinates": [ 139.055542, 36.308516 ] } },
{ "type": "Feature", "properties": { "ID": 1022100000361, "正式名称": "医療法人樹香会あらいキンダークリニック", "機関区分": 2, "都道府県コード": 10, "市区町村コード": 202, "所在地": "群馬県高崎市下中居町", "緯度": 36.309899, "経度": 139.040623, "url": "https://www.iryou.teikyouseido.mhlw.go.jp/znk-web/juminkanja/S2430/initialize?prefCd=10&kikanCd=2100000361&kikanKbn=2", "url2": "https://www.araikinderclinic.com", "内容": "医療法人樹香会あらいキンダークリニック【2:診療所】【診療科目:小児科】群馬県高崎市下中居町" }, "geometry": { "type": "Point", "coordinates": [ 139.040623, 36.309899 ] } },
{ "type": "Feature", "properties": { "ID": 1022100000363, "正式名称": "医療法人社団有賀クリニック", "機関区分": 2, "都道府県コード": 10, "市区町村コード": 202, "所在地": "群馬県高崎市東町８０ー７　ウィル２１", "緯度": 36.326935, "経度": 139.014184, "url": "https://www.iryou.teikyouseido.mhlw.go.jp/znk-web/juminkanja/S2430/initialize?prefCd=10&kikanCd=2100000363&kikanKbn=2", "url2": "https://arigaclinic.com", "内容": "医療法人社団有賀クリニック【2:診療所】【診療科目:内科_放射線科】群馬県高崎市東町８０ー７　ウィル２１" }, "geometry": { "type": "Point", "coordinates": [ 139.014184, 36.326935 ] } },
{ "type": "Feature", "properties": { "ID": 1022100000364, "正式名称": "いいづか・たきた医院", "機関区分": 2, "都道府県コード": 10, "市区町村コード": 202, "所在地": "群馬県高崎市沖町２０３ー４", "緯度": 36.360664, "経度": 138.959034, "url": "https://www.iryou.teikyouseido.mhlw.go.jp/znk-web/juminkanja/S2430/initialize?prefCd=10&kikanCd=2100000364&kikanKbn=2", "url2": null, "内容": "いいづか・たきた医院【2:診療所】【診療科目:内科_耳鼻いんこう科_歯科】群馬県高崎市沖町２０３ー４" }, "geometry": { "type": "Point", "coordinates": [ 138.959034, 36.360664 ] } },
{ "type": "Feature", "properties": { "ID": 1022100000365, "正式名称": "いいづかクリニック", "機関区分": 2, "都道府県コード": 10, "市区町村コード": 202, "所在地": "群馬県高崎市飯塚町８０５ー１", "緯度": 36.34006, "経度": 138.996519, "url": "https://www.iryou.teikyouseido.mhlw.go.jp/znk-web/juminkanja/S2430/initialize?prefCd=10&kikanCd=2100000365&kikanKbn=2", "url2": "https://iizuka-clinic.jp/", "内容": "いいづかクリニック【2:診療所】【診療科目:内科_泌尿器科】群馬県高崎市飯塚町８０５ー１" }, "geometry": { "type": "Point", "coordinates": [ 138.996519, 36.34006 ] } },
{ "type": "Feature", "properties": { "ID": 1022100000366, "正式名称": "医療法人佐々木医院", "機関区分": 2, "都道府県コード": 10, "市区町村コード": 202, "所在地": "群馬県高崎市昭和町２", "緯度": 36.335749, "経度": 139.002375, "url": "https://www.iryou.teikyouseido.mhlw.go.jp/znk-web/juminkanja/S2430/initialize?prefCd=10&kikanCd=2100000366&kikanKbn=2", "url2": "https://sasaki-hp.com/", "内容": "医療法人佐々木医院【2:診療所】【診療科目:内科_循環器内科】群馬県高崎市昭和町２" }, "geometry": { "type": "Point", "coordinates": [ 139.002375, 36.335749 ] } },
{ "type": "Feature", "properties": { "ID": 1022100000368, "正式名称": "いしはら心のクリニック", "機関区分": 2, "都道府県コード": 10, "市区町村コード": 202, "所在地": "群馬県高崎市石原町３１８３ー１　達良ビル２階", "緯度": 36.306258, "経度": 139.001159, "url": "https://www.iryou.teikyouseido.mhlw.go.jp/znk-web/juminkanja/S2430/initialize?prefCd=10&kikanCd=2100000368&kikanKbn=2", "url2": null, "内容": "いしはら心のクリニック【2:診療所】【診療科目:心療内科】群馬県高崎市石原町３１８３ー１　達良ビル２階" }, "geometry": { "type": "Point", "coordinates": [ 139.001159, 36.306258 ] } },
{ "type": "Feature", "properties": { "ID": 1022100000369, "正式名称": "医療法人慈風会乾小児科内科医院", "機関区分": 2, "都道府県コード": 10, "市区町村コード": 202, "所在地": "群馬県高崎市宮元町２０７", "緯度": 36.32451, "経度": 139.00537, "url": "https://www.iryou.teikyouseido.mhlw.go.jp/znk-web/juminkanja/S2430/initialize?prefCd=10&kikanCd=2100000369&kikanKbn=2", "url2": "http://www.inui-iin.com/", "内容": "医療法人慈風会乾小児科内科医院【2:診療所】【診療科目:内科_糖尿病内科_循環器内科_心臓血管内科_小児科_アレルギー科】群馬県高崎市宮元町２０７" }, "geometry": { "type": "Point", "coordinates": [ 139.00537, 36.32451 ] } },
{ "type": "Feature", "properties": { "ID": 1022100000370, "正式名称": "医療法人和泉会乾内科クリニック", "機関区分": 2, "都道府県コード": 10, "市区町村コード": 202, "所在地": "群馬県高崎市下小塙町１５７６－１", "緯度": 36.350484, "経度": 138.966558, "url": "https://www.iryou.teikyouseido.mhlw.go.jp/znk-web/juminkanja/S2430/initialize?prefCd=10&kikanCd=2100000370&kikanKbn=2", "url2": "https://inuinaika.com/", "内容": "医療法人和泉会乾内科クリニック【2:診療所】【診療科目:内科_消化器内科_内視鏡内科】群馬県高崎市下小塙町１５７６－１" }, "geometry": { "type": "Point", "coordinates": [ 138.966558, 36.350484 ] } },
{ "type": "Feature", "properties": { "ID": 1022100000372, "正式名称": "医療法人光友会高崎メディカルクリニック", "機関区分": 2, "都道府県コード": 10, "市区町村コード": 202, "所在地": "群馬県高崎市宮元町２７４", "緯度": 36.322506, "経度": 139.005046, "url": "https://www.iryou.teikyouseido.mhlw.go.jp/znk-web/juminkanja/S2430/initialize?prefCd=10&kikanCd=2100000372&kikanKbn=2", "url2": "http://www.t-m-c.info/", "内容": "医療法人光友会高崎メディカルクリニック【2:診療所】【診療科目:形成外科_美容外科_皮膚科】群馬県高崎市宮元町２７４" }, "geometry": { "type": "Point", "coordinates": [ 139.005046, 36.322506 ] } },
{ "type": "Feature", "properties": { "ID": 1022100000373, "正式名称": "医療法人社団小林外科胃腸科医院", "機関区分": 2, "都道府県コード": 10, "市区町村コード": 202, "所在地": "群馬県高崎市上中居町１８７－１", "緯度": 36.318912, "経度": 139.028571, "url": "https://www.iryou.teikyouseido.mhlw.go.jp/znk-web/juminkanja/S2430/initialize?prefCd=10&kikanCd=2100000373&kikanKbn=2", "url2": "http://kobayashi-geka.life.coocan.jp", "内容": "医療法人社団小林外科胃腸科医院【2:診療所】【診療科目:消化器内科_胃腸内科_外科_肛門外科_皮膚科_泌尿器科】群馬県高崎市上中居町１８７－１" }, "geometry": { "type": "Point", "coordinates": [ 139.028571, 36.318912 ] } },
{ "type": "Feature", "properties": { "ID": 1022100000374, "正式名称": "医療法人社団近藤医院", "機関区分": 2, "都道府県コード": 10, "市区町村コード": 202, "所在地": "群馬県高崎市岩鼻町", "緯度": 36.291973, "経度": 139.075068, "url": "https://www.iryou.teikyouseido.mhlw.go.jp/znk-web/juminkanja/S2430/initialize?prefCd=10&kikanCd=2100000374&kikanKbn=2", "url2": "http://www.kondo-iin.jp/", "内容": "医療法人社団近藤医院【2:診療所】【診療科目:内科_循環器内科】群馬県高崎市岩鼻町" }, "geometry": { "type": "Point", "coordinates": [ 139.075068, 36.291973 ] } },
{ "type": "Feature", "properties": { "ID": 1022100000375, "正式名称": "医療法人社団日高会　平成日高クリニック", "機関区分": 2, "都道府県コード": 10, "市区町村コード": 202, "所在地": "群馬県高崎市中尾町８０７ー１", "緯度": 36.369001, "経度": 139.026681, "url": "https://www.iryou.teikyouseido.mhlw.go.jp/znk-web/juminkanja/S2430/initialize?prefCd=10&kikanCd=2100000375&kikanKbn=2", "url2": "http://www.hidaka-kai.com/heisei/", "内容": "医療法人社団日高会　平成日高クリニック【2:診療所】【診療科目:内科_糖尿病内科_呼吸器内科_循環器内科_腎臓内科_肝臓内科_漢方内科_外科_脳神経外科_心臓血管外科_整形外科_形成外科_眼科_皮膚科_泌尿器科_歯科口腔外科_リウマチ科_リハビリテーション科】群馬県高崎市中尾町８０７ー１" }, "geometry": { "type": "Point", "coordinates": [ 139.026681, 36.369001 ] } },
{ "type": "Feature", "properties": { "ID": 1022100000376, "正式名称": "医療法人社団吉田会吉田内科", "機関区分": 2, "都道府県コード": 10, "市区町村コード": 202, "所在地": "群馬県高崎市江木町２７３－４", "緯度": 36.331062, "経度": 139.014692, "url": "https://www.iryou.teikyouseido.mhlw.go.jp/znk-web/juminkanja/S2430/initialize?prefCd=10&kikanCd=2100000376&kikanKbn=2", "url2": "http://www7a.biglobe.ne.jp/~yoshidanaika/", "内容": "医療法人社団吉田会吉田内科【2:診療所】【診療科目:内科_血液内科_糖尿病・代謝内科_呼吸器内科_循環器内科_消化器内科_胃腸内科_神経内科_心療内科_アレルギー科_リウマチ科】群馬県高崎市江木町２７３－４" }, "geometry": { "type": "Point", "coordinates": [ 139.014692, 36.331062 ] } },
{ "type": "Feature", "properties": { "ID": 1022100000377, "正式名称": "医療法人ラホヤ会道又内科クリニック", "機関区分": 2, "都道府県コード": 10, "市区町村コード": 202, "所在地": "群馬県高崎市柴崎町１１８７ー２", "緯度": 36.318591, "経度": 139.051237, "url": "https://www.iryou.teikyouseido.mhlw.go.jp/znk-web/juminkanja/S2430/initialize?prefCd=10&kikanCd=2100000377&kikanKbn=2", "url2": "http://www.michimata-naika.com", "内容": "医療法人ラホヤ会道又内科クリニック【2:診療所】【診療科目:内科_呼吸器内科_循環器内科_消化器内科_内視鏡内科_アレルギー疾患内科_呼吸器専門医_アレルギー科_リウマチ科】群馬県高崎市柴崎町１１８７ー２" }, "geometry": { "type": "Point", "coordinates": [ 139.051237, 36.318591 ] } },
{ "type": "Feature", "properties": { "ID": 1022100000378, "正式名称": "医療法人ジェノムいわた内科クリニック", "機関区分": 2, "都道府県コード": 10, "市区町村コード": 202, "所在地": "群馬県高崎市石原町４１７１", "緯度": 36.307801, "経度": 139.006419, "url": "https://www.iryou.teikyouseido.mhlw.go.jp/znk-web/juminkanja/S2430/initialize?prefCd=10&kikanCd=2100000378&kikanKbn=2", "url2": null, "内容": "医療法人ジェノムいわた内科クリニック【2:診療所】【診療科目:内科】群馬県高崎市石原町４１７１" }, "geometry": { "type": "Point", "coordinates": [ 139.006419, 36.307801 ] } },
{ "type": "Feature", "properties": { "ID": 1022100000379, "正式名称": "医療法人むつみ会うえはらクリニック", "機関区分": 2, "都道府県コード": 10, "市区町村コード": 202, "所在地": "群馬県高崎市高関町３５４－１", "緯度": 36.327585, "経度": 139.027604, "url": "https://www.iryou.teikyouseido.mhlw.go.jp/znk-web/juminkanja/S2430/initialize?prefCd=10&kikanCd=2100000379&kikanKbn=2", "url2": "http://m-uehara.byoinnavi.jp", "内容": "医療法人むつみ会うえはらクリニック【2:診療所】【診療科目:内科_消化器内科_精神科_神経科_心療内科】群馬県高崎市高関町３５４－１" }, "geometry": { "type": "Point", "coordinates": [ 139.027604, 36.327585 ] } },
{ "type": "Feature", "properties": { "ID": 1022100000380, "正式名称": "かなざわ小児科クリニック", "機関区分": 2, "都道府県コード": 10, "市区町村コード": 201, "所在地": "群馬県前橋市幸塚町９０ー１", "緯度": 36.406398, "経度": 139.084359, "url": "https://www.iryou.teikyouseido.mhlw.go.jp/znk-web/juminkanja/S2430/initialize?prefCd=10&kikanCd=2100000380&kikanKbn=2", "url2": "https://www.kanazawa-ped.com", "内容": "かなざわ小児科クリニック【2:診療所】【診療科目:小児科】群馬県前橋市幸塚町９０ー１" }, "geometry": { "type": "Point", "coordinates": [ 139.084359, 36.406398 ] } },
{ "type": "Feature", "properties": { "ID": 1022100000381, "正式名称": "植原整形外科医院", "機関区分": 2, "都道府県コード": 10, "市区町村コード": 202, "所在地": "群馬県高崎市飯塚町６９１－１９", "緯度": 36.338889, "経度": 139.006639, "url": "https://www.iryou.teikyouseido.mhlw.go.jp/znk-web/juminkanja/S2430/initialize?prefCd=10&kikanCd=2100000381&kikanKbn=2", "url2": "http://www.cheentake.jp", "内容": "植原整形外科医院【2:診療所】【診療科目:整形外科】群馬県高崎市飯塚町６９１－１９" }, "geometry": { "type": "Point", "coordinates": [ 139.006639, 36.338889 ] } },
{ "type": "Feature", "properties": { "ID": 1022100000382, "正式名称": "上原内科医院", "機関区分": 2, "都道府県コード": 10, "市区町村コード": 202, "所在地": "群馬県高崎市中豊岡町１２５ー３", "緯度": 36.332847, "経度": 138.975675, "url": "https://www.iryou.teikyouseido.mhlw.go.jp/znk-web/juminkanja/S2430/initialize?prefCd=10&kikanCd=2100000382&kikanKbn=2", "url2": null, "内容": "上原内科医院【2:診療所】【診療科目:内科_糖尿病内科_呼吸器内科_循環器内科_消化器内科_アレルギー科】群馬県高崎市中豊岡町１２５ー３" }, "geometry": { "type": "Point", "coordinates": [ 138.975675, 36.332847 ] } },
{ "type": "Feature", "properties": { "ID": 1022100000383, "正式名称": "医療法人道寿会　内堀整形外科医院", "機関区分": 2, "都道府県コード": 10, "市区町村コード": 202, "所在地": "群馬県高崎市栄町", "緯度": 36.318667, "経度": 139.018694, "url": "https://www.iryou.teikyouseido.mhlw.go.jp/znk-web/juminkanja/S2430/initialize?prefCd=10&kikanCd=2100000383&kikanKbn=2", "url2": null, "内容": "医療法人道寿会　内堀整形外科医院【2:診療所】【診療科目:整形外科】群馬県高崎市栄町" }, "geometry": { "type": "Point", "coordinates": [ 139.018694, 36.318667 ] } },
{ "type": "Feature", "properties": { "ID": 1022100000384, "正式名称": "医療法人杣会うめやま医院", "機関区分": 2, "都道府県コード": 10, "市区町村コード": 202, "所在地": "群馬県高崎市連雀町１３３番地", "緯度": 36.324034, "経度": 139.006713, "url": "https://www.iryou.teikyouseido.mhlw.go.jp/znk-web/juminkanja/S2430/initialize?prefCd=10&kikanCd=2100000384&kikanKbn=2", "url2": "https://umeyama.jp/", "内容": "医療法人杣会うめやま医院【2:診療所】【診療科目:内科_性感染症内科_外科_泌尿器科】群馬県高崎市連雀町１３３番地" }, "geometry": { "type": "Point", "coordinates": [ 139.006713, 36.324034 ] } },
{ "type": "Feature", "properties": { "ID": 1022100000388, "正式名称": "大塚医院", "機関区分": 2, "都道府県コード": 10, "市区町村コード": 202, "所在地": "群馬県高崎市下小鳥町６２ー１１", "緯度": 36.356209, "経度": 138.993217, "url": "https://www.iryou.teikyouseido.mhlw.go.jp/znk-web/juminkanja/S2430/initialize?prefCd=10&kikanCd=2100000388&kikanKbn=2", "url2": null, "内容": "大塚医院【2:診療所】【診療科目:内科_小児科】群馬県高崎市下小鳥町６２ー１１" }, "geometry": { "type": "Point", "coordinates": [ 138.993217, 36.356209 ] } },
{ "type": "Feature", "properties": { "ID": 1022100000389, "正式名称": "大西眼科", "機関区分": 2, "都道府県コード": 10, "市区町村コード": 202, "所在地": "群馬県高崎市中居町４－７－７", "緯度": 36.314302, "経度": 139.039305, "url": "https://www.iryou.teikyouseido.mhlw.go.jp/znk-web/juminkanja/S2430/initialize?prefCd=10&kikanCd=2100000389&kikanKbn=2", "url2": null, "内容": "大西眼科【2:診療所】【診療科目:眼科】群馬県高崎市中居町４－７－７" }, "geometry": { "type": "Point", "coordinates": [ 139.039305, 36.314302 ] } },
{ "type": "Feature", "properties": { "ID": 1022100000390, "正式名称": "大山医院", "機関区分": 2, "都道府県コード": 10, "市区町村コード": 202, "所在地": "群馬県高崎市浜川町２２４２ー１", "緯度": 36.362166, "経度": 138.980304, "url": "https://www.iryou.teikyouseido.mhlw.go.jp/znk-web/juminkanja/S2430/initialize?prefCd=10&kikanCd=2100000390&kikanKbn=2", "url2": "http://www.ohyama-iin.jp", "内容": "大山医院【2:診療所】【診療科目:内科_呼吸器内科_循環器内科】群馬県高崎市浜川町２２４２ー１" }, "geometry": { "type": "Point", "coordinates": [ 138.980304, 36.362166 ] } },
{ "type": "Feature", "properties": { "ID": 1022100000391, "正式名称": "大山眼科", "機関区分": 2, "都道府県コード": 10, "市区町村コード": 202, "所在地": "群馬県高崎市浜川町２２３７－２", "緯度": 36.361671, "経度": 138.980379, "url": "https://www.iryou.teikyouseido.mhlw.go.jp/znk-web/juminkanja/S2430/initialize?prefCd=10&kikanCd=2100000391&kikanKbn=2", "url2": null, "内容": "大山眼科【2:診療所】【診療科目:眼科】群馬県高崎市浜川町２２３７－２" }, "geometry": { "type": "Point", "coordinates": [ 138.980379, 36.361671 ] } },
{ "type": "Feature", "properties": { "ID": 1022100000392, "正式名称": "くらがのファミリークリニック", "機関区分": 2, "都道府県コード": 10, "市区町村コード": 202, "所在地": "群馬県高崎市倉賀野町", "緯度": 36.29518, "経度": 139.053459, "url": "https://www.iryou.teikyouseido.mhlw.go.jp/znk-web/juminkanja/S2430/initialize?prefCd=10&kikanCd=2100000392&kikanKbn=2", "url2": "https://kuragano.net/", "内容": "くらがのファミリークリニック【2:診療所】【診療科目:内科_循環器内科_小児科】群馬県高崎市倉賀野町" }, "geometry": { "type": "Point", "coordinates": [ 139.053459, 36.29518 ] } },
{ "type": "Feature", "properties": { "ID": 1022100000394, "正式名称": "岡村胃腸クリニック", "機関区分": 2, "都道府県コード": 10, "市区町村コード": 202, "所在地": "群馬県高崎市東町２８－１", "緯度": 36.324925, "経度": 139.015064, "url": "https://www.iryou.teikyouseido.mhlw.go.jp/znk-web/juminkanja/S2430/initialize?prefCd=10&kikanCd=2100000394&kikanKbn=2", "url2": "http://www.okamura-ichoclinic.jp/", "内容": "岡村胃腸クリニック【2:診療所】【診療科目:内科_消化器内科_内視鏡内科_肛門内科】群馬県高崎市東町２８－１" }, "geometry": { "type": "Point", "coordinates": [ 139.015064, 36.324925 ] } },
{ "type": "Feature", "properties": { "ID": 1022100000395, "正式名称": "医療法人南山会岡本内科クリニック", "機関区分": 2, "都道府県コード": 10, "市区町村コード": 202, "所在地": "群馬県高崎市上中居町３６５－２", "緯度": 36.315463, "経度": 139.026981, "url": "https://www.iryou.teikyouseido.mhlw.go.jp/znk-web/juminkanja/S2430/initialize?prefCd=10&kikanCd=2100000395&kikanKbn=2", "url2": "http://www.okamotoclinic.jp", "内容": "医療法人南山会岡本内科クリニック【2:診療所】【診療科目:内科_循環器内科】群馬県高崎市上中居町３６５－２" }, "geometry": { "type": "Point", "coordinates": [ 139.026981, 36.315463 ] } },
{ "type": "Feature", "properties": { "ID": 1022100000397, "正式名称": "医療法人翠聖会小倉クリニック", "機関区分": 2, "都道府県コード": 10, "市区町村コード": 202, "所在地": "群馬県高崎市柴崎町６０ー１１", "緯度": 36.310561, "経度": 139.055664, "url": "https://www.iryou.teikyouseido.mhlw.go.jp/znk-web/juminkanja/S2430/initialize?prefCd=10&kikanCd=2100000397&kikanKbn=2", "url2": "https://www.ogura-clinic.com/", "内容": "医療法人翠聖会小倉クリニック【2:診療所】【診療科目:内科_循環器内科_歯科_小児歯科】群馬県高崎市柴崎町６０ー１１" }, "geometry": { "type": "Point", "coordinates": [ 139.055664, 36.310561 ] } },
{ "type": "Feature", "properties": { "ID": 1022100000399, "正式名称": "医療法人小野垣医院", "機関区分": 2, "都道府県コード": 10, "市区町村コード": 202, "所在地": "群馬県高崎市中居町３丁目３９番地２", "緯度": 36.313674, "経度": 139.04361, "url": "https://www.iryou.teikyouseido.mhlw.go.jp/znk-web/juminkanja/S2430/initialize?prefCd=10&kikanCd=2100000399&kikanKbn=2", "url2": "http://www.onogaki-clinic.jp/", "内容": "医療法人小野垣医院【2:診療所】【診療科目:内科】群馬県高崎市中居町３丁目３９番地２" }, "geometry": { "type": "Point", "coordinates": [ 139.04361, 36.313674 ] } },
{ "type": "Feature", "properties": { "ID": 1022100000400, "正式名称": "小野整形外科医院", "機関区分": 2, "都道府県コード": 10, "市区町村コード": 202, "所在地": "群馬県高崎市上豊岡町２４３ー３", "緯度": 36.333143, "経度": 138.964383, "url": "https://www.iryou.teikyouseido.mhlw.go.jp/znk-web/juminkanja/S2430/initialize?prefCd=10&kikanCd=2100000400&kikanKbn=2", "url2": null, "内容": "小野整形外科医院【2:診療所】【診療科目:整形外科】群馬県高崎市上豊岡町２４３ー３" }, "geometry": { "type": "Point", "coordinates": [ 138.964383, 36.333143 ] } },
{ "type": "Feature", "properties": { "ID": 1022100000402, "正式名称": "貝沢中央医院", "機関区分": 2, "都道府県コード": 10, "市区町村コード": 202, "所在地": "群馬県高崎市東貝沢町３ー１７ー１", "緯度": 36.3507, "経度": 139.025907, "url": "https://www.iryou.teikyouseido.mhlw.go.jp/znk-web/juminkanja/S2430/initialize?prefCd=10&kikanCd=2100000402&kikanKbn=2", "url2": null, "内容": "貝沢中央医院【2:診療所】【診療科目:胃腸内科_外科_小児科】群馬県高崎市東貝沢町３ー１７ー１" }, "geometry": { "type": "Point", "coordinates": [ 139.025907, 36.3507 ] } },
{ "type": "Feature", "properties": { "ID": 1022100000404, "正式名称": "医療法人三世会勝田内科消化器クリニック", "機関区分": 2, "都道府県コード": 10, "市区町村コード": 202, "所在地": "群馬県高崎市八千代町４－６－２１", "緯度": 36.324206, "経度": 138.98691, "url": "https://www.iryou.teikyouseido.mhlw.go.jp/znk-web/juminkanja/S2430/initialize?prefCd=10&kikanCd=2100000404&kikanKbn=2", "url2": null, "内容": "医療法人三世会勝田内科消化器クリニック【2:診療所】【診療科目:内科_糖尿病内科_代謝・内分泌内科_消化器内科】群馬県高崎市八千代町４－６－２１" }, "geometry": { "type": "Point", "coordinates": [ 138.98691, 36.324206 ] } },
{ "type": "Feature", "properties": { "ID": 1022100000407, "正式名称": "上条女性クリニック", "機関区分": 2, "都道府県コード": 10, "市区町村コード": 202, "所在地": "群馬県高崎市栗崎町５３４ー１", "緯度": 36.305358, "経度": 139.066308, "url": "https://www.iryou.teikyouseido.mhlw.go.jp/znk-web/juminkanja/S2430/initialize?prefCd=10&kikanCd=2100000407&kikanKbn=2", "url2": "https://www.kamijolc.com/", "内容": "上条女性クリニック【2:診療所】【診療科目:婦人科_産婦人科（生殖医療）】群馬県高崎市栗崎町５３４ー１" }, "geometry": { "type": "Point", "coordinates": [ 139.066308, 36.305358 ] } },
{ "type": "Feature", "properties": { "ID": 1022100000409, "正式名称": "神田医院", "機関区分": 2, "都道府県コード": 10, "市区町村コード": 202, "所在地": "群馬県高崎市片岡町１ー１３ー２１　神田ビル１階", "緯度": 36.320748, "経度": 138.993696, "url": "https://www.iryou.teikyouseido.mhlw.go.jp/znk-web/juminkanja/S2430/initialize?prefCd=10&kikanCd=2100000409&kikanKbn=2", "url2": null, "内容": "神田医院【2:診療所】【診療科目:内科_精神科_心療内科】群馬県高崎市片岡町１ー１３ー２１　神田ビル１階" }, "geometry": { "type": "Point", "coordinates": [ 138.993696, 36.320748 ] } },
{ "type": "Feature", "properties": { "ID": 1022100000410, "正式名称": "医療法人一歩会　緩和ケア診療所・いっぽ", "機関区分": 2, "都道府県コード": 10, "市区町村コード": 202, "所在地": "群馬県高崎市京目町", "緯度": 36.349449, "経度": 139.061235, "url": "https://www.iryou.teikyouseido.mhlw.go.jp/znk-web/juminkanja/S2430/initialize?prefCd=10&kikanCd=2100000410&kikanKbn=2", "url2": "http://www.ippo-kai.com", "内容": "医療法人一歩会　緩和ケア診療所・いっぽ【2:診療所】【診療科目:内科_麻酔科】群馬県高崎市京目町" }, "geometry": { "type": "Point", "coordinates": [ 139.061235, 36.349449 ] } },
{ "type": "Feature", "properties": { "ID": 1022100000411, "正式名称": "菊池皮膚科", "機関区分": 2, "都道府県コード": 10, "市区町村コード": 202, "所在地": "群馬県高崎市柳川町９ー３", "緯度": 36.327672, "経度": 139.002685, "url": "https://www.iryou.teikyouseido.mhlw.go.jp/znk-web/juminkanja/S2430/initialize?prefCd=10&kikanCd=2100000411&kikanKbn=2", "url2": "http://www.m851983.ibuilder.jp/", "内容": "菊池皮膚科【2:診療所】【診療科目:皮膚科_泌尿器科】群馬県高崎市柳川町９ー３" }, "geometry": { "type": "Point", "coordinates": [ 139.002685, 36.327672 ] } },
{ "type": "Feature", "properties": { "ID": 1022100000413, "正式名称": "医療法人　三六会　北高崎クリニック", "機関区分": 2, "都道府県コード": 10, "市区町村コード": 202, "所在地": "群馬県高崎市大橋町１５８", "緯度": 36.33842, "経度": 138.999031, "url": "https://www.iryou.teikyouseido.mhlw.go.jp/znk-web/juminkanja/S2430/initialize?prefCd=10&kikanCd=2100000413&kikanKbn=2", "url2": "http://kitatakasaki-clinic.com/", "内容": "医療法人　三六会　北高崎クリニック【2:診療所】【診療科目:内科_循環器内科】群馬県高崎市大橋町１５８" }, "geometry": { "type": "Point", "coordinates": [ 138.999031, 36.33842 ] } },
{ "type": "Feature", "properties": { "ID": 1022100000415, "正式名称": "久保田胃腸科内科クリニック", "機関区分": 2, "都道府県コード": 10, "市区町村コード": 202, "所在地": "群馬県高崎市寺尾町２４０", "緯度": 36.303498, "経度": 139.008016, "url": "https://www.iryou.teikyouseido.mhlw.go.jp/znk-web/juminkanja/S2430/initialize?prefCd=10&kikanCd=2100000415&kikanKbn=2", "url2": null, "内容": "久保田胃腸科内科クリニック【2:診療所】【診療科目:内科_胃腸内科】群馬県高崎市寺尾町２４０" }, "geometry": { "type": "Point", "coordinates": [ 139.008016, 36.303498 ] } },
{ "type": "Feature", "properties": { "ID": 1022100000417, "正式名称": "栗原肛門科医院", "機関区分": 2, "都道府県コード": 10, "市区町村コード": 202, "所在地": "群馬県高崎市請地町５ー５", "緯度": 36.333838, "経度": 139.004324, "url": "https://www.iryou.teikyouseido.mhlw.go.jp/znk-web/juminkanja/S2430/initialize?prefCd=10&kikanCd=2100000417&kikanKbn=2", "url2": "http://park16.wakwak.com/~kurihara/", "内容": "栗原肛門科医院【2:診療所】【診療科目:肛門外科】群馬県高崎市請地町５ー５" }, "geometry": { "type": "Point", "coordinates": [ 139.004324, 36.333838 ] } },
{ "type": "Feature", "properties": { "ID": 1022100000419, "正式名称": "医療法人井上病院　群馬リウマチクリニック", "機関区分": 2, "都道府県コード": 10, "市区町村コード": 202, "所在地": "群馬県高崎市井野町１０４０ー１", "緯度": 36.352559, "経度": 139.027127, "url": "https://www.iryou.teikyouseido.mhlw.go.jp/znk-web/juminkanja/S2430/initialize?prefCd=10&kikanCd=2100000419&kikanKbn=2", "url2": "http://www.ra-inoue-hp.com/racl/", "内容": "医療法人井上病院　群馬リウマチクリニック【2:診療所】【診療科目:内科_整形外科_リウマチ科】群馬県高崎市井野町１０４０ー１" }, "geometry": { "type": "Point", "coordinates": [ 139.027127, 36.352559 ] } },
{ "type": "Feature", "properties": { "ID": 1022100000420, "正式名称": "こいけ整形外科クリニック", "機関区分": 2, "都道府県コード": 10, "市区町村コード": 202, "所在地": "群馬県高崎市浜川町１７４０ー１", "緯度": 36.359083, "経度": 138.988583, "url": "https://www.iryou.teikyouseido.mhlw.go.jp/znk-web/juminkanja/S2430/initialize?prefCd=10&kikanCd=2100000420&kikanKbn=2", "url2": "https://koike-seikei.jp/", "内容": "こいけ整形外科クリニック【2:診療所】【診療科目:整形外科_リウマチ科_リハビリテーション科】群馬県高崎市浜川町１７４０ー１" }, "geometry": { "type": "Point", "coordinates": [ 138.988583, 36.359083 ] } },
{ "type": "Feature", "properties": { "ID": 1022100000421, "正式名称": "医療法人小泉重田小児科", "機関区分": 2, "都道府県コード": 10, "市区町村コード": 202, "所在地": "群馬県高崎市飯塚町１２８５－２", "緯度": 36.339178, "経度": 139.013997, "url": "https://www.iryou.teikyouseido.mhlw.go.jp/znk-web/juminkanja/S2430/initialize?prefCd=10&kikanCd=2100000421&kikanKbn=2", "url2": "http://koizumi-shigeta.or.jp", "内容": "医療法人小泉重田小児科【2:診療所】【診療科目:小児科_アレルギー科】群馬県高崎市飯塚町１２８５－２" }, "geometry": { "type": "Point", "coordinates": [ 139.013997, 36.339178 ] } },
{ "type": "Feature", "properties": { "ID": 1022100000422, "正式名称": "小泉小児科医院", "機関区分": 2, "都道府県コード": 10, "市区町村コード": 202, "所在地": "群馬県高崎市連雀町１２７", "緯度": 36.324104, "経度": 139.006295, "url": "https://www.iryou.teikyouseido.mhlw.go.jp/znk-web/juminkanja/S2430/initialize?prefCd=10&kikanCd=2100000422&kikanKbn=2", "url2": "http://www.koizumi-clinic.jp/", "内容": "小泉小児科医院【2:診療所】【診療科目:内科_小児科】群馬県高崎市連雀町１２７" }, "geometry": { "type": "Point", "coordinates": [ 139.006295, 36.324104 ] } },
{ "type": "Feature", "properties": { "ID": 1022100000423, "正式名称": "医療法人和宏会小板橋記念クリニック", "機関区分": 2, "都道府県コード": 10, "市区町村コード": 202, "所在地": "群馬県高崎市上小塙町１０１２", "緯度": 36.352333, "経度": 138.985694, "url": "https://www.iryou.teikyouseido.mhlw.go.jp/znk-web/juminkanja/S2430/initialize?prefCd=10&kikanCd=2100000423&kikanKbn=2", "url2": null, "内容": "医療法人和宏会小板橋記念クリニック【2:診療所】【診療科目:消化器内科_外科_肛門外科_整形外科】群馬県高崎市上小塙町１０１２" }, "geometry": { "type": "Point", "coordinates": [ 138.985694, 36.352333 ] } },
{ "type": "Feature", "properties": { "ID": 1022100000426, "正式名称": "独立行政法人　国立重度知的障害者総合施設のぞみの園　診療所", "機関区分": 2, "都道府県コード": 10, "市区町村コード": 202, "所在地": "群馬県高崎市寺尾町２１２０－２", "緯度": 36.30784, "経度": 138.969356, "url": "https://www.iryou.teikyouseido.mhlw.go.jp/znk-web/juminkanja/S2430/initialize?prefCd=10&kikanCd=2100000426&kikanKbn=2", "url2": "https://www.nozomi.go.jp/", "内容": "独立行政法人　国立重度知的障害者総合施設のぞみの園　診療所【2:診療所】【診療科目:内科_整形外科_皮膚科_精神科_歯科】群馬県高崎市寺尾町２１２０－２" }, "geometry": { "type": "Point", "coordinates": [ 138.969356, 36.30784 ] } },
{ "type": "Feature", "properties": { "ID": 1022100000427, "正式名称": "医療法人社団優仁会こだまクリニック", "機関区分": 2, "都道府県コード": 10, "市区町村コード": 202, "所在地": "群馬県高崎市石原町３２２５", "緯度": 36.308619, "経度": 139.000603, "url": "https://www.iryou.teikyouseido.mhlw.go.jp/znk-web/juminkanja/S2430/initialize?prefCd=10&kikanCd=2100000427&kikanKbn=2", "url2": "http://kodama-clinic-takasaki.jimdofree.com/", "内容": "医療法人社団優仁会こだまクリニック【2:診療所】【診療科目:内科_呼吸器内科_循環器内科_消化器内科】群馬県高崎市石原町３２２５" }, "geometry": { "type": "Point", "coordinates": [ 139.000603, 36.308619 ] } },
{ "type": "Feature", "properties": { "ID": 1022100000429, "正式名称": "小林眼科", "機関区分": 2, "都道府県コード": 10, "市区町村コード": 202, "所在地": "群馬県高崎市南大類町１２９２－３", "緯度": 36.32771, "経度": 139.032037, "url": "https://www.iryou.teikyouseido.mhlw.go.jp/znk-web/juminkanja/S2430/initialize?prefCd=10&kikanCd=2100000429&kikanKbn=2", "url2": "http://kobayashi-ganka.or.jp/", "内容": "小林眼科【2:診療所】【診療科目:眼科】群馬県高崎市南大類町１２９２－３" }, "geometry": { "type": "Point", "coordinates": [ 139.032037, 36.32771 ] } },
{ "type": "Feature", "properties": { "ID": 1022100000430, "正式名称": "小林医院", "機関区分": 2, "都道府県コード": 10, "市区町村コード": 202, "所在地": "群馬県高崎市檜物町", "緯度": 36.323367, "経度": 139.006102, "url": "https://www.iryou.teikyouseido.mhlw.go.jp/znk-web/juminkanja/S2430/initialize?prefCd=10&kikanCd=2100000430&kikanKbn=2", "url2": null, "内容": "小林医院【2:診療所】【診療科目:神経内科_心療内科】群馬県高崎市檜物町" }, "geometry": { "type": "Point", "coordinates": [ 139.006102, 36.323367 ] } },
{ "type": "Feature", "properties": { "ID": 1022100000431, "正式名称": "小林内科胃腸科医院", "機関区分": 2, "都道府県コード": 10, "市区町村コード": 202, "所在地": "群馬県高崎市井野町６４９－２", "緯度": 36.358544, "経度": 139.028632, "url": "https://www.iryou.teikyouseido.mhlw.go.jp/znk-web/juminkanja/S2430/initialize?prefCd=10&kikanCd=2100000431&kikanKbn=2", "url2": "http://www.kobayashi-icyouka.com/pc/", "内容": "小林内科胃腸科医院【2:診療所】【診療科目:内科_糖尿病・代謝内科_気管食道内科_消化器内科_胃腸内科_内視鏡内科】群馬県高崎市井野町６４９－２" }, "geometry": { "type": "Point", "coordinates": [ 139.028632, 36.358544 ] } },
{ "type": "Feature", "properties": { "ID": 1022100000432, "正式名称": "こやぎ内科", "機関区分": 2, "都道府県コード": 10, "市区町村コード": 202, "所在地": "群馬県高崎市小八木町２０３１ー６", "緯度": 36.359549, "経度": 139.018696, "url": "https://www.iryou.teikyouseido.mhlw.go.jp/znk-web/juminkanja/S2430/initialize?prefCd=10&kikanCd=2100000432&kikanKbn=2", "url2": "http://www.koyaginaika.com/", "内容": "こやぎ内科【2:診療所】【診療科目:内科_呼吸器内科_アレルギー疾患内科】群馬県高崎市小八木町２０３１ー６" }, "geometry": { "type": "Point", "coordinates": [ 139.018696, 36.359549 ] } },
{ "type": "Feature", "properties": { "ID": 1022100000433, "正式名称": "医療法人あいおい会こすもレディースクリニック", "機関区分": 2, "都道府県コード": 10, "市区町村コード": 202, "所在地": "群馬県高崎市旭町１１３ー７　ハートスクエア長建１Ｆ", "緯度": 36.326365, "経度": 139.01147, "url": "https://www.iryou.teikyouseido.mhlw.go.jp/znk-web/juminkanja/S2430/initialize?prefCd=10&kikanCd=2100000433&kikanKbn=2", "url2": "http://www.cosmo-ladies.com", "内容": "医療法人あいおい会こすもレディースクリニック【2:診療所】【診療科目:産科_婦人科】群馬県高崎市旭町１１３ー７　ハートスクエア長建１Ｆ" }, "geometry": { "type": "Point", "coordinates": [ 139.01147, 36.326365 ] } },
{ "type": "Feature", "properties": { "ID": 1022100000434, "正式名称": "五百山クリニック", "機関区分": 2, "都道府県コード": 10, "市区町村コード": 202, "所在地": "群馬県高崎市乗附町１５２６ー２", "緯度": 36.324873, "経度": 138.975981, "url": "https://www.iryou.teikyouseido.mhlw.go.jp/znk-web/juminkanja/S2430/initialize?prefCd=10&kikanCd=2100000434&kikanKbn=2", "url2": "https://sites.google.com/view/gohyakuyama-clinic/%E3%83%9B%E3%83%BC%E3%83%A0?authuser=1", "内容": "五百山クリニック【2:診療所】【診療科目:内科】群馬県高崎市乗附町１５２６ー２" }, "geometry": { "type": "Point", "coordinates": [ 138.975981, 36.324873 ] } },
{ "type": "Feature", "properties": { "ID": 1022100000435, "正式名称": "斎川産婦人科医院", "機関区分": 2, "都道府県コード": 10, "市区町村コード": 202, "所在地": "群馬県高崎市岩押町３１－１０", "緯度": 36.324824, "経度": 139.020439, "url": "https://www.iryou.teikyouseido.mhlw.go.jp/znk-web/juminkanja/S2430/initialize?prefCd=10&kikanCd=2100000435&kikanKbn=2", "url2": null, "内容": "斎川産婦人科医院【2:診療所】【診療科目:産婦人科】群馬県高崎市岩押町３１－１０" }, "geometry": { "type": "Point", "coordinates": [ 139.020439, 36.324824 ] } },
{ "type": "Feature", "properties": { "ID": 1022100000438, "正式名称": "一般財団法人榛名荘榛名荘病院附属高崎診療所　はるな脳外科", "機関区分": 2, "都道府県コード": 10, "市区町村コード": 202, "所在地": "群馬県高崎市上豊岡町８２７－１", "緯度": 36.343291, "経度": 138.966853, "url": "https://www.iryou.teikyouseido.mhlw.go.jp/znk-web/juminkanja/S2430/initialize?prefCd=10&kikanCd=2100000438&kikanKbn=2", "url2": "http://www.harunaso.or.jp", "内容": "一般財団法人榛名荘榛名荘病院附属高崎診療所　はるな脳外科【2:診療所】【診療科目:脳神経外科_整形外科_リハビリテーション科】群馬県高崎市上豊岡町８２７－１" }, "geometry": { "type": "Point", "coordinates": [ 138.966853, 36.343291 ] } },
{ "type": "Feature", "properties": { "ID": 1022100000439, "正式名称": "医療法人聡生会　斎藤皮膚科医院", "機関区分": 2, "都道府県コード": 10, "市区町村コード": 202, "所在地": "群馬県高崎市下小鳥町８０－３", "緯度": 36.350196, "経度": 138.993723, "url": "https://www.iryou.teikyouseido.mhlw.go.jp/znk-web/juminkanja/S2430/initialize?prefCd=10&kikanCd=2100000439&kikanKbn=2", "url2": null, "内容": "医療法人聡生会　斎藤皮膚科医院【2:診療所】【診療科目:皮膚科】群馬県高崎市下小鳥町８０－３" }, "geometry": { "type": "Point", "coordinates": [ 138.993723, 36.350196 ] } },
{ "type": "Feature", "properties": { "ID": 1022100000440, "正式名称": "さかもと眼科", "機関区分": 2, "都道府県コード": 10, "市区町村コード": 202, "所在地": "群馬県高崎市江木町７１８ー１", "緯度": 36.378737, "経度": 139.13656, "url": "https://www.iryou.teikyouseido.mhlw.go.jp/znk-web/juminkanja/S2430/initialize?prefCd=10&kikanCd=2100000440&kikanKbn=2", "url2": "sakamoto-ganka.org", "内容": "さかもと眼科【2:診療所】【診療科目:眼科】群馬県高崎市江木町７１８ー１" }, "geometry": { "type": "Point", "coordinates": [ 139.13656, 36.378737 ] } },
{ "type": "Feature", "properties": { "ID": 1022100000441, "正式名称": "医療法人千心会櫻井医院", "機関区分": 2, "都道府県コード": 10, "市区町村コード": 202, "所在地": "群馬県高崎市柴崎町１２１３−２", "緯度": 36.323201, "経度": 139.04296, "url": "https://www.iryou.teikyouseido.mhlw.go.jp/znk-web/juminkanja/S2430/initialize?prefCd=10&kikanCd=2100000441&kikanKbn=2", "url2": "https://sakurai-crc.org", "内容": "医療法人千心会櫻井医院【2:診療所】【診療科目:内科_循環器内科_リハビリテーション科】群馬県高崎市柴崎町１２１３−２" }, "geometry": { "type": "Point", "coordinates": [ 139.04296, 36.323201 ] } },
{ "type": "Feature", "properties": { "ID": 1022100000442, "正式名称": "佐藤呼吸器科医院", "機関区分": 2, "都道府県コード": 10, "市区町村コード": 202, "所在地": "群馬県高崎市飯塚町２５３－１", "緯度": 36.346494, "経度": 138.999906, "url": "https://www.iryou.teikyouseido.mhlw.go.jp/znk-web/juminkanja/S2430/initialize?prefCd=10&kikanCd=2100000442&kikanKbn=2", "url2": "http://www.satoh-iin.com/", "内容": "佐藤呼吸器科医院【2:診療所】【診療科目:内科_呼吸器内科_アレルギー疾患内科_アレルギー科】群馬県高崎市飯塚町２５３－１" }, "geometry": { "type": "Point", "coordinates": [ 138.999906, 36.346494 ] } },
{ "type": "Feature", "properties": { "ID": 1022100000443, "正式名称": "医療法人慈育会佐藤小児科内科医院", "機関区分": 2, "都道府県コード": 10, "市区町村コード": 202, "所在地": "群馬県高崎市栄町２７ー１３", "緯度": 36.317938, "経度": 139.015515, "url": "https://www.iryou.teikyouseido.mhlw.go.jp/znk-web/juminkanja/S2430/initialize?prefCd=10&kikanCd=2100000443&kikanKbn=2", "url2": "http://sato-clinic1959.com/", "内容": "医療法人慈育会佐藤小児科内科医院【2:診療所】【診療科目:内科_循環器内科_胃腸内科_小児科】群馬県高崎市栄町２７ー１３" }, "geometry": { "type": "Point", "coordinates": [ 139.015515, 36.317938 ] } },
{ "type": "Feature", "properties": { "ID": 1022100000444, "正式名称": "佐藤皮膚科医院", "機関区分": 2, "都道府県コード": 10, "市区町村コード": 202, "所在地": "群馬県高崎市下横町９ー２", "緯度": 36.320121, "経度": 139.00629, "url": "https://www.iryou.teikyouseido.mhlw.go.jp/znk-web/juminkanja/S2430/initialize?prefCd=10&kikanCd=2100000444&kikanKbn=2", "url2": "https://sato-hifuka.info", "内容": "佐藤皮膚科医院【2:診療所】【診療科目:皮膚科】群馬県高崎市下横町９ー２" }, "geometry": { "type": "Point", "coordinates": [ 139.00629, 36.320121 ] } },
{ "type": "Feature", "properties": { "ID": 1022100000449, "正式名称": "医療法人　重田こども・アレルギークリニック", "機関区分": 2, "都道府県コード": 10, "市区町村コード": 202, "所在地": "群馬県高崎市島野町１４１８", "緯度": 36.347831, "経度": 139.046628, "url": "https://www.iryou.teikyouseido.mhlw.go.jp/znk-web/juminkanja/S2430/initialize?prefCd=10&kikanCd=2100000449&kikanKbn=2", "url2": "https://shigetaclinic.com", "内容": "医療法人　重田こども・アレルギークリニック【2:診療所】【診療科目:小児科_アレルギー科】群馬県高崎市島野町１４１８" }, "geometry": { "type": "Point", "coordinates": [ 139.046628, 36.347831 ] } },
{ "type": "Feature", "properties": { "ID": 1022100000452, "正式名称": "耳鼻咽喉科　やまぐち医院", "機関区分": 2, "都道府県コード": 10, "市区町村コード": 202, "所在地": "群馬県高崎市柴崎町１０６８ー１", "緯度": 36.32128, "経度": 139.048765, "url": "https://www.iryou.teikyouseido.mhlw.go.jp/znk-web/juminkanja/S2430/initialize?prefCd=10&kikanCd=2100000452&kikanKbn=2", "url2": null, "内容": "耳鼻咽喉科　やまぐち医院【2:診療所】【診療科目:耳鼻いんこう科】群馬県高崎市柴崎町１０６８ー１" }, "geometry": { "type": "Point", "coordinates": [ 139.048765, 36.32128 ] } },
{ "type": "Feature", "properties": { "ID": 1022100000453, "正式名称": "耳鼻いんこう科伊藤医院", "機関区分": 2, "都道府県コード": 10, "市区町村コード": 202, "所在地": "群馬県高崎市倉賀野町７９８ー１２", "緯度": 36.296352, "経度": 139.040238, "url": "https://www.iryou.teikyouseido.mhlw.go.jp/znk-web/juminkanja/S2430/initialize?prefCd=10&kikanCd=2100000453&kikanKbn=2", "url2": null, "内容": "耳鼻いんこう科伊藤医院【2:診療所】【診療科目:耳鼻いんこう科】群馬県高崎市倉賀野町７９８ー１２" }, "geometry": { "type": "Point", "coordinates": [ 139.040238, 36.296352 ] } },
{ "type": "Feature", "properties": { "ID": 1022100000455, "正式名称": "耳鼻咽喉科田中医院", "機関区分": 2, "都道府県コード": 10, "市区町村コード": 202, "所在地": "群馬県高崎市鍛冶町４３", "緯度": 36.323021, "経度": 139.005854, "url": "https://www.iryou.teikyouseido.mhlw.go.jp/znk-web/juminkanja/S2430/initialize?prefCd=10&kikanCd=2100000455&kikanKbn=2", "url2": "http://tanaka-jibi.jp/", "内容": "耳鼻咽喉科田中医院【2:診療所】【診療科目:耳鼻いんこう科】群馬県高崎市鍛冶町４３" }, "geometry": { "type": "Point", "coordinates": [ 139.005854, 36.323021 ] } },
{ "type": "Feature", "properties": { "ID": 1022100000456, "正式名称": "耳鼻咽喉科長谷川医院", "機関区分": 2, "都道府県コード": 10, "市区町村コード": 202, "所在地": "群馬県高崎市片岡町２－２９－２", "緯度": 36.313909, "経度": 138.996236, "url": "https://www.iryou.teikyouseido.mhlw.go.jp/znk-web/juminkanja/S2430/initialize?prefCd=10&kikanCd=2100000456&kikanKbn=2", "url2": "https://hasegawa-ent.jp/", "内容": "耳鼻咽喉科長谷川医院【2:診療所】【診療科目:内科_耳鼻いんこう科】群馬県高崎市片岡町２－２９－２" }, "geometry": { "type": "Point", "coordinates": [ 138.996236, 36.313909 ] } },
{ "type": "Feature", "properties": { "ID": 1022100000457, "正式名称": "耳鼻咽喉科古川雅子診療室", "機関区分": 2, "都道府県コード": 10, "市区町村コード": 202, "所在地": "群馬県高崎市八島町２２２　高崎ターミナルビル７階", "緯度": 36.322462, "経度": 139.012037, "url": "https://www.iryou.teikyouseido.mhlw.go.jp/znk-web/juminkanja/S2430/initialize?prefCd=10&kikanCd=2100000457&kikanKbn=2", "url2": null, "内容": "耳鼻咽喉科古川雅子診療室【2:診療所】【診療科目:耳鼻いんこう科】群馬県高崎市八島町２２２　高崎ターミナルビル７階" }, "geometry": { "type": "Point", "coordinates": [ 139.012037, 36.322462 ] } },
{ "type": "Feature", "properties": { "ID": 1022100000458, "正式名称": "清水医院", "機関区分": 2, "都道府県コード": 10, "市区町村コード": 202, "所在地": "群馬県高崎市新後閑町１２－２０", "緯度": 36.312099, "経度": 139.015093, "url": "https://www.iryou.teikyouseido.mhlw.go.jp/znk-web/juminkanja/S2430/initialize?prefCd=10&kikanCd=2100000458&kikanKbn=2", "url2": "http://shimizu-iin-takasaki.com", "内容": "清水医院【2:診療所】【診療科目:内科_消化器内科】群馬県高崎市新後閑町１２－２０" }, "geometry": { "type": "Point", "coordinates": [ 139.015093, 36.312099 ] } },
{ "type": "Feature", "properties": { "ID": 1022100000459, "正式名称": "清水眼科医院", "機関区分": 2, "都道府県コード": 10, "市区町村コード": 202, "所在地": "群馬県高崎市乗附町１８５ー１", "緯度": 36.326589, "経度": 138.983086, "url": "https://www.iryou.teikyouseido.mhlw.go.jp/znk-web/juminkanja/S2430/initialize?prefCd=10&kikanCd=2100000459&kikanKbn=2", "url2": "http://shimizu-eye.com/", "内容": "清水眼科医院【2:診療所】【診療科目:眼科】群馬県高崎市乗附町１８５ー１" }, "geometry": { "type": "Point", "coordinates": [ 138.983086, 36.326589 ] } },
{ "type": "Feature", "properties": { "ID": 1022100000460, "正式名称": "医療法人清水耳鼻咽喉科", "機関区分": 2, "都道府県コード": 10, "市区町村コード": 202, "所在地": "群馬県高崎市京目町３２１－４", "緯度": 36.344235, "経度": 139.062193, "url": "https://www.iryou.teikyouseido.mhlw.go.jp/znk-web/juminkanja/S2430/initialize?prefCd=10&kikanCd=2100000460&kikanKbn=2", "url2": "http://www.shmz-ent.com/", "内容": "医療法人清水耳鼻咽喉科【2:診療所】【診療科目:耳鼻いんこう科】群馬県高崎市京目町３２１－４" }, "geometry": { "type": "Point", "coordinates": [ 139.062193, 36.344235 ] } },
{ "type": "Feature", "properties": { "ID": 1022100000461, "正式名称": "医療法人社団清水内科", "機関区分": 2, "都道府県コード": 10, "市区町村コード": 202, "所在地": "群馬県高崎市飯塚町７０３", "緯度": 36.341077, "経度": 139.003476, "url": "https://www.iryou.teikyouseido.mhlw.go.jp/znk-web/juminkanja/S2430/initialize?prefCd=10&kikanCd=2100000461&kikanKbn=2", "url2": "http://www.shimizu-naika.or.jp/", "内容": "医療法人社団清水内科【2:診療所】【診療科目:内科_糖尿病内科_循環器内科_消化器内科】群馬県高崎市飯塚町７０３" }, "geometry": { "type": "Point", "coordinates": [ 139.003476, 36.341077 ] } },
{ "type": "Feature", "properties": { "ID": 1022100000462, "正式名称": "下横町メンタルクリニック", "機関区分": 2, "都道府県コード": 10, "市区町村コード": 202, "所在地": "群馬県高崎市檜物町１０１　シンフォニア高崎城址１階", "緯度": 36.323423, "経度": 139.005741, "url": "https://www.iryou.teikyouseido.mhlw.go.jp/znk-web/juminkanja/S2430/initialize?prefCd=10&kikanCd=2100000462&kikanKbn=2", "url2": null, "内容": "下横町メンタルクリニック【2:診療所】【診療科目:精神科_心療内科】群馬県高崎市檜物町１０１　シンフォニア高崎城址１階" }, "geometry": { "type": "Point", "coordinates": [ 139.005741, 36.323423 ] } },
{ "type": "Feature", "properties": { "ID": 1022100000463, "正式名称": "医療法人社団下和田クリニック", "機関区分": 2, "都道府県コード": 10, "市区町村コード": 202, "所在地": "群馬県高崎市下和田町４ー７ー８", "緯度": 36.314035, "経度": 139.012907, "url": "https://www.iryou.teikyouseido.mhlw.go.jp/znk-web/juminkanja/S2430/initialize?prefCd=10&kikanCd=2100000463&kikanKbn=2", "url2": null, "内容": "医療法人社団下和田クリニック【2:診療所】【診療科目:皮膚科_泌尿器科】群馬県高崎市下和田町４ー７ー８" }, "geometry": { "type": "Point", "coordinates": [ 139.012907, 36.314035 ] } },
{ "type": "Feature", "properties": { "ID": 1022100000465, "正式名称": "城南医院", "機関区分": 2, "都道府県コード": 10, "市区町村コード": 202, "所在地": "群馬県高崎市下和田町３－６－１７", "緯度": 36.31254, "経度": 139.011596, "url": "https://www.iryou.teikyouseido.mhlw.go.jp/znk-web/juminkanja/S2430/initialize?prefCd=10&kikanCd=2100000465&kikanKbn=2", "url2": "http://jyonaniin.com/", "内容": "城南医院【2:診療所】【診療科目:内科】群馬県高崎市下和田町３－６－１７" }, "geometry": { "type": "Point", "coordinates": [ 139.011596, 36.31254 ] } },
{ "type": "Feature", "properties": { "ID": 1022100000467, "正式名称": "医療法人健真会城本クリニック高崎院", "機関区分": 2, "都道府県コード": 10, "市区町村コード": 202, "所在地": "群馬県高崎市栄町１－１０サンライズビル４階", "緯度": 36.323478, "経度": 139.014323, "url": "https://www.iryou.teikyouseido.mhlw.go.jp/znk-web/juminkanja/S2430/initialize?prefCd=10&kikanCd=2100000467&kikanKbn=2", "url2": "http://107929.jp", "内容": "医療法人健真会城本クリニック高崎院【2:診療所】【診療科目:形成外科_美容外科_美容皮膚科】群馬県高崎市栄町１－１０サンライズビル４階" }, "geometry": { "type": "Point", "coordinates": [ 139.014323, 36.323478 ] } },
{ "type": "Feature", "properties": { "ID": 1022100000468, "正式名称": "医療法人　西野会　城山クリニック", "機関区分": 2, "都道府県コード": 10, "市区町村コード": 202, "所在地": "群馬県高崎市城山町２ー２ー８", "緯度": 36.287327, "経度": 139.012646, "url": "https://www.iryou.teikyouseido.mhlw.go.jp/znk-web/juminkanja/S2430/initialize?prefCd=10&kikanCd=2100000468&kikanKbn=2", "url2": null, "内容": "医療法人　西野会　城山クリニック【2:診療所】【診療科目:内科_循環器内科_小児科】群馬県高崎市城山町２ー２ー８" }, "geometry": { "type": "Point", "coordinates": [ 139.012646, 36.287327 ] } },
{ "type": "Feature", "properties": { "ID": 1022100000469, "正式名称": "仁静堂医院", "機関区分": 2, "都道府県コード": 10, "市区町村コード": 202, "所在地": "群馬県高崎市井野町１２２３", "緯度": 36.350417, "経度": 139.02404, "url": "https://www.iryou.teikyouseido.mhlw.go.jp/znk-web/juminkanja/S2430/initialize?prefCd=10&kikanCd=2100000469&kikanKbn=2", "url2": "https://jinseido-iin.com", "内容": "仁静堂医院【2:診療所】【診療科目:内科_循環器内科_整形外科】群馬県高崎市井野町１２２３" }, "geometry": { "type": "Point", "coordinates": [ 139.02404, 36.350417 ] } },
{ "type": "Feature", "properties": { "ID": 1022100000470, "正式名称": "心療内科クリニック華", "機関区分": 2, "都道府県コード": 10, "市区町村コード": 202, "所在地": "群馬県高崎市高関町３５５", "緯度": 36.32745, "経度": 139.027267, "url": "https://www.iryou.teikyouseido.mhlw.go.jp/znk-web/juminkanja/S2430/initialize?prefCd=10&kikanCd=2100000470&kikanKbn=2", "url2": null, "内容": "心療内科クリニック華【2:診療所】【診療科目:内科_精神科_心療内科】群馬県高崎市高関町３５５" }, "geometry": { "type": "Point", "coordinates": [ 139.027267, 36.32745 ] } },
{ "type": "Feature", "properties": { "ID": 1022100000471, "正式名称": "清水胃腸科内科クリニック", "機関区分": 2, "都道府県コード": 10, "市区町村コード": 202, "所在地": "群馬県高崎市町屋町６２７－１", "緯度": 36.352179, "経度": 138.948498, "url": "https://www.iryou.teikyouseido.mhlw.go.jp/znk-web/juminkanja/S2430/initialize?prefCd=10&kikanCd=2100000471&kikanKbn=2", "url2": null, "内容": "清水胃腸科内科クリニック【2:診療所】【診療科目:内科_消化器内科】群馬県高崎市町屋町６２７－１" }, "geometry": { "type": "Point", "coordinates": [ 138.948498, 36.352179 ] } },
{ "type": "Feature", "properties": { "ID": 1022100000473, "正式名称": "整形外科はせべ医院", "機関区分": 2, "都道府県コード": 10, "市区町村コード": 202, "所在地": "群馬県高崎市井野町９８３", "緯度": 36.349917, "経度": 139.034083, "url": "https://www.iryou.teikyouseido.mhlw.go.jp/znk-web/juminkanja/S2430/initialize?prefCd=10&kikanCd=2100000473&kikanKbn=2", "url2": "http://hasebeiin.com/", "内容": "整形外科はせべ医院【2:診療所】【診療科目:整形外科_リウマチ科_リハビリテーション科】群馬県高崎市井野町９８３" }, "geometry": { "type": "Point", "coordinates": [ 139.034083, 36.349917 ] } },
{ "type": "Feature", "properties": { "ID": 1022100000474, "正式名称": "医療法人ゼロポジション整形外科ワイズクリニック", "機関区分": 2, "都道府県コード": 10, "市区町村コード": 202, "所在地": "群馬県高崎市島野町１０３８ー１", "緯度": 36.342533, "経度": 139.052042, "url": "https://www.iryou.teikyouseido.mhlw.go.jp/znk-web/juminkanja/S2430/initialize?prefCd=10&kikanCd=2100000474&kikanKbn=2", "url2": "http://www14.plala.or./jp/ysc/", "内容": "医療法人ゼロポジション整形外科ワイズクリニック【2:診療所】【診療科目:整形外科_リウマチ科_リハビリテーション科】群馬県高崎市島野町１０３８ー１" }, "geometry": { "type": "Point", "coordinates": [ 139.052042, 36.342533 ] } },
{ "type": "Feature", "properties": { "ID": 1022100000475, "正式名称": "医療法人社団セキール会セキールレディースクリニック", "機関区分": 2, "都道府県コード": 10, "市区町村コード": 202, "所在地": "群馬県高崎市栄町１７ー２３", "緯度": 36.320407, "経度": 139.015053, "url": "https://www.iryou.teikyouseido.mhlw.go.jp/znk-web/juminkanja/S2430/initialize?prefCd=10&kikanCd=2100000475&kikanKbn=2", "url2": "https://www.sekiel.com", "内容": "医療法人社団セキール会セキールレディースクリニック【2:診療所】【診療科目:漢方内科_産婦人科（生殖医療）】群馬県高崎市栄町１７ー２３" }, "geometry": { "type": "Point", "coordinates": [ 139.015053, 36.320407 ] } },
{ "type": "Feature", "properties": { "ID": 1022100000476, "正式名称": "関口整形外科医院", "機関区分": 2, "都道府県コード": 10, "市区町村コード": 202, "所在地": "群馬県高崎市鍛冶町２４", "緯度": 36.318639, "経度": 139.00925, "url": "https://www.iryou.teikyouseido.mhlw.go.jp/znk-web/juminkanja/S2430/initialize?prefCd=10&kikanCd=2100000476&kikanKbn=2", "url2": "http://sekiguchi-o.byoinnavi.jp/", "内容": "関口整形外科医院【2:診療所】【診療科目:整形外科】群馬県高崎市鍛冶町２４" }, "geometry": { "type": "Point", "coordinates": [ 139.00925, 36.318639 ] } },
{ "type": "Feature", "properties": { "ID": 1022100000477, "正式名称": "医療法人愛生会セントラルレディースクリニック", "機関区分": 2, "都道府県コード": 10, "市区町村コード": 202, "所在地": "群馬県高崎市東町８０－７", "緯度": 36.326935, "経度": 139.014184, "url": "https://www.iryou.teikyouseido.mhlw.go.jp/znk-web/juminkanja/S2430/initialize?prefCd=10&kikanCd=2100000477&kikanKbn=2", "url2": "https://www.clc.or.jp/", "内容": "医療法人愛生会セントラルレディースクリニック【2:診療所】【診療科目:産婦人科】群馬県高崎市東町８０－７" }, "geometry": { "type": "Point", "coordinates": [ 139.014184, 36.326935 ] } },
{ "type": "Feature", "properties": { "ID": 1022100000478, "正式名称": "医療法人清明会　善如寺医院", "機関区分": 2, "都道府県コード": 10, "市区町村コード": 202, "所在地": "群馬県高崎市倉賀野町４５３－１９", "緯度": 36.298219, "経度": 139.037096, "url": "https://www.iryou.teikyouseido.mhlw.go.jp/znk-web/juminkanja/S2430/initialize?prefCd=10&kikanCd=2100000478&kikanKbn=2", "url2": "http://seimeikai-zennyojiiin.jp/", "内容": "医療法人清明会　善如寺医院【2:診療所】【診療科目:内科_消化器内科_外科_小児科_眼科】群馬県高崎市倉賀野町４５３－１９" }, "geometry": { "type": "Point", "coordinates": [ 139.037096, 36.298219 ] } },
{ "type": "Feature", "properties": { "ID": 1022100000480, "正式名称": "医療法人光仁会相馬クリニック", "機関区分": 2, "都道府県コード": 10, "市区町村コード": 202, "所在地": "群馬県高崎市下豊岡町１４２", "緯度": 36.334393, "経度": 138.981909, "url": "https://www.iryou.teikyouseido.mhlw.go.jp/znk-web/juminkanja/S2430/initialize?prefCd=10&kikanCd=2100000480&kikanKbn=2", "url2": "http://soma-clinic.jp/", "内容": "医療法人光仁会相馬クリニック【2:診療所】【診療科目:内科_循環器内科_胃腸内科_外科_小児科_眼科_皮膚科】群馬県高崎市下豊岡町１４２" }, "geometry": { "type": "Point", "coordinates": [ 138.981909, 36.334393 ] } },
{ "type": "Feature", "properties": { "ID": 1022100000481, "正式名称": "高木医院", "機関区分": 2, "都道府県コード": 10, "市区町村コード": 202, "所在地": "群馬県高崎市江木町１１３", "緯度": 36.328662, "経度": 139.020842, "url": "https://www.iryou.teikyouseido.mhlw.go.jp/znk-web/juminkanja/S2430/initialize?prefCd=10&kikanCd=2100000481&kikanKbn=2", "url2": "http://takagi-iin.byoinnavi.jp/", "内容": "高木医院【2:診療所】【診療科目:内科_循環器内科】群馬県高崎市江木町１１３" }, "geometry": { "type": "Point", "coordinates": [ 139.020842, 36.328662 ] } },
{ "type": "Feature", "properties": { "ID": 1022100000482, "正式名称": "医療法人舘出張佐藤会高崎アートクリニック", "機関区分": 2, "都道府県コード": 10, "市区町村コード": 202, "所在地": "群馬県高崎市あら町１３６ー１", "緯度": 36.321256, "経度": 139.00888, "url": "https://www.iryou.teikyouseido.mhlw.go.jp/znk-web/juminkanja/S2430/initialize?prefCd=10&kikanCd=2100000482&kikanKbn=2", "url2": "http://www.takasakiartclinic.jp/", "内容": "医療法人舘出張佐藤会高崎アートクリニック【2:診療所】【診療科目:産婦人科_産婦人科（生殖医療）】群馬県高崎市あら町１３６ー１" }, "geometry": { "type": "Point", "coordinates": [ 139.00888, 36.321256 ] } },
{ "type": "Feature", "properties": { "ID": 1022100000489, "正式名称": "医療法人高崎ペインクリニック", "機関区分": 2, "都道府県コード": 10, "市区町村コード": 202, "所在地": "群馬県高崎市柴崎町天王前１４９７", "緯度": 36.318591, "経度": 139.051237, "url": "https://www.iryou.teikyouseido.mhlw.go.jp/znk-web/juminkanja/S2430/initialize?prefCd=10&kikanCd=2100000489&kikanKbn=2", "url2": "https://takasaki-painclinic.jp", "内容": "医療法人高崎ペインクリニック【2:診療所】【診療科目:ペインクリニック内科_ペインクリニック外科_麻酔科】群馬県高崎市柴崎町天王前１４９７" }, "geometry": { "type": "Point", "coordinates": [ 139.051237, 36.318591 ] } },
{ "type": "Feature", "properties": { "ID": 1022100000495, "正式名称": "たかはし眼科クリニック", "機関区分": 2, "都道府県コード": 10, "市区町村コード": 202, "所在地": "群馬県高崎市西島町３２０", "緯度": 36.343551, "経度": 139.048128, "url": "https://www.iryou.teikyouseido.mhlw.go.jp/znk-web/juminkanja/S2430/initialize?prefCd=10&kikanCd=2100000495&kikanKbn=2", "url2": "https://takahashieye.com/", "内容": "たかはし眼科クリニック【2:診療所】【診療科目:眼科】群馬県高崎市西島町３２０" }, "geometry": { "type": "Point", "coordinates": [ 139.048128, 36.343551 ] } },
{ "type": "Feature", "properties": { "ID": 1022100000496, "正式名称": "医療法人壮月会　高橋整形外科クリニック", "機関区分": 2, "都道府県コード": 10, "市区町村コード": 202, "所在地": "群馬県高崎市下佐野町７１５－５", "緯度": 36.295361, "経度": 139.02875, "url": "https://www.iryou.teikyouseido.mhlw.go.jp/znk-web/juminkanja/S2430/initialize?prefCd=10&kikanCd=2100000496&kikanKbn=2", "url2": "http://dr-takahashi.com/index.html", "内容": "医療法人壮月会　高橋整形外科クリニック【2:診療所】【診療科目:整形外科_リウマチ科_リハビリテーション科】群馬県高崎市下佐野町７１５－５" }, "geometry": { "type": "Point", "coordinates": [ 139.02875, 36.295361 ] } },
{ "type": "Feature", "properties": { "ID": 1022100000498, "正式名称": "高他整形外科クリニック", "機関区分": 2, "都道府県コード": 10, "市区町村コード": 202, "所在地": "群馬県高崎市石原町４９５ー５", "緯度": 36.3105, "経度": 139.003972, "url": "https://www.iryou.teikyouseido.mhlw.go.jp/znk-web/juminkanja/S2430/initialize?prefCd=10&kikanCd=2100000498&kikanKbn=2", "url2": null, "内容": "高他整形外科クリニック【2:診療所】【診療科目:整形外科】群馬県高崎市石原町４９５ー５" }, "geometry": { "type": "Point", "coordinates": [ 139.003972, 36.3105 ] } },
{ "type": "Feature", "properties": { "ID": 1022100000499, "正式名称": "高山眼科駅前医院", "機関区分": 2, "都道府県コード": 10, "市区町村コード": 202, "所在地": "群馬県高崎市八島町７０－４９", "緯度": 36.322068, "経度": 139.010131, "url": "https://www.iryou.teikyouseido.mhlw.go.jp/znk-web/juminkanja/S2430/initialize?prefCd=10&kikanCd=2100000499&kikanKbn=2", "url2": "http://www.takayamaganka.com", "内容": "高山眼科駅前医院【2:診療所】【診療科目:眼科】群馬県高崎市八島町７０－４９" }, "geometry": { "type": "Point", "coordinates": [ 139.010131, 36.322068 ] } },
{ "type": "Feature", "properties": { "ID": 1022100000500, "正式名称": "高山眼科緑町医院", "機関区分": 2, "都道府県コード": 10, "市区町村コード": 202, "所在地": "群馬県高崎市緑町１－５－３", "緯度": 36.350205, "経度": 139.002142, "url": "https://www.iryou.teikyouseido.mhlw.go.jp/znk-web/juminkanja/S2430/initialize?prefCd=10&kikanCd=2100000500&kikanKbn=2", "url2": "http://www.takayamaganka.com", "内容": "高山眼科緑町医院【2:診療所】【診療科目:眼科】群馬県高崎市緑町１－５－３" }, "geometry": { "type": "Point", "coordinates": [ 139.002142, 36.350205 ] } },
{ "type": "Feature", "properties": { "ID": 1022100000501, "正式名称": "医療法人武山クリニック", "機関区分": 2, "都道府県コード": 10, "市区町村コード": 202, "所在地": "群馬県高崎市栄町", "緯度": 36.320743, "経度": 139.016281, "url": "https://www.iryou.teikyouseido.mhlw.go.jp/znk-web/juminkanja/S2430/initialize?prefCd=10&kikanCd=2100000501&kikanKbn=2", "url2": "https://takeyama929.wixsite.com/tycl", "内容": "医療法人武山クリニック【2:診療所】【診療科目:内科_外科_脳神経外科_乳腺外科_乳腺・内分泌外科_頭痛外来、ものわすれ外来】群馬県高崎市栄町" }, "geometry": { "type": "Point", "coordinates": [ 139.016281, 36.320743 ] } },
{ "type": "Feature", "properties": { "ID": 1022100000502, "正式名称": "橘内科医院", "機関区分": 2, "都道府県コード": 10, "市区町村コード": 202, "所在地": "群馬県高崎市宮元町２７３", "緯度": 36.322573, "経度": 139.004912, "url": "https://www.iryou.teikyouseido.mhlw.go.jp/znk-web/juminkanja/S2430/initialize?prefCd=10&kikanCd=2100000502&kikanKbn=2", "url2": "https://www.tachibananaika.com", "内容": "橘内科医院【2:診療所】【診療科目:内科_循環器内科_漢方内科_小児科】群馬県高崎市宮元町２７３" }, "geometry": { "type": "Point", "coordinates": [ 139.004912, 36.322573 ] } },
{ "type": "Feature", "properties": { "ID": 1022100000503, "正式名称": "医療法人社団恵育会田村産婦人科", "機関区分": 2, "都道府県コード": 10, "市区町村コード": 202, "所在地": "群馬県高崎市柳川町６３", "緯度": 36.328968, "経度": 139.002706, "url": "https://www.iryou.teikyouseido.mhlw.go.jp/znk-web/juminkanja/S2430/initialize?prefCd=10&kikanCd=2100000503&kikanKbn=2", "url2": "https://www.tamura-sanfujinka.jp", "内容": "医療法人社団恵育会田村産婦人科【2:診療所】【診療科目:産婦人科】群馬県高崎市柳川町６３" }, "geometry": { "type": "Point", "coordinates": [ 139.002706, 36.328968 ] } },
{ "type": "Feature", "properties": { "ID": 1022100000507, "正式名称": "月岡内科医院", "機関区分": 2, "都道府県コード": 10, "市区町村コード": 202, "所在地": "群馬県高崎市岩鼻町２５８－１", "緯度": 36.294062, "経度": 139.074416, "url": "https://www.iryou.teikyouseido.mhlw.go.jp/znk-web/juminkanja/S2430/initialize?prefCd=10&kikanCd=2100000507&kikanKbn=2", "url2": "http://tsukioka-cl.byoinnavi.jp/", "内容": "月岡内科医院【2:診療所】【診療科目:内科】群馬県高崎市岩鼻町２５８－１" }, "geometry": { "type": "Point", "coordinates": [ 139.074416, 36.294062 ] } },
{ "type": "Feature", "properties": { "ID": 1022100000508, "正式名称": "土屋内科医院", "機関区分": 2, "都道府県コード": 10, "市区町村コード": 202, "所在地": "群馬県高崎市問屋町２－１－１", "緯度": 36.345736, "経度": 139.009591, "url": "https://www.iryou.teikyouseido.mhlw.go.jp/znk-web/juminkanja/S2430/initialize?prefCd=10&kikanCd=2100000508&kikanKbn=2", "url2": "https://tsuchiyacl.jp", "内容": "土屋内科医院【2:診療所】【診療科目:内科_呼吸器内科_消化器内科】群馬県高崎市問屋町２－１－１" }, "geometry": { "type": "Point", "coordinates": [ 139.009591, 36.345736 ] } },
{ "type": "Feature", "properties": { "ID": 1022100000509, "正式名称": "医療法人向陽会つつみ内科クリニック", "機関区分": 2, "都道府県コード": 10, "市区町村コード": 202, "所在地": "群馬県高崎市並榎町５４ー１", "緯度": 36.3424, "経度": 138.995679, "url": "https://www.iryou.teikyouseido.mhlw.go.jp/znk-web/juminkanja/S2430/initialize?prefCd=10&kikanCd=2100000509&kikanKbn=2", "url2": "https://www.tsutsuminaika.com", "内容": "医療法人向陽会つつみ内科クリニック【2:診療所】【診療科目:内科】群馬県高崎市並榎町５４ー１" }, "geometry": { "type": "Point", "coordinates": [ 138.995679, 36.3424 ] } },
{ "type": "Feature", "properties": { "ID": 1022100000510, "正式名称": "耳鼻咽喉科角田医院", "機関区分": 2, "都道府県コード": 10, "市区町村コード": 202, "所在地": "群馬県高崎市若松町１４５", "緯度": 36.318989, "経度": 139.004924, "url": "https://www.iryou.teikyouseido.mhlw.go.jp/znk-web/juminkanja/S2430/initialize?prefCd=10&kikanCd=2100000510&kikanKbn=2", "url2": null, "内容": "耳鼻咽喉科角田医院【2:診療所】【診療科目:耳鼻いんこう科】群馬県高崎市若松町１４５" }, "geometry": { "type": "Point", "coordinates": [ 139.004924, 36.318989 ] } },
{ "type": "Feature", "properties": { "ID": 1022100000511, "正式名称": "医療法人つれいし耳鼻咽喉科", "機関区分": 2, "都道府県コード": 10, "市区町村コード": 202, "所在地": "群馬県高崎市上小塙町５８４", "緯度": 36.360006, "経度": 138.979296, "url": "https://www.iryou.teikyouseido.mhlw.go.jp/znk-web/juminkanja/S2430/initialize?prefCd=10&kikanCd=2100000511&kikanKbn=2", "url2": null, "内容": "医療法人つれいし耳鼻咽喉科【2:診療所】【診療科目:耳鼻いんこう科】群馬県高崎市上小塙町５８４" }, "geometry": { "type": "Point", "coordinates": [ 138.979296, 36.360006 ] } },
{ "type": "Feature", "properties": { "ID": 1022100000512, "正式名称": "医療法人寺尾こどもクリニック", "機関区分": 2, "都道府県コード": 10, "市区町村コード": 202, "所在地": "群馬県高崎市寺尾町２６５９－１", "緯度": 36.304912, "経度": 139.006116, "url": "https://www.iryou.teikyouseido.mhlw.go.jp/znk-web/juminkanja/S2430/initialize?prefCd=10&kikanCd=2100000512&kikanKbn=2", "url2": "http://www3.wind.ne.jp/t-kodomo/", "内容": "医療法人寺尾こどもクリニック【2:診療所】【診療科目:小児科】群馬県高崎市寺尾町２６５９－１" }, "geometry": { "type": "Point", "coordinates": [ 139.006116, 36.304912 ] } },
{ "type": "Feature", "properties": { "ID": 1022100000514, "正式名称": "東京ノーストクリニック", "機関区分": 2, "都道府県コード": 10, "市区町村コード": 202, "所在地": "群馬県高崎市八島町１１７　宮沢ビル５Ｆ", "緯度": 36.321145, "経度": 139.009963, "url": "https://www.iryou.teikyouseido.mhlw.go.jp/znk-web/juminkanja/S2430/initialize?prefCd=10&kikanCd=2100000514&kikanKbn=2", "url2": null, "内容": "東京ノーストクリニック【2:診療所】【診療科目:形成外科_泌尿器科】群馬県高崎市八島町１１７　宮沢ビル５Ｆ" }, "geometry": { "type": "Point", "coordinates": [ 139.009963, 36.321145 ] } },
{ "type": "Feature", "properties": { "ID": 1022100000524, "正式名称": "医療法人清弘会豊泉クリニック", "機関区分": 2, "都道府県コード": 10, "市区町村コード": 202, "所在地": "群馬県高崎市上中居町４１６", "緯度": 36.31461, "経度": 139.025531, "url": "https://www.iryou.teikyouseido.mhlw.go.jp/znk-web/juminkanja/S2430/initialize?prefCd=10&kikanCd=2100000524&kikanKbn=2", "url2": null, "内容": "医療法人清弘会豊泉クリニック【2:診療所】【診療科目:婦人科】群馬県高崎市上中居町４１６" }, "geometry": { "type": "Point", "coordinates": [ 139.025531, 36.31461 ] } },
{ "type": "Feature", "properties": { "ID": 1022100000525, "正式名称": "豊岡呼吸器科内科クリニック", "機関区分": 2, "都道府県コード": 10, "市区町村コード": 202, "所在地": "群馬県高崎市上豊岡町１０３７－１", "緯度": 36.34053, "経度": 138.974177, "url": "https://www.iryou.teikyouseido.mhlw.go.jp/znk-web/juminkanja/S2430/initialize?prefCd=10&kikanCd=2100000525&kikanKbn=2", "url2": null, "内容": "豊岡呼吸器科内科クリニック【2:診療所】【診療科目:内科_呼吸器内科_アレルギー科】群馬県高崎市上豊岡町１０３７－１" }, "geometry": { "type": "Point", "coordinates": [ 138.974177, 36.34053 ] } },
{ "type": "Feature", "properties": { "ID": 1022100000527, "正式名称": "中澤医院", "機関区分": 2, "都道府県コード": 10, "市区町村コード": 202, "所在地": "群馬県高崎市筑縄町３４ー９", "緯度": 36.354006, "経度": 138.988037, "url": "https://www.iryou.teikyouseido.mhlw.go.jp/znk-web/juminkanja/S2430/initialize?prefCd=10&kikanCd=2100000527&kikanKbn=2", "url2": "http://www.nakazawa-iin.com", "内容": "中澤医院【2:診療所】【診療科目:内科_呼吸器内科_小児科_心療内科】群馬県高崎市筑縄町３４ー９" }, "geometry": { "type": "Point", "coordinates": [ 138.988037, 36.354006 ] } },
{ "type": "Feature", "properties": { "ID": 1022100000528, "正式名称": "医療法人中島クリニック", "機関区分": 2, "都道府県コード": 10, "市区町村コード": 202, "所在地": "群馬県高崎市末広町", "緯度": 36.331533, "経度": 139.006851, "url": "https://www.iryou.teikyouseido.mhlw.go.jp/znk-web/juminkanja/S2430/initialize?prefCd=10&kikanCd=2100000528&kikanKbn=2", "url2": "http://www.asahi-net.or.jp/~QV7T-NKJM/", "内容": "医療法人中島クリニック【2:診療所】【診療科目:胃腸内科_外科】群馬県高崎市末広町" }, "geometry": { "type": "Point", "coordinates": [ 139.006851, 36.331533 ] } },
{ "type": "Feature", "properties": { "ID": 1022100000529, "正式名称": "医療法人民善会　細谷たかさきクリニック", "機関区分": 2, "都道府県コード": 10, "市区町村コード": 202, "所在地": "群馬県高崎市南大類町８８８－１", "緯度": 36.32201, "経度": 139.041327, "url": "https://www.iryou.teikyouseido.mhlw.go.jp/znk-web/juminkanja/S2430/initialize?prefCd=10&kikanCd=2100000529&kikanKbn=2", "url2": "https://www.hosoya.or.jp/", "内容": "医療法人民善会　細谷たかさきクリニック【2:診療所】【診療科目:内科_脳神経内科_消化器内科_脳神経外科_婦人科_皮膚科_老年心療内科】群馬県高崎市南大類町８８８－１" }, "geometry": { "type": "Point", "coordinates": [ 139.041327, 36.32201 ] } },
{ "type": "Feature", "properties": { "ID": 1022100000530, "正式名称": "中島内科医院", "機関区分": 2, "都道府県コード": 10, "市区町村コード": 202, "所在地": "群馬県高崎市下佐野町１５", "緯度": 36.301016, "経度": 139.024325, "url": "https://www.iryou.teikyouseido.mhlw.go.jp/znk-web/juminkanja/S2430/initialize?prefCd=10&kikanCd=2100000530&kikanKbn=2", "url2": "https://nakajimanaikaiin.com/", "内容": "中島内科医院【2:診療所】【診療科目:内科_循環器内科】群馬県高崎市下佐野町１５" }, "geometry": { "type": "Point", "coordinates": [ 139.024325, 36.301016 ] } },
{ "type": "Feature", "properties": { "ID": 1022100000532, "正式名称": "西岡医院", "機関区分": 2, "都道府県コード": 10, "市区町村コード": 202, "所在地": "群馬県高崎市浜川町１９３５", "緯度": 36.368683, "経度": 138.982674, "url": "https://www.iryou.teikyouseido.mhlw.go.jp/znk-web/juminkanja/S2430/initialize?prefCd=10&kikanCd=2100000532&kikanKbn=2", "url2": "http://nishiokaclinic.sakura.ne.jp/", "内容": "西岡医院【2:診療所】【診療科目:内科_呼吸器内科】群馬県高崎市浜川町１９３５" }, "geometry": { "type": "Point", "coordinates": [ 138.982674, 36.368683 ] } },
{ "type": "Feature", "properties": { "ID": 1022100000538, "正式名称": "沼賀眼科医院", "機関区分": 2, "都道府県コード": 10, "市区町村コード": 202, "所在地": "群馬県高崎市相生町４番地", "緯度": 36.332184, "経度": 139.000628, "url": "https://www.iryou.teikyouseido.mhlw.go.jp/znk-web/juminkanja/S2430/initialize?prefCd=10&kikanCd=2100000538&kikanKbn=2", "url2": "http://numaga-ganka.com/", "内容": "沼賀眼科医院【2:診療所】【診療科目:眼科】群馬県高崎市相生町４番地" }, "geometry": { "type": "Point", "coordinates": [ 139.000628, 36.332184 ] } },
{ "type": "Feature", "properties": { "ID": 1022100000539, "正式名称": "医療法人雅世会", "機関区分": 2, "都道府県コード": 10, "市区町村コード": 202, "所在地": "群馬県高崎市柳川町１５", "緯度": 36.328232, "経度": 139.003675, "url": "https://www.iryou.teikyouseido.mhlw.go.jp/znk-web/juminkanja/S2430/initialize?prefCd=10&kikanCd=2100000539&kikanKbn=2", "url2": "http://www.numanoclinic.com/", "内容": "医療法人雅世会【2:診療所】【診療科目:内科_胃腸内科_外科_皮膚科】群馬県高崎市柳川町１５" }, "geometry": { "type": "Point", "coordinates": [ 139.003675, 36.328232 ] } },
{ "type": "Feature", "properties": { "ID": 1022100000540, "正式名称": "のぐち皮膚科クリニック", "機関区分": 2, "都道府県コード": 10, "市区町村コード": 202, "所在地": "群馬県高崎市上大類町１２７８－６", "緯度": 36.341199, "経度": 139.031266, "url": "https://www.iryou.teikyouseido.mhlw.go.jp/znk-web/juminkanja/S2430/initialize?prefCd=10&kikanCd=2100000540&kikanKbn=2", "url2": "http://noguchihifuka.life.coocan.jp/", "内容": "のぐち皮膚科クリニック【2:診療所】【診療科目:皮膚科_アレルギー科】群馬県高崎市上大類町１２７８－６" }, "geometry": { "type": "Point", "coordinates": [ 139.031266, 36.341199 ] } },
{ "type": "Feature", "properties": { "ID": 1022100000541, "正式名称": "はぎわら内科医院", "機関区分": 2, "都道府県コード": 10, "市区町村コード": 202, "所在地": "群馬県高崎市下豊岡町１３８７ー１", "緯度": 36.336181, "経度": 138.968217, "url": "https://www.iryou.teikyouseido.mhlw.go.jp/znk-web/juminkanja/S2430/initialize?prefCd=10&kikanCd=2100000541&kikanKbn=2", "url2": null, "内容": "はぎわら内科医院【2:診療所】【診療科目:内科】群馬県高崎市下豊岡町１３８７ー１" }, "geometry": { "type": "Point", "coordinates": [ 138.968217, 36.336181 ] } },
{ "type": "Feature", "properties": { "ID": 1022100000543, "正式名称": "長谷川内科医院", "機関区分": 2, "都道府県コード": 10, "市区町村コード": 202, "所在地": "群馬県高崎市貝沢町", "緯度": 36.339767, "経度": 139.022738, "url": "https://www.iryou.teikyouseido.mhlw.go.jp/znk-web/juminkanja/S2430/initialize?prefCd=10&kikanCd=2100000543&kikanKbn=2", "url2": null, "内容": "長谷川内科医院【2:診療所】【診療科目:内科_内分泌内科_糖尿病・代謝内科_循環器内科_消化器内科】群馬県高崎市貝沢町" }, "geometry": { "type": "Point", "coordinates": [ 139.022738, 36.339767 ] } },
{ "type": "Feature", "properties": { "ID": 1022100000544, "正式名称": "医療法人はっとり皮膚科医院", "機関区分": 2, "都道府県コード": 10, "市区町村コード": 202, "所在地": "群馬県高崎市小八木町２０２７ー４", "緯度": 36.359169, "経度": 139.018627, "url": "https://www.iryou.teikyouseido.mhlw.go.jp/znk-web/juminkanja/S2430/initialize?prefCd=10&kikanCd=2100000544&kikanKbn=2", "url2": "http://hattori-hifuka.com/", "内容": "医療法人はっとり皮膚科医院【2:診療所】【診療科目:皮膚科】群馬県高崎市小八木町２０２７ー４" }, "geometry": { "type": "Point", "coordinates": [ 139.018627, 36.359169 ] } },
{ "type": "Feature", "properties": { "ID": 1022100000546, "正式名称": "浜川クリニック", "機関区分": 2, "都道府県コード": 10, "市区町村コード": 202, "所在地": "群馬県高崎市浜川町３８ー２", "緯度": 36.360835, "経度": 138.977658, "url": "https://www.iryou.teikyouseido.mhlw.go.jp/znk-web/juminkanja/S2430/initialize?prefCd=10&kikanCd=2100000546&kikanKbn=2", "url2": null, "内容": "浜川クリニック【2:診療所】【診療科目:内科_小児科_精神科】群馬県高崎市浜川町３８ー２" }, "geometry": { "type": "Point", "coordinates": [ 138.977658, 36.360835 ] } },
{ "type": "Feature", "properties": { "ID": 1022100000547, "正式名称": "浜尻クリニック", "機関区分": 2, "都道府県コード": 10, "市区町村コード": 202, "所在地": "群馬県高崎市浜尻町２１６－５", "緯度": 36.352311, "経度": 139.013641, "url": "https://www.iryou.teikyouseido.mhlw.go.jp/znk-web/juminkanja/S2430/initialize?prefCd=10&kikanCd=2100000547&kikanKbn=2", "url2": "https://www.hamajiri-cl.com", "内容": "浜尻クリニック【2:診療所】【診療科目:内科_腎臓内科_小児科_アレルギー科_リウマチ科】群馬県高崎市浜尻町２１６－５" }, "geometry": { "type": "Point", "coordinates": [ 139.013641, 36.352311 ] } },
{ "type": "Feature", "properties": { "ID": 1022100000549, "正式名称": "通町診療所", "機関区分": 2, "都道府県コード": 10, "市区町村コード": 202, "所在地": "群馬県高崎市通町１４３ー２", "緯度": 36.325835, "経度": 139.009231, "url": "https://www.iryou.teikyouseido.mhlw.go.jp/znk-web/juminkanja/S2430/initialize?prefCd=10&kikanCd=2100000549&kikanKbn=2", "url2": "http://www.harunacoop.jp/torimachi/", "内容": "通町診療所【2:診療所】【診療科目:内科_小児科】群馬県高崎市通町１４３ー２" }, "geometry": { "type": "Point", "coordinates": [ 139.009231, 36.325835 ] } },
{ "type": "Feature", "properties": { "ID": 1022100000550, "正式名称": "ひうら医院小児科", "機関区分": 2, "都道府県コード": 10, "市区町村コード": 202, "所在地": "群馬県高崎市剣崎町１１５５－１", "緯度": 36.345876, "経度": 138.958884, "url": "https://www.iryou.teikyouseido.mhlw.go.jp/znk-web/juminkanja/S2430/initialize?prefCd=10&kikanCd=2100000550&kikanKbn=2", "url2": "https://www.hiura-cl.jp", "内容": "ひうら医院小児科【2:診療所】【診療科目:小児科】群馬県高崎市剣崎町１１５５－１" }, "geometry": { "type": "Point", "coordinates": [ 138.958884, 36.345876 ] } },
{ "type": "Feature", "properties": { "ID": 1022100000552, "正式名称": "ひぐち整形外科クリニック", "機関区分": 2, "都道府県コード": 10, "市区町村コード": 202, "所在地": "群馬県高崎市嘉多町４５", "緯度": 36.326417, "経度": 139.007306, "url": "https://www.iryou.teikyouseido.mhlw.go.jp/znk-web/juminkanja/S2430/initialize?prefCd=10&kikanCd=2100000552&kikanKbn=2", "url2": "http://website2.infomity.net/8442213/", "内容": "ひぐち整形外科クリニック【2:診療所】【診療科目:整形外科】群馬県高崎市嘉多町４５" }, "geometry": { "type": "Point", "coordinates": [ 139.007306, 36.326417 ] } },
{ "type": "Feature", "properties": { "ID": 1022100000553, "正式名称": "なみえクリニック", "機関区分": 2, "都道府県コード": 10, "市区町村コード": 202, "所在地": "群馬県高崎市上並榎町４１７", "緯度": 36.338, "経度": 138.996306, "url": "https://www.iryou.teikyouseido.mhlw.go.jp/znk-web/juminkanja/S2430/initialize?prefCd=10&kikanCd=2100000553&kikanKbn=2", "url2": "http://www.namieclinic.com", "内容": "なみえクリニック【2:診療所】【診療科目:内科_消化器内科_外科_消化器外科】群馬県高崎市上並榎町４１７" }, "geometry": { "type": "Point", "coordinates": [ 138.996306, 36.338 ] } },
{ "type": "Feature", "properties": { "ID": 1022100000554, "正式名称": "ひぐち内科クリニック", "機関区分": 2, "都道府県コード": 10, "市区町村コード": 202, "所在地": "群馬県高崎市正観寺町２０８", "緯度": 36.36937, "経度": 139.021702, "url": "https://www.iryou.teikyouseido.mhlw.go.jp/znk-web/juminkanja/S2430/initialize?prefCd=10&kikanCd=2100000554&kikanKbn=2", "url2": null, "内容": "ひぐち内科クリニック【2:診療所】【診療科目:内科】群馬県高崎市正観寺町２０８" }, "geometry": { "type": "Point", "coordinates": [ 139.021702, 36.36937 ] } },
{ "type": "Feature", "properties": { "ID": 1022100000555, "正式名称": "ひだまり診療所", "機関区分": 2, "都道府県コード": 10, "市区町村コード": 202, "所在地": "群馬県高崎市乗附町", "緯度": 36.324617, "経度": 138.977632, "url": "https://www.iryou.teikyouseido.mhlw.go.jp/znk-web/juminkanja/S2430/initialize?prefCd=10&kikanCd=2100000555&kikanKbn=2", "url2": "http://www.hidamaricl.jp", "内容": "ひだまり診療所【2:診療所】【診療科目:内科】群馬県高崎市乗附町" }, "geometry": { "type": "Point", "coordinates": [ 138.977632, 36.324617 ] } },
{ "type": "Feature", "properties": { "ID": 1022100000556, "正式名称": "ひばりクリニック", "機関区分": 2, "都道府県コード": 10, "市区町村コード": 202, "所在地": "群馬県高崎市日高町１００８ー１", "緯度": 36.354559, "経度": 139.037487, "url": "https://www.iryou.teikyouseido.mhlw.go.jp/znk-web/juminkanja/S2430/initialize?prefCd=10&kikanCd=2100000556&kikanKbn=2", "url2": "http://www.hibari-clinic.jp", "内容": "ひばりクリニック【2:診療所】【診療科目:内科_消化器内科_外科】群馬県高崎市日高町１００８ー１" }, "geometry": { "type": "Point", "coordinates": [ 139.037487, 36.354559 ] } },
{ "type": "Feature", "properties": { "ID": 1022100000557, "正式名称": "ふじえ内科医院", "機関区分": 2, "都道府県コード": 10, "市区町村コード": 202, "所在地": "群馬県高崎市上滝町３２１", "緯度": 36.321675, "経度": 139.086609, "url": "https://www.iryou.teikyouseido.mhlw.go.jp/znk-web/juminkanja/S2430/initialize?prefCd=10&kikanCd=2100000557&kikanKbn=2", "url2": "http://www.fujie.jp/clinic/", "内容": "ふじえ内科医院【2:診療所】【診療科目:内科_循環器内科_消化器内科】群馬県高崎市上滝町３２１" }, "geometry": { "type": "Point", "coordinates": [ 139.086609, 36.321675 ] } },
{ "type": "Feature", "properties": { "ID": 1022100000559, "正式名称": "双葉クリニック", "機関区分": 2, "都道府県コード": 10, "市区町村コード": 202, "所在地": "群馬県高崎市双葉町９－９", "緯度": 36.315535, "経度": 139.019046, "url": "https://www.iryou.teikyouseido.mhlw.go.jp/znk-web/juminkanja/S2430/initialize?prefCd=10&kikanCd=2100000559&kikanKbn=2", "url2": "https://futabaclinic.net/", "内容": "双葉クリニック【2:診療所】【診療科目:形成外科_皮膚科】群馬県高崎市双葉町９－９" }, "geometry": { "type": "Point", "coordinates": [ 139.019046, 36.315535 ] } },
{ "type": "Feature", "properties": { "ID": 1022100000561, "正式名称": "細谷クリニック", "機関区分": 2, "都道府県コード": 10, "市区町村コード": 202, "所在地": "群馬県高崎市沖町１５５", "緯度": 36.359969, "経度": 138.957453, "url": "https://www.iryou.teikyouseido.mhlw.go.jp/znk-web/juminkanja/S2430/initialize?prefCd=10&kikanCd=2100000561&kikanKbn=2", "url2": null, "内容": "細谷クリニック【2:診療所】【診療科目:内科_外科_整形外科_小児科_リハビリテーション科】群馬県高崎市沖町１５５" }, "geometry": { "type": "Point", "coordinates": [ 138.957453, 36.359969 ] } },
{ "type": "Feature", "properties": { "ID": 1022100000563, "正式名称": "堀越医院", "機関区分": 2, "都道府県コード": 10, "市区町村コード": 202, "所在地": "群馬県高崎市椿町１４", "緯度": 36.331115, "経度": 139.007242, "url": "https://www.iryou.teikyouseido.mhlw.go.jp/znk-web/juminkanja/S2430/initialize?prefCd=10&kikanCd=2100000563&kikanKbn=2", "url2": null, "内容": "堀越医院【2:診療所】【診療科目:内科】群馬県高崎市椿町１４" }, "geometry": { "type": "Point", "coordinates": [ 139.007242, 36.331115 ] } },
{ "type": "Feature", "properties": { "ID": 1022100000564, "正式名称": "堀越内科クリニック", "機関区分": 2, "都道府県コード": 10, "市区町村コード": 202, "所在地": "群馬県高崎市上中居町１８番地", "緯度": 36.322435, "経度": 139.025328, "url": "https://www.iryou.teikyouseido.mhlw.go.jp/znk-web/juminkanja/S2430/initialize?prefCd=10&kikanCd=2100000564&kikanKbn=2", "url2": "http://horikoshi-clinic.net/", "内容": "堀越内科クリニック【2:診療所】【診療科目:内科_胃腸内科】群馬県高崎市上中居町１８番地" }, "geometry": { "type": "Point", "coordinates": [ 139.025328, 36.322435 ] } },
{ "type": "Feature", "properties": { "ID": 1022100000565, "正式名称": "堀米医院", "機関区分": 2, "都道府県コード": 10, "市区町村コード": 202, "所在地": "群馬県高崎市倉賀野町", "緯度": 36.297069, "経度": 139.049257, "url": "https://www.iryou.teikyouseido.mhlw.go.jp/znk-web/juminkanja/S2430/initialize?prefCd=10&kikanCd=2100000565&kikanKbn=2", "url2": null, "内容": "堀米医院【2:診療所】【診療科目:内科_循環器内科】群馬県高崎市倉賀野町" }, "geometry": { "type": "Point", "coordinates": [ 139.049257, 36.297069 ] } },
{ "type": "Feature", "properties": { "ID": 1022100000566, "正式名称": "本多医院", "機関区分": 2, "都道府県コード": 10, "市区町村コード": 202, "所在地": "群馬県高崎市下豊岡町３２７", "緯度": 36.332192, "経度": 138.986404, "url": "https://www.iryou.teikyouseido.mhlw.go.jp/znk-web/juminkanja/S2430/initialize?prefCd=10&kikanCd=2100000566&kikanKbn=2", "url2": null, "内容": "本多医院【2:診療所】【診療科目:内科_循環器内科_神経科】群馬県高崎市下豊岡町３２７" }, "geometry": { "type": "Point", "coordinates": [ 138.986404, 36.332192 ] } },
{ "type": "Feature", "properties": { "ID": 1022100000568, "正式名称": "医療法人牧元医院", "機関区分": 2, "都道府県コード": 10, "市区町村コード": 202, "所在地": "群馬県高崎市芝塚町１８４５－２", "緯度": 36.335279, "経度": 139.014956, "url": "https://www.iryou.teikyouseido.mhlw.go.jp/znk-web/juminkanja/S2430/initialize?prefCd=10&kikanCd=2100000568&kikanKbn=2", "url2": "https://makimotocl.jp/", "内容": "医療法人牧元医院【2:診療所】【診療科目:内科_呼吸器内科_アレルギー科】群馬県高崎市芝塚町１８４５－２" }, "geometry": { "type": "Point", "coordinates": [ 139.014956, 36.335279 ] } },
{ "type": "Feature", "properties": { "ID": 1022100000569, "正式名称": "正木整形外科医院", "機関区分": 2, "都道府県コード": 10, "市区町村コード": 202, "所在地": "群馬県高崎市天神町１２３", "緯度": 36.338917, "経度": 139.021056, "url": "https://www.iryou.teikyouseido.mhlw.go.jp/znk-web/juminkanja/S2430/initialize?prefCd=10&kikanCd=2100000569&kikanKbn=2", "url2": null, "内容": "正木整形外科医院【2:診療所】【診療科目:整形外科】群馬県高崎市天神町１２３" }, "geometry": { "type": "Point", "coordinates": [ 139.021056, 36.338917 ] } },
{ "type": "Feature", "properties": { "ID": 1022100000570, "正式名称": "医療法人眞栄会真下クリニック", "機関区分": 2, "都道府県コード": 10, "市区町村コード": 202, "所在地": "群馬県高崎市新保町１１０３ー１", "緯度": 36.347615, "経度": 139.040848, "url": "https://www.iryou.teikyouseido.mhlw.go.jp/znk-web/juminkanja/S2430/initialize?prefCd=10&kikanCd=2100000570&kikanKbn=2", "url2": null, "内容": "医療法人眞栄会真下クリニック【2:診療所】【診療科目:内科_性感染症内科_漢方内科_皮膚科_泌尿器科_アレルギー科】群馬県高崎市新保町１１０３ー１" }, "geometry": { "type": "Point", "coordinates": [ 139.040848, 36.347615 ] } },
{ "type": "Feature", "properties": { "ID": 1022100000571, "正式名称": "松岡皮ふ科", "機関区分": 2, "都道府県コード": 10, "市区町村コード": 202, "所在地": "群馬県高崎市連雀町８９", "緯度": 36.325395, "経度": 139.006435, "url": "https://www.iryou.teikyouseido.mhlw.go.jp/znk-web/juminkanja/S2430/initialize?prefCd=10&kikanCd=2100000571&kikanKbn=2", "url2": null, "内容": "松岡皮ふ科【2:診療所】【診療科目:形成外科_皮膚科】群馬県高崎市連雀町８９" }, "geometry": { "type": "Point", "coordinates": [ 139.006435, 36.325395 ] } },
{ "type": "Feature", "properties": { "ID": 1022100000572, "正式名称": "医療法人松崎医院", "機関区分": 2, "都道府県コード": 10, "市区町村コード": 202, "所在地": "群馬県高崎市島野町５８９", "緯度": 36.337068, "経度": 139.062255, "url": "https://www.iryou.teikyouseido.mhlw.go.jp/znk-web/juminkanja/S2430/initialize?prefCd=10&kikanCd=2100000572&kikanKbn=2", "url2": null, "内容": "医療法人松崎医院【2:診療所】【診療科目:内科_胃腸内科_皮膚科_リハビリテーション科】群馬県高崎市島野町５８９" }, "geometry": { "type": "Point", "coordinates": [ 139.062255, 36.337068 ] } },
{ "type": "Feature", "properties": { "ID": 1022100000573, "正式名称": "医療法人松島小児科医院", "機関区分": 2, "都道府県コード": 10, "市区町村コード": 202, "所在地": "群馬県高崎市貝沢町", "緯度": 36.346169, "経度": 139.019349, "url": "https://www.iryou.teikyouseido.mhlw.go.jp/znk-web/juminkanja/S2430/initialize?prefCd=10&kikanCd=2100000573&kikanKbn=2", "url2": "http://matsushima-shounika.net", "内容": "医療法人松島小児科医院【2:診療所】【診療科目:小児科】群馬県高崎市貝沢町" }, "geometry": { "type": "Point", "coordinates": [ 139.019349, 36.346169 ] } },
{ "type": "Feature", "properties": { "ID": 1022100000574, "正式名称": "医療法人翠松会松原医院フラワークリニック", "機関区分": 2, "都道府県コード": 10, "市区町村コード": 202, "所在地": "群馬県高崎市新保町１５８５－１", "緯度": 36.340898, "経度": 139.040468, "url": "https://www.iryou.teikyouseido.mhlw.go.jp/znk-web/juminkanja/S2430/initialize?prefCd=10&kikanCd=2100000574&kikanKbn=2", "url2": "https://www.matsubara-ladies-clinic.com", "内容": "医療法人翠松会松原医院フラワークリニック【2:診療所】【診療科目:内科_肛門外科_産婦人科_皮膚科】群馬県高崎市新保町１５８５－１" }, "geometry": { "type": "Point", "coordinates": [ 139.040468, 36.340898 ] } },
{ "type": "Feature", "properties": { "ID": 1022100000575, "正式名称": "松本医院", "機関区分": 2, "都道府県コード": 10, "市区町村コード": 202, "所在地": "群馬県高崎市相生町３５", "緯度": 36.332479, "経度": 139.001434, "url": "https://www.iryou.teikyouseido.mhlw.go.jp/znk-web/juminkanja/S2430/initialize?prefCd=10&kikanCd=2100000575&kikanKbn=2", "url2": "http://www.myclinic.ne.jp/matsumcl", "内容": "松本医院【2:診療所】【診療科目:内科_循環器内科_胃腸内科_神経内科_老年内科_皮膚科_泌尿器科_神経科_放射線科】群馬県高崎市相生町３５" }, "geometry": { "type": "Point", "coordinates": [ 139.001434, 36.332479 ] } },
{ "type": "Feature", "properties": { "ID": 1022100000576, "正式名称": "医療法人黛皮膚科医院", "機関区分": 2, "都道府県コード": 10, "市区町村コード": 202, "所在地": "群馬県高崎市台町２７ー４", "緯度": 36.334838, "経度": 138.999408, "url": "https://www.iryou.teikyouseido.mhlw.go.jp/znk-web/juminkanja/S2430/initialize?prefCd=10&kikanCd=2100000576&kikanKbn=2", "url2": "https://www.mayuzumihifuka.com/", "内容": "医療法人黛皮膚科医院【2:診療所】【診療科目:皮膚科_美容皮膚科】群馬県高崎市台町２７ー４" }, "geometry": { "type": "Point", "coordinates": [ 138.999408, 36.334838 ] } },
{ "type": "Feature", "properties": { "ID": 1022100000578, "正式名称": "医療法人スマイルデザイン　丸山眼科医院", "機関区分": 2, "都道府県コード": 10, "市区町村コード": 202, "所在地": "群馬県高崎市片岡町２－６－３", "緯度": 36.316493, "経度": 138.996155, "url": "https://www.iryou.teikyouseido.mhlw.go.jp/znk-web/juminkanja/S2430/initialize?prefCd=10&kikanCd=2100000578&kikanKbn=2", "url2": "http://clinic-smiledesign.com/", "内容": "医療法人スマイルデザイン　丸山眼科医院【2:診療所】【診療科目:眼科】群馬県高崎市片岡町２－６－３" }, "geometry": { "type": "Point", "coordinates": [ 138.996155, 36.316493 ] } },
{ "type": "Feature", "properties": { "ID": 1022100000579, "正式名称": "真中記念クリニック", "機関区分": 2, "都道府県コード": 10, "市区町村コード": 202, "所在地": "群馬県高崎市南大類町８８６ー１", "緯度": 36.318778, "経度": 139.043861, "url": "https://www.iryou.teikyouseido.mhlw.go.jp/znk-web/juminkanja/S2430/initialize?prefCd=10&kikanCd=2100000579&kikanKbn=2", "url2": "http://www.manaka-clinic.jp", "内容": "真中記念クリニック【2:診療所】【診療科目:整形外科_リウマチ科_リハビリテーション科】群馬県高崎市南大類町８８６ー１" }, "geometry": { "type": "Point", "coordinates": [ 139.043861, 36.318778 ] } },
{ "type": "Feature", "properties": { "ID": 1022100000580, "正式名称": "水内外科内科医院", "機関区分": 2, "都道府県コード": 10, "市区町村コード": 202, "所在地": "群馬県高崎市中豊岡町３５ー１", "緯度": 36.334254, "経度": 138.973187, "url": "https://www.iryou.teikyouseido.mhlw.go.jp/znk-web/juminkanja/S2430/initialize?prefCd=10&kikanCd=2100000580&kikanKbn=2", "url2": "http://www.mizuuchi-clinic.com", "内容": "水内外科内科医院【2:診療所】【診療科目:内科_消化器内科_胃腸内科_外科】群馬県高崎市中豊岡町３５ー１" }, "geometry": { "type": "Point", "coordinates": [ 138.973187, 36.334254 ] } },
{ "type": "Feature", "properties": { "ID": 1022100000582, "正式名称": "医療法人社団和恵会　宮下クリニック", "機関区分": 2, "都道府県コード": 10, "市区町村コード": 202, "所在地": "群馬県高崎市新保町１３７７ー１", "緯度": 36.341418, "経度": 139.042643, "url": "https://www.iryou.teikyouseido.mhlw.go.jp/znk-web/juminkanja/S2430/initialize?prefCd=10&kikanCd=2100000582&kikanKbn=2", "url2": "https://www.miyashitaclinic.com", "内容": "医療法人社団和恵会　宮下クリニック【2:診療所】【診療科目:内科_小児科】群馬県高崎市新保町１３７７ー１" }, "geometry": { "type": "Point", "coordinates": [ 139.042643, 36.341418 ] } },
{ "type": "Feature", "properties": { "ID": 1022100000583, "正式名称": "医療法人宮下耳鼻咽喉科", "機関区分": 2, "都道府県コード": 10, "市区町村コード": 202, "所在地": "群馬県高崎市正観寺町６５２－３", "緯度": 36.349903, "経度": 139.022571, "url": "https://www.iryou.teikyouseido.mhlw.go.jp/znk-web/juminkanja/S2430/initialize?prefCd=10&kikanCd=2100000583&kikanKbn=2", "url2": "https://miyashita-jibi.jp/", "内容": "医療法人宮下耳鼻咽喉科【2:診療所】【診療科目:耳鼻いんこう科】群馬県高崎市正観寺町６５２－３" }, "geometry": { "type": "Point", "coordinates": [ 139.022571, 36.349903 ] } },
{ "type": "Feature", "properties": { "ID": 1022100000584, "正式名称": "宮下内科医院", "機関区分": 2, "都道府県コード": 10, "市区町村コード": 202, "所在地": "群馬県高崎市住吉町２２ー１", "緯度": 36.333318, "経度": 139.000736, "url": "https://www.iryou.teikyouseido.mhlw.go.jp/znk-web/juminkanja/S2430/initialize?prefCd=10&kikanCd=2100000584&kikanKbn=2", "url2": null, "内容": "宮下内科医院【2:診療所】【診療科目:内科】群馬県高崎市住吉町２２ー１" }, "geometry": { "type": "Point", "coordinates": [ 139.000736, 36.333318 ] } },
{ "type": "Feature", "properties": { "ID": 1022100000585, "正式名称": "宮下皮膚科医院", "機関区分": 2, "都道府県コード": 10, "市区町村コード": 202, "所在地": "群馬県高崎市北久保町９ー２", "緯度": 36.336699, "経度": 138.98202, "url": "https://www.iryou.teikyouseido.mhlw.go.jp/znk-web/juminkanja/S2430/initialize?prefCd=10&kikanCd=2100000585&kikanKbn=2", "url2": "http://www.miyashitahifuka.com", "内容": "宮下皮膚科医院【2:診療所】【診療科目:皮膚科】群馬県高崎市北久保町９ー２" }, "geometry": { "type": "Point", "coordinates": [ 138.98202, 36.336699 ] } },
{ "type": "Feature", "properties": { "ID": 1022100000586, "正式名称": "みやもとクリニック", "機関区分": 2, "都道府県コード": 10, "市区町村コード": 202, "所在地": "群馬県高崎市新田町６－１１", "緯度": 36.319007, "経度": 139.007658, "url": "https://www.iryou.teikyouseido.mhlw.go.jp/znk-web/juminkanja/S2430/initialize?prefCd=10&kikanCd=2100000586&kikanKbn=2", "url2": "http://www6.wind.ne.jp/miyamoto/clinic/index.html", "内容": "みやもとクリニック【2:診療所】【診療科目:精神科_心療内科】群馬県高崎市新田町６－１１" }, "geometry": { "type": "Point", "coordinates": [ 139.007658, 36.319007 ] } },
{ "type": "Feature", "properties": { "ID": 1022100000587, "正式名称": "医療法人　道寿会　道又内科東口診療所", "機関区分": 2, "都道府県コード": 10, "市区町村コード": 202, "所在地": "群馬県高崎市栄町", "緯度": 36.321779, "経度": 139.01547, "url": "https://www.iryou.teikyouseido.mhlw.go.jp/znk-web/juminkanja/S2430/initialize?prefCd=10&kikanCd=2100000587&kikanKbn=2", "url2": "http://www.myclinic.ne.jp/michimata_cl/pc/index.html", "内容": "医療法人　道寿会　道又内科東口診療所【2:診療所】【診療科目:内科_糖尿病・内分泌内科】群馬県高崎市栄町" }, "geometry": { "type": "Point", "coordinates": [ 139.01547, 36.321779 ] } },
{ "type": "Feature", "properties": { "ID": 1022100000589, "正式名称": "医療法人　秀躍会　もぎ整形外科クリニック", "機関区分": 2, "都道府県コード": 10, "市区町村コード": 202, "所在地": "群馬県高崎市井野町８００ー１１", "緯度": 36.357031, "経度": 139.029515, "url": "https://www.iryou.teikyouseido.mhlw.go.jp/znk-web/juminkanja/S2430/initialize?prefCd=10&kikanCd=2100000589&kikanKbn=2", "url2": "https://mogiseikei.com/", "内容": "医療法人　秀躍会　もぎ整形外科クリニック【2:診療所】【診療科目:整形外科_リハビリテーション科】群馬県高崎市井野町８００ー１１" }, "geometry": { "type": "Point", "coordinates": [ 139.029515, 36.357031 ] } },
{ "type": "Feature", "properties": { "ID": 1022100000590, "正式名称": "もてき脳神経外科", "機関区分": 2, "都道府県コード": 10, "市区町村コード": 202, "所在地": "群馬県高崎市上小塙町５６７番地", "緯度": 36.359418, "経度": 138.979214, "url": "https://www.iryou.teikyouseido.mhlw.go.jp/znk-web/juminkanja/S2430/initialize?prefCd=10&kikanCd=2100000590&kikanKbn=2", "url2": "http://www.suika.or.jp", "内容": "もてき脳神経外科【2:診療所】【診療科目:神経内科_脳神経外科_リハビリテーション科】群馬県高崎市上小塙町５６７番地" }, "geometry": { "type": "Point", "coordinates": [ 138.979214, 36.359418 ] } },
{ "type": "Feature", "properties": { "ID": 1022100000592, "正式名称": "桃ノ木クリニック", "機関区分": 2, "都道府県コード": 10, "市区町村コード": 202, "所在地": "群馬県高崎市八幡町１０６７ー４", "緯度": 36.342288, "経度": 138.939814, "url": "https://www.iryou.teikyouseido.mhlw.go.jp/znk-web/juminkanja/S2430/initialize?prefCd=10&kikanCd=2100000592&kikanKbn=2", "url2": null, "内容": "桃ノ木クリニック【2:診療所】【診療科目:内科_小児科_皮膚科】群馬県高崎市八幡町１０６７ー４" }, "geometry": { "type": "Point", "coordinates": [ 138.939814, 36.342288 ] } },
{ "type": "Feature", "properties": { "ID": 1022100000594, "正式名称": "医療法人森内科クリニック", "機関区分": 2, "都道府県コード": 10, "市区町村コード": 202, "所在地": "群馬県高崎市楽間町３１の３", "緯度": 36.366077, "経度": 138.968233, "url": "https://www.iryou.teikyouseido.mhlw.go.jp/znk-web/juminkanja/S2430/initialize?prefCd=10&kikanCd=2100000594&kikanKbn=2", "url2": "https://mori-cl.jp/", "内容": "医療法人森内科クリニック【2:診療所】【診療科目:内科_呼吸器内科_循環器内科】群馬県高崎市楽間町３１の３" }, "geometry": { "type": "Point", "coordinates": [ 138.968233, 36.366077 ] } },
{ "type": "Feature", "properties": { "ID": 1022100000595, "正式名称": "医療法人矢崎会矢崎医院", "機関区分": 2, "都道府県コード": 10, "市区町村コード": 202, "所在地": "群馬県高崎市剣崎町１０４９－２", "緯度": 36.345629, "経度": 138.96377, "url": "https://www.iryou.teikyouseido.mhlw.go.jp/znk-web/juminkanja/S2430/initialize?prefCd=10&kikanCd=2100000595&kikanKbn=2", "url2": "http://med.wind.ne.jp/yazaki", "内容": "医療法人矢崎会矢崎医院【2:診療所】【診療科目:産婦人科】群馬県高崎市剣崎町１０４９－２" }, "geometry": { "type": "Point", "coordinates": [ 138.96377, 36.345629 ] } },
{ "type": "Feature", "properties": { "ID": 1022100000597, "正式名称": "医療法人　明光会　やなぎさわ整形外科", "機関区分": 2, "都道府県コード": 10, "市区町村コード": 202, "所在地": "群馬県高崎市綿貫町３１８", "緯度": 36.30537, "経度": 139.072321, "url": "https://www.iryou.teikyouseido.mhlw.go.jp/znk-web/juminkanja/S2430/initialize?prefCd=10&kikanCd=2100000597&kikanKbn=2", "url2": "https://www.yanagisawa-seikei.com", "内容": "医療法人　明光会　やなぎさわ整形外科【2:診療所】【診療科目:整形外科_リウマチ科_リハビリテーション科】群馬県高崎市綿貫町３１８" }, "geometry": { "type": "Point", "coordinates": [ 139.072321, 36.30537 ] } },
{ "type": "Feature", "properties": { "ID": 1022100000601, "正式名称": "医療法人整形外科やましな医院", "機関区分": 2, "都道府県コード": 10, "市区町村コード": 202, "所在地": "群馬県高崎市山名町１５４８", "緯度": 36.278984, "経度": 139.03924, "url": "https://www.iryou.teikyouseido.mhlw.go.jp/znk-web/juminkanja/S2430/initialize?prefCd=10&kikanCd=2100000601&kikanKbn=2", "url2": "http://yamashinaiin.com/", "内容": "医療法人整形外科やましな医院【2:診療所】【診療科目:内科_整形外科_リウマチ科_リハビリテーション科】群馬県高崎市山名町１５４８" }, "geometry": { "type": "Point", "coordinates": [ 139.03924, 36.278984 ] } },
{ "type": "Feature", "properties": { "ID": 1022100000602, "正式名称": "医療法人大和鶴会　やまなクリニック", "機関区分": 2, "都道府県コード": 10, "市区町村コード": 202, "所在地": "群馬県高崎市山名町２８３ー１", "緯度": 36.277374, "経度": 139.044727, "url": "https://www.iryou.teikyouseido.mhlw.go.jp/znk-web/juminkanja/S2430/initialize?prefCd=10&kikanCd=2100000602&kikanKbn=2", "url2": null, "内容": "医療法人大和鶴会　やまなクリニック【2:診療所】【診療科目:内科_泌尿器科】群馬県高崎市山名町２８３ー１" }, "geometry": { "type": "Point", "coordinates": [ 139.044727, 36.277374 ] } },
{ "type": "Feature", "properties": { "ID": 1022100000603, "正式名称": "医療法人光緑会やわたクリニック", "機関区分": 2, "都道府県コード": 10, "市区町村コード": 202, "所在地": "群馬県高崎市八幡町", "緯度": 36.339294, "経度": 138.957843, "url": "https://www.iryou.teikyouseido.mhlw.go.jp/znk-web/juminkanja/S2430/initialize?prefCd=10&kikanCd=2100000603&kikanKbn=2", "url2": null, "内容": "医療法人光緑会やわたクリニック【2:診療所】【診療科目:内科】群馬県高崎市八幡町" }, "geometry": { "type": "Point", "coordinates": [ 138.957843, 36.339294 ] } },
{ "type": "Feature", "properties": { "ID": 1022100000604, "正式名称": "弓皮ふ科医院", "機関区分": 2, "都道府県コード": 10, "市区町村コード": 202, "所在地": "群馬県高崎市片岡町１ー５ー３", "緯度": 36.319978, "経度": 138.996964, "url": "https://www.iryou.teikyouseido.mhlw.go.jp/znk-web/juminkanja/S2430/initialize?prefCd=10&kikanCd=2100000604&kikanKbn=2", "url2": "http://med.wind.ne.jp/~yumi/", "内容": "弓皮ふ科医院【2:診療所】【診療科目:皮膚科】群馬県高崎市片岡町１ー５ー３" }, "geometry": { "type": "Point", "coordinates": [ 138.996964, 36.319978 ] } },
{ "type": "Feature", "properties": { "ID": 1022100000607, "正式名称": "吉川医院", "機関区分": 2, "都道府県コード": 10, "市区町村コード": 202, "所在地": "群馬県高崎市檜物町１４９", "緯度": 36.322412, "経度": 139.006309, "url": "https://www.iryou.teikyouseido.mhlw.go.jp/znk-web/juminkanja/S2430/initialize?prefCd=10&kikanCd=2100000607&kikanKbn=2", "url2": null, "内容": "吉川医院【2:診療所】【診療科目:内科_小児科】群馬県高崎市檜物町１４９" }, "geometry": { "type": "Point", "coordinates": [ 139.006309, 36.322412 ] } },
{ "type": "Feature", "properties": { "ID": 1022100000608, "正式名称": "吉浜内科小児科クリニック", "機関区分": 2, "都道府県コード": 10, "市区町村コード": 202, "所在地": "群馬県高崎市鶴見町９−３", "緯度": 36.318985, "経度": 139.009893, "url": "https://www.iryou.teikyouseido.mhlw.go.jp/znk-web/juminkanja/S2430/initialize?prefCd=10&kikanCd=2100000608&kikanKbn=2", "url2": "https://www.yoshihama-clinic.jp", "内容": "吉浜内科小児科クリニック【2:診療所】【診療科目:内科_消化器内科_小児科】群馬県高崎市鶴見町９−３" }, "geometry": { "type": "Point", "coordinates": [ 139.009893, 36.318985 ] } },
{ "type": "Feature", "properties": { "ID": 1022100000609, "正式名称": "吉見耳鼻咽喉科医院", "機関区分": 2, "都道府県コード": 10, "市区町村コード": 202, "所在地": "群馬県高崎市新紺屋町１番地", "緯度": 36.32934, "経度": 139.004342, "url": "https://www.iryou.teikyouseido.mhlw.go.jp/znk-web/juminkanja/S2430/initialize?prefCd=10&kikanCd=2100000609&kikanKbn=2", "url2": null, "内容": "吉見耳鼻咽喉科医院【2:診療所】【診療科目:耳鼻いんこう科】群馬県高崎市新紺屋町１番地" }, "geometry": { "type": "Point", "coordinates": [ 139.004342, 36.32934 ] } },
{ "type": "Feature", "properties": { "ID": 1022100000610, "正式名称": "吉村内科医院", "機関区分": 2, "都道府県コード": 10, "市区町村コード": 202, "所在地": "群馬県高崎市相生町", "緯度": 36.33234, "経度": 139.000795, "url": "https://www.iryou.teikyouseido.mhlw.go.jp/znk-web/juminkanja/S2430/initialize?prefCd=10&kikanCd=2100000610&kikanKbn=2", "url2": "http://yoshimura.byoinnavi.jp", "内容": "吉村内科医院【2:診療所】【診療科目:内科】群馬県高崎市相生町" }, "geometry": { "type": "Point", "coordinates": [ 139.000795, 36.33234 ] } },
{ "type": "Feature", "properties": { "ID": 1022100000614, "正式名称": "医療法人壮心会わかばクリニック", "機関区分": 2, "都道府県コード": 10, "市区町村コード": 202, "所在地": "群馬県高崎市剣崎町２４９ー５", "緯度": 36.341027, "経度": 138.955551, "url": "https://www.iryou.teikyouseido.mhlw.go.jp/znk-web/juminkanja/S2430/initialize?prefCd=10&kikanCd=2100000614&kikanKbn=2", "url2": null, "内容": "医療法人壮心会わかばクリニック【2:診療所】【診療科目:内科】群馬県高崎市剣崎町２４９ー５" }, "geometry": { "type": "Point", "coordinates": [ 138.955551, 36.341027 ] } },
{ "type": "Feature", "properties": { "ID": 1022100000618, "正式名称": "野邑医院", "機関区分": 2, "都道府県コード": 10, "市区町村コード": 202, "所在地": "群馬県高崎市倉渕町三ノ倉５０２ー５", "緯度": 36.418787, "経度": 138.798477, "url": "https://www.iryou.teikyouseido.mhlw.go.jp/znk-web/juminkanja/S2430/initialize?prefCd=10&kikanCd=2100000618&kikanKbn=2", "url2": null, "内容": "野邑医院【2:診療所】【診療科目:内科】群馬県高崎市倉渕町三ノ倉５０２ー５" }, "geometry": { "type": "Point", "coordinates": [ 138.798477, 36.418787 ] } },
{ "type": "Feature", "properties": { "ID": 1022100000619, "正式名称": "今井内科小児科", "機関区分": 2, "都道府県コード": 10, "市区町村コード": 202, "所在地": "群馬県高崎市箕郷町柏木沢２３５６ー３", "緯度": 36.408107, "経度": 138.969999, "url": "https://www.iryou.teikyouseido.mhlw.go.jp/znk-web/juminkanja/S2430/initialize?prefCd=10&kikanCd=2100000619&kikanKbn=2", "url2": null, "内容": "今井内科小児科【2:診療所】【診療科目:内科_循環器内科_小児科】群馬県高崎市箕郷町柏木沢２３５６ー３" }, "geometry": { "type": "Point", "coordinates": [ 138.969999, 36.408107 ] } },
{ "type": "Feature", "properties": { "ID": 1022100000621, "正式名称": "上芝ファミリークリニック", "機関区分": 2, "都道府県コード": 10, "市区町村コード": 202, "所在地": "群馬県高崎市箕郷町上芝１８３ー３", "緯度": 36.38789, "経度": 138.9643, "url": "https://www.iryou.teikyouseido.mhlw.go.jp/znk-web/juminkanja/S2430/initialize?prefCd=10&kikanCd=2100000621&kikanKbn=2", "url2": null, "内容": "上芝ファミリークリニック【2:診療所】【診療科目:内科_糖尿病内科_糖尿病・内分泌内科_呼吸器内科_消化器内科_小児科_アレルギー科】群馬県高崎市箕郷町上芝１８３ー３" }, "geometry": { "type": "Point", "coordinates": [ 138.9643, 36.38789 ] } },
{ "type": "Feature", "properties": { "ID": 1022100000622, "正式名称": "佐藤医院", "機関区分": 2, "都道府県コード": 10, "市区町村コード": 202, "所在地": "群馬県高崎市箕郷町生原１０８１ー５", "緯度": 36.397722, "経度": 138.969671, "url": "https://www.iryou.teikyouseido.mhlw.go.jp/znk-web/juminkanja/S2430/initialize?prefCd=10&kikanCd=2100000622&kikanKbn=2", "url2": null, "内容": "佐藤医院【2:診療所】【診療科目:内科_外科】群馬県高崎市箕郷町生原１０８１ー５" }, "geometry": { "type": "Point", "coordinates": [ 138.969671, 36.397722 ] } },
{ "type": "Feature", "properties": { "ID": 1022100000623, "正式名称": "下田内科胃腸科", "機関区分": 2, "都道府県コード": 10, "市区町村コード": 202, "所在地": "群馬県高崎市箕郷町西明屋３８０", "緯度": 36.391168, "経度": 138.958181, "url": "https://www.iryou.teikyouseido.mhlw.go.jp/znk-web/juminkanja/S2430/initialize?prefCd=10&kikanCd=2100000623&kikanKbn=2", "url2": null, "内容": "下田内科胃腸科【2:診療所】【診療科目:内科】群馬県高崎市箕郷町西明屋３８０" }, "geometry": { "type": "Point", "coordinates": [ 138.958181, 36.391168 ] } },
{ "type": "Feature", "properties": { "ID": 1022100000628, "正式名称": "みさと診療所", "機関区分": 2, "都道府県コード": 10, "市区町村コード": 202, "所在地": "群馬県高崎市箕郷町上芝６２８－１", "緯度": 36.383027, "経度": 138.95685, "url": "https://www.iryou.teikyouseido.mhlw.go.jp/znk-web/juminkanja/S2430/initialize?prefCd=10&kikanCd=2100000628&kikanKbn=2", "url2": "http://mizuhokai-misato.or.jp", "内容": "みさと診療所【2:診療所】【診療科目:内科_消化器外科】群馬県高崎市箕郷町上芝６２８－１" }, "geometry": { "type": "Point", "coordinates": [ 138.95685, 36.383027 ] } },
{ "type": "Feature", "properties": { "ID": 1022100000629, "正式名称": "医療法人社団　敬仁会　あすなろクリニック", "機関区分": 2, "都道府県コード": 10, "市区町村コード": 202, "所在地": "群馬県高崎市棟高町１６７５ー５５０", "緯度": 36.386627, "経度": 139.005197, "url": "https://www.iryou.teikyouseido.mhlw.go.jp/znk-web/juminkanja/S2430/initialize?prefCd=10&kikanCd=2100000629&kikanKbn=2", "url2": "https://www.asunaro-cl.jp", "内容": "医療法人社団　敬仁会　あすなろクリニック【2:診療所】【診療科目:内科_呼吸器内科_消化器内科_総合診療科_外科_皮膚科】群馬県高崎市棟高町１６７５ー５５０" }, "geometry": { "type": "Point", "coordinates": [ 139.005197, 36.386627 ] } },
{ "type": "Feature", "properties": { "ID": 1022100000630, "正式名称": "医療法人星陽会いしもとレディスクリニック", "機関区分": 2, "都道府県コード": 10, "市区町村コード": 202, "所在地": "群馬県高崎市中泉町６０８番地２", "緯度": 36.371643, "経度": 139.002472, "url": "https://www.iryou.teikyouseido.mhlw.go.jp/znk-web/juminkanja/S2430/initialize?prefCd=10&kikanCd=2100000630&kikanKbn=2", "url2": "https://www.ishimoto.or.jp", "内容": "医療法人星陽会いしもとレディスクリニック【2:診療所】【診療科目:内科_産科_婦人科】群馬県高崎市中泉町６０８番地２" }, "geometry": { "type": "Point", "coordinates": [ 139.002472, 36.371643 ] } },
{ "type": "Feature", "properties": { "ID": 1022100000631, "正式名称": "いたがき内科クリニック", "機関区分": 2, "都道府県コード": 10, "市区町村コード": 202, "所在地": "群馬県高崎市中泉町６０２ー２", "緯度": 36.373574, "経度": 139.000439, "url": "https://www.iryou.teikyouseido.mhlw.go.jp/znk-web/juminkanja/S2430/initialize?prefCd=10&kikanCd=2100000631&kikanKbn=2", "url2": null, "内容": "いたがき内科クリニック【2:診療所】【診療科目:内科_呼吸器内科_循環器内科_消化器内科_神経内科】群馬県高崎市中泉町６０２ー２" }, "geometry": { "type": "Point", "coordinates": [ 139.000439, 36.373574 ] } },
{ "type": "Feature", "properties": { "ID": 1022100000632, "正式名称": "医療法人社団三愛会三愛クリニック", "機関区分": 2, "都道府県コード": 10, "市区町村コード": 202, "所在地": "群馬県高崎市金古町１７５８", "緯度": 36.417018, "経度": 138.987825, "url": "https://www.iryou.teikyouseido.mhlw.go.jp/znk-web/juminkanja/S2430/initialize?prefCd=10&kikanCd=2100000632&kikanKbn=2", "url2": "https://www.sanaiclinic.or.jp/", "内容": "医療法人社団三愛会三愛クリニック【2:診療所】【診療科目:内科_消化器内科_肝臓内科】群馬県高崎市金古町１７５８" }, "geometry": { "type": "Point", "coordinates": [ 138.987825, 36.417018 ] } },
{ "type": "Feature", "properties": { "ID": 1022100000633, "正式名称": "医療法人社団順成会吉原クリニック", "機関区分": 2, "都道府県コード": 10, "市区町村コード": 202, "所在地": "群馬県高崎市中泉町６４９ー１", "緯度": 36.372201, "経度": 138.99772, "url": "https://www.iryou.teikyouseido.mhlw.go.jp/znk-web/juminkanja/S2430/initialize?prefCd=10&kikanCd=2100000633&kikanKbn=2", "url2": "http://www.yoshiharaclinic.jp/index.html", "内容": "医療法人社団順成会吉原クリニック【2:診療所】【診療科目:内科_外科_脳神経外科】群馬県高崎市中泉町６４９ー１" }, "geometry": { "type": "Point", "coordinates": [ 138.99772, 36.372201 ] } },
{ "type": "Feature", "properties": { "ID": 1022100000634, "正式名称": "医療法人緑流会", "機関区分": 2, "都道府県コード": 10, "市区町村コード": 202, "所在地": "群馬県高崎市西国分町", "緯度": 36.403597, "経度": 139.009199, "url": "https://www.iryou.teikyouseido.mhlw.go.jp/znk-web/juminkanja/S2430/initialize?prefCd=10&kikanCd=2100000634&kikanKbn=2", "url2": "http://utsugi-clinic.com", "内容": "医療法人緑流会【2:診療所】【診療科目:内科_糖尿病内科_眼科】群馬県高崎市西国分町" }, "geometry": { "type": "Point", "coordinates": [ 139.009199, 36.403597 ] } },
{ "type": "Feature", "properties": { "ID": 1022100000636, "正式名称": "医療法人　狩野外科医院", "機関区分": 2, "都道府県コード": 10, "市区町村コード": 202, "所在地": "群馬県高崎市金古町２３０", "緯度": 36.40825, "経度": 139.003024, "url": "https://www.iryou.teikyouseido.mhlw.go.jp/znk-web/juminkanja/S2430/initialize?prefCd=10&kikanCd=2100000636&kikanKbn=2", "url2": "http://med.wind.ne.jp/kano-sc", "内容": "医療法人　狩野外科医院【2:診療所】【診療科目:内科_外科_泌尿器科】群馬県高崎市金古町２３０" }, "geometry": { "type": "Point", "coordinates": [ 139.003024, 36.40825 ] } },
{ "type": "Feature", "properties": { "ID": 1022100000638, "正式名称": "医療法人社団彩光会北川眼科クリニック", "機関区分": 2, "都道府県コード": 10, "市区町村コード": 202, "所在地": "群馬県高崎市中泉町６０３－２", "緯度": 36.374223, "経度": 139.001822, "url": "https://www.iryou.teikyouseido.mhlw.go.jp/znk-web/juminkanja/S2430/initialize?prefCd=10&kikanCd=2100000638&kikanKbn=2", "url2": null, "内容": "医療法人社団彩光会北川眼科クリニック【2:診療所】【診療科目:眼科】群馬県高崎市中泉町６０３－２" }, "geometry": { "type": "Point", "coordinates": [ 139.001822, 36.374223 ] } },
{ "type": "Feature", "properties": { "ID": 1022100000639, "正式名称": "医療法人颯友会きたがわ整形外科クリニック", "機関区分": 2, "都道府県コード": 10, "市区町村コード": 202, "所在地": "群馬県高崎市菅谷町１０４１ー２", "緯度": 36.377357, "経度": 139.008372, "url": "https://www.iryou.teikyouseido.mhlw.go.jp/znk-web/juminkanja/S2430/initialize?prefCd=10&kikanCd=2100000639&kikanKbn=2", "url2": "https://www.kitagawaseikeigeka-clinic.com/", "内容": "医療法人颯友会きたがわ整形外科クリニック【2:診療所】【診療科目:整形外科_リウマチ科_リハビリテーション科】群馬県高崎市菅谷町１０４１ー２" }, "geometry": { "type": "Point", "coordinates": [ 139.008372, 36.377357 ] } },
{ "type": "Feature", "properties": { "ID": 1022100000642, "正式名称": "医療法人須賀内科医院", "機関区分": 2, "都道府県コード": 10, "市区町村コード": 202, "所在地": "群馬県高崎市棟高町１０６８－１４", "緯度": 36.395937, "経度": 139.005624, "url": "https://www.iryou.teikyouseido.mhlw.go.jp/znk-web/juminkanja/S2430/initialize?prefCd=10&kikanCd=2100000642&kikanKbn=2", "url2": null, "内容": "医療法人須賀内科医院【2:診療所】【診療科目:内科_循環器内科】群馬県高崎市棟高町１０６８－１４" }, "geometry": { "type": "Point", "coordinates": [ 139.005624, 36.395937 ] } },
{ "type": "Feature", "properties": { "ID": 1022100000643, "正式名称": "医療法人砂長胃腸科外科医院", "機関区分": 2, "都道府県コード": 10, "市区町村コード": 202, "所在地": "群馬県高崎市稲荷台町１３０５ー１", "緯度": 36.382785, "経度": 139.025531, "url": "https://www.iryou.teikyouseido.mhlw.go.jp/znk-web/juminkanja/S2430/initialize?prefCd=10&kikanCd=2100000643&kikanKbn=2", "url2": "http://www.sunaga-iin.com/", "内容": "医療法人砂長胃腸科外科医院【2:診療所】【診療科目:胃腸内科_外科_肛門外科】群馬県高崎市稲荷台町１３０５ー１" }, "geometry": { "type": "Point", "coordinates": [ 139.025531, 36.382785 ] } },
{ "type": "Feature", "properties": { "ID": 1022100000646, "正式名称": "医療法人泉和会中泉こどもクリニック", "機関区分": 2, "都道府県コード": 10, "市区町村コード": 202, "所在地": "群馬県高崎市中泉町", "緯度": 36.371449, "経度": 139.002125, "url": "https://www.iryou.teikyouseido.mhlw.go.jp/znk-web/juminkanja/S2430/initialize?prefCd=10&kikanCd=2100000646&kikanKbn=2", "url2": null, "内容": "医療法人泉和会中泉こどもクリニック【2:診療所】【診療科目:小児科】群馬県高崎市中泉町" }, "geometry": { "type": "Point", "coordinates": [ 139.002125, 36.371449 ] } },
{ "type": "Feature", "properties": { "ID": 1022100000647, "正式名称": "中泉メンタルクリニック", "機関区分": 2, "都道府県コード": 10, "市区町村コード": 202, "所在地": "群馬県高崎市福島町７６９ー１", "緯度": 36.367585, "経度": 139.003183, "url": "https://www.iryou.teikyouseido.mhlw.go.jp/znk-web/juminkanja/S2430/initialize?prefCd=10&kikanCd=2100000647&kikanKbn=2", "url2": "https://nakaizumi-mental-clinic.com/", "内容": "中泉メンタルクリニック【2:診療所】【診療科目:児童精神科_精神科_心療内科】群馬県高崎市福島町７６９ー１" }, "geometry": { "type": "Point", "coordinates": [ 139.003183, 36.367585 ] } },
{ "type": "Feature", "properties": { "ID": 1022100000648, "正式名称": "医療法人社団林クリニック", "機関区分": 2, "都道府県コード": 10, "市区町村コード": 202, "所在地": "群馬県高崎市棟高町", "緯度": 36.393508, "経度": 138.998941, "url": "https://www.iryou.teikyouseido.mhlw.go.jp/znk-web/juminkanja/S2430/initialize?prefCd=10&kikanCd=2100000648&kikanKbn=2", "url2": "http://www.xn--pcka3d5a7l4274a.com/", "内容": "医療法人社団林クリニック【2:診療所】【診療科目:内科_外科_皮膚科_泌尿器科】群馬県高崎市棟高町" }, "geometry": { "type": "Point", "coordinates": [ 138.998941, 36.393508 ] } },
{ "type": "Feature", "properties": { "ID": 1022100000649, "正式名称": "ブラザークリニック", "機関区分": 2, "都道府県コード": 10, "市区町村コード": 202, "所在地": "群馬県高崎市福島町７１８－２", "緯度": 36.365946, "経度": 139.007544, "url": "https://www.iryou.teikyouseido.mhlw.go.jp/znk-web/juminkanja/S2430/initialize?prefCd=10&kikanCd=2100000649&kikanKbn=2", "url2": null, "内容": "ブラザークリニック【2:診療所】【診療科目:精神科_心療内科】群馬県高崎市福島町７１８－２" }, "geometry": { "type": "Point", "coordinates": [ 139.007544, 36.365946 ] } },
{ "type": "Feature", "properties": { "ID": 1022100000650, "正式名称": "医療法人社団同人会みどりクリニック", "機関区分": 2, "都道府県コード": 10, "市区町村コード": 202, "所在地": "群馬県高崎市北原町２５－３", "緯度": 36.406437, "経度": 139.026278, "url": "https://www.iryou.teikyouseido.mhlw.go.jp/znk-web/juminkanja/S2430/initialize?prefCd=10&kikanCd=2100000650&kikanKbn=2", "url2": null, "内容": "医療法人社団同人会みどりクリニック【2:診療所】【診療科目:小児科_精神科】群馬県高崎市北原町２５－３" }, "geometry": { "type": "Point", "coordinates": [ 139.026278, 36.406437 ] } },
{ "type": "Feature", "properties": { "ID": 1022100000651, "正式名称": "医療法人宮川皮膚科クリニック", "機関区分": 2, "都道府県コード": 10, "市区町村コード": 202, "所在地": "群馬県高崎市金古町７０６－７", "緯度": 36.403303, "経度": 138.998127, "url": "https://www.iryou.teikyouseido.mhlw.go.jp/znk-web/juminkanja/S2430/initialize?prefCd=10&kikanCd=2100000651&kikanKbn=2", "url2": "http://www.citydo.com/prf/gunma/guide/sg/220001387.html", "内容": "医療法人宮川皮膚科クリニック【2:診療所】【診療科目:皮膚科】群馬県高崎市金古町７０６－７" }, "geometry": { "type": "Point", "coordinates": [ 138.998127, 36.403303 ] } },
{ "type": "Feature", "properties": { "ID": 1022100000654, "正式名称": "医療法人大久保医院", "機関区分": 2, "都道府県コード": 10, "市区町村コード": 202, "所在地": "群馬県高崎市新町２８４６", "緯度": 36.277709, "経度": 139.108157, "url": "https://www.iryou.teikyouseido.mhlw.go.jp/znk-web/juminkanja/S2430/initialize?prefCd=10&kikanCd=2100000654&kikanKbn=2", "url2": "http://ookubo-clinic.jp/", "内容": "医療法人大久保医院【2:診療所】【診療科目:内科_糖尿病内科_消化器内科_肝臓内科】群馬県高崎市新町２８４６" }, "geometry": { "type": "Point", "coordinates": [ 139.108157, 36.277709 ] } },
{ "type": "Feature", "properties": { "ID": 1022100000659, "正式名称": "関口医院", "機関区分": 2, "都道府県コード": 10, "市区町村コード": 202, "所在地": "群馬県高崎市新町２２７３−７", "緯度": 36.27514, "経度": 139.107629, "url": "https://www.iryou.teikyouseido.mhlw.go.jp/znk-web/juminkanja/S2430/initialize?prefCd=10&kikanCd=2100000659&kikanKbn=2", "url2": "http://sekiguchi.ehoh.net", "内容": "関口医院【2:診療所】【診療科目:内科_循環器内科_消化器内科_小児科_皮膚科_泌尿器科】群馬県高崎市新町２２７３−７" }, "geometry": { "type": "Point", "coordinates": [ 139.107629, 36.27514 ] } },
{ "type": "Feature", "properties": { "ID": 1022100000660, "正式名称": "田中眼科医院", "機関区分": 2, "都道府県コード": 10, "市区町村コード": 202, "所在地": "群馬県高崎市新町７８", "緯度": 36.278235, "経度": 139.109095, "url": "https://www.iryou.teikyouseido.mhlw.go.jp/znk-web/juminkanja/S2430/initialize?prefCd=10&kikanCd=2100000660&kikanKbn=2", "url2": "http://www2.wind.ne.jp/tanakaganka/", "内容": "田中眼科医院【2:診療所】【診療科目:眼科】群馬県高崎市新町７８" }, "geometry": { "type": "Point", "coordinates": [ 139.109095, 36.278235 ] } },
{ "type": "Feature", "properties": { "ID": 1022100000662, "正式名称": "医療法人祥淳会　野中医院", "機関区分": 2, "都道府県コード": 10, "市区町村コード": 202, "所在地": "群馬県高崎市新町２１３６－６", "緯度": 36.274609, "経度": 139.105298, "url": "https://www.iryou.teikyouseido.mhlw.go.jp/znk-web/juminkanja/S2430/initialize?prefCd=10&kikanCd=2100000662&kikanKbn=2", "url2": null, "内容": "医療法人祥淳会　野中医院【2:診療所】【診療科目:内科_外科_皮膚科_泌尿器科】群馬県高崎市新町２１３６－６" }, "geometry": { "type": "Point", "coordinates": [ 139.105298, 36.274609 ] } },
{ "type": "Feature", "properties": { "ID": 1022100000663, "正式名称": "野村医院", "機関区分": 2, "都道府県コード": 10, "市区町村コード": 202, "所在地": "群馬県高崎市新町１２９５ー５", "緯度": 36.265741, "経度": 139.109345, "url": "https://www.iryou.teikyouseido.mhlw.go.jp/znk-web/juminkanja/S2430/initialize?prefCd=10&kikanCd=2100000663&kikanKbn=2", "url2": null, "内容": "野村医院【2:診療所】【診療科目:内科_小児科_婦人科_皮膚科】群馬県高崎市新町１２９５ー５" }, "geometry": { "type": "Point", "coordinates": [ 139.109345, 36.265741 ] } },
{ "type": "Feature", "properties": { "ID": 1022100000666, "正式名称": "佐藤医院", "機関区分": 2, "都道府県コード": 10, "市区町村コード": 202, "所在地": "群馬県高崎市下室田町９２０－２", "緯度": 36.384187, "経度": 138.882771, "url": "https://www.iryou.teikyouseido.mhlw.go.jp/znk-web/juminkanja/S2430/initialize?prefCd=10&kikanCd=2100000666&kikanKbn=2", "url2": null, "内容": "佐藤医院【2:診療所】【診療科目:内科_消化器内科_整形外科】群馬県高崎市下室田町９２０－２" }, "geometry": { "type": "Point", "coordinates": [ 138.882771, 36.384187 ] } },
{ "type": "Feature", "properties": { "ID": 1022100000668, "正式名称": "新生会診療所", "機関区分": 2, "都道府県コード": 10, "市区町村コード": 202, "所在地": "群馬県高崎市中室田町２２５２", "緯度": 36.396915, "経度": 138.860205, "url": "https://www.iryou.teikyouseido.mhlw.go.jp/znk-web/juminkanja/S2430/initialize?prefCd=10&kikanCd=2100000668&kikanKbn=2", "url2": "http://www.sinseikai.org/area/sinryojo.html", "内容": "新生会診療所【2:診療所】【診療科目:内科_リハビリテーション科】群馬県高崎市中室田町２２５２" }, "geometry": { "type": "Point", "coordinates": [ 138.860205, 36.396915 ] } },
{ "type": "Feature", "properties": { "ID": 1022100000670, "正式名称": "高橋医院", "機関区分": 2, "都道府県コード": 10, "市区町村コード": 202, "所在地": "群馬県高崎市下室田町１３２６", "緯度": 36.384831, "経度": 138.886915, "url": "https://www.iryou.teikyouseido.mhlw.go.jp/znk-web/juminkanja/S2430/initialize?prefCd=10&kikanCd=2100000670&kikanKbn=2", "url2": null, "内容": "高橋医院【2:診療所】【診療科目:内科】群馬県高崎市下室田町１３２６" }, "geometry": { "type": "Point", "coordinates": [ 138.886915, 36.384831 ] } },
{ "type": "Feature", "properties": { "ID": 1022100000671, "正式名称": "医療法人文英会　土岐医院", "機関区分": 2, "都道府県コード": 10, "市区町村コード": 202, "所在地": "群馬県高崎市本郷町６５－１", "緯度": 36.321865, "経度": 139.003148, "url": "https://www.iryou.teikyouseido.mhlw.go.jp/znk-web/juminkanja/S2430/initialize?prefCd=10&kikanCd=2100000671&kikanKbn=2", "url2": "https://toki-cl.com/", "内容": "医療法人文英会　土岐医院【2:診療所】【診療科目:内科_消化器内科_外科_小児科_小児外科】群馬県高崎市本郷町６５－１" }, "geometry": { "type": "Point", "coordinates": [ 139.003148, 36.321865 ] } },
{ "type": "Feature", "properties": { "ID": 1022100000672, "正式名称": "土岐内科医院", "機関区分": 2, "都道府県コード": 10, "市区町村コード": 202, "所在地": "群馬県高崎市上里見町１６５０ー１", "緯度": 36.321865, "経度": 139.003148, "url": "https://www.iryou.teikyouseido.mhlw.go.jp/znk-web/juminkanja/S2430/initialize?prefCd=10&kikanCd=2100000672&kikanKbn=2", "url2": null, "内容": "土岐内科医院【2:診療所】【診療科目:内科】群馬県高崎市上里見町１６５０ー１" }, "geometry": { "type": "Point", "coordinates": [ 139.003148, 36.321865 ] } },
{ "type": "Feature", "properties": { "ID": 1022100000675, "正式名称": "医療法人聖穂会ふるしま医院", "機関区分": 2, "都道府県コード": 10, "市区町村コード": 202, "所在地": "群馬県高崎市下里見町１４２４", "緯度": 36.363486, "経度": 138.914503, "url": "https://www.iryou.teikyouseido.mhlw.go.jp/znk-web/juminkanja/S2430/initialize?prefCd=10&kikanCd=2100000675&kikanKbn=2", "url2": "https://www.furushima-cl.com", "内容": "医療法人聖穂会ふるしま医院【2:診療所】【診療科目:内科_糖尿病・内分泌内科_糖尿病・代謝内科_代謝・内分泌内科_脳神経内科_呼吸器内科_老年・呼吸器内科_循環器内科_腎臓内科_肝臓内科_神経内科_老年内科_アレルギー疾患内科_外科_脳神経外科_小児科】群馬県高崎市下里見町１４２４" }, "geometry": { "type": "Point", "coordinates": [ 138.914503, 36.363486 ] } },
{ "type": "Feature", "properties": { "ID": 1022100000676, "正式名称": "医療法人緑晋会細谷医院", "機関区分": 2, "都道府県コード": 10, "市区町村コード": 202, "所在地": "群馬県高崎市本郷町１４４３－１", "緯度": 36.366904, "経度": 138.939449, "url": "https://www.iryou.teikyouseido.mhlw.go.jp/znk-web/juminkanja/S2430/initialize?prefCd=10&kikanCd=2100000676&kikanKbn=2", "url2": "http://hosoya.ciao.jp", "内容": "医療法人緑晋会細谷医院【2:診療所】【診療科目:内科_糖尿病内科_内分泌内科】群馬県高崎市本郷町１４４３－１" }, "geometry": { "type": "Point", "coordinates": [ 138.939449, 36.366904 ] } },
{ "type": "Feature", "properties": { "ID": 1022100000678, "正式名称": "みなぐち医院", "機関区分": 2, "都道府県コード": 10, "市区町村コード": 202, "所在地": "群馬県高崎市下里見町２６８－１", "緯度": 36.358871, "経度": 138.92574, "url": "https://www.iryou.teikyouseido.mhlw.go.jp/znk-web/juminkanja/S2430/initialize?prefCd=10&kikanCd=2100000678&kikanKbn=2", "url2": null, "内容": "みなぐち医院【2:診療所】【診療科目:内科_胃腸内科_外科_肛門外科】群馬県高崎市下里見町２６８－１" }, "geometry": { "type": "Point", "coordinates": [ 138.92574, 36.358871 ] } },
{ "type": "Feature", "properties": { "ID": 1022100000679, "正式名称": "医療法人篤志会有坂内科医院", "機関区分": 2, "都道府県コード": 10, "市区町村コード": 211, "所在地": "群馬県安中市安中１ー２９ー１", "緯度": 36.324329, "経度": 138.883429, "url": "https://www.iryou.teikyouseido.mhlw.go.jp/znk-web/juminkanja/S2430/initialize?prefCd=10&kikanCd=2100000679&kikanKbn=2", "url2": "http://arisakanaika.jp/", "内容": "医療法人篤志会有坂内科医院【2:診療所】【診療科目:内科_糖尿病内科_呼吸器内科_消化器内科】群馬県安中市安中１ー２９ー１" }, "geometry": { "type": "Point", "coordinates": [ 138.883429, 36.324329 ] } },
{ "type": "Feature", "properties": { "ID": 1022100000680, "正式名称": "医療法人ポレポレいのうえ整形外科・内科クリニック", "機関区分": 2, "都道府県コード": 10, "市区町村コード": 211, "所在地": "群馬県安中市原市６２８", "緯度": 36.318813, "経度": 138.871922, "url": "https://www.iryou.teikyouseido.mhlw.go.jp/znk-web/juminkanja/S2430/initialize?prefCd=10&kikanCd=2100000680&kikanKbn=2", "url2": "http://inoue-seikeiclinic.jp/", "内容": "医療法人ポレポレいのうえ整形外科・内科クリニック【2:診療所】【診療科目:内科_整形外科_リウマチ科_リハビリテーション科】群馬県安中市原市６２８" }, "geometry": { "type": "Point", "coordinates": [ 138.871922, 36.318813 ] } },
{ "type": "Feature", "properties": { "ID": 1022100000681, "正式名称": "医療法人アミヤましも会アミヤ医院", "機関区分": 2, "都道府県コード": 10, "市区町村コード": 211, "所在地": "群馬県安中市原市", "緯度": 36.312804, "経度": 138.856143, "url": "https://www.iryou.teikyouseido.mhlw.go.jp/znk-web/juminkanja/S2430/initialize?prefCd=10&kikanCd=2100000681&kikanKbn=2", "url2": "http://www.nextftp.com/amiya/", "内容": "医療法人アミヤましも会アミヤ医院【2:診療所】【診療科目:内科_内分泌内科_糖尿病・代謝内科_小児科_放射線科】群馬県安中市原市" }, "geometry": { "type": "Point", "coordinates": [ 138.856143, 36.312804 ] } },
{ "type": "Feature", "properties": { "ID": 1022100000683, "正式名称": "いわい中央クリニック", "機関区分": 2, "都道府県コード": 10, "市区町村コード": 211, "所在地": "群馬県安中市岩井", "緯度": 36.333655, "経度": 138.92833, "url": "https://www.iryou.teikyouseido.mhlw.go.jp/znk-web/juminkanja/S2430/initialize?prefCd=10&kikanCd=2100000683&kikanKbn=2", "url2": "http://www.iwaichuo.com/", "内容": "いわい中央クリニック【2:診療所】【診療科目:内科_消化器内科_内視鏡内科_外科_皮膚科_腎臓・泌尿器科】群馬県安中市岩井" }, "geometry": { "type": "Point", "coordinates": [ 138.92833, 36.333655 ] } },
{ "type": "Feature", "properties": { "ID": 1022100000685, "正式名称": "大貫クリニック", "機関区分": 2, "都道府県コード": 10, "市区町村コード": 211, "所在地": "群馬県安中市下磯部１８２１ー１", "緯度": 36.315727, "経度": 138.882807, "url": "https://www.iryou.teikyouseido.mhlw.go.jp/znk-web/juminkanja/S2430/initialize?prefCd=10&kikanCd=2100000685&kikanKbn=2", "url2": null, "内容": "大貫クリニック【2:診療所】【診療科目:内科_外科_皮膚科_泌尿器科_アレルギー科】群馬県安中市下磯部１８２１ー１" }, "geometry": { "type": "Point", "coordinates": [ 138.882807, 36.315727 ] } },
{ "type": "Feature", "properties": { "ID": 1022100000687, "正式名称": "おにかた医院", "機関区分": 2, "都道府県コード": 10, "市区町村コード": 211, "所在地": "群馬県安中市下後閑１６３５", "緯度": 36.329652, "経度": 138.852707, "url": "https://www.iryou.teikyouseido.mhlw.go.jp/znk-web/juminkanja/S2430/initialize?prefCd=10&kikanCd=2100000687&kikanKbn=2", "url2": "https://www.onikata.com", "内容": "おにかた医院【2:診療所】【診療科目:内科_小児科】群馬県安中市下後閑１６３５" }, "geometry": { "type": "Point", "coordinates": [ 138.852707, 36.329652 ] } },
{ "type": "Feature", "properties": { "ID": 1022100000688, "正式名称": "医療法人唯愛会　桐の木クリニック", "機関区分": 2, "都道府県コード": 10, "市区町村コード": 211, "所在地": "群馬県安中市中宿２１７２－４", "緯度": 36.335253, "経度": 138.925164, "url": "https://www.iryou.teikyouseido.mhlw.go.jp/znk-web/juminkanja/S2430/initialize?prefCd=10&kikanCd=2100000688&kikanKbn=2", "url2": "http://www.kirinoki-clinic.com/", "内容": "医療法人唯愛会　桐の木クリニック【2:診療所】【診療科目:精神科】群馬県安中市中宿２１７２－４" }, "geometry": { "type": "Point", "coordinates": [ 138.925164, 36.335253 ] } },
{ "type": "Feature", "properties": { "ID": 1022100000689, "正式名称": "櫻井内科医院", "機関区分": 2, "都道府県コード": 10, "市区町村コード": 211, "所在地": "群馬県安中市郷原１３０番地５", "緯度": 36.304669, "経度": 138.847656, "url": "https://www.iryou.teikyouseido.mhlw.go.jp/znk-web/juminkanja/S2430/initialize?prefCd=10&kikanCd=2100000689&kikanKbn=2", "url2": "https://www.sakurainaika.com/", "内容": "櫻井内科医院【2:診療所】【診療科目:内科_呼吸器内科_循環器内科_小児科】群馬県安中市郷原１３０番地５" }, "geometry": { "type": "Point", "coordinates": [ 138.847656, 36.304669 ] } },
{ "type": "Feature", "properties": { "ID": 1022100000690, "正式名称": "さわやかクリニック", "機関区分": 2, "都道府県コード": 10, "市区町村コード": 211, "所在地": "群馬県安中市安中３ー２５ー１３", "緯度": 36.328642, "経度": 138.899833, "url": "https://www.iryou.teikyouseido.mhlw.go.jp/znk-web/juminkanja/S2430/initialize?prefCd=10&kikanCd=2100000690&kikanKbn=2", "url2": null, "内容": "さわやかクリニック【2:診療所】【診療科目:内科_外科】群馬県安中市安中３ー２５ー１３" }, "geometry": { "type": "Point", "coordinates": [ 138.899833, 36.328642 ] } },
{ "type": "Feature", "properties": { "ID": 1022100000691, "正式名称": "清水耳鼻咽喉科医院", "機関区分": 2, "都道府県コード": 10, "市区町村コード": 211, "所在地": "群馬県安中市安中", "緯度": 36.326698, "経度": 138.894056, "url": "https://www.iryou.teikyouseido.mhlw.go.jp/znk-web/juminkanja/S2430/initialize?prefCd=10&kikanCd=2100000691&kikanKbn=2", "url2": null, "内容": "清水耳鼻咽喉科医院【2:診療所】【診療科目:耳鼻いんこう科】群馬県安中市安中" }, "geometry": { "type": "Point", "coordinates": [ 138.894056, 36.326698 ] } },
{ "type": "Feature", "properties": { "ID": 1022100000695, "正式名称": "医療法人社団　清流会　鷹ノ巣クリニック", "機関区分": 2, "都道府県コード": 10, "市区町村コード": 211, "所在地": "群馬県安中市中宿１ー３ー１７", "緯度": 36.333991, "経度": 138.914373, "url": "https://www.iryou.teikyouseido.mhlw.go.jp/znk-web/juminkanja/S2430/initialize?prefCd=10&kikanCd=2100000695&kikanKbn=2", "url2": "http://www.takanosu-clinic.com", "内容": "医療法人社団　清流会　鷹ノ巣クリニック【2:診療所】【診療科目:内科_精神科_心療内科】群馬県安中市中宿１ー３ー１７" }, "geometry": { "type": "Point", "coordinates": [ 138.914373, 36.333991 ] } },
{ "type": "Feature", "properties": { "ID": 1022100000702, "正式名称": "医療法人社団ながしま小児科", "機関区分": 2, "都道府県コード": 10, "市区町村コード": 211, "所在地": "群馬県安中市下磯部", "緯度": 36.315221, "経度": 138.881441, "url": "https://www.iryou.teikyouseido.mhlw.go.jp/znk-web/juminkanja/S2430/initialize?prefCd=10&kikanCd=2100000702&kikanKbn=2", "url2": null, "内容": "医療法人社団ながしま小児科【2:診療所】【診療科目:小児科】群馬県安中市下磯部" }, "geometry": { "type": "Point", "coordinates": [ 138.881441, 36.315221 ] } },
{ "type": "Feature", "properties": { "ID": 1022100000703, "正式名称": "永山医院", "機関区分": 2, "都道府県コード": 10, "市区町村コード": 211, "所在地": "群馬県安中市安中３ー１９ー１９", "緯度": 36.329309, "経度": 138.898583, "url": "https://www.iryou.teikyouseido.mhlw.go.jp/znk-web/juminkanja/S2430/initialize?prefCd=10&kikanCd=2100000703&kikanKbn=2", "url2": null, "内容": "永山医院【2:診療所】【診療科目:内科_産婦人科】群馬県安中市安中３ー１９ー１９" }, "geometry": { "type": "Point", "coordinates": [ 138.898583, 36.329309 ] } },
{ "type": "Feature", "properties": { "ID": 1022100000706, "正式名称": "堀口医院", "機関区分": 2, "都道府県コード": 10, "市区町村コード": 211, "所在地": "群馬県安中市安中２ー９ー１５", "緯度": 36.325837, "経度": 138.893611, "url": "https://www.iryou.teikyouseido.mhlw.go.jp/znk-web/juminkanja/S2430/initialize?prefCd=10&kikanCd=2100000706&kikanKbn=2", "url2": null, "内容": "堀口医院【2:診療所】【診療科目:内科_皮膚科_泌尿器科】群馬県安中市安中２ー９ー１５" }, "geometry": { "type": "Point", "coordinates": [ 138.893611, 36.325837 ] } },
{ "type": "Feature", "properties": { "ID": 1022100000707, "正式名称": "もてき内科医院", "機関区分": 2, "都道府県コード": 10, "市区町村コード": 211, "所在地": "群馬県安中市原市４－３－１５", "緯度": 36.317624, "経度": 138.87027, "url": "https://www.iryou.teikyouseido.mhlw.go.jp/znk-web/juminkanja/S2430/initialize?prefCd=10&kikanCd=2100000707&kikanKbn=2", "url2": "http://moteki-naika.com/", "内容": "もてき内科医院【2:診療所】【診療科目:内科_呼吸器内科_循環器内科_小児科】群馬県安中市原市４－３－１５" }, "geometry": { "type": "Point", "coordinates": [ 138.87027, 36.317624 ] } },
{ "type": "Feature", "properties": { "ID": 1022100000708, "正式名称": "みやぐち医院", "機関区分": 2, "都道府県コード": 10, "市区町村コード": 211, "所在地": "群馬県安中市原市３８７５", "緯度": 36.323281, "経度": 138.857846, "url": "https://www.iryou.teikyouseido.mhlw.go.jp/znk-web/juminkanja/S2430/initialize?prefCd=10&kikanCd=2100000708&kikanKbn=2", "url2": null, "内容": "みやぐち医院【2:診療所】【診療科目:内科_消化器内科_眼科_皮膚科】群馬県安中市原市３８７５" }, "geometry": { "type": "Point", "coordinates": [ 138.857846, 36.323281 ] } },
{ "type": "Feature", "properties": { "ID": 1022100000709, "正式名称": "くろさわ医院", "機関区分": 2, "都道府県コード": 10, "市区町村コード": 211, "所在地": "群馬県安中市松井田町松井田９０３－１", "緯度": 36.315, "経度": 138.800232, "url": "https://www.iryou.teikyouseido.mhlw.go.jp/znk-web/juminkanja/S2430/initialize?prefCd=10&kikanCd=2100000709&kikanKbn=2", "url2": "https;//www.kurosawa-iin.com", "内容": "くろさわ医院【2:診療所】【診療科目:内科_消化器内科】群馬県安中市松井田町松井田９０３－１" }, "geometry": { "type": "Point", "coordinates": [ 138.800232, 36.315 ] } },
{ "type": "Feature", "properties": { "ID": 1022100000710, "正式名称": "公益財団法人群馬慈恵会横川診療所", "機関区分": 2, "都道府県コード": 10, "市区町村コード": 211, "所在地": "群馬県安中市松井田町横川４４７", "緯度": 36.336805, "経度": 138.735568, "url": "https://www.iryou.teikyouseido.mhlw.go.jp/znk-web/juminkanja/S2430/initialize?prefCd=10&kikanCd=2100000710&kikanKbn=2", "url2": null, "内容": "公益財団法人群馬慈恵会横川診療所【2:診療所】【診療科目:内科】群馬県安中市松井田町横川４４７" }, "geometry": { "type": "Point", "coordinates": [ 138.735568, 36.336805 ] } },
{ "type": "Feature", "properties": { "ID": 1022100000711, "正式名称": "公立碓氷病院入山出張診療所", "機関区分": 2, "都道府県コード": 10, "市区町村コード": 211, "所在地": "群馬県安中市松井田町入山３２１−１", "緯度": 36.324444, "経度": 138.701169, "url": "https://www.iryou.teikyouseido.mhlw.go.jp/znk-web/juminkanja/S2430/initialize?prefCd=10&kikanCd=2100000711&kikanKbn=2", "url2": "https://usui-hospital.jp", "内容": "公立碓氷病院入山出張診療所【2:診療所】【診療科目:内科_小児科】群馬県安中市松井田町入山３２１−１" }, "geometry": { "type": "Point", "coordinates": [ 138.701169, 36.324444 ] } },
{ "type": "Feature", "properties": { "ID": 1022100000712, "正式名称": "公立碓氷病院細野出張診療所", "機関区分": 2, "都道府県コード": 10, "市区町村コード": 211, "所在地": "群馬県安中市松井田町土塩５３３−１", "緯度": 36.346944, "経度": 138.776953, "url": "https://www.iryou.teikyouseido.mhlw.go.jp/znk-web/juminkanja/S2430/initialize?prefCd=10&kikanCd=2100000712&kikanKbn=2", "url2": "https://usui-hospital.jp", "内容": "公立碓氷病院細野出張診療所【2:診療所】【診療科目:内科_小児科】群馬県安中市松井田町土塩５３３−１" }, "geometry": { "type": "Point", "coordinates": [ 138.776953, 36.346944 ] } },
{ "type": "Feature", "properties": { "ID": 1022100000713, "正式名称": "医療法人社団田口医院", "機関区分": 2, "都道府県コード": 10, "市区町村コード": 211, "所在地": "群馬県安中市松井田町松井田３７２", "緯度": 36.312153, "経度": 138.803652, "url": "https://www.iryou.teikyouseido.mhlw.go.jp/znk-web/juminkanja/S2430/initialize?prefCd=10&kikanCd=2100000713&kikanKbn=2", "url2": null, "内容": "医療法人社団田口医院【2:診療所】【診療科目:内科_消化器内科_外科_肛門外科】群馬県安中市松井田町松井田３７２" }, "geometry": { "type": "Point", "coordinates": [ 138.803652, 36.312153 ] } },
{ "type": "Feature", "properties": { "ID": 1022100000714, "正式名称": "医療法人　武井医院　武井内科循環器科", "機関区分": 2, "都道府県コード": 10, "市区町村コード": 211, "所在地": "群馬県安中市松井田町松井田８３１ー１", "緯度": 36.313958, "経度": 138.802929, "url": "https://www.iryou.teikyouseido.mhlw.go.jp/znk-web/juminkanja/S2430/initialize?prefCd=10&kikanCd=2100000714&kikanKbn=2", "url2": "https://www.takei-cl.or.jp/", "内容": "医療法人　武井医院　武井内科循環器科【2:診療所】【診療科目:内科_循環器内科】群馬県安中市松井田町松井田８３１ー１" }, "geometry": { "type": "Point", "coordinates": [ 138.802929, 36.313958 ] } },
{ "type": "Feature", "properties": { "ID": 1022100000715, "正式名称": "医療法人　藤巻医院", "機関区分": 2, "都道府県コード": 10, "市区町村コード": 211, "所在地": "群馬県安中市松井田町松井田５５６", "緯度": 36.314311, "経度": 138.799852, "url": "https://www.iryou.teikyouseido.mhlw.go.jp/znk-web/juminkanja/S2430/initialize?prefCd=10&kikanCd=2100000715&kikanKbn=2", "url2": "http://fujimakiiin.jp/", "内容": "医療法人　藤巻医院【2:診療所】【診療科目:内科_小児科_皮膚科】群馬県安中市松井田町松井田５５６" }, "geometry": { "type": "Point", "coordinates": [ 138.799852, 36.314311 ] } },
{ "type": "Feature", "properties": { "ID": 1022100000717, "正式名称": "赤城開成クリニック", "機関区分": 2, "都道府県コード": 10, "市区町村コード": 208, "所在地": "群馬県渋川市赤城町三原田８２６ー１０", "緯度": 36.503925, "経度": 139.031467, "url": "https://www.iryou.teikyouseido.mhlw.go.jp/znk-web/juminkanja/S2430/initialize?prefCd=10&kikanCd=2100000717&kikanKbn=2", "url2": null, "内容": "赤城開成クリニック【2:診療所】【診療科目:内科_糖尿病内科_呼吸器内科_循環器内科_消化器内科】群馬県渋川市赤城町三原田８２６ー１０" }, "geometry": { "type": "Point", "coordinates": [ 139.031467, 36.503925 ] } },
{ "type": "Feature", "properties": { "ID": 1022100000721, "正式名称": "有馬クリニック", "機関区分": 2, "都道府県コード": 10, "市区町村コード": 208, "所在地": "群馬県渋川市有馬　１１９１－３", "緯度": 36.466592, "経度": 139.000504, "url": "https://www.iryou.teikyouseido.mhlw.go.jp/znk-web/juminkanja/S2430/initialize?prefCd=10&kikanCd=2100000721&kikanKbn=2", "url2": "https://www.arima-clinic.jp", "内容": "有馬クリニック【2:診療所】【診療科目:内科_性感染症内科_人工透析内科_外科_腎臓外科_小児科_男性泌尿器科_腎臓・泌尿器科_泌尿器科】群馬県渋川市有馬　１１９１－３" }, "geometry": { "type": "Point", "coordinates": [ 139.000504, 36.466592 ] } },
{ "type": "Feature", "properties": { "ID": 1022100000722, "正式名称": "原沢医院", "機関区分": 2, "都道府県コード": 10, "市区町村コード": 208, "所在地": "群馬県渋川市伊香保町伊香保５３９ー７", "緯度": 36.49954, "経度": 138.920594, "url": "https://www.iryou.teikyouseido.mhlw.go.jp/znk-web/juminkanja/S2430/initialize?prefCd=10&kikanCd=2100000722&kikanKbn=2", "url2": "http://www.e-harasawa.jp", "内容": "原沢医院【2:診療所】【診療科目:内科_胃腸内科_小児科_アレルギー科】群馬県渋川市伊香保町伊香保５３９ー７" }, "geometry": { "type": "Point", "coordinates": [ 138.920594, 36.49954 ] } },
{ "type": "Feature", "properties": { "ID": 1022100000724, "正式名称": "本沢医院", "機関区分": 2, "都道府県コード": 10, "市区町村コード": 208, "所在地": "群馬県渋川市石原２０８－１", "緯度": 36.489254, "経度": 139.005214, "url": "https://www.iryou.teikyouseido.mhlw.go.jp/znk-web/juminkanja/S2430/initialize?prefCd=10&kikanCd=2100000724&kikanKbn=2", "url2": "https://www.honzawaiin.com", "内容": "本沢医院【2:診療所】【診療科目:内科_小児科_アレルギー科_リウマチ科】群馬県渋川市石原２０８－１" }, "geometry": { "type": "Point", "coordinates": [ 139.005214, 36.489254 ] } },
{ "type": "Feature", "properties": { "ID": 1022100000725, "正式名称": "医療法人森医院", "機関区分": 2, "都道府県コード": 10, "市区町村コード": 208, "所在地": "群馬県渋川市石原２０８ー４", "緯度": 36.489134, "経度": 139.004525, "url": "https://www.iryou.teikyouseido.mhlw.go.jp/znk-web/juminkanja/S2430/initialize?prefCd=10&kikanCd=2100000725&kikanKbn=2", "url2": "https://mori-iin.jp/", "内容": "医療法人森医院【2:診療所】【診療科目:内科_気管食道外科_耳鼻いんこう科】群馬県渋川市石原２０８ー４" }, "geometry": { "type": "Point", "coordinates": [ 139.004525, 36.489134 ] } },
{ "type": "Feature", "properties": { "ID": 1022100000726, "正式名称": "母心堂平形眼科", "機関区分": 2, "都道府県コード": 10, "市区町村コード": 208, "所在地": "群馬県渋川市石原９６６番地", "緯度": 36.485016, "経度": 139.002456, "url": "https://www.iryou.teikyouseido.mhlw.go.jp/znk-web/juminkanja/S2430/initialize?prefCd=10&kikanCd=2100000726&kikanKbn=2", "url2": "https://www.hirakata-ganka.com", "内容": "母心堂平形眼科【2:診療所】【診療科目:小児眼科_眼科】群馬県渋川市石原９６６番地" }, "geometry": { "type": "Point", "coordinates": [ 139.002456, 36.485016 ] } },
{ "type": "Feature", "properties": { "ID": 1022100000727, "正式名称": "井口医院", "機関区分": 2, "都道府県コード": 10, "市区町村コード": 208, "所在地": "群馬県渋川市金井１２８４番地６", "緯度": 36.506319, "経度": 138.998058, "url": "https://www.iryou.teikyouseido.mhlw.go.jp/znk-web/juminkanja/S2430/initialize?prefCd=10&kikanCd=2100000727&kikanKbn=2", "url2": null, "内容": "井口医院【2:診療所】【診療科目:内科_小児科_皮膚科_泌尿器科_放射線科】群馬県渋川市金井１２８４番地６" }, "geometry": { "type": "Point", "coordinates": [ 138.998058, 36.506319 ] } },
{ "type": "Feature", "properties": { "ID": 1022100000729, "正式名称": "とまるクリニック", "機関区分": 2, "都道府県コード": 10, "市区町村コード": 208, "所在地": "群馬県渋川市金井５９９ー１", "緯度": 36.511865, "経度": 138.996403, "url": "https://www.iryou.teikyouseido.mhlw.go.jp/znk-web/juminkanja/S2430/initialize?prefCd=10&kikanCd=2100000729&kikanKbn=2", "url2": null, "内容": "とまるクリニック【2:診療所】【診療科目:内科_外科_皮膚科_泌尿器科_アレルギー科】群馬県渋川市金井５９９ー１" }, "geometry": { "type": "Point", "coordinates": [ 138.996403, 36.511865 ] } },
{ "type": "Feature", "properties": { "ID": 1022100000730, "正式名称": "斎藤内科外科クリニック", "機関区分": 2, "都道府県コード": 10, "市区町村コード": 208, "所在地": "群馬県渋川市金井　９４２－４", "緯度": 36.505849, "経度": 139.003708, "url": "https://www.iryou.teikyouseido.mhlw.go.jp/znk-web/juminkanja/S2430/initialize?prefCd=10&kikanCd=2100000730&kikanKbn=2", "url2": null, "内容": "斎藤内科外科クリニック【2:診療所】【診療科目:内科_呼吸器内科_循環器内科_消化器内科_外科_肛門外科_整形外科_皮膚科_泌尿器科】群馬県渋川市金井　９４２－４" }, "geometry": { "type": "Point", "coordinates": [ 139.003708, 36.505849 ] } },
{ "type": "Feature", "properties": { "ID": 1022100000732, "正式名称": "医療法人佐藤医院", "機関区分": 2, "都道府県コード": 10, "市区町村コード": 208, "所在地": "群馬県渋川市北橘町真壁１３７２", "緯度": 36.478056, "経度": 139.044603, "url": "https://www.iryou.teikyouseido.mhlw.go.jp/znk-web/juminkanja/S2430/initialize?prefCd=10&kikanCd=2100000732&kikanKbn=2", "url2": null, "内容": "医療法人佐藤医院【2:診療所】【診療科目:内科】群馬県渋川市北橘町真壁１３７２" }, "geometry": { "type": "Point", "coordinates": [ 139.044603, 36.478056 ] } },
{ "type": "Feature", "properties": { "ID": 1022100000735, "正式名称": "医療法人明寿会石北医院", "機関区分": 2, "都道府県コード": 10, "市区町村コード": 208, "所在地": "群馬県渋川市渋川１５９２", "緯度": 36.488432, "経度": 139.009802, "url": "https://www.iryou.teikyouseido.mhlw.go.jp/znk-web/juminkanja/S2430/initialize?prefCd=10&kikanCd=2100000735&kikanKbn=2", "url2": "https://ishikita-iin.com", "内容": "医療法人明寿会石北医院【2:診療所】【診療科目:内科_胃腸内科_外科_小児科】群馬県渋川市渋川１５９２" }, "geometry": { "type": "Point", "coordinates": [ 139.009802, 36.488432 ] } },
{ "type": "Feature", "properties": { "ID": 1022100000736, "正式名称": "渋川地区広域圏夜間急患診療所", "機関区分": 2, "都道府県コード": 10, "市区町村コード": 208, "所在地": "群馬県渋川市渋川", "緯度": 36.491604, "経度": 139.001853, "url": "https://www.iryou.teikyouseido.mhlw.go.jp/znk-web/juminkanja/S2430/initialize?prefCd=10&kikanCd=2100000736&kikanKbn=2", "url2": "http://www.sknet.or.jp/c01/jigyo01", "内容": "渋川地区広域圏夜間急患診療所【2:診療所】【診療科目:内科_小児科】群馬県渋川市渋川" }, "geometry": { "type": "Point", "coordinates": [ 139.001853, 36.491604 ] } },
{ "type": "Feature", "properties": { "ID": 1022100000738, "正式名称": "川島内科クリニック", "機関区分": 2, "都道府県コード": 10, "市区町村コード": 208, "所在地": "群馬県渋川市渋川", "緯度": 36.492826, "経度": 139.001583, "url": "https://www.iryou.teikyouseido.mhlw.go.jp/znk-web/juminkanja/S2430/initialize?prefCd=10&kikanCd=2100000738&kikanKbn=2", "url2": "https://www.kawashima-naika-clinic.com/", "内容": "川島内科クリニック【2:診療所】【診療科目:内科_呼吸器内科_循環器内科_消化器内科_小児科_アレルギー科】群馬県渋川市渋川" }, "geometry": { "type": "Point", "coordinates": [ 139.001583, 36.492826 ] } },
{ "type": "Feature", "properties": { "ID": 1022100000739, "正式名称": "渋川皮膚科医院", "機関区分": 2, "都道府県コード": 10, "市区町村コード": 208, "所在地": "群馬県渋川市渋川１７７８－９", "緯度": 36.49371, "経度": 139.002178, "url": "https://www.iryou.teikyouseido.mhlw.go.jp/znk-web/juminkanja/S2430/initialize?prefCd=10&kikanCd=2100000739&kikanKbn=2", "url2": null, "内容": "渋川皮膚科医院【2:診療所】【診療科目:皮膚科】群馬県渋川市渋川１７７８－９" }, "geometry": { "type": "Point", "coordinates": [ 139.002178, 36.49371 ] } },
{ "type": "Feature", "properties": { "ID": 1022100000740, "正式名称": "湯浅内科クリニック", "機関区分": 2, "都道府県コード": 10, "市区町村コード": 208, "所在地": "群馬県渋川市渋川１８２４ー２１", "緯度": 36.492179, "経度": 139.005722, "url": "https://www.iryou.teikyouseido.mhlw.go.jp/znk-web/juminkanja/S2430/initialize?prefCd=10&kikanCd=2100000740&kikanKbn=2", "url2": null, "内容": "湯浅内科クリニック【2:診療所】【診療科目:内科_消化器内科_小児科_アレルギー科】群馬県渋川市渋川１８２４ー２１" }, "geometry": { "type": "Point", "coordinates": [ 139.005722, 36.492179 ] } },
{ "type": "Feature", "properties": { "ID": 1022100000741, "正式名称": "医療法人社団慶生会慶生医院", "機関区分": 2, "都道府県コード": 10, "市区町村コード": 208, "所在地": "群馬県渋川市渋川１８２９ー２１", "緯度": 36.491532, "経度": 139.004616, "url": "https://www.iryou.teikyouseido.mhlw.go.jp/znk-web/juminkanja/S2430/initialize?prefCd=10&kikanCd=2100000741&kikanKbn=2", "url2": null, "内容": "医療法人社団慶生会慶生医院【2:診療所】【診療科目:内科_胃腸内科_小児科】群馬県渋川市渋川１８２９ー２１" }, "geometry": { "type": "Point", "coordinates": [ 139.004616, 36.491532 ] } },
{ "type": "Feature", "properties": { "ID": 1022100000745, "正式名称": "いその眼科", "機関区分": 2, "都道府県コード": 10, "市区町村コード": 208, "所在地": "群馬県渋川市渋川２０７７ー２６", "緯度": 36.497626, "経度": 139.008455, "url": "https://www.iryou.teikyouseido.mhlw.go.jp/znk-web/juminkanja/S2430/initialize?prefCd=10&kikanCd=2100000745&kikanKbn=2", "url2": "http://www.isono-ganka.jp/", "内容": "いその眼科【2:診療所】【診療科目:眼科】群馬県渋川市渋川２０７７ー２６" }, "geometry": { "type": "Point", "coordinates": [ 139.008455, 36.497626 ] } },
{ "type": "Feature", "properties": { "ID": 1022100000746, "正式名称": "医療法人純雅会奈良内科医院", "機関区分": 2, "都道府県コード": 10, "市区町村コード": 208, "所在地": "群馬県渋川市渋川２０７８ー２１", "緯度": 36.497134, "経度": 139.008724, "url": "https://www.iryou.teikyouseido.mhlw.go.jp/znk-web/juminkanja/S2430/initialize?prefCd=10&kikanCd=2100000746&kikanKbn=2", "url2": "https://www.naranaika.com/", "内容": "医療法人純雅会奈良内科医院【2:診療所】【診療科目:内科_消化器内科_胃腸内科】群馬県渋川市渋川２０７８ー２１" }, "geometry": { "type": "Point", "coordinates": [ 139.008724, 36.497134 ] } },
{ "type": "Feature", "properties": { "ID": 1022100000754, "正式名称": "医療法人社団　神山内科医院", "機関区分": 2, "都道府県コード": 10, "市区町村コード": 208, "所在地": "群馬県渋川市渋川８９２－２３", "緯度": 36.501956, "経度": 139.003358, "url": "https://www.iryou.teikyouseido.mhlw.go.jp/znk-web/juminkanja/S2430/initialize?prefCd=10&kikanCd=2100000754&kikanKbn=2", "url2": "https://www.kamiyamanaika.website/", "内容": "医療法人社団　神山内科医院【2:診療所】【診療科目:内科_糖尿病内科_呼吸器内科_循環器内科_小児科_心療内科】群馬県渋川市渋川８９２－２３" }, "geometry": { "type": "Point", "coordinates": [ 139.003358, 36.501956 ] } },
{ "type": "Feature", "properties": { "ID": 1022100000755, "正式名称": "中野医院", "機関区分": 2, "都道府県コード": 10, "市区町村コード": 208, "所在地": "群馬県渋川市渋川", "緯度": 36.50185, "経度": 139.005855, "url": "https://www.iryou.teikyouseido.mhlw.go.jp/znk-web/juminkanja/S2430/initialize?prefCd=10&kikanCd=2100000755&kikanKbn=2", "url2": "http://park2.wakwak.com/~nakanoiin/", "内容": "中野医院【2:診療所】【診療科目:内科_循環器内科_小児科_心療内科_リハビリテーション科】群馬県渋川市渋川" }, "geometry": { "type": "Point", "coordinates": [ 139.005855, 36.50185 ] } },
{ "type": "Feature", "properties": { "ID": 1022100000756, "正式名称": "北毛保健生活協同組合北毛診療所", "機関区分": 2, "都道府県コード": 10, "市区町村コード": 208, "所在地": "群馬県渋川市渋川９０８－２２", "緯度": 36.499793, "経度": 139.005538, "url": "https://www.iryou.teikyouseido.mhlw.go.jp/znk-web/juminkanja/S2430/initialize?prefCd=10&kikanCd=2100000756&kikanKbn=2", "url2": "http://www.hokumou.coop/shinryoujo/", "内容": "北毛保健生活協同組合北毛診療所【2:診療所】【診療科目:内科_精神科】群馬県渋川市渋川９０８－２２" }, "geometry": { "type": "Point", "coordinates": [ 139.005538, 36.499793 ] } },
{ "type": "Feature", "properties": { "ID": 1022100000763, "正式名称": "みゆきだ内科医院", "機関区分": 2, "都道府県コード": 10, "市区町村コード": 208, "所在地": "群馬県渋川市行幸田", "緯度": 36.471617, "経度": 138.998812, "url": "https://www.iryou.teikyouseido.mhlw.go.jp/znk-web/juminkanja/S2430/initialize?prefCd=10&kikanCd=2100000763&kikanKbn=2", "url2": null, "内容": "みゆきだ内科医院【2:診療所】【診療科目:脳神経内科】群馬県渋川市行幸田" }, "geometry": { "type": "Point", "coordinates": [ 138.998812, 36.471617 ] } },
{ "type": "Feature", "properties": { "ID": 1022100000768, "正式名称": "加藤整形外科医院", "機関区分": 2, "都道府県コード": 10, "市区町村コード": 208, "所在地": "群馬県渋川市行幸田３５ー７", "緯度": 36.47805, "経度": 138.999848, "url": "https://www.iryou.teikyouseido.mhlw.go.jp/znk-web/juminkanja/S2430/initialize?prefCd=10&kikanCd=2100000768&kikanKbn=2", "url2": null, "内容": "加藤整形外科医院【2:診療所】【診療科目:整形外科】群馬県渋川市行幸田３５ー７" }, "geometry": { "type": "Point", "coordinates": [ 138.999848, 36.47805 ] } },
{ "type": "Feature", "properties": { "ID": 1022100000770, "正式名称": "厚成医院", "機関区分": 2, "都道府県コード": 10, "市区町村コード": 208, "所在地": "群馬県渋川市石原２１０－８", "緯度": 36.489348, "経度": 139.006294, "url": "https://www.iryou.teikyouseido.mhlw.go.jp/znk-web/juminkanja/S2430/initialize?prefCd=10&kikanCd=2100000770&kikanKbn=2", "url2": null, "内容": "厚成医院【2:診療所】【診療科目:内科_皮膚科_泌尿器科】群馬県渋川市石原２１０－８" }, "geometry": { "type": "Point", "coordinates": [ 139.006294, 36.489348 ] } },
{ "type": "Feature", "properties": { "ID": 1022100000771, "正式名称": "医療法人社団平形会平形内科歯科医院", "機関区分": 2, "都道府県コード": 10, "市区町村コード": 208, "所在地": "群馬県渋川市石原５６４番地２", "緯度": 36.484794, "経度": 139.003714, "url": "https://www.iryou.teikyouseido.mhlw.go.jp/znk-web/juminkanja/S2430/initialize?prefCd=10&kikanCd=2100000771&kikanKbn=2", "url2": null, "内容": "医療法人社団平形会平形内科歯科医院【2:診療所】【診療科目:内科_歯科】群馬県渋川市石原５６４番地２" }, "geometry": { "type": "Point", "coordinates": [ 139.003714, 36.484794 ] } },
{ "type": "Feature", "properties": { "ID": 1022100000772, "正式名称": "医療法人社団　大谷内科クリニック", "機関区分": 2, "都道府県コード": 10, "市区町村コード": 208, "所在地": "群馬県渋川市中村１８０", "緯度": 36.483783, "経度": 139.011235, "url": "https://www.iryou.teikyouseido.mhlw.go.jp/znk-web/juminkanja/S2430/initialize?prefCd=10&kikanCd=2100000772&kikanKbn=2", "url2": "http://ootani-naika.com/", "内容": "医療法人社団　大谷内科クリニック【2:診療所】【診療科目:内科_胃腸内科】群馬県渋川市中村１８０" }, "geometry": { "type": "Point", "coordinates": [ 139.011235, 36.483783 ] } },
{ "type": "Feature", "properties": { "ID": 1022100000773, "正式名称": "入内島内科医院", "機関区分": 2, "都道府県コード": 10, "市区町村コード": 208, "所在地": "群馬県渋川市半田５４５ー２", "緯度": 36.456547, "経度": 139.025352, "url": "https://www.iryou.teikyouseido.mhlw.go.jp/znk-web/juminkanja/S2430/initialize?prefCd=10&kikanCd=2100000773&kikanKbn=2", "url2": null, "内容": "入内島内科医院【2:診療所】【診療科目:内科】群馬県渋川市半田５４５ー２" }, "geometry": { "type": "Point", "coordinates": [ 139.025352, 36.456547 ] } },
{ "type": "Feature", "properties": { "ID": 1022100000774, "正式名称": "野口眼科医院", "機関区分": 2, "都道府県コード": 10, "市区町村コード": 208, "所在地": "群馬県渋川市有馬６１８ー９", "緯度": 36.46613, "経度": 139.004151, "url": "https://www.iryou.teikyouseido.mhlw.go.jp/znk-web/juminkanja/S2430/initialize?prefCd=10&kikanCd=2100000774&kikanKbn=2", "url2": null, "内容": "野口眼科医院【2:診療所】【診療科目:眼科】群馬県渋川市有馬６１８ー９" }, "geometry": { "type": "Point", "coordinates": [ 139.004151, 36.46613 ] } },
{ "type": "Feature", "properties": { "ID": 1022100000777, "正式名称": "医療法人駿河会榛東さいとう医院", "機関区分": 2, "都道府県コード": 10, "市区町村コード": 344, "所在地": "群馬県北群馬郡榛東村新井１１８２ー２", "緯度": 36.429363, "経度": 138.972014, "url": "https://www.iryou.teikyouseido.mhlw.go.jp/znk-web/juminkanja/S2430/initialize?prefCd=10&kikanCd=2100000777&kikanKbn=2", "url2": null, "内容": "医療法人駿河会榛東さいとう医院【2:診療所】【診療科目:内科_呼吸器内科_循環器内科_消化器内科_小児科_皮膚科_アレルギー科】群馬県北群馬郡榛東村新井１１８２ー２" }, "geometry": { "type": "Point", "coordinates": [ 138.972014, 36.429363 ] } },
{ "type": "Feature", "properties": { "ID": 1022100000779, "正式名称": "榛東わかばクリニック", "機関区分": 2, "都道府県コード": 10, "市区町村コード": 344, "所在地": "群馬県北群馬郡榛東村山子田１３６９－１", "緯度": 36.443709, "経度": 138.982649, "url": "https://www.iryou.teikyouseido.mhlw.go.jp/znk-web/juminkanja/S2430/initialize?prefCd=10&kikanCd=2100000779&kikanKbn=2", "url2": "http://www.shintoh-wakaba.com/", "内容": "榛東わかばクリニック【2:診療所】【診療科目:内科_循環器内科_ペインクリニック内科_リハビリテーション科】群馬県北群馬郡榛東村山子田１３６９－１" }, "geometry": { "type": "Point", "coordinates": [ 138.982649, 36.443709 ] } },
{ "type": "Feature", "properties": { "ID": 1022100000784, "正式名称": "まつい女性クリニック", "機関区分": 2, "都道府県コード": 10, "市区町村コード": 345, "所在地": "群馬県北群馬郡吉岡町大久保７５１－４", "緯度": 36.423635, "経度": 139.024901, "url": "https://www.iryou.teikyouseido.mhlw.go.jp/znk-web/juminkanja/S2430/initialize?prefCd=10&kikanCd=2100000784&kikanKbn=2", "url2": "http://www.myclinic.ne.jp/matsui_lady/", "内容": "まつい女性クリニック【2:診療所】【診療科目:内科_小児科_産婦人科_心療内科_アレルギー科】群馬県北群馬郡吉岡町大久保７５１－４" }, "geometry": { "type": "Point", "coordinates": [ 139.024901, 36.423635 ] } },
{ "type": "Feature", "properties": { "ID": 1022100000785, "正式名称": "医療法人桜楓会　大滝クリニック", "機関区分": 2, "都道府県コード": 10, "市区町村コード": 345, "所在地": "群馬県北群馬郡吉岡町大久保", "緯度": 36.420901, "経度": 139.022511, "url": "https://www.iryou.teikyouseido.mhlw.go.jp/znk-web/juminkanja/S2430/initialize?prefCd=10&kikanCd=2100000785&kikanKbn=2", "url2": "http://www.ohtaki-cl.com/", "内容": "医療法人桜楓会　大滝クリニック【2:診療所】【診療科目:内科_呼吸器内科_循環器内科_外科_心臓血管外科_形成外科_美容外科】群馬県北群馬郡吉岡町大久保" }, "geometry": { "type": "Point", "coordinates": [ 139.022511, 36.420901 ] } },
{ "type": "Feature", "properties": { "ID": 1022100000786, "正式名称": "大井内科クリニック", "機関区分": 2, "都道府県コード": 10, "市区町村コード": 345, "所在地": "群馬県北群馬郡吉岡町北下１１２６－１", "緯度": 36.444165, "経度": 139.003539, "url": "https://www.iryou.teikyouseido.mhlw.go.jp/znk-web/juminkanja/S2430/initialize?prefCd=10&kikanCd=2100000786&kikanKbn=2", "url2": null, "内容": "大井内科クリニック【2:診療所】【診療科目:内科_呼吸器内科_アレルギー科】群馬県北群馬郡吉岡町北下１１２６－１" }, "geometry": { "type": "Point", "coordinates": [ 139.003539, 36.444165 ] } },
{ "type": "Feature", "properties": { "ID": 1022100000787, "正式名称": "関口医院", "機関区分": 2, "都道府県コード": 10, "市区町村コード": 345, "所在地": "群馬県北群馬郡吉岡町下野田６８６ー１", "緯度": 36.448481, "経度": 139.005219, "url": "https://www.iryou.teikyouseido.mhlw.go.jp/znk-web/juminkanja/S2430/initialize?prefCd=10&kikanCd=2100000787&kikanKbn=2", "url2": "https://sekiguchicl.com/", "内容": "関口医院【2:診療所】【診療科目:内科_呼吸器外科_放射線科_放射線診断科】群馬県北群馬郡吉岡町下野田６８６ー１" }, "geometry": { "type": "Point", "coordinates": [ 139.005219, 36.448481 ] } },
{ "type": "Feature", "properties": { "ID": 1022100000788, "正式名称": "医療法人社団佐藤医院", "機関区分": 2, "都道府県コード": 10, "市区町村コード": 345, "所在地": "群馬県北群馬郡吉岡町下野田８１１", "緯度": 36.449542, "経度": 139.008391, "url": "https://www.iryou.teikyouseido.mhlw.go.jp/znk-web/juminkanja/S2430/initialize?prefCd=10&kikanCd=2100000788&kikanKbn=2", "url2": null, "内容": "医療法人社団佐藤医院【2:診療所】【診療科目:内科_糖尿病内科_アレルギー科】群馬県北群馬郡吉岡町下野田８１１" }, "geometry": { "type": "Point", "coordinates": [ 139.008391, 36.449542 ] } },
{ "type": "Feature", "properties": { "ID": 1022100000789, "正式名称": "医療法人元気の会痛みのクリニック長谷川医院", "機関区分": 2, "都道府県コード": 10, "市区町村コード": 345, "所在地": "群馬県北群馬郡吉岡町大久保１４０６－４", "緯度": 36.427921, "経度": 139.022946, "url": "https://www.iryou.teikyouseido.mhlw.go.jp/znk-web/juminkanja/S2430/initialize?prefCd=10&kikanCd=2100000789&kikanKbn=2", "url2": "http://hasegawa-cli.byoinnavi.jp/", "内容": "医療法人元気の会痛みのクリニック長谷川医院【2:診療所】【診療科目:内科_整形外科_リハビリテーション科_麻酔科】群馬県北群馬郡吉岡町大久保１４０６－４" }, "geometry": { "type": "Point", "coordinates": [ 139.022946, 36.427921 ] } },
{ "type": "Feature", "properties": { "ID": 1022100000790, "正式名称": "医療法人あおぞら会駒寄こども診療所", "機関区分": 2, "都道府県コード": 10, "市区町村コード": 345, "所在地": "群馬県北群馬郡吉岡町大久保２２７６", "緯度": 36.438188, "経度": 139.021015, "url": "https://www.iryou.teikyouseido.mhlw.go.jp/znk-web/juminkanja/S2430/initialize?prefCd=10&kikanCd=2100000790&kikanKbn=2", "url2": null, "内容": "医療法人あおぞら会駒寄こども診療所【2:診療所】【診療科目:小児科】群馬県北群馬郡吉岡町大久保２２７６" }, "geometry": { "type": "Point", "coordinates": [ 139.021015, 36.438188 ] } },
{ "type": "Feature", "properties": { "ID": 1022100000791, "正式名称": "医療法人竹内小児科", "機関区分": 2, "都道府県コード": 10, "市区町村コード": 345, "所在地": "群馬県北群馬郡吉岡町大久保３３４７－１０", "緯度": 36.445678, "経度": 139.017471, "url": "https://www.iryou.teikyouseido.mhlw.go.jp/znk-web/juminkanja/S2430/initialize?prefCd=10&kikanCd=2100000791&kikanKbn=2", "url2": null, "内容": "医療法人竹内小児科【2:診療所】【診療科目:小児科】群馬県北群馬郡吉岡町大久保３３４７－１０" }, "geometry": { "type": "Point", "coordinates": [ 139.017471, 36.445678 ] } },
{ "type": "Feature", "properties": { "ID": 1022100000792, "正式名称": "岡本内科クリニック", "機関区分": 2, "都道府県コード": 10, "市区町村コード": 345, "所在地": "群馬県北群馬郡吉岡町大久保３４５７", "緯度": 36.441082, "経度": 139.017252, "url": "https://www.iryou.teikyouseido.mhlw.go.jp/znk-web/juminkanja/S2430/initialize?prefCd=10&kikanCd=2100000792&kikanKbn=2", "url2": "https://www.okamotonaika-clinic.jp/", "内容": "岡本内科クリニック【2:診療所】【診療科目:循環器内科】群馬県北群馬郡吉岡町大久保３４５７" }, "geometry": { "type": "Point", "coordinates": [ 139.017252, 36.441082 ] } },
{ "type": "Feature", "properties": { "ID": 1022100000793, "正式名称": "医療法人　井野整形外科リハビリ内科", "機関区分": 2, "都道府県コード": 10, "市区町村コード": 345, "所在地": "群馬県北群馬郡吉岡町南下９１７ー２", "緯度": 36.43776, "経度": 139.004383, "url": "https://www.iryou.teikyouseido.mhlw.go.jp/znk-web/juminkanja/S2430/initialize?prefCd=10&kikanCd=2100000793&kikanKbn=2", "url2": "http://inoseikei.webmedipr.lp", "内容": "医療法人　井野整形外科リハビリ内科【2:診療所】【診療科目:内科_整形外科_リハビリテーション科】群馬県北群馬郡吉岡町南下９１７ー２" }, "geometry": { "type": "Point", "coordinates": [ 139.004383, 36.43776 ] } },
{ "type": "Feature", "properties": { "ID": 1022100000794, "正式名称": "医療法人財団大利根会いずみ医院", "機関区分": 2, "都道府県コード": 10, "市区町村コード": 208, "所在地": "群馬県渋川市渋川２１９４－２", "緯度": 36.497636, "経度": 139.00005, "url": "https://www.iryou.teikyouseido.mhlw.go.jp/znk-web/juminkanja/S2430/initialize?prefCd=10&kikanCd=2100000794&kikanKbn=2", "url2": null, "内容": "医療法人財団大利根会いずみ医院【2:診療所】【診療科目:精神科_心療内科】群馬県渋川市渋川２１９４－２" }, "geometry": { "type": "Point", "coordinates": [ 139.00005, 36.497636 ] } },
{ "type": "Feature", "properties": { "ID": 1022100000795, "正式名称": "塚越クリニック", "機関区分": 2, "都道府県コード": 10, "市区町村コード": 208, "所在地": "群馬県渋川市渋川", "緯度": 36.503185, "経度": 138.97883, "url": "https://www.iryou.teikyouseido.mhlw.go.jp/znk-web/juminkanja/S2430/initialize?prefCd=10&kikanCd=2100000795&kikanKbn=2", "url2": "http://www.myclinic.ne.jp/hope/", "内容": "塚越クリニック【2:診療所】【診療科目:内科_呼吸器内科_皮膚科_アレルギー科】群馬県渋川市渋川" }, "geometry": { "type": "Point", "coordinates": [ 138.97883, 36.503185 ] } },
{ "type": "Feature", "properties": { "ID": 1022100000796, "正式名称": "くわばら整形外科", "機関区分": 2, "都道府県コード": 10, "市区町村コード": 345, "所在地": "群馬県北群馬郡吉岡町漆原１１７９", "緯度": 36.438911, "経度": 139.026789, "url": "https://www.iryou.teikyouseido.mhlw.go.jp/znk-web/juminkanja/S2430/initialize?prefCd=10&kikanCd=2100000796&kikanKbn=2", "url2": null, "内容": "くわばら整形外科【2:診療所】【診療科目:整形外科_リウマチ科_リハビリテーション科】群馬県北群馬郡吉岡町漆原１１７９" }, "geometry": { "type": "Point", "coordinates": [ 139.026789, 36.438911 ] } },
{ "type": "Feature", "properties": { "ID": 1022100000798, "正式名称": "神流町国民健康保険直営中里診療所", "機関区分": 2, "都道府県コード": 10, "市区町村コード": 367, "所在地": "群馬県多野郡神流町神ケ原４３０－１", "緯度": 36.091472, "経度": 138.827405, "url": "https://www.iryou.teikyouseido.mhlw.go.jp/znk-web/juminkanja/S2430/initialize?prefCd=10&kikanCd=2100000798&kikanKbn=2", "url2": null, "内容": "神流町国民健康保険直営中里診療所【2:診療所】【診療科目:内科_外科_小児科】群馬県多野郡神流町神ケ原４３０－１" }, "geometry": { "type": "Point", "coordinates": [ 138.827405, 36.091472 ] } },
{ "type": "Feature", "properties": { "ID": 1022100000799, "正式名称": "万場診療所", "機関区分": 2, "都道府県コード": 10, "市区町村コード": 367, "所在地": "群馬県多野郡神流町万場４４ー３", "緯度": 36.115027, "経度": 138.915091, "url": "https://www.iryou.teikyouseido.mhlw.go.jp/znk-web/juminkanja/S2430/initialize?prefCd=10&kikanCd=2100000799&kikanKbn=2", "url2": null, "内容": "万場診療所【2:診療所】【診療科目:内科_小児科】群馬県多野郡神流町万場４４ー３" }, "geometry": { "type": "Point", "coordinates": [ 138.915091, 36.115027 ] } },
{ "type": "Feature", "properties": { "ID": 1022100000803, "正式名称": "さわだ医院", "機関区分": 2, "都道府県コード": 10, "市区町村コード": 209, "所在地": "群馬県藤岡市岡之郷６８５ー１", "緯度": 36.268929, "経度": 139.104262, "url": "https://www.iryou.teikyouseido.mhlw.go.jp/znk-web/juminkanja/S2430/initialize?prefCd=10&kikanCd=2100000803&kikanKbn=2", "url2": null, "内容": "さわだ医院【2:診療所】【診療科目:内科_胃腸内科_外科_小児科】群馬県藤岡市岡之郷６８５ー１" }, "geometry": { "type": "Point", "coordinates": [ 139.104262, 36.268929 ] } },
{ "type": "Feature", "properties": { "ID": 1022100000805, "正式名称": "医療法人深沢内科医院", "機関区分": 2, "都道府県コード": 10, "市区町村コード": 209, "所在地": "群馬県藤岡市上戸塚１４２ー１", "緯度": 36.24872, "経度": 139.090206, "url": "https://www.iryou.teikyouseido.mhlw.go.jp/znk-web/juminkanja/S2430/initialize?prefCd=10&kikanCd=2100000805&kikanKbn=2", "url2": "http://fujiokatano.gunma.med.or.jp/", "内容": "医療法人深沢内科医院【2:診療所】【診療科目:内科】群馬県藤岡市上戸塚１４２ー１" }, "geometry": { "type": "Point", "coordinates": [ 139.090206, 36.24872 ] } },
{ "type": "Feature", "properties": { "ID": 1022100000806, "正式名称": "医療法人みくり会　栗原胃腸科外科医院", "機関区分": 2, "都道府県コード": 10, "市区町村コード": 209, "所在地": "群馬県藤岡市神田１４４－１", "緯度": 36.215376, "経度": 139.067992, "url": "https://www.iryou.teikyouseido.mhlw.go.jp/znk-web/juminkanja/S2430/initialize?prefCd=10&kikanCd=2100000806&kikanKbn=2", "url2": null, "内容": "医療法人みくり会　栗原胃腸科外科医院【2:診療所】【診療科目:内科_消化器内科_胃腸内科_外科_消化器外科_大腸外科_肛門外科_整形外科_形成外科_小児科_皮膚科_美容皮膚科_泌尿器科】群馬県藤岡市神田１４４－１" }, "geometry": { "type": "Point", "coordinates": [ 139.067992, 36.215376 ] } },
{ "type": "Feature", "properties": { "ID": 1022100000807, "正式名称": "医療法人わかくさ秋山医院", "機関区分": 2, "都道府県コード": 10, "市区町村コード": 209, "所在地": "群馬県藤岡市小林", "緯度": 36.240609, "経度": 139.088367, "url": "https://www.iryou.teikyouseido.mhlw.go.jp/znk-web/juminkanja/S2430/initialize?prefCd=10&kikanCd=2100000807&kikanKbn=2", "url2": null, "内容": "医療法人わかくさ秋山医院【2:診療所】【診療科目:内科_消化器内科_外科】群馬県藤岡市小林" }, "geometry": { "type": "Point", "coordinates": [ 139.088367, 36.240609 ] } },
{ "type": "Feature", "properties": { "ID": 1022100000808, "正式名称": "医療法人伽賛会すぎやまメディカルクリニック", "機関区分": 2, "都道府県コード": 10, "市区町村コード": 209, "所在地": "群馬県藤岡市下大塚１８０－１１", "緯度": 36.255668, "経度": 139.053302, "url": "https://www.iryou.teikyouseido.mhlw.go.jp/znk-web/juminkanja/S2430/initialize?prefCd=10&kikanCd=2100000808&kikanKbn=2", "url2": "http://sugicli.net", "内容": "医療法人伽賛会すぎやまメディカルクリニック【2:診療所】【診療科目:内科_消化器内科_胃腸内科_外科_消化器外科_胃腸外科_乳腺・内分泌外科_肛門外科_大腸・肛門外科】群馬県藤岡市下大塚１８０－１１" }, "geometry": { "type": "Point", "coordinates": [ 139.053302, 36.255668 ] } },
{ "type": "Feature", "properties": { "ID": 1022100000809, "正式名称": "医療法人誠真会　薬師寺整形外科クリニック", "機関区分": 2, "都道府県コード": 10, "市区町村コード": 209, "所在地": "群馬県藤岡市下栗須９ー２", "緯度": 36.261228, "経度": 139.093474, "url": "https://www.iryou.teikyouseido.mhlw.go.jp/znk-web/juminkanja/S2430/initialize?prefCd=10&kikanCd=2100000809&kikanKbn=2", "url2": "http://www.myclinic.ne.jp/yakushiji_op/pc/", "内容": "医療法人誠真会　薬師寺整形外科クリニック【2:診療所】【診療科目:整形外科_リウマチ科_リハビリテーション科】群馬県藤岡市下栗須９ー２" }, "geometry": { "type": "Point", "coordinates": [ 139.093474, 36.261228 ] } },
{ "type": "Feature", "properties": { "ID": 1022100000810, "正式名称": "医療法人飯塚クリニック", "機関区分": 2, "都道府県コード": 10, "市区町村コード": 209, "所在地": "群馬県藤岡市下戸塚", "緯度": 36.259164, "経度": 139.094727, "url": "https://www.iryou.teikyouseido.mhlw.go.jp/znk-web/juminkanja/S2430/initialize?prefCd=10&kikanCd=2100000810&kikanKbn=2", "url2": null, "内容": "医療法人飯塚クリニック【2:診療所】【診療科目:内科_循環器内科】群馬県藤岡市下戸塚" }, "geometry": { "type": "Point", "coordinates": [ 139.094727, 36.259164 ] } },
{ "type": "Feature", "properties": { "ID": 1022100000811, "正式名称": "原内科クリニック", "機関区分": 2, "都道府県コード": 10, "市区町村コード": 209, "所在地": "群馬県藤岡市下戸塚３３ー１", "緯度": 36.253752, "経度": 139.088748, "url": "https://www.iryou.teikyouseido.mhlw.go.jp/znk-web/juminkanja/S2430/initialize?prefCd=10&kikanCd=2100000811&kikanKbn=2", "url2": null, "内容": "原内科クリニック【2:診療所】【診療科目:内科】群馬県藤岡市下戸塚３３ー１" }, "geometry": { "type": "Point", "coordinates": [ 139.088748, 36.253752 ] } },
{ "type": "Feature", "properties": { "ID": 1022100000813, "正式名称": "島田クリニック", "機関区分": 2, "都道府県コード": 10, "市区町村コード": 209, "所在地": "群馬県藤岡市中大塚１７２－７", "緯度": 36.252908, "経度": 139.062683, "url": "https://www.iryou.teikyouseido.mhlw.go.jp/znk-web/juminkanja/S2430/initialize?prefCd=10&kikanCd=2100000813&kikanKbn=2", "url2": null, "内容": "島田クリニック【2:診療所】【診療科目:内科_循環器内科_腎臓内科】群馬県藤岡市中大塚１７２－７" }, "geometry": { "type": "Point", "coordinates": [ 139.062683, 36.252908 ] } },
{ "type": "Feature", "properties": { "ID": 1022100000814, "正式名称": "いとう眼科", "機関区分": 2, "都道府県コード": 10, "市区町村コード": 209, "所在地": "群馬県藤岡市中大塚２５８－４", "緯度": 36.251043, "経度": 139.064184, "url": "https://www.iryou.teikyouseido.mhlw.go.jp/znk-web/juminkanja/S2430/initialize?prefCd=10&kikanCd=2100000814&kikanKbn=2", "url2": "http://www.ito-ganka.jp/", "内容": "いとう眼科【2:診療所】【診療科目:眼科】群馬県藤岡市中大塚２５８－４" }, "geometry": { "type": "Point", "coordinates": [ 139.064184, 36.251043 ] } },
{ "type": "Feature", "properties": { "ID": 1022100000815, "正式名称": "医療法人正美会しののめクリニック", "機関区分": 2, "都道府県コード": 10, "市区町村コード": 209, "所在地": "群馬県藤岡市中栗須４８５－５", "緯度": 36.262698, "経度": 139.078252, "url": "https://www.iryou.teikyouseido.mhlw.go.jp/znk-web/juminkanja/S2430/initialize?prefCd=10&kikanCd=2100000815&kikanKbn=2", "url2": null, "内容": "医療法人正美会しののめクリニック【2:診療所】【診療科目:内科_血液内科_消化器内科_アレルギー科】群馬県藤岡市中栗須４８５－５" }, "geometry": { "type": "Point", "coordinates": [ 139.078252, 36.262698 ] } },
{ "type": "Feature", "properties": { "ID": 1022100000818, "正式名称": "医療法人社団凜旺の幹シンシアガーデンクリニック高崎院", "機関区分": 2, "都道府県コード": 10, "市区町村コード": 202, "所在地": "群馬県高崎市江木町１７１８ー４", "緯度": 36.33033, "経度": 139.02709, "url": "https://www.iryou.teikyouseido.mhlw.go.jp/znk-web/juminkanja/S2430/initialize?prefCd=10&kikanCd=2100000818&kikanKbn=2", "url2": "https://www.sincere-gc.com/", "内容": "医療法人社団凜旺の幹シンシアガーデンクリニック高崎院【2:診療所】【診療科目:美容内科_美容外科_美容形成_美容皮膚科】群馬県高崎市江木町１７１８ー４" }, "geometry": { "type": "Point", "coordinates": [ 139.02709, 36.33033 ] } },
{ "type": "Feature", "properties": { "ID": 1022100000819, "正式名称": "医療法人照全会中島整形外科クリニック", "機関区分": 2, "都道府県コード": 10, "市区町村コード": 209, "所在地": "群馬県藤岡市藤岡１７６０ー４", "緯度": 36.238737, "経度": 139.076724, "url": "https://www.iryou.teikyouseido.mhlw.go.jp/znk-web/juminkanja/S2430/initialize?prefCd=10&kikanCd=2100000819&kikanKbn=2", "url2": null, "内容": "医療法人照全会中島整形外科クリニック【2:診療所】【診療科目:整形外科_リウマチ科_リハビリテーション科】群馬県藤岡市藤岡１７６０ー４" }, "geometry": { "type": "Point", "coordinates": [ 139.076724, 36.238737 ] } },
{ "type": "Feature", "properties": { "ID": 1022100000821, "正式名称": "藤岡眼科", "機関区分": 2, "都道府県コード": 10, "市区町村コード": 209, "所在地": "群馬県藤岡市藤岡５１６ー６", "緯度": 36.232989, "経度": 139.06974, "url": "https://www.iryou.teikyouseido.mhlw.go.jp/znk-web/juminkanja/S2430/initialize?prefCd=10&kikanCd=2100000821&kikanKbn=2", "url2": null, "内容": "藤岡眼科【2:診療所】【診療科目:眼科】群馬県藤岡市藤岡５１６ー６" }, "geometry": { "type": "Point", "coordinates": [ 139.06974, 36.232989 ] } },
{ "type": "Feature", "properties": { "ID": 1022100000822, "正式名称": "やまうち内科", "機関区分": 2, "都道府県コード": 10, "市区町村コード": 209, "所在地": "群馬県藤岡市藤岡４２４−７", "緯度": 36.244919, "経度": 139.081885, "url": "https://www.iryou.teikyouseido.mhlw.go.jp/znk-web/juminkanja/S2430/initialize?prefCd=10&kikanCd=2100000822&kikanKbn=2", "url2": null, "内容": "やまうち内科【2:診療所】【診療科目:内科_消化器内科】群馬県藤岡市藤岡４２４−７" }, "geometry": { "type": "Point", "coordinates": [ 139.081885, 36.244919 ] } },
{ "type": "Feature", "properties": { "ID": 1022100000823, "正式名称": "アイリス診療所", "機関区分": 2, "都道府県コード": 10, "市区町村コード": 209, "所在地": "群馬県藤岡市森２６４－４", "緯度": 36.275897, "経度": 139.076915, "url": "https://www.iryou.teikyouseido.mhlw.go.jp/znk-web/juminkanja/S2430/initialize?prefCd=10&kikanCd=2100000823&kikanKbn=2", "url2": null, "内容": "アイリス診療所【2:診療所】【診療科目:内科_消化器内科】群馬県藤岡市森２６４－４" }, "geometry": { "type": "Point", "coordinates": [ 139.076915, 36.275897 ] } },
{ "type": "Feature", "properties": { "ID": 1022100000824, "正式名称": "石川医院", "機関区分": 2, "都道府県コード": 10, "市区町村コード": 209, "所在地": "群馬県藤岡市立石５６０－１", "緯度": 36.282034, "経度": 139.079812, "url": "https://www.iryou.teikyouseido.mhlw.go.jp/znk-web/juminkanja/S2430/initialize?prefCd=10&kikanCd=2100000824&kikanKbn=2", "url2": "https://www.ishikawaclinic-fujioka.com/", "内容": "石川医院【2:診療所】【診療科目:内科_消化器内科_胃腸内科_心療内科】群馬県藤岡市立石５６０－１" }, "geometry": { "type": "Point", "coordinates": [ 139.079812, 36.282034 ] } },
{ "type": "Feature", "properties": { "ID": 1022100000826, "正式名称": "なりしげ整形外科", "機関区分": 2, "都道府県コード": 10, "市区町村コード": 202, "所在地": "群馬県高崎市吉井町本郷７７ー１", "緯度": 36.258125, "経度": 138.973948, "url": "https://www.iryou.teikyouseido.mhlw.go.jp/znk-web/juminkanja/S2430/initialize?prefCd=10&kikanCd=2100000826&kikanKbn=2", "url2": null, "内容": "なりしげ整形外科【2:診療所】【診療科目:整形外科_リウマチ科_リハビリテーション科】群馬県高崎市吉井町本郷７７ー１" }, "geometry": { "type": "Point", "coordinates": [ 138.973948, 36.258125 ] } },
{ "type": "Feature", "properties": { "ID": 1022100000827, "正式名称": "川上医院", "機関区分": 2, "都道府県コード": 10, "市区町村コード": 202, "所在地": "群馬県高崎市吉井町吉井１２９ー２", "緯度": 36.253486, "経度": 138.986298, "url": "https://www.iryou.teikyouseido.mhlw.go.jp/znk-web/juminkanja/S2430/initialize?prefCd=10&kikanCd=2100000827&kikanKbn=2", "url2": null, "内容": "川上医院【2:診療所】【診療科目:内科_小児科】群馬県高崎市吉井町吉井１２９ー２" }, "geometry": { "type": "Point", "coordinates": [ 138.986298, 36.253486 ] } },
{ "type": "Feature", "properties": { "ID": 1022100000828, "正式名称": "医療法人島田医院", "機関区分": 2, "都道府県コード": 10, "市区町村コード": 202, "所在地": "群馬県高崎市吉井町吉井９", "緯度": 36.252557, "経度": 138.985369, "url": "https://www.iryou.teikyouseido.mhlw.go.jp/znk-web/juminkanja/S2430/initialize?prefCd=10&kikanCd=2100000828&kikanKbn=2", "url2": null, "内容": "医療法人島田医院【2:診療所】【診療科目:耳鼻いんこう科】群馬県高崎市吉井町吉井９" }, "geometry": { "type": "Point", "coordinates": [ 138.985369, 36.252557 ] } },
{ "type": "Feature", "properties": { "ID": 1022100000830, "正式名称": "医療法人松本医院", "機関区分": 2, "都道府県コード": 10, "市区町村コード": 202, "所在地": "群馬県高崎市吉井町吉井１５６番地", "緯度": 36.254042, "経度": 138.987168, "url": "https://www.iryou.teikyouseido.mhlw.go.jp/znk-web/juminkanja/S2430/initialize?prefCd=10&kikanCd=2100000830&kikanKbn=2", "url2": "http://matsumotoiinn.business.site", "内容": "医療法人松本医院【2:診療所】【診療科目:内科_消化器内科_胃腸内科_外科_肛門外科_整形外科_小児科】群馬県高崎市吉井町吉井１５６番地" }, "geometry": { "type": "Point", "coordinates": [ 138.987168, 36.254042 ] } },
{ "type": "Feature", "properties": { "ID": 1022100000831, "正式名称": "医療法人貴翠会　こころとからだのクリニック", "機関区分": 2, "都道府県コード": 10, "市区町村コード": 202, "所在地": "群馬県高崎市吉井町吉井川３５３", "緯度": 36.253384, "経度": 138.990608, "url": "https://www.iryou.teikyouseido.mhlw.go.jp/znk-web/juminkanja/S2430/initialize?prefCd=10&kikanCd=2100000831&kikanKbn=2", "url2": null, "内容": "医療法人貴翠会　こころとからだのクリニック【2:診療所】【診療科目:内科_消化器内科_整形外科_婦人科_精神科_神経科_心療内科_老年精神科_アレルギー科】群馬県高崎市吉井町吉井川３５３" }, "geometry": { "type": "Point", "coordinates": [ 138.990608, 36.253384 ] } },
{ "type": "Feature", "properties": { "ID": 1022100000832, "正式名称": "医療法人　吉井中央診療所", "機関区分": 2, "都道府県コード": 10, "市区町村コード": 202, "所在地": "群馬県高崎市吉井町吉井４１５－１", "緯度": 36.256514, "経度": 138.984201, "url": "https://www.iryou.teikyouseido.mhlw.go.jp/znk-web/juminkanja/S2430/initialize?prefCd=10&kikanCd=2100000832&kikanKbn=2", "url2": "http://www.yoshiicc.or.jp/ycc/", "内容": "医療法人　吉井中央診療所【2:診療所】【診療科目:内科_眼科_皮膚科_リハビリテーション科】群馬県高崎市吉井町吉井４１５－１" }, "geometry": { "type": "Point", "coordinates": [ 138.984201, 36.256514 ] } },
{ "type": "Feature", "properties": { "ID": 1022100000833, "正式名称": "多胡医院", "機関区分": 2, "都道府県コード": 10, "市区町村コード": 202, "所在地": "群馬県高崎市吉井町吉井６４３ー４", "緯度": 36.26054, "経度": 138.986829, "url": "https://www.iryou.teikyouseido.mhlw.go.jp/znk-web/juminkanja/S2430/initialize?prefCd=10&kikanCd=2100000833&kikanKbn=2", "url2": null, "内容": "多胡医院【2:診療所】【診療科目:内科_皮膚科】群馬県高崎市吉井町吉井６４３ー４" }, "geometry": { "type": "Point", "coordinates": [ 138.986829, 36.26054 ] } },
{ "type": "Feature", "properties": { "ID": 1022100000834, "正式名称": "医療法人博心会ヒロ循環器科胃腸科クリニック", "機関区分": 2, "都道府県コード": 10, "市区町村コード": 202, "所在地": "群馬県高崎市吉井町長根１８１６", "緯度": 36.24991, "経度": 138.973949, "url": "https://www.iryou.teikyouseido.mhlw.go.jp/znk-web/juminkanja/S2430/initialize?prefCd=10&kikanCd=2100000834&kikanKbn=2", "url2": "http://www.hiroclinic.net", "内容": "医療法人博心会ヒロ循環器科胃腸科クリニック【2:診療所】【診療科目:内科_呼吸器内科_循環器内科_胃腸内科_小児科】群馬県高崎市吉井町長根１８１６" }, "geometry": { "type": "Point", "coordinates": [ 138.973949, 36.24991 ] } },
{ "type": "Feature", "properties": { "ID": 1022100000835, "正式名称": "田路クリニック", "機関区分": 2, "都道府県コード": 10, "市区町村コード": 202, "所在地": "群馬県高崎市吉井町馬庭５７１番地１", "緯度": 36.266127, "経度": 139.005989, "url": "https://www.iryou.teikyouseido.mhlw.go.jp/znk-web/juminkanja/S2430/initialize?prefCd=10&kikanCd=2100000835&kikanKbn=2", "url2": "https://touji-clinic.jp/", "内容": "田路クリニック【2:診療所】【診療科目:内科_胃腸内科_外科_小児科】群馬県高崎市吉井町馬庭５７１番地１" }, "geometry": { "type": "Point", "coordinates": [ 139.005989, 36.266127 ] } },
{ "type": "Feature", "properties": { "ID": 1022100000836, "正式名称": "上野村へき地診療所", "機関区分": 2, "都道府県コード": 10, "市区町村コード": 366, "所在地": "群馬県多野郡上野村乙父", "緯度": 36.084638, "経度": 138.750773, "url": "https://www.iryou.teikyouseido.mhlw.go.jp/znk-web/juminkanja/S2430/initialize?prefCd=10&kikanCd=2100000836&kikanKbn=2", "url2": null, "内容": "上野村へき地診療所【2:診療所】【診療科目:内科_外科】群馬県多野郡上野村乙父" }, "geometry": { "type": "Point", "coordinates": [ 138.750773, 36.084638 ] } },
{ "type": "Feature", "properties": { "ID": 1022100000838, "正式名称": "飯田整形外科医院", "機関区分": 2, "都道府県コード": 10, "市区町村コード": 209, "所在地": "群馬県藤岡市篠塚５６２", "緯度": 36.263514, "経度": 139.057918, "url": "https://www.iryou.teikyouseido.mhlw.go.jp/znk-web/juminkanja/S2430/initialize?prefCd=10&kikanCd=2100000838&kikanKbn=2", "url2": "https://iidaseikei.com", "内容": "飯田整形外科医院【2:診療所】【診療科目:内科_整形外科_リウマチ科_リハビリテーション科】群馬県藤岡市篠塚５６２" }, "geometry": { "type": "Point", "coordinates": [ 139.057918, 36.263514 ] } },
{ "type": "Feature", "properties": { "ID": 1022100000840, "正式名称": "医療法人藤生皮膚科医院", "機関区分": 2, "都道府県コード": 10, "市区町村コード": 209, "所在地": "群馬県藤岡市上大塚３３０ー１９", "緯度": 36.241544, "経度": 139.060435, "url": "https://www.iryou.teikyouseido.mhlw.go.jp/znk-web/juminkanja/S2430/initialize?prefCd=10&kikanCd=2100000840&kikanKbn=2", "url2": null, "内容": "医療法人藤生皮膚科医院【2:診療所】【診療科目:皮膚科】群馬県藤岡市上大塚３３０ー１９" }, "geometry": { "type": "Point", "coordinates": [ 139.060435, 36.241544 ] } },
{ "type": "Feature", "properties": { "ID": 1022100000841, "正式名称": "医療法人小山医院", "機関区分": 2, "都道府県コード": 10, "市区町村コード": 209, "所在地": "群馬県藤岡市中１７１ー３", "緯度": 36.275952, "経度": 139.06738, "url": "https://www.iryou.teikyouseido.mhlw.go.jp/znk-web/juminkanja/S2430/initialize?prefCd=10&kikanCd=2100000841&kikanKbn=2", "url2": null, "内容": "医療法人小山医院【2:診療所】【診療科目:内科_循環器内科_小児科】群馬県藤岡市中１７１ー３" }, "geometry": { "type": "Point", "coordinates": [ 139.06738, 36.275952 ] } },
{ "type": "Feature", "properties": { "ID": 1022100000842, "正式名称": "医療法人健生会藤岡外科内科クリニック", "機関区分": 2, "都道府県コード": 10, "市区町村コード": 209, "所在地": "群馬県藤岡市中栗須２３８ー１", "緯度": 36.25888, "経度": 139.076151, "url": "https://www.iryou.teikyouseido.mhlw.go.jp/znk-web/juminkanja/S2430/initialize?prefCd=10&kikanCd=2100000842&kikanKbn=2", "url2": "http://www.citydo.com/prf/gunma/guide/sg/220001122.html", "内容": "医療法人健生会藤岡外科内科クリニック【2:診療所】【診療科目:内科_外科_皮膚科】群馬県藤岡市中栗須２３８ー１" }, "geometry": { "type": "Point", "coordinates": [ 139.076151, 36.25888 ] } },
{ "type": "Feature", "properties": { "ID": 1022100000843, "正式名称": "根岸産婦人科小児科医院", "機関区分": 2, "都道府県コード": 10, "市区町村コード": 209, "所在地": "群馬県藤岡市中栗須８６", "緯度": 36.256777, "経度": 139.07321, "url": "https://www.iryou.teikyouseido.mhlw.go.jp/znk-web/juminkanja/S2430/initialize?prefCd=10&kikanCd=2100000843&kikanKbn=2", "url2": "http://negishi-clinic.info/", "内容": "根岸産婦人科小児科医院【2:診療所】【診療科目:内科_小児科_産婦人科】群馬県藤岡市中栗須８６" }, "geometry": { "type": "Point", "coordinates": [ 139.07321, 36.256777 ] } },
{ "type": "Feature", "properties": { "ID": 1022100000845, "正式名称": "医療法人哲周会　うるま耳鼻咽喉科", "機関区分": 2, "都道府県コード": 10, "市区町村コード": 209, "所在地": "群馬県藤岡市藤岡１３２番２", "緯度": 36.255153, "経度": 139.0701, "url": "https://www.iryou.teikyouseido.mhlw.go.jp/znk-web/juminkanja/S2430/initialize?prefCd=10&kikanCd=2100000845&kikanKbn=2", "url2": null, "内容": "医療法人哲周会　うるま耳鼻咽喉科【2:診療所】【診療科目:耳鼻いんこう科】群馬県藤岡市藤岡１３２番２" }, "geometry": { "type": "Point", "coordinates": [ 139.0701, 36.255153 ] } },
{ "type": "Feature", "properties": { "ID": 1022100000846, "正式名称": "中田医院", "機関区分": 2, "都道府県コード": 10, "市区町村コード": 209, "所在地": "群馬県藤岡市藤岡６４０－１", "緯度": 36.251789, "経度": 139.083228, "url": "https://www.iryou.teikyouseido.mhlw.go.jp/znk-web/juminkanja/S2430/initialize?prefCd=10&kikanCd=2100000846&kikanKbn=2", "url2": "http://www.nakada-iin.jp/", "内容": "中田医院【2:診療所】【診療科目:内科_消化器内科_胃腸内科_肝臓内科_内視鏡内科_肛門外科_大腸・肛門外科_内視鏡外科_小児科】群馬県藤岡市藤岡６４０－１" }, "geometry": { "type": "Point", "coordinates": [ 139.083228, 36.251789 ] } },
{ "type": "Feature", "properties": { "ID": 1022100000851, "正式名称": "医療法人山崎外科医院", "機関区分": 2, "都道府県コード": 10, "市区町村コード": 209, "所在地": "群馬県藤岡市藤岡２３５１", "緯度": 36.237995, "経度": 139.06925, "url": "https://www.iryou.teikyouseido.mhlw.go.jp/znk-web/juminkanja/S2430/initialize?prefCd=10&kikanCd=2100000851&kikanKbn=2", "url2": null, "内容": "医療法人山崎外科医院【2:診療所】【診療科目:胃腸内科_外科_整形外科_泌尿器科】群馬県藤岡市藤岡２３５１" }, "geometry": { "type": "Point", "coordinates": [ 139.06925, 36.237995 ] } },
{ "type": "Feature", "properties": { "ID": 1022100000858, "正式名称": "松山耳鼻咽喉科気管食道科医院", "機関区分": 2, "都道府県コード": 10, "市区町村コード": 209, "所在地": "群馬県藤岡市藤岡８０４ー１１", "緯度": 36.251459, "経度": 139.080266, "url": "https://www.iryou.teikyouseido.mhlw.go.jp/znk-web/juminkanja/S2430/initialize?prefCd=10&kikanCd=2100000858&kikanKbn=2", "url2": null, "内容": "松山耳鼻咽喉科気管食道科医院【2:診療所】【診療科目:気管食道・耳鼻いんこう科】群馬県藤岡市藤岡８０４ー１１" }, "geometry": { "type": "Point", "coordinates": [ 139.080266, 36.251459 ] } },
{ "type": "Feature", "properties": { "ID": 1022100000859, "正式名称": "星野医院", "機関区分": 2, "都道府県コード": 10, "市区町村コード": 209, "所在地": "群馬県藤岡市藤岡８５７ー３", "緯度": 36.250161, "経度": 139.079704, "url": "https://www.iryou.teikyouseido.mhlw.go.jp/znk-web/juminkanja/S2430/initialize?prefCd=10&kikanCd=2100000859&kikanKbn=2", "url2": "https://www.hoshinoiin.jp", "内容": "星野医院【2:診療所】【診療科目:内科_外科_消化器外科_整形外科_小児科】群馬県藤岡市藤岡８５７ー３" }, "geometry": { "type": "Point", "coordinates": [ 139.079704, 36.250161 ] } },
{ "type": "Feature", "properties": { "ID": 1022100000862, "正式名称": "医療法人松田会小幡医院分院", "機関区分": 2, "都道府県コード": 10, "市区町村コード": 384, "所在地": "群馬県甘楽郡甘楽町秋畑１５３９―２", "緯度": 36.195851, "経度": 138.883007, "url": "https://www.iryou.teikyouseido.mhlw.go.jp/znk-web/juminkanja/S2430/initialize?prefCd=10&kikanCd=2100000862&kikanKbn=2", "url2": null, "内容": "医療法人松田会小幡医院分院【2:診療所】【診療科目:内科】群馬県甘楽郡甘楽町秋畑１５３９―２" }, "geometry": { "type": "Point", "coordinates": [ 138.883007, 36.195851 ] } },
{ "type": "Feature", "properties": { "ID": 1022100000863, "正式名称": "医療法人松田会小幡医院", "機関区分": 2, "都道府県コード": 10, "市区町村コード": 384, "所在地": "群馬県甘楽郡甘楽町小幡９６６", "緯度": 36.231903, "経度": 138.920085, "url": "https://www.iryou.teikyouseido.mhlw.go.jp/znk-web/juminkanja/S2430/initialize?prefCd=10&kikanCd=2100000863&kikanKbn=2", "url2": "http://tomiokakanra.gunma.med.or.jp/", "内容": "医療法人松田会小幡医院【2:診療所】【診療科目:内科_消化器内科_内視鏡内科】群馬県甘楽郡甘楽町小幡９６６" }, "geometry": { "type": "Point", "coordinates": [ 138.920085, 36.231903 ] } },
{ "type": "Feature", "properties": { "ID": 1022100000864, "正式名称": "医療法人原医院", "機関区分": 2, "都道府県コード": 10, "市区町村コード": 384, "所在地": "群馬県甘楽郡甘楽町金井", "緯度": 36.251096, "経度": 138.951165, "url": "https://www.iryou.teikyouseido.mhlw.go.jp/znk-web/juminkanja/S2430/initialize?prefCd=10&kikanCd=2100000864&kikanKbn=2", "url2": "http://hara-iin.com/medical.html", "内容": "医療法人原医院【2:診療所】【診療科目:内科_消化器内科_小児科_皮膚科】群馬県甘楽郡甘楽町金井" }, "geometry": { "type": "Point", "coordinates": [ 138.951165, 36.251096 ] } },
{ "type": "Feature", "properties": { "ID": 1022100000866, "正式名称": "医療法人小河原会こがはらクリニック", "機関区分": 2, "都道府県コード": 10, "市区町村コード": 384, "所在地": "群馬県甘楽郡甘楽町白倉６２２−１", "緯度": 36.248541, "経度": 138.94275, "url": "https://www.iryou.teikyouseido.mhlw.go.jp/znk-web/juminkanja/S2430/initialize?prefCd=10&kikanCd=2100000866&kikanKbn=2", "url2": "http://tomiokakanra.gunma.med.or.jp/medical_institution/%e3%81%93%e3%81%8c%e3%81%af%e3%82%89%e3%82%af%e3%83%aa%e3%83%8b%e3%83%83%e3%82%af", "内容": "医療法人小河原会こがはらクリニック【2:診療所】【診療科目:内科_消化器内科_神経内科_小児科】群馬県甘楽郡甘楽町白倉６２２−１" }, "geometry": { "type": "Point", "coordinates": [ 138.94275, 36.248541 ] } },
{ "type": "Feature", "properties": { "ID": 1022100000868, "正式名称": "医療法人翠仁会安藤医院", "機関区分": 2, "都道府県コード": 10, "市区町村コード": 384, "所在地": "群馬県甘楽郡甘楽町福島１１０－５", "緯度": 36.254734, "経度": 138.931167, "url": "https://www.iryou.teikyouseido.mhlw.go.jp/znk-web/juminkanja/S2430/initialize?prefCd=10&kikanCd=2100000868&kikanKbn=2", "url2": "http://www.andomed.jp", "内容": "医療法人翠仁会安藤医院【2:診療所】【診療科目:内科_呼吸器内科_循環器内科_小児科_皮膚科_アレルギー科】群馬県甘楽郡甘楽町福島１１０－５" }, "geometry": { "type": "Point", "coordinates": [ 138.931167, 36.254734 ] } },
{ "type": "Feature", "properties": { "ID": 1022100000869, "正式名称": "篠原整形外科医院", "機関区分": 2, "都道府県コード": 10, "市区町村コード": 384, "所在地": "群馬県甘楽郡甘楽町福島１１５１", "緯度": 36.254207, "経度": 138.928139, "url": "https://www.iryou.teikyouseido.mhlw.go.jp/znk-web/juminkanja/S2430/initialize?prefCd=10&kikanCd=2100000869&kikanKbn=2", "url2": null, "内容": "篠原整形外科医院【2:診療所】【診療科目:整形外科】群馬県甘楽郡甘楽町福島１１５１" }, "geometry": { "type": "Point", "coordinates": [ 138.928139, 36.254207 ] } },
{ "type": "Feature", "properties": { "ID": 1022100000870, "正式名称": "奥村クリニック", "機関区分": 2, "都道府県コード": 10, "市区町村コード": 384, "所在地": "群馬県甘楽郡甘楽町福島", "緯度": 36.255262, "経度": 138.926112, "url": "https://www.iryou.teikyouseido.mhlw.go.jp/znk-web/juminkanja/S2430/initialize?prefCd=10&kikanCd=2100000870&kikanKbn=2", "url2": null, "内容": "奥村クリニック【2:診療所】【診療科目:内科_呼吸器内科_循環器内科_小児科】群馬県甘楽郡甘楽町福島" }, "geometry": { "type": "Point", "coordinates": [ 138.926112, 36.255262 ] } },
{ "type": "Feature", "properties": { "ID": 1022100000871, "正式名称": "医療法人　俊有会　もみの木こどもクリニック", "機関区分": 2, "都道府県コード": 10, "市区町村コード": 384, "所在地": "群馬県甘楽郡甘楽町福島８１８－４", "緯度": 36.257567, "経度": 138.924639, "url": "https://www.iryou.teikyouseido.mhlw.go.jp/znk-web/juminkanja/S2430/initialize?prefCd=10&kikanCd=2100000871&kikanKbn=2", "url2": "http://mominoki-kids.com/", "内容": "医療法人　俊有会　もみの木こどもクリニック【2:診療所】【診療科目:小児科_皮膚科_アレルギー科】群馬県甘楽郡甘楽町福島８１８－４" }, "geometry": { "type": "Point", "coordinates": [ 138.924639, 36.257567 ] } },
{ "type": "Feature", "properties": { "ID": 1022100000873, "正式名称": "清隆会佐藤医院", "機関区分": 2, "都道府県コード": 10, "市区町村コード": 382, "所在地": "群馬県甘楽郡下仁田町下仁田５５０番地２", "緯度": 36.210542, "経度": 138.794958, "url": "https://www.iryou.teikyouseido.mhlw.go.jp/znk-web/juminkanja/S2430/initialize?prefCd=10&kikanCd=2100000873&kikanKbn=2", "url2": null, "内容": "清隆会佐藤医院【2:診療所】【診療科目:内科_整形外科】群馬県甘楽郡下仁田町下仁田５５０番地２" }, "geometry": { "type": "Point", "coordinates": [ 138.794958, 36.210542 ] } },
{ "type": "Feature", "properties": { "ID": 1022100000874, "正式名称": "本宿診療所", "機関区分": 2, "都道府県コード": 10, "市区町村コード": 382, "所在地": "群馬県甘楽郡下仁田町本宿３７１２ー３", "緯度": 36.244885, "経度": 138.707146, "url": "https://www.iryou.teikyouseido.mhlw.go.jp/znk-web/juminkanja/S2430/initialize?prefCd=10&kikanCd=2100000874&kikanKbn=2", "url2": "http://tomiokakanra.gunma.med.or.jp/iryoukikan/frame-itiran.htm", "内容": "本宿診療所【2:診療所】【診療科目:内科_小児科】群馬県甘楽郡下仁田町本宿３７１２ー３" }, "geometry": { "type": "Point", "coordinates": [ 138.707146, 36.244885 ] } },
{ "type": "Feature", "properties": { "ID": 1022100000875, "正式名称": "医療法人恵愛会大沢クリニック", "機関区分": 2, "都道府県コード": 10, "市区町村コード": 382, "所在地": "群馬県甘楽郡下仁田町馬山５９１５－１", "緯度": 36.230402, "経度": 138.817983, "url": "https://www.iryou.teikyouseido.mhlw.go.jp/znk-web/juminkanja/S2430/initialize?prefCd=10&kikanCd=2100000875&kikanKbn=2", "url2": "https://www.osawa-cl-shimonita.com/", "内容": "医療法人恵愛会大沢クリニック【2:診療所】【診療科目:内科_胃腸内科_外科_小児科】群馬県甘楽郡下仁田町馬山５９１５－１" }, "geometry": { "type": "Point", "coordinates": [ 138.817983, 36.230402 ] } },
{ "type": "Feature", "properties": { "ID": 1022100000878, "正式名称": "医療法人恵愛会大沢クリニックなんもく分院", "機関区分": 2, "都道府県コード": 10, "市区町村コード": 383, "所在地": "群馬県甘楽郡南牧村磐戸２８４ー２", "緯度": 36.168407, "経度": 138.72791, "url": "https://www.iryou.teikyouseido.mhlw.go.jp/znk-web/juminkanja/S2430/initialize?prefCd=10&kikanCd=2100000878&kikanKbn=2", "url2": "https://gunma-shimonita-oosawacl.jimdofree.com/", "内容": "医療法人恵愛会大沢クリニックなんもく分院【2:診療所】【診療科目:内科_外科_小児科】群馬県甘楽郡南牧村磐戸２８４ー２" }, "geometry": { "type": "Point", "coordinates": [ 138.72791, 36.168407 ] } },
{ "type": "Feature", "properties": { "ID": 1022100000880, "正式名称": "村田内科医院", "機関区分": 2, "都道府県コード": 10, "市区町村コード": 210, "所在地": "群馬県富岡市一ノ１６２－１", "緯度": 36.253622, "経度": 138.861312, "url": "https://www.iryou.teikyouseido.mhlw.go.jp/znk-web/juminkanja/S2430/initialize?prefCd=10&kikanCd=2100000880&kikanKbn=2", "url2": null, "内容": "村田内科医院【2:診療所】【診療科目:内科_循環器内科_神経内科】群馬県富岡市一ノ１６２－１" }, "geometry": { "type": "Point", "coordinates": [ 138.861312, 36.253622 ] } },
{ "type": "Feature", "properties": { "ID": 1022100000882, "正式名称": "医療法人真美会宮崎医院", "機関区分": 2, "都道府県コード": 10, "市区町村コード": 210, "所在地": "群馬県富岡市下高瀬２９８ー７", "緯度": 36.247096, "経度": 138.891615, "url": "https://www.iryou.teikyouseido.mhlw.go.jp/znk-web/juminkanja/S2430/initialize?prefCd=10&kikanCd=2100000882&kikanKbn=2", "url2": "http://www.miyazakiiin.jp/", "内容": "医療法人真美会宮崎医院【2:診療所】【診療科目:内科_胃腸内科_小児科】群馬県富岡市下高瀬２９８ー７" }, "geometry": { "type": "Point", "coordinates": [ 138.891615, 36.247096 ] } },
{ "type": "Feature", "properties": { "ID": 1022100000886, "正式名称": "須藤医院", "機関区分": 2, "都道府県コード": 10, "市区町村コード": 210, "所在地": "群馬県富岡市七日市", "緯度": 36.256705, "経度": 138.882226, "url": "https://www.iryou.teikyouseido.mhlw.go.jp/znk-web/juminkanja/S2430/initialize?prefCd=10&kikanCd=2100000886&kikanKbn=2", "url2": "http://www.suto-clinic.com/", "内容": "須藤医院【2:診療所】【診療科目:内科_消化器内科_胃腸内科_内視鏡内科_外科_消化器外科_大腸・肛門外科】群馬県富岡市七日市" }, "geometry": { "type": "Point", "coordinates": [ 138.882226, 36.256705 ] } },
{ "type": "Feature", "properties": { "ID": 1022100000889, "正式名称": "医療法人田村医院", "機関区分": 2, "都道府県コード": 10, "市区町村コード": 210, "所在地": "群馬県富岡市七日市１６６２ー２", "緯度": 36.258288, "経度": 138.873338, "url": "https://www.iryou.teikyouseido.mhlw.go.jp/znk-web/juminkanja/S2430/initialize?prefCd=10&kikanCd=2100000889&kikanKbn=2", "url2": null, "内容": "医療法人田村医院【2:診療所】【診療科目:内科_小児科_産婦人科】群馬県富岡市七日市１６６２ー２" }, "geometry": { "type": "Point", "coordinates": [ 138.873338, 36.258288 ] } },
{ "type": "Feature", "properties": { "ID": 1022100000890, "正式名称": "医療法人武市眼科医院", "機関区分": 2, "都道府県コード": 10, "市区町村コード": 210, "所在地": "群馬県富岡市七日市５４５－１", "緯度": 36.263896, "経度": 138.883502, "url": "https://www.iryou.teikyouseido.mhlw.go.jp/znk-web/juminkanja/S2430/initialize?prefCd=10&kikanCd=2100000890&kikanKbn=2", "url2": null, "内容": "医療法人武市眼科医院【2:診療所】【診療科目:眼科】群馬県富岡市七日市５４５－１" }, "geometry": { "type": "Point", "coordinates": [ 138.883502, 36.263896 ] } },
{ "type": "Feature", "properties": { "ID": 1022100000891, "正式名称": "富岡市甘楽郡医師会休日診療所", "機関区分": 2, "都道府県コード": 10, "市区町村コード": 210, "所在地": "群馬県富岡市富岡２０３７－１", "緯度": 36.262509, "経度": 138.903944, "url": "https://www.iryou.teikyouseido.mhlw.go.jp/znk-web/juminkanja/S2430/initialize?prefCd=10&kikanCd=2100000891&kikanKbn=2", "url2": "http://tomiokakanra.gunma.med.or.jp", "内容": "富岡市甘楽郡医師会休日診療所【2:診療所】【診療科目:内科_外科】群馬県富岡市富岡２０３７－１" }, "geometry": { "type": "Point", "coordinates": [ 138.903944, 36.262509 ] } },
{ "type": "Feature", "properties": { "ID": 1022100000892, "正式名称": "医療法人香内医院", "機関区分": 2, "都道府県コード": 10, "市区町村コード": 210, "所在地": "群馬県富岡市七日市５５５ー１", "緯度": 36.261677, "経度": 138.882865, "url": "https://www.iryou.teikyouseido.mhlw.go.jp/znk-web/juminkanja/S2430/initialize?prefCd=10&kikanCd=2100000892&kikanKbn=2", "url2": "http://www.kounai-clinic.com/", "内容": "医療法人香内医院【2:診療所】【診療科目:内科_循環器内科_心臓内科_精神科】群馬県富岡市七日市５５５ー１" }, "geometry": { "type": "Point", "coordinates": [ 138.882865, 36.261677 ] } },
{ "type": "Feature", "properties": { "ID": 1022100000893, "正式名称": "医療法人善進会富岡成清医院", "機関区分": 2, "都道府県コード": 10, "市区町村コード": 210, "所在地": "群馬県富岡市七日市５９９ー６", "緯度": 36.2609, "経度": 138.886642, "url": "https://www.iryou.teikyouseido.mhlw.go.jp/znk-web/juminkanja/S2430/initialize?prefCd=10&kikanCd=2100000893&kikanKbn=2", "url2": null, "内容": "医療法人善進会富岡成清医院【2:診療所】【診療科目:内科_皮膚科】群馬県富岡市七日市５９９ー６" }, "geometry": { "type": "Point", "coordinates": [ 138.886642, 36.2609 ] } },
{ "type": "Feature", "properties": { "ID": 1022100000894, "正式名称": "青葉クリニック", "機関区分": 2, "都道府県コード": 10, "市区町村コード": 210, "所在地": "群馬県富岡市七日市６７６ー７", "緯度": 36.260677, "経度": 138.882754, "url": "https://www.iryou.teikyouseido.mhlw.go.jp/znk-web/juminkanja/S2430/initialize?prefCd=10&kikanCd=2100000894&kikanKbn=2", "url2": "https://byoinnavi.jp/clinic/62247", "内容": "青葉クリニック【2:診療所】【診療科目:内科_小児科】群馬県富岡市七日市６７６ー７" }, "geometry": { "type": "Point", "coordinates": [ 138.882754, 36.260677 ] } },
{ "type": "Feature", "properties": { "ID": 1022100000895, "正式名称": "医療法人えのもと整形外科", "機関区分": 2, "都道府県コード": 10, "市区町村コード": 210, "所在地": "群馬県富岡市七日市７４９", "緯度": 36.259622, "経度": 138.879949, "url": "https://www.iryou.teikyouseido.mhlw.go.jp/znk-web/juminkanja/S2430/initialize?prefCd=10&kikanCd=2100000895&kikanKbn=2", "url2": null, "内容": "医療法人えのもと整形外科【2:診療所】【診療科目:整形外科_リウマチ科_リハビリテーション科】群馬県富岡市七日市７４９" }, "geometry": { "type": "Point", "coordinates": [ 138.879949, 36.259622 ] } },
{ "type": "Feature", "properties": { "ID": 1022100000897, "正式名称": "医療法人社団日高会富岡クリニック", "機関区分": 2, "都道府県コード": 10, "市区町村コード": 210, "所在地": "群馬県富岡市曽木３１２ー１", "緯度": 36.26115, "経度": 138.914224, "url": "https://www.iryou.teikyouseido.mhlw.go.jp/znk-web/juminkanja/S2430/initialize?prefCd=10&kikanCd=2100000897&kikanKbn=2", "url2": "http://www.hidaka-kai.com/tomioka/", "内容": "医療法人社団日高会富岡クリニック【2:診療所】【診療科目:内科_泌尿器科】群馬県富岡市曽木３１２ー１" }, "geometry": { "type": "Point", "coordinates": [ 138.914224, 36.26115 ] } },
{ "type": "Feature", "properties": { "ID": 1022100000899, "正式名称": "医療法人桐心会久保田クリニック", "機関区分": 2, "都道府県コード": 10, "市区町村コード": 210, "所在地": "群馬県富岡市中高瀬１３８ー１", "緯度": 36.252289, "経度": 138.88131, "url": "https://www.iryou.teikyouseido.mhlw.go.jp/znk-web/juminkanja/S2430/initialize?prefCd=10&kikanCd=2100000899&kikanKbn=2", "url2": "http://www.kubotaclinic.com", "内容": "医療法人桐心会久保田クリニック【2:診療所】【診療科目:内科_循環器内科】群馬県富岡市中高瀬１３８ー１" }, "geometry": { "type": "Point", "coordinates": [ 138.88131, 36.252289 ] } },
{ "type": "Feature", "properties": { "ID": 1022100000900, "正式名称": "大竹外科胃腸科", "機関区分": 2, "都道府県コード": 10, "市区町村コード": 210, "所在地": "群馬県富岡市田篠９４７", "緯度": 36.252509, "経度": 138.915302, "url": "https://www.iryou.teikyouseido.mhlw.go.jp/znk-web/juminkanja/S2430/initialize?prefCd=10&kikanCd=2100000900&kikanKbn=2", "url2": null, "内容": "大竹外科胃腸科【2:診療所】【診療科目:内科_消化器内科_外科_整形外科】群馬県富岡市田篠９４７" }, "geometry": { "type": "Point", "coordinates": [ 138.915302, 36.252509 ] } },
{ "type": "Feature", "properties": { "ID": 1022100000905, "正式名称": "医療法人細谷医院", "機関区分": 2, "都道府県コード": 10, "市区町村コード": 210, "所在地": "群馬県富岡市富岡", "緯度": 36.257094, "経度": 138.89117, "url": "https://www.iryou.teikyouseido.mhlw.go.jp/znk-web/juminkanja/S2430/initialize?prefCd=10&kikanCd=2100000905&kikanKbn=2", "url2": null, "内容": "医療法人細谷医院【2:診療所】【診療科目:内科_気管食道内科_小児耳鼻いんこう科_耳鼻いんこう科_アレルギー科】群馬県富岡市富岡" }, "geometry": { "type": "Point", "coordinates": [ 138.89117, 36.257094 ] } },
{ "type": "Feature", "properties": { "ID": 1022100000906, "正式名称": "阪本耳鼻咽喉科医院", "機関区分": 2, "都道府県コード": 10, "市区町村コード": 210, "所在地": "群馬県富岡市富岡", "緯度": 36.257678, "経度": 138.888004, "url": "https://www.iryou.teikyouseido.mhlw.go.jp/znk-web/juminkanja/S2430/initialize?prefCd=10&kikanCd=2100000906&kikanKbn=2", "url2": null, "内容": "阪本耳鼻咽喉科医院【2:診療所】【診療科目:耳鼻いんこう科】群馬県富岡市富岡" }, "geometry": { "type": "Point", "coordinates": [ 138.888004, 36.257678 ] } },
{ "type": "Feature", "properties": { "ID": 1022100000907, "正式名称": "医療法人明瞳会明瞳眼科クリニック", "機関区分": 2, "都道府県コード": 10, "市区町村コード": 210, "所在地": "群馬県富岡市富岡１１１２", "緯度": 36.258499, "経度": 138.888723, "url": "https://www.iryou.teikyouseido.mhlw.go.jp/znk-web/juminkanja/S2430/initialize?prefCd=10&kikanCd=2100000907&kikanKbn=2", "url2": "http://www.meido-eye-clinic.or.jp/", "内容": "医療法人明瞳会明瞳眼科クリニック【2:診療所】【診療科目:眼科】群馬県富岡市富岡１１１２" }, "geometry": { "type": "Point", "coordinates": [ 138.888723, 36.258499 ] } },
{ "type": "Feature", "properties": { "ID": 1022100000909, "正式名称": "神部医院", "機関区分": 2, "都道府県コード": 10, "市区町村コード": 210, "所在地": "群馬県富岡市富岡１１２２", "緯度": 36.258289, "経度": 138.890253, "url": "https://www.iryou.teikyouseido.mhlw.go.jp/znk-web/juminkanja/S2430/initialize?prefCd=10&kikanCd=2100000909&kikanKbn=2", "url2": null, "内容": "神部医院【2:診療所】【診療科目:内科_外科】群馬県富岡市富岡１１２２" }, "geometry": { "type": "Point", "coordinates": [ 138.890253, 36.258289 ] } },
{ "type": "Feature", "properties": { "ID": 1022100000912, "正式名称": "医療法人協和会", "機関区分": 2, "都道府県コード": 10, "市区町村コード": 210, "所在地": "群馬県富岡市富岡１４２３", "緯度": 36.259205, "経度": 138.892232, "url": "https://www.iryou.teikyouseido.mhlw.go.jp/znk-web/juminkanja/S2430/initialize?prefCd=10&kikanCd=2100000912&kikanKbn=2", "url2": "http://www.arai-clinic.or.jp/", "内容": "医療法人協和会【2:診療所】【診療科目:内科_消化器内科_外科_肛門外科_整形外科_リハビリテーション科】群馬県富岡市富岡１４２３" }, "geometry": { "type": "Point", "coordinates": [ 138.892232, 36.259205 ] } },
{ "type": "Feature", "properties": { "ID": 1022100000913, "正式名称": "医療法人滝田医院", "機関区分": 2, "都道府県コード": 10, "市区町村コード": 210, "所在地": "群馬県富岡市富岡", "緯度": 36.259761, "経度": 138.888698, "url": "https://www.iryou.teikyouseido.mhlw.go.jp/znk-web/juminkanja/S2430/initialize?prefCd=10&kikanCd=2100000913&kikanKbn=2", "url2": "http://www.myclinic.ne.jp/cl_takita/pc/index.html", "内容": "医療法人滝田医院【2:診療所】【診療科目:内科_耳鼻いんこう科】群馬県富岡市富岡" }, "geometry": { "type": "Point", "coordinates": [ 138.888698, 36.259761 ] } },
{ "type": "Feature", "properties": { "ID": 1022100000914, "正式名称": "こすげレディスクリニック", "機関区分": 2, "都道府県コード": 10, "市区町村コード": 210, "所在地": "群馬県富岡市富岡１４９４ー１", "緯度": 36.259566, "経度": 138.888142, "url": "https://www.iryou.teikyouseido.mhlw.go.jp/znk-web/juminkanja/S2430/initialize?prefCd=10&kikanCd=2100000914&kikanKbn=2", "url2": "https://itp.ne.jp/info/100705116141031440/", "内容": "こすげレディスクリニック【2:診療所】【診療科目:内科_産科_婦人科_アレルギー科】群馬県富岡市富岡１４９４ー１" }, "geometry": { "type": "Point", "coordinates": [ 138.888142, 36.259566 ] } },
{ "type": "Feature", "properties": { "ID": 1022100000915, "正式名称": "藤原内科クリニック", "機関区分": 2, "都道府県コード": 10, "市区町村コード": 210, "所在地": "群馬県富岡市富岡１６３０", "緯度": 36.262038, "経度": 138.890448, "url": "https://www.iryou.teikyouseido.mhlw.go.jp/znk-web/juminkanja/S2430/initialize?prefCd=10&kikanCd=2100000915&kikanKbn=2", "url2": null, "内容": "藤原内科クリニック【2:診療所】【診療科目:内科】群馬県富岡市富岡１６３０" }, "geometry": { "type": "Point", "coordinates": [ 138.890448, 36.262038 ] } },
{ "type": "Feature", "properties": { "ID": 1022100000916, "正式名称": "高井クリニック", "機関区分": 2, "都道府県コード": 10, "市区町村コード": 210, "所在地": "群馬県富岡市富岡３０７４－１", "緯度": 36.261427, "経度": 138.900864, "url": "https://www.iryou.teikyouseido.mhlw.go.jp/znk-web/juminkanja/S2430/initialize?prefCd=10&kikanCd=2100000916&kikanKbn=2", "url2": "http://www.takaiclinic.com", "内容": "高井クリニック【2:診療所】【診療科目:内科_胃腸内科_外科_乳腺外科】群馬県富岡市富岡３０７４－１" }, "geometry": { "type": "Point", "coordinates": [ 138.900864, 36.261427 ] } },
{ "type": "Feature", "properties": { "ID": 1022100000917, "正式名称": "石川胃腸科医院", "機関区分": 2, "都道府県コード": 10, "市区町村コード": 210, "所在地": "群馬県富岡市富岡７７", "緯度": 36.254984, "経度": 138.890198, "url": "https://www.iryou.teikyouseido.mhlw.go.jp/znk-web/juminkanja/S2430/initialize?prefCd=10&kikanCd=2100000917&kikanKbn=2", "url2": null, "内容": "石川胃腸科医院【2:診療所】【診療科目:内科_外科_肛門外科_皮膚科】群馬県富岡市富岡７７" }, "geometry": { "type": "Point", "coordinates": [ 138.890198, 36.254984 ] } },
{ "type": "Feature", "properties": { "ID": 1022100000918, "正式名称": "小泉医院", "機関区分": 2, "都道府県コード": 10, "市区町村コード": 210, "所在地": "群馬県富岡市富岡８９１", "緯度": 36.255372, "経度": 138.896281, "url": "https://www.iryou.teikyouseido.mhlw.go.jp/znk-web/juminkanja/S2430/initialize?prefCd=10&kikanCd=2100000918&kikanKbn=2", "url2": "http://koizumi.or.jp/", "内容": "小泉医院【2:診療所】【診療科目:内科_呼吸器内科_循環器内科_消化器内科_胃腸内科_小児科_皮膚科_泌尿器科_精神科_心療内科_アレルギー科】群馬県富岡市富岡８９１" }, "geometry": { "type": "Point", "coordinates": [ 138.896281, 36.255372 ] } },
{ "type": "Feature", "properties": { "ID": 1022100000919, "正式名称": "中野整形外科医院", "機関区分": 2, "都道府県コード": 10, "市区町村コード": 210, "所在地": "群馬県富岡市富岡９５３", "緯度": 36.256372, "経度": 138.899225, "url": "https://www.iryou.teikyouseido.mhlw.go.jp/znk-web/juminkanja/S2430/initialize?prefCd=10&kikanCd=2100000919&kikanKbn=2", "url2": null, "内容": "中野整形外科医院【2:診療所】【診療科目:整形外科】群馬県富岡市富岡９５３" }, "geometry": { "type": "Point", "coordinates": [ 138.899225, 36.256372 ] } },
{ "type": "Feature", "properties": { "ID": 1022100000923, "正式名称": "医）寛裕会　中山診療所", "機関区分": 2, "都道府県コード": 10, "市区町村コード": 428, "所在地": "群馬県吾妻郡高山村中山２３０－１", "緯度": 36.624195, "経度": 138.950565, "url": "https://www.iryou.teikyouseido.mhlw.go.jp/znk-web/juminkanja/S2430/initialize?prefCd=10&kikanCd=2100000923&kikanKbn=2", "url2": null, "内容": "医）寛裕会　中山診療所【2:診療所】【診療科目:内科_消化器内科_外科_整形外科】群馬県吾妻郡高山村中山２３０－１" }, "geometry": { "type": "Point", "coordinates": [ 138.950565, 36.624195 ] } },
{ "type": "Feature", "properties": { "ID": 1022100000925, "正式名称": "布施医院", "機関区分": 2, "都道府県コード": 10, "市区町村コード": 426, "所在地": "群馬県吾妻郡草津町草津４６２ー５８", "緯度": 36.6203, "経度": 138.591942, "url": "https://www.iryou.teikyouseido.mhlw.go.jp/znk-web/juminkanja/S2430/initialize?prefCd=10&kikanCd=2100000925&kikanKbn=2", "url2": "http://fuseclinic.jp", "内容": "布施医院【2:診療所】【診療科目:内科_消化器内科_小児科】群馬県吾妻郡草津町草津４６２ー５８" }, "geometry": { "type": "Point", "coordinates": [ 138.591942, 36.6203 ] } },
{ "type": "Feature", "properties": { "ID": 1022100000926, "正式名称": "草津外科内科クリニック", "機関区分": 2, "都道府県コード": 10, "市区町村コード": 426, "所在地": "群馬県吾妻郡草津町草津２４９ー３６", "緯度": 36.619149, "経度": 138.602563, "url": "https://www.iryou.teikyouseido.mhlw.go.jp/znk-web/juminkanja/S2430/initialize?prefCd=10&kikanCd=2100000926&kikanKbn=2", "url2": null, "内容": "草津外科内科クリニック【2:診療所】【診療科目:内科_外科_皮膚科】群馬県吾妻郡草津町草津２４９ー３６" }, "geometry": { "type": "Point", "coordinates": [ 138.602563, 36.619149 ] } },
{ "type": "Feature", "properties": { "ID": 1022100000930, "正式名称": "四万へき地診療所", "機関区分": 2, "都道府県コード": 10, "市区町村コード": 421, "所在地": "群馬県吾妻郡中之条町四万国有林３０林班イ小班", "緯度": 36.674747, "経度": 138.783914, "url": "https://www.iryou.teikyouseido.mhlw.go.jp/znk-web/juminkanja/S2430/initialize?prefCd=10&kikanCd=2100000930&kikanKbn=2", "url2": null, "内容": "四万へき地診療所【2:診療所】【診療科目:内科】群馬県吾妻郡中之条町四万国有林３０林班イ小班" }, "geometry": { "type": "Point", "coordinates": [ 138.783914, 36.674747 ] } },
{ "type": "Feature", "properties": { "ID": 1022100000931, "正式名称": "しまだ医院", "機関区分": 2, "都道府県コード": 10, "市区町村コード": 421, "所在地": "群馬県吾妻郡中之条町伊勢町２８－１", "緯度": 36.581349, "経度": 138.855335, "url": "https://www.iryou.teikyouseido.mhlw.go.jp/znk-web/juminkanja/S2430/initialize?prefCd=10&kikanCd=2100000931&kikanKbn=2", "url2": null, "内容": "しまだ医院【2:診療所】【診療科目:内科】群馬県吾妻郡中之条町伊勢町２８－１" }, "geometry": { "type": "Point", "coordinates": [ 138.855335, 36.581349 ] } },
{ "type": "Feature", "properties": { "ID": 1022100000932, "正式名称": "医療法人　けんもち会　医療法人　けんもち医院", "機関区分": 2, "都道府県コード": 10, "市区町村コード": 421, "所在地": "群馬県吾妻郡中之条町伊勢町８３７－１", "緯度": 36.586659, "経度": 138.849041, "url": "https://www.iryou.teikyouseido.mhlw.go.jp/znk-web/juminkanja/S2430/initialize?prefCd=10&kikanCd=2100000932&kikanKbn=2", "url2": null, "内容": "医療法人　けんもち会　医療法人　けんもち医院【2:診療所】【診療科目:内科_産婦人科_眼科】群馬県吾妻郡中之条町伊勢町８３７－１" }, "geometry": { "type": "Point", "coordinates": [ 138.849041, 36.586659 ] } },
{ "type": "Feature", "properties": { "ID": 1022100000936, "正式名称": "後藤医院", "機関区分": 2, "都道府県コード": 10, "市区町村コード": 421, "所在地": "群馬県吾妻郡中之条町西中之条６４３ー２", "緯度": 36.589884, "経度": 138.839644, "url": "https://www.iryou.teikyouseido.mhlw.go.jp/znk-web/juminkanja/S2430/initialize?prefCd=10&kikanCd=2100000936&kikanKbn=2", "url2": null, "内容": "後藤医院【2:診療所】【診療科目:内科_小児科_皮膚科】群馬県吾妻郡中之条町西中之条６４３ー２" }, "geometry": { "type": "Point", "coordinates": [ 138.839644, 36.589884 ] } },
{ "type": "Feature", "properties": { "ID": 1022100000938, "正式名称": "医療法人創風会桑原整形外科クリニック", "機関区分": 2, "都道府県コード": 10, "市区町村コード": 421, "所在地": "群馬県吾妻郡中之条町中之条町９５６", "緯度": 36.588558, "経度": 138.843603, "url": "https://www.iryou.teikyouseido.mhlw.go.jp/znk-web/juminkanja/S2430/initialize?prefCd=10&kikanCd=2100000938&kikanKbn=2", "url2": null, "内容": "医療法人創風会桑原整形外科クリニック【2:診療所】【診療科目:整形外科】群馬県吾妻郡中之条町中之条町９５６" }, "geometry": { "type": "Point", "coordinates": [ 138.843603, 36.588558 ] } },
{ "type": "Feature", "properties": { "ID": 1022100000940, "正式名称": "長野原町へき地診療所", "機関区分": 2, "都道府県コード": 10, "市区町村コード": 424, "所在地": "群馬県吾妻郡長野原町応桑２０－２", "緯度": 36.503685, "経度": 138.590458, "url": "https://www.iryou.teikyouseido.mhlw.go.jp/znk-web/juminkanja/S2430/initialize?prefCd=10&kikanCd=2100000940&kikanKbn=2", "url2": "http://www1.town.naganohara.gunma.jp/www/contents/1361162391175/index.html", "内容": "長野原町へき地診療所【2:診療所】【診療科目:内科_小児科】群馬県吾妻郡長野原町応桑２０－２" }, "geometry": { "type": "Point", "coordinates": [ 138.590458, 36.503685 ] } },
{ "type": "Feature", "properties": { "ID": 1022100000941, "正式名称": "医療法人東瞭会櫻井医院", "機関区分": 2, "都道府県コード": 10, "市区町村コード": 424, "所在地": "群馬県吾妻郡長野原町長野原１５８５ー１", "緯度": 36.553362, "経度": 138.618214, "url": "https://www.iryou.teikyouseido.mhlw.go.jp/znk-web/juminkanja/S2430/initialize?prefCd=10&kikanCd=2100000941&kikanKbn=2", "url2": null, "内容": "医療法人東瞭会櫻井医院【2:診療所】【診療科目:内科_胃腸内科_外科_肛門外科_整形外科_リハビリテーション科_放射線科】群馬県吾妻郡長野原町長野原１５８５ー１" }, "geometry": { "type": "Point", "coordinates": [ 138.618214, 36.553362 ] } },
{ "type": "Feature", "properties": { "ID": 1022100000945, "正式名称": "嬬恋村国民健康保険診療所", "機関区分": 2, "都道府県コード": 10, "市区町村コード": 425, "所在地": "群馬県吾妻郡嬬恋村三原", "緯度": 36.535404, "経度": 138.549951, "url": "https://www.iryou.teikyouseido.mhlw.go.jp/znk-web/juminkanja/S2430/initialize?prefCd=10&kikanCd=2100000945&kikanKbn=2", "url2": "http://tsumagoi.jadecom.or.jp/", "内容": "嬬恋村国民健康保険診療所【2:診療所】【診療科目:内科_外科_小児科】群馬県吾妻郡嬬恋村三原" }, "geometry": { "type": "Point", "coordinates": [ 138.549951, 36.535404 ] } },
{ "type": "Feature", "properties": { "ID": 1022100000946, "正式名称": "桜井クリニック", "機関区分": 2, "都道府県コード": 10, "市区町村コード": 425, "所在地": "群馬県吾妻郡嬬恋村西窪３０ー３", "緯度": 36.522588, "経度": 138.541455, "url": "https://www.iryou.teikyouseido.mhlw.go.jp/znk-web/juminkanja/S2430/initialize?prefCd=10&kikanCd=2100000946&kikanKbn=2", "url2": null, "内容": "桜井クリニック【2:診療所】【診療科目:内科_胃腸内科_外科_小児科_リハビリテーション科】群馬県吾妻郡嬬恋村西窪３０ー３" }, "geometry": { "type": "Point", "coordinates": [ 138.541455, 36.522588 ] } },
{ "type": "Feature", "properties": { "ID": 1022100000948, "正式名称": "小池医院", "機関区分": 2, "都道府県コード": 10, "市区町村コード": 429, "所在地": "群馬県吾妻郡東吾妻町岩下１７４９", "緯度": 36.558781, "経度": 138.769355, "url": "https://www.iryou.teikyouseido.mhlw.go.jp/znk-web/juminkanja/S2430/initialize?prefCd=10&kikanCd=2100000948&kikanKbn=2", "url2": null, "内容": "小池医院【2:診療所】【診療科目:内科】群馬県吾妻郡東吾妻町岩下１７４９" }, "geometry": { "type": "Point", "coordinates": [ 138.769355, 36.558781 ] } },
{ "type": "Feature", "properties": { "ID": 1022100000951, "正式名称": "吾妻脳神経外科循環器科", "機関区分": 2, "都道府県コード": 10, "市区町村コード": 429, "所在地": "群馬県吾妻郡東吾妻町原町７６０番地１", "緯度": 36.575741, "経度": 138.82931, "url": "https://www.iryou.teikyouseido.mhlw.go.jp/znk-web/juminkanja/S2430/initialize?prefCd=10&kikanCd=2100000951&kikanKbn=2", "url2": "https://kijokai.or.jp/agatsuma-nouge/", "内容": "吾妻脳神経外科循環器科【2:診療所】【診療科目:内科_循環器内科_消化器内科_神経内科_脳神経外科_心臓血管外科_リハビリテーション科】群馬県吾妻郡東吾妻町原町７６０番地１" }, "geometry": { "type": "Point", "coordinates": [ 138.82931, 36.575741 ] } },
{ "type": "Feature", "properties": { "ID": 1022100000953, "正式名称": "医療法人坂上健友会大戸診療所", "機関区分": 2, "都道府県コード": 10, "市区町村コード": 429, "所在地": "群馬県吾妻郡東吾妻町大戸１３番地１", "緯度": 36.512333, "経度": 138.759544, "url": "https://www.iryou.teikyouseido.mhlw.go.jp/znk-web/juminkanja/S2430/initialize?prefCd=10&kikanCd=2100000953&kikanKbn=2", "url2": "http://www.oodo.jp", "内容": "医療法人坂上健友会大戸診療所【2:診療所】【診療科目:内科_心療内科】群馬県吾妻郡東吾妻町大戸１３番地１" }, "geometry": { "type": "Point", "coordinates": [ 138.759544, 36.512333 ] } },
{ "type": "Feature", "properties": { "ID": 1022100000954, "正式名称": "東吾妻町国民健康保険診療所", "機関区分": 2, "都道府県コード": 10, "市区町村コード": 429, "所在地": "群馬県吾妻郡東吾妻町箱島１２６６番地２", "緯度": 36.546024, "経度": 138.925696, "url": "https://www.iryou.teikyouseido.mhlw.go.jp/znk-web/juminkanja/S2430/initialize?prefCd=10&kikanCd=2100000954&kikanKbn=2", "url2": null, "内容": "東吾妻町国民健康保険診療所【2:診療所】【診療科目:内科_小児科】群馬県吾妻郡東吾妻町箱島１２６６番地２" }, "geometry": { "type": "Point", "coordinates": [ 138.925696, 36.546024 ] } },
{ "type": "Feature", "properties": { "ID": 1022100000956, "正式名称": "六合診療所小雨出張所", "機関区分": 2, "都道府県コード": 10, "市区町村コード": 421, "所在地": "群馬県吾妻郡中之条町小雨６０６番地１", "緯度": 36.596831, "経度": 138.62826, "url": "https://www.iryou.teikyouseido.mhlw.go.jp/znk-web/juminkanja/S2430/initialize?prefCd=10&kikanCd=2100000956&kikanKbn=2", "url2": "http://www.jadecom.or.jp/jadecomhp/kuni/", "内容": "六合診療所小雨出張所【2:診療所】【診療科目:内科_小児科】群馬県吾妻郡中之条町小雨６０６番地１" }, "geometry": { "type": "Point", "coordinates": [ 138.62826, 36.596831 ] } },
{ "type": "Feature", "properties": { "ID": 1022100000957, "正式名称": "六合診療所広池出張所", "機関区分": 2, "都道府県コード": 10, "市区町村コード": 421, "所在地": "群馬県吾妻郡中之条町赤岩１１４０番地３", "緯度": 36.569557, "経度": 138.640399, "url": "https://www.iryou.teikyouseido.mhlw.go.jp/znk-web/juminkanja/S2430/initialize?prefCd=10&kikanCd=2100000957&kikanKbn=2", "url2": "http://www.jadecom.or.jp/jadecomhp/kuni/", "内容": "六合診療所広池出張所【2:診療所】【診療科目:内科_小児科】群馬県吾妻郡中之条町赤岩１１４０番地３" }, "geometry": { "type": "Point", "coordinates": [ 138.640399, 36.569557 ] } },
{ "type": "Feature", "properties": { "ID": 1022100000958, "正式名称": "六合診療所湯久保出張所", "機関区分": 2, "都道府県コード": 10, "市区町村コード": 421, "所在地": "群馬県吾妻郡中之条町日影１２５６番地", "緯度": 36.581166, "経度": 138.610012, "url": "https://www.iryou.teikyouseido.mhlw.go.jp/znk-web/juminkanja/S2430/initialize?prefCd=10&kikanCd=2100000958&kikanKbn=2", "url2": "http://www.jadecom.or.jp/jadecomhp/kuni/", "内容": "六合診療所湯久保出張所【2:診療所】【診療科目:内科_小児科】群馬県吾妻郡中之条町日影１２５６番地" }, "geometry": { "type": "Point", "coordinates": [ 138.610012, 36.581166 ] } },
{ "type": "Feature", "properties": { "ID": 1022100000959, "正式名称": "六合診療所", "機関区分": 2, "都道府県コード": 10, "市区町村コード": 421, "所在地": "群馬県吾妻郡中之条町入山１５７３番地３", "緯度": 36.64583, "経度": 138.647898, "url": "https://www.iryou.teikyouseido.mhlw.go.jp/znk-web/juminkanja/S2430/initialize?prefCd=10&kikanCd=2100000959&kikanKbn=2", "url2": "http://www.jadecom.or.jp/jadecomhp/kuni/", "内容": "六合診療所【2:診療所】【診療科目:内科_小児科_歯科】群馬県吾妻郡中之条町入山１５７３番地３" }, "geometry": { "type": "Point", "coordinates": [ 138.647898, 36.64583 ] } },
{ "type": "Feature", "properties": { "ID": 1022100000960, "正式名称": "六合診療所田代原出張所", "機関区分": 2, "都道府県コード": 10, "市区町村コード": 421, "所在地": "群馬県吾妻郡中之条町入山４２２７番地３", "緯度": 36.643437, "経度": 138.623119, "url": "https://www.iryou.teikyouseido.mhlw.go.jp/znk-web/juminkanja/S2430/initialize?prefCd=10&kikanCd=2100000960&kikanKbn=2", "url2": "http://www.jadecom.or.jp/jadecomhp/kuni/", "内容": "六合診療所田代原出張所【2:診療所】【診療科目:内科_小児科】群馬県吾妻郡中之条町入山４２２７番地３" }, "geometry": { "type": "Point", "coordinates": [ 138.623119, 36.643437 ] } },
{ "type": "Feature", "properties": { "ID": 1022100000962, "正式名称": "医療法人にじ皇海診療所", "機関区分": 2, "都道府県コード": 10, "市区町村コード": 206, "所在地": "群馬県沼田市利根町大楊９６９ー２", "緯度": 36.693165, "経度": 139.212623, "url": "https://www.iryou.teikyouseido.mhlw.go.jp/znk-web/juminkanja/S2430/initialize?prefCd=10&kikanCd=2100000962&kikanKbn=2", "url2": "http://numatatone.gunma.med.or.jp/hpinfo/kobetu/sukai.html", "内容": "医療法人にじ皇海診療所【2:診療所】【診療科目:内科_外科_脳神経外科】群馬県沼田市利根町大楊９６９ー２" }, "geometry": { "type": "Point", "coordinates": [ 139.212623, 36.693165 ] } },
{ "type": "Feature", "properties": { "ID": 1022100000969, "正式名称": "医療法人開成日の出会　竹内医院", "機関区分": 2, "都道府県コード": 10, "市区町村コード": 449, "所在地": "群馬県利根郡みなかみ町下津", "緯度": 36.671789, "経度": 138.985279, "url": "https://www.iryou.teikyouseido.mhlw.go.jp/znk-web/juminkanja/S2430/initialize?prefCd=10&kikanCd=2100000969&kikanKbn=2", "url2": null, "内容": "医療法人開成日の出会　竹内医院【2:診療所】【診療科目:内科_糖尿病内科_代謝内科_内分泌内科_脂質代謝内科_糖尿病・内分泌内科_糖尿病・代謝内科_脳神経内科_呼吸器内科_循環器内科_心臓内科_心臓血管内科_消化器内科_胃腸内科_肝臓内科_神経内科_漢方内科_外科_脳神経外科_整形外科_小児科_皮膚科_泌尿器科_腎臓・泌尿器科_アレルギー科_リハビリテーション科】群馬県利根郡みなかみ町下津" }, "geometry": { "type": "Point", "coordinates": [ 138.985279, 36.671789 ] } },
{ "type": "Feature", "properties": { "ID": 1022100000971, "正式名称": "田中内科医院", "機関区分": 2, "都道府県コード": 10, "市区町村コード": 449, "所在地": "群馬県利根郡みなかみ町新巻３３ー１", "緯度": 36.680967, "経度": 138.939397, "url": "https://www.iryou.teikyouseido.mhlw.go.jp/znk-web/juminkanja/S2430/initialize?prefCd=10&kikanCd=2100000971&kikanKbn=2", "url2": null, "内容": "田中内科医院【2:診療所】【診療科目:内科】群馬県利根郡みなかみ町新巻３３ー１" }, "geometry": { "type": "Point", "coordinates": [ 138.939397, 36.680967 ] } },
{ "type": "Feature", "properties": { "ID": 1022100000974, "正式名称": "たかだクリニック", "機関区分": 2, "都道府県コード": 10, "市区町村コード": 449, "所在地": "群馬県利根郡みなかみ町下牧１８８ー２", "緯度": 36.694799, "経度": 138.988503, "url": "https://www.iryou.teikyouseido.mhlw.go.jp/znk-web/juminkanja/S2430/initialize?prefCd=10&kikanCd=2100000974&kikanKbn=2", "url2": null, "内容": "たかだクリニック【2:診療所】【診療科目:内科_循環器内科_神経内科_小児科_皮膚科_アレルギー科】群馬県利根郡みなかみ町下牧１８８ー２" }, "geometry": { "type": "Point", "coordinates": [ 138.988503, 36.694799 ] } },
{ "type": "Feature", "properties": { "ID": 1022100000975, "正式名称": "森下診療所", "機関区分": 2, "都道府県コード": 10, "市区町村コード": 448, "所在地": "群馬県利根郡昭和村森下", "緯度": 36.613504, "経度": 139.052501, "url": "https://www.iryou.teikyouseido.mhlw.go.jp/znk-web/juminkanja/S2430/initialize?prefCd=10&kikanCd=2100000975&kikanKbn=2", "url2": null, "内容": "森下診療所【2:診療所】【診療科目:内科_小児科】群馬県利根郡昭和村森下" }, "geometry": { "type": "Point", "coordinates": [ 139.052501, 36.613504 ] } },
{ "type": "Feature", "properties": { "ID": 1022100000978, "正式名称": "医療法人川場診療所", "機関区分": 2, "都道府県コード": 10, "市区町村コード": 444, "所在地": "群馬県利根郡川場村谷地２０７７ー１", "緯度": 36.696273, "経度": 139.107493, "url": "https://www.iryou.teikyouseido.mhlw.go.jp/znk-web/juminkanja/S2430/initialize?prefCd=10&kikanCd=2100000978&kikanKbn=2", "url2": null, "内容": "医療法人川場診療所【2:診療所】【診療科目:内科_消化器内科_小児科】群馬県利根郡川場村谷地２０７７ー１" }, "geometry": { "type": "Point", "coordinates": [ 139.107493, 36.696273 ] } },
{ "type": "Feature", "properties": { "ID": 1022100000979, "正式名称": "川場スキー場クリニック", "機関区分": 2, "都道府県コード": 10, "市区町村コード": 444, "所在地": "群馬県利根郡川場村川場湯原１６７１ー１", "緯度": 36.719299, "経度": 139.124796, "url": "https://www.iryou.teikyouseido.mhlw.go.jp/znk-web/juminkanja/S2430/initialize?prefCd=10&kikanCd=2100000979&kikanKbn=2", "url2": null, "内容": "川場スキー場クリニック【2:診療所】【診療科目:整形外科】群馬県利根郡川場村川場湯原１６７１ー１" }, "geometry": { "type": "Point", "coordinates": [ 139.124796, 36.719299 ] } },
{ "type": "Feature", "properties": { "ID": 1022100000980, "正式名称": "利根保健生活協同組合片品診療所", "機関区分": 2, "都道府県コード": 10, "市区町村コード": 443, "所在地": "群馬県利根郡片品村鎌田３９４６ー６７", "緯度": 36.772194, "経度": 139.22469, "url": "https://www.iryou.teikyouseido.mhlw.go.jp/znk-web/juminkanja/S2430/initialize?prefCd=10&kikanCd=2100000980&kikanKbn=2", "url2": "http://www.tonehoken.or.jp/katashina/index.html", "内容": "利根保健生活協同組合片品診療所【2:診療所】【診療科目:内科_整形外科_小児科_歯科】群馬県利根郡片品村鎌田３９４６ー６７" }, "geometry": { "type": "Point", "coordinates": [ 139.22469, 36.772194 ] } },
{ "type": "Feature", "properties": { "ID": 1022100000981, "正式名称": "医療法人星野医院", "機関区分": 2, "都道府県コード": 10, "市区町村コード": 443, "所在地": "群馬県利根郡片品村鎌田３９７３", "緯度": 36.771934, "経度": 139.225896, "url": "https://www.iryou.teikyouseido.mhlw.go.jp/znk-web/juminkanja/S2430/initialize?prefCd=10&kikanCd=2100000981&kikanKbn=2", "url2": "http://numatatone.gunma.med.or.jp/hpinfo/kobetu/hosinoiin.html", "内容": "医療法人星野医院【2:診療所】【診療科目:内科_ペインクリニック内科_麻酔科】群馬県利根郡片品村鎌田３９７３" }, "geometry": { "type": "Point", "coordinates": [ 139.225896, 36.771934 ] } },
{ "type": "Feature", "properties": { "ID": 1022100000984, "正式名称": "塩崎医院", "機関区分": 2, "都道府県コード": 10, "市区町村コード": 206, "所在地": "群馬県沼田市清水町", "緯度": 36.644194, "経度": 139.036085, "url": "https://www.iryou.teikyouseido.mhlw.go.jp/znk-web/juminkanja/S2430/initialize?prefCd=10&kikanCd=2100000984&kikanKbn=2", "url2": "https://www.shiozaki-iin.com/", "内容": "塩崎医院【2:診療所】【診療科目:内科_産婦人科】群馬県沼田市清水町" }, "geometry": { "type": "Point", "coordinates": [ 139.036085, 36.644194 ] } },
{ "type": "Feature", "properties": { "ID": 1022100000985, "正式名称": "青木クリニック", "機関区分": 2, "都道府県コード": 10, "市区町村コード": 206, "所在地": "群馬県沼田市高橋場町２０４８ー３", "緯度": 36.653305, "経度": 139.060304, "url": "https://www.iryou.teikyouseido.mhlw.go.jp/znk-web/juminkanja/S2430/initialize?prefCd=10&kikanCd=2100000985&kikanKbn=2", "url2": "http://www.aoki-c.jp", "内容": "青木クリニック【2:診療所】【診療科目:内科_呼吸器内科_循環器内科_胃腸内科_小児科_アレルギー科】群馬県沼田市高橋場町２０４８ー３" }, "geometry": { "type": "Point", "coordinates": [ 139.060304, 36.653305 ] } },
{ "type": "Feature", "properties": { "ID": 1022100000986, "正式名称": "かない眼科クリニック", "機関区分": 2, "都道府県コード": 10, "市区町村コード": 206, "所在地": "群馬県沼田市高橋場町", "緯度": 36.654222, "経度": 139.064832, "url": "https://www.iryou.teikyouseido.mhlw.go.jp/znk-web/juminkanja/S2430/initialize?prefCd=10&kikanCd=2100000986&kikanKbn=2", "url2": "kanai-eyeclinic.com", "内容": "かない眼科クリニック【2:診療所】【診療科目:眼科】群馬県沼田市高橋場町" }, "geometry": { "type": "Point", "coordinates": [ 139.064832, 36.654222 ] } },
{ "type": "Feature", "properties": { "ID": 1022100000987, "正式名称": "さこだクリニック", "機関区分": 2, "都道府県コード": 10, "市区町村コード": 206, "所在地": "群馬県沼田市坊新田町１０２９ー１", "緯度": 36.642661, "経度": 139.044394, "url": "https://www.iryou.teikyouseido.mhlw.go.jp/znk-web/juminkanja/S2430/initialize?prefCd=10&kikanCd=2100000987&kikanKbn=2", "url2": "http://applelondon1957.wixsite.com/sakoda", "内容": "さこだクリニック【2:診療所】【診療科目:内科_循環器内科】群馬県沼田市坊新田町１０２９ー１" }, "geometry": { "type": "Point", "coordinates": [ 139.044394, 36.642661 ] } },
{ "type": "Feature", "properties": { "ID": 1022100000990, "正式名称": "利根保健生活協同組合　利根中央診療所", "機関区分": 2, "都道府県コード": 10, "市区町村コード": 206, "所在地": "群馬県沼田市西原新町１８６４－２", "緯度": 36.649128, "経度": 139.053333, "url": "https://www.iryou.teikyouseido.mhlw.go.jp/znk-web/juminkanja/S2430/initialize?prefCd=10&kikanCd=2100000990&kikanKbn=2", "url2": "http://www.tonehoken.or.jp", "内容": "利根保健生活協同組合　利根中央診療所【2:診療所】【診療科目:内科_整形外科_小児科】群馬県沼田市西原新町１８６４－２" }, "geometry": { "type": "Point", "coordinates": [ 139.053333, 36.649128 ] } },
{ "type": "Feature", "properties": { "ID": 1022100000992, "正式名称": "武田メンタルクリニック", "機関区分": 2, "都道府県コード": 10, "市区町村コード": 206, "所在地": "群馬県沼田市横塚町１１８１－１", "緯度": 36.66361, "経度": 139.083163, "url": "https://www.iryou.teikyouseido.mhlw.go.jp/znk-web/juminkanja/S2430/initialize?prefCd=10&kikanCd=2100000992&kikanKbn=2", "url2": "https://takedamcl.jp", "内容": "武田メンタルクリニック【2:診療所】【診療科目:精神科_心療内科】群馬県沼田市横塚町１１８１－１" }, "geometry": { "type": "Point", "coordinates": [ 139.083163, 36.66361 ] } },
{ "type": "Feature", "properties": { "ID": 1022100000994, "正式名称": "沼田利根医師会休日夜間急患診療所", "機関区分": 2, "都道府県コード": 10, "市区町村コード": 206, "所在地": "群馬県沼田市上原町１８０１－６８", "緯度": 36.647969, "経度": 139.059695, "url": "https://www.iryou.teikyouseido.mhlw.go.jp/znk-web/juminkanja/S2430/initialize?prefCd=10&kikanCd=2100000994&kikanKbn=2", "url2": "https://numatatone.gunma.med.or.jp/", "内容": "沼田利根医師会休日夜間急患診療所【2:診療所】【診療科目:内科_小児科】群馬県沼田市上原町１８０１－６８" }, "geometry": { "type": "Point", "coordinates": [ 139.059695, 36.647969 ] } },
{ "type": "Feature", "properties": { "ID": 1022100000996, "正式名称": "沼田クリニック", "機関区分": 2, "都道府県コード": 10, "市区町村コード": 206, "所在地": "群馬県沼田市栄町６１番地３", "緯度": 36.639541, "経度": 139.05172, "url": "https://www.iryou.teikyouseido.mhlw.go.jp/znk-web/juminkanja/S2430/initialize?prefCd=10&kikanCd=2100000996&kikanKbn=2", "url2": "https://kijokai.or.jp/numata-clinic/", "内容": "沼田クリニック【2:診療所】【診療科目:内科_血液内科_糖尿病内科_内分泌内科_呼吸器内科_循環器内科_消化器内科_神経内科_脳神経外科_心臓血管外科_乳腺外科_乳腺・内分泌外科_整形外科_皮膚科_泌尿器科_男性泌尿器科_腎臓・泌尿器科_精神科_心療内科_歯科_歯科口腔外科_小児歯科_リハビリテーション科】群馬県沼田市栄町６１番地３" }, "geometry": { "type": "Point", "coordinates": [ 139.05172, 36.639541 ] } },
{ "type": "Feature", "properties": { "ID": 1022100001001, "正式名称": "医療法人社団ほたか会パース整形外科クリニック", "機関区分": 2, "都道府県コード": 10, "市区町村コード": 206, "所在地": "群馬県沼田市下久屋町９４０ー１", "緯度": 36.659107, "経度": 139.085273, "url": "https://www.iryou.teikyouseido.mhlw.go.jp/znk-web/juminkanja/S2430/initialize?prefCd=10&kikanCd=2100001001&kikanKbn=2", "url2": "http://www.hotaka.or.jp", "内容": "医療法人社団ほたか会パース整形外科クリニック【2:診療所】【診療科目:整形外科_リハビリテーション科】群馬県沼田市下久屋町９４０ー１" }, "geometry": { "type": "Point", "coordinates": [ 139.085273, 36.659107 ] } },
{ "type": "Feature", "properties": { "ID": 1022100001003, "正式名称": "医療法人久保産婦人科医院", "機関区分": 2, "都道府県コード": 10, "市区町村コード": 206, "所在地": "群馬県沼田市高橋場町２０３１－４", "緯度": 36.653085, "経度": 139.058254, "url": "https://www.iryou.teikyouseido.mhlw.go.jp/znk-web/juminkanja/S2430/initialize?prefCd=10&kikanCd=2100001003&kikanKbn=2", "url2": "https://www.kubo-ladies-clinic.jp/", "内容": "医療法人久保産婦人科医院【2:診療所】【診療科目:内科_女性内科_小児科_産婦人科_産科_婦人科_産婦人科（生殖医療）_性感染症】群馬県沼田市高橋場町２０３１－４" }, "geometry": { "type": "Point", "coordinates": [ 139.058254, 36.653085 ] } },
{ "type": "Feature", "properties": { "ID": 1022100001004, "正式名称": "医療法人源医会　藤塚クリニック", "機関区分": 2, "都道府県コード": 10, "市区町村コード": 206, "所在地": "群馬県沼田市高橋場町２１５０ー１１", "緯度": 36.652249, "経度": 139.052194, "url": "https://www.iryou.teikyouseido.mhlw.go.jp/znk-web/juminkanja/S2430/initialize?prefCd=10&kikanCd=2100001004&kikanKbn=2", "url2": null, "内容": "医療法人源医会　藤塚クリニック【2:診療所】【診療科目:内科_小児科_泌尿器科】群馬県沼田市高橋場町２１５０ー１１" }, "geometry": { "type": "Point", "coordinates": [ 139.052194, 36.652249 ] } },
{ "type": "Feature", "properties": { "ID": 1022100001005, "正式名称": "医療法人こうだ医院", "機関区分": 2, "都道府県コード": 10, "市区町村コード": 206, "所在地": "群馬県沼田市材木町１５６", "緯度": 36.648, "経度": 139.048195, "url": "https://www.iryou.teikyouseido.mhlw.go.jp/znk-web/juminkanja/S2430/initialize?prefCd=10&kikanCd=2100001005&kikanKbn=2", "url2": null, "内容": "医療法人こうだ医院【2:診療所】【診療科目:内科_ペインクリニック内科_小児科】群馬県沼田市材木町１５６" }, "geometry": { "type": "Point", "coordinates": [ 139.048195, 36.648 ] } },
{ "type": "Feature", "properties": { "ID": 1022100001008, "正式名称": "医療法人順愛会角田外科医院", "機関区分": 2, "都道府県コード": 10, "市区町村コード": 206, "所在地": "群馬県沼田市上原町１５５５ー３", "緯度": 36.647224, "経度": 139.059684, "url": "https://www.iryou.teikyouseido.mhlw.go.jp/znk-web/juminkanja/S2430/initialize?prefCd=10&kikanCd=2100001008&kikanKbn=2", "url2": null, "内容": "医療法人順愛会角田外科医院【2:診療所】【診療科目:内科_外科_消化器外科_肛門外科_整形外科_皮膚科_美容皮膚科_リハビリテーション科】群馬県沼田市上原町１５５５ー３" }, "geometry": { "type": "Point", "coordinates": [ 139.059684, 36.647224 ] } },
{ "type": "Feature", "properties": { "ID": 1022100001009, "正式名称": "代田眼科", "機関区分": 2, "都道府県コード": 10, "市区町村コード": 206, "所在地": "群馬県沼田市上原町１６１９番１５", "緯度": 36.648028, "経度": 139.064527, "url": "https://www.iryou.teikyouseido.mhlw.go.jp/znk-web/juminkanja/S2430/initialize?prefCd=10&kikanCd=2100001009&kikanKbn=2", "url2": "http://www.shirotaganka.com/", "内容": "代田眼科【2:診療所】【診療科目:眼科】群馬県沼田市上原町１６１９番１５" }, "geometry": { "type": "Point", "coordinates": [ 139.064527, 36.648028 ] } },
{ "type": "Feature", "properties": { "ID": 1022100001010, "正式名称": "つのだ小児科クリニック", "機関区分": 2, "都道府県コード": 10, "市区町村コード": 206, "所在地": "群馬県沼田市西原新町甲１２２", "緯度": 36.64775, "経度": 139.050361, "url": "https://www.iryou.teikyouseido.mhlw.go.jp/znk-web/juminkanja/S2430/initialize?prefCd=10&kikanCd=2100001010&kikanKbn=2", "url2": null, "内容": "つのだ小児科クリニック【2:診療所】【診療科目:内科_小児科】群馬県沼田市西原新町甲１２２" }, "geometry": { "type": "Point", "coordinates": [ 139.050361, 36.64775 ] } },
{ "type": "Feature", "properties": { "ID": 1022100001011, "正式名称": "かないクリニック", "機関区分": 2, "都道府県コード": 10, "市区町村コード": 206, "所在地": "群馬県沼田市西原新町９２", "緯度": 36.647444, "経度": 139.052722, "url": "https://www.iryou.teikyouseido.mhlw.go.jp/znk-web/juminkanja/S2430/initialize?prefCd=10&kikanCd=2100001011&kikanKbn=2", "url2": null, "内容": "かないクリニック【2:診療所】【診療科目:内科_神経内科】群馬県沼田市西原新町９２" }, "geometry": { "type": "Point", "coordinates": [ 139.052722, 36.647444 ] } },
{ "type": "Feature", "properties": { "ID": 1022100001012, "正式名称": "江森内科医院", "機関区分": 2, "都道府県コード": 10, "市区町村コード": 206, "所在地": "群馬県沼田市西倉内町５８８", "緯度": 36.6475, "経度": 139.042278, "url": "https://www.iryou.teikyouseido.mhlw.go.jp/znk-web/juminkanja/S2430/initialize?prefCd=10&kikanCd=2100001012&kikanKbn=2", "url2": "http://numatatone.gunma.med.or.jp/hpinfo/kobetu/emori.html", "内容": "江森内科医院【2:診療所】【診療科目:内科_呼吸器内科_循環器内科_消化器内科】群馬県沼田市西倉内町５８８" }, "geometry": { "type": "Point", "coordinates": [ 139.042278, 36.6475 ] } },
{ "type": "Feature", "properties": { "ID": 1022100001015, "正式名称": "医療法人松栄会　松田耳鼻咽喉科医院", "機関区分": 2, "都道府県コード": 10, "市区町村コード": 206, "所在地": "群馬県沼田市東原新町１５３８ー１７", "緯度": 36.647083, "経度": 139.057749, "url": "https://www.iryou.teikyouseido.mhlw.go.jp/znk-web/juminkanja/S2430/initialize?prefCd=10&kikanCd=2100001015&kikanKbn=2", "url2": null, "内容": "医療法人松栄会　松田耳鼻咽喉科医院【2:診療所】【診療科目:耳鼻いんこう科】群馬県沼田市東原新町１５３８ー１７" }, "geometry": { "type": "Point", "coordinates": [ 139.057749, 36.647083 ] } },
{ "type": "Feature", "properties": { "ID": 1022100001016, "正式名称": "光整形外科医院", "機関区分": 2, "都道府県コード": 10, "市区町村コード": 206, "所在地": "群馬県沼田市東倉内町２１９ー８", "緯度": 36.647268, "経度": 139.047113, "url": "https://www.iryou.teikyouseido.mhlw.go.jp/znk-web/juminkanja/S2430/initialize?prefCd=10&kikanCd=2100001016&kikanKbn=2", "url2": null, "内容": "光整形外科医院【2:診療所】【診療科目:整形外科_心療内科】群馬県沼田市東倉内町２１９ー８" }, "geometry": { "type": "Point", "coordinates": [ 139.047113, 36.647268 ] } },
{ "type": "Feature", "properties": { "ID": 1022100001018, "正式名称": "石田医院", "機関区分": 2, "都道府県コード": 10, "市区町村コード": 206, "所在地": "群馬県沼田市馬喰町１２１４", "緯度": 36.643949, "経度": 139.047829, "url": "https://www.iryou.teikyouseido.mhlw.go.jp/znk-web/juminkanja/S2430/initialize?prefCd=10&kikanCd=2100001018&kikanKbn=2", "url2": "https://numatatone.gunma.med.or.jp/local/clinic/ishida/", "内容": "石田医院【2:診療所】【診療科目:内科_小児科】群馬県沼田市馬喰町１２１４" }, "geometry": { "type": "Point", "coordinates": [ 139.047829, 36.643949 ] } },
{ "type": "Feature", "properties": { "ID": 1022100001019, "正式名称": "医療法人堤眼科", "機関区分": 2, "都道府県コード": 10, "市区町村コード": 206, "所在地": "群馬県沼田市馬喰町１２３１ー２", "緯度": 36.6435, "経度": 139.047334, "url": "https://www.iryou.teikyouseido.mhlw.go.jp/znk-web/juminkanja/S2430/initialize?prefCd=10&kikanCd=2100001019&kikanKbn=2", "url2": null, "内容": "医療法人堤眼科【2:診療所】【診療科目:眼科】群馬県沼田市馬喰町１２３１ー２" }, "geometry": { "type": "Point", "coordinates": [ 139.047334, 36.6435 ] } },
{ "type": "Feature", "properties": { "ID": 1022100001020, "正式名称": "医療法人社団日高会白根クリニック", "機関区分": 2, "都道府県コード": 10, "市区町村コード": 206, "所在地": "群馬県沼田市薄根町", "緯度": 36.644058, "経度": 139.031726, "url": "https://www.iryou.teikyouseido.mhlw.go.jp/znk-web/juminkanja/S2430/initialize?prefCd=10&kikanCd=2100001020&kikanKbn=2", "url2": "http://www.hidaka-kai.com/shirane/index.html", "内容": "医療法人社団日高会白根クリニック【2:診療所】【診療科目:内科_泌尿器科】群馬県沼田市薄根町" }, "geometry": { "type": "Point", "coordinates": [ 139.031726, 36.644058 ] } },
{ "type": "Feature", "properties": { "ID": 1022100001021, "正式名称": "矢内整形外科医院", "機関区分": 2, "都道府県コード": 10, "市区町村コード": 206, "所在地": "群馬県沼田市薄根町４０６２－３", "緯度": 36.646527, "経度": 139.033724, "url": "https://www.iryou.teikyouseido.mhlw.go.jp/znk-web/juminkanja/S2430/initialize?prefCd=10&kikanCd=2100001021&kikanKbn=2", "url2": null, "内容": "矢内整形外科医院【2:診療所】【診療科目:整形外科】群馬県沼田市薄根町４０６２－３" }, "geometry": { "type": "Point", "coordinates": [ 139.033724, 36.646527 ] } },
{ "type": "Feature", "properties": { "ID": 1022100001024, "正式名称": "医療法人亀榮会山本医院", "機関区分": 2, "都道府県コード": 10, "市区町村コード": 449, "所在地": "群馬県利根郡みなかみ町湯宿温泉５７３", "緯度": 36.699298, "経度": 138.913814, "url": "https://www.iryou.teikyouseido.mhlw.go.jp/znk-web/juminkanja/S2430/initialize?prefCd=10&kikanCd=2100001024&kikanKbn=2", "url2": null, "内容": "医療法人亀榮会山本医院【2:診療所】【診療科目:内科_小児科】群馬県利根郡みなかみ町湯宿温泉５７３" }, "geometry": { "type": "Point", "coordinates": [ 138.913814, 36.699298 ] } },
{ "type": "Feature", "properties": { "ID": 1022100001025, "正式名称": "医療法人社団三思医光会ひかりクリニック", "機関区分": 2, "都道府県コード": 10, "市区町村コード": 204, "所在地": "群馬県伊勢崎市間野谷町１１１４", "緯度": 36.378171, "経度": 139.257606, "url": "https://www.iryou.teikyouseido.mhlw.go.jp/znk-web/juminkanja/S2430/initialize?prefCd=10&kikanCd=2100001025&kikanKbn=2", "url2": "http://www.hikari-cl.jp", "内容": "医療法人社団三思医光会ひかりクリニック【2:診療所】【診療科目:内科】群馬県伊勢崎市間野谷町１１１４" }, "geometry": { "type": "Point", "coordinates": [ 139.257606, 36.378171 ] } },
{ "type": "Feature", "properties": { "ID": 1022100001026, "正式名称": "医療法人金田整形外科医院", "機関区分": 2, "都道府県コード": 10, "市区町村コード": 204, "所在地": "群馬県伊勢崎市東町２６５８ー３", "緯度": 36.343841, "経度": 139.247081, "url": "https://www.iryou.teikyouseido.mhlw.go.jp/znk-web/juminkanja/S2430/initialize?prefCd=10&kikanCd=2100001026&kikanKbn=2", "url2": null, "内容": "医療法人金田整形外科医院【2:診療所】【診療科目:整形外科】群馬県伊勢崎市東町２６５８ー３" }, "geometry": { "type": "Point", "coordinates": [ 139.247081, 36.343841 ] } },
{ "type": "Feature", "properties": { "ID": 1022100001027, "正式名称": "華蔵寺クリニック", "機関区分": 2, "都道府県コード": 10, "市区町村コード": 204, "所在地": "群馬県伊勢崎市安堀町１２７－５", "緯度": 36.338008, "経度": 139.182087, "url": "https://www.iryou.teikyouseido.mhlw.go.jp/znk-web/juminkanja/S2430/initialize?prefCd=10&kikanCd=2100001027&kikanKbn=2", "url2": "http://kezoujiclinic.com/", "内容": "華蔵寺クリニック【2:診療所】【診療科目:精神科_心療内科】群馬県伊勢崎市安堀町１２７－５" }, "geometry": { "type": "Point", "coordinates": [ 139.182087, 36.338008 ] } },
{ "type": "Feature", "properties": { "ID": 1022100001028, "正式名称": "高崎佐藤眼科", "機関区分": 2, "都道府県コード": 10, "市区町村コード": 202, "所在地": "群馬県高崎市南大類町１０００ー１", "緯度": 36.324563, "経度": 139.038499, "url": "https://www.iryou.teikyouseido.mhlw.go.jp/znk-web/juminkanja/S2430/initialize?prefCd=10&kikanCd=2100001028&kikanKbn=2", "url2": "http://www.tsato-eye.com/", "内容": "高崎佐藤眼科【2:診療所】【診療科目:眼科】群馬県高崎市南大類町１０００ー１" }, "geometry": { "type": "Point", "coordinates": [ 139.038499, 36.324563 ] } },
{ "type": "Feature", "properties": { "ID": 1022100001030, "正式名称": "医療法人桒原医院", "機関区分": 2, "都道府県コード": 10, "市区町村コード": 204, "所在地": "群馬県伊勢崎市稲荷町１０８", "緯度": 36.328619, "経度": 139.14959, "url": "https://www.iryou.teikyouseido.mhlw.go.jp/znk-web/juminkanja/S2430/initialize?prefCd=10&kikanCd=2100001030&kikanKbn=2", "url2": null, "内容": "医療法人桒原医院【2:診療所】【診療科目:内科_消化器内科_小児科】群馬県伊勢崎市稲荷町１０８" }, "geometry": { "type": "Point", "coordinates": [ 139.14959, 36.328619 ] } },
{ "type": "Feature", "properties": { "ID": 1022100001031, "正式名称": "たんぽぽ小児科", "機関区分": 2, "都道府県コード": 10, "市区町村コード": 204, "所在地": "群馬県伊勢崎市今泉町１ー１２１３", "緯度": 36.308178, "経度": 139.206614, "url": "https://www.iryou.teikyouseido.mhlw.go.jp/znk-web/juminkanja/S2430/initialize?prefCd=10&kikanCd=2100001031&kikanKbn=2", "url2": null, "内容": "たんぽぽ小児科【2:診療所】【診療科目:小児科_アレルギー科】群馬県伊勢崎市今泉町１ー１２１３" }, "geometry": { "type": "Point", "coordinates": [ 139.206614, 36.308178 ] } },
{ "type": "Feature", "properties": { "ID": 1022100001032, "正式名称": "医療法人ＫＭＣ　宮崎クリニック", "機関区分": 2, "都道府県コード": 10, "市区町村コード": 204, "所在地": "群馬県伊勢崎市今泉町Ⅰー１５８０", "緯度": 36.314455, "経度": 139.211696, "url": "https://www.iryou.teikyouseido.mhlw.go.jp/znk-web/juminkanja/S2430/initialize?prefCd=10&kikanCd=2100001032&kikanKbn=2", "url2": "http://miyacli.sakura.ne.jp", "内容": "医療法人ＫＭＣ　宮崎クリニック【2:診療所】【診療科目:内科_消化器内科_外科_肛門外科】群馬県伊勢崎市今泉町Ⅰー１５８０" }, "geometry": { "type": "Point", "coordinates": [ 139.211696, 36.314455 ] } },
{ "type": "Feature", "properties": { "ID": 1022100001033, "正式名称": "医療法人アミカル神山クリニック", "機関区分": 2, "都道府県コード": 10, "市区町村コード": 204, "所在地": "群馬県伊勢崎市今泉町１ー４ー１０", "緯度": 36.31526, "経度": 139.205725, "url": "https://www.iryou.teikyouseido.mhlw.go.jp/znk-web/juminkanja/S2430/initialize?prefCd=10&kikanCd=2100001033&kikanKbn=2", "url2": "http://kamiyamaclinic.com/", "内容": "医療法人アミカル神山クリニック【2:診療所】【診療科目:内科_循環器内科】群馬県伊勢崎市今泉町１ー４ー１０" }, "geometry": { "type": "Point", "coordinates": [ 139.205725, 36.31526 ] } },
{ "type": "Feature", "properties": { "ID": 1022100001035, "正式名称": "医療法人　佐藤小児科医院　佐藤小児科医院", "機関区分": 2, "都道府県コード": 10, "市区町村コード": 204, "所在地": "群馬県伊勢崎市太田町１０８３ー５", "緯度": 36.33673, "経度": 139.189475, "url": "https://www.iryou.teikyouseido.mhlw.go.jp/znk-web/juminkanja/S2430/initialize?prefCd=10&kikanCd=2100001035&kikanKbn=2", "url2": "http://miraie-he.jimdo.com/", "内容": "医療法人　佐藤小児科医院　佐藤小児科医院【2:診療所】【診療科目:小児科】群馬県伊勢崎市太田町１０８３ー５" }, "geometry": { "type": "Point", "coordinates": [ 139.189475, 36.33673 ] } },
{ "type": "Feature", "properties": { "ID": 1022100001038, "正式名称": "山田内科クリニック", "機関区分": 2, "都道府県コード": 10, "市区町村コード": 204, "所在地": "群馬県伊勢崎市大手町", "緯度": 36.321176, "経度": 139.194003, "url": "https://www.iryou.teikyouseido.mhlw.go.jp/znk-web/juminkanja/S2430/initialize?prefCd=10&kikanCd=2100001038&kikanKbn=2", "url2": "http://website2.infomity.net/8440000021/", "内容": "山田内科クリニック【2:診療所】【診療科目:呼吸器内科_循環器内科_胃腸内科_肝臓内科_胆のう・膵臓内科_小児科_アレルギー科】群馬県伊勢崎市大手町" }, "geometry": { "type": "Point", "coordinates": [ 139.194003, 36.321176 ] } },
{ "type": "Feature", "properties": { "ID": 1022100001039, "正式名称": "医療法人イアリ　美原診療所", "機関区分": 2, "都道府県コード": 10, "市区町村コード": 204, "所在地": "群馬県伊勢崎市大手町１番１号", "緯度": 36.325412, "経度": 139.193945, "url": "https://www.iryou.teikyouseido.mhlw.go.jp/znk-web/juminkanja/S2430/initialize?prefCd=10&kikanCd=2100001039&kikanKbn=2", "url2": "http://iari.jp/", "内容": "医療法人イアリ　美原診療所【2:診療所】【診療科目:内科_脳神経内科_脳神経外科】群馬県伊勢崎市大手町１番１号" }, "geometry": { "type": "Point", "coordinates": [ 139.193945, 36.325412 ] } },
{ "type": "Feature", "properties": { "ID": 1022100001040, "正式名称": "医療法人　阿美産婦人科医院", "機関区分": 2, "都道府県コード": 10, "市区町村コード": 204, "所在地": "群馬県伊勢崎市鹿島町", "緯度": 36.338452, "経度": 139.203279, "url": "https://www.iryou.teikyouseido.mhlw.go.jp/znk-web/juminkanja/S2430/initialize?prefCd=10&kikanCd=2100001040&kikanKbn=2", "url2": null, "内容": "医療法人　阿美産婦人科医院【2:診療所】【診療科目:産婦人科】群馬県伊勢崎市鹿島町" }, "geometry": { "type": "Point", "coordinates": [ 139.203279, 36.338452 ] } },
{ "type": "Feature", "properties": { "ID": 1022100001041, "正式名称": "木附整形外科医院", "機関区分": 2, "都道府県コード": 10, "市区町村コード": 204, "所在地": "群馬県伊勢崎市鹿島町５４５ー１", "緯度": 36.334203, "経度": 139.204557, "url": "https://www.iryou.teikyouseido.mhlw.go.jp/znk-web/juminkanja/S2430/initialize?prefCd=10&kikanCd=2100001041&kikanKbn=2", "url2": null, "内容": "木附整形外科医院【2:診療所】【診療科目:整形外科_リウマチ科_リハビリテーション科】群馬県伊勢崎市鹿島町５４５ー１" }, "geometry": { "type": "Point", "coordinates": [ 139.204557, 36.334203 ] } },
{ "type": "Feature", "properties": { "ID": 1022100001042, "正式名称": "金本肛門科医院", "機関区分": 2, "都道府県コード": 10, "市区町村コード": 204, "所在地": "群馬県伊勢崎市鹿島町５４７－１", "緯度": 36.341924, "経度": 139.205029, "url": "https://www.iryou.teikyouseido.mhlw.go.jp/znk-web/juminkanja/S2430/initialize?prefCd=10&kikanCd=2100001042&kikanKbn=2", "url2": null, "内容": "金本肛門科医院【2:診療所】【診療科目:肛門外科】群馬県伊勢崎市鹿島町５４７－１" }, "geometry": { "type": "Point", "coordinates": [ 139.205029, 36.341924 ] } },
{ "type": "Feature", "properties": { "ID": 1022100001043, "正式名称": "岐至漢方クリニック", "機関区分": 2, "都道府県コード": 10, "市区町村コード": 202, "所在地": "群馬県高崎市通町４２　八幡ビル５０１", "緯度": 36.323872, "経度": 139.009706, "url": "https://www.iryou.teikyouseido.mhlw.go.jp/znk-web/juminkanja/S2430/initialize?prefCd=10&kikanCd=2100001043&kikanKbn=2", "url2": "https://takasaki-kanpo.jimdo.com/", "内容": "岐至漢方クリニック【2:診療所】【診療科目:漢方内科】群馬県高崎市通町４２　八幡ビル５０１" }, "geometry": { "type": "Point", "coordinates": [ 139.009706, 36.323872 ] } },
{ "type": "Feature", "properties": { "ID": 1022100001044, "正式名称": "セントラルクリニック伊勢崎", "機関区分": 2, "都道府県コード": 10, "市区町村コード": 204, "所在地": "群馬県伊勢崎市粕川町１０５０ー１", "緯度": 36.3094, "経度": 139.217807, "url": "https://www.iryou.teikyouseido.mhlw.go.jp/znk-web/juminkanja/S2430/initialize?prefCd=10&kikanCd=2100001044&kikanKbn=2", "url2": null, "内容": "セントラルクリニック伊勢崎【2:診療所】【診療科目:内科_外科_泌尿器科_皮膚科】群馬県伊勢崎市粕川町１０５０ー１" }, "geometry": { "type": "Point", "coordinates": [ 139.217807, 36.3094 ] } },
{ "type": "Feature", "properties": { "ID": 1022100001045, "正式名称": "医療法人厚幸会アベ眼科医院", "機関区分": 2, "都道府県コード": 10, "市区町村コード": 204, "所在地": "群馬県伊勢崎市上植木本町２５１８－２", "緯度": 36.341341, "経度": 139.215445, "url": "https://www.iryou.teikyouseido.mhlw.go.jp/znk-web/juminkanja/S2430/initialize?prefCd=10&kikanCd=2100001045&kikanKbn=2", "url2": "http://www.abegankaiin.com", "内容": "医療法人厚幸会アベ眼科医院【2:診療所】【診療科目:眼科】群馬県伊勢崎市上植木本町２５１８－２" }, "geometry": { "type": "Point", "coordinates": [ 139.215445, 36.341341 ] } },
{ "type": "Feature", "properties": { "ID": 1022100001047, "正式名称": "医療法人　あけぼの会　伊勢崎たむら眼科", "機関区分": 2, "都道府県コード": 10, "市区町村コード": 204, "所在地": "群馬県伊勢崎市上植木本町２６５２－４", "緯度": 36.33748, "経度": 139.211334, "url": "https://www.iryou.teikyouseido.mhlw.go.jp/znk-web/juminkanja/S2430/initialize?prefCd=10&kikanCd=2100001047&kikanKbn=2", "url2": null, "内容": "医療法人　あけぼの会　伊勢崎たむら眼科【2:診療所】【診療科目:眼科】群馬県伊勢崎市上植木本町２６５２－４" }, "geometry": { "type": "Point", "coordinates": [ 139.211334, 36.33748 ] } },
{ "type": "Feature", "properties": { "ID": 1022100001049, "正式名称": "上諏訪眼科クリニック", "機関区分": 2, "都道府県コード": 10, "市区町村コード": 204, "所在地": "群馬県伊勢崎市上諏訪町１４４４ー５", "緯度": 36.32987, "経度": 139.216695, "url": "https://www.iryou.teikyouseido.mhlw.go.jp/znk-web/juminkanja/S2430/initialize?prefCd=10&kikanCd=2100001049&kikanKbn=2", "url2": null, "内容": "上諏訪眼科クリニック【2:診療所】【診療科目:眼科_漢方】群馬県伊勢崎市上諏訪町１４４４ー５" }, "geometry": { "type": "Point", "coordinates": [ 139.216695, 36.32987 ] } },
{ "type": "Feature", "properties": { "ID": 1022100001052, "正式名称": "松澤外科医院", "機関区分": 2, "都道府県コード": 10, "市区町村コード": 204, "所在地": "群馬県伊勢崎市上諏訪町２１１４－５", "緯度": 36.327906, "経度": 139.213778, "url": "https://www.iryou.teikyouseido.mhlw.go.jp/znk-web/juminkanja/S2430/initialize?prefCd=10&kikanCd=2100001052&kikanKbn=2", "url2": null, "内容": "松澤外科医院【2:診療所】【診療科目:内科_消化器内科_胃腸内科_外科_肛門外科_婦人科】群馬県伊勢崎市上諏訪町２１１４－５" }, "geometry": { "type": "Point", "coordinates": [ 139.213778, 36.327906 ] } },
{ "type": "Feature", "properties": { "ID": 1022100001054, "正式名称": "長沼内科クリニック", "機関区分": 2, "都道府県コード": 10, "市区町村コード": 204, "所在地": "群馬県伊勢崎市北千木町９２２−１", "緯度": 36.307206, "経度": 139.212558, "url": "https://www.iryou.teikyouseido.mhlw.go.jp/znk-web/juminkanja/S2430/initialize?prefCd=10&kikanCd=2100001054&kikanKbn=2", "url2": "https://naganuma-naika-clinic.jp", "内容": "長沼内科クリニック【2:診療所】【診療科目:内科_循環器内科】群馬県伊勢崎市北千木町９２２−１" }, "geometry": { "type": "Point", "coordinates": [ 139.212558, 36.307206 ] } },
{ "type": "Feature", "properties": { "ID": 1022100001055, "正式名称": "医療法人石井会石井皮フ科", "機関区分": 2, "都道府県コード": 10, "市区町村コード": 204, "所在地": "群馬県伊勢崎市曲輪町２４ー１４", "緯度": 36.323981, "経度": 139.192448, "url": "https://www.iryou.teikyouseido.mhlw.go.jp/znk-web/juminkanja/S2430/initialize?prefCd=10&kikanCd=2100001055&kikanKbn=2", "url2": "http://www.ishii.or.jp/clinic/", "内容": "医療法人石井会石井皮フ科【2:診療所】【診療科目:皮膚科_アレルギー科】群馬県伊勢崎市曲輪町２４ー１４" }, "geometry": { "type": "Point", "coordinates": [ 139.192448, 36.323981 ] } },
{ "type": "Feature", "properties": { "ID": 1022100001057, "正式名称": "医療法人社団日望会望月内科医院", "機関区分": 2, "都道府県コード": 10, "市区町村コード": 204, "所在地": "群馬県伊勢崎市国定町１ー１１２２ー１", "緯度": 36.367395, "経度": 139.255357, "url": "https://www.iryou.teikyouseido.mhlw.go.jp/znk-web/juminkanja/S2430/initialize?prefCd=10&kikanCd=2100001057&kikanKbn=2", "url2": "http://www.sunfield.ne.jp/~sunhope/mochizuki/", "内容": "医療法人社団日望会望月内科医院【2:診療所】【診療科目:消化器内科】群馬県伊勢崎市国定町１ー１１２２ー１" }, "geometry": { "type": "Point", "coordinates": [ 139.255357, 36.367395 ] } },
{ "type": "Feature", "properties": { "ID": 1022100001058, "正式名称": "諏訪内科医院", "機関区分": 2, "都道府県コード": 10, "市区町村コード": 204, "所在地": "群馬県伊勢崎市国定町２ー１８３５ー２", "緯度": 36.35934, "経度": 139.240886, "url": "https://www.iryou.teikyouseido.mhlw.go.jp/znk-web/juminkanja/S2430/initialize?prefCd=10&kikanCd=2100001058&kikanKbn=2", "url2": null, "内容": "諏訪内科医院【2:診療所】【診療科目:内科】群馬県伊勢崎市国定町２ー１８３５ー２" }, "geometry": { "type": "Point", "coordinates": [ 139.240886, 36.35934 ] } },
{ "type": "Feature", "properties": { "ID": 1022100001060, "正式名称": "多賀谷内科医院", "機関区分": 2, "都道府県コード": 10, "市区町村コード": 204, "所在地": "群馬県伊勢崎市下道寺町", "緯度": 36.277153, "経度": 139.205504, "url": "https://www.iryou.teikyouseido.mhlw.go.jp/znk-web/juminkanja/S2430/initialize?prefCd=10&kikanCd=2100001060&kikanKbn=2", "url2": null, "内容": "多賀谷内科医院【2:診療所】【診療科目:内科_循環器内科_小児科】群馬県伊勢崎市下道寺町" }, "geometry": { "type": "Point", "coordinates": [ 139.205504, 36.277153 ] } },
{ "type": "Feature", "properties": { "ID": 1022100001061, "正式名称": "髙柳整形外科クリニック", "機関区分": 2, "都道府県コード": 10, "市区町村コード": 204, "所在地": "群馬県伊勢崎市香林町２ー８６３ー２", "緯度": 36.400474, "経度": 139.244384, "url": "https://www.iryou.teikyouseido.mhlw.go.jp/znk-web/juminkanja/S2430/initialize?prefCd=10&kikanCd=2100001061&kikanKbn=2", "url2": "tky-clinic.com", "内容": "髙柳整形外科クリニック【2:診療所】【診療科目:内科_外科_整形外科_皮膚科_リウマチ科】群馬県伊勢崎市香林町２ー８６３ー２" }, "geometry": { "type": "Point", "coordinates": [ 139.244384, 36.400474 ] } },
{ "type": "Feature", "properties": { "ID": 1022100001063, "正式名称": "医療法人社団正生会　正田医院", "機関区分": 2, "都道府県コード": 10, "市区町村コード": 204, "所在地": "群馬県伊勢崎市境３８９ー１", "緯度": 36.273877, "経度": 139.254917, "url": "https://www.iryou.teikyouseido.mhlw.go.jp/znk-web/juminkanja/S2430/initialize?prefCd=10&kikanCd=2100001063&kikanKbn=2", "url2": "https://www.shoudaiin.jp/", "内容": "医療法人社団正生会　正田医院【2:診療所】【診療科目:内科_小児科_アレルギー科】群馬県伊勢崎市境３８９ー１" }, "geometry": { "type": "Point", "coordinates": [ 139.254917, 36.273877 ] } },
{ "type": "Feature", "properties": { "ID": 1022100001065, "正式名称": "境眼科クリニック", "機関区分": 2, "都道府県コード": 10, "市区町村コード": 204, "所在地": "群馬県伊勢崎市境女塚２－１", "緯度": 36.269516, "経度": 139.266083, "url": "https://www.iryou.teikyouseido.mhlw.go.jp/znk-web/juminkanja/S2430/initialize?prefCd=10&kikanCd=2100001065&kikanKbn=2", "url2": null, "内容": "境眼科クリニック【2:診療所】【診療科目:眼科】群馬県伊勢崎市境女塚２－１" }, "geometry": { "type": "Point", "coordinates": [ 139.266083, 36.269516 ] } },
{ "type": "Feature", "properties": { "ID": 1022100001069, "正式名称": "なぐも内科医院", "機関区分": 2, "都道府県コード": 10, "市区町村コード": 204, "所在地": "群馬県伊勢崎市境下武士", "緯度": 36.272543, "経度": 139.246723, "url": "https://www.iryou.teikyouseido.mhlw.go.jp/znk-web/juminkanja/S2430/initialize?prefCd=10&kikanCd=2100001069&kikanKbn=2", "url2": null, "内容": "なぐも内科医院【2:診療所】【診療科目:内科_呼吸器内科_循環器内科_胃腸内科_麻酔科】群馬県伊勢崎市境下武士" }, "geometry": { "type": "Point", "coordinates": [ 139.246723, 36.272543 ] } },
{ "type": "Feature", "properties": { "ID": 1022100001071, "正式名称": "橘香堂田島医院", "機関区分": 2, "都道府県コード": 10, "市区町村コード": 204, "所在地": "群馬県伊勢崎市境東９７ー１", "緯度": 36.271544, "経度": 139.259444, "url": "https://www.iryou.teikyouseido.mhlw.go.jp/znk-web/juminkanja/S2430/initialize?prefCd=10&kikanCd=2100001071&kikanKbn=2", "url2": null, "内容": "橘香堂田島医院【2:診療所】【診療科目:内科_胃腸内科_こう門内科_外科_整形外科_皮膚科】群馬県伊勢崎市境東９７ー１" }, "geometry": { "type": "Point", "coordinates": [ 139.259444, 36.271544 ] } },
{ "type": "Feature", "properties": { "ID": 1022100001074, "正式名称": "医）健守会　宇野内科呼吸器科医院", "機関区分": 2, "都道府県コード": 10, "市区町村コード": 204, "所在地": "群馬県伊勢崎市山王町３３４番地３", "緯度": 36.299456, "経度": 139.183477, "url": "https://www.iryou.teikyouseido.mhlw.go.jp/znk-web/juminkanja/S2430/initialize?prefCd=10&kikanCd=2100001074&kikanKbn=2", "url2": "http://www.sunfield.ne.jp/~duno", "内容": "医）健守会　宇野内科呼吸器科医院【2:診療所】【診療科目:内科_呼吸器内科_アレルギー科】群馬県伊勢崎市山王町３３４番地３" }, "geometry": { "type": "Point", "coordinates": [ 139.183477, 36.299456 ] } },
{ "type": "Feature", "properties": { "ID": 1022100001077, "正式名称": "フクイ産婦人科クリニック", "機関区分": 2, "都道府県コード": 10, "市区町村コード": 204, "所在地": "群馬県伊勢崎市下植木町５５３ー３", "緯度": 36.318566, "経度": 139.212835, "url": "https://www.iryou.teikyouseido.mhlw.go.jp/znk-web/juminkanja/S2430/initialize?prefCd=10&kikanCd=2100001077&kikanKbn=2", "url2": "http://www.fukuikai.jp", "内容": "フクイ産婦人科クリニック【2:診療所】【診療科目:産婦人科_麻酔科】群馬県伊勢崎市下植木町５５３ー３" }, "geometry": { "type": "Point", "coordinates": [ 139.212835, 36.318566 ] } },
{ "type": "Feature", "properties": { "ID": 1022100001078, "正式名称": "医療法人星野小児科医院", "機関区分": 2, "都道府県コード": 10, "市区町村コード": 204, "所在地": "群馬県伊勢崎市下植木町９８０－６６", "緯度": 36.321177, "経度": 139.211141, "url": "https://www.iryou.teikyouseido.mhlw.go.jp/znk-web/juminkanja/S2430/initialize?prefCd=10&kikanCd=2100001078&kikanKbn=2", "url2": "http://www.hoshino-kodomo.com/", "内容": "医療法人星野小児科医院【2:診療所】【診療科目:小児科】群馬県伊勢崎市下植木町９８０－６６" }, "geometry": { "type": "Point", "coordinates": [ 139.211141, 36.321177 ] } },
{ "type": "Feature", "properties": { "ID": 1022100001079, "正式名称": "医療法人ゆうあいクリニック", "機関区分": 2, "都道府県コード": 10, "市区町村コード": 204, "所在地": "群馬県伊勢崎市下触町７５７ー３", "緯度": 36.37231, "経度": 139.204167, "url": "https://www.iryou.teikyouseido.mhlw.go.jp/znk-web/juminkanja/S2430/initialize?prefCd=10&kikanCd=2100001079&kikanKbn=2", "url2": null, "内容": "医療法人ゆうあいクリニック【2:診療所】【診療科目:胃腸内科_外科_肛門外科_皮膚科】群馬県伊勢崎市下触町７５７ー３" }, "geometry": { "type": "Point", "coordinates": [ 139.204167, 36.37231 ] } },
{ "type": "Feature", "properties": { "ID": 1022100001081, "正式名称": "なんば眼科", "機関区分": 2, "都道府県コード": 10, "市区町村コード": 204, "所在地": "群馬県伊勢崎市除ケ町３３５－１５", "緯度": 36.281319, "経度": 139.192033, "url": "https://www.iryou.teikyouseido.mhlw.go.jp/znk-web/juminkanja/S2430/initialize?prefCd=10&kikanCd=2100001081&kikanKbn=2", "url2": null, "内容": "なんば眼科【2:診療所】【診療科目:眼科】群馬県伊勢崎市除ケ町３３５－１５" }, "geometry": { "type": "Point", "coordinates": [ 139.192033, 36.281319 ] } },
{ "type": "Feature", "properties": { "ID": 1022100001083, "正式名称": "医療法人眞誠会久保医院", "機関区分": 2, "都道府県コード": 10, "市区町村コード": 204, "所在地": "群馬県伊勢崎市大正寺町１１１ー１", "緯度": 36.283264, "経度": 139.197532, "url": "https://www.iryou.teikyouseido.mhlw.go.jp/znk-web/juminkanja/S2430/initialize?prefCd=10&kikanCd=2100001083&kikanKbn=2", "url2": null, "内容": "医療法人眞誠会久保医院【2:診療所】【診療科目:内科_小児科】群馬県伊勢崎市大正寺町１１１ー１" }, "geometry": { "type": "Point", "coordinates": [ 139.197532, 36.283264 ] } },
{ "type": "Feature", "properties": { "ID": 1022100001085, "正式名称": "松田医院", "機関区分": 2, "都道府県コード": 10, "市区町村コード": 204, "所在地": "群馬県伊勢崎市田中島町１１８６", "緯度": 36.325592, "経度": 139.160256, "url": "https://www.iryou.teikyouseido.mhlw.go.jp/znk-web/juminkanja/S2430/initialize?prefCd=10&kikanCd=2100001085&kikanKbn=2", "url2": null, "内容": "松田医院【2:診療所】【診療科目:内科_呼吸器内科_消化器内科_婦人科】群馬県伊勢崎市田中島町１１８６" }, "geometry": { "type": "Point", "coordinates": [ 139.160256, 36.325592 ] } },
{ "type": "Feature", "properties": { "ID": 1022100001086, "正式名称": "医療法人太陽会　平野クリニック", "機関区分": 2, "都道府県コード": 10, "市区町村コード": 204, "所在地": "群馬県伊勢崎市田中島町１４６１ー４", "緯度": 36.317898, "経度": 139.165978, "url": "https://www.iryou.teikyouseido.mhlw.go.jp/znk-web/juminkanja/S2430/initialize?prefCd=10&kikanCd=2100001086&kikanKbn=2", "url2": "http://website2.infomity.net/8442146/", "内容": "医療法人太陽会　平野クリニック【2:診療所】【診療科目:内科_糖尿病内科_脂質代謝内科_糖尿病・代謝内科_呼吸器内科_循環器内科_消化器内科_腫瘍内科_放射線診断科】群馬県伊勢崎市田中島町１４６１ー４" }, "geometry": { "type": "Point", "coordinates": [ 139.165978, 36.317898 ] } },
{ "type": "Feature", "properties": { "ID": 1022100001087, "正式名称": "パルこどもクリニック", "機関区分": 2, "都道府県コード": 10, "市区町村コード": 204, "所在地": "群馬県伊勢崎市連取町", "緯度": 36.315982, "経度": 139.173755, "url": "https://www.iryou.teikyouseido.mhlw.go.jp/znk-web/juminkanja/S2430/initialize?prefCd=10&kikanCd=2100001087&kikanKbn=2", "url2": "http://pal-child-clinic.com", "内容": "パルこどもクリニック【2:診療所】【診療科目:小児科_アレルギー科】群馬県伊勢崎市連取町" }, "geometry": { "type": "Point", "coordinates": [ 139.173755, 36.315982 ] } },
{ "type": "Feature", "properties": { "ID": 1022100001088, "正式名称": "医療法人望真会古作クリニック東分院", "機関区分": 2, "都道府県コード": 10, "市区町村コード": 204, "所在地": "群馬県伊勢崎市田部井町３丁目１９７９－３", "緯度": 36.34998, "経度": 139.257052, "url": "https://www.iryou.teikyouseido.mhlw.go.jp/znk-web/juminkanja/S2430/initialize?prefCd=10&kikanCd=2100001088&kikanKbn=2", "url2": null, "内容": "医療法人望真会古作クリニック東分院【2:診療所】【診療科目:泌尿器科】群馬県伊勢崎市田部井町３丁目１９７９－３" }, "geometry": { "type": "Point", "coordinates": [ 139.257052, 36.34998 ] } },
{ "type": "Feature", "properties": { "ID": 1022100001090, "正式名称": "やまだ眼科クリニック", "機関区分": 2, "都道府県コード": 10, "市区町村コード": 204, "所在地": "群馬県伊勢崎市中央町１３－７", "緯度": 36.318482, "経度": 139.203225, "url": "https://www.iryou.teikyouseido.mhlw.go.jp/znk-web/juminkanja/S2430/initialize?prefCd=10&kikanCd=2100001090&kikanKbn=2", "url2": "http://yamadaganka.byoinnavi.jp/pc/", "内容": "やまだ眼科クリニック【2:診療所】【診療科目:小児眼科_眼科】群馬県伊勢崎市中央町１３－７" }, "geometry": { "type": "Point", "coordinates": [ 139.203225, 36.318482 ] } },
{ "type": "Feature", "properties": { "ID": 1022100001092, "正式名称": "医療法人あかつき　あかつきウィメンズクリニック", "機関区分": 2, "都道府県コード": 10, "市区町村コード": 204, "所在地": "群馬県伊勢崎市連取本町２０－９", "緯度": 36.322981, "経度": 139.176393, "url": "https://www.iryou.teikyouseido.mhlw.go.jp/znk-web/juminkanja/S2430/initialize?prefCd=10&kikanCd=2100001092&kikanKbn=2", "url2": "http://akatsukiwomens.com/", "内容": "医療法人あかつき　あかつきウィメンズクリニック【2:診療所】【診療科目:産婦人科】群馬県伊勢崎市連取本町２０－９" }, "geometry": { "type": "Point", "coordinates": [ 139.176393, 36.322981 ] } },
{ "type": "Feature", "properties": { "ID": 1022100001093, "正式名称": "石井皮フ科クリニック", "機関区分": 2, "都道府県コード": 10, "市区町村コード": 204, "所在地": "群馬県伊勢崎市連取本町２３９－１３", "緯度": 36.317315, "経度": 139.179088, "url": "https://www.iryou.teikyouseido.mhlw.go.jp/znk-web/juminkanja/S2430/initialize?prefCd=10&kikanCd=2100001093&kikanKbn=2", "url2": null, "内容": "石井皮フ科クリニック【2:診療所】【診療科目:皮膚科】群馬県伊勢崎市連取本町２３９－１３" }, "geometry": { "type": "Point", "coordinates": [ 139.179088, 36.317315 ] } },
{ "type": "Feature", "properties": { "ID": 1022100001094, "正式名称": "医療法人社団泰平会多賀谷耳鼻咽喉科医院", "機関区分": 2, "都道府県コード": 10, "市区町村コード": 204, "所在地": "群馬県伊勢崎市連取元町１０１―５", "緯度": 36.315899, "経度": 139.179477, "url": "https://www.iryou.teikyouseido.mhlw.go.jp/znk-web/juminkanja/S2430/initialize?prefCd=10&kikanCd=2100001094&kikanKbn=2", "url2": null, "内容": "医療法人社団泰平会多賀谷耳鼻咽喉科医院【2:診療所】【診療科目:耳鼻いんこう科_気管食道・耳鼻いんこう科】群馬県伊勢崎市連取元町１０１―５" }, "geometry": { "type": "Point", "coordinates": [ 139.179477, 36.315899 ] } },
{ "type": "Feature", "properties": { "ID": 1022100001096, "正式名称": "医療法人多幸会多賀谷整形外科", "機関区分": 2, "都道府県コード": 10, "市区町村コード": 204, "所在地": "群馬県伊勢崎市連取元町１８４－３", "緯度": 36.313316, "経度": 139.185532, "url": "https://www.iryou.teikyouseido.mhlw.go.jp/znk-web/juminkanja/S2430/initialize?prefCd=10&kikanCd=2100001096&kikanKbn=2", "url2": "http://www.citydo.com/sp/0270-30-8111", "内容": "医療法人多幸会多賀谷整形外科【2:診療所】【診療科目:整形外科】群馬県伊勢崎市連取元町１８４－３" }, "geometry": { "type": "Point", "coordinates": [ 139.185532, 36.313316 ] } },
{ "type": "Feature", "properties": { "ID": 1022100001097, "正式名称": "渡辺内科クリニック", "機関区分": 2, "都道府県コード": 10, "市区町村コード": 204, "所在地": "群馬県伊勢崎市連取元町２３－２", "緯度": 36.310789, "経度": 139.177913, "url": "https://www.iryou.teikyouseido.mhlw.go.jp/znk-web/juminkanja/S2430/initialize?prefCd=10&kikanCd=2100001097&kikanKbn=2", "url2": "http://www.a1s.co.jp/watanabe/", "内容": "渡辺内科クリニック【2:診療所】【診療科目:内科_糖尿病内科_呼吸器内科_循環器内科_消化器内科_腎臓内科_人工透析内科_アレルギー科_リウマチ科_放射線科】群馬県伊勢崎市連取元町２３－２" }, "geometry": { "type": "Point", "coordinates": [ 139.177913, 36.310789 ] } },
{ "type": "Feature", "properties": { "ID": 1022100001098, "正式名称": "医療法人純生会都丸内科クリニック", "機関区分": 2, "都道府県コード": 10, "市区町村コード": 204, "所在地": "群馬県伊勢崎市富塚町２１５ー７", "緯度": 36.278014, "経度": 139.193005, "url": "https://www.iryou.teikyouseido.mhlw.go.jp/znk-web/juminkanja/S2430/initialize?prefCd=10&kikanCd=2100001098&kikanKbn=2", "url2": null, "内容": "医療法人純生会都丸内科クリニック【2:診療所】【診療科目:内科_循環器内科_小児科】群馬県伊勢崎市富塚町２１５ー７" }, "geometry": { "type": "Point", "coordinates": [ 139.193005, 36.278014 ] } },
{ "type": "Feature", "properties": { "ID": 1022100001099, "正式名称": "伊勢崎健診プラザ", "機関区分": 2, "都道府県コード": 10, "市区町村コード": 204, "所在地": "群馬県伊勢崎市中町６５５－１", "緯度": 36.302425, "経度": 139.175588, "url": "https://www.iryou.teikyouseido.mhlw.go.jp/znk-web/juminkanja/S2430/initialize?prefCd=10&kikanCd=2100001099&kikanKbn=2", "url2": "http://www.nikkenkyo.or.jp/", "内容": "伊勢崎健診プラザ【2:診療所】【診療科目:内科_放射線科】群馬県伊勢崎市中町６５５－１" }, "geometry": { "type": "Point", "coordinates": [ 139.175588, 36.302425 ] } },
{ "type": "Feature", "properties": { "ID": 1022100001100, "正式名称": "医療法人纉喜会朋友産婦人科クリニック", "機関区分": 2, "都道府県コード": 10, "市区町村コード": 204, "所在地": "群馬県伊勢崎市豊城町２３６０ー２", "緯度": 36.33337, "経度": 139.223306, "url": "https://www.iryou.teikyouseido.mhlw.go.jp/znk-web/juminkanja/S2430/initialize?prefCd=10&kikanCd=2100001100&kikanKbn=2", "url2": null, "内容": "医療法人纉喜会朋友産婦人科クリニック【2:診療所】【診療科目:産婦人科】群馬県伊勢崎市豊城町２３６０ー２" }, "geometry": { "type": "Point", "coordinates": [ 139.223306, 36.33337 ] } },
{ "type": "Feature", "properties": { "ID": 1022100001103, "正式名称": "岡本眼科クリニック", "機関区分": 2, "都道府県コード": 10, "市区町村コード": 204, "所在地": "群馬県伊勢崎市西上之宮町１４０－１", "緯度": 36.314398, "経度": 139.141258, "url": "https://www.iryou.teikyouseido.mhlw.go.jp/znk-web/juminkanja/S2430/initialize?prefCd=10&kikanCd=2100001103&kikanKbn=2", "url2": null, "内容": "岡本眼科クリニック【2:診療所】【診療科目:眼科】群馬県伊勢崎市西上之宮町１４０－１" }, "geometry": { "type": "Point", "coordinates": [ 139.141258, 36.314398 ] } },
{ "type": "Feature", "properties": { "ID": 1022100001104, "正式名称": "岡本医院", "機関区分": 2, "都道府県コード": 10, "市区町村コード": 204, "所在地": "群馬県伊勢崎市西上之宮町１３１−１", "緯度": 36.31437, "経度": 139.141174, "url": "https://www.iryou.teikyouseido.mhlw.go.jp/znk-web/juminkanja/S2430/initialize?prefCd=10&kikanCd=2100001104&kikanKbn=2", "url2": "https://okamoto-clinic.in.coocan.jp/", "内容": "岡本医院【2:診療所】【診療科目:内科_糖尿病内科_循環器内科】群馬県伊勢崎市西上之宮町１３１−１" }, "geometry": { "type": "Point", "coordinates": [ 139.141174, 36.31437 ] } },
{ "type": "Feature", "properties": { "ID": 1022100001107, "正式名称": "片貝クリニック", "機関区分": 2, "都道府県コード": 10, "市区町村コード": 204, "所在地": "群馬県伊勢崎市韮塚町１２０７ー３", "緯度": 36.306789, "経度": 139.179033, "url": "https://www.iryou.teikyouseido.mhlw.go.jp/znk-web/juminkanja/S2430/initialize?prefCd=10&kikanCd=2100001107&kikanKbn=2", "url2": null, "内容": "片貝クリニック【2:診療所】【診療科目:内科_呼吸器内科_循環器内科_消化器内科】群馬県伊勢崎市韮塚町１２０７ー３" }, "geometry": { "type": "Point", "coordinates": [ 139.179033, 36.306789 ] } },
{ "type": "Feature", "properties": { "ID": 1022100001109, "正式名称": "茂木医院", "機関区分": 2, "都道府県コード": 10, "市区町村コード": 204, "所在地": "群馬県伊勢崎市野町７２ー１", "緯度": 36.38467, "経度": 139.229414, "url": "https://www.iryou.teikyouseido.mhlw.go.jp/znk-web/juminkanja/S2430/initialize?prefCd=10&kikanCd=2100001109&kikanKbn=2", "url2": null, "内容": "茂木医院【2:診療所】【診療科目:内科_呼吸器内科_循環器内科_消化器内科_外科_整形外科_小児科_眼科_耳鼻いんこう科_皮膚科_泌尿器科】群馬県伊勢崎市野町７２ー１" }, "geometry": { "type": "Point", "coordinates": [ 139.229414, 36.38467 ] } },
{ "type": "Feature", "properties": { "ID": 1022100001111, "正式名称": "医療法人波志江医院", "機関区分": 2, "都道府県コード": 10, "市区町村コード": 204, "所在地": "群馬県伊勢崎市波志江町２０５５－６", "緯度": 36.344229, "経度": 139.185836, "url": "https://www.iryou.teikyouseido.mhlw.go.jp/znk-web/juminkanja/S2430/initialize?prefCd=10&kikanCd=2100001111&kikanKbn=2", "url2": null, "内容": "医療法人波志江医院【2:診療所】【診療科目:内科_放射線診断科】群馬県伊勢崎市波志江町２０５５－６" }, "geometry": { "type": "Point", "coordinates": [ 139.185836, 36.344229 ] } },
{ "type": "Feature", "properties": { "ID": 1022100001112, "正式名称": "ほそい医院", "機関区分": 2, "都道府県コード": 10, "市区町村コード": 204, "所在地": "群馬県伊勢崎市波志江町２６９５ー１", "緯度": 36.357783, "経度": 139.18878, "url": "https://www.iryou.teikyouseido.mhlw.go.jp/znk-web/juminkanja/S2430/initialize?prefCd=10&kikanCd=2100001112&kikanKbn=2", "url2": null, "内容": "ほそい医院【2:診療所】【診療科目:内科_循環器内科】群馬県伊勢崎市波志江町２６９５ー１" }, "geometry": { "type": "Point", "coordinates": [ 139.18878, 36.357783 ] } },
{ "type": "Feature", "properties": { "ID": 1022100001114, "正式名称": "医療法人社団ルミエールだるま眼科", "機関区分": 2, "都道府県コード": 10, "市区町村コード": 202, "所在地": "群馬県高崎市飯塚町", "緯度": 36.339059, "経度": 139.00413, "url": "https://www.iryou.teikyouseido.mhlw.go.jp/znk-web/juminkanja/S2430/initialize?prefCd=10&kikanCd=2100001114&kikanKbn=2", "url2": "http://daruma-ganka.com/", "内容": "医療法人社団ルミエールだるま眼科【2:診療所】【診療科目:眼科】群馬県高崎市飯塚町" }, "geometry": { "type": "Point", "coordinates": [ 139.00413, 36.339059 ] } },
{ "type": "Feature", "properties": { "ID": 1022100001115, "正式名称": "佐藤整形外科医院", "機関区分": 2, "都道府県コード": 10, "市区町村コード": 204, "所在地": "群馬県伊勢崎市波志江町４１３７ー１０", "緯度": 36.344063, "経度": 139.196641, "url": "https://www.iryou.teikyouseido.mhlw.go.jp/znk-web/juminkanja/S2430/initialize?prefCd=10&kikanCd=2100001115&kikanKbn=2", "url2": null, "内容": "佐藤整形外科医院【2:診療所】【診療科目:整形外科】群馬県伊勢崎市波志江町４１３７ー１０" }, "geometry": { "type": "Point", "coordinates": [ 139.196641, 36.344063 ] } },
{ "type": "Feature", "properties": { "ID": 1022100001116, "正式名称": "医療法人あるむキッズクリニック", "機関区分": 2, "都道府県コード": 10, "市区町村コード": 204, "所在地": "群馬県伊勢崎市東小保方町３０８８ー７", "緯度": 36.333731, "経度": 139.245054, "url": "https://www.iryou.teikyouseido.mhlw.go.jp/znk-web/juminkanja/S2430/initialize?prefCd=10&kikanCd=2100001116&kikanKbn=2", "url2": null, "内容": "医療法人あるむキッズクリニック【2:診療所】【診療科目:小児科】群馬県伊勢崎市東小保方町３０８８ー７" }, "geometry": { "type": "Point", "coordinates": [ 139.245054, 36.333731 ] } },
{ "type": "Feature", "properties": { "ID": 1022100001117, "正式名称": "大井戸診療所", "機関区分": 2, "都道府県コード": 10, "市区町村コード": 204, "所在地": "群馬県伊勢崎市東小保方町４００８－１", "緯度": 36.316705, "経度": 139.245721, "url": "https://www.iryou.teikyouseido.mhlw.go.jp/znk-web/juminkanja/S2430/initialize?prefCd=10&kikanCd=2100001117&kikanKbn=2", "url2": "https://ooido.net", "内容": "大井戸診療所【2:診療所】【診療科目:内科_精神科_心療内科】群馬県伊勢崎市東小保方町４００８－１" }, "geometry": { "type": "Point", "coordinates": [ 139.245721, 36.316705 ] } },
{ "type": "Feature", "properties": { "ID": 1022100001118, "正式名称": "医療法人東上会本多外科医院", "機関区分": 2, "都道府県コード": 10, "市区町村コード": 204, "所在地": "群馬県伊勢崎市伊勢崎市東上之宮町３２１ー１", "緯度": 36.31376, "経度": 139.150507, "url": "https://www.iryou.teikyouseido.mhlw.go.jp/znk-web/juminkanja/S2430/initialize?prefCd=10&kikanCd=2100001118&kikanKbn=2", "url2": null, "内容": "医療法人東上会本多外科医院【2:診療所】【診療科目:内科_感染症内科_糖尿病内科_内分泌内科_脂質代謝内科_糖尿病・内分泌内科_糖尿病・代謝内科_代謝・内分泌内科_呼吸器内科_老年・呼吸器内科_気管食道内科_循環器内科_消化器内科_胃腸内科_腎臓内科_肝臓内科_内視鏡内科_アレルギー疾患内科_外科_乳腺外科_肛門外科_大腸・肛門外科_外傷_皮膚科_泌尿器科_男性泌尿器科_腎臓・泌尿器科_心療内科_アレルギー科】群馬県伊勢崎市伊勢崎市東上之宮町３２１ー１" }, "geometry": { "type": "Point", "coordinates": [ 139.150507, 36.31376 ] } },
{ "type": "Feature", "properties": { "ID": 1022100001119, "正式名称": "飯野医院", "機関区分": 2, "都道府県コード": 10, "市区町村コード": 204, "所在地": "群馬県伊勢崎市東町", "緯度": 36.340397, "経度": 139.243554, "url": "https://www.iryou.teikyouseido.mhlw.go.jp/znk-web/juminkanja/S2430/initialize?prefCd=10&kikanCd=2100001119&kikanKbn=2", "url2": null, "内容": "飯野医院【2:診療所】【診療科目:内科_放射線科_放射線診断科】群馬県伊勢崎市東町" }, "geometry": { "type": "Point", "coordinates": [ 139.243554, 36.340397 ] } },
{ "type": "Feature", "properties": { "ID": 1022100001120, "正式名称": "医療法人坂口こども診療所", "機関区分": 2, "都道府県コード": 10, "市区町村コード": 204, "所在地": "群馬県伊勢崎市東町２７６８ー１", "緯度": 36.345841, "経度": 139.243081, "url": "https://www.iryou.teikyouseido.mhlw.go.jp/znk-web/juminkanja/S2430/initialize?prefCd=10&kikanCd=2100001120&kikanKbn=2", "url2": "https://www.sakaguchi-kodomo.com/", "内容": "医療法人坂口こども診療所【2:診療所】【診療科目:小児科_アレルギー科】群馬県伊勢崎市東町２７６８ー１" }, "geometry": { "type": "Point", "coordinates": [ 139.243081, 36.345841 ] } },
{ "type": "Feature", "properties": { "ID": 1022100001122, "正式名称": "医療法人板垣整形外科医院", "機関区分": 2, "都道府県コード": 10, "市区町村コード": 204, "所在地": "群馬県伊勢崎市東本町１１０ー７", "緯度": 36.315677, "経度": 139.20453, "url": "https://www.iryou.teikyouseido.mhlw.go.jp/znk-web/juminkanja/S2430/initialize?prefCd=10&kikanCd=2100001122&kikanKbn=2", "url2": "https://itagakiseikei.com", "内容": "医療法人板垣整形外科医院【2:診療所】【診療科目:整形外科】群馬県伊勢崎市東本町１１０ー７" }, "geometry": { "type": "Point", "coordinates": [ 139.20453, 36.315677 ] } },
{ "type": "Feature", "properties": { "ID": 1022100001123, "正式名称": "医療法人山田外科内科医院", "機関区分": 2, "都道府県コード": 10, "市区町村コード": 204, "所在地": "群馬県伊勢崎市東本町４５", "緯度": 36.320593, "経度": 139.203475, "url": "https://www.iryou.teikyouseido.mhlw.go.jp/znk-web/juminkanja/S2430/initialize?prefCd=10&kikanCd=2100001123&kikanKbn=2", "url2": "http://www.yamada-gekanaika.jp", "内容": "医療法人山田外科内科医院【2:診療所】【診療科目:内科_消化器内科_内視鏡内科_外科】群馬県伊勢崎市東本町４５" }, "geometry": { "type": "Point", "coordinates": [ 139.203475, 36.320593 ] } },
{ "type": "Feature", "properties": { "ID": 1022100001124, "正式名称": "医療法人望真会古作クリニック", "機関区分": 2, "都道府県コード": 10, "市区町村コード": 204, "所在地": "群馬県伊勢崎市日乃出町１３５１ー８", "緯度": 36.322365, "経度": 139.216989, "url": "https://www.iryou.teikyouseido.mhlw.go.jp/znk-web/juminkanja/S2430/initialize?prefCd=10&kikanCd=2100001124&kikanKbn=2", "url2": null, "内容": "医療法人望真会古作クリニック【2:診療所】【診療科目:内科_外科_泌尿器科】群馬県伊勢崎市日乃出町１３５１ー８" }, "geometry": { "type": "Point", "coordinates": [ 139.216989, 36.322365 ] } },
{ "type": "Feature", "properties": { "ID": 1022100001125, "正式名称": "医療法人社団余沢医院", "機関区分": 2, "都道府県コード": 10, "市区町村コード": 204, "所在地": "群馬県伊勢崎市日乃出町五ー五", "緯度": 36.315844, "経度": 139.216224, "url": "https://www.iryou.teikyouseido.mhlw.go.jp/znk-web/juminkanja/S2430/initialize?prefCd=10&kikanCd=2100001125&kikanKbn=2", "url2": null, "内容": "医療法人社団余沢医院【2:診療所】【診療科目:内科_循環器内科】群馬県伊勢崎市日乃出町五ー五" }, "geometry": { "type": "Point", "coordinates": [ 139.216224, 36.315844 ] } },
{ "type": "Feature", "properties": { "ID": 1022100001126, "正式名称": "医療法人社団小田島医院", "機関区分": 2, "都道府県コード": 10, "市区町村コード": 204, "所在地": "群馬県伊勢崎市ひろせ町４０８３ー４", "緯度": 36.301678, "経度": 139.194698, "url": "https://www.iryou.teikyouseido.mhlw.go.jp/znk-web/juminkanja/S2430/initialize?prefCd=10&kikanCd=2100001126&kikanKbn=2", "url2": null, "内容": "医療法人社団小田島医院【2:診療所】【診療科目:内科_循環器内科】群馬県伊勢崎市ひろせ町４０８３ー４" }, "geometry": { "type": "Point", "coordinates": [ 139.194698, 36.301678 ] } },
{ "type": "Feature", "properties": { "ID": 1022100001127, "正式名称": "医療法人福栄会　広瀬耳鼻咽喉科医院", "機関区分": 2, "都道府県コード": 10, "市区町村コード": 204, "所在地": "群馬県伊勢崎市ひろせ町４０８４ー６", "緯度": 36.301151, "経度": 139.19642, "url": "https://www.iryou.teikyouseido.mhlw.go.jp/znk-web/juminkanja/S2430/initialize?prefCd=10&kikanCd=2100001127&kikanKbn=2", "url2": "hirose-jibika.com", "内容": "医療法人福栄会　広瀬耳鼻咽喉科医院【2:診療所】【診療科目:耳鼻いんこう科_頭頸部・耳鼻いんこう科】群馬県伊勢崎市ひろせ町４０８４ー６" }, "geometry": { "type": "Point", "coordinates": [ 139.19642, 36.301151 ] } },
{ "type": "Feature", "properties": { "ID": 1022100001128, "正式名称": "医療法人内山皮膚科医院", "機関区分": 2, "都道府県コード": 10, "市区町村コード": 204, "所在地": "群馬県伊勢崎市ひろせ町４１１５ー６", "緯度": 36.300706, "経度": 139.200281, "url": "https://www.iryou.teikyouseido.mhlw.go.jp/znk-web/juminkanja/S2430/initialize?prefCd=10&kikanCd=2100001128&kikanKbn=2", "url2": null, "内容": "医療法人内山皮膚科医院【2:診療所】【診療科目:皮膚科】群馬県伊勢崎市ひろせ町４１１５ー６" }, "geometry": { "type": "Point", "coordinates": [ 139.200281, 36.300706 ] } },
{ "type": "Feature", "properties": { "ID": 1022100001130, "正式名称": "医療法人日精堂設楽耳鼻咽喉科医院", "機関区分": 2, "都道府県コード": 10, "市区町村コード": 204, "所在地": "群馬県伊勢崎市平和町２５−３０", "緯度": 36.322871, "経度": 139.198003, "url": "https://www.iryou.teikyouseido.mhlw.go.jp/znk-web/juminkanja/S2430/initialize?prefCd=10&kikanCd=2100001130&kikanKbn=2", "url2": null, "内容": "医療法人日精堂設楽耳鼻咽喉科医院【2:診療所】【診療科目:耳鼻いんこう科】群馬県伊勢崎市平和町２５−３０" }, "geometry": { "type": "Point", "coordinates": [ 139.198003, 36.322871 ] } },
{ "type": "Feature", "properties": { "ID": 1022100001131, "正式名称": "医療法人社団かく眼科医院", "機関区分": 2, "都道府県コード": 10, "市区町村コード": 204, "所在地": "群馬県伊勢崎市中央町４ー７", "緯度": 36.321204, "経度": 139.199642, "url": "https://www.iryou.teikyouseido.mhlw.go.jp/znk-web/juminkanja/S2430/initialize?prefCd=10&kikanCd=2100001131&kikanKbn=2", "url2": null, "内容": "医療法人社団かく眼科医院【2:診療所】【診療科目:眼科】群馬県伊勢崎市中央町４ー７" }, "geometry": { "type": "Point", "coordinates": [ 139.199642, 36.321204 ] } },
{ "type": "Feature", "properties": { "ID": 1022100001132, "正式名称": "たかの内科医院", "機関区分": 2, "都道府県コード": 10, "市区町村コード": 204, "所在地": "群馬県伊勢崎市平和町４ー１４", "緯度": 36.325676, "経度": 139.200197, "url": "https://www.iryou.teikyouseido.mhlw.go.jp/znk-web/juminkanja/S2430/initialize?prefCd=10&kikanCd=2100001132&kikanKbn=2", "url2": null, "内容": "たかの内科医院【2:診療所】【診療科目:内科】群馬県伊勢崎市平和町４ー１４" }, "geometry": { "type": "Point", "coordinates": [ 139.200197, 36.325676 ] } },
{ "type": "Feature", "properties": { "ID": 1022100001133, "正式名称": "山崎整形外科内科医院", "機関区分": 2, "都道府県コード": 10, "市区町村コード": 204, "所在地": "群馬県伊勢崎市堀口町１０６番地１", "緯度": 36.292735, "経度": 139.182005, "url": "https://www.iryou.teikyouseido.mhlw.go.jp/znk-web/juminkanja/S2430/initialize?prefCd=10&kikanCd=2100001133&kikanKbn=2", "url2": "http://yamazaki-cl.net/", "内容": "山崎整形外科内科医院【2:診療所】【診療科目:内科_消化器内科_整形外科_リウマチ科_リハビリテーション科】群馬県伊勢崎市堀口町１０６番地１" }, "geometry": { "type": "Point", "coordinates": [ 139.182005, 36.292735 ] } },
{ "type": "Feature", "properties": { "ID": 1022100001134, "正式名称": "医療法人穂高会　伊勢崎スポーツ整形外科医院", "機関区分": 2, "都道府県コード": 10, "市区町村コード": 204, "所在地": "群馬県伊勢崎市堀口町５８６－１", "緯度": 36.287541, "経度": 139.188922, "url": "https://www.iryou.teikyouseido.mhlw.go.jp/znk-web/juminkanja/S2430/initialize?prefCd=10&kikanCd=2100001134&kikanKbn=2", "url2": "http://www.isesaki-seikei.com", "内容": "医療法人穂高会　伊勢崎スポーツ整形外科医院【2:診療所】【診療科目:整形外科_リハビリテーション科】群馬県伊勢崎市堀口町５８６－１" }, "geometry": { "type": "Point", "coordinates": [ 139.188922, 36.287541 ] } },
{ "type": "Feature", "properties": { "ID": 1022100001135, "正式名称": "小杉内科医院", "機関区分": 2, "都道府県コード": 10, "市区町村コード": 204, "所在地": "群馬県伊勢崎市堀口町６５９－１", "緯度": 36.286041, "経度": 139.190088, "url": "https://www.iryou.teikyouseido.mhlw.go.jp/znk-web/juminkanja/S2430/initialize?prefCd=10&kikanCd=2100001135&kikanKbn=2", "url2": null, "内容": "小杉内科医院【2:診療所】【診療科目:内科_消化器内科】群馬県伊勢崎市堀口町６５９－１" }, "geometry": { "type": "Point", "coordinates": [ 139.190088, 36.286041 ] } },
{ "type": "Feature", "properties": { "ID": 1022100001136, "正式名称": "田島医院", "機関区分": 2, "都道府県コード": 10, "市区町村コード": 204, "所在地": "群馬県伊勢崎市堀下町", "緯度": 36.364894, "経度": 139.216749, "url": "https://www.iryou.teikyouseido.mhlw.go.jp/znk-web/juminkanja/S2430/initialize?prefCd=10&kikanCd=2100001136&kikanKbn=2", "url2": null, "内容": "田島医院【2:診療所】【診療科目:内科_呼吸器内科_循環器内科_小児科】群馬県伊勢崎市堀下町" }, "geometry": { "type": "Point", "coordinates": [ 139.216749, 36.364894 ] } },
{ "type": "Feature", "properties": { "ID": 1022100001139, "正式名称": "医療法人社団齋藤会ほんまち皮フ科", "機関区分": 2, "都道府県コード": 10, "市区町村コード": 204, "所在地": "群馬県伊勢崎市本町５－１", "緯度": 36.320982, "経度": 139.196197, "url": "https://www.iryou.teikyouseido.mhlw.go.jp/znk-web/juminkanja/S2430/initialize?prefCd=10&kikanCd=2100001139&kikanKbn=2", "url2": null, "内容": "医療法人社団齋藤会ほんまち皮フ科【2:診療所】【診療科目:皮膚科】群馬県伊勢崎市本町５－１" }, "geometry": { "type": "Point", "coordinates": [ 139.196197, 36.320982 ] } },
{ "type": "Feature", "properties": { "ID": 1022100001141, "正式名称": "髙野眼科", "機関区分": 2, "都道府県コード": 10, "市区町村コード": 204, "所在地": "群馬県伊勢崎市馬見塚町１１５８ー１", "緯度": 36.272376, "経度": 139.210809, "url": "https://www.iryou.teikyouseido.mhlw.go.jp/znk-web/juminkanja/S2430/initialize?prefCd=10&kikanCd=2100001141&kikanKbn=2", "url2": "http://www.myclinic.ne.jp/takano_1213/", "内容": "髙野眼科【2:診療所】【診療科目:眼科】群馬県伊勢崎市馬見塚町１１５８ー１" }, "geometry": { "type": "Point", "coordinates": [ 139.210809, 36.272376 ] } },
{ "type": "Feature", "properties": { "ID": 1022100001142, "正式名称": "医療法人　あおきクリニック", "機関区分": 2, "都道府県コード": 10, "市区町村コード": 204, "所在地": "群馬県伊勢崎市馬見塚町１１６２ー１", "緯度": 36.271821, "経度": 139.211504, "url": "https://www.iryou.teikyouseido.mhlw.go.jp/znk-web/juminkanja/S2430/initialize?prefCd=10&kikanCd=2100001142&kikanKbn=2", "url2": "http://www.aokiclinic-tekuteku.jp/", "内容": "医療法人　あおきクリニック【2:診療所】【診療科目:内科_胃腸内科_外科_小児科_アレルギー科】群馬県伊勢崎市馬見塚町１１６２ー１" }, "geometry": { "type": "Point", "coordinates": [ 139.211504, 36.271821 ] } },
{ "type": "Feature", "properties": { "ID": 1022100001144, "正式名称": "豊受診療所", "機関区分": 2, "都道府県コード": 10, "市区町村コード": 204, "所在地": "群馬県伊勢崎市馬見塚町８６０－１", "緯度": 36.280625, "経度": 139.212392, "url": "https://www.iryou.teikyouseido.mhlw.go.jp/znk-web/juminkanja/S2430/initialize?prefCd=10&kikanCd=2100001144&kikanKbn=2", "url2": "https://www.toyouke-shinryoujo.com/", "内容": "豊受診療所【2:診療所】【診療科目:内科_循環器内科_小児科】群馬県伊勢崎市馬見塚町８６０－１" }, "geometry": { "type": "Point", "coordinates": [ 139.212392, 36.280625 ] } },
{ "type": "Feature", "properties": { "ID": 1022100001146, "正式名称": "佐川医院", "機関区分": 2, "都道府県コード": 10, "市区町村コード": 204, "所在地": "群馬県伊勢崎市緑町５ー３", "緯度": 36.319232, "経度": 139.197225, "url": "https://www.iryou.teikyouseido.mhlw.go.jp/znk-web/juminkanja/S2430/initialize?prefCd=10&kikanCd=2100001146&kikanKbn=2", "url2": null, "内容": "佐川医院【2:診療所】【診療科目:耳鼻いんこう科】群馬県伊勢崎市緑町５ー３" }, "geometry": { "type": "Point", "coordinates": [ 139.197225, 36.319232 ] } },
{ "type": "Feature", "properties": { "ID": 1022100001148, "正式名称": "医療法人七省会しおじまクリニック", "機関区分": 2, "都道府県コード": 10, "市区町村コード": 204, "所在地": "群馬県伊勢崎市南千木町５２２７－７", "緯度": 36.292457, "経度": 139.215142, "url": "https://www.iryou.teikyouseido.mhlw.go.jp/znk-web/juminkanja/S2430/initialize?prefCd=10&kikanCd=2100001148&kikanKbn=2", "url2": "http://www.shiojima-clinic.com/", "内容": "医療法人七省会しおじまクリニック【2:診療所】【診療科目:内科_消化器内科_胃腸内科_外科_肛門外科_放射線診断科】群馬県伊勢崎市南千木町５２２７－７" }, "geometry": { "type": "Point", "coordinates": [ 139.215142, 36.292457 ] } },
{ "type": "Feature", "properties": { "ID": 1022100001149, "正式名称": "医療法人光石会光石皮膚科医院", "機関区分": 2, "都道府県コード": 10, "市区町村コード": 204, "所在地": "群馬県伊勢崎市南千木町５２２３－１", "緯度": 36.292096, "経度": 139.214836, "url": "https://www.iryou.teikyouseido.mhlw.go.jp/znk-web/juminkanja/S2430/initialize?prefCd=10&kikanCd=2100001149&kikanKbn=2", "url2": null, "内容": "医療法人光石会光石皮膚科医院【2:診療所】【診療科目:皮膚科】群馬県伊勢崎市南千木町５２２３－１" }, "geometry": { "type": "Point", "coordinates": [ 139.214836, 36.292096 ] } },
{ "type": "Feature", "properties": { "ID": 1022100001150, "正式名称": "医療法人エスティ羽鳥こども医院", "機関区分": 2, "都道府県コード": 10, "市区町村コード": 204, "所在地": "群馬県伊勢崎市南千木町５２１５ー４", "緯度": 36.291957, "経度": 139.211947, "url": "https://www.iryou.teikyouseido.mhlw.go.jp/znk-web/juminkanja/S2430/initialize?prefCd=10&kikanCd=2100001150&kikanKbn=2", "url2": null, "内容": "医療法人エスティ羽鳥こども医院【2:診療所】【診療科目:小児科】群馬県伊勢崎市南千木町５２１５ー４" }, "geometry": { "type": "Point", "coordinates": [ 139.211947, 36.291957 ] } },
{ "type": "Feature", "properties": { "ID": 1022100001151, "正式名称": "医療法人小暮内科クリニック", "機関区分": 2, "都道府県コード": 10, "市区町村コード": 204, "所在地": "群馬県伊勢崎市三室町４４１３－１", "緯度": 36.328621, "経度": 139.240471, "url": "https://www.iryou.teikyouseido.mhlw.go.jp/znk-web/juminkanja/S2430/initialize?prefCd=10&kikanCd=2100001151&kikanKbn=2", "url2": "https://kogurenaika-clinic.com", "内容": "医療法人小暮内科クリニック【2:診療所】【診療科目:内科_胃腸内科_腎臓内科】群馬県伊勢崎市三室町４４１３－１" }, "geometry": { "type": "Point", "coordinates": [ 139.240471, 36.328621 ] } },
{ "type": "Feature", "properties": { "ID": 1022100001152, "正式名称": "医療法人真陽会きたはらクリニック", "機関区分": 2, "都道府県コード": 10, "市区町村コード": 204, "所在地": "群馬県伊勢崎市美茂呂町３７３７", "緯度": 36.302762, "経度": 139.198615, "url": "https://www.iryou.teikyouseido.mhlw.go.jp/znk-web/juminkanja/S2430/initialize?prefCd=10&kikanCd=2100001152&kikanKbn=2", "url2": "http://www.kitahara-clinic.jp/", "内容": "医療法人真陽会きたはらクリニック【2:診療所】【診療科目:内科_循環器内科_小児科_アレルギー科】群馬県伊勢崎市美茂呂町３７３７" }, "geometry": { "type": "Point", "coordinates": [ 139.198615, 36.302762 ] } },
{ "type": "Feature", "properties": { "ID": 1022100001154, "正式名称": "たなか内科消化器科クリニック", "機関区分": 2, "都道府県コード": 10, "市区町村コード": 204, "所在地": "群馬県伊勢崎市宮子町３５４３－８", "緯度": 36.330619, "経度": 139.152089, "url": "https://www.iryou.teikyouseido.mhlw.go.jp/znk-web/juminkanja/S2430/initialize?prefCd=10&kikanCd=2100001154&kikanKbn=2", "url2": "https://www.tanaka-shokaki.jp/", "内容": "たなか内科消化器科クリニック【2:診療所】【診療科目:内科_消化器内科_胃腸内科_肝臓内科】群馬県伊勢崎市宮子町３５４３－８" }, "geometry": { "type": "Point", "coordinates": [ 139.152089, 36.330619 ] } },
{ "type": "Feature", "properties": { "ID": 1022100001156, "正式名称": "森整形外科医院", "機関区分": 2, "都道府県コード": 10, "市区町村コード": 204, "所在地": "群馬県伊勢崎市宮子町３５８５ー１", "緯度": 36.329452, "経度": 139.15845, "url": "https://www.iryou.teikyouseido.mhlw.go.jp/znk-web/juminkanja/S2430/initialize?prefCd=10&kikanCd=2100001156&kikanKbn=2", "url2": null, "内容": "森整形外科医院【2:診療所】【診療科目:整形外科_リウマチ科】群馬県伊勢崎市宮子町３５８５ー１" }, "geometry": { "type": "Point", "coordinates": [ 139.15845, 36.329452 ] } },
{ "type": "Feature", "properties": { "ID": 1022100001157, "正式名称": "医療法人洗心会いいじま心療クリニック", "機関区分": 2, "都道府県コード": 10, "市区町村コード": 204, "所在地": "群馬県伊勢崎市宮子町９０８－２", "緯度": 36.326564, "経度": 139.157478, "url": "https://www.iryou.teikyouseido.mhlw.go.jp/znk-web/juminkanja/S2430/initialize?prefCd=10&kikanCd=2100001157&kikanKbn=2", "url2": "https://www.iijima-mc.com", "内容": "医療法人洗心会いいじま心療クリニック【2:診療所】【診療科目:精神科_心療内科】群馬県伊勢崎市宮子町９０８－２" }, "geometry": { "type": "Point", "coordinates": [ 139.157478, 36.326564 ] } },
{ "type": "Feature", "properties": { "ID": 1022100001158, "正式名称": "原内科医院", "機関区分": 2, "都道府県コード": 10, "市区町村コード": 204, "所在地": "群馬県伊勢崎市宮前町１１７－１", "緯度": 36.323843, "経度": 139.211224, "url": "https://www.iryou.teikyouseido.mhlw.go.jp/znk-web/juminkanja/S2430/initialize?prefCd=10&kikanCd=2100001158&kikanKbn=2", "url2": "https://www.haranaika.jp", "内容": "原内科医院【2:診療所】【診療科目:内科_呼吸器内科_循環器内科_アレルギー疾患内科_アレルギー科】群馬県伊勢崎市宮前町１１７－１" }, "geometry": { "type": "Point", "coordinates": [ 139.211224, 36.323843 ] } },
{ "type": "Feature", "properties": { "ID": 1022100001159, "正式名称": "医療法人矢島耳鼻咽喉科医院", "機関区分": 2, "都道府県コード": 10, "市区町村コード": 204, "所在地": "群馬県伊勢崎市本関町１１８０番地１", "緯度": 36.346813, "経度": 139.210306, "url": "https://www.iryou.teikyouseido.mhlw.go.jp/znk-web/juminkanja/S2430/initialize?prefCd=10&kikanCd=2100001159&kikanKbn=2", "url2": null, "内容": "医療法人矢島耳鼻咽喉科医院【2:診療所】【診療科目:耳鼻いんこう科】群馬県伊勢崎市本関町１１８０番地１" }, "geometry": { "type": "Point", "coordinates": [ 139.210306, 36.346813 ] } },
{ "type": "Feature", "properties": { "ID": 1022100001161, "正式名称": "医療法人山心会やまぐち内科医院", "機関区分": 2, "都道府県コード": 10, "市区町村コード": 204, "所在地": "群馬県伊勢崎市茂呂町２－３５１２－７", "緯度": 36.29654, "経度": 139.209642, "url": "https://www.iryou.teikyouseido.mhlw.go.jp/znk-web/juminkanja/S2430/initialize?prefCd=10&kikanCd=2100001161&kikanKbn=2", "url2": "http://www.yamaguchi-naika.info/", "内容": "医療法人山心会やまぐち内科医院【2:診療所】【診療科目:内科_循環器内科_小児科】群馬県伊勢崎市茂呂町２－３５１２－７" }, "geometry": { "type": "Point", "coordinates": [ 139.209642, 36.29654 ] } },
{ "type": "Feature", "properties": { "ID": 1022100001162, "正式名称": "医療法人こばやし整形外科医院", "機関区分": 2, "都道府県コード": 10, "市区町村コード": 204, "所在地": "群馬県伊勢崎市茂呂町２丁目３５３３ー５", "緯度": 36.306483, "経度": 139.201059, "url": "https://www.iryou.teikyouseido.mhlw.go.jp/znk-web/juminkanja/S2430/initialize?prefCd=10&kikanCd=2100001162&kikanKbn=2", "url2": null, "内容": "医療法人こばやし整形外科医院【2:診療所】【診療科目:整形外科】群馬県伊勢崎市茂呂町２丁目３５３３ー５" }, "geometry": { "type": "Point", "coordinates": [ 139.201059, 36.306483 ] } },
{ "type": "Feature", "properties": { "ID": 1022100001163, "正式名称": "医療法人清仁会石原医院", "機関区分": 2, "都道府県コード": 10, "市区町村コード": 204, "所在地": "群馬県伊勢崎市茂呂町１－５５２－２", "緯度": 36.305206, "経度": 139.204197, "url": "https://www.iryou.teikyouseido.mhlw.go.jp/znk-web/juminkanja/S2430/initialize?prefCd=10&kikanCd=2100001163&kikanKbn=2", "url2": "https://www.ishiharaiin-cl.com/", "内容": "医療法人清仁会石原医院【2:診療所】【診療科目:内科_循環器内科_小児科】群馬県伊勢崎市茂呂町１－５５２－２" }, "geometry": { "type": "Point", "coordinates": [ 139.204197, 36.305206 ] } },
{ "type": "Feature", "properties": { "ID": 1022100001164, "正式名称": "Ｎｅｏこどもクリニック", "機関区分": 2, "都道府県コード": 10, "市区町村コード": 204, "所在地": "群馬県伊勢崎市茂呂町ニ丁目２８６９", "緯度": 36.300484, "経度": 139.207281, "url": "https://www.iryou.teikyouseido.mhlw.go.jp/znk-web/juminkanja/S2430/initialize?prefCd=10&kikanCd=2100001164&kikanKbn=2", "url2": "https://byoinnavi.jp/clinic/62739www.shujii.com/neo-489go/", "内容": "Ｎｅｏこどもクリニック【2:診療所】【診療科目:内科_小児科】群馬県伊勢崎市茂呂町ニ丁目２８６９" }, "geometry": { "type": "Point", "coordinates": [ 139.207281, 36.300484 ] } },
{ "type": "Feature", "properties": { "ID": 1022100001165, "正式名称": "医療法人一灯会新生産婦人科医院", "機関区分": 2, "都道府県コード": 10, "市区町村コード": 204, "所在地": "群馬県伊勢崎市茂呂町２ー３５００ー４", "緯度": 36.299762, "経度": 139.20767, "url": "https://www.iryou.teikyouseido.mhlw.go.jp/znk-web/juminkanja/S2430/initialize?prefCd=10&kikanCd=2100001165&kikanKbn=2", "url2": "https://shinsei-isesaki.com", "内容": "医療法人一灯会新生産婦人科医院【2:診療所】【診療科目:小児科_産婦人科_麻酔科】群馬県伊勢崎市茂呂町２ー３５００ー４" }, "geometry": { "type": "Point", "coordinates": [ 139.20767, 36.299762 ] } },
{ "type": "Feature", "properties": { "ID": 1022100001166, "正式名称": "鈴木医院", "機関区分": 2, "都道府県コード": 10, "市区町村コード": 204, "所在地": "群馬県伊勢崎市八坂町５－８", "緯度": 36.314149, "経度": 139.198642, "url": "https://www.iryou.teikyouseido.mhlw.go.jp/znk-web/juminkanja/S2430/initialize?prefCd=10&kikanCd=2100001166&kikanKbn=2", "url2": "http://w01.tp1.jp/~a680057689/", "内容": "鈴木医院【2:診療所】【診療科目:内科_神経内科_脳神経外科_小児科】群馬県伊勢崎市八坂町５－８" }, "geometry": { "type": "Point", "coordinates": [ 139.198642, 36.314149 ] } },
{ "type": "Feature", "properties": { "ID": 1022100001169, "正式名称": "医療法人社団糖和会おない内科クリニック", "機関区分": 2, "都道府県コード": 10, "市区町村コード": 204, "所在地": "群馬県伊勢崎市連取本町１７４番地１３", "緯度": 36.318399, "経度": 139.186837, "url": "https://www.iryou.teikyouseido.mhlw.go.jp/znk-web/juminkanja/S2430/initialize?prefCd=10&kikanCd=2100001169&kikanKbn=2", "url2": "http://www.onainaika-clinic.jp", "内容": "医療法人社団糖和会おない内科クリニック【2:診療所】【診療科目:内科_糖尿病内科】群馬県伊勢崎市連取本町１７４番地１３" }, "geometry": { "type": "Point", "coordinates": [ 139.186837, 36.318399 ] } },
{ "type": "Feature", "properties": { "ID": 1022100001171, "正式名称": "医療法人社団孝安会　新田眼科", "機関区分": 2, "都道府県コード": 10, "市区町村コード": 204, "所在地": "群馬県伊勢崎市連取町", "緯度": 36.30865, "経度": 139.186477, "url": "https://www.iryou.teikyouseido.mhlw.go.jp/znk-web/juminkanja/S2430/initialize?prefCd=10&kikanCd=2100001171&kikanKbn=2", "url2": "http://www.nitta-ganka.or.jp", "内容": "医療法人社団孝安会　新田眼科【2:診療所】【診療科目:眼科】群馬県伊勢崎市連取町" }, "geometry": { "type": "Point", "coordinates": [ 139.186477, 36.30865 ] } },
{ "type": "Feature", "properties": { "ID": 1022100001172, "正式名称": "医療法人望真会古作クリニック韮塚分院", "機関区分": 2, "都道府県コード": 10, "市区町村コード": 204, "所在地": "群馬県伊勢崎市連取町３２７３ー１３", "緯度": 36.318176, "経度": 139.169533, "url": "https://www.iryou.teikyouseido.mhlw.go.jp/znk-web/juminkanja/S2430/initialize?prefCd=10&kikanCd=2100001172&kikanKbn=2", "url2": null, "内容": "医療法人望真会古作クリニック韮塚分院【2:診療所】【診療科目:泌尿器科】群馬県伊勢崎市連取町３２７３ー１３" }, "geometry": { "type": "Point", "coordinates": [ 139.169533, 36.318176 ] } },
{ "type": "Feature", "properties": { "ID": 1022100001173, "正式名称": "井田医院", "機関区分": 2, "都道府県コード": 10, "市区町村コード": 204, "所在地": "群馬県伊勢崎市連取町５９５", "緯度": 36.314288, "経度": 139.169283, "url": "https://www.iryou.teikyouseido.mhlw.go.jp/znk-web/juminkanja/S2430/initialize?prefCd=10&kikanCd=2100001173&kikanKbn=2", "url2": "https://idaiin-t.com", "内容": "井田医院【2:診療所】【診療科目:内科_消化器内科_内視鏡内科】群馬県伊勢崎市連取町５９５" }, "geometry": { "type": "Point", "coordinates": [ 139.169283, 36.314288 ] } },
{ "type": "Feature", "properties": { "ID": 1022100001174, "正式名称": "医療法人　若葉会　久保医院", "機関区分": 2, "都道府県コード": 10, "市区町村コード": 204, "所在地": "群馬県伊勢崎市若葉町１５－１４", "緯度": 36.319398, "経度": 139.187143, "url": "https://www.iryou.teikyouseido.mhlw.go.jp/znk-web/juminkanja/S2430/initialize?prefCd=10&kikanCd=2100001174&kikanKbn=2", "url2": "http://www.wakabakubo.com/", "内容": "医療法人　若葉会　久保医院【2:診療所】【診療科目:内科_呼吸器内科_消化器内科_小児科】群馬県伊勢崎市若葉町１５－１４" }, "geometry": { "type": "Point", "coordinates": [ 139.187143, 36.319398 ] } },
{ "type": "Feature", "properties": { "ID": 1022100001176, "正式名称": "よこて皮膚科医院", "機関区分": 2, "都道府県コード": 10, "市区町村コード": 464, "所在地": "群馬県佐波郡玉村町上之手２０２５−６", "緯度": 36.293761, "経度": 139.1159, "url": "https://www.iryou.teikyouseido.mhlw.go.jp/znk-web/juminkanja/S2430/initialize?prefCd=10&kikanCd=2100001176&kikanKbn=2", "url2": "http://med.wind.ne.jp/yokoryu/", "内容": "よこて皮膚科医院【2:診療所】【診療科目:皮膚科_アレルギー科】群馬県佐波郡玉村町上之手２０２５−６" }, "geometry": { "type": "Point", "coordinates": [ 139.1159, 36.293761 ] } },
{ "type": "Feature", "properties": { "ID": 1022100001177, "正式名称": "医療法人すこやかクリニック", "機関区分": 2, "都道府県コード": 10, "市区町村コード": 464, "所在地": "群馬県佐波郡玉村町小泉３４", "緯度": 36.295623, "経度": 139.153147, "url": "https://www.iryou.teikyouseido.mhlw.go.jp/znk-web/juminkanja/S2430/initialize?prefCd=10&kikanCd=2100001177&kikanKbn=2", "url2": null, "内容": "医療法人すこやかクリニック【2:診療所】【診療科目:小児科_皮膚科_アレルギー科】群馬県佐波郡玉村町小泉３４" }, "geometry": { "type": "Point", "coordinates": [ 139.153147, 36.295623 ] } },
{ "type": "Feature", "properties": { "ID": 1022100001178, "正式名称": "医療法人社団真正会南部眼科", "機関区分": 2, "都道府県コード": 10, "市区町村コード": 464, "所在地": "群馬県佐波郡玉村町後箇２１６ー１", "緯度": 36.297844, "経度": 139.125038, "url": "https://www.iryou.teikyouseido.mhlw.go.jp/znk-web/juminkanja/S2430/initialize?prefCd=10&kikanCd=2100001178&kikanKbn=2", "url2": "http://www.nanbuganka.dr-clinic.jp", "内容": "医療法人社団真正会南部眼科【2:診療所】【診療科目:眼科】群馬県佐波郡玉村町後箇２１６ー１" }, "geometry": { "type": "Point", "coordinates": [ 139.125038, 36.297844 ] } },
{ "type": "Feature", "properties": { "ID": 1022100001179, "正式名称": "大門整形外科医院", "機関区分": 2, "都道府県コード": 10, "市区町村コード": 464, "所在地": "群馬県佐波郡玉村町後箇２５３ー７", "緯度": 36.295622, "経度": 139.123593, "url": "https://www.iryou.teikyouseido.mhlw.go.jp/znk-web/juminkanja/S2430/initialize?prefCd=10&kikanCd=2100001179&kikanKbn=2", "url2": "http://www.localplace.jp/t000245154/", "内容": "大門整形外科医院【2:診療所】【診療科目:整形外科_リハビリテーション科】群馬県佐波郡玉村町後箇２５３ー７" }, "geometry": { "type": "Point", "coordinates": [ 139.123593, 36.295622 ] } },
{ "type": "Feature", "properties": { "ID": 1022100001180, "正式名称": "五十嵐医院下之宮出張", "機関区分": 2, "都道府県コード": 10, "市区町村コード": 464, "所在地": "群馬県佐波郡玉村町下之宮４２１ー１", "緯度": 36.300289, "経度": 139.146758, "url": "https://www.iryou.teikyouseido.mhlw.go.jp/znk-web/juminkanja/S2430/initialize?prefCd=10&kikanCd=2100001180&kikanKbn=2", "url2": null, "内容": "五十嵐医院下之宮出張【2:診療所】【診療科目:内科_整形外科_リハビリテーション科】群馬県佐波郡玉村町下之宮４２１ー１" }, "geometry": { "type": "Point", "coordinates": [ 139.146758, 36.300289 ] } },
{ "type": "Feature", "properties": { "ID": 1022100001181, "正式名称": "めぐみクリニック", "機関区分": 2, "都道府県コード": 10, "市区町村コード": 464, "所在地": "群馬県佐波郡玉村町下新田１１１９－６", "緯度": 36.301594, "経度": 139.117788, "url": "https://www.iryou.teikyouseido.mhlw.go.jp/znk-web/juminkanja/S2430/initialize?prefCd=10&kikanCd=2100001181&kikanKbn=2", "url2": "http://www.megumiclinic.jp/", "内容": "めぐみクリニック【2:診療所】【診療科目:耳鼻いんこう科】群馬県佐波郡玉村町下新田１１１９－６" }, "geometry": { "type": "Point", "coordinates": [ 139.117788, 36.301594 ] } },
{ "type": "Feature", "properties": { "ID": 1022100001183, "正式名称": "医療法人望真会古作クリニック玉村分院", "機関区分": 2, "都道府県コード": 10, "市区町村コード": 464, "所在地": "群馬県佐波郡玉村町樋越１７８ー７", "緯度": 36.320342, "経度": 139.127314, "url": "https://www.iryou.teikyouseido.mhlw.go.jp/znk-web/juminkanja/S2430/initialize?prefCd=10&kikanCd=2100001183&kikanKbn=2", "url2": null, "内容": "医療法人望真会古作クリニック玉村分院【2:診療所】【診療科目:泌尿器科】群馬県佐波郡玉村町樋越１７８ー７" }, "geometry": { "type": "Point", "coordinates": [ 139.127314, 36.320342 ] } },
{ "type": "Feature", "properties": { "ID": 1022100001186, "正式名称": "ゆのきこどもクリニック", "機関区分": 2, "都道府県コード": 10, "市区町村コード": 464, "所在地": "群馬県佐波郡玉村町福島", "緯度": 36.303982, "経度": 139.126954, "url": "https://www.iryou.teikyouseido.mhlw.go.jp/znk-web/juminkanja/S2430/initialize?prefCd=10&kikanCd=2100001186&kikanKbn=2", "url2": null, "内容": "ゆのきこどもクリニック【2:診療所】【診療科目:小児科_アレルギー科】群馬県佐波郡玉村町福島" }, "geometry": { "type": "Point", "coordinates": [ 139.126954, 36.303982 ] } },
{ "type": "Feature", "properties": { "ID": 1022100001187, "正式名称": "安寧会　宇津木医院", "機関区分": 2, "都道府県コード": 10, "市区町村コード": 464, "所在地": "群馬県佐波郡玉村町藤川１９８－２", "緯度": 36.328952, "経度": 139.129341, "url": "https://www.iryou.teikyouseido.mhlw.go.jp/znk-web/juminkanja/S2430/initialize?prefCd=10&kikanCd=2100001187&kikanKbn=2", "url2": "https://www.utsugi-iin.com/", "内容": "安寧会　宇津木医院【2:診療所】【診療科目:内科_小児科_産婦人科】群馬県佐波郡玉村町藤川１９８－２" }, "geometry": { "type": "Point", "coordinates": [ 139.129341, 36.328952 ] } },
{ "type": "Feature", "properties": { "ID": 1022100001188, "正式名称": "田口小児科医院", "機関区分": 2, "都道府県コード": 10, "市区町村コード": 464, "所在地": "群馬県佐波郡玉村町上新田１８８９", "緯度": 36.301538, "経度": 139.104234, "url": "https://www.iryou.teikyouseido.mhlw.go.jp/znk-web/juminkanja/S2430/initialize?prefCd=10&kikanCd=2100001188&kikanKbn=2", "url2": null, "内容": "田口小児科医院【2:診療所】【診療科目:内科_小児科】群馬県佐波郡玉村町上新田１８８９" }, "geometry": { "type": "Point", "coordinates": [ 139.104234, 36.301538 ] } },
{ "type": "Feature", "properties": { "ID": 1022100001189, "正式名称": "医療法人美琴会　たまむら中央クリニック", "機関区分": 2, "都道府県コード": 10, "市区町村コード": 464, "所在地": "群馬県佐波郡玉村町上之手１６３６ー１", "緯度": 36.296039, "経度": 139.112428, "url": "https://www.iryou.teikyouseido.mhlw.go.jp/znk-web/juminkanja/S2430/initialize?prefCd=10&kikanCd=2100001189&kikanKbn=2", "url2": "http://www.tamamura-chuoh.jp/", "内容": "医療法人美琴会　たまむら中央クリニック【2:診療所】【診療科目:内科_消化器内科_外科_乳腺外科_美容外科_小児科_皮膚科】群馬県佐波郡玉村町上之手１６３６ー１" }, "geometry": { "type": "Point", "coordinates": [ 139.112428, 36.296039 ] } },
{ "type": "Feature", "properties": { "ID": 1022100001193, "正式名称": "うしくぼこどもクリニック", "機関区分": 2, "都道府県コード": 10, "市区町村コード": 204, "所在地": "群馬県伊勢崎市連取町３０７３ー６", "緯度": 36.31701, "経度": 139.174699, "url": "https://www.iryou.teikyouseido.mhlw.go.jp/znk-web/juminkanja/S2430/initialize?prefCd=10&kikanCd=2100001193&kikanKbn=2", "url2": null, "内容": "うしくぼこどもクリニック【2:診療所】【診療科目:小児科】群馬県伊勢崎市連取町３０７３ー６" }, "geometry": { "type": "Point", "coordinates": [ 139.174699, 36.31701 ] } },
{ "type": "Feature", "properties": { "ID": 1022100001194, "正式名称": "ひぐち内科歯科クリニック", "機関区分": 2, "都道府県コード": 10, "市区町村コード": 464, "所在地": "群馬県佐波郡玉村町福島１０８０－１", "緯度": 36.309982, "経度": 139.125065, "url": "https://www.iryou.teikyouseido.mhlw.go.jp/znk-web/juminkanja/S2430/initialize?prefCd=10&kikanCd=2100001194&kikanKbn=2", "url2": "http://www.higu-clinic.com/", "内容": "ひぐち内科歯科クリニック【2:診療所】【診療科目:内科_歯科_小児歯科】群馬県佐波郡玉村町福島１０８０－１" }, "geometry": { "type": "Point", "coordinates": [ 139.125065, 36.309982 ] } },
{ "type": "Feature", "properties": { "ID": 1022100001197, "正式名称": "医療法人ライフサポート　わたらせリバーサイドクリニック", "機関区分": 2, "都道府県コード": 10, "市区町村コード": 203, "所在地": "群馬県桐生市相生町１丁目２２０番地１", "緯度": 36.399694, "経度": 139.321464, "url": "https://www.iryou.teikyouseido.mhlw.go.jp/znk-web/juminkanja/S2430/initialize?prefCd=10&kikanCd=2100001197&kikanKbn=2", "url2": "http://watarase-clinic.pdmove.com/", "内容": "医療法人ライフサポート　わたらせリバーサイドクリニック【2:診療所】【診療科目:内科_神経内科_皮膚科】群馬県桐生市相生町１丁目２２０番地１" }, "geometry": { "type": "Point", "coordinates": [ 139.321464, 36.399694 ] } },
{ "type": "Feature", "properties": { "ID": 1022100001198, "正式名称": "阿部医院", "機関区分": 2, "都道府県コード": 10, "市区町村コード": 203, "所在地": "群馬県桐生市相生町１ー３３８", "緯度": 36.402491, "経度": 139.3165, "url": "https://www.iryou.teikyouseido.mhlw.go.jp/znk-web/juminkanja/S2430/initialize?prefCd=10&kikanCd=2100001198&kikanKbn=2", "url2": null, "内容": "阿部医院【2:診療所】【診療科目:内科_精神科_心療内科】群馬県桐生市相生町１ー３３８" }, "geometry": { "type": "Point", "coordinates": [ 139.3165, 36.402491 ] } },
{ "type": "Feature", "properties": { "ID": 1022100001199, "正式名称": "医療法人前川会前川内科医院", "機関区分": 2, "都道府県コード": 10, "市区町村コード": 203, "所在地": "群馬県桐生市相生町２丁４５５番地１", "緯度": 36.413928, "経度": 139.307362, "url": "https://www.iryou.teikyouseido.mhlw.go.jp/znk-web/juminkanja/S2430/initialize?prefCd=10&kikanCd=2100001199&kikanKbn=2", "url2": "http://www.maekawa-naikaclinic.com", "内容": "医療法人前川会前川内科医院【2:診療所】【診療科目:内科_循環器内科_小児科】群馬県桐生市相生町２丁４５５番地１" }, "geometry": { "type": "Point", "coordinates": [ 139.307362, 36.413928 ] } },
{ "type": "Feature", "properties": { "ID": 1022100001201, "正式名称": "医療法人社団東郷会　相生ひふ科医院", "機関区分": 2, "都道府県コード": 10, "市区町村コード": 203, "所在地": "群馬県桐生市相生町２－５８４－１３", "緯度": 36.416158, "経度": 139.297393, "url": "https://www.iryou.teikyouseido.mhlw.go.jp/znk-web/juminkanja/S2430/initialize?prefCd=10&kikanCd=2100001201&kikanKbn=2", "url2": null, "内容": "医療法人社団東郷会　相生ひふ科医院【2:診療所】【診療科目:皮膚科】群馬県桐生市相生町２－５８４－１３" }, "geometry": { "type": "Point", "coordinates": [ 139.297393, 36.416158 ] } },
{ "type": "Feature", "properties": { "ID": 1022100001202, "正式名称": "東毛眼科クリニック", "機関区分": 2, "都道府県コード": 10, "市区町村コード": 203, "所在地": "群馬県桐生市相生町２－６９８－１", "緯度": 36.409002, "経度": 139.305962, "url": "https://www.iryou.teikyouseido.mhlw.go.jp/znk-web/juminkanja/S2430/initialize?prefCd=10&kikanCd=2100001202&kikanKbn=2", "url2": null, "内容": "東毛眼科クリニック【2:診療所】【診療科目:眼科】群馬県桐生市相生町２－６９８－１" }, "geometry": { "type": "Point", "coordinates": [ 139.305962, 36.409002 ] } },
{ "type": "Feature", "properties": { "ID": 1022100001203, "正式名称": "医療法人　興晶会　森田クリニック", "機関区分": 2, "都道府県コード": 10, "市区町村コード": 203, "所在地": "群馬県桐生市相生町２ー２３１ー１", "緯度": 36.411478, "経度": 139.31412, "url": "https://www.iryou.teikyouseido.mhlw.go.jp/znk-web/juminkanja/S2430/initialize?prefCd=10&kikanCd=2100001203&kikanKbn=2", "url2": "http://morita-clnic.byoinnavi.jp/pc/", "内容": "医療法人　興晶会　森田クリニック【2:診療所】【診療科目:内科_脳神経内科_神経内科_小児科】群馬県桐生市相生町２ー２３１ー１" }, "geometry": { "type": "Point", "coordinates": [ 139.31412, 36.411478 ] } },
{ "type": "Feature", "properties": { "ID": 1022100001204, "正式名称": "小暮医院", "機関区分": 2, "都道府県コード": 10, "市区町村コード": 203, "所在地": "群馬県桐生市相生町２ー８４７ー２", "緯度": 36.410676, "経度": 139.309619, "url": "https://www.iryou.teikyouseido.mhlw.go.jp/znk-web/juminkanja/S2430/initialize?prefCd=10&kikanCd=2100001204&kikanKbn=2", "url2": null, "内容": "小暮医院【2:診療所】【診療科目:内科_糖尿病・内分泌内科】群馬県桐生市相生町２ー８４７ー２" }, "geometry": { "type": "Point", "coordinates": [ 139.309619, 36.410676 ] } },
{ "type": "Feature", "properties": { "ID": 1022100001205, "正式名称": "医療法人宏愛会　篠原クリニック", "機関区分": 2, "都道府県コード": 10, "市区町村コード": 203, "所在地": "群馬県桐生市相生町３ー１７４ー２２", "緯度": 36.418503, "経度": 139.303345, "url": "https://www.iryou.teikyouseido.mhlw.go.jp/znk-web/juminkanja/S2430/initialize?prefCd=10&kikanCd=2100001205&kikanKbn=2", "url2": "http://www.koaikai.jp/", "内容": "医療法人宏愛会　篠原クリニック【2:診療所】【診療科目:内科_消化器内科_整形外科】群馬県桐生市相生町３ー１７４ー２２" }, "geometry": { "type": "Point", "coordinates": [ 139.303345, 36.418503 ] } },
{ "type": "Feature", "properties": { "ID": 1022100001206, "正式名称": "医療法人鈴木整形外科クリニック", "機関区分": 2, "都道府県コード": 10, "市区町村コード": 203, "所在地": "群馬県桐生市相生町５ー３８７ー９９", "緯度": 36.4128, "経度": 139.295105, "url": "https://www.iryou.teikyouseido.mhlw.go.jp/znk-web/juminkanja/S2430/initialize?prefCd=10&kikanCd=2100001206&kikanKbn=2", "url2": null, "内容": "医療法人鈴木整形外科クリニック【2:診療所】【診療科目:整形外科】群馬県桐生市相生町５ー３８７ー９９" }, "geometry": { "type": "Point", "coordinates": [ 139.295105, 36.4128 ] } },
{ "type": "Feature", "properties": { "ID": 1022100001208, "正式名称": "しむらクリニック", "機関区分": 2, "都道府県コード": 10, "市区町村コード": 203, "所在地": "群馬県桐生市相生町１－６２７", "緯度": 36.401086, "経度": 139.308584, "url": "https://www.iryou.teikyouseido.mhlw.go.jp/znk-web/juminkanja/S2430/initialize?prefCd=10&kikanCd=2100001208&kikanKbn=2", "url2": "http://www.shimura-clinic.com", "内容": "しむらクリニック【2:診療所】【診療科目:小児科_皮膚科】群馬県桐生市相生町１－６２７" }, "geometry": { "type": "Point", "coordinates": [ 139.308584, 36.401086 ] } },
{ "type": "Feature", "properties": { "ID": 1022100001211, "正式名称": "医療法人群耳会耳鼻咽喉科設楽医院", "機関区分": 2, "都道府県コード": 10, "市区町村コード": 203, "所在地": "群馬県桐生市相生町２ー４７１ー７", "緯度": 36.414656, "経度": 139.307262, "url": "https://www.iryou.teikyouseido.mhlw.go.jp/znk-web/juminkanja/S2430/initialize?prefCd=10&kikanCd=2100001211&kikanKbn=2", "url2": null, "内容": "医療法人群耳会耳鼻咽喉科設楽医院【2:診療所】【診療科目:頭頸部・耳鼻いんこう科】群馬県桐生市相生町２ー４７１ー７" }, "geometry": { "type": "Point", "coordinates": [ 139.307262, 36.414656 ] } },
{ "type": "Feature", "properties": { "ID": 1022100001212, "正式名称": "群馬中央医療生活協同組合　桐生協立診療所", "機関区分": 2, "都道府県コード": 10, "市区町村コード": 203, "所在地": "群馬県桐生市相生町２－５５４－７", "緯度": 36.419172, "経度": 139.296485, "url": "https://www.iryou.teikyouseido.mhlw.go.jp/znk-web/juminkanja/S2430/initialize?prefCd=10&kikanCd=2100001212&kikanKbn=2", "url2": "https://www.kyouritsu.org/hospital_clinic/kiryu_cl.htm", "内容": "群馬中央医療生活協同組合　桐生協立診療所【2:診療所】【診療科目:内科】群馬県桐生市相生町２－５５４－７" }, "geometry": { "type": "Point", "coordinates": [ 139.296485, 36.419172 ] } },
{ "type": "Feature", "properties": { "ID": 1022100001213, "正式名称": "あいおい眼科医院", "機関区分": 2, "都道府県コード": 10, "市区町村コード": 203, "所在地": "群馬県桐生市相生町", "緯度": 36.41026, "経度": 139.314766, "url": "https://www.iryou.teikyouseido.mhlw.go.jp/znk-web/juminkanja/S2430/initialize?prefCd=10&kikanCd=2100001213&kikanKbn=2", "url2": null, "内容": "あいおい眼科医院【2:診療所】【診療科目:眼科】群馬県桐生市相生町" }, "geometry": { "type": "Point", "coordinates": [ 139.314766, 36.41026 ] } },
{ "type": "Feature", "properties": { "ID": 1022100001215, "正式名称": "医療法人社団みやざわ整形外科", "機関区分": 2, "都道府県コード": 10, "市区町村コード": 203, "所在地": "群馬県桐生市相生町３ー５１５ー５", "緯度": 36.424702, "経度": 139.299451, "url": "https://www.iryou.teikyouseido.mhlw.go.jp/znk-web/juminkanja/S2430/initialize?prefCd=10&kikanCd=2100001215&kikanKbn=2", "url2": null, "内容": "医療法人社団みやざわ整形外科【2:診療所】【診療科目:外科_整形外科_リウマチ科_リハビリテーション科】群馬県桐生市相生町３ー５１５ー５" }, "geometry": { "type": "Point", "coordinates": [ 139.299451, 36.424702 ] } },
{ "type": "Feature", "properties": { "ID": 1022100001216, "正式名称": "医療法人芳純会　関田内科クリニック", "機関区分": 2, "都道府県コード": 10, "市区町村コード": 203, "所在地": "群馬県桐生市相生町５ー２８４ー２１", "緯度": 36.407387, "経度": 139.298885, "url": "https://www.iryou.teikyouseido.mhlw.go.jp/znk-web/juminkanja/S2430/initialize?prefCd=10&kikanCd=2100001216&kikanKbn=2", "url2": null, "内容": "医療法人芳純会　関田内科クリニック【2:診療所】【診療科目:内科_循環器内科_小児科】群馬県桐生市相生町５ー２８４ー２１" }, "geometry": { "type": "Point", "coordinates": [ 139.298885, 36.407387 ] } },
{ "type": "Feature", "properties": { "ID": 1022100001218, "正式名称": "安部クリニック", "機関区分": 2, "都道府県コード": 10, "市区町村コード": 203, "所在地": "群馬県桐生市旭町１８０ー３", "緯度": 36.406753, "経度": 139.337237, "url": "https://www.iryou.teikyouseido.mhlw.go.jp/znk-web/juminkanja/S2430/initialize?prefCd=10&kikanCd=2100001218&kikanKbn=2", "url2": null, "内容": "安部クリニック【2:診療所】【診療科目:内科_産婦人科_麻酔科】群馬県桐生市旭町１８０ー３" }, "geometry": { "type": "Point", "coordinates": [ 139.337237, 36.406753 ] } },
{ "type": "Feature", "properties": { "ID": 1022100001224, "正式名称": "医療法人リンクスおりひめ医院", "機関区分": 2, "都道府県コード": 10, "市区町村コード": 203, "所在地": "群馬県桐生市織姫町４ー３３", "緯度": 36.402552, "経度": 139.328326, "url": "https://www.iryou.teikyouseido.mhlw.go.jp/znk-web/juminkanja/S2430/initialize?prefCd=10&kikanCd=2100001224&kikanKbn=2", "url2": "http://www.orihimeiin.com", "内容": "医療法人リンクスおりひめ医院【2:診療所】【診療科目:小児科_耳鼻いんこう科】群馬県桐生市織姫町４ー３３" }, "geometry": { "type": "Point", "coordinates": [ 139.328326, 36.402552 ] } },
{ "type": "Feature", "properties": { "ID": 1022100001226, "正式名称": "医療法人山育会たかのす診療所", "機関区分": 2, "都道府県コード": 10, "市区町村コード": 203, "所在地": "群馬県桐生市川内町２－２８９－１", "緯度": 36.430112, "経度": 139.312055, "url": "https://www.iryou.teikyouseido.mhlw.go.jp/znk-web/juminkanja/S2430/initialize?prefCd=10&kikanCd=2100001226&kikanKbn=2", "url2": "http://www.sanikukai.com/", "内容": "医療法人山育会たかのす診療所【2:診療所】【診療科目:内科_小児科_産婦人科_歯科】群馬県桐生市川内町２－２８９－１" }, "geometry": { "type": "Point", "coordinates": [ 139.312055, 36.430112 ] } },
{ "type": "Feature", "properties": { "ID": 1022100001227, "正式名称": "医療法人社団藤井クリニック", "機関区分": 2, "都道府県コード": 10, "市区町村コード": 203, "所在地": "群馬県桐生市川内町４－２０８", "緯度": 36.429704, "経度": 139.303856, "url": "https://www.iryou.teikyouseido.mhlw.go.jp/znk-web/juminkanja/S2430/initialize?prefCd=10&kikanCd=2100001227&kikanKbn=2", "url2": "https://kiryu-fujiiclinic.com", "内容": "医療法人社団藤井クリニック【2:診療所】【診療科目:内科_外科_小児科】群馬県桐生市川内町４－２０８" }, "geometry": { "type": "Point", "coordinates": [ 139.303856, 36.429704 ] } },
{ "type": "Feature", "properties": { "ID": 1022100001229, "正式名称": "林内科医院", "機関区分": 2, "都道府県コード": 10, "市区町村コード": 203, "所在地": "群馬県桐生市川岸町１７９", "緯度": 36.406474, "経度": 139.337023, "url": "https://www.iryou.teikyouseido.mhlw.go.jp/znk-web/juminkanja/S2430/initialize?prefCd=10&kikanCd=2100001229&kikanKbn=2", "url2": null, "内容": "林内科医院【2:診療所】【診療科目:内科_呼吸器内科_循環器内科_消化器内科_胃腸内科】群馬県桐生市川岸町１７９" }, "geometry": { "type": "Point", "coordinates": [ 139.337023, 36.406474 ] } },
{ "type": "Feature", "properties": { "ID": 1022100001232, "正式名称": "医療法人悠仁会星野クリニック", "機関区分": 2, "都道府県コード": 10, "市区町村コード": 203, "所在地": "群馬県桐生市小曾根町７－１８", "緯度": 36.415073, "経度": 139.334389, "url": "https://www.iryou.teikyouseido.mhlw.go.jp/znk-web/juminkanja/S2430/initialize?prefCd=10&kikanCd=2100001232&kikanKbn=2", "url2": "http://www.myclinic.ne.jp/hoshinoj/pc/", "内容": "医療法人悠仁会星野クリニック【2:診療所】【診療科目:内科_呼吸器内科_循環器内科_消化器内科_老年内科_小児科】群馬県桐生市小曾根町７－１８" }, "geometry": { "type": "Point", "coordinates": [ 139.334389, 36.415073 ] } },
{ "type": "Feature", "properties": { "ID": 1022100001233, "正式名称": "菊地医院", "機関区分": 2, "都道府県コード": 10, "市区町村コード": 203, "所在地": "群馬県桐生市琴平町２ー４７", "緯度": 36.395447, "経度": 139.338887, "url": "https://www.iryou.teikyouseido.mhlw.go.jp/znk-web/juminkanja/S2430/initialize?prefCd=10&kikanCd=2100001233&kikanKbn=2", "url2": "https://www.kiryu-kikuchiiin.jp", "内容": "菊地医院【2:診療所】【診療科目:内科_呼吸器内科_循環器内科_消化器内科】群馬県桐生市琴平町２ー４７" }, "geometry": { "type": "Point", "coordinates": [ 139.338887, 36.395447 ] } },
{ "type": "Feature", "properties": { "ID": 1022100001234, "正式名称": "みなみ眼科", "機関区分": 2, "都道府県コード": 10, "市区町村コード": 203, "所在地": "群馬県桐生市境野町１ー１２６２－１", "緯度": 36.398255, "経度": 139.343153, "url": "https://www.iryou.teikyouseido.mhlw.go.jp/znk-web/juminkanja/S2430/initialize?prefCd=10&kikanCd=2100001234&kikanKbn=2", "url2": null, "内容": "みなみ眼科【2:診療所】【診療科目:眼科】群馬県桐生市境野町１ー１２６２－１" }, "geometry": { "type": "Point", "coordinates": [ 139.343153, 36.398255 ] } },
{ "type": "Feature", "properties": { "ID": 1022100001235, "正式名称": "さかいのクリニック", "機関区分": 2, "都道府県コード": 10, "市区町村コード": 203, "所在地": "群馬県桐生市境野町", "緯度": 36.389428, "経度": 139.352458, "url": "https://www.iryou.teikyouseido.mhlw.go.jp/znk-web/juminkanja/S2430/initialize?prefCd=10&kikanCd=2100001235&kikanKbn=2", "url2": null, "内容": "さかいのクリニック【2:診療所】【診療科目:内科_呼吸器内科_リハビリテーション科】群馬県桐生市境野町" }, "geometry": { "type": "Point", "coordinates": [ 139.352458, 36.389428 ] } },
{ "type": "Feature", "properties": { "ID": 1022100001238, "正式名称": "医療法人　藤井内科医院", "機関区分": 2, "都道府県コード": 10, "市区町村コード": 203, "所在地": "群馬県桐生市境野町６－１４６３－１", "緯度": 36.387984, "経度": 139.351423, "url": "https://www.iryou.teikyouseido.mhlw.go.jp/znk-web/juminkanja/S2430/initialize?prefCd=10&kikanCd=2100001238&kikanKbn=2", "url2": null, "内容": "医療法人　藤井内科医院【2:診療所】【診療科目:内科_循環器内科_胃腸内科】群馬県桐生市境野町６－１４６３－１" }, "geometry": { "type": "Point", "coordinates": [ 139.351423, 36.387984 ] } },
{ "type": "Feature", "properties": { "ID": 1022100001239, "正式名称": "医療法人　一和会　いずみ内科", "機関区分": 2, "都道府県コード": 10, "市区町村コード": 203, "所在地": "群馬県桐生市境野町６ー５４１ー２", "緯度": 36.386881, "経度": 139.354209, "url": "https://www.iryou.teikyouseido.mhlw.go.jp/znk-web/juminkanja/S2430/initialize?prefCd=10&kikanCd=2100001239&kikanKbn=2", "url2": null, "内容": "医療法人　一和会　いずみ内科【2:診療所】【診療科目:内科_循環器内科_消化器内科_小児科】群馬県桐生市境野町６ー５４１ー２" }, "geometry": { "type": "Point", "coordinates": [ 139.354209, 36.386881 ] } },
{ "type": "Feature", "properties": { "ID": 1022100001241, "正式名称": "医療法人社団新宿医院", "機関区分": 2, "都道府県コード": 10, "市区町村コード": 203, "所在地": "群馬県桐生市新宿１ー１３ー１４", "緯度": 36.399616, "経度": 139.33687, "url": "https://www.iryou.teikyouseido.mhlw.go.jp/znk-web/juminkanja/S2430/initialize?prefCd=10&kikanCd=2100001241&kikanKbn=2", "url2": null, "内容": "医療法人社団新宿医院【2:診療所】【診療科目:内科_消化器内科_小児科】群馬県桐生市新宿１ー１３ー１４" }, "geometry": { "type": "Point", "coordinates": [ 139.33687, 36.399616 ] } },
{ "type": "Feature", "properties": { "ID": 1022100001242, "正式名称": "山崎医院", "機関区分": 2, "都道府県コード": 10, "市区町村コード": 203, "所在地": "群馬県桐生市新宿１ー６ー５", "緯度": 36.401991, "経度": 139.336995, "url": "https://www.iryou.teikyouseido.mhlw.go.jp/znk-web/juminkanja/S2430/initialize?prefCd=10&kikanCd=2100001242&kikanKbn=2", "url2": "https://yamazakiiin-kiryu.com", "内容": "山崎医院【2:診療所】【診療科目:内科_消化器内科_皮膚科】群馬県桐生市新宿１ー６ー５" }, "geometry": { "type": "Point", "coordinates": [ 139.336995, 36.401991 ] } },
{ "type": "Feature", "properties": { "ID": 1022100001245, "正式名称": "小島内科医院", "機関区分": 2, "都道府県コード": 10, "市区町村コード": 203, "所在地": "群馬県桐生市新宿３－１－１２", "緯度": 36.397961, "経度": 139.342814, "url": "https://www.iryou.teikyouseido.mhlw.go.jp/znk-web/juminkanja/S2430/initialize?prefCd=10&kikanCd=2100001245&kikanKbn=2", "url2": null, "内容": "小島内科医院【2:診療所】【診療科目:内科】群馬県桐生市新宿３－１－１２" }, "geometry": { "type": "Point", "coordinates": [ 139.342814, 36.397961 ] } },
{ "type": "Feature", "properties": { "ID": 1022100001246, "正式名称": "おのこどもクリニック", "機関区分": 2, "都道府県コード": 10, "市区町村コード": 203, "所在地": "群馬県桐生市新宿３ー１３ー３５", "緯度": 36.395041, "経度": 139.340892, "url": "https://www.iryou.teikyouseido.mhlw.go.jp/znk-web/juminkanja/S2430/initialize?prefCd=10&kikanCd=2100001246&kikanKbn=2", "url2": "http://www.myclinic.ne.jp/onokodomo/pc/", "内容": "おのこどもクリニック【2:診療所】【診療科目:小児科】群馬県桐生市新宿３ー１３ー３５" }, "geometry": { "type": "Point", "coordinates": [ 139.340892, 36.395041 ] } },
{ "type": "Feature", "properties": { "ID": 1022100001248, "正式名称": "医療法人永済会永田医院", "機関区分": 2, "都道府県コード": 10, "市区町村コード": 203, "所在地": "群馬県桐生市末広町４ー８", "緯度": 36.412051, "経度": 139.335048, "url": "https://www.iryou.teikyouseido.mhlw.go.jp/znk-web/juminkanja/S2430/initialize?prefCd=10&kikanCd=2100001248&kikanKbn=2", "url2": null, "内容": "医療法人永済会永田医院【2:診療所】【診療科目:内科_外科_小児科】群馬県桐生市末広町４ー８" }, "geometry": { "type": "Point", "coordinates": [ 139.335048, 36.412051 ] } },
{ "type": "Feature", "properties": { "ID": 1022100001252, "正式名称": "医療法人前原内科医院", "機関区分": 2, "都道府県コード": 10, "市区町村コード": 203, "所在地": "群馬県桐生市天神町１ー４ー１", "緯度": 36.421839, "経度": 139.347444, "url": "https://www.iryou.teikyouseido.mhlw.go.jp/znk-web/juminkanja/S2430/initialize?prefCd=10&kikanCd=2100001252&kikanKbn=2", "url2": null, "内容": "医療法人前原内科医院【2:診療所】【診療科目:内科_呼吸器内科_循環器内科_消化器内科_精神科_心療内科_麻酔科】群馬県桐生市天神町１ー４ー１" }, "geometry": { "type": "Point", "coordinates": [ 139.347444, 36.421839 ] } },
{ "type": "Feature", "properties": { "ID": 1022100001253, "正式名称": "医療法人菊寿会城田クリニック", "機関区分": 2, "都道府県コード": 10, "市区町村コード": 203, "所在地": "群馬県桐生市天神町３ー５ー２４", "緯度": 36.428663, "経度": 139.350982, "url": "https://www.iryou.teikyouseido.mhlw.go.jp/znk-web/juminkanja/S2430/initialize?prefCd=10&kikanCd=2100001253&kikanKbn=2", "url2": "http://shirotaclinic.jp/", "内容": "医療法人菊寿会城田クリニック【2:診療所】【診療科目:内科】群馬県桐生市天神町３ー５ー２４" }, "geometry": { "type": "Point", "coordinates": [ 139.350982, 36.428663 ] } },
{ "type": "Feature", "properties": { "ID": 1022100001254, "正式名称": "医療法人岳昭会　石川整形外科医院", "機関区分": 2, "都道府県コード": 10, "市区町村コード": 203, "所在地": "群馬県桐生市天神町３－５－２４", "緯度": 36.428663, "経度": 139.350982, "url": "https://www.iryou.teikyouseido.mhlw.go.jp/znk-web/juminkanja/S2430/initialize?prefCd=10&kikanCd=2100001254&kikanKbn=2", "url2": null, "内容": "医療法人岳昭会　石川整形外科医院【2:診療所】【診療科目:外科_整形外科_皮膚科_リウマチ科_リハビリテーション科】群馬県桐生市天神町３－５－２４" }, "geometry": { "type": "Point", "coordinates": [ 139.350982, 36.428663 ] } },
{ "type": "Feature", "properties": { "ID": 1022100001256, "正式名称": "坂本内科医院", "機関区分": 2, "都道府県コード": 10, "市区町村コード": 203, "所在地": "群馬県桐生市仲町１ー１３ー３０", "緯度": 36.41182, "経度": 139.343022, "url": "https://www.iryou.teikyouseido.mhlw.go.jp/znk-web/juminkanja/S2430/initialize?prefCd=10&kikanCd=2100001256&kikanKbn=2", "url2": null, "内容": "坂本内科医院【2:診療所】【診療科目:内科】群馬県桐生市仲町１ー１３ー３０" }, "geometry": { "type": "Point", "coordinates": [ 139.343022, 36.41182 ] } },
{ "type": "Feature", "properties": { "ID": 1022100001258, "正式名称": "医療法人双弘会　袖野眼科医院", "機関区分": 2, "都道府県コード": 10, "市区町村コード": 203, "所在地": "群馬県桐生市仲町２ー１０ー４１", "緯度": 36.409265, "経度": 139.341642, "url": "https://www.iryou.teikyouseido.mhlw.go.jp/znk-web/juminkanja/S2430/initialize?prefCd=10&kikanCd=2100001258&kikanKbn=2", "url2": null, "内容": "医療法人双弘会　袖野眼科医院【2:診療所】【診療科目:眼科】群馬県桐生市仲町２ー１０ー４１" }, "geometry": { "type": "Point", "coordinates": [ 139.341642, 36.409265 ] } },
{ "type": "Feature", "properties": { "ID": 1022100001259, "正式名称": "ひきた小児科クリニック", "機関区分": 2, "都道府県コード": 10, "市区町村コード": 203, "所在地": "群馬県桐生市仲町２丁目７番２０号", "緯度": 36.408951, "経度": 139.341128, "url": "https://www.iryou.teikyouseido.mhlw.go.jp/znk-web/juminkanja/S2430/initialize?prefCd=10&kikanCd=2100001259&kikanKbn=2", "url2": "http://www.hikita.sx3.jp/", "内容": "ひきた小児科クリニック【2:診療所】【診療科目:小児科_アレルギー科】群馬県桐生市仲町２丁目７番２０号" }, "geometry": { "type": "Point", "coordinates": [ 139.341128, 36.408951 ] } },
{ "type": "Feature", "properties": { "ID": 1022100001260, "正式名称": "こんどう整形外科リハビリテーション科医院", "機関区分": 2, "都道府県コード": 10, "市区町村コード": 203, "所在地": "群馬県桐生市仲町２−１１−６", "緯度": 36.409196, "経度": 139.342733, "url": "https://www.iryou.teikyouseido.mhlw.go.jp/znk-web/juminkanja/S2430/initialize?prefCd=10&kikanCd=2100001260&kikanKbn=2", "url2": "http://www.kondoiin.jp/", "内容": "こんどう整形外科リハビリテーション科医院【2:診療所】【診療科目:ペインクリニック内科_整形外科_リウマチ科_リハビリテーション科_麻酔科】群馬県桐生市仲町２−１１−６" }, "geometry": { "type": "Point", "coordinates": [ 139.342733, 36.409196 ] } },
{ "type": "Feature", "properties": { "ID": 1022100001261, "正式名称": "医療法人細野医院", "機関区分": 2, "都道府県コード": 10, "市区町村コード": 203, "所在地": "群馬県桐生市新里町新川１３５４ー６", "緯度": 36.414691, "経度": 139.256342, "url": "https://www.iryou.teikyouseido.mhlw.go.jp/znk-web/juminkanja/S2430/initialize?prefCd=10&kikanCd=2100001261&kikanKbn=2", "url2": "https://www.shimizucl-niisato.com/", "内容": "医療法人細野医院【2:診療所】【診療科目:内科_消化器内科_肝臓内科】群馬県桐生市新里町新川１３５４ー６" }, "geometry": { "type": "Point", "coordinates": [ 139.256342, 36.414691 ] } },
{ "type": "Feature", "properties": { "ID": 1022100001264, "正式名称": "医療法人　澄観　矢部クリニック", "機関区分": 2, "都道府県コード": 10, "市区町村コード": 203, "所在地": "群馬県桐生市錦町", "緯度": 36.406096, "経度": 139.334193, "url": "https://www.iryou.teikyouseido.mhlw.go.jp/znk-web/juminkanja/S2430/initialize?prefCd=10&kikanCd=2100001264&kikanKbn=2", "url2": "http://www.yabeclinic.jp", "内容": "医療法人　澄観　矢部クリニック【2:診療所】【診療科目:内科_糖尿病・内分泌内科_循環器内科_心臓内科_心臓血管内科】群馬県桐生市錦町" }, "geometry": { "type": "Point", "coordinates": [ 139.334193, 36.406096 ] } },
{ "type": "Feature", "properties": { "ID": 1022100001265, "正式名称": "北川内科クリニック", "機関区分": 2, "都道府県コード": 10, "市区町村コード": 203, "所在地": "群馬県桐生市錦町２ー１２ー２", "緯度": 36.403404, "経度": 139.331996, "url": "https://www.iryou.teikyouseido.mhlw.go.jp/znk-web/juminkanja/S2430/initialize?prefCd=10&kikanCd=2100001265&kikanKbn=2", "url2": "http://kiryu-kitagawa-naika.com", "内容": "北川内科クリニック【2:診療所】【診療科目:内科_消化器内科】群馬県桐生市錦町２ー１２ー２" }, "geometry": { "type": "Point", "coordinates": [ 139.331996, 36.403404 ] } },
{ "type": "Feature", "properties": { "ID": 1022100001266, "正式名称": "赤南診療所", "機関区分": 2, "都道府県コード": 10, "市区町村コード": 203, "所在地": "群馬県桐生市新里町小林", "緯度": 36.420293, "経度": 139.237624, "url": "https://www.iryou.teikyouseido.mhlw.go.jp/znk-web/juminkanja/S2430/initialize?prefCd=10&kikanCd=2100001266&kikanKbn=2", "url2": null, "内容": "赤南診療所【2:診療所】【診療科目:内科_外科】群馬県桐生市新里町小林" }, "geometry": { "type": "Point", "coordinates": [ 139.237624, 36.420293 ] } },
{ "type": "Feature", "properties": { "ID": 1022100001267, "正式名称": "医療法人社団東郷会恵愛堂クリニック", "機関区分": 2, "都道府県コード": 10, "市区町村コード": 203, "所在地": "群馬県桐生市新里町新川１２５５ー９", "緯度": 36.415305, "経度": 139.257989, "url": "https://www.iryou.teikyouseido.mhlw.go.jp/znk-web/juminkanja/S2430/initialize?prefCd=10&kikanCd=2100001267&kikanKbn=2", "url2": null, "内容": "医療法人社団東郷会恵愛堂クリニック【2:診療所】【診療科目:内科_胃腸内科_外科】群馬県桐生市新里町新川１２５５ー９" }, "geometry": { "type": "Point", "coordinates": [ 139.257989, 36.415305 ] } },
{ "type": "Feature", "properties": { "ID": 1022100001268, "正式名称": "下山医院分院", "機関区分": 2, "都道府県コード": 10, "市区町村コード": 203, "所在地": "群馬県桐生市新里町新川３９７７", "緯度": 36.41793, "経度": 139.266669, "url": "https://www.iryou.teikyouseido.mhlw.go.jp/znk-web/juminkanja/S2430/initialize?prefCd=10&kikanCd=2100001268&kikanKbn=2", "url2": null, "内容": "下山医院分院【2:診療所】【診療科目:内科】群馬県桐生市新里町新川３９７７" }, "geometry": { "type": "Point", "coordinates": [ 139.266669, 36.41793 ] } },
{ "type": "Feature", "properties": { "ID": 1022100001269, "正式名称": "下山内科医院", "機関区分": 2, "都道府県コード": 10, "市区町村コード": 203, "所在地": "群馬県桐生市新里町新川３９９９", "緯度": 36.418602, "経度": 139.26543, "url": "https://www.iryou.teikyouseido.mhlw.go.jp/znk-web/juminkanja/S2430/initialize?prefCd=10&kikanCd=2100001269&kikanKbn=2", "url2": "https://www.shimoyama-naika.jp", "内容": "下山内科医院【2:診療所】【診療科目:内科】群馬県桐生市新里町新川３９９９" }, "geometry": { "type": "Point", "coordinates": [ 139.26543, 36.418602 ] } },
{ "type": "Feature", "properties": { "ID": 1022100001271, "正式名称": "アウルこどもクリニック", "機関区分": 2, "都道府県コード": 10, "市区町村コード": 203, "所在地": "群馬県桐生市新里町山上６９０ー４", "緯度": 36.425534, "経度": 139.23649, "url": "https://www.iryou.teikyouseido.mhlw.go.jp/znk-web/juminkanja/S2430/initialize?prefCd=10&kikanCd=2100001271&kikanKbn=2", "url2": null, "内容": "アウルこどもクリニック【2:診療所】【診療科目:内科_小児科_アレルギー科】群馬県桐生市新里町山上６９０ー４" }, "geometry": { "type": "Point", "coordinates": [ 139.23649, 36.425534 ] } },
{ "type": "Feature", "properties": { "ID": 1022100001273, "正式名称": "細井内科医院", "機関区分": 2, "都道府県コード": 10, "市区町村コード": 203, "所在地": "群馬県桐生市浜松町", "緯度": 36.405085, "経度": 139.338914, "url": "https://www.iryou.teikyouseido.mhlw.go.jp/znk-web/juminkanja/S2430/initialize?prefCd=10&kikanCd=2100001273&kikanKbn=2", "url2": null, "内容": "細井内科医院【2:診療所】【診療科目:内科】群馬県桐生市浜松町" }, "geometry": { "type": "Point", "coordinates": [ 139.338914, 36.405085 ] } },
{ "type": "Feature", "properties": { "ID": 1022100001275, "正式名称": "雨宮内科医院", "機関区分": 2, "都道府県コード": 10, "市区町村コード": 203, "所在地": "群馬県桐生市東１丁目７番１２", "緯度": 36.413817, "経度": 139.34741, "url": "https://www.iryou.teikyouseido.mhlw.go.jp/znk-web/juminkanja/S2430/initialize?prefCd=10&kikanCd=2100001275&kikanKbn=2", "url2": "http://www.amemiyanaika.jp/pc/", "内容": "雨宮内科医院【2:診療所】【診療科目:内科】群馬県桐生市東１丁目７番１２" }, "geometry": { "type": "Point", "coordinates": [ 139.34741, 36.413817 ] } },
{ "type": "Feature", "properties": { "ID": 1022100001276, "正式名称": "医療法人石川内科クリニック", "機関区分": 2, "都道府県コード": 10, "市区町村コード": 203, "所在地": "群馬県桐生市東５ー２ー１６", "緯度": 36.409051, "経度": 139.347841, "url": "https://www.iryou.teikyouseido.mhlw.go.jp/znk-web/juminkanja/S2430/initialize?prefCd=10&kikanCd=2100001276&kikanKbn=2", "url2": null, "内容": "医療法人石川内科クリニック【2:診療所】【診療科目:内科_呼吸器内科_循環器内科_消化器内科_リハビリテーション科_放射線科】群馬県桐生市東５ー２ー１６" }, "geometry": { "type": "Point", "coordinates": [ 139.347841, 36.409051 ] } },
{ "type": "Feature", "properties": { "ID": 1022100001277, "正式名称": "医療法人社団小児科小川醫院", "機関区分": 2, "都道府県コード": 10, "市区町村コード": 203, "所在地": "群馬県桐生市東５丁目６番２２号", "緯度": 36.408218, "経度": 139.34863, "url": "https://www.iryou.teikyouseido.mhlw.go.jp/znk-web/juminkanja/S2430/initialize?prefCd=10&kikanCd=2100001277&kikanKbn=2", "url2": null, "内容": "医療法人社団小児科小川醫院【2:診療所】【診療科目:内科_小児科_アレルギー科】群馬県桐生市東５丁目６番２２号" }, "geometry": { "type": "Point", "coordinates": [ 139.34863, 36.408218 ] } },
{ "type": "Feature", "properties": { "ID": 1022100001280, "正式名称": "桐生クリニック", "機関区分": 2, "都道府県コード": 10, "市区町村コード": 203, "所在地": "群馬県桐生市広沢町２－３１８１", "緯度": 36.391664, "経度": 139.322438, "url": "https://www.iryou.teikyouseido.mhlw.go.jp/znk-web/juminkanja/S2430/initialize?prefCd=10&kikanCd=2100001280&kikanKbn=2", "url2": null, "内容": "桐生クリニック【2:診療所】【診療科目:内科_外科_肛門外科_眼科】群馬県桐生市広沢町２－３１８１" }, "geometry": { "type": "Point", "coordinates": [ 139.322438, 36.391664 ] } },
{ "type": "Feature", "properties": { "ID": 1022100001286, "正式名称": "医療法人武井内科医院", "機関区分": 2, "都道府県コード": 10, "市区町村コード": 203, "所在地": "群馬県桐生市広沢町１ー２６８４", "緯度": 36.397537, "経度": 139.326371, "url": "https://www.iryou.teikyouseido.mhlw.go.jp/znk-web/juminkanja/S2430/initialize?prefCd=10&kikanCd=2100001286&kikanKbn=2", "url2": null, "内容": "医療法人武井内科医院【2:診療所】【診療科目:内科_小児科】群馬県桐生市広沢町１ー２６８４" }, "geometry": { "type": "Point", "coordinates": [ 139.326371, 36.397537 ] } },
{ "type": "Feature", "properties": { "ID": 1022100001287, "正式名称": "田中医院", "機関区分": 2, "都道府県コード": 10, "市区町村コード": 203, "所在地": "群馬県桐生市広沢町２ー３１４６－５", "緯度": 36.392406, "経度": 139.322496, "url": "https://www.iryou.teikyouseido.mhlw.go.jp/znk-web/juminkanja/S2430/initialize?prefCd=10&kikanCd=2100001287&kikanKbn=2", "url2": null, "内容": "田中医院【2:診療所】【診療科目:内科_小児科】群馬県桐生市広沢町２ー３１４６－５" }, "geometry": { "type": "Point", "coordinates": [ 139.322496, 36.392406 ] } },
{ "type": "Feature", "properties": { "ID": 1022100001289, "正式名称": "藤田小児科医院", "機関区分": 2, "都道府県コード": 10, "市区町村コード": 203, "所在地": "群馬県桐生市広沢町４ー１９０８ー３", "緯度": 36.382807, "経度": 139.340818, "url": "https://www.iryou.teikyouseido.mhlw.go.jp/znk-web/juminkanja/S2430/initialize?prefCd=10&kikanCd=2100001289&kikanKbn=2", "url2": null, "内容": "藤田小児科医院【2:診療所】【診療科目:小児科_アレルギー科】群馬県桐生市広沢町４ー１９０８ー３" }, "geometry": { "type": "Point", "coordinates": [ 139.340818, 36.382807 ] } },
{ "type": "Feature", "properties": { "ID": 1022100001292, "正式名称": "宮原内科医院", "機関区分": 2, "都道府県コード": 10, "市区町村コード": 203, "所在地": "群馬県桐生市広沢町５丁目１５７０", "緯度": 36.377391, "経度": 139.34369, "url": "https://www.iryou.teikyouseido.mhlw.go.jp/znk-web/juminkanja/S2430/initialize?prefCd=10&kikanCd=2100001292&kikanKbn=2", "url2": null, "内容": "宮原内科医院【2:診療所】【診療科目:内科】群馬県桐生市広沢町５丁目１５７０" }, "geometry": { "type": "Point", "coordinates": [ 139.34369, 36.377391 ] } },
{ "type": "Feature", "properties": { "ID": 1022100001293, "正式名称": "ふじう医院", "機関区分": 2, "都道府県コード": 10, "市区町村コード": 203, "所在地": "群馬県桐生市広沢町５ー１４６６", "緯度": 36.380187, "経度": 139.343807, "url": "https://www.iryou.teikyouseido.mhlw.go.jp/znk-web/juminkanja/S2430/initialize?prefCd=10&kikanCd=2100001293&kikanKbn=2", "url2": null, "内容": "ふじう医院【2:診療所】【診療科目:内科_胃腸内科】群馬県桐生市広沢町５ー１４６６" }, "geometry": { "type": "Point", "coordinates": [ 139.343807, 36.380187 ] } },
{ "type": "Feature", "properties": { "ID": 1022100001295, "正式名称": "医療法人社団明石会桐生整形外科広沢クリニック", "機関区分": 2, "都道府県コード": 10, "市区町村コード": 203, "所在地": "群馬県桐生市広沢町間ノ島", "緯度": 36.390943, "経度": 139.336715, "url": "https://www.iryou.teikyouseido.mhlw.go.jp/znk-web/juminkanja/S2430/initialize?prefCd=10&kikanCd=2100001295&kikanKbn=2", "url2": null, "内容": "医療法人社団明石会桐生整形外科広沢クリニック【2:診療所】【診療科目:整形外科_リハビリテーション科】群馬県桐生市広沢町間ノ島" }, "geometry": { "type": "Point", "coordinates": [ 139.336715, 36.390943 ] } },
{ "type": "Feature", "properties": { "ID": 1022100001296, "正式名称": "医療法人栗原皮フ科医院", "機関区分": 2, "都道府県コード": 10, "市区町村コード": 203, "所在地": "群馬県桐生市本町１ー３ー８", "緯度": 36.419958, "経度": 139.344822, "url": "https://www.iryou.teikyouseido.mhlw.go.jp/znk-web/juminkanja/S2430/initialize?prefCd=10&kikanCd=2100001296&kikanKbn=2", "url2": "http://byoinnavi.jp/clinic/61986", "内容": "医療法人栗原皮フ科医院【2:診療所】【診療科目:皮膚科】群馬県桐生市本町１ー３ー８" }, "geometry": { "type": "Point", "coordinates": [ 139.344822, 36.419958 ] } },
{ "type": "Feature", "properties": { "ID": 1022100001297, "正式名称": "医療法人五十嵐内科医院", "機関区分": 2, "都道府県コード": 10, "市区町村コード": 203, "所在地": "群馬県桐生市本町", "緯度": 36.417548, "経度": 139.343022, "url": "https://www.iryou.teikyouseido.mhlw.go.jp/znk-web/juminkanja/S2430/initialize?prefCd=10&kikanCd=2100001297&kikanKbn=2", "url2": null, "内容": "医療法人五十嵐内科医院【2:診療所】【診療科目:内科_循環器内科_消化器内科_小児科】群馬県桐生市本町" }, "geometry": { "type": "Point", "coordinates": [ 139.343022, 36.417548 ] } },
{ "type": "Feature", "properties": { "ID": 1022100001301, "正式名称": "大前医院", "機関区分": 2, "都道府県コード": 10, "市区町村コード": 203, "所在地": "群馬県桐生市元宿町２１ー４", "緯度": 36.411535, "経度": 139.330512, "url": "https://www.iryou.teikyouseido.mhlw.go.jp/znk-web/juminkanja/S2430/initialize?prefCd=10&kikanCd=2100001301&kikanKbn=2", "url2": "http://y-ohmae.wix.com/ohmae2", "内容": "大前医院【2:診療所】【診療科目:耳鼻いんこう科】群馬県桐生市元宿町２１ー４" }, "geometry": { "type": "Point", "coordinates": [ 139.330512, 36.411535 ] } },
{ "type": "Feature", "properties": { "ID": 1022100001302, "正式名称": "医療法人　北川眼科医院", "機関区分": 2, "都道府県コード": 10, "市区町村コード": 203, "所在地": "群馬県桐生市仲町１−１２−３", "緯度": 36.413759, "経度": 139.34145, "url": "https://www.iryou.teikyouseido.mhlw.go.jp/znk-web/juminkanja/S2430/initialize?prefCd=10&kikanCd=2100001302&kikanKbn=2", "url2": null, "内容": "医療法人　北川眼科医院【2:診療所】【診療科目:眼科】群馬県桐生市仲町１−１２−３" }, "geometry": { "type": "Point", "coordinates": [ 139.34145, 36.413759 ] } },
{ "type": "Feature", "properties": { "ID": 1022100001303, "正式名称": "医療法人木村クリニック", "機関区分": 2, "都道府県コード": 10, "市区町村コード": 203, "所在地": "群馬県桐生市本町４丁目７９－１島共同ビル１階２号室", "緯度": 36.412012, "経度": 139.340484, "url": "https://www.iryou.teikyouseido.mhlw.go.jp/znk-web/juminkanja/S2430/initialize?prefCd=10&kikanCd=2100001303&kikanKbn=2", "url2": null, "内容": "医療法人木村クリニック【2:診療所】【診療科目:内科_消化器内科】群馬県桐生市本町４丁目７９－１島共同ビル１階２号室" }, "geometry": { "type": "Point", "coordinates": [ 139.340484, 36.412012 ] } },
{ "type": "Feature", "properties": { "ID": 1022100001304, "正式名称": "川島眼科医院", "機関区分": 2, "都道府県コード": 10, "市区町村コード": 203, "所在地": "群馬県桐生市本町６ー１２", "緯度": 36.407599, "経度": 139.337528, "url": "https://www.iryou.teikyouseido.mhlw.go.jp/znk-web/juminkanja/S2430/initialize?prefCd=10&kikanCd=2100001304&kikanKbn=2", "url2": null, "内容": "川島眼科医院【2:診療所】【診療科目:眼科】群馬県桐生市本町６ー１２" }, "geometry": { "type": "Point", "coordinates": [ 139.337528, 36.407599 ] } },
{ "type": "Feature", "properties": { "ID": 1022100001305, "正式名称": "さくらクリニック", "機関区分": 2, "都道府県コード": 10, "市区町村コード": 203, "所在地": "群馬県桐生市本町６ー３７５", "緯度": 36.409204, "経度": 139.337208, "url": "https://www.iryou.teikyouseido.mhlw.go.jp/znk-web/juminkanja/S2430/initialize?prefCd=10&kikanCd=2100001305&kikanKbn=2", "url2": "http://med.wind.ne.jp/cherry/", "内容": "さくらクリニック【2:診療所】【診療科目:内科_脳神経外科_整形外科_皮膚科】群馬県桐生市本町６ー３７５" }, "geometry": { "type": "Point", "coordinates": [ 139.337208, 36.409204 ] } },
{ "type": "Feature", "properties": { "ID": 1022100001309, "正式名称": "三丸医院", "機関区分": 2, "都道府県コード": 10, "市区町村コード": 203, "所在地": "群馬県桐生市宮本町１ー１２ー１１", "緯度": 36.413751, "経度": 139.339375, "url": "https://www.iryou.teikyouseido.mhlw.go.jp/znk-web/juminkanja/S2430/initialize?prefCd=10&kikanCd=2100001309&kikanKbn=2", "url2": null, "内容": "三丸医院【2:診療所】【診療科目:内科_小児科】群馬県桐生市宮本町１ー１２ー１１" }, "geometry": { "type": "Point", "coordinates": [ 139.339375, 36.413751 ] } },
{ "type": "Feature", "properties": { "ID": 1022100001310, "正式名称": "医療法人　芙蓉会　まろ医院", "機関区分": 2, "都道府県コード": 10, "市区町村コード": 203, "所在地": "群馬県桐生市本町３ー４ー１８", "緯度": 36.414848, "経度": 139.342364, "url": "https://www.iryou.teikyouseido.mhlw.go.jp/znk-web/juminkanja/S2430/initialize?prefCd=10&kikanCd=2100001310&kikanKbn=2", "url2": "https://maroiin.p-kit.com/", "内容": "医療法人　芙蓉会　まろ医院【2:診療所】【診療科目:内科_循環器内科_胃腸内科】群馬県桐生市本町３ー４ー１８" }, "geometry": { "type": "Point", "coordinates": [ 139.342364, 36.414848 ] } },
{ "type": "Feature", "properties": { "ID": 1022100001312, "正式名称": "桐生市医師会立平日夜間急病診療所", "機関区分": 2, "都道府県コード": 10, "市区町村コード": 203, "所在地": "群馬県桐生市元宿町１８－２", "緯度": 36.410504, "経度": 139.329348, "url": "https://www.iryou.teikyouseido.mhlw.go.jp/znk-web/juminkanja/S2430/initialize?prefCd=10&kikanCd=2100001312&kikanKbn=2", "url2": null, "内容": "桐生市医師会立平日夜間急病診療所【2:診療所】【診療科目:内科_小児科】群馬県桐生市元宿町１８－２" }, "geometry": { "type": "Point", "coordinates": [ 139.329348, 36.410504 ] } },
{ "type": "Feature", "properties": { "ID": 1022100001314, "正式名称": "青木眼科", "機関区分": 2, "都道府県コード": 10, "市区町村コード": 212, "所在地": "群馬県みどり市大間々町大間々２９‐１", "緯度": 36.415194, "経度": 139.282092, "url": "https://www.iryou.teikyouseido.mhlw.go.jp/znk-web/juminkanja/S2430/initialize?prefCd=10&kikanCd=2100001314&kikanKbn=2", "url2": null, "内容": "青木眼科【2:診療所】【診療科目:眼科】群馬県みどり市大間々町大間々２９‐１" }, "geometry": { "type": "Point", "coordinates": [ 139.282092, 36.415194 ] } },
{ "type": "Feature", "properties": { "ID": 1022100001320, "正式名称": "萩原医院", "機関区分": 2, "都道府県コード": 10, "市区町村コード": 212, "所在地": "群馬県みどり市大間々町大間々１５３４", "緯度": 36.433633, "経度": 139.272925, "url": "https://www.iryou.teikyouseido.mhlw.go.jp/znk-web/juminkanja/S2430/initialize?prefCd=10&kikanCd=2100001320&kikanKbn=2", "url2": null, "内容": "萩原医院【2:診療所】【診療科目:内科】群馬県みどり市大間々町大間々１５３４" }, "geometry": { "type": "Point", "coordinates": [ 139.272925, 36.433633 ] } },
{ "type": "Feature", "properties": { "ID": 1022100001321, "正式名称": "稲葉医院", "機関区分": 2, "都道府県コード": 10, "市区町村コード": 212, "所在地": "群馬県みどり市大間々町大間々１５７２ー２", "緯度": 36.430192, "経度": 139.277537, "url": "https://www.iryou.teikyouseido.mhlw.go.jp/znk-web/juminkanja/S2430/initialize?prefCd=10&kikanCd=2100001321&kikanKbn=2", "url2": null, "内容": "稲葉医院【2:診療所】【診療科目:内科】群馬県みどり市大間々町大間々１５７２ー２" }, "geometry": { "type": "Point", "coordinates": [ 139.277537, 36.430192 ] } },
{ "type": "Feature", "properties": { "ID": 1022100001322, "正式名称": "医療法人　関内科医院", "機関区分": 2, "都道府県コード": 10, "市区町村コード": 212, "所在地": "群馬県みどり市大間々町大間々１８３８－８", "緯度": 36.420557, "経度": 139.28472, "url": "https://www.iryou.teikyouseido.mhlw.go.jp/znk-web/juminkanja/S2430/initialize?prefCd=10&kikanCd=2100001322&kikanKbn=2", "url2": "https://www.kancl-skin.com/", "内容": "医療法人　関内科医院【2:診療所】【診療科目:内科_形成外科_皮膚科】群馬県みどり市大間々町大間々１８３８－８" }, "geometry": { "type": "Point", "coordinates": [ 139.28472, 36.420557 ] } },
{ "type": "Feature", "properties": { "ID": 1022100001324, "正式名称": "医療法人桜華会アイダ痛みのクリニック", "機関区分": 2, "都道府県コード": 10, "市区町村コード": 212, "所在地": "群馬県みどり市大間々町大間々３８２－６", "緯度": 36.417672, "経度": 139.282753, "url": "https://www.iryou.teikyouseido.mhlw.go.jp/znk-web/juminkanja/S2430/initialize?prefCd=10&kikanCd=2100001324&kikanKbn=2", "url2": "http://www.aidapain.com/", "内容": "医療法人桜華会アイダ痛みのクリニック【2:診療所】【診療科目:内科_ペインクリニック内科_アレルギー疾患内科_アレルギー科_リハビリテーション科_麻酔科】群馬県みどり市大間々町大間々３８２－６" }, "geometry": { "type": "Point", "coordinates": [ 139.282753, 36.417672 ] } },
{ "type": "Feature", "properties": { "ID": 1022100001326, "正式名称": "医療法人実愛会斉藤医院", "機関区分": 2, "都道府県コード": 10, "市区町村コード": 212, "所在地": "群馬県みどり市大間々町大間々６７６", "緯度": 36.426121, "経度": 139.27479, "url": "https://www.iryou.teikyouseido.mhlw.go.jp/znk-web/juminkanja/S2430/initialize?prefCd=10&kikanCd=2100001326&kikanKbn=2", "url2": null, "内容": "医療法人実愛会斉藤医院【2:診療所】【診療科目:内科_神経内科_小児科】群馬県みどり市大間々町大間々６７６" }, "geometry": { "type": "Point", "coordinates": [ 139.27479, 36.426121 ] } },
{ "type": "Feature", "properties": { "ID": 1022100001327, "正式名称": "医療法人慈峰会　きたむらクリニック", "機関区分": 2, "都道府県コード": 10, "市区町村コード": 212, "所在地": "群馬県みどり市大間々町大間々６８７－１", "緯度": 36.423746, "経度": 139.273773, "url": "https://www.iryou.teikyouseido.mhlw.go.jp/znk-web/juminkanja/S2430/initialize?prefCd=10&kikanCd=2100001327&kikanKbn=2", "url2": null, "内容": "医療法人慈峰会　きたむらクリニック【2:診療所】【診療科目:内科_小児科_泌尿器科】群馬県みどり市大間々町大間々６８７－１" }, "geometry": { "type": "Point", "coordinates": [ 139.273773, 36.423746 ] } },
{ "type": "Feature", "properties": { "ID": 1022100001328, "正式名称": "医療法人須永医院", "機関区分": 2, "都道府県コード": 10, "市区町村コード": 212, "所在地": "群馬県みどり市大間々町大間々９２２番地", "緯度": 36.43005, "経度": 139.274793, "url": "https://www.iryou.teikyouseido.mhlw.go.jp/znk-web/juminkanja/S2430/initialize?prefCd=10&kikanCd=2100001328&kikanKbn=2", "url2": null, "内容": "医療法人須永医院【2:診療所】【診療科目:内科】群馬県みどり市大間々町大間々９２２番地" }, "geometry": { "type": "Point", "coordinates": [ 139.274793, 36.43005 ] } },
{ "type": "Feature", "properties": { "ID": 1022100001329, "正式名称": "医療法人　春香会　小保方医院", "機関区分": 2, "都道府県コード": 10, "市区町村コード": 212, "所在地": "群馬県みどり市大間々町大間々９６４－１", "緯度": 36.431848, "経度": 139.274829, "url": "https://www.iryou.teikyouseido.mhlw.go.jp/znk-web/juminkanja/S2430/initialize?prefCd=10&kikanCd=2100001329&kikanKbn=2", "url2": "http://www.syunkoukai.or.jp/profile1001004.html", "内容": "医療法人　春香会　小保方医院【2:診療所】【診療科目:内科_糖尿病内科_消化器内科_小児科_皮膚科】群馬県みどり市大間々町大間々９６４－１" }, "geometry": { "type": "Point", "coordinates": [ 139.274829, 36.431848 ] } },
{ "type": "Feature", "properties": { "ID": 1022100001332, "正式名称": "くりた医院", "機関区分": 2, "都道府県コード": 10, "市区町村コード": 212, "所在地": "群馬県みどり市笠懸町阿左美１３２１ー７", "緯度": 36.389678, "経度": 139.303907, "url": "https://www.iryou.teikyouseido.mhlw.go.jp/znk-web/juminkanja/S2430/initialize?prefCd=10&kikanCd=2100001332&kikanKbn=2", "url2": "http://www.kurita-cl.com/", "内容": "くりた医院【2:診療所】【診療科目:内科_泌尿器科_心療内科】群馬県みどり市笠懸町阿左美１３２１ー７" }, "geometry": { "type": "Point", "coordinates": [ 139.303907, 36.389678 ] } },
{ "type": "Feature", "properties": { "ID": 1022100001333, "正式名称": "医療法人　春香会　クリニック樹", "機関区分": 2, "都道府県コード": 10, "市区町村コード": 212, "所在地": "群馬県みどり市笠懸町阿左美１４４９ー５", "緯度": 36.390962, "経度": 139.297135, "url": "https://www.iryou.teikyouseido.mhlw.go.jp/znk-web/juminkanja/S2430/initialize?prefCd=10&kikanCd=2100001333&kikanKbn=2", "url2": null, "内容": "医療法人　春香会　クリニック樹【2:診療所】【診療科目:内科_小児科_皮膚科】群馬県みどり市笠懸町阿左美１４４９ー５" }, "geometry": { "type": "Point", "coordinates": [ 139.297135, 36.390962 ] } },
{ "type": "Feature", "properties": { "ID": 1022100001334, "正式名称": "医療法人寺田内科小児科医院", "機関区分": 2, "都道府県コード": 10, "市区町村コード": 212, "所在地": "群馬県みどり市笠懸町阿左美１８９６ー５", "緯度": 36.405957, "経度": 139.288892, "url": "https://www.iryou.teikyouseido.mhlw.go.jp/znk-web/juminkanja/S2430/initialize?prefCd=10&kikanCd=2100001334&kikanKbn=2", "url2": null, "内容": "医療法人寺田内科小児科医院【2:診療所】【診療科目:内科_内科_小児科】群馬県みどり市笠懸町阿左美１８９６ー５" }, "geometry": { "type": "Point", "coordinates": [ 139.288892, 36.405957 ] } },
{ "type": "Feature", "properties": { "ID": 1022100001337, "正式名称": "みらいこどもクリニック", "機関区分": 2, "都道府県コード": 10, "市区町村コード": 212, "所在地": "群馬県みどり市笠懸町阿左美", "緯度": 36.380271, "経度": 139.292725, "url": "https://www.iryou.teikyouseido.mhlw.go.jp/znk-web/juminkanja/S2430/initialize?prefCd=10&kikanCd=2100001337&kikanKbn=2", "url2": "https://www.miraikidsclinic.jp/", "内容": "みらいこどもクリニック【2:診療所】【診療科目:小児科_アレルギー科】群馬県みどり市笠懸町阿左美" }, "geometry": { "type": "Point", "coordinates": [ 139.292725, 36.380271 ] } },
{ "type": "Feature", "properties": { "ID": 1022100001338, "正式名称": "みどり市国民健康保険診療所", "機関区分": 2, "都道府県コード": 10, "市区町村コード": 212, "所在地": "群馬県みどり市笠懸町鹿２５０", "緯度": 36.399225, "経度": 139.284186, "url": "https://www.iryou.teikyouseido.mhlw.go.jp/znk-web/juminkanja/S2430/initialize?prefCd=10&kikanCd=2100001338&kikanKbn=2", "url2": "http://www.city.midori.gunma.jp/map_sisetu/hoken01.htm", "内容": "みどり市国民健康保険診療所【2:診療所】【診療科目:内科】群馬県みどり市笠懸町鹿２５０" }, "geometry": { "type": "Point", "coordinates": [ 139.284186, 36.399225 ] } },
{ "type": "Feature", "properties": { "ID": 1022100001341, "正式名称": "医療法人正睦会松井内科医院", "機関区分": 2, "都道府県コード": 10, "市区町村コード": 212, "所在地": "群馬県みどり市笠懸町鹿３３２２ー１", "緯度": 36.397357, "経度": 139.26818, "url": "https://www.iryou.teikyouseido.mhlw.go.jp/znk-web/juminkanja/S2430/initialize?prefCd=10&kikanCd=2100001341&kikanKbn=2", "url2": "https://www.matsuinaika.com", "内容": "医療法人正睦会松井内科医院【2:診療所】【診療科目:内科_呼吸器内科_循環器内科_消化器内科_小児科】群馬県みどり市笠懸町鹿３３２２ー１" }, "geometry": { "type": "Point", "coordinates": [ 139.26818, 36.397357 ] } },
{ "type": "Feature", "properties": { "ID": 1022100001342, "正式名称": "志鳥クリニック", "機関区分": 2, "都道府県コード": 10, "市区町村コード": 212, "所在地": "群馬県みどり市笠懸町鹿４６５０", "緯度": 36.389372, "経度": 139.279459, "url": "https://www.iryou.teikyouseido.mhlw.go.jp/znk-web/juminkanja/S2430/initialize?prefCd=10&kikanCd=2100001342&kikanKbn=2", "url2": "http://www.myclinic.ne.jp/shidori/", "内容": "志鳥クリニック【2:診療所】【診療科目:内科_小児科】群馬県みどり市笠懸町鹿４６５０" }, "geometry": { "type": "Point", "coordinates": [ 139.279459, 36.389372 ] } },
{ "type": "Feature", "properties": { "ID": 1022100001345, "正式名称": "医療法人渡良瀬会花輪診療所", "機関区分": 2, "都道府県コード": 10, "市区町村コード": 212, "所在地": "群馬県みどり市東町花輪２１２番地の３", "緯度": 36.521942, "経度": 139.310058, "url": "https://www.iryou.teikyouseido.mhlw.go.jp/znk-web/juminkanja/S2430/initialize?prefCd=10&kikanCd=2100001345&kikanKbn=2", "url2": null, "内容": "医療法人渡良瀬会花輪診療所【2:診療所】【診療科目:内科】群馬県みどり市東町花輪２１２番地の３" }, "geometry": { "type": "Point", "coordinates": [ 139.310058, 36.521942 ] } },
{ "type": "Feature", "properties": { "ID": 1022100001346, "正式名称": "医療法人宗仁会あおばクリニック", "機関区分": 2, "都道府県コード": 10, "市区町村コード": 205, "所在地": "群馬県太田市矢場新町３６ー３", "緯度": 36.310154, "経度": 139.418013, "url": "https://www.iryou.teikyouseido.mhlw.go.jp/znk-web/juminkanja/S2430/initialize?prefCd=10&kikanCd=2100001346&kikanKbn=2", "url2": null, "内容": "医療法人宗仁会あおばクリニック【2:診療所】【診療科目:精神科_心療内科】群馬県太田市矢場新町３６ー３" }, "geometry": { "type": "Point", "coordinates": [ 139.418013, 36.310154 ] } },
{ "type": "Feature", "properties": { "ID": 1022100001349, "正式名称": "医療法人社団　荒木医院", "機関区分": 2, "都道府県コード": 10, "市区町村コード": 205, "所在地": "群馬県太田市新田村田町４４２－１", "緯度": 36.304161, "経度": 139.315406, "url": "https://www.iryou.teikyouseido.mhlw.go.jp/znk-web/juminkanja/S2430/initialize?prefCd=10&kikanCd=2100001349&kikanKbn=2", "url2": "https://arakiiin-ota.com/", "内容": "医療法人社団　荒木医院【2:診療所】【診療科目:内科_糖尿病内科_内分泌内科_小児科_皮膚科】群馬県太田市新田村田町４４２－１" }, "geometry": { "type": "Point", "coordinates": [ 139.315406, 36.304161 ] } },
{ "type": "Feature", "properties": { "ID": 1022100001350, "正式名称": "医療法人有坂会有坂医院", "機関区分": 2, "都道府県コード": 10, "市区町村コード": 205, "所在地": "群馬県太田市龍舞町２０７２", "緯度": 36.280838, "経度": 139.410962, "url": "https://www.iryou.teikyouseido.mhlw.go.jp/znk-web/juminkanja/S2430/initialize?prefCd=10&kikanCd=2100001350&kikanKbn=2", "url2": null, "内容": "医療法人有坂会有坂医院【2:診療所】【診療科目:内科_循環器内科_小児科_皮膚科_放射線科】群馬県太田市龍舞町２０７２" }, "geometry": { "type": "Point", "coordinates": [ 139.410962, 36.280838 ] } },
{ "type": "Feature", "properties": { "ID": 1022100001351, "正式名称": "いいじま呼吸器科内科クリニック", "機関区分": 2, "都道府県コード": 10, "市区町村コード": 205, "所在地": "群馬県太田市下小林町３６５ー４", "緯度": 36.29187, "経度": 139.405173, "url": "https://www.iryou.teikyouseido.mhlw.go.jp/znk-web/juminkanja/S2430/initialize?prefCd=10&kikanCd=2100001351&kikanKbn=2", "url2": null, "内容": "いいじま呼吸器科内科クリニック【2:診療所】【診療科目:内科_呼吸器内科】群馬県太田市下小林町３６５ー４" }, "geometry": { "type": "Point", "coordinates": [ 139.405173, 36.29187 ] } },
{ "type": "Feature", "properties": { "ID": 1022100001352, "正式名称": "五十嵐医院", "機関区分": 2, "都道府県コード": 10, "市区町村コード": 205, "所在地": "群馬県太田市大原町７０１", "緯度": 36.358798, "経度": 139.286762, "url": "https://www.iryou.teikyouseido.mhlw.go.jp/znk-web/juminkanja/S2430/initialize?prefCd=10&kikanCd=2100001352&kikanKbn=2", "url2": null, "内容": "五十嵐医院【2:診療所】【診療科目:内科_小児科】群馬県太田市大原町７０１" }, "geometry": { "type": "Point", "coordinates": [ 139.286762, 36.358798 ] } },
{ "type": "Feature", "properties": { "ID": 1022100001353, "正式名称": "石井整形外科医院", "機関区分": 2, "都道府県コード": 10, "市区町村コード": 205, "所在地": "群馬県太田市藪塚町１５０７ー６", "緯度": 36.355668, "経度": 139.303172, "url": "https://www.iryou.teikyouseido.mhlw.go.jp/znk-web/juminkanja/S2430/initialize?prefCd=10&kikanCd=2100001353&kikanKbn=2", "url2": null, "内容": "石井整形外科医院【2:診療所】【診療科目:整形外科_リウマチ科_リハビリテーション科】群馬県太田市藪塚町１５０７ー６" }, "geometry": { "type": "Point", "coordinates": [ 139.303172, 36.355668 ] } },
{ "type": "Feature", "properties": { "ID": 1022100001354, "正式名称": "石川こどもクリニック", "機関区分": 2, "都道府県コード": 10, "市区町村コード": 205, "所在地": "群馬県太田市高林北町２０９４－８", "緯度": 36.267333, "経度": 139.364497, "url": "https://www.iryou.teikyouseido.mhlw.go.jp/znk-web/juminkanja/S2430/initialize?prefCd=10&kikanCd=2100001354&kikanKbn=2", "url2": null, "内容": "石川こどもクリニック【2:診療所】【診療科目:小児科】群馬県太田市高林北町２０９４－８" }, "geometry": { "type": "Point", "coordinates": [ 139.364497, 36.267333 ] } },
{ "type": "Feature", "properties": { "ID": 1022100001355, "正式名称": "石田整形外科医院", "機関区分": 2, "都道府県コード": 10, "市区町村コード": 205, "所在地": "群馬県太田市由良町１００－１", "緯度": 36.286605, "経度": 139.350609, "url": "https://www.iryou.teikyouseido.mhlw.go.jp/znk-web/juminkanja/S2430/initialize?prefCd=10&kikanCd=2100001355&kikanKbn=2", "url2": null, "内容": "石田整形外科医院【2:診療所】【診療科目:内科_外科_整形外科_皮膚科_リハビリテーション科】群馬県太田市由良町１００－１" }, "geometry": { "type": "Point", "coordinates": [ 139.350609, 36.286605 ] } },
{ "type": "Feature", "properties": { "ID": 1022100001357, "正式名称": "医療法人社団　伊藤産婦人科", "機関区分": 2, "都道府県コード": 10, "市区町村コード": 205, "所在地": "群馬県太田市飯田町９６０", "緯度": 36.290508, "経度": 139.3775, "url": "https://www.iryou.teikyouseido.mhlw.go.jp/znk-web/juminkanja/S2430/initialize?prefCd=10&kikanCd=2100001357&kikanKbn=2", "url2": "http://www.ito-ogc.jp", "内容": "医療法人社団　伊藤産婦人科【2:診療所】【診療科目:産婦人科】群馬県太田市飯田町９６０" }, "geometry": { "type": "Point", "coordinates": [ 139.3775, 36.290508 ] } },
{ "type": "Feature", "properties": { "ID": 1022100001360, "正式名称": "医療法人鹿山整形外科医院", "機関区分": 2, "都道府県コード": 10, "市区町村コード": 205, "所在地": "群馬県太田市飯田町１０９８", "緯度": 36.29045, "経度": 139.383089, "url": "https://www.iryou.teikyouseido.mhlw.go.jp/znk-web/juminkanja/S2430/initialize?prefCd=10&kikanCd=2100001360&kikanKbn=2", "url2": "http://www.kayamaseikei.com", "内容": "医療法人鹿山整形外科医院【2:診療所】【診療科目:整形外科_リウマチ科_リハビリテーション科】群馬県太田市飯田町１０９８" }, "geometry": { "type": "Point", "coordinates": [ 139.383089, 36.29045 ] } },
{ "type": "Feature", "properties": { "ID": 1022100001361, "正式名称": "医療法人浩然会とうもう整形外科クリニック", "機関区分": 2, "都道府県コード": 10, "市区町村コード": 205, "所在地": "群馬県太田市東金井町", "緯度": 36.317467, "経度": 139.387602, "url": "https://www.iryou.teikyouseido.mhlw.go.jp/znk-web/juminkanja/S2430/initialize?prefCd=10&kikanCd=2100001361&kikanKbn=2", "url2": "https://www.toumoucl.jp", "内容": "医療法人浩然会とうもう整形外科クリニック【2:診療所】【診療科目:内科_整形外科_リウマチ科_リハビリテーション科】群馬県太田市東金井町" }, "geometry": { "type": "Point", "coordinates": [ 139.387602, 36.317467 ] } },
{ "type": "Feature", "properties": { "ID": 1022100001362, "正式名称": "医療法人至誠会飯塚医院", "機関区分": 2, "都道府県コード": 10, "市区町村コード": 205, "所在地": "群馬県太田市新田木崎町", "緯度": 36.277392, "経度": 139.301747, "url": "https://www.iryou.teikyouseido.mhlw.go.jp/znk-web/juminkanja/S2430/initialize?prefCd=10&kikanCd=2100001362&kikanKbn=2", "url2": "http://e-duka6201.byoinnavi.jp/prepc/", "内容": "医療法人至誠会飯塚医院【2:診療所】【診療科目:内科_小児科_アレルギー科】群馬県太田市新田木崎町" }, "geometry": { "type": "Point", "coordinates": [ 139.301747, 36.277392 ] } },
{ "type": "Feature", "properties": { "ID": 1022100001363, "正式名称": "医療法人社団新井診療所", "機関区分": 2, "都道府県コード": 10, "市区町村コード": 205, "所在地": "群馬県太田市新井町５３２ー１０", "緯度": 36.285392, "経度": 139.37149, "url": "https://www.iryou.teikyouseido.mhlw.go.jp/znk-web/juminkanja/S2430/initialize?prefCd=10&kikanCd=2100001363&kikanKbn=2", "url2": "http://araiclinic.info/", "内容": "医療法人社団新井診療所【2:診療所】【診療科目:内科_呼吸器内科_整形外科_アレルギー科】群馬県太田市新井町５３２ー１０" }, "geometry": { "type": "Point", "coordinates": [ 139.37149, 36.285392 ] } },
{ "type": "Feature", "properties": { "ID": 1022100001364, "正式名称": "医療法人社団岩崎会岩崎医院", "機関区分": 2, "都道府県コード": 10, "市区町村コード": 205, "所在地": "群馬県太田市新井町２０６", "緯度": 36.283743, "経度": 139.374548, "url": "https://www.iryou.teikyouseido.mhlw.go.jp/znk-web/juminkanja/S2430/initialize?prefCd=10&kikanCd=2100001364&kikanKbn=2", "url2": "http://iwasaki-kai.byoinnnavi.jp", "内容": "医療法人社団岩崎会岩崎医院【2:診療所】【診療科目:産婦人科】群馬県太田市新井町２０６" }, "geometry": { "type": "Point", "coordinates": [ 139.374548, 36.283743 ] } },
{ "type": "Feature", "properties": { "ID": 1022100001367, "正式名称": "医療法人うがじんクリニック", "機関区分": 2, "都道府県コード": 10, "市区町村コード": 205, "所在地": "群馬県太田市飯塚町６８５－１０", "緯度": 36.274421, "経度": 139.387445, "url": "https://www.iryou.teikyouseido.mhlw.go.jp/znk-web/juminkanja/S2430/initialize?prefCd=10&kikanCd=2100001367&kikanKbn=2", "url2": "https://www.ugajin-cl.jp/", "内容": "医療法人うがじんクリニック【2:診療所】【診療科目:内科_消化器内科_小児科】群馬県太田市飯塚町６８５－１０" }, "geometry": { "type": "Point", "coordinates": [ 139.387445, 36.274421 ] } },
{ "type": "Feature", "properties": { "ID": 1022100001368, "正式名称": "えはら内科クリニック", "機関区分": 2, "都道府県コード": 10, "市区町村コード": 205, "所在地": "群馬県太田市下小林町５３４ー３", "緯度": 36.293265, "経度": 139.403137, "url": "https://www.iryou.teikyouseido.mhlw.go.jp/znk-web/juminkanja/S2430/initialize?prefCd=10&kikanCd=2100001368&kikanKbn=2", "url2": "http://ehara-naika.com", "内容": "えはら内科クリニック【2:診療所】【診療科目:内科_呼吸器内科_循環器内科_消化器内科_小児科】群馬県太田市下小林町５３４ー３" }, "geometry": { "type": "Point", "coordinates": [ 139.403137, 36.293265 ] } },
{ "type": "Feature", "properties": { "ID": 1022100001369, "正式名称": "大川眼科", "機関区分": 2, "都道府県コード": 10, "市区町村コード": 205, "所在地": "群馬県太田市下小林町", "緯度": 36.284815, "経度": 139.403704, "url": "https://www.iryou.teikyouseido.mhlw.go.jp/znk-web/juminkanja/S2430/initialize?prefCd=10&kikanCd=2100001369&kikanKbn=2", "url2": "http://www.ookawaganka.net/", "内容": "大川眼科【2:診療所】【診療科目:眼科】群馬県太田市下小林町" }, "geometry": { "type": "Point", "coordinates": [ 139.403704, 36.284815 ] } },
{ "type": "Feature", "properties": { "ID": 1022100001370, "正式名称": "医療法人真康会大沢医院", "機関区分": 2, "都道府県コード": 10, "市区町村コード": 205, "所在地": "群馬県太田市新田木崎町８１７", "緯度": 36.279416, "経度": 139.306474, "url": "https://www.iryou.teikyouseido.mhlw.go.jp/znk-web/juminkanja/S2430/initialize?prefCd=10&kikanCd=2100001370&kikanKbn=2", "url2": null, "内容": "医療法人真康会大沢医院【2:診療所】【診療科目:内科】群馬県太田市新田木崎町８１７" }, "geometry": { "type": "Point", "coordinates": [ 139.306474, 36.279416 ] } },
{ "type": "Feature", "properties": { "ID": 1022100001371, "正式名称": "医療法人啓俊会大島胃腸科内科クリニック", "機関区分": 2, "都道府県コード": 10, "市区町村コード": 205, "所在地": "群馬県太田市新野町１２４９－１", "緯度": 36.303353, "経度": 139.347323, "url": "https://www.iryou.teikyouseido.mhlw.go.jp/znk-web/juminkanja/S2430/initialize?prefCd=10&kikanCd=2100001371&kikanKbn=2", "url2": null, "内容": "医療法人啓俊会大島胃腸科内科クリニック【2:診療所】【診療科目:内科_消化器内科_胃腸内科】群馬県太田市新野町１２４９－１" }, "geometry": { "type": "Point", "coordinates": [ 139.347323, 36.303353 ] } },
{ "type": "Feature", "properties": { "ID": 1022100001372, "正式名称": "太田眼科クリニック", "機関区分": 2, "都道府県コード": 10, "市区町村コード": 205, "所在地": "群馬県太田市石原町８１　イオンモール太田店２階", "緯度": 36.294405, "経度": 139.400543, "url": "https://www.iryou.teikyouseido.mhlw.go.jp/znk-web/juminkanja/S2430/initialize?prefCd=10&kikanCd=2100001372&kikanKbn=2", "url2": null, "内容": "太田眼科クリニック【2:診療所】【診療科目:眼科】群馬県太田市石原町８１　イオンモール太田店２階" }, "geometry": { "type": "Point", "coordinates": [ 139.400543, 36.294405 ] } },
{ "type": "Feature", "properties": { "ID": 1022100001375, "正式名称": "医療法人財団翡翠会太田じんクリニック", "機関区分": 2, "都道府県コード": 10, "市区町村コード": 205, "所在地": "群馬県太田市藤阿久町７４９ー１", "緯度": 36.297154, "経度": 139.355907, "url": "https://www.iryou.teikyouseido.mhlw.go.jp/znk-web/juminkanja/S2430/initialize?prefCd=10&kikanCd=2100001375&kikanKbn=2", "url2": "http://www.yamatoclinicmall.com/jin/index.html", "内容": "医療法人財団翡翠会太田じんクリニック【2:診療所】【診療科目:内科_腎臓内科_人工透析内科】群馬県太田市藤阿久町７４９ー１" }, "geometry": { "type": "Point", "coordinates": [ 139.355907, 36.297154 ] } },
{ "type": "Feature", "properties": { "ID": 1022100001376, "正式名称": "太田西部診療所", "機関区分": 2, "都道府県コード": 10, "市区町村コード": 205, "所在地": "群馬県太田市米沢町８０ー２", "緯度": 36.267388, "経度": 139.349292, "url": "https://www.iryou.teikyouseido.mhlw.go.jp/znk-web/juminkanja/S2430/initialize?prefCd=10&kikanCd=2100001376&kikanKbn=2", "url2": null, "内容": "太田西部診療所【2:診療所】【診療科目:内科_小児科_麻酔科】群馬県太田市米沢町８０ー２" }, "geometry": { "type": "Point", "coordinates": [ 139.349292, 36.267388 ] } },
{ "type": "Feature", "properties": { "ID": 1022100001377, "正式名称": "太田中央眼科", "機関区分": 2, "都道府県コード": 10, "市区町村コード": 205, "所在地": "群馬県太田市由良町２３３２－３", "緯度": 36.284084, "経度": 139.33318, "url": "https://www.iryou.teikyouseido.mhlw.go.jp/znk-web/juminkanja/S2430/initialize?prefCd=10&kikanCd=2100001377&kikanKbn=2", "url2": "https://www.oota-chuo-ganka.com/", "内容": "太田中央眼科【2:診療所】【診療科目:眼科】群馬県太田市由良町２３３２－３" }, "geometry": { "type": "Point", "coordinates": [ 139.33318, 36.284084 ] } },
{ "type": "Feature", "properties": { "ID": 1022100001378, "正式名称": "太田東こども＆おとな診療所", "機関区分": 2, "都道府県コード": 10, "市区町村コード": 205, "所在地": "群馬県太田市龍舞町５５４９", "緯度": 36.274328, "経度": 139.414123, "url": "https://www.iryou.teikyouseido.mhlw.go.jp/znk-web/juminkanja/S2430/initialize?prefCd=10&kikanCd=2100001378&kikanKbn=2", "url2": "http://www.otadragon.jp", "内容": "太田東こども＆おとな診療所【2:診療所】【診療科目:内科_小児科】群馬県太田市龍舞町５５４９" }, "geometry": { "type": "Point", "coordinates": [ 139.414123, 36.274328 ] } },
{ "type": "Feature", "properties": { "ID": 1022100001381, "正式名称": "荻野整形外科クリニック", "機関区分": 2, "都道府県コード": 10, "市区町村コード": 205, "所在地": "群馬県太田市南矢島町４６７－２", "緯度": 36.259839, "経度": 139.381726, "url": "https://www.iryou.teikyouseido.mhlw.go.jp/znk-web/juminkanja/S2430/initialize?prefCd=10&kikanCd=2100001381&kikanKbn=2", "url2": "https://www.ogino-seikei-clinic.com/", "内容": "荻野整形外科クリニック【2:診療所】【診療科目:外科_整形外科_リウマチ科_リハビリテーション科】群馬県太田市南矢島町４６７－２" }, "geometry": { "type": "Point", "coordinates": [ 139.381726, 36.259839 ] } },
{ "type": "Feature", "properties": { "ID": 1022100001382, "正式名称": "医療法人光複会　おぎわら眼科", "機関区分": 2, "都道府県コード": 10, "市区町村コード": 205, "所在地": "群馬県太田市新田市野井町１５８―１", "緯度": 36.315952, "経度": 139.308048, "url": "https://www.iryou.teikyouseido.mhlw.go.jp/znk-web/juminkanja/S2430/initialize?prefCd=10&kikanCd=2100001382&kikanKbn=2", "url2": null, "内容": "医療法人光複会　おぎわら眼科【2:診療所】【診療科目:眼科】群馬県太田市新田市野井町１５８―１" }, "geometry": { "type": "Point", "coordinates": [ 139.308048, 36.315952 ] } },
{ "type": "Feature", "properties": { "ID": 1022100001383, "正式名称": "医療法人健靖会尾島クリニック", "機関区分": 2, "都道府県コード": 10, "市区町村コード": 205, "所在地": "群馬県太田市粕川町３３１－１", "緯度": 36.267293, "経度": 139.307633, "url": "https://www.iryou.teikyouseido.mhlw.go.jp/znk-web/juminkanja/S2430/initialize?prefCd=10&kikanCd=2100001383&kikanKbn=2", "url2": "http://www.citydo.com/prf/gunma/guide/sg/220001663", "内容": "医療法人健靖会尾島クリニック【2:診療所】【診療科目:内科_胃腸内科_外科_肛門外科】群馬県太田市粕川町３３１－１" }, "geometry": { "type": "Point", "coordinates": [ 139.307633, 36.267293 ] } },
{ "type": "Feature", "properties": { "ID": 1022100001386, "正式名称": "春日医院", "機関区分": 2, "都道府県コード": 10, "市区町村コード": 205, "所在地": "群馬県太田市本町３２－１２", "緯度": 36.298143, "経度": 139.371198, "url": "https://www.iryou.teikyouseido.mhlw.go.jp/znk-web/juminkanja/S2430/initialize?prefCd=10&kikanCd=2100001386&kikanKbn=2", "url2": null, "内容": "春日医院【2:診療所】【診療科目:内科_アレルギー科】群馬県太田市本町３２－１２" }, "geometry": { "type": "Point", "coordinates": [ 139.371198, 36.298143 ] } },
{ "type": "Feature", "properties": { "ID": 1022100001387, "正式名称": "医療法人仁洋会　金子クリニック", "機関区分": 2, "都道府県コード": 10, "市区町村コード": 205, "所在地": "群馬県太田市岩瀬川町４７１－５", "緯度": 36.273351, "経度": 139.358244, "url": "https://www.iryou.teikyouseido.mhlw.go.jp/znk-web/juminkanja/S2430/initialize?prefCd=10&kikanCd=2100001387&kikanKbn=2", "url2": null, "内容": "医療法人仁洋会　金子クリニック【2:診療所】【診療科目:内科_脳神経内科_神経内科】群馬県太田市岩瀬川町４７１－５" }, "geometry": { "type": "Point", "coordinates": [ 139.358244, 36.273351 ] } },
{ "type": "Feature", "properties": { "ID": 1022100001388, "正式名称": "川田クリニック", "機関区分": 2, "都道府県コード": 10, "市区町村コード": 205, "所在地": "群馬県太田市由良町１６２２－１１", "緯度": 36.2931, "経度": 139.337017, "url": "https://www.iryou.teikyouseido.mhlw.go.jp/znk-web/juminkanja/S2430/initialize?prefCd=10&kikanCd=2100001388&kikanKbn=2", "url2": "https://kawada-clinic.jp/", "内容": "川田クリニック【2:診療所】【診療科目:内科_皮膚科_泌尿器科】群馬県太田市由良町１６２２－１１" }, "geometry": { "type": "Point", "coordinates": [ 139.337017, 36.2931 ] } },
{ "type": "Feature", "properties": { "ID": 1022100001389, "正式名称": "木崎クリニック", "機関区分": 2, "都道府県コード": 10, "市区町村コード": 205, "所在地": "群馬県太田市新田木崎町", "緯度": 36.281303, "経度": 139.306282, "url": "https://www.iryou.teikyouseido.mhlw.go.jp/znk-web/juminkanja/S2430/initialize?prefCd=10&kikanCd=2100001389&kikanKbn=2", "url2": "http://kizaki.cc/", "内容": "木崎クリニック【2:診療所】【診療科目:内科_外科_小児科_眼科_耳鼻いんこう科_皮膚科_アレルギー科】群馬県太田市新田木崎町" }, "geometry": { "type": "Point", "coordinates": [ 139.306282, 36.281303 ] } },
{ "type": "Feature", "properties": { "ID": 1022100001393, "正式名称": "くつなクリニック", "機関区分": 2, "都道府県コード": 10, "市区町村コード": 205, "所在地": "群馬県太田市由良町８８６ー１", "緯度": 36.291602, "経度": 139.346545, "url": "https://www.iryou.teikyouseido.mhlw.go.jp/znk-web/juminkanja/S2430/initialize?prefCd=10&kikanCd=2100001393&kikanKbn=2", "url2": "http://www.kutsuna.info/", "内容": "くつなクリニック【2:診療所】【診療科目:内科_消化器内科_外科】群馬県太田市由良町８８６ー１" }, "geometry": { "type": "Point", "coordinates": [ 139.346545, 36.291602 ] } },
{ "type": "Feature", "properties": { "ID": 1022100001394, "正式名称": "医療法人社団クボタ皮膚科医院", "機関区分": 2, "都道府県コード": 10, "市区町村コード": 205, "所在地": "群馬県太田市飯田町１２３６", "緯度": 36.291406, "経度": 139.378339, "url": "https://www.iryou.teikyouseido.mhlw.go.jp/znk-web/juminkanja/S2430/initialize?prefCd=10&kikanCd=2100001394&kikanKbn=2", "url2": null, "内容": "医療法人社団クボタ皮膚科医院【2:診療所】【診療科目:皮膚科】群馬県太田市飯田町１２３６" }, "geometry": { "type": "Point", "coordinates": [ 139.378339, 36.291406 ] } },
{ "type": "Feature", "properties": { "ID": 1022100001395, "正式名称": "医療法人　希望会　くろいわ内科・呼吸器科クリニック", "機関区分": 2, "都道府県コード": 10, "市区町村コード": 205, "所在地": "群馬県太田市上田島町９４９−７", "緯度": 36.280625, "経度": 139.314909, "url": "https://www.iryou.teikyouseido.mhlw.go.jp/znk-web/juminkanja/S2430/initialize?prefCd=10&kikanCd=2100001395&kikanKbn=2", "url2": "https://www.kuroiwa-naika-k.com/", "内容": "医療法人　希望会　くろいわ内科・呼吸器科クリニック【2:診療所】【診療科目:内科_呼吸器内科_小児科_アレルギー科】群馬県太田市上田島町９４９−７" }, "geometry": { "type": "Point", "coordinates": [ 139.314909, 36.280625 ] } },
{ "type": "Feature", "properties": { "ID": 1022100001397, "正式名称": "医療法人ＫＯＳＳＭＯＳ会剣持整形外科", "機関区分": 2, "都道府県コード": 10, "市区町村コード": 205, "所在地": "群馬県太田市東本町４２ー１", "緯度": 36.29853, "経度": 139.378448, "url": "https://www.iryou.teikyouseido.mhlw.go.jp/znk-web/juminkanja/S2430/initialize?prefCd=10&kikanCd=2100001397&kikanKbn=2", "url2": "http://www.kossmos.jp", "内容": "医療法人ＫＯＳＳＭＯＳ会剣持整形外科【2:診療所】【診療科目:整形外科_形成外科_リハビリテーション科】群馬県太田市東本町４２ー１" }, "geometry": { "type": "Point", "coordinates": [ 139.378448, 36.29853 ] } },
{ "type": "Feature", "properties": { "ID": 1022100001398, "正式名称": "小島医院", "機関区分": 2, "都道府県コード": 10, "市区町村コード": 205, "所在地": "群馬県太田市熊野町８ー９", "緯度": 36.302383, "経度": 139.379867, "url": "https://www.iryou.teikyouseido.mhlw.go.jp/znk-web/juminkanja/S2430/initialize?prefCd=10&kikanCd=2100001398&kikanKbn=2", "url2": null, "内容": "小島医院【2:診療所】【診療科目:内科_糖尿病内科_小児科】群馬県太田市熊野町８ー９" }, "geometry": { "type": "Point", "coordinates": [ 139.379867, 36.302383 ] } },
{ "type": "Feature", "properties": { "ID": 1022100001401, "正式名称": "小林クリニック", "機関区分": 2, "都道府県コード": 10, "市区町村コード": 205, "所在地": "群馬県太田市世良田町１５７４ー１", "緯度": 36.265832, "経度": 139.284696, "url": "https://www.iryou.teikyouseido.mhlw.go.jp/znk-web/juminkanja/S2430/initialize?prefCd=10&kikanCd=2100001401&kikanKbn=2", "url2": null, "内容": "小林クリニック【2:診療所】【診療科目:内科_呼吸器内科_循環器内科_消化器内科_外科_小児科】群馬県太田市世良田町１５７４ー１" }, "geometry": { "type": "Point", "coordinates": [ 139.284696, 36.265832 ] } },
{ "type": "Feature", "properties": { "ID": 1022100001402, "正式名称": "医療法人　こばやし小児科内科医院　喜多村クリニック", "機関区分": 2, "都道府県コード": 10, "市区町村コード": 205, "所在地": "群馬県太田市東本町４０ー３０", "緯度": 36.297663, "経度": 139.379764, "url": "https://www.iryou.teikyouseido.mhlw.go.jp/znk-web/juminkanja/S2430/initialize?prefCd=10&kikanCd=2100001402&kikanKbn=2", "url2": "https://www.kobamic.jp/", "内容": "医療法人　こばやし小児科内科医院　喜多村クリニック【2:診療所】【診療科目:内科_脂質代謝内科_循環器内科_小児科】群馬県太田市東本町４０ー３０" }, "geometry": { "type": "Point", "coordinates": [ 139.379764, 36.297663 ] } },
{ "type": "Feature", "properties": { "ID": 1022100001403, "正式名称": "一般財団法人　太田市健診センター附属診療所", "機関区分": 2, "都道府県コード": 10, "市区町村コード": 205, "所在地": "群馬県太田市飯田町８１８番地", "緯度": 36.283517, "経度": 139.383795, "url": "https://www.iryou.teikyouseido.mhlw.go.jp/znk-web/juminkanja/S2430/initialize?prefCd=10&kikanCd=2100001403&kikanKbn=2", "url2": "http://www.city.ota.gunma.jp/005gyosei/0070-009kenko-dukuri/yakan.html", "内容": "一般財団法人　太田市健診センター附属診療所【2:診療所】【診療科目:内科_小児科】群馬県太田市飯田町８１８番地" }, "geometry": { "type": "Point", "coordinates": [ 139.383795, 36.283517 ] } },
{ "type": "Feature", "properties": { "ID": 1022100001405, "正式名称": "坂本胃腸科医院", "機関区分": 2, "都道府県コード": 10, "市区町村コード": 205, "所在地": "群馬県太田市大原町１０６１−９", "緯度": 36.36797, "経度": 139.291011, "url": "https://www.iryou.teikyouseido.mhlw.go.jp/znk-web/juminkanja/S2430/initialize?prefCd=10&kikanCd=2100001405&kikanKbn=2", "url2": null, "内容": "坂本胃腸科医院【2:診療所】【診療科目:内科_胃腸内科_外科_肛門外科_皮膚科】群馬県太田市大原町１０６１−９" }, "geometry": { "type": "Point", "coordinates": [ 139.291011, 36.36797 ] } },
{ "type": "Feature", "properties": { "ID": 1022100001406, "正式名称": "佐藤耳鼻咽喉科医院", "機関区分": 2, "都道府県コード": 10, "市区町村コード": 205, "所在地": "群馬県太田市飯塚町９２ー１", "緯度": 36.278665, "経度": 139.380065, "url": "https://www.iryou.teikyouseido.mhlw.go.jp/znk-web/juminkanja/S2430/initialize?prefCd=10&kikanCd=2100001406&kikanKbn=2", "url2": "https://satojibiinkouka.hp.gogo.jp/pc/", "内容": "佐藤耳鼻咽喉科医院【2:診療所】【診療科目:耳鼻いんこう科】群馬県太田市飯塚町９２ー１" }, "geometry": { "type": "Point", "coordinates": [ 139.380065, 36.278665 ] } },
{ "type": "Feature", "properties": { "ID": 1022100001407, "正式名称": "医療法人秀優会さわのクリニック", "機関区分": 2, "都道府県コード": 10, "市区町村コード": 205, "所在地": "群馬県太田市牛沢町１０８６ー１", "緯度": 36.260734, "経度": 139.362333, "url": "https://www.iryou.teikyouseido.mhlw.go.jp/znk-web/juminkanja/S2430/initialize?prefCd=10&kikanCd=2100001407&kikanKbn=2", "url2": null, "内容": "医療法人秀優会さわのクリニック【2:診療所】【診療科目:内科_内分泌内科】群馬県太田市牛沢町１０８６ー１" }, "geometry": { "type": "Point", "coordinates": [ 139.362333, 36.260734 ] } },
{ "type": "Feature", "properties": { "ID": 1022100001409, "正式名称": "医療法人秀世会しのはらクリニック", "機関区分": 2, "都道府県コード": 10, "市区町村コード": 205, "所在地": "群馬県太田市世良田町４６８ー１", "緯度": 36.25998, "経度": 139.277283, "url": "https://www.iryou.teikyouseido.mhlw.go.jp/znk-web/juminkanja/S2430/initialize?prefCd=10&kikanCd=2100001409&kikanKbn=2", "url2": null, "内容": "医療法人秀世会しのはらクリニック【2:診療所】【診療科目:内科_循環器内科_小児科】群馬県太田市世良田町４６８ー１" }, "geometry": { "type": "Point", "coordinates": [ 139.277283, 36.25998 ] } },
{ "type": "Feature", "properties": { "ID": 1022100001412, "正式名称": "杉立医院", "機関区分": 2, "都道府県コード": 10, "市区町村コード": 205, "所在地": "群馬県太田市台之郷町１７１３ー１", "緯度": 36.310532, "経度": 139.406745, "url": "https://www.iryou.teikyouseido.mhlw.go.jp/znk-web/juminkanja/S2430/initialize?prefCd=10&kikanCd=2100001412&kikanKbn=2", "url2": "http://ota.gunma.med.or.jp/kaiseimap/map047/index.htm", "内容": "杉立医院【2:診療所】【診療科目:内科_小児科】群馬県太田市台之郷町１７１３ー１" }, "geometry": { "type": "Point", "coordinates": [ 139.406745, 36.310532 ] } },
{ "type": "Feature", "properties": { "ID": 1022100001413, "正式名称": "杉田内科医院", "機関区分": 2, "都道府県コード": 10, "市区町村コード": 205, "所在地": "群馬県太田市鳥山上町１５３６ー３", "緯度": 36.322229, "経度": 139.348075, "url": "https://www.iryou.teikyouseido.mhlw.go.jp/znk-web/juminkanja/S2430/initialize?prefCd=10&kikanCd=2100001413&kikanKbn=2", "url2": null, "内容": "杉田内科医院【2:診療所】【診療科目:内科_呼吸器内科_循環器内科_胃腸内科_小児科】群馬県太田市鳥山上町１５３６ー３" }, "geometry": { "type": "Point", "coordinates": [ 139.348075, 36.322229 ] } },
{ "type": "Feature", "properties": { "ID": 1022100001414, "正式名称": "医療法人リアホナ会鈴木医院", "機関区分": 2, "都道府県コード": 10, "市区町村コード": 205, "所在地": "群馬県太田市新田早川町", "緯度": 36.29802, "経度": 139.271996, "url": "https://www.iryou.teikyouseido.mhlw.go.jp/znk-web/juminkanja/S2430/initialize?prefCd=10&kikanCd=2100001414&kikanKbn=2", "url2": "http://website.infomity.net/c8440168", "内容": "医療法人リアホナ会鈴木医院【2:診療所】【診療科目:内科_循環器内科_消化器内科】群馬県太田市新田早川町" }, "geometry": { "type": "Point", "coordinates": [ 139.271996, 36.29802 ] } },
{ "type": "Feature", "properties": { "ID": 1022100001415, "正式名称": "医療法人樫の木会", "機関区分": 2, "都道府県コード": 10, "市区町村コード": 205, "所在地": "群馬県太田市牛沢町１７９", "緯度": 36.261342, "経度": 139.353454, "url": "https://www.iryou.teikyouseido.mhlw.go.jp/znk-web/juminkanja/S2430/initialize?prefCd=10&kikanCd=2100001415&kikanKbn=2", "url2": "http://sekiguchi-cl.byoinnavi.jp/pc/", "内容": "医療法人樫の木会【2:診療所】【診療科目:内科_消化器内科_小児科_歯科_小児歯科】群馬県太田市牛沢町１７９" }, "geometry": { "type": "Point", "coordinates": [ 139.353454, 36.261342 ] } },
{ "type": "Feature", "properties": { "ID": 1022100001417, "正式名称": "高沢胃腸科外科", "機関区分": 2, "都道府県コード": 10, "市区町村コード": 205, "所在地": "群馬県太田市新井町５６７－１", "緯度": 36.286126, "経度": 139.365271, "url": "https://www.iryou.teikyouseido.mhlw.go.jp/znk-web/juminkanja/S2430/initialize?prefCd=10&kikanCd=2100001417&kikanKbn=2", "url2": "https://www.takazawa-ichoukageka.com", "内容": "高沢胃腸科外科【2:診療所】【診療科目:内科_呼吸器内科_消化器内科_胃腸内科_外科_肛門外科_小児科_皮膚科_アレルギー科_リウマチ科】群馬県太田市新井町５６７－１" }, "geometry": { "type": "Point", "coordinates": [ 139.365271, 36.286126 ] } },
{ "type": "Feature", "properties": { "ID": 1022100001418, "正式名称": "たから女性クリニック", "機関区分": 2, "都道府県コード": 10, "市区町村コード": 205, "所在地": "群馬県太田市由良町２３４０ー１", "緯度": 36.283681, "経度": 139.332863, "url": "https://www.iryou.teikyouseido.mhlw.go.jp/znk-web/juminkanja/S2430/initialize?prefCd=10&kikanCd=2100001418&kikanKbn=2", "url2": "http://takara4lc.g1.xrea.com/", "内容": "たから女性クリニック【2:診療所】【診療科目:内科_婦人科】群馬県太田市由良町２３４０ー１" }, "geometry": { "type": "Point", "coordinates": [ 139.332863, 36.283681 ] } },
{ "type": "Feature", "properties": { "ID": 1022100001419, "正式名称": "宝診療所", "機関区分": 2, "都道府県コード": 10, "市区町村コード": 205, "所在地": "群馬県太田市宝町３７９", "緯度": 36.289441, "経度": 139.333335, "url": "https://www.iryou.teikyouseido.mhlw.go.jp/znk-web/juminkanja/S2430/initialize?prefCd=10&kikanCd=2100001419&kikanKbn=2", "url2": null, "内容": "宝診療所【2:診療所】【診療科目:小児科】群馬県太田市宝町３７９" }, "geometry": { "type": "Point", "coordinates": [ 139.333335, 36.289441 ] } },
{ "type": "Feature", "properties": { "ID": 1022100001421, "正式名称": "田口医院", "機関区分": 2, "都道府県コード": 10, "市区町村コード": 205, "所在地": "群馬県太田市小舞木町２１３", "緯度": 36.284279, "経度": 139.390983, "url": "https://www.iryou.teikyouseido.mhlw.go.jp/znk-web/juminkanja/S2430/initialize?prefCd=10&kikanCd=2100001421&kikanKbn=2", "url2": "http://www.shinbashi.or.jp/taguchi-iin/framepagetyousi.htm", "内容": "田口医院【2:診療所】【診療科目:皮膚科】群馬県太田市小舞木町２１３" }, "geometry": { "type": "Point", "coordinates": [ 139.390983, 36.284279 ] } },
{ "type": "Feature", "properties": { "ID": 1022100001422, "正式名称": "竹内医院", "機関区分": 2, "都道府県コード": 10, "市区町村コード": 205, "所在地": "群馬県太田市飯田町２０３ー２", "緯度": 36.287703, "経度": 139.375929, "url": "https://www.iryou.teikyouseido.mhlw.go.jp/znk-web/juminkanja/S2430/initialize?prefCd=10&kikanCd=2100001422&kikanKbn=2", "url2": null, "内容": "竹内医院【2:診療所】【診療科目:内科_胃腸内科_外科】群馬県太田市飯田町２０３ー２" }, "geometry": { "type": "Point", "coordinates": [ 139.375929, 36.287703 ] } },
{ "type": "Feature", "properties": { "ID": 1022100001423, "正式名称": "医療法人淳幸会たちばな小児科アレルギー科クリニック", "機関区分": 2, "都道府県コード": 10, "市区町村コード": 205, "所在地": "群馬県太田市藤阿久町８０５－２", "緯度": 36.297773, "経度": 139.355144, "url": "https://www.iryou.teikyouseido.mhlw.go.jp/znk-web/juminkanja/S2430/initialize?prefCd=10&kikanCd=2100001423&kikanKbn=2", "url2": "http://www.tachibana-shounika.com/", "内容": "医療法人淳幸会たちばな小児科アレルギー科クリニック【2:診療所】【診療科目:小児科_小児皮膚科_アレルギー科】群馬県太田市藤阿久町８０５－２" }, "geometry": { "type": "Point", "coordinates": [ 139.355144, 36.297773 ] } },
{ "type": "Feature", "properties": { "ID": 1022100001424, "正式名称": "谷口クリニック", "機関区分": 2, "都道府県コード": 10, "市区町村コード": 205, "所在地": "群馬県太田市城西町７６５－１５", "緯度": 36.312433, "経度": 139.339279, "url": "https://www.iryou.teikyouseido.mhlw.go.jp/znk-web/juminkanja/S2430/initialize?prefCd=10&kikanCd=2100001424&kikanKbn=2", "url2": null, "内容": "谷口クリニック【2:診療所】【診療科目:内科_循環器内科】群馬県太田市城西町７６５－１５" }, "geometry": { "type": "Point", "coordinates": [ 139.339279, 36.312433 ] } },
{ "type": "Feature", "properties": { "ID": 1022100001426, "正式名称": "土屋クリニック", "機関区分": 2, "都道府県コード": 10, "市区町村コード": 205, "所在地": "群馬県太田市細谷町１４０５ー２", "緯度": 36.275246, "経度": 139.351658, "url": "https://www.iryou.teikyouseido.mhlw.go.jp/znk-web/juminkanja/S2430/initialize?prefCd=10&kikanCd=2100001426&kikanKbn=2", "url2": null, "内容": "土屋クリニック【2:診療所】【診療科目:内科_皮膚科_泌尿器科】群馬県太田市細谷町１４０５ー２" }, "geometry": { "type": "Point", "coordinates": [ 139.351658, 36.275246 ] } },
{ "type": "Feature", "properties": { "ID": 1022100001428, "正式名称": "医療法人社団ときざわレディスクリニック", "機関区分": 2, "都道府県コード": 10, "市区町村コード": 205, "所在地": "群馬県太田市小舞木町２５６", "緯度": 36.283046, "経度": 139.385866, "url": "https://www.iryou.teikyouseido.mhlw.go.jp/znk-web/juminkanja/S2430/initialize?prefCd=10&kikanCd=2100001428&kikanKbn=2", "url2": "http://tokizawa.jp/", "内容": "医療法人社団ときざわレディスクリニック【2:診療所】【診療科目:婦人科】群馬県太田市小舞木町２５６" }, "geometry": { "type": "Point", "coordinates": [ 139.385866, 36.283046 ] } },
{ "type": "Feature", "properties": { "ID": 1022100001439, "正式名称": "医療法人時計台時計台メンタルクリニック", "機関区分": 2, "都道府県コード": 10, "市区町村コード": 205, "所在地": "群馬県太田市飯塚町", "緯度": 36.277906, "経度": 139.379545, "url": "https://www.iryou.teikyouseido.mhlw.go.jp/znk-web/juminkanja/S2430/initialize?prefCd=10&kikanCd=2100001439&kikanKbn=2", "url2": null, "内容": "医療法人時計台時計台メンタルクリニック【2:診療所】【診療科目:精神科】群馬県太田市飯塚町" }, "geometry": { "type": "Point", "coordinates": [ 139.379545, 36.277906 ] } },
{ "type": "Feature", "properties": { "ID": 1022100001440, "正式名称": "登田医院", "機関区分": 2, "都道府県コード": 10, "市区町村コード": 205, "所在地": "群馬県太田市八幡町１１－６", "緯度": 36.298399, "経度": 139.368112, "url": "https://www.iryou.teikyouseido.mhlw.go.jp/znk-web/juminkanja/S2430/initialize?prefCd=10&kikanCd=2100001440&kikanKbn=2", "url2": "http://www.n2tc.jp", "内容": "登田医院【2:診療所】【診療科目:内科_消化器内科_外科_肛門外科】群馬県太田市八幡町１１－６" }, "geometry": { "type": "Point", "coordinates": [ 139.368112, 36.298399 ] } },
{ "type": "Feature", "properties": { "ID": 1022100001444, "正式名称": "医療法人社団　田口会　呑龍クリニック", "機関区分": 2, "都道府県コード": 10, "市区町村コード": 205, "所在地": "群馬県太田市飯田町１０８３ー１", "緯度": 36.289711, "経度": 139.381656, "url": "https://www.iryou.teikyouseido.mhlw.go.jp/znk-web/juminkanja/S2430/initialize?prefCd=10&kikanCd=2100001444&kikanKbn=2", "url2": "http://www.shinbashi.or.jp/", "内容": "医療法人社団　田口会　呑龍クリニック【2:診療所】【診療科目:内科_泌尿器科】群馬県太田市飯田町１０８３ー１" }, "geometry": { "type": "Point", "coordinates": [ 139.381656, 36.289711 ] } },
{ "type": "Feature", "properties": { "ID": 1022100001446, "正式名称": "医療法人聖ぶどうの会中野医院", "機関区分": 2, "都道府県コード": 10, "市区町村コード": 205, "所在地": "群馬県太田市成塚町１５０ー８５", "緯度": 36.333003, "経度": 139.34577, "url": "https://www.iryou.teikyouseido.mhlw.go.jp/znk-web/juminkanja/S2430/initialize?prefCd=10&kikanCd=2100001446&kikanKbn=2", "url2": null, "内容": "医療法人聖ぶどうの会中野医院【2:診療所】【診療科目:内科_消化器内科_小児科】群馬県太田市成塚町１５０ー８５" }, "geometry": { "type": "Point", "coordinates": [ 139.34577, 36.333003 ] } },
{ "type": "Feature", "properties": { "ID": 1022100001449, "正式名称": "医療法人社団新田診療所", "機関区分": 2, "都道府県コード": 10, "市区町村コード": 205, "所在地": "群馬県太田市新田市野井町７９５", "緯度": 36.306485, "経度": 139.3033, "url": "https://www.iryou.teikyouseido.mhlw.go.jp/znk-web/juminkanja/S2430/initialize?prefCd=10&kikanCd=2100001449&kikanKbn=2", "url2": "https://www.nitta-clinic.site", "内容": "医療法人社団新田診療所【2:診療所】【診療科目:内科】群馬県太田市新田市野井町７９５" }, "geometry": { "type": "Point", "coordinates": [ 139.3033, 36.306485 ] } },
{ "type": "Feature", "properties": { "ID": 1022100001450, "正式名称": "医療法人社団三位会　野口皮膚科医院", "機関区分": 2, "都道府県コード": 10, "市区町村コード": 205, "所在地": "群馬県太田市飯塚町７０４－１", "緯度": 36.277002, "経度": 139.387792, "url": "https://www.iryou.teikyouseido.mhlw.go.jp/znk-web/juminkanja/S2430/initialize?prefCd=10&kikanCd=2100001450&kikanKbn=2", "url2": "http://noguchi.867.jp/", "内容": "医療法人社団三位会　野口皮膚科医院【2:診療所】【診療科目:形成外科_小児科_皮膚科】群馬県太田市飯塚町７０４－１" }, "geometry": { "type": "Point", "coordinates": [ 139.387792, 36.277002 ] } },
{ "type": "Feature", "properties": { "ID": 1022100001452, "正式名称": "医療法人社団瞳光会馬場医院", "機関区分": 2, "都道府県コード": 10, "市区町村コード": 205, "所在地": "群馬県太田市高林東町１６８８", "緯度": 36.259139, "経度": 139.377963, "url": "https://www.iryou.teikyouseido.mhlw.go.jp/znk-web/juminkanja/S2430/initialize?prefCd=10&kikanCd=2100001452&kikanKbn=2", "url2": null, "内容": "医療法人社団瞳光会馬場医院【2:診療所】【診療科目:眼科】群馬県太田市高林東町１６８８" }, "geometry": { "type": "Point", "coordinates": [ 139.377963, 36.259139 ] } },
{ "type": "Feature", "properties": { "ID": 1022100001455, "正式名称": "はりがや眼科", "機関区分": 2, "都道府県コード": 10, "市区町村コード": 205, "所在地": "群馬県太田市小舞木町４２３", "緯度": 36.28601, "経度": 139.38733, "url": "https://www.iryou.teikyouseido.mhlw.go.jp/znk-web/juminkanja/S2430/initialize?prefCd=10&kikanCd=2100001455&kikanKbn=2", "url2": "http://nttbj.itp.ne.jp/0276478101/index.html", "内容": "はりがや眼科【2:診療所】【診療科目:眼科】群馬県太田市小舞木町４２３" }, "geometry": { "type": "Point", "coordinates": [ 139.38733, 36.28601 ] } },
{ "type": "Feature", "properties": { "ID": 1022100001456, "正式名称": "針谷眼科", "機関区分": 2, "都道府県コード": 10, "市区町村コード": 205, "所在地": "群馬県太田市東本町２３ー７", "緯度": 36.295455, "経度": 139.379117, "url": "https://www.iryou.teikyouseido.mhlw.go.jp/znk-web/juminkanja/S2430/initialize?prefCd=10&kikanCd=2100001456&kikanKbn=2", "url2": null, "内容": "針谷眼科【2:診療所】【診療科目:眼科】群馬県太田市東本町２３ー７" }, "geometry": { "type": "Point", "coordinates": [ 139.379117, 36.295455 ] } },
{ "type": "Feature", "properties": { "ID": 1022100001459, "正式名称": "医療法人　昭庸会　平原内科・消化器科", "機関区分": 2, "都道府県コード": 10, "市区町村コード": 205, "所在地": "群馬県太田市小舞木町２２６", "緯度": 36.281957, "経度": 139.390336, "url": "https://www.iryou.teikyouseido.mhlw.go.jp/znk-web/juminkanja/S2430/initialize?prefCd=10&kikanCd=2100001459&kikanKbn=2", "url2": "http://hiraharaclinic.com", "内容": "医療法人　昭庸会　平原内科・消化器科【2:診療所】【診療科目:糖尿病内科_循環器内科_消化器内科_漢方内科_内視鏡内科_アレルギー疾患内科_小児科】群馬県太田市小舞木町２２６" }, "geometry": { "type": "Point", "coordinates": [ 139.390336, 36.281957 ] } },
{ "type": "Feature", "properties": { "ID": 1022100001460, "正式名称": "深川クリニック", "機関区分": 2, "都道府県コード": 10, "市区町村コード": 205, "所在地": "群馬県太田市小舞木町４１５", "緯度": 36.285548, "経度": 139.387975, "url": "https://www.iryou.teikyouseido.mhlw.go.jp/znk-web/juminkanja/S2430/initialize?prefCd=10&kikanCd=2100001460&kikanKbn=2", "url2": "http://www.fukagawa-clinic.jp/", "内容": "深川クリニック【2:診療所】【診療科目:内科_消化器内科_小児科】群馬県太田市小舞木町４１５" }, "geometry": { "type": "Point", "coordinates": [ 139.387975, 36.285548 ] } },
{ "type": "Feature", "properties": { "ID": 1022100001461, "正式名称": "ふくだ耳鼻咽喉科クリニック", "機関区分": 2, "都道府県コード": 10, "市区町村コード": 205, "所在地": "群馬県太田市下小林町", "緯度": 36.293265, "経度": 139.403137, "url": "https://www.iryou.teikyouseido.mhlw.go.jp/znk-web/juminkanja/S2430/initialize?prefCd=10&kikanCd=2100001461&kikanKbn=2", "url2": "http://www.fukuda-ent.com/", "内容": "ふくだ耳鼻咽喉科クリニック【2:診療所】【診療科目:耳鼻いんこう科_アレルギー科】群馬県太田市下小林町" }, "geometry": { "type": "Point", "coordinates": [ 139.403137, 36.293265 ] } },
{ "type": "Feature", "properties": { "ID": 1022100001463, "正式名称": "医療法人藤優会藤井レディースクリニック", "機関区分": 2, "都道府県コード": 10, "市区町村コード": 205, "所在地": "群馬県太田市東矢島町１１８４ー１", "緯度": 36.27051, "経度": 139.384451, "url": "https://www.iryou.teikyouseido.mhlw.go.jp/znk-web/juminkanja/S2430/initialize?prefCd=10&kikanCd=2100001463&kikanKbn=2", "url2": "http://www.fujii-l-c.sakura.ne.jp/", "内容": "医療法人藤優会藤井レディースクリニック【2:診療所】【診療科目:産婦人科】群馬県太田市東矢島町１１８４ー１" }, "geometry": { "type": "Point", "coordinates": [ 139.384451, 36.27051 ] } },
{ "type": "Feature", "properties": { "ID": 1022100001467, "正式名称": "藤生眼科医院", "機関区分": 2, "都道府県コード": 10, "市区町村コード": 205, "所在地": "群馬県太田市浜町３－３１", "緯度": 36.292139, "経度": 139.375878, "url": "https://www.iryou.teikyouseido.mhlw.go.jp/znk-web/juminkanja/S2430/initialize?prefCd=10&kikanCd=2100001467&kikanKbn=2", "url2": null, "内容": "藤生眼科医院【2:診療所】【診療科目:眼科】群馬県太田市浜町３－３１" }, "geometry": { "type": "Point", "coordinates": [ 139.375878, 36.292139 ] } },
{ "type": "Feature", "properties": { "ID": 1022100001469, "正式名称": "堀越医院", "機関区分": 2, "都道府県コード": 10, "市区町村コード": 205, "所在地": "群馬県太田市鳥山下町８７１ー１", "緯度": 36.315208, "経度": 139.35328, "url": "https://www.iryou.teikyouseido.mhlw.go.jp/znk-web/juminkanja/S2430/initialize?prefCd=10&kikanCd=2100001469&kikanKbn=2", "url2": null, "内容": "堀越医院【2:診療所】【診療科目:内科_小児科】群馬県太田市鳥山下町８７１ー１" }, "geometry": { "type": "Point", "coordinates": [ 139.35328, 36.315208 ] } },
{ "type": "Feature", "properties": { "ID": 1022100001470, "正式名称": "医療法人まえはら耳鼻咽喉科クリニック", "機関区分": 2, "都道府県コード": 10, "市区町村コード": 205, "所在地": "群馬県太田市下小林町", "緯度": 36.287709, "経度": 139.403076, "url": "https://www.iryou.teikyouseido.mhlw.go.jp/znk-web/juminkanja/S2430/initialize?prefCd=10&kikanCd=2100001470&kikanKbn=2", "url2": "http://med.wind.ne.jp/maeharajibika/", "内容": "医療法人まえはら耳鼻咽喉科クリニック【2:診療所】【診療科目:耳鼻いんこう科】群馬県太田市下小林町" }, "geometry": { "type": "Point", "coordinates": [ 139.403076, 36.287709 ] } },
{ "type": "Feature", "properties": { "ID": 1022100001472, "正式名称": "松本医院", "機関区分": 2, "都道府県コード": 10, "市区町村コード": 205, "所在地": "群馬県太田市東長岡町７６", "緯度": 36.294309, "経度": 139.395902, "url": "https://www.iryou.teikyouseido.mhlw.go.jp/znk-web/juminkanja/S2430/initialize?prefCd=10&kikanCd=2100001472&kikanKbn=2", "url2": null, "内容": "松本医院【2:診療所】【診療科目:産婦人科_皮膚科】群馬県太田市東長岡町７６" }, "geometry": { "type": "Point", "coordinates": [ 139.395902, 36.294309 ] } },
{ "type": "Feature", "properties": { "ID": 1022100001473, "正式名称": "まゆずみこどもクリニック", "機関区分": 2, "都道府県コード": 10, "市区町村コード": 205, "所在地": "群馬県太田市大原町四三八の十", "緯度": 36.355284, "経度": 139.2985, "url": "https://www.iryou.teikyouseido.mhlw.go.jp/znk-web/juminkanja/S2430/initialize?prefCd=10&kikanCd=2100001473&kikanKbn=2", "url2": "http://mayuzumi-kids.com/", "内容": "まゆずみこどもクリニック【2:診療所】【診療科目:小児科_アレルギー科】群馬県太田市大原町四三八の十" }, "geometry": { "type": "Point", "coordinates": [ 139.2985, 36.355284 ] } },
{ "type": "Feature", "properties": { "ID": 1022100001477, "正式名称": "耳鼻咽喉科みなみ医院", "機関区分": 2, "都道府県コード": 10, "市区町村コード": 205, "所在地": "群馬県太田市飯田町８１７ー１", "緯度": 36.288545, "経度": 139.382509, "url": "https://www.iryou.teikyouseido.mhlw.go.jp/znk-web/juminkanja/S2430/initialize?prefCd=10&kikanCd=2100001477&kikanKbn=2", "url2": null, "内容": "耳鼻咽喉科みなみ医院【2:診療所】【診療科目:形成外科_耳鼻いんこう科】群馬県太田市飯田町８１７ー１" }, "geometry": { "type": "Point", "coordinates": [ 139.382509, 36.288545 ] } },
{ "type": "Feature", "properties": { "ID": 1022100001478, "正式名称": "南矢島こどもクリニック", "機関区分": 2, "都道府県コード": 10, "市区町村コード": 205, "所在地": "群馬県太田市南矢島町３５２ー２", "緯度": 36.262928, "経度": 139.384801, "url": "https://www.iryou.teikyouseido.mhlw.go.jp/znk-web/juminkanja/S2430/initialize?prefCd=10&kikanCd=2100001478&kikanKbn=2", "url2": "https://park.paa.jp/park2/clinics/1588/businesses/01", "内容": "南矢島こどもクリニック【2:診療所】【診療科目:小児科】群馬県太田市南矢島町３５２ー２" }, "geometry": { "type": "Point", "coordinates": [ 139.384801, 36.262928 ] } },
{ "type": "Feature", "properties": { "ID": 1022100001479, "正式名称": "医療法人みのわクリニック", "機関区分": 2, "都道府県コード": 10, "市区町村コード": 205, "所在地": "群馬県太田市由良町", "緯度": 36.288069, "経度": 139.35047, "url": "https://www.iryou.teikyouseido.mhlw.go.jp/znk-web/juminkanja/S2430/initialize?prefCd=10&kikanCd=2100001479&kikanKbn=2", "url2": null, "内容": "医療法人みのわクリニック【2:診療所】【診療科目:内科_脳神経外科_小児科】群馬県太田市由良町" }, "geometry": { "type": "Point", "coordinates": [ 139.35047, 36.288069 ] } },
{ "type": "Feature", "properties": { "ID": 1022100001482, "正式名称": "山岸内科医院", "機関区分": 2, "都道府県コード": 10, "市区町村コード": 205, "所在地": "群馬県太田市飯塚町１５８４", "緯度": 36.283304, "経度": 139.380031, "url": "https://www.iryou.teikyouseido.mhlw.go.jp/znk-web/juminkanja/S2430/initialize?prefCd=10&kikanCd=2100001482&kikanKbn=2", "url2": null, "内容": "山岸内科医院【2:診療所】【診療科目:内科】群馬県太田市飯塚町１５８４" }, "geometry": { "type": "Point", "coordinates": [ 139.380031, 36.283304 ] } },
{ "type": "Feature", "properties": { "ID": 1022100001483, "正式名称": "山口ＡＲＴクリニック", "機関区分": 2, "都道府県コード": 10, "市区町村コード": 205, "所在地": "群馬県太田市台之郷町２５７", "緯度": 36.304668, "経度": 139.411936, "url": "https://www.iryou.teikyouseido.mhlw.go.jp/znk-web/juminkanja/S2430/initialize?prefCd=10&kikanCd=2100001483&kikanKbn=2", "url2": "https://yamaguchi-art.clinic/", "内容": "山口ＡＲＴクリニック【2:診療所】【診療科目:内科_婦人科_産婦人科（生殖医療）】群馬県太田市台之郷町２５７" }, "geometry": { "type": "Point", "coordinates": [ 139.411936, 36.304668 ] } },
{ "type": "Feature", "properties": { "ID": 1022100001484, "正式名称": "山口外科医院", "機関区分": 2, "都道府県コード": 10, "市区町村コード": 205, "所在地": "群馬県太田市西本町５７ー３３", "緯度": 36.295438, "経度": 139.359766, "url": "https://www.iryou.teikyouseido.mhlw.go.jp/znk-web/juminkanja/S2430/initialize?prefCd=10&kikanCd=2100001484&kikanKbn=2", "url2": null, "内容": "山口外科医院【2:診療所】【診療科目:内科_内分泌内科_呼吸器内科_循環器内科_胃腸内科_外科_整形外科_小児科_リハビリテーション科】群馬県太田市西本町５７ー３３" }, "geometry": { "type": "Point", "coordinates": [ 139.359766, 36.295438 ] } },
{ "type": "Feature", "properties": { "ID": 1022100001485, "正式名称": "山田クリニック", "機関区分": 2, "都道府県コード": 10, "市区町村コード": 205, "所在地": "群馬県太田市上小林町１９３", "緯度": 36.314148, "経度": 139.40119, "url": "https://www.iryou.teikyouseido.mhlw.go.jp/znk-web/juminkanja/S2430/initialize?prefCd=10&kikanCd=2100001485&kikanKbn=2", "url2": "http//yamadaclinic2121.com", "内容": "山田クリニック【2:診療所】【診療科目:内科_呼吸器内科_消化器内科】群馬県太田市上小林町１９３" }, "geometry": { "type": "Point", "coordinates": [ 139.40119, 36.314148 ] } },
{ "type": "Feature", "properties": { "ID": 1022100001487, "正式名称": "横室医院", "機関区分": 2, "都道府県コード": 10, "市区町村コード": 205, "所在地": "群馬県太田市尾島町１１２", "緯度": 36.25965, "経度": 139.322753, "url": "https://www.iryou.teikyouseido.mhlw.go.jp/znk-web/juminkanja/S2430/initialize?prefCd=10&kikanCd=2100001487&kikanKbn=2", "url2": null, "内容": "横室医院【2:診療所】【診療科目:内科_外科】群馬県太田市尾島町１１２" }, "geometry": { "type": "Point", "coordinates": [ 139.322753, 36.25965 ] } },
{ "type": "Feature", "properties": { "ID": 1022100001488, "正式名称": "和賀クリニック", "機関区分": 2, "都道府県コード": 10, "市区町村コード": 205, "所在地": "群馬県太田市大原町", "緯度": 36.345179, "経度": 139.302128, "url": "https://www.iryou.teikyouseido.mhlw.go.jp/znk-web/juminkanja/S2430/initialize?prefCd=10&kikanCd=2100001488&kikanKbn=2", "url2": "https://wagaclinic.info/", "内容": "和賀クリニック【2:診療所】【診療科目:内科_小児科_眼科_アレルギー科】群馬県太田市大原町" }, "geometry": { "type": "Point", "coordinates": [ 139.302128, 36.345179 ] } },
{ "type": "Feature", "properties": { "ID": 1022100001489, "正式名称": "医療法人綿打診療所", "機関区分": 2, "都道府県コード": 10, "市区町村コード": 205, "所在地": "群馬県太田市新田上田中町５５６－１", "緯度": 36.301948, "経度": 139.275412, "url": "https://www.iryou.teikyouseido.mhlw.go.jp/znk-web/juminkanja/S2430/initialize?prefCd=10&kikanCd=2100001489&kikanKbn=2", "url2": null, "内容": "医療法人綿打診療所【2:診療所】【診療科目:内科_リハビリテーション科】群馬県太田市新田上田中町５５６－１" }, "geometry": { "type": "Point", "coordinates": [ 139.275412, 36.301948 ] } },
{ "type": "Feature", "properties": { "ID": 1022100001490, "正式名称": "医療法人城南会渡辺クリニック", "機関区分": 2, "都道府県コード": 10, "市区町村コード": 205, "所在地": "群馬県太田市飯田町", "緯度": 36.290478, "経度": 139.378189, "url": "https://www.iryou.teikyouseido.mhlw.go.jp/znk-web/juminkanja/S2430/initialize?prefCd=10&kikanCd=2100001490&kikanKbn=2", "url2": "http://watanabe-hospital.jp", "内容": "医療法人城南会渡辺クリニック【2:診療所】【診療科目:内科_脳神経外科_小児科】群馬県太田市飯田町" }, "geometry": { "type": "Point", "coordinates": [ 139.378189, 36.290478 ] } },
{ "type": "Feature", "properties": { "ID": 1022100001491, "正式名称": "医療法人社団八鉱会いたくら内科クリニック", "機関区分": 2, "都道府県コード": 10, "市区町村コード": 521, "所在地": "群馬県邑楽郡板倉町朝日野１－１４－２", "緯度": 36.221753, "経度": 139.644448, "url": "https://www.iryou.teikyouseido.mhlw.go.jp/znk-web/juminkanja/S2430/initialize?prefCd=10&kikanCd=2100001491&kikanKbn=2", "url2": "http://itakura-c.byoinnavi.jp/", "内容": "医療法人社団八鉱会いたくら内科クリニック【2:診療所】【診療科目:内科_小児科】群馬県邑楽郡板倉町朝日野１－１４－２" }, "geometry": { "type": "Point", "coordinates": [ 139.644448, 36.221753 ] } },
{ "type": "Feature", "properties": { "ID": 1022100001492, "正式名称": "医療法人弘秀会ふじの木整形・内科クリニック", "機関区分": 2, "都道府県コード": 10, "市区町村コード": 521, "所在地": "群馬県邑楽郡板倉町飯野１４０５", "緯度": 36.213036, "経度": 139.610796, "url": "https://www.iryou.teikyouseido.mhlw.go.jp/znk-web/juminkanja/S2430/initialize?prefCd=10&kikanCd=2100001492&kikanKbn=2", "url2": null, "内容": "医療法人弘秀会ふじの木整形・内科クリニック【2:診療所】【診療科目:内科_整形外科_リウマチ科_リハビリテーション科_麻酔科】群馬県邑楽郡板倉町飯野１４０５" }, "geometry": { "type": "Point", "coordinates": [ 139.610796, 36.213036 ] } },
{ "type": "Feature", "properties": { "ID": 1022100001494, "正式名称": "井上整形外科医院", "機関区分": 2, "都道府県コード": 10, "市区町村コード": 521, "所在地": "群馬県邑楽郡板倉町板倉２２１６", "緯度": 36.222971, "経度": 139.610427, "url": "https://www.iryou.teikyouseido.mhlw.go.jp/znk-web/juminkanja/S2430/initialize?prefCd=10&kikanCd=2100001494&kikanKbn=2", "url2": null, "内容": "井上整形外科医院【2:診療所】【診療科目:内科_整形外科】群馬県邑楽郡板倉町板倉２２１６" }, "geometry": { "type": "Point", "coordinates": [ 139.610427, 36.222971 ] } },
{ "type": "Feature", "properties": { "ID": 1022100001499, "正式名称": "板倉医院", "機関区分": 2, "都道府県コード": 10, "市区町村コード": 521, "所在地": "群馬県邑楽郡板倉町細谷６８３ー１", "緯度": 36.245831, "経度": 139.617138, "url": "https://www.iryou.teikyouseido.mhlw.go.jp/znk-web/juminkanja/S2430/initialize?prefCd=10&kikanCd=2100001499&kikanKbn=2", "url2": null, "内容": "板倉医院【2:診療所】【診療科目:内科_小児科_皮膚科】群馬県邑楽郡板倉町細谷６８３ー１" }, "geometry": { "type": "Point", "coordinates": [ 139.617138, 36.245831 ] } },
{ "type": "Feature", "properties": { "ID": 1022100001500, "正式名称": "医療法人有朋会寺内医院", "機関区分": 2, "都道府県コード": 10, "市区町村コード": 525, "所在地": "群馬県邑楽郡邑楽町赤堀１０３１番地", "緯度": 36.235718, "経度": 139.485122, "url": "https://www.iryou.teikyouseido.mhlw.go.jp/znk-web/juminkanja/S2430/initialize?prefCd=10&kikanCd=2100001500&kikanKbn=2", "url2": null, "内容": "医療法人有朋会寺内医院【2:診療所】【診療科目:内科】群馬県邑楽郡邑楽町赤堀１０３１番地" }, "geometry": { "type": "Point", "coordinates": [ 139.485122, 36.235718 ] } },
{ "type": "Feature", "properties": { "ID": 1022100001502, "正式名称": "藤原医院", "機関区分": 2, "都道府県コード": 10, "市区町村コード": 525, "所在地": "群馬県邑楽郡邑楽町明野３０－６", "緯度": 36.256438, "経度": 139.476955, "url": "https://www.iryou.teikyouseido.mhlw.go.jp/znk-web/juminkanja/S2430/initialize?prefCd=10&kikanCd=2100001502&kikanKbn=2", "url2": "http://byoinnavi.jp/clinic/62514", "内容": "藤原医院【2:診療所】【診療科目:内科_胃腸内科_小児科】群馬県邑楽郡邑楽町明野３０－６" }, "geometry": { "type": "Point", "coordinates": [ 139.476955, 36.256438 ] } },
{ "type": "Feature", "properties": { "ID": 1022100001504, "正式名称": "医療法人三世会加藤医院", "機関区分": 2, "都道府県コード": 10, "市区町村コード": 525, "所在地": "群馬県邑楽郡邑楽町光善寺２７５－２", "緯度": 36.25252, "経度": 139.466546, "url": "https://www.iryou.teikyouseido.mhlw.go.jp/znk-web/juminkanja/S2430/initialize?prefCd=10&kikanCd=2100001504&kikanKbn=2", "url2": null, "内容": "医療法人三世会加藤医院【2:診療所】【診療科目:内科_循環器内科_外科_女性乳腺外科】群馬県邑楽郡邑楽町光善寺２７５－２" }, "geometry": { "type": "Point", "coordinates": [ 139.466546, 36.25252 ] } },
{ "type": "Feature", "properties": { "ID": 1022100001505, "正式名称": "オーラ眼科診療所", "機関区分": 2, "都道府県コード": 10, "市区町村コード": 525, "所在地": "群馬県邑楽郡邑楽町篠塚１４８５ー１２", "緯度": 36.243828, "経度": 139.461401, "url": "https://www.iryou.teikyouseido.mhlw.go.jp/znk-web/juminkanja/S2430/initialize?prefCd=10&kikanCd=2100001505&kikanKbn=2", "url2": null, "内容": "オーラ眼科診療所【2:診療所】【診療科目:眼科】群馬県邑楽郡邑楽町篠塚１４８５ー１２" }, "geometry": { "type": "Point", "coordinates": [ 139.461401, 36.243828 ] } },
{ "type": "Feature", "properties": { "ID": 1022100001506, "正式名称": "小林内科医院", "機関区分": 2, "都道府県コード": 10, "市区町村コード": 525, "所在地": "群馬県邑楽郡邑楽町篠塚１９３５ー２", "緯度": 36.247342, "経度": 139.446174, "url": "https://www.iryou.teikyouseido.mhlw.go.jp/znk-web/juminkanja/S2430/initialize?prefCd=10&kikanCd=2100001506&kikanKbn=2", "url2": null, "内容": "小林内科医院【2:診療所】【診療科目:内科】群馬県邑楽郡邑楽町篠塚１９３５ー２" }, "geometry": { "type": "Point", "coordinates": [ 139.446174, 36.247342 ] } },
{ "type": "Feature", "properties": { "ID": 1022100001511, "正式名称": "田沼整形外科医院", "機関区分": 2, "都道府県コード": 10, "市区町村コード": 525, "所在地": "群馬県邑楽郡邑楽町中野１０４３ー２", "緯度": 36.266313, "経度": 139.451719, "url": "https://www.iryou.teikyouseido.mhlw.go.jp/znk-web/juminkanja/S2430/initialize?prefCd=10&kikanCd=2100001511&kikanKbn=2", "url2": "http://website.infomity.net/c0008242/", "内容": "田沼整形外科医院【2:診療所】【診療科目:整形外科】群馬県邑楽郡邑楽町中野１０４３ー２" }, "geometry": { "type": "Point", "coordinates": [ 139.451719, 36.266313 ] } },
{ "type": "Feature", "properties": { "ID": 1022100001512, "正式名称": "医療法人　松王会　　井上医院", "機関区分": 2, "都道府県コード": 10, "市区町村コード": 525, "所在地": "群馬県邑楽郡邑楽町中野２１３", "緯度": 36.266548, "経度": 139.447846, "url": "https://www.iryou.teikyouseido.mhlw.go.jp/znk-web/juminkanja/S2430/initialize?prefCd=10&kikanCd=2100001512&kikanKbn=2", "url2": null, "内容": "医療法人　松王会　　井上医院【2:診療所】【診療科目:内科_胃腸内科_外科_大腸外科_産婦人科】群馬県邑楽郡邑楽町中野２１３" }, "geometry": { "type": "Point", "coordinates": [ 139.447846, 36.266548 ] } },
{ "type": "Feature", "properties": { "ID": 1022100001513, "正式名称": "医療法人田沼内科医院", "機関区分": 2, "都道府県コード": 10, "市区町村コード": 525, "所在地": "群馬県邑楽郡邑楽町中野２８６７ー３", "緯度": 36.258382, "経度": 139.46065, "url": "https://www.iryou.teikyouseido.mhlw.go.jp/znk-web/juminkanja/S2430/initialize?prefCd=10&kikanCd=2100001513&kikanKbn=2", "url2": null, "内容": "医療法人田沼内科医院【2:診療所】【診療科目:内科_消化器内科_小児科】群馬県邑楽郡邑楽町中野２８６７ー３" }, "geometry": { "type": "Point", "coordinates": [ 139.46065, 36.258382 ] } },
{ "type": "Feature", "properties": { "ID": 1022100001516, "正式名称": "高木整形外科", "機関区分": 2, "都道府県コード": 10, "市区町村コード": 524, "所在地": "群馬県邑楽郡大泉町いずみ", "緯度": 36.263547, "経度": 139.406277, "url": "https://www.iryou.teikyouseido.mhlw.go.jp/znk-web/juminkanja/S2430/initialize?prefCd=10&kikanCd=2100001516&kikanKbn=2", "url2": null, "内容": "高木整形外科【2:診療所】【診療科目:内科_整形外科_リウマチ科_リハビリテーション科】群馬県邑楽郡大泉町いずみ" }, "geometry": { "type": "Point", "coordinates": [ 139.406277, 36.263547 ] } },
{ "type": "Feature", "properties": { "ID": 1022100001517, "正式名称": "三浦医院", "機関区分": 2, "都道府県コード": 10, "市区町村コード": 524, "所在地": "群馬県邑楽郡大泉町北小泉３－１１－６", "緯度": 36.266481, "経度": 139.418243, "url": "https://www.iryou.teikyouseido.mhlw.go.jp/znk-web/juminkanja/S2430/initialize?prefCd=10&kikanCd=2100001517&kikanKbn=2", "url2": null, "内容": "三浦医院【2:診療所】【診療科目:内科_外科_麻酔科】群馬県邑楽郡大泉町北小泉３－１１－６" }, "geometry": { "type": "Point", "coordinates": [ 139.418243, 36.266481 ] } },
{ "type": "Feature", "properties": { "ID": 1022100001519, "正式名称": "医療法人社団Ｏ．Ｇ．Ｉ小児科おぎわらクリニック", "機関区分": 2, "都道府県コード": 10, "市区町村コード": 524, "所在地": "群馬県邑楽郡大泉町坂田４ー２３ー１０", "緯度": 36.260412, "経度": 139.397991, "url": "https://www.iryou.teikyouseido.mhlw.go.jp/znk-web/juminkanja/S2430/initialize?prefCd=10&kikanCd=2100001519&kikanKbn=2", "url2": "http://ogikc.com", "内容": "医療法人社団Ｏ．Ｇ．Ｉ小児科おぎわらクリニック【2:診療所】【診療科目:内科_小児科_精神科_心療内科】群馬県邑楽郡大泉町坂田４ー２３ー１０" }, "geometry": { "type": "Point", "coordinates": [ 139.397991, 36.260412 ] } },
{ "type": "Feature", "properties": { "ID": 1022100001520, "正式名称": "医療法人坂田会　大泉町泌尿器科内科", "機関区分": 2, "都道府県コード": 10, "市区町村コード": 524, "所在地": "群馬県邑楽郡大泉町坂田１６１９－３", "緯度": 36.263111, "経度": 139.402636, "url": "https://www.iryou.teikyouseido.mhlw.go.jp/znk-web/juminkanja/S2430/initialize?prefCd=10&kikanCd=2100001520&kikanKbn=2", "url2": "https://www.oizumimachi-clinic.com/", "内容": "医療法人坂田会　大泉町泌尿器科内科【2:診療所】【診療科目:内科_泌尿器科】群馬県邑楽郡大泉町坂田１６１９－３" }, "geometry": { "type": "Point", "coordinates": [ 139.402636, 36.263111 ] } },
{ "type": "Feature", "properties": { "ID": 1022100001521, "正式名称": "医療法人真医会", "機関区分": 2, "都道府県コード": 10, "市区町村コード": 524, "所在地": "群馬県邑楽郡大泉町城之内１ー４ー１", "緯度": 36.258899, "経度": 139.418468, "url": "https://www.iryou.teikyouseido.mhlw.go.jp/znk-web/juminkanja/S2430/initialize?prefCd=10&kikanCd=2100001521&kikanKbn=2", "url2": "http://www.mashimonaika-ichouka-clinic.com", "内容": "医療法人真医会【2:診療所】【診療科目:内科_消化器内科_胃腸内科】群馬県邑楽郡大泉町城之内１ー４ー１" }, "geometry": { "type": "Point", "coordinates": [ 139.418468, 36.258899 ] } },
{ "type": "Feature", "properties": { "ID": 1022100001522, "正式名称": "医療法人一陽会　たなか医院", "機関区分": 2, "都道府県コード": 10, "市区町村コード": 524, "所在地": "群馬県邑楽郡大泉町住吉５５番１６号", "緯度": 36.253776, "経度": 139.406686, "url": "https://www.iryou.teikyouseido.mhlw.go.jp/znk-web/juminkanja/S2430/initialize?prefCd=10&kikanCd=2100001522&kikanKbn=2", "url2": "https://tanaka-iin.com", "内容": "医療法人一陽会　たなか医院【2:診療所】【診療科目:内科_循環器内科】群馬県邑楽郡大泉町住吉５５番１６号" }, "geometry": { "type": "Point", "coordinates": [ 139.406686, 36.253776 ] } },
{ "type": "Feature", "properties": { "ID": 1022100001524, "正式名称": "医療法人鈴木眼科医院", "機関区分": 2, "都道府県コード": 10, "市区町村コード": 524, "所在地": "群馬県邑楽郡大泉町西小泉１ー２５ー５", "緯度": 36.25627, "経度": 139.414099, "url": "https://www.iryou.teikyouseido.mhlw.go.jp/znk-web/juminkanja/S2430/initialize?prefCd=10&kikanCd=2100001524&kikanKbn=2", "url2": null, "内容": "医療法人鈴木眼科医院【2:診療所】【診療科目:眼科】群馬県邑楽郡大泉町西小泉１ー２５ー５" }, "geometry": { "type": "Point", "coordinates": [ 139.414099, 36.25627 ] } },
{ "type": "Feature", "properties": { "ID": 1022100001525, "正式名称": "徳至会湯沢医院", "機関区分": 2, "都道府県コード": 10, "市区町村コード": 524, "所在地": "群馬県邑楽郡大泉町西小泉２ー５ー１５", "緯度": 36.253903, "経度": 139.410968, "url": "https://www.iryou.teikyouseido.mhlw.go.jp/znk-web/juminkanja/S2430/initialize?prefCd=10&kikanCd=2100001525&kikanKbn=2", "url2": "http://www.yuzawa-clinic.jp/", "内容": "徳至会湯沢医院【2:診療所】【診療科目:内科_神経内科_外科_脳神経外科】群馬県邑楽郡大泉町西小泉２ー５ー１５" }, "geometry": { "type": "Point", "coordinates": [ 139.410968, 36.253903 ] } },
{ "type": "Feature", "properties": { "ID": 1022100001527, "正式名称": "医療法人　穂栄会　みづほクリニック", "機関区分": 2, "都道府県コード": 10, "市区町村コード": 524, "所在地": "群馬県邑楽郡大泉町西小泉５ー９ー２２", "緯度": 36.261223, "経度": 139.408452, "url": "https://www.iryou.teikyouseido.mhlw.go.jp/znk-web/juminkanja/S2430/initialize?prefCd=10&kikanCd=2100001527&kikanKbn=2", "url2": "http://www.mizuho-clinic.jp/", "内容": "医療法人　穂栄会　みづほクリニック【2:診療所】【診療科目:内科_脳神経内科】群馬県邑楽郡大泉町西小泉５ー９ー２２" }, "geometry": { "type": "Point", "coordinates": [ 139.408452, 36.261223 ] } },
{ "type": "Feature", "properties": { "ID": 1022100001528, "正式名称": "医療法人翔医会佐々木皮膚科クリニック", "機関区分": 2, "都道府県コード": 10, "市区町村コード": 524, "所在地": "群馬県邑楽郡大泉町富士２ー４ー２０", "緯度": 36.249271, "経度": 139.411544, "url": "https://www.iryou.teikyouseido.mhlw.go.jp/znk-web/juminkanja/S2430/initialize?prefCd=10&kikanCd=2100001528&kikanKbn=2", "url2": "http://sasaki-hifuka-gunma.com", "内容": "医療法人翔医会佐々木皮膚科クリニック【2:診療所】【診療科目:皮膚科_美容皮膚科_アレルギー科】群馬県邑楽郡大泉町富士２ー４ー２０" }, "geometry": { "type": "Point", "coordinates": [ 139.411544, 36.249271 ] } },
{ "type": "Feature", "properties": { "ID": 1022100001529, "正式名称": "富士クリニックペインクリニック", "機関区分": 2, "都道府県コード": 10, "市区町村コード": 524, "所在地": "群馬県邑楽郡大泉町富士３－１３－８", "緯度": 36.248044, "経度": 139.411202, "url": "https://www.iryou.teikyouseido.mhlw.go.jp/znk-web/juminkanja/S2430/initialize?prefCd=10&kikanCd=2100001529&kikanKbn=2", "url2": "http://www.doctors-search.com/c-g_oizumi/fujiclinic/index.html", "内容": "富士クリニックペインクリニック【2:診療所】【診療科目:内科_循環器内科_リハビリテーション科_麻酔科】群馬県邑楽郡大泉町富士３－１３－８" }, "geometry": { "type": "Point", "coordinates": [ 139.411202, 36.248044 ] } },
{ "type": "Feature", "properties": { "ID": 1022100001532, "正式名称": "医療法人良治会　阿部医院", "機関区分": 2, "都道府県コード": 10, "市区町村コード": 524, "所在地": "群馬県邑楽郡大泉町吉田２９９４", "緯度": 36.240403, "経度": 139.411336, "url": "https://www.iryou.teikyouseido.mhlw.go.jp/znk-web/juminkanja/S2430/initialize?prefCd=10&kikanCd=2100001532&kikanKbn=2", "url2": "https://www.abe-iin.jp", "内容": "医療法人良治会　阿部医院【2:診療所】【診療科目:内科_消化器内科_小児科】群馬県邑楽郡大泉町吉田２９９４" }, "geometry": { "type": "Point", "coordinates": [ 139.411336, 36.240403 ] } },
{ "type": "Feature", "properties": { "ID": 1022100001535, "正式名称": "小西医院", "機関区分": 2, "都道府県コード": 10, "市区町村コード": 523, "所在地": "群馬県邑楽郡千代田町赤岩西４番地５", "緯度": 36.211834, "経度": 139.438299, "url": "https://www.iryou.teikyouseido.mhlw.go.jp/znk-web/juminkanja/S2430/initialize?prefCd=10&kikanCd=2100001535&kikanKbn=2", "url2": null, "内容": "小西医院【2:診療所】【診療科目:内科_小児科_婦人科】群馬県邑楽郡千代田町赤岩西４番地５" }, "geometry": { "type": "Point", "coordinates": [ 139.438299, 36.211834 ] } },
{ "type": "Feature", "properties": { "ID": 1022100001536, "正式名称": "医療法人順守会千代田医院", "機関区分": 2, "都道府県コード": 10, "市区町村コード": 523, "所在地": "群馬県邑楽郡千代田町赤岩１７７３－１", "緯度": 36.214803, "経度": 139.442126, "url": "https://www.iryou.teikyouseido.mhlw.go.jp/znk-web/juminkanja/S2430/initialize?prefCd=10&kikanCd=2100001536&kikanKbn=2", "url2": "http://www.chiyoda-iin.com/", "内容": "医療法人順守会千代田医院【2:診療所】【診療科目:内科_胃腸内科_外科_肛門外科_整形外科_美容外科_小児科】群馬県邑楽郡千代田町赤岩１７７３－１" }, "geometry": { "type": "Point", "coordinates": [ 139.442126, 36.214803 ] } },
{ "type": "Feature", "properties": { "ID": 1022100001543, "正式名称": "福田ペインクリニック", "機関区分": 2, "都道府県コード": 10, "市区町村コード": 522, "所在地": "群馬県邑楽郡明和町大佐貫５８８ー１", "緯度": 36.204202, "経度": 139.51613, "url": "https://www.iryou.teikyouseido.mhlw.go.jp/znk-web/juminkanja/S2430/initialize?prefCd=10&kikanCd=2100001543&kikanKbn=2", "url2": "https://fukudapein.jimdofree.com/", "内容": "福田ペインクリニック【2:診療所】【診療科目:内科_麻酔科】群馬県邑楽郡明和町大佐貫５８８ー１" }, "geometry": { "type": "Point", "coordinates": [ 139.51613, 36.204202 ] } },
{ "type": "Feature", "properties": { "ID": 1022100001544, "正式名称": "竹越医院", "機関区分": 2, "都道府県コード": 10, "市区町村コード": 522, "所在地": "群馬県邑楽郡明和町新里４３５－１", "緯度": 36.207231, "経度": 139.53736, "url": "https://www.iryou.teikyouseido.mhlw.go.jp/znk-web/juminkanja/S2430/initialize?prefCd=10&kikanCd=2100001544&kikanKbn=2", "url2": "http://takekoshi-clinic.com/", "内容": "竹越医院【2:診療所】【診療科目:内科】群馬県邑楽郡明和町新里４３５－１" }, "geometry": { "type": "Point", "coordinates": [ 139.53736, 36.207231 ] } },
{ "type": "Feature", "properties": { "ID": 1022100001547, "正式名称": "医療法人最上胃腸科外科", "機関区分": 2, "都道府県コード": 10, "市区町村コード": 207, "所在地": "群馬県館林市朝日町４ー１", "緯度": 36.250068, "経度": 139.541215, "url": "https://www.iryou.teikyouseido.mhlw.go.jp/znk-web/juminkanja/S2430/initialize?prefCd=10&kikanCd=2100001547&kikanKbn=2", "url2": "http://www.myclinic.ne.jp/mogami/", "内容": "医療法人最上胃腸科外科【2:診療所】【診療科目:内科_胃腸内科_外科_肛門外科】群馬県館林市朝日町４ー１" }, "geometry": { "type": "Point", "coordinates": [ 139.541215, 36.250068 ] } },
{ "type": "Feature", "properties": { "ID": 1022100001548, "正式名称": "岡田整形外科クリニック", "機関区分": 2, "都道府県コード": 10, "市区町村コード": 207, "所在地": "群馬県館林市朝日町６－１８", "緯度": 36.250593, "経度": 139.536776, "url": "https://www.iryou.teikyouseido.mhlw.go.jp/znk-web/juminkanja/S2430/initialize?prefCd=10&kikanCd=2100001548&kikanKbn=2", "url2": "http://okadaclinic.com/", "内容": "岡田整形外科クリニック【2:診療所】【診療科目:内科_整形外科_リウマチ科_リハビリテーション科_放射線科】群馬県館林市朝日町６－１８" }, "geometry": { "type": "Point", "coordinates": [ 139.536776, 36.250593 ] } },
{ "type": "Feature", "properties": { "ID": 1022100001550, "正式名称": "医療法人社団横田医院", "機関区分": 2, "都道府県コード": 10, "市区町村コード": 207, "所在地": "群馬県館林市大手町１ー１２", "緯度": 36.245584, "経度": 139.536282, "url": "https://www.iryou.teikyouseido.mhlw.go.jp/znk-web/juminkanja/S2430/initialize?prefCd=10&kikanCd=2100001550&kikanKbn=2", "url2": null, "内容": "医療法人社団横田医院【2:診療所】【診療科目:内科_小児科】群馬県館林市大手町１ー１２" }, "geometry": { "type": "Point", "coordinates": [ 139.536282, 36.245584 ] } },
{ "type": "Feature", "properties": { "ID": 1022100001552, "正式名称": "医療法人社団伊藤眼科医院", "機関区分": 2, "都道府県コード": 10, "市区町村コード": 207, "所在地": "群馬県館林市大手町９ー４４", "緯度": 36.247523, "経度": 139.538617, "url": "https://www.iryou.teikyouseido.mhlw.go.jp/znk-web/juminkanja/S2430/initialize?prefCd=10&kikanCd=2100001552&kikanKbn=2", "url2": null, "内容": "医療法人社団伊藤眼科医院【2:診療所】【診療科目:眼科】群馬県館林市大手町９ー４４" }, "geometry": { "type": "Point", "coordinates": [ 139.538617, 36.247523 ] } },
{ "type": "Feature", "properties": { "ID": 1022100001553, "正式名称": "川島脳神経外科医院", "機関区分": 2, "都道府県コード": 10, "市区町村コード": 207, "所在地": "群馬県館林市岡野町３７４", "緯度": 36.262381, "経度": 139.522002, "url": "https://www.iryou.teikyouseido.mhlw.go.jp/znk-web/juminkanja/S2430/initialize?prefCd=10&kikanCd=2100001553&kikanKbn=2", "url2": "https://www.tatebayashi-kawashima-cl.com/", "内容": "川島脳神経外科医院【2:診療所】【診療科目:内科_神経内科_脳神経外科】群馬県館林市岡野町３７４" }, "geometry": { "type": "Point", "coordinates": [ 139.522002, 36.262381 ] } },
{ "type": "Feature", "properties": { "ID": 1022100001555, "正式名称": "医療法人上野会うえの医院", "機関区分": 2, "都道府県コード": 10, "市区町村コード": 207, "所在地": "群馬県館林市赤生田町１８２８－５", "緯度": 36.226613, "経度": 139.563519, "url": "https://www.iryou.teikyouseido.mhlw.go.jp/znk-web/juminkanja/S2430/initialize?prefCd=10&kikanCd=2100001555&kikanKbn=2", "url2": "http://www.med-ueno.jp", "内容": "医療法人上野会うえの医院【2:診療所】【診療科目:内科_外科_小児科_皮膚科_泌尿器科_性病科_放射線科】群馬県館林市赤生田町１８２８－５" }, "geometry": { "type": "Point", "coordinates": [ 139.563519, 36.226613 ] } },
{ "type": "Feature", "properties": { "ID": 1022100001557, "正式名称": "堀越医院", "機関区分": 2, "都道府県コード": 10, "市区町村コード": 207, "所在地": "群馬県館林市北成島町５１３", "緯度": 36.257088, "経度": 139.511764, "url": "https://www.iryou.teikyouseido.mhlw.go.jp/znk-web/juminkanja/S2430/initialize?prefCd=10&kikanCd=2100001557&kikanKbn=2", "url2": null, "内容": "堀越医院【2:診療所】【診療科目:内科_胃腸内科_小児科】群馬県館林市北成島町５１３" }, "geometry": { "type": "Point", "coordinates": [ 139.511764, 36.257088 ] } },
{ "type": "Feature", "properties": { "ID": 1022100001558, "正式名称": "医療法人風葉会　たけい小児科・アレルギー科", "機関区分": 2, "都道府県コード": 10, "市区町村コード": 207, "所在地": "群馬県館林市北成島町２７４５ー１", "緯度": 36.252469, "経度": 139.507929, "url": "https://www.iryou.teikyouseido.mhlw.go.jp/znk-web/juminkanja/S2430/initialize?prefCd=10&kikanCd=2100001558&kikanKbn=2", "url2": "http://www.takei-c.com", "内容": "医療法人風葉会　たけい小児科・アレルギー科【2:診療所】【診療科目:小児科_アレルギー科】群馬県館林市北成島町２７４５ー１" }, "geometry": { "type": "Point", "coordinates": [ 139.507929, 36.252469 ] } },
{ "type": "Feature", "properties": { "ID": 1022100001559, "正式名称": "医療法人つる舞会さくらクリニック", "機関区分": 2, "都道府県コード": 10, "市区町村コード": 207, "所在地": "群馬県館林市木戸町５９６ー５", "緯度": 36.278323, "経度": 139.516955, "url": "https://www.iryou.teikyouseido.mhlw.go.jp/znk-web/juminkanja/S2430/initialize?prefCd=10&kikanCd=2100001559&kikanKbn=2", "url2": "http://tatebayashi.sakura.ne.jp/", "内容": "医療法人つる舞会さくらクリニック【2:診療所】【診療科目:内科_循環器内科_整形外科_小児科_皮膚科_リウマチ科】群馬県館林市木戸町５９６ー５" }, "geometry": { "type": "Point", "coordinates": [ 139.516955, 36.278323 ] } },
{ "type": "Feature", "properties": { "ID": 1022100001560, "正式名称": "まりレディスクリニック", "機関区分": 2, "都道府県コード": 10, "市区町村コード": 207, "所在地": "群馬県館林市木戸町６４８", "緯度": 36.279615, "経度": 139.517982, "url": "https://www.iryou.teikyouseido.mhlw.go.jp/znk-web/juminkanja/S2430/initialize?prefCd=10&kikanCd=2100001560&kikanKbn=2", "url2": "http://www.mari-lc.gr.jp", "内容": "まりレディスクリニック【2:診療所】【診療科目:内科_婦人科】群馬県館林市木戸町６４８" }, "geometry": { "type": "Point", "coordinates": [ 139.517982, 36.279615 ] } },
{ "type": "Feature", "properties": { "ID": 1022100001561, "正式名称": "吉田内科クリニック", "機関区分": 2, "都道府県コード": 10, "市区町村コード": 207, "所在地": "群馬県館林市楠町１１８２ー１", "緯度": 36.23709, "経度": 139.569994, "url": "https://www.iryou.teikyouseido.mhlw.go.jp/znk-web/juminkanja/S2430/initialize?prefCd=10&kikanCd=2100001561&kikanKbn=2", "url2": null, "内容": "吉田内科クリニック【2:診療所】【診療科目:内科】群馬県館林市楠町１１８２ー１" }, "geometry": { "type": "Point", "coordinates": [ 139.569994, 36.23709 ] } },
{ "type": "Feature", "properties": { "ID": 1022100001562, "正式名称": "医療法人来未会きしもと眼科", "機関区分": 2, "都道府県コード": 10, "市区町村コード": 207, "所在地": "群馬県館林市楠町", "緯度": 36.237858, "経度": 139.565087, "url": "https://www.iryou.teikyouseido.mhlw.go.jp/znk-web/juminkanja/S2430/initialize?prefCd=10&kikanCd=2100001562&kikanKbn=2", "url2": null, "内容": "医療法人来未会きしもと眼科【2:診療所】【診療科目:眼科】群馬県館林市楠町" }, "geometry": { "type": "Point", "coordinates": [ 139.565087, 36.237858 ] } },
{ "type": "Feature", "properties": { "ID": 1022100001564, "正式名称": "森下内科医院", "機関区分": 2, "都道府県コード": 10, "市区町村コード": 207, "所在地": "群馬県館林市花山町１６番地の５", "緯度": 36.239289, "経度": 139.559153, "url": "https://www.iryou.teikyouseido.mhlw.go.jp/znk-web/juminkanja/S2430/initialize?prefCd=10&kikanCd=2100001564&kikanKbn=2", "url2": null, "内容": "森下内科医院【2:診療所】【診療科目:循環器内科】群馬県館林市花山町１６番地の５" }, "geometry": { "type": "Point", "coordinates": [ 139.559153, 36.239289 ] } },
{ "type": "Feature", "properties": { "ID": 1022100001565, "正式名称": "ごが内科楡クリニック", "機関区分": 2, "都道府県コード": 10, "市区町村コード": 207, "所在地": "群馬県館林市栄町栄町１０−３１　栄町住宅１階", "緯度": 36.247247, "経度": 139.523263, "url": "https://www.iryou.teikyouseido.mhlw.go.jp/znk-web/juminkanja/S2430/initialize?prefCd=10&kikanCd=2100001565&kikanKbn=2", "url2": "https://www.nirekuri.com", "内容": "ごが内科楡クリニック【2:診療所】【診療科目:内科_糖尿病内科_脂質代謝内科_呼吸器内科_循環器内科_消化器内科_人工透析内科_アレルギー科_リウマチ科】群馬県館林市栄町栄町１０−３１　栄町住宅１階" }, "geometry": { "type": "Point", "coordinates": [ 139.523263, 36.247247 ] } },
{ "type": "Feature", "properties": { "ID": 1022100001566, "正式名称": "館林市夜間急病診療所", "機関区分": 2, "都道府県コード": 10, "市区町村コード": 207, "所在地": "群馬県館林市新栄町１８４４ー３", "緯度": 36.253554, "経度": 139.520475, "url": "https://www.iryou.teikyouseido.mhlw.go.jp/znk-web/juminkanja/S2430/initialize?prefCd=10&kikanCd=2100001566&kikanKbn=2", "url2": "https://www.city.tatebayashi.gunma.jp/s049/kenko/060/110/020/20200106142000.html", "内容": "館林市夜間急病診療所【2:診療所】【診療科目:内科_小児科】群馬県館林市新栄町１８４４ー３" }, "geometry": { "type": "Point", "coordinates": [ 139.520475, 36.253554 ] } },
{ "type": "Feature", "properties": { "ID": 1022100001567, "正式名称": "川村眼科医院", "機関区分": 2, "都道府県コード": 10, "市区町村コード": 207, "所在地": "群馬県館林市新宿１－２－２２", "緯度": 36.241607, "経度": 139.529979, "url": "https://www.iryou.teikyouseido.mhlw.go.jp/znk-web/juminkanja/S2430/initialize?prefCd=10&kikanCd=2100001567&kikanKbn=2", "url2": null, "内容": "川村眼科医院【2:診療所】【診療科目:眼科】群馬県館林市新宿１－２－２２" }, "geometry": { "type": "Point", "coordinates": [ 139.529979, 36.241607 ] } },
{ "type": "Feature", "properties": { "ID": 1022100001568, "正式名称": "川村耳鼻咽喉科医院", "機関区分": 2, "都道府県コード": 10, "市区町村コード": 207, "所在地": "群馬県館林市新宿１－５－３８", "緯度": 36.240471, "経度": 139.530232, "url": "https://www.iryou.teikyouseido.mhlw.go.jp/znk-web/juminkanja/S2430/initialize?prefCd=10&kikanCd=2100001568&kikanKbn=2", "url2": null, "内容": "川村耳鼻咽喉科医院【2:診療所】【診療科目:耳鼻いんこう科】群馬県館林市新宿１－５－３８" }, "geometry": { "type": "Point", "coordinates": [ 139.530232, 36.240471 ] } },
{ "type": "Feature", "properties": { "ID": 1022100001569, "正式名称": "医療法人新仁会澤田皮膚外科", "機関区分": 2, "都道府県コード": 10, "市区町村コード": 207, "所在地": "群馬県館林市新宿２ー４ー３６", "緯度": 36.240354, "経度": 139.524305, "url": "https://www.iryou.teikyouseido.mhlw.go.jp/znk-web/juminkanja/S2430/initialize?prefCd=10&kikanCd=2100001569&kikanKbn=2", "url2": "http://www.myclinic.ne.jp/sawadahifu/", "内容": "医療法人新仁会澤田皮膚外科【2:診療所】【診療科目:内科_形成外科_皮膚科_アレルギー科】群馬県館林市新宿２ー４ー３６" }, "geometry": { "type": "Point", "coordinates": [ 139.524305, 36.240354 ] } },
{ "type": "Feature", "properties": { "ID": 1022100001572, "正式名称": "土井レディスクリニック", "機関区分": 2, "都道府県コード": 10, "市区町村コード": 207, "所在地": "群馬県館林市苗木町２５９９ー１２８", "緯度": 36.229876, "経度": 139.498427, "url": "https://www.iryou.teikyouseido.mhlw.go.jp/znk-web/juminkanja/S2430/initialize?prefCd=10&kikanCd=2100001572&kikanKbn=2", "url2": "http://www.doi-ladies.com", "内容": "土井レディスクリニック【2:診療所】【診療科目:内科_産科_婦人科】群馬県館林市苗木町２５９９ー１２８" }, "geometry": { "type": "Point", "coordinates": [ 139.498427, 36.229876 ] } },
{ "type": "Feature", "properties": { "ID": 1022100001573, "正式名称": "川田耳鼻咽喉科医院", "機関区分": 2, "都道府県コード": 10, "市区町村コード": 207, "所在地": "群馬県館林市仲町１０ー２１", "緯度": 36.249398, "経度": 139.529265, "url": "https://www.iryou.teikyouseido.mhlw.go.jp/znk-web/juminkanja/S2430/initialize?prefCd=10&kikanCd=2100001573&kikanKbn=2", "url2": null, "内容": "川田耳鼻咽喉科医院【2:診療所】【診療科目:耳鼻いんこう科】群馬県館林市仲町１０ー２１" }, "geometry": { "type": "Point", "coordinates": [ 139.529265, 36.249398 ] } },
{ "type": "Feature", "properties": { "ID": 1022100001575, "正式名称": "医療法人双信会柴田メンタルクリニック", "機関区分": 2, "都道府県コード": 10, "市区町村コード": 207, "所在地": "群馬県館林市成島町２１９ー３", "緯度": 36.248106, "経度": 139.520063, "url": "https://www.iryou.teikyouseido.mhlw.go.jp/znk-web/juminkanja/S2430/initialize?prefCd=10&kikanCd=2100001575&kikanKbn=2", "url2": "http://shibatamentalclinic.com/index.html", "内容": "医療法人双信会柴田メンタルクリニック【2:診療所】【診療科目:精神科_心療内科】群馬県館林市成島町２１９ー３" }, "geometry": { "type": "Point", "coordinates": [ 139.520063, 36.248106 ] } },
{ "type": "Feature", "properties": { "ID": 1022100001577, "正式名称": "多々良診療所", "機関区分": 2, "都道府県コード": 10, "市区町村コード": 207, "所在地": "群馬県館林市西高根町４４ー３", "緯度": 36.262761, "経度": 139.5133, "url": "https://www.iryou.teikyouseido.mhlw.go.jp/znk-web/juminkanja/S2430/initialize?prefCd=10&kikanCd=2100001577&kikanKbn=2", "url2": null, "内容": "多々良診療所【2:診療所】【診療科目:内科】群馬県館林市西高根町４４ー３" }, "geometry": { "type": "Point", "coordinates": [ 139.5133, 36.262761 ] } },
{ "type": "Feature", "properties": { "ID": 1022100001578, "正式名称": "館林医院", "機関区分": 2, "都道府県コード": 10, "市区町村コード": 207, "所在地": "群馬県館林市西本町２－７", "緯度": 36.249737, "経度": 139.526651, "url": "https://www.iryou.teikyouseido.mhlw.go.jp/znk-web/juminkanja/S2430/initialize?prefCd=10&kikanCd=2100001578&kikanKbn=2", "url2": "http://www.tatebayashi-iin.com/", "内容": "館林医院【2:診療所】【診療科目:皮膚科】群馬県館林市西本町２－７" }, "geometry": { "type": "Point", "coordinates": [ 139.526651, 36.249737 ] } },
{ "type": "Feature", "properties": { "ID": 1022100001579, "正式名称": "後藤内科医院", "機関区分": 2, "都道府県コード": 10, "市区町村コード": 207, "所在地": "群馬県館林市西本町５ー２３", "緯度": 36.250026, "経度": 139.530782, "url": "https://www.iryou.teikyouseido.mhlw.go.jp/znk-web/juminkanja/S2430/initialize?prefCd=10&kikanCd=2100001579&kikanKbn=2", "url2": null, "内容": "後藤内科医院【2:診療所】【診療科目:内科】群馬県館林市西本町５ー２３" }, "geometry": { "type": "Point", "coordinates": [ 139.530782, 36.250026 ] } },
{ "type": "Feature", "properties": { "ID": 1022100001580, "正式名称": "松井内科医院", "機関区分": 2, "都道府県コード": 10, "市区町村コード": 207, "所在地": "群馬県館林市日向町５２３ー７", "緯度": 36.270304, "経度": 139.504775, "url": "https://www.iryou.teikyouseido.mhlw.go.jp/znk-web/juminkanja/S2430/initialize?prefCd=10&kikanCd=2100001580&kikanKbn=2", "url2": null, "内容": "松井内科医院【2:診療所】【診療科目:内科_呼吸器内科_アレルギー科】群馬県館林市日向町５２３ー７" }, "geometry": { "type": "Point", "coordinates": [ 139.504775, 36.270304 ] } },
{ "type": "Feature", "properties": { "ID": 1022100001581, "正式名称": "こやなぎ小児科", "機関区分": 2, "都道府県コード": 10, "市区町村コード": 207, "所在地": "群馬県館林市富士原町１０８９−１", "緯度": 36.236124, "経度": 139.517189, "url": "https://www.iryou.teikyouseido.mhlw.go.jp/znk-web/juminkanja/S2430/initialize?prefCd=10&kikanCd=2100001581&kikanKbn=2", "url2": "http://koyanagisyounika.com", "内容": "こやなぎ小児科【2:診療所】【診療科目:小児科】群馬県館林市富士原町１０８９−１" }, "geometry": { "type": "Point", "coordinates": [ 139.517189, 36.236124 ] } },
{ "type": "Feature", "properties": { "ID": 1022100001582, "正式名称": "医療法人横田胃腸科内科", "機関区分": 2, "都道府県コード": 10, "市区町村コード": 207, "所在地": "群馬県館林市細内町１００５ー１", "緯度": 36.25585, "経度": 139.554911, "url": "https://www.iryou.teikyouseido.mhlw.go.jp/znk-web/juminkanja/S2430/initialize?prefCd=10&kikanCd=2100001582&kikanKbn=2", "url2": "http://www.myclinic.ne.jp/yokota_icn/pc/", "内容": "医療法人横田胃腸科内科【2:診療所】【診療科目:消化器内科】群馬県館林市細内町１００５ー１" }, "geometry": { "type": "Point", "coordinates": [ 139.554911, 36.25585 ] } },
{ "type": "Feature", "properties": { "ID": 1022100001585, "正式名称": "医療法人社団七慶会高橋クリニック", "機関区分": 2, "都道府県コード": 10, "市区町村コード": 207, "所在地": "群馬県館林市本町２－１０－３", "緯度": 36.247304, "経度": 139.534346, "url": "https://www.iryou.teikyouseido.mhlw.go.jp/znk-web/juminkanja/S2430/initialize?prefCd=10&kikanCd=2100001585&kikanKbn=2", "url2": "http://ko-brb.jp", "内容": "医療法人社団七慶会高橋クリニック【2:診療所】【診療科目:内科】群馬県館林市本町２－１０－３" }, "geometry": { "type": "Point", "coordinates": [ 139.534346, 36.247304 ] } },
{ "type": "Feature", "properties": { "ID": 1022100001586, "正式名称": "医療法人社団　真中医院", "機関区分": 2, "都道府県コード": 10, "市区町村コード": 207, "所在地": "群馬県館林市本町３丁目４－５", "緯度": 36.244236, "経度": 139.534484, "url": "https://www.iryou.teikyouseido.mhlw.go.jp/znk-web/juminkanja/S2430/initialize?prefCd=10&kikanCd=2100001586&kikanKbn=2", "url2": "http://www.med-manaka.org/", "内容": "医療法人社団　真中医院【2:診療所】【診療科目:内科_小児科_産科_婦人科_心療内科】群馬県館林市本町３丁目４－５" }, "geometry": { "type": "Point", "coordinates": [ 139.534484, 36.244236 ] } },
{ "type": "Feature", "properties": { "ID": 1022100001588, "正式名称": "医療法人社団　昭仁会　小曽根整形外科", "機関区分": 2, "都道府県コード": 10, "市区町村コード": 207, "所在地": "群馬県館林市松沼町２９－２７", "緯度": 36.25153, "経度": 139.498346, "url": "https://www.iryou.teikyouseido.mhlw.go.jp/znk-web/juminkanja/S2430/initialize?prefCd=10&kikanCd=2100001588&kikanKbn=2", "url2": "http://www.ozoneseikei.jp/", "内容": "医療法人社団　昭仁会　小曽根整形外科【2:診療所】【診療科目:内科_外科_整形外科_皮膚科_リハビリテーション科】群馬県館林市松沼町２９－２７" }, "geometry": { "type": "Point", "coordinates": [ 139.498346, 36.25153 ] } },
{ "type": "Feature", "properties": { "ID": 1022100001589, "正式名称": "社会医療法人　社団　慶友会　宇沢整形外科", "機関区分": 2, "都道府県コード": 10, "市区町村コード": 207, "所在地": "群馬県館林市松原１－１０－３０", "緯度": 36.241024, "経度": 139.536756, "url": "https://www.iryou.teikyouseido.mhlw.go.jp/znk-web/juminkanja/S2430/initialize?prefCd=10&kikanCd=2100001589&kikanKbn=2", "url2": "http://www.ku-kai.or.jp", "内容": "社会医療法人　社団　慶友会　宇沢整形外科【2:診療所】【診療科目:内科_整形外科_リウマチ科_リハビリテーション科】群馬県館林市松原１－１０－３０" }, "geometry": { "type": "Point", "coordinates": [ 139.536756, 36.241024 ] } },
{ "type": "Feature", "properties": { "ID": 1022100001591, "正式名称": "医療法人社団　高崎駅けやき眼科", "機関区分": 2, "都道府県コード": 10, "市区町村コード": 202, "所在地": "群馬県高崎市八島町２２２番地高崎モントレー５階", "緯度": 36.322503, "経度": 139.0126, "url": "https://www.iryou.teikyouseido.mhlw.go.jp/znk-web/juminkanja/S2430/initialize?prefCd=10&kikanCd=2100001591&kikanKbn=2", "url2": "http://www.keyaki-eyeclinic.com/", "内容": "医療法人社団　高崎駅けやき眼科【2:診療所】【診療科目:眼科】群馬県高崎市八島町２２２番地高崎モントレー５階" }, "geometry": { "type": "Point", "coordinates": [ 139.0126, 36.322503 ] } },
{ "type": "Feature", "properties": { "ID": 1022100001594, "正式名称": "医療法人　神尾内科医院", "機関区分": 2, "都道府県コード": 10, "市区町村コード": 207, "所在地": "群馬県館林市緑町１ー２５ー８", "緯度": 36.237255, "経度": 139.533571, "url": "https://www.iryou.teikyouseido.mhlw.go.jp/znk-web/juminkanja/S2430/initialize?prefCd=10&kikanCd=2100001594&kikanKbn=2", "url2": "http://www5b.biglobe.ne.jp/~kamio", "内容": "医療法人　神尾内科医院【2:診療所】【診療科目:内科_呼吸器内科_循環器内科_消化器内科_小児科】群馬県館林市緑町１ー２５ー８" }, "geometry": { "type": "Point", "coordinates": [ 139.533571, 36.237255 ] } },
{ "type": "Feature", "properties": { "ID": 1022100001597, "正式名称": "医療法人共恵会大野内科クリニック", "機関区分": 2, "都道府県コード": 10, "市区町村コード": 201, "所在地": "群馬県前橋市樋越町７１６ー１", "緯度": 36.412451, "経度": 139.177651, "url": "https://www.iryou.teikyouseido.mhlw.go.jp/znk-web/juminkanja/S2430/initialize?prefCd=10&kikanCd=2100001597&kikanKbn=2", "url2": "http://website.infomity.net/c0005630/", "内容": "医療法人共恵会大野内科クリニック【2:診療所】【診療科目:内科_糖尿病内科_循環器内科】群馬県前橋市樋越町７１６ー１" }, "geometry": { "type": "Point", "coordinates": [ 139.177651, 36.412451 ] } },
{ "type": "Feature", "properties": { "ID": 1022100001600, "正式名称": "ありさわ整形外科", "機関区分": 2, "都道府県コード": 10, "市区町村コード": 202, "所在地": "群馬県高崎市上小塙町７６９ー３", "緯度": 36.359363, "経度": 138.982172, "url": "https://www.iryou.teikyouseido.mhlw.go.jp/znk-web/juminkanja/S2430/initialize?prefCd=10&kikanCd=2100001600&kikanKbn=2", "url2": "http://website2.infomity.net/8440000041/", "内容": "ありさわ整形外科【2:診療所】【診療科目:整形外科_リウマチ科_リハビリテーション科】群馬県高崎市上小塙町７６９ー３" }, "geometry": { "type": "Point", "coordinates": [ 138.982172, 36.359363 ] } },
{ "type": "Feature", "properties": { "ID": 1022100001601, "正式名称": "医療法人大勝会おおいクリニック", "機関区分": 2, "都道府県コード": 10, "市区町村コード": 202, "所在地": "群馬県高崎市菅谷町８４７ー７", "緯度": 36.371324, "経度": 139.008825, "url": "https://www.iryou.teikyouseido.mhlw.go.jp/znk-web/juminkanja/S2430/initialize?prefCd=10&kikanCd=2100001601&kikanKbn=2", "url2": "http://website.infomity.net/c0009027/", "内容": "医療法人大勝会おおいクリニック【2:診療所】【診療科目:内科_皮膚科_泌尿器科】群馬県高崎市菅谷町８４７ー７" }, "geometry": { "type": "Point", "coordinates": [ 139.008825, 36.371324 ] } },
{ "type": "Feature", "properties": { "ID": 1022100001602, "正式名称": "なぐも眼科", "機関区分": 2, "都道府県コード": 10, "市区町村コード": 211, "所在地": "群馬県安中市安中２ー１３ー１", "緯度": 36.326059, "経度": 138.890695, "url": "https://www.iryou.teikyouseido.mhlw.go.jp/znk-web/juminkanja/S2430/initialize?prefCd=10&kikanCd=2100001602&kikanKbn=2", "url2": null, "内容": "なぐも眼科【2:診療所】【診療科目:眼科】群馬県安中市安中２ー１３ー１" }, "geometry": { "type": "Point", "coordinates": [ 138.890695, 36.326059 ] } },
{ "type": "Feature", "properties": { "ID": 1022100001603, "正式名称": "よしだ内科クリニック", "機関区分": 2, "都道府県コード": 10, "市区町村コード": 209, "所在地": "群馬県藤岡市白石８４０ー２", "緯度": 36.246896, "経度": 139.033976, "url": "https://www.iryou.teikyouseido.mhlw.go.jp/znk-web/juminkanja/S2430/initialize?prefCd=10&kikanCd=2100001603&kikanKbn=2", "url2": null, "内容": "よしだ内科クリニック【2:診療所】【診療科目:内科_呼吸器内科_消化器内科】群馬県藤岡市白石８４０ー２" }, "geometry": { "type": "Point", "coordinates": [ 139.033976, 36.246896 ] } },
{ "type": "Feature", "properties": { "ID": 1022100001604, "正式名称": "田原内科クリニック", "機関区分": 2, "都道府県コード": 10, "市区町村コード": 209, "所在地": "群馬県藤岡市藤岡６９４ー１", "緯度": 36.256427, "経度": 139.085734, "url": "https://www.iryou.teikyouseido.mhlw.go.jp/znk-web/juminkanja/S2430/initialize?prefCd=10&kikanCd=2100001604&kikanKbn=2", "url2": "http://tahara-clinic.jp/", "内容": "田原内科クリニック【2:診療所】【診療科目:内科_ペインクリニック内科_小児科_麻酔科】群馬県藤岡市藤岡６９４ー１" }, "geometry": { "type": "Point", "coordinates": [ 139.085734, 36.256427 ] } },
{ "type": "Feature", "properties": { "ID": 1022100001607, "正式名称": "木の実クリニック", "機関区分": 2, "都道府県コード": 10, "市区町村コード": 212, "所在地": "群馬県みどり市大間々町大間々２３１９ー３", "緯度": 36.440885, "経度": 139.2758, "url": "https://www.iryou.teikyouseido.mhlw.go.jp/znk-web/juminkanja/S2430/initialize?prefCd=10&kikanCd=2100001607&kikanKbn=2", "url2": null, "内容": "木の実クリニック【2:診療所】【診療科目:内科_漢方内科_外科_婦人科_皮膚科】群馬県みどり市大間々町大間々２３１９ー３" }, "geometry": { "type": "Point", "coordinates": [ 139.2758, 36.440885 ] } },
{ "type": "Feature", "properties": { "ID": 1022100001608, "正式名称": "ゆうあい整形外科", "機関区分": 2, "都道府県コード": 10, "市区町村コード": 210, "所在地": "群馬県富岡市曾木５４３", "緯度": 36.257845, "経度": 138.911002, "url": "https://www.iryou.teikyouseido.mhlw.go.jp/znk-web/juminkanja/S2430/initialize?prefCd=10&kikanCd=2100001608&kikanKbn=2", "url2": null, "内容": "ゆうあい整形外科【2:診療所】【診療科目:整形外科_リウマチ科_リハビリテーション科】群馬県富岡市曾木５４３" }, "geometry": { "type": "Point", "coordinates": [ 138.911002, 36.257845 ] } },
{ "type": "Feature", "properties": { "ID": 1022100001609, "正式名称": "医療法人長谷川クリニック", "機関区分": 2, "都道府県コード": 10, "市区町村コード": 207, "所在地": "群馬県館林市松原２ー１４ー５１", "緯度": 36.235578, "経度": 139.545418, "url": "https://www.iryou.teikyouseido.mhlw.go.jp/znk-web/juminkanja/S2430/initialize?prefCd=10&kikanCd=2100001609&kikanKbn=2", "url2": null, "内容": "医療法人長谷川クリニック【2:診療所】【診療科目:内科_小児科_皮膚科】群馬県館林市松原２ー１４ー５１" }, "geometry": { "type": "Point", "coordinates": [ 139.545418, 36.235578 ] } },
{ "type": "Feature", "properties": { "ID": 1022100001612, "正式名称": "よしざわこどもクリニック", "機関区分": 2, "都道府県コード": 10, "市区町村コード": 202, "所在地": "群馬県高崎市棟高町１４９７番４", "緯度": 36.393249, "経度": 139.006876, "url": "https://www.iryou.teikyouseido.mhlw.go.jp/znk-web/juminkanja/S2430/initialize?prefCd=10&kikanCd=2100001612&kikanKbn=2", "url2": "http://www.ykodomo.jp/", "内容": "よしざわこどもクリニック【2:診療所】【診療科目:小児科】群馬県高崎市棟高町１４９７番４" }, "geometry": { "type": "Point", "coordinates": [ 139.006876, 36.393249 ] } },
{ "type": "Feature", "properties": { "ID": 1022100001613, "正式名称": "かとう心療クリニック", "機関区分": 2, "都道府県コード": 10, "市区町村コード": 201, "所在地": "群馬県前橋市川端町１１２", "緯度": 36.43369, "経度": 139.056315, "url": "https://www.iryou.teikyouseido.mhlw.go.jp/znk-web/juminkanja/S2430/initialize?prefCd=10&kikanCd=2100001613&kikanKbn=2", "url2": null, "内容": "かとう心療クリニック【2:診療所】【診療科目:精神科_心療内科】群馬県前橋市川端町１１２" }, "geometry": { "type": "Point", "coordinates": [ 139.056315, 36.43369 ] } },
{ "type": "Feature", "properties": { "ID": 1022100001615, "正式名称": "おおしまクリニック", "機関区分": 2, "都道府県コード": 10, "市区町村コード": 201, "所在地": "群馬県前橋市文京町４－２１－１９", "緯度": 36.375808, "経度": 139.09412, "url": "https://www.iryou.teikyouseido.mhlw.go.jp/znk-web/juminkanja/S2430/initialize?prefCd=10&kikanCd=2100001615&kikanKbn=2", "url2": "https://oshima-clinic.sakura.ne.jp", "内容": "おおしまクリニック【2:診療所】【診療科目:精神科_心療内科】群馬県前橋市文京町４－２１－１９" }, "geometry": { "type": "Point", "coordinates": [ 139.09412, 36.375808 ] } },
{ "type": "Feature", "properties": { "ID": 1022100001616, "正式名称": "とくながクリニック", "機関区分": 2, "都道府県コード": 10, "市区町村コード": 201, "所在地": "群馬県前橋市上泉町２８７２－１９", "緯度": 36.406634, "経度": 139.126639, "url": "https://www.iryou.teikyouseido.mhlw.go.jp/znk-web/juminkanja/S2430/initialize?prefCd=10&kikanCd=2100001616&kikanKbn=2", "url2": "http://website.infomity.net/c0006866/index.html", "内容": "とくながクリニック【2:診療所】【診療科目:内科_泌尿器科_男性泌尿器科_腎臓・泌尿器科】群馬県前橋市上泉町２８７２－１９" }, "geometry": { "type": "Point", "coordinates": [ 139.126639, 36.406634 ] } },
{ "type": "Feature", "properties": { "ID": 1022100001618, "正式名称": "医療法人智心会　二子山クリニック", "機関区分": 2, "都道府県コード": 10, "市区町村コード": 201, "所在地": "群馬県前橋市朝倉町１の３の１８", "緯度": 36.37422, "経度": 139.09242, "url": "https://www.iryou.teikyouseido.mhlw.go.jp/znk-web/juminkanja/S2430/initialize?prefCd=10&kikanCd=2100001618&kikanKbn=2", "url2": "http://futagoyama.byoinnavi.jp/pc/", "内容": "医療法人智心会　二子山クリニック【2:診療所】【診療科目:内科_循環器内科】群馬県前橋市朝倉町１の３の１８" }, "geometry": { "type": "Point", "coordinates": [ 139.09242, 36.37422 ] } },
{ "type": "Feature", "properties": { "ID": 1022100001619, "正式名称": "前橋プライマリ泌尿器科内科", "機関区分": 2, "都道府県コード": 10, "市区町村コード": 201, "所在地": "群馬県前橋市上佐鳥町", "緯度": 36.368105, "経度": 139.083599, "url": "https://www.iryou.teikyouseido.mhlw.go.jp/znk-web/juminkanja/S2430/initialize?prefCd=10&kikanCd=2100001619&kikanKbn=2", "url2": "http://mp-hn.com", "内容": "前橋プライマリ泌尿器科内科【2:診療所】【診療科目:内科_性感染症内科_漢方内科_泌尿器科_アレルギー科】群馬県前橋市上佐鳥町" }, "geometry": { "type": "Point", "coordinates": [ 139.083599, 36.368105 ] } },
{ "type": "Feature", "properties": { "ID": 1022100001620, "正式名称": "黒沢病院附属ヘルスパーククリニック", "機関区分": 2, "都道府県コード": 10, "市区町村コード": 202, "所在地": "群馬県高崎市矢中町１８８", "緯度": 36.311758, "経度": 139.051293, "url": "https://www.iryou.teikyouseido.mhlw.go.jp/znk-web/juminkanja/S2430/initialize?prefCd=10&kikanCd=2100001620&kikanKbn=2", "url2": "http://www.bishinkai.or.jp", "内容": "黒沢病院附属ヘルスパーククリニック【2:診療所】【診療科目:内科_呼吸器内科_循環器内科_肝臓内科_内視鏡内科_外科_脳神経外科_消化器外科_乳腺外科_整形外科_形成外科_婦人科_皮膚科_美容皮膚科_泌尿器科_泌尿器科（人工透析）_歯科_歯科口腔外科_アレルギー科_リハビリテーション科_放射線科_総合診療科】群馬県高崎市矢中町１８８" }, "geometry": { "type": "Point", "coordinates": [ 139.051293, 36.311758 ] } },
{ "type": "Feature", "properties": { "ID": 1022100001621, "正式名称": "医療法人社団内潤会　くりはら医院", "機関区分": 2, "都道府県コード": 10, "市区町村コード": 429, "所在地": "群馬県吾妻郡東吾妻町原町５７２－１", "緯度": 36.568139, "経度": 138.828778, "url": "https://www.iryou.teikyouseido.mhlw.go.jp/znk-web/juminkanja/S2430/initialize?prefCd=10&kikanCd=2100001621&kikanKbn=2", "url2": null, "内容": "医療法人社団内潤会　くりはら医院【2:診療所】【診療科目:内科_人工透析内科_外科_泌尿器科】群馬県吾妻郡東吾妻町原町５７２－１" }, "geometry": { "type": "Point", "coordinates": [ 138.828778, 36.568139 ] } },
{ "type": "Feature", "properties": { "ID": 1022100001623, "正式名称": "しめぎ整形外科クリニック", "機関区分": 2, "都道府県コード": 10, "市区町村コード": 206, "所在地": "群馬県沼田市柳町", "緯度": 36.651222, "経度": 139.041973, "url": "https://www.iryou.teikyouseido.mhlw.go.jp/znk-web/juminkanja/S2430/initialize?prefCd=10&kikanCd=2100001623&kikanKbn=2", "url2": null, "内容": "しめぎ整形外科クリニック【2:診療所】【診療科目:整形外科_リウマチ科_リハビリテーション科】群馬県沼田市柳町" }, "geometry": { "type": "Point", "coordinates": [ 139.041973, 36.651222 ] } },
{ "type": "Feature", "properties": { "ID": 1022100001626, "正式名称": "はせがわ循環器内科クリニック", "機関区分": 2, "都道府県コード": 10, "市区町村コード": 203, "所在地": "群馬県桐生市新宿２丁目８ー２６　はせがわ循環器内科クリニック", "緯度": 36.399413, "経度": 139.338226, "url": "https://www.iryou.teikyouseido.mhlw.go.jp/znk-web/juminkanja/S2430/initialize?prefCd=10&kikanCd=2100001626&kikanKbn=2", "url2": null, "内容": "はせがわ循環器内科クリニック【2:診療所】【診療科目:内科_循環器内科】群馬県桐生市新宿２丁目８ー２６　はせがわ循環器内科クリニック" }, "geometry": { "type": "Point", "coordinates": [ 139.338226, 36.399413 ] } },
{ "type": "Feature", "properties": { "ID": 1022100001628, "正式名称": "藤井医院", "機関区分": 2, "都道府県コード": 10, "市区町村コード": 203, "所在地": "群馬県桐生市梅田町１ー２２ー２", "緯度": 36.43551, "経度": 139.357, "url": "https://www.iryou.teikyouseido.mhlw.go.jp/znk-web/juminkanja/S2430/initialize?prefCd=10&kikanCd=2100001628&kikanKbn=2", "url2": null, "内容": "藤井医院【2:診療所】【診療科目:内科_小児科_病理診断科】群馬県桐生市梅田町１ー２２ー２" }, "geometry": { "type": "Point", "coordinates": [ 139.357, 36.43551 ] } },
{ "type": "Feature", "properties": { "ID": 1022100001629, "正式名称": "医療法人社団和と輪シンシアガーデンクリニック", "機関区分": 2, "都道府県コード": 10, "市区町村コード": 205, "所在地": "群馬県太田市東矢島町２８４", "緯度": 36.263378, "経度": 139.383094, "url": "https://www.iryou.teikyouseido.mhlw.go.jp/znk-web/juminkanja/S2430/initialize?prefCd=10&kikanCd=2100001629&kikanKbn=2", "url2": "http://sincere-gc.com/", "内容": "医療法人社団和と輪シンシアガーデンクリニック【2:診療所】【診療科目:美容内科_美容外科_美容外科_美容皮膚科】群馬県太田市東矢島町２８４" }, "geometry": { "type": "Point", "coordinates": [ 139.383094, 36.263378 ] } },
{ "type": "Feature", "properties": { "ID": 1022100001631, "正式名称": "もてぎこどもクリニック", "機関区分": 2, "都道府県コード": 10, "市区町村コード": 205, "所在地": "群馬県太田市脇屋町５２６－１", "緯度": 36.311569, "経度": 139.333318, "url": "https://www.iryou.teikyouseido.mhlw.go.jp/znk-web/juminkanja/S2430/initialize?prefCd=10&kikanCd=2100001631&kikanKbn=2", "url2": "http://park22.wakwak.com/~motey41/", "内容": "もてぎこどもクリニック【2:診療所】【診療科目:小児科_アレルギー科】群馬県太田市脇屋町５２６－１" }, "geometry": { "type": "Point", "coordinates": [ 139.333318, 36.311569 ] } },
{ "type": "Feature", "properties": { "ID": 1022100001632, "正式名称": "医療法人恵寿会　小暮整形外科", "機関区分": 2, "都道府県コード": 10, "市区町村コード": 205, "所在地": "群馬県太田市高林北町１９６８ー１", "緯度": 36.270288, "経度": 139.367577, "url": "https://www.iryou.teikyouseido.mhlw.go.jp/znk-web/juminkanja/S2430/initialize?prefCd=10&kikanCd=2100001632&kikanKbn=2", "url2": "http://website.infomity.net/c8440000053/", "内容": "医療法人恵寿会　小暮整形外科【2:診療所】【診療科目:整形外科_美容外科_リウマチ科_リハビリテーション科】群馬県太田市高林北町１９６８ー１" }, "geometry": { "type": "Point", "coordinates": [ 139.367577, 36.270288 ] } },
{ "type": "Feature", "properties": { "ID": 1022100001633, "正式名称": "医療法人双信会たてばやし心療クリニック", "機関区分": 2, "都道府県コード": 10, "市区町村コード": 207, "所在地": "群馬県館林市北成島町１６４１ー１", "緯度": 36.255328, "経度": 139.513119, "url": "https://www.iryou.teikyouseido.mhlw.go.jp/znk-web/juminkanja/S2430/initialize?prefCd=10&kikanCd=2100001633&kikanKbn=2", "url2": "http://shibatamentalclinic.com/", "内容": "医療法人双信会たてばやし心療クリニック【2:診療所】【診療科目:精神科_心療内科】群馬県館林市北成島町１６４１ー１" }, "geometry": { "type": "Point", "coordinates": [ 139.513119, 36.255328 ] } },
{ "type": "Feature", "properties": { "ID": 1022100001634, "正式名称": "堀井乳腺外科クリニック", "機関区分": 2, "都道府県コード": 10, "市区町村コード": 207, "所在地": "群馬県館林市北成島町２６４５ー４", "緯度": 36.255654, "経度": 139.514483, "url": "https://www.iryou.teikyouseido.mhlw.go.jp/znk-web/juminkanja/S2430/initialize?prefCd=10&kikanCd=2100001634&kikanKbn=2", "url2": "http://www.horii-bc.jp", "内容": "堀井乳腺外科クリニック【2:診療所】【診療科目:乳腺・内分泌外科】群馬県館林市北成島町２６４５ー４" }, "geometry": { "type": "Point", "coordinates": [ 139.514483, 36.255654 ] } },
{ "type": "Feature", "properties": { "ID": 1022100001635, "正式名称": "さくま内科胃腸科クリニック", "機関区分": 2, "都道府県コード": 10, "市区町村コード": 207, "所在地": "群馬県館林市松原２ー１４ー２６", "緯度": 36.236364, "経度": 139.546183, "url": "https://www.iryou.teikyouseido.mhlw.go.jp/znk-web/juminkanja/S2430/initialize?prefCd=10&kikanCd=2100001635&kikanKbn=2", "url2": null, "内容": "さくま内科胃腸科クリニック【2:診療所】【診療科目:内科_消化器内科_肝臓内科_外科】群馬県館林市松原２ー１４ー２６" }, "geometry": { "type": "Point", "coordinates": [ 139.546183, 36.236364 ] } },
{ "type": "Feature", "properties": { "ID": 1022100001636, "正式名称": "かさはら内科医院", "機関区分": 2, "都道府県コード": 10, "市区町村コード": 525, "所在地": "群馬県邑楽郡邑楽町中野１８４５－７", "緯度": 36.26386, "経度": 139.46313, "url": "https://www.iryou.teikyouseido.mhlw.go.jp/znk-web/juminkanja/S2430/initialize?prefCd=10&kikanCd=2100001636&kikanKbn=2", "url2": null, "内容": "かさはら内科医院【2:診療所】【診療科目:内科_糖尿病内科】群馬県邑楽郡邑楽町中野１８４５－７" }, "geometry": { "type": "Point", "coordinates": [ 139.46313, 36.26386 ] } },
{ "type": "Feature", "properties": { "ID": 1022100001637, "正式名称": "桐山クリニック", "機関区分": 2, "都道府県コード": 10, "市区町村コード": 202, "所在地": "群馬県高崎市末広町２３５－８", "緯度": 36.334125, "経度": 139.007156, "url": "https://www.iryou.teikyouseido.mhlw.go.jp/znk-web/juminkanja/S2430/initialize?prefCd=10&kikanCd=2100001637&kikanKbn=2", "url2": "https://www.kiriyamaclinic.jp/", "内容": "桐山クリニック【2:診療所】【診療科目:内科_消化器内科_胃腸内科_内視鏡内科_麻酔科】群馬県高崎市末広町２３５－８" }, "geometry": { "type": "Point", "coordinates": [ 139.007156, 36.334125 ] } },
{ "type": "Feature", "properties": { "ID": 1022100001638, "正式名称": "たけべ医院", "機関区分": 2, "都道府県コード": 10, "市区町村コード": 210, "所在地": "群馬県富岡市一ノ宮１６３５", "緯度": 36.249864, "経度": 138.857482, "url": "https://www.iryou.teikyouseido.mhlw.go.jp/znk-web/juminkanja/S2430/initialize?prefCd=10&kikanCd=2100001638&kikanKbn=2", "url2": null, "内容": "たけべ医院【2:診療所】【診療科目:内科_消化器内科_外科】群馬県富岡市一ノ宮１６３５" }, "geometry": { "type": "Point", "coordinates": [ 138.857482, 36.249864 ] } },
{ "type": "Feature", "properties": { "ID": 1022100001641, "正式名称": "医療法人伸志会　たむらこどもクリニック", "機関区分": 2, "都道府県コード": 10, "市区町村コード": 201, "所在地": "群馬県前橋市西片貝町３－１２３－５", "緯度": 36.385783, "経度": 139.09769, "url": "https://www.iryou.teikyouseido.mhlw.go.jp/znk-web/juminkanja/S2430/initialize?prefCd=10&kikanCd=2100001641&kikanKbn=2", "url2": "https://r.goope.jp/tamurakodomo", "内容": "医療法人伸志会　たむらこどもクリニック【2:診療所】【診療科目:小児科_乳児健診・予防接種_アレルギー科】群馬県前橋市西片貝町３－１２３－５" }, "geometry": { "type": "Point", "coordinates": [ 139.09769, 36.385783 ] } },
{ "type": "Feature", "properties": { "ID": 1022100001642, "正式名称": "えびすさまクリニックえびすさまクリニック服部・えびすさまクリニック", "機関区分": 2, "都道府県コード": 10, "市区町村コード": 205, "所在地": "群馬県太田市飯塚町９８５番１", "緯度": 36.274508, "経度": 139.389418, "url": "https://www.iryou.teikyouseido.mhlw.go.jp/znk-web/juminkanja/S2430/initialize?prefCd=10&kikanCd=2100001642&kikanKbn=2", "url2": "http://www.absu.jp/", "内容": "えびすさまクリニックえびすさまクリニック服部・えびすさまクリニック【2:診療所】【診療科目:内科_循環器内科_消化器内科_神経内科_小児科】群馬県太田市飯塚町９８５番１" }, "geometry": { "type": "Point", "coordinates": [ 139.389418, 36.274508 ] } },
{ "type": "Feature", "properties": { "ID": 1022100001643, "正式名称": "医療法人ストイック　整形外科むらぞえクリニック", "機関区分": 2, "都道府県コード": 10, "市区町村コード": 464, "所在地": "群馬県佐波郡玉村町角渕５０６５－１", "緯度": 36.291572, "経度": 139.116292, "url": "https://www.iryou.teikyouseido.mhlw.go.jp/znk-web/juminkanja/S2430/initialize?prefCd=10&kikanCd=2100001643&kikanKbn=2", "url2": "http://murazoe-cl.com/", "内容": "医療法人ストイック　整形外科むらぞえクリニック【2:診療所】【診療科目:整形外科_リウマチ科_リハビリテーション科】群馬県佐波郡玉村町角渕５０６５－１" }, "geometry": { "type": "Point", "coordinates": [ 139.116292, 36.291572 ] } },
{ "type": "Feature", "properties": { "ID": 1022100001647, "正式名称": "医療法人ひらが脳神経外科", "機関区分": 2, "都道府県コード": 10, "市区町村コード": 464, "所在地": "群馬県佐波郡玉村町角渕５０６７", "緯度": 36.288178, "経度": 139.116678, "url": "https://www.iryou.teikyouseido.mhlw.go.jp/znk-web/juminkanja/S2430/initialize?prefCd=10&kikanCd=2100001647&kikanKbn=2", "url2": "http://www14.plala.or.jp/hiraga-clinic/", "内容": "医療法人ひらが脳神経外科【2:診療所】【診療科目:内科_脳神経外科】群馬県佐波郡玉村町角渕５０６７" }, "geometry": { "type": "Point", "coordinates": [ 139.116678, 36.288178 ] } },
{ "type": "Feature", "properties": { "ID": 1022100001648, "正式名称": "いわたバディーズクリニック", "機関区分": 2, "都道府県コード": 10, "市区町村コード": 202, "所在地": "群馬県高崎市矢中町８４１", "緯度": 36.304763, "経度": 139.051361, "url": "https://www.iryou.teikyouseido.mhlw.go.jp/znk-web/juminkanja/S2430/initialize?prefCd=10&kikanCd=2100001648&kikanKbn=2", "url2": "http://www.iwata-hp.or.jp", "内容": "いわたバディーズクリニック【2:診療所】【診療科目:内科_消化器内科_心療内科】群馬県高崎市矢中町８４１" }, "geometry": { "type": "Point", "coordinates": [ 139.051361, 36.304763 ] } },
{ "type": "Feature", "properties": { "ID": 1022100001649, "正式名称": "医療法人民善会細谷クリニック", "機関区分": 2, "都道府県コード": 10, "市区町村コード": 210, "所在地": "群馬県富岡市富岡", "緯度": 36.260094, "経度": 138.896475, "url": "https://www.iryou.teikyouseido.mhlw.go.jp/znk-web/juminkanja/S2430/initialize?prefCd=10&kikanCd=2100001649&kikanKbn=2", "url2": "https://www.hosoya.or.jp/", "内容": "医療法人民善会細谷クリニック【2:診療所】【診療科目:内科_糖尿病内科_呼吸器内科_腎臓内科_老年内科_脳神経外科_リハビリテーション科_放射線科】群馬県富岡市富岡" }, "geometry": { "type": "Point", "coordinates": [ 138.896475, 36.260094 ] } },
{ "type": "Feature", "properties": { "ID": 1022100001650, "正式名称": "やなぎまち皮フ科クリニック", "機関区分": 2, "都道府県コード": 10, "市区町村コード": 206, "所在地": "群馬県沼田市柳町２５６２ー１", "緯度": 36.654082, "経度": 139.047583, "url": "https://www.iryou.teikyouseido.mhlw.go.jp/znk-web/juminkanja/S2430/initialize?prefCd=10&kikanCd=2100001650&kikanKbn=2", "url2": "http://www.yanagimachihifuka.com", "内容": "やなぎまち皮フ科クリニック【2:診療所】【診療科目:皮膚科】群馬県沼田市柳町２５６２ー１" }, "geometry": { "type": "Point", "coordinates": [ 139.047583, 36.654082 ] } },
{ "type": "Feature", "properties": { "ID": 1022100001652, "正式名称": "えだくに整形外科", "機関区分": 2, "都道府県コード": 10, "市区町村コード": 203, "所在地": "群馬県桐生市新里町山上５２５－１", "緯度": 36.420026, "経度": 139.233405, "url": "https://www.iryou.teikyouseido.mhlw.go.jp/znk-web/juminkanja/S2430/initialize?prefCd=10&kikanCd=2100001652&kikanKbn=2", "url2": "http://www.edakuniseikeigeka.com/", "内容": "えだくに整形外科【2:診療所】【診療科目:整形外科_リウマチ科_リハビリテーション科】群馬県桐生市新里町山上５２５－１" }, "geometry": { "type": "Point", "coordinates": [ 139.233405, 36.420026 ] } },
{ "type": "Feature", "properties": { "ID": 1022100001653, "正式名称": "医療法人すいらん会　ほんまち診療所", "機関区分": 2, "都道府県コード": 10, "市区町村コード": 205, "所在地": "群馬県太田市大原町", "緯度": 36.356804, "経度": 139.296217, "url": "https://www.iryou.teikyouseido.mhlw.go.jp/znk-web/juminkanja/S2430/initialize?prefCd=10&kikanCd=2100001653&kikanKbn=2", "url2": "http://www.suirankai.sakura.ne.jp/", "内容": "医療法人すいらん会　ほんまち診療所【2:診療所】【診療科目:内科_眼科】群馬県太田市大原町" }, "geometry": { "type": "Point", "coordinates": [ 139.296217, 36.356804 ] } },
{ "type": "Feature", "properties": { "ID": 1022100001654, "正式名称": "医療法人小林眼科クリニック城西眼科", "機関区分": 2, "都道府県コード": 10, "市区町村コード": 205, "所在地": "群馬県太田市新野町１２５６－１", "緯度": 36.304306, "経度": 139.346897, "url": "https://www.iryou.teikyouseido.mhlw.go.jp/znk-web/juminkanja/S2430/initialize?prefCd=10&kikanCd=2100001654&kikanKbn=2", "url2": "http://www.jo-sai.com", "内容": "医療法人小林眼科クリニック城西眼科【2:診療所】【診療科目:眼科】群馬県太田市新野町１２５６－１" }, "geometry": { "type": "Point", "coordinates": [ 139.346897, 36.304306 ] } },
{ "type": "Feature", "properties": { "ID": 1022100001657, "正式名称": "西村医院", "機関区分": 2, "都道府県コード": 10, "市区町村コード": 202, "所在地": "群馬県高崎市昭和町１４２－６", "緯度": 36.337559, "経度": 139.006547, "url": "https://www.iryou.teikyouseido.mhlw.go.jp/znk-web/juminkanja/S2430/initialize?prefCd=10&kikanCd=2100001657&kikanKbn=2", "url2": "http://www.nishimura-iin.com/", "内容": "西村医院【2:診療所】【診療科目:内科_循環器内科_精神科_心療内科】群馬県高崎市昭和町１４２－６" }, "geometry": { "type": "Point", "coordinates": [ 139.006547, 36.337559 ] } },
{ "type": "Feature", "properties": { "ID": 1022100001658, "正式名称": "太田協立診療所", "機関区分": 2, "都道府県コード": 10, "市区町村コード": 205, "所在地": "群馬県太田市石原町", "緯度": 36.29773, "経度": 139.405506, "url": "https://www.iryou.teikyouseido.mhlw.go.jp/znk-web/juminkanja/S2430/initialize?prefCd=10&kikanCd=2100001658&kikanKbn=2", "url2": "https://www.kyouritsu.org/ota/index.html", "内容": "太田協立診療所【2:診療所】【診療科目:内科_消化器内科_胃腸内科】群馬県太田市石原町" }, "geometry": { "type": "Point", "coordinates": [ 139.405506, 36.29773 ] } },
{ "type": "Feature", "properties": { "ID": 1022100001659, "正式名称": "上中居ファミリークリニック", "機関区分": 2, "都道府県コード": 10, "市区町村コード": 202, "所在地": "群馬県高崎市上中居町　４１１", "緯度": 36.314893, "経度": 139.025534, "url": "https://www.iryou.teikyouseido.mhlw.go.jp/znk-web/juminkanja/S2430/initialize?prefCd=10&kikanCd=2100001659&kikanKbn=2", "url2": "https://kaminakaifamily.com/", "内容": "上中居ファミリークリニック【2:診療所】【診療科目:内科_呼吸器内科_アレルギー疾患内科_小児科_アレルギー科】群馬県高崎市上中居町　４１１" }, "geometry": { "type": "Point", "coordinates": [ 139.025534, 36.314893 ] } },
{ "type": "Feature", "properties": { "ID": 1022100001660, "正式名称": "医療法人リーフこどもアレルギークリニック", "機関区分": 2, "都道府県コード": 10, "市区町村コード": 202, "所在地": "群馬県高崎市金古町南十三５３ー１", "緯度": 36.405814, "経度": 139.006193, "url": "https://www.iryou.teikyouseido.mhlw.go.jp/znk-web/juminkanja/S2430/initialize?prefCd=10&kikanCd=2100001660&kikanKbn=2", "url2": "http://www.leaf-kodomo.com", "内容": "医療法人リーフこどもアレルギークリニック【2:診療所】【診療科目:小児科_小児眼科_小児耳鼻いんこう科_小児皮膚科_アレルギー科】群馬県高崎市金古町南十三５３ー１" }, "geometry": { "type": "Point", "coordinates": [ 139.006193, 36.405814 ] } },
{ "type": "Feature", "properties": { "ID": 1022100001661, "正式名称": "家崎医院", "機関区分": 2, "都道府県コード": 10, "市区町村コード": 201, "所在地": "群馬県前橋市南町２ー１０ー１０", "緯度": 36.378441, "経度": 139.065414, "url": "https://www.iryou.teikyouseido.mhlw.go.jp/znk-web/juminkanja/S2430/initialize?prefCd=10&kikanCd=2100001661&kikanKbn=2", "url2": "http://www.iesaki.com", "内容": "家崎医院【2:診療所】【診療科目:内科_呼吸器内科_循環器内科_消化器内科_胃腸内科_内視鏡内科】群馬県前橋市南町２ー１０ー１０" }, "geometry": { "type": "Point", "coordinates": [ 139.065414, 36.378441 ] } },
{ "type": "Feature", "properties": { "ID": 1022100001662, "正式名称": "あかばね眼科", "機関区分": 2, "都道府県コード": 10, "市区町村コード": 202, "所在地": "群馬県高崎市上並榎町１４０－９", "緯度": 36.34711, "経度": 138.988468, "url": "https://www.iryou.teikyouseido.mhlw.go.jp/znk-web/juminkanja/S2430/initialize?prefCd=10&kikanCd=2100001662&kikanKbn=2", "url2": "http://www.akabaneganka.jp", "内容": "あかばね眼科【2:診療所】【診療科目:眼科】群馬県高崎市上並榎町１４０－９" }, "geometry": { "type": "Point", "coordinates": [ 138.988468, 36.34711 ] } },
{ "type": "Feature", "properties": { "ID": 1022100001663, "正式名称": "医療法人シービーシー", "機関区分": 2, "都道府県コード": 10, "市区町村コード": 202, "所在地": "群馬県高崎市江木町１７１８−３", "緯度": 36.330662, "経度": 139.026856, "url": "https://www.iryou.teikyouseido.mhlw.go.jp/znk-web/juminkanja/S2430/initialize?prefCd=10&kikanCd=2100001663&kikanKbn=2", "url2": "http://website.infomity.net/c8440000064/index.html", "内容": "医療法人シービーシー【2:診療所】【診療科目:内科_循環器内科_漢方内科_内視鏡内科_ペインクリニック内科_形成外科_美容外科_小児皮膚科_皮膚科_美容皮膚科】群馬県高崎市江木町１７１８−３" }, "geometry": { "type": "Point", "coordinates": [ 139.026856, 36.330662 ] } },
{ "type": "Feature", "properties": { "ID": 1022100001664, "正式名称": "あらまき整形外科クリニック", "機関区分": 2, "都道府県コード": 10, "市区町村コード": 204, "所在地": "群馬県伊勢崎市東小保方町", "緯度": 36.32176, "経度": 139.247693, "url": "https://www.iryou.teikyouseido.mhlw.go.jp/znk-web/juminkanja/S2430/initialize?prefCd=10&kikanCd=2100001664&kikanKbn=2", "url2": "http://website.infomity.net/c8440000067/", "内容": "あらまき整形外科クリニック【2:診療所】【診療科目:整形外科_リウマチ科_リハビリテーション科】群馬県伊勢崎市東小保方町" }, "geometry": { "type": "Point", "coordinates": [ 139.247693, 36.32176 ] } },
{ "type": "Feature", "properties": { "ID": 1022100001671, "正式名称": "いいづか耳鼻咽喉科", "機関区分": 2, "都道府県コード": 10, "市区町村コード": 201, "所在地": "群馬県前橋市樋越町８９２", "緯度": 36.412792, "経度": 139.172316, "url": "https://www.iryou.teikyouseido.mhlw.go.jp/znk-web/juminkanja/S2430/initialize?prefCd=10&kikanCd=2100001671&kikanKbn=2", "url2": "http://www.iizukajibika.jp/", "内容": "いいづか耳鼻咽喉科【2:診療所】【診療科目:耳鼻いんこう科】群馬県前橋市樋越町８９２" }, "geometry": { "type": "Point", "coordinates": [ 139.172316, 36.412792 ] } },
{ "type": "Feature", "properties": { "ID": 1022100001676, "正式名称": "外苑クリニック", "機関区分": 2, "都道府県コード": 10, "市区町村コード": 202, "所在地": "群馬県高崎市栄町１－１０", "緯度": 36.319784, "経度": 139.016212, "url": "https://www.iryou.teikyouseido.mhlw.go.jp/znk-web/juminkanja/S2430/initialize?prefCd=10&kikanCd=2100001676&kikanKbn=2", "url2": "https://www.gaien-c.net", "内容": "外苑クリニック【2:診療所】【診療科目:精神科_心療内科】群馬県高崎市栄町１－１０" }, "geometry": { "type": "Point", "coordinates": [ 139.016212, 36.319784 ] } },
{ "type": "Feature", "properties": { "ID": 1022100001677, "正式名称": "医療法人悦生会　小児科佐藤医院", "機関区分": 2, "都道府県コード": 10, "市区町村コード": 202, "所在地": "群馬県高崎市柳川町４", "緯度": 36.327868, "経度": 139.003051, "url": "https://www.iryou.teikyouseido.mhlw.go.jp/znk-web/juminkanja/S2430/initialize?prefCd=10&kikanCd=2100001677&kikanKbn=2", "url2": "http://www.myclinic.ne.jp/hospital/", "内容": "医療法人悦生会　小児科佐藤医院【2:診療所】【診療科目:小児科】群馬県高崎市柳川町４" }, "geometry": { "type": "Point", "coordinates": [ 139.003051, 36.327868 ] } },
{ "type": "Feature", "properties": { "ID": 1022100001681, "正式名称": "医療法人　ハートクリニック", "機関区分": 2, "都道府県コード": 10, "市区町村コード": 207, "所在地": "群馬県館林市富士見町４ー２３", "緯度": 36.243524, "経度": 139.525043, "url": "https://www.iryou.teikyouseido.mhlw.go.jp/znk-web/juminkanja/S2430/initialize?prefCd=10&kikanCd=2100001681&kikanKbn=2", "url2": "http://heartclinic.lolipop.jp", "内容": "医療法人　ハートクリニック【2:診療所】【診療科目:内科_循環器内科】群馬県館林市富士見町４ー２３" }, "geometry": { "type": "Point", "coordinates": [ 139.525043, 36.243524 ] } },
{ "type": "Feature", "properties": { "ID": 1022100001683, "正式名称": "前橋眼科クリニック", "機関区分": 2, "都道府県コード": 10, "市区町村コード": 201, "所在地": "群馬県前橋市文京町２ー１ー１　けやきウォーク前橋１Ｆ", "緯度": 36.378501, "経度": 139.07826, "url": "https://www.iryou.teikyouseido.mhlw.go.jp/znk-web/juminkanja/S2430/initialize?prefCd=10&kikanCd=2100001683&kikanKbn=2", "url2": "https://www.maebashi-ganka.com/", "内容": "前橋眼科クリニック【2:診療所】【診療科目:眼科】群馬県前橋市文京町２ー１ー１　けやきウォーク前橋１Ｆ" }, "geometry": { "type": "Point", "coordinates": [ 139.07826, 36.378501 ] } },
{ "type": "Feature", "properties": { "ID": 1022100001686, "正式名称": "高崎市夜間休日急病診療所", "機関区分": 2, "都道府県コード": 10, "市区町村コード": 202, "所在地": "群馬県高崎市高松町５－２８　高崎市総合保健センター１階", "緯度": 36.325443, "経度": 139.001809, "url": "https://www.iryou.teikyouseido.mhlw.go.jp/znk-web/juminkanja/S2430/initialize?prefCd=10&kikanCd=2100001686&kikanKbn=2", "url2": "http://takasaki.gunma.med.or.jp/kyuukyuuiryou/kyuujitu_yakan.html", "内容": "高崎市夜間休日急病診療所【2:診療所】【診療科目:内科_小児科】群馬県高崎市高松町５－２８　高崎市総合保健センター１階" }, "geometry": { "type": "Point", "coordinates": [ 139.001809, 36.325443 ] } },
{ "type": "Feature", "properties": { "ID": 1022100001688, "正式名称": "医療法人神林会　神林整形外科", "機関区分": 2, "都道府県コード": 10, "市区町村コード": 204, "所在地": "群馬県伊勢崎市境新栄１０－５", "緯度": 36.278182, "経度": 139.263222, "url": "https://www.iryou.teikyouseido.mhlw.go.jp/znk-web/juminkanja/S2430/initialize?prefCd=10&kikanCd=2100001688&kikanKbn=2", "url2": null, "内容": "医療法人神林会　神林整形外科【2:診療所】【診療科目:整形外科_リウマチ科_リハビリテーション科】群馬県伊勢崎市境新栄１０－５" }, "geometry": { "type": "Point", "coordinates": [ 139.263222, 36.278182 ] } },
{ "type": "Feature", "properties": { "ID": 1022100001689, "正式名称": "医療法人　秀クリニック", "機関区分": 2, "都道府県コード": 10, "市区町村コード": 205, "所在地": "群馬県太田市高林北町２０３０－１", "緯度": 36.26798, "経度": 139.367305, "url": "https://www.iryou.teikyouseido.mhlw.go.jp/znk-web/juminkanja/S2430/initialize?prefCd=10&kikanCd=2100001689&kikanKbn=2", "url2": "http://syu-cl.byoinnavi.jp/", "内容": "医療法人　秀クリニック【2:診療所】【診療科目:内科_循環器内科_皮膚科】群馬県太田市高林北町２０３０－１" }, "geometry": { "type": "Point", "coordinates": [ 139.367305, 36.26798 ] } },
{ "type": "Feature", "properties": { "ID": 1022100001690, "正式名称": "高崎ステーションメンタルクリニック", "機関区分": 2, "都道府県コード": 10, "市区町村コード": 202, "所在地": "群馬県高崎市八島町２２２　高崎モントレー７階", "緯度": 36.321145, "経度": 139.009963, "url": "https://www.iryou.teikyouseido.mhlw.go.jp/znk-web/juminkanja/S2430/initialize?prefCd=10&kikanCd=2100001690&kikanKbn=2", "url2": "http://park7.wakwak.com/~tsmc.index/", "内容": "高崎ステーションメンタルクリニック【2:診療所】【診療科目:精神科_心療内科】群馬県高崎市八島町２２２　高崎モントレー７階" }, "geometry": { "type": "Point", "coordinates": [ 139.009963, 36.321145 ] } },
{ "type": "Feature", "properties": { "ID": 1022100001691, "正式名称": "和田クリニック", "機関区分": 2, "都道府県コード": 10, "市区町村コード": 210, "所在地": "群馬県富岡市七日市４５０ー１", "緯度": 36.25915, "経度": 138.878643, "url": "https://www.iryou.teikyouseido.mhlw.go.jp/znk-web/juminkanja/S2430/initialize?prefCd=10&kikanCd=2100001691&kikanKbn=2", "url2": "http://website2.infomity.net/8440000077/", "内容": "和田クリニック【2:診療所】【診療科目:内科_循環器内科_皮膚科】群馬県富岡市七日市４５０ー１" }, "geometry": { "type": "Point", "coordinates": [ 138.878643, 36.25915 ] } },
{ "type": "Feature", "properties": { "ID": 1022100001692, "正式名称": "つのだ医院", "機関区分": 2, "都道府県コード": 10, "市区町村コード": 206, "所在地": "群馬県沼田市久屋原町１１４番地１", "緯度": 36.66311, "経度": 139.08969, "url": "https://www.iryou.teikyouseido.mhlw.go.jp/znk-web/juminkanja/S2430/initialize?prefCd=10&kikanCd=2100001692&kikanKbn=2", "url2": null, "内容": "つのだ医院【2:診療所】【診療科目:内科_消化器内科_小児科】群馬県沼田市久屋原町１１４番地１" }, "geometry": { "type": "Point", "coordinates": [ 139.08969, 36.66311 ] } },
{ "type": "Feature", "properties": { "ID": 1022100001693, "正式名称": "太田第一整形外科内科", "機関区分": 2, "都道府県コード": 10, "市区町村コード": 205, "所在地": "群馬県太田市浜町", "緯度": 36.29046, "経度": 139.367462, "url": "https://www.iryou.teikyouseido.mhlw.go.jp/znk-web/juminkanja/S2430/initialize?prefCd=10&kikanCd=2100001693&kikanKbn=2", "url2": "https://www.ootaaiichi.com", "内容": "太田第一整形外科内科【2:診療所】【診療科目:内科_整形外科_リハビリテーション科】群馬県太田市浜町" }, "geometry": { "type": "Point", "coordinates": [ 139.367462, 36.29046 ] } },
{ "type": "Feature", "properties": { "ID": 1022100001694, "正式名称": "ベル小児科クリニック", "機関区分": 2, "都道府県コード": 10, "市区町村コード": 201, "所在地": "群馬県前橋市川原町２丁目９−１８", "緯度": 36.428234, "経度": 139.040495, "url": "https://www.iryou.teikyouseido.mhlw.go.jp/znk-web/juminkanja/S2430/initialize?prefCd=10&kikanCd=2100001694&kikanKbn=2", "url2": "http://www.bell-shounika.com/", "内容": "ベル小児科クリニック【2:診療所】【診療科目:小児科_アレルギー科】群馬県前橋市川原町２丁目９−１８" }, "geometry": { "type": "Point", "coordinates": [ 139.040495, 36.428234 ] } },
{ "type": "Feature", "properties": { "ID": 1022100001695, "正式名称": "みやざき内科クリニック", "機関区分": 2, "都道府県コード": 10, "市区町村コード": 201, "所在地": "群馬県前橋市元総社町２４６７－９", "緯度": 36.385139, "経度": 139.035791, "url": "https://www.iryou.teikyouseido.mhlw.go.jp/znk-web/juminkanja/S2430/initialize?prefCd=10&kikanCd=2100001695&kikanKbn=2", "url2": "https://miyazakinaika.jp", "内容": "みやざき内科クリニック【2:診療所】【診療科目:内科_呼吸器内科_循環器内科_アレルギー疾患内科_アレルギー科】群馬県前橋市元総社町２４６７－９" }, "geometry": { "type": "Point", "coordinates": [ 139.035791, 36.385139 ] } },
{ "type": "Feature", "properties": { "ID": 1022100001696, "正式名称": "モアクリニック", "機関区分": 2, "都道府県コード": 10, "市区町村コード": 202, "所在地": "群馬県高崎市上小塙町８５０－１", "緯度": 36.356238, "経度": 138.982702, "url": "https://www.iryou.teikyouseido.mhlw.go.jp/znk-web/juminkanja/S2430/initialize?prefCd=10&kikanCd=2100001696&kikanKbn=2", "url2": "http://www.mmc-web.jp", "内容": "モアクリニック【2:診療所】【診療科目:美容皮膚科】群馬県高崎市上小塙町８５０－１" }, "geometry": { "type": "Point", "coordinates": [ 138.982702, 36.356238 ] } },
{ "type": "Feature", "properties": { "ID": 1022100001697, "正式名称": "明治皮膚科", "機関区分": 2, "都道府県コード": 10, "市区町村コード": 345, "所在地": "群馬県北群馬郡吉岡町下野田６９５－１０", "緯度": 36.44877, "経度": 139.004541, "url": "https://www.iryou.teikyouseido.mhlw.go.jp/znk-web/juminkanja/S2430/initialize?prefCd=10&kikanCd=2100001697&kikanKbn=2", "url2": "https://meijihifu-beauty.com", "内容": "明治皮膚科【2:診療所】【診療科目:皮膚科_美容皮膚科】群馬県北群馬郡吉岡町下野田６９５－１０" }, "geometry": { "type": "Point", "coordinates": [ 139.004541, 36.44877 ] } },
{ "type": "Feature", "properties": { "ID": 1022100001698, "正式名称": "たきざわ医院", "機関区分": 2, "都道府県コード": 10, "市区町村コード": 205, "所在地": "群馬県太田市新田赤堀町４３４―２５", "緯度": 36.292479, "経度": 139.293769, "url": "https://www.iryou.teikyouseido.mhlw.go.jp/znk-web/juminkanja/S2430/initialize?prefCd=10&kikanCd=2100001698&kikanKbn=2", "url2": "http://www.takizawa-clinique.com/", "内容": "たきざわ医院【2:診療所】【診療科目:内科_循環器内科_小児科】群馬県太田市新田赤堀町４３４―２５" }, "geometry": { "type": "Point", "coordinates": [ 139.293769, 36.292479 ] } },
{ "type": "Feature", "properties": { "ID": 1022100001699, "正式名称": "板倉耳鼻咽喉科クリニック", "機関区分": 2, "都道府県コード": 10, "市区町村コード": 521, "所在地": "群馬県邑楽郡板倉町海老瀬４０６４－５", "緯度": 36.223992, "経度": 139.643482, "url": "https://www.iryou.teikyouseido.mhlw.go.jp/znk-web/juminkanja/S2430/initialize?prefCd=10&kikanCd=2100001699&kikanKbn=2", "url2": "http://itakurajibi.com/", "内容": "板倉耳鼻咽喉科クリニック【2:診療所】【診療科目:小児科_耳鼻いんこう科_アレルギー科】群馬県邑楽郡板倉町海老瀬４０６４－５" }, "geometry": { "type": "Point", "coordinates": [ 139.643482, 36.223992 ] } },
{ "type": "Feature", "properties": { "ID": 1022100001702, "正式名称": "大学橋ファミリークリニック", "機関区分": 2, "都道府県コード": 10, "市区町村コード": 201, "所在地": "群馬県前橋市関根町２ー２１ー９", "緯度": 36.432375, "経度": 139.048457, "url": "https://www.iryou.teikyouseido.mhlw.go.jp/znk-web/juminkanja/S2430/initialize?prefCd=10&kikanCd=2100001702&kikanKbn=2", "url2": "http://d-bashifc.com/", "内容": "大学橋ファミリークリニック【2:診療所】【診療科目:内科_外科_小児科_小児皮膚科_小児外科_皮膚科_リハビリテーション科】群馬県前橋市関根町２ー２１ー９" }, "geometry": { "type": "Point", "coordinates": [ 139.048457, 36.432375 ] } },
{ "type": "Feature", "properties": { "ID": 1022100001704, "正式名称": "もんでん内科クリニック", "機関区分": 2, "都道府県コード": 10, "市区町村コード": 202, "所在地": "群馬県高崎市天神町１１５－１", "緯度": 36.337861, "経度": 139.021889, "url": "https://www.iryou.teikyouseido.mhlw.go.jp/znk-web/juminkanja/S2430/initialize?prefCd=10&kikanCd=2100001704&kikanKbn=2", "url2": "http://www.monden-clinic.jp", "内容": "もんでん内科クリニック【2:診療所】【診療科目:内科_糖尿病内科_内分泌内科】群馬県高崎市天神町１１５－１" }, "geometry": { "type": "Point", "coordinates": [ 139.021889, 36.337861 ] } },
{ "type": "Feature", "properties": { "ID": 1022100001706, "正式名称": "いしかわ哲也クリニック", "機関区分": 2, "都道府県コード": 10, "市区町村コード": 204, "所在地": "群馬県伊勢崎市田中町８９ー１", "緯度": 36.313892, "経度": 139.16388, "url": "https://www.iryou.teikyouseido.mhlw.go.jp/znk-web/juminkanja/S2430/initialize?prefCd=10&kikanCd=2100001706&kikanKbn=2", "url2": "http://www.it-cl.jp", "内容": "いしかわ哲也クリニック【2:診療所】【診療科目:精神科】群馬県伊勢崎市田中町８９ー１" }, "geometry": { "type": "Point", "coordinates": [ 139.16388, 36.313892 ] } },
{ "type": "Feature", "properties": { "ID": 1022100001707, "正式名称": "もろメンタルクリニック", "機関区分": 2, "都道府県コード": 10, "市区町村コード": 204, "所在地": "群馬県伊勢崎市南千木町５２２５－１２", "緯度": 36.299318, "経度": 139.214891, "url": "https://www.iryou.teikyouseido.mhlw.go.jp/znk-web/juminkanja/S2430/initialize?prefCd=10&kikanCd=2100001707&kikanKbn=2", "url2": null, "内容": "もろメンタルクリニック【2:診療所】【診療科目:精神科_心療内科】群馬県伊勢崎市南千木町５２２５－１２" }, "geometry": { "type": "Point", "coordinates": [ 139.214891, 36.299318 ] } },
{ "type": "Feature", "properties": { "ID": 1022100001708, "正式名称": "医療法人山口会山口クリニック", "機関区分": 2, "都道府県コード": 10, "市区町村コード": 203, "所在地": "群馬県桐生市広沢町６－３５５", "緯度": 36.373496, "経度": 139.357237, "url": "https://www.iryou.teikyouseido.mhlw.go.jp/znk-web/juminkanja/S2430/initialize?prefCd=10&kikanCd=2100001708&kikanKbn=2", "url2": "http://med.wind.ne.jp/yamaguchi", "内容": "医療法人山口会山口クリニック【2:診療所】【診療科目:内科_皮膚科】群馬県桐生市広沢町６－３５５" }, "geometry": { "type": "Point", "coordinates": [ 139.357237, 36.373496 ] } },
{ "type": "Feature", "properties": { "ID": 1022100001713, "正式名称": "医療法人　大翠会　花水木内科", "機関区分": 2, "都道府県コード": 10, "市区町村コード": 202, "所在地": "群馬県高崎市下小鳥町９３ー１０", "緯度": 36.344583, "経度": 138.996667, "url": "https://www.iryou.teikyouseido.mhlw.go.jp/znk-web/juminkanja/S2430/initialize?prefCd=10&kikanCd=2100001713&kikanKbn=2", "url2": "http://hanamizuki.byoinnavi.jp/pc/", "内容": "医療法人　大翠会　花水木内科【2:診療所】【診療科目:内科_糖尿病内科】群馬県高崎市下小鳥町９３ー１０" }, "geometry": { "type": "Point", "coordinates": [ 138.996667, 36.344583 ] } },
{ "type": "Feature", "properties": { "ID": 1022100001715, "正式名称": "うい内科クリニック", "機関区分": 2, "都道府県コード": 10, "市区町村コード": 201, "所在地": "群馬県前橋市駒形町５８４ー３", "緯度": 36.337861, "経度": 139.146483, "url": "https://www.iryou.teikyouseido.mhlw.go.jp/znk-web/juminkanja/S2430/initialize?prefCd=10&kikanCd=2100001715&kikanKbn=2", "url2": null, "内容": "うい内科クリニック【2:診療所】【診療科目:内科_呼吸器内科_循環器内科】群馬県前橋市駒形町５８４ー３" }, "geometry": { "type": "Point", "coordinates": [ 139.146483, 36.337861 ] } },
{ "type": "Feature", "properties": { "ID": 1022100001716, "正式名称": "えんどう内科クリニック", "機関区分": 2, "都道府県コード": 10, "市区町村コード": 201, "所在地": "群馬県前橋市ぬで島町５５−２", "緯度": 36.361757, "経度": 139.076902, "url": "https://www.iryou.teikyouseido.mhlw.go.jp/znk-web/juminkanja/S2430/initialize?prefCd=10&kikanCd=2100001716&kikanKbn=2", "url2": "http://www.endo-clinic.info", "内容": "えんどう内科クリニック【2:診療所】【診療科目:内科_感染症内科_糖尿病内科_呼吸器内科_循環器内科_消化器内科_アレルギー疾患内科_アレルギー科】群馬県前橋市ぬで島町５５−２" }, "geometry": { "type": "Point", "coordinates": [ 139.076902, 36.361757 ] } },
{ "type": "Feature", "properties": { "ID": 1022100001717, "正式名称": "さとう内科クリニック", "機関区分": 2, "都道府県コード": 10, "市区町村コード": 204, "所在地": "群馬県伊勢崎市乾町", "緯度": 36.338342, "経度": 139.189664, "url": "https://www.iryou.teikyouseido.mhlw.go.jp/znk-web/juminkanja/S2430/initialize?prefCd=10&kikanCd=2100001717&kikanKbn=2", "url2": "http://sato-clinic.byoinnavi.jp/", "内容": "さとう内科クリニック【2:診療所】【診療科目:内科_呼吸器内科_循環器内科】群馬県伊勢崎市乾町" }, "geometry": { "type": "Point", "coordinates": [ 139.189664, 36.338342 ] } },
{ "type": "Feature", "properties": { "ID": 1022100001720, "正式名称": "新井内科クリニック", "機関区分": 2, "都道府県コード": 10, "市区町村コード": 524, "所在地": "群馬県邑楽郡大泉町仙石４ー４０ー９", "緯度": 36.240611, "経度": 139.395639, "url": "https://www.iryou.teikyouseido.mhlw.go.jp/znk-web/juminkanja/S2430/initialize?prefCd=10&kikanCd=2100001720&kikanKbn=2", "url2": null, "内容": "新井内科クリニック【2:診療所】【診療科目:内科_呼吸器内科_循環器内科_消化器内科_肝臓内科_アレルギー科】群馬県邑楽郡大泉町仙石４ー４０ー９" }, "geometry": { "type": "Point", "coordinates": [ 139.395639, 36.240611 ] } },
{ "type": "Feature", "properties": { "ID": 1022100001722, "正式名称": "武田クリニック", "機関区分": 2, "都道府県コード": 10, "市区町村コード": 201, "所在地": "群馬県前橋市富士見町時沢１８６９番地１", "緯度": 36.439364, "経度": 139.09414, "url": "https://www.iryou.teikyouseido.mhlw.go.jp/znk-web/juminkanja/S2430/initialize?prefCd=10&kikanCd=2100001722&kikanKbn=2", "url2": null, "内容": "武田クリニック【2:診療所】【診療科目:内科_呼吸器内科_消化器内科_アレルギー疾患内科_小児科_アレルギー科】群馬県前橋市富士見町時沢１８６９番地１" }, "geometry": { "type": "Point", "coordinates": [ 139.09414, 36.439364 ] } },
{ "type": "Feature", "properties": { "ID": 1022100001723, "正式名称": "耳鼻咽喉科はるクリニック", "機関区分": 2, "都道府県コード": 10, "市区町村コード": 202, "所在地": "群馬県高崎市江木町２３０−１", "緯度": 36.328028, "経度": 139.02525, "url": "https://www.iryou.teikyouseido.mhlw.go.jp/znk-web/juminkanja/S2430/initialize?prefCd=10&kikanCd=2100001723&kikanKbn=2", "url2": "http://haruclinic33.byoinnavi.jp/", "内容": "耳鼻咽喉科はるクリニック【2:診療所】【診療科目:耳鼻いんこう科】群馬県高崎市江木町２３０−１" }, "geometry": { "type": "Point", "coordinates": [ 139.02525, 36.328028 ] } },
{ "type": "Feature", "properties": { "ID": 1022100001724, "正式名称": "医療法人社団醫侑会小川クリニック", "機関区分": 2, "都道府県コード": 10, "市区町村コード": 202, "所在地": "群馬県高崎市矢中町３１２－９", "緯度": 36.311758, "経度": 139.051293, "url": "https://www.iryou.teikyouseido.mhlw.go.jp/znk-web/juminkanja/S2430/initialize?prefCd=10&kikanCd=2100001724&kikanKbn=2", "url2": "http://www.ogacli.jp", "内容": "医療法人社団醫侑会小川クリニック【2:診療所】【診療科目:内科_外科_消化器外科_腫瘍外科_内視鏡外科_整形外科_皮膚科】群馬県高崎市矢中町３１２－９" }, "geometry": { "type": "Point", "coordinates": [ 139.051293, 36.311758 ] } },
{ "type": "Feature", "properties": { "ID": 1022100001725, "正式名称": "群馬八幡消化器内科クリニック", "機関区分": 2, "都道府県コード": 10, "市区町村コード": 202, "所在地": "群馬県高崎市八幡町１１１２ー１", "緯度": 36.34133, "経度": 138.9472, "url": "https://www.iryou.teikyouseido.mhlw.go.jp/znk-web/juminkanja/S2430/initialize?prefCd=10&kikanCd=2100001725&kikanKbn=2", "url2": null, "内容": "群馬八幡消化器内科クリニック【2:診療所】【診療科目:消化器内科】群馬県高崎市八幡町１１１２ー１" }, "geometry": { "type": "Point", "coordinates": [ 138.9472, 36.34133 ] } },
{ "type": "Feature", "properties": { "ID": 1022100001726, "正式名称": "すとう眼科", "機関区分": 2, "都道府県コード": 10, "市区町村コード": 204, "所在地": "群馬県伊勢崎市西久保町", "緯度": 36.376278, "経度": 139.235027, "url": "https://www.iryou.teikyouseido.mhlw.go.jp/znk-web/juminkanja/S2430/initialize?prefCd=10&kikanCd=2100001726&kikanKbn=2", "url2": "http://suto-eye.com", "内容": "すとう眼科【2:診療所】【診療科目:眼科】群馬県伊勢崎市西久保町" }, "geometry": { "type": "Point", "coordinates": [ 139.235027, 36.376278 ] } },
{ "type": "Feature", "properties": { "ID": 1022100001728, "正式名称": "吾妻東整形外科", "機関区分": 2, "都道府県コード": 10, "市区町村コード": 421, "所在地": "群馬県吾妻郡中之条町伊勢町７５６－１", "緯度": 36.590142, "経度": 138.855574, "url": "https://www.iryou.teikyouseido.mhlw.go.jp/znk-web/juminkanja/S2430/initialize?prefCd=10&kikanCd=2100001728&kikanKbn=2", "url2": null, "内容": "吾妻東整形外科【2:診療所】【診療科目:整形外科_リハビリテーション科】群馬県吾妻郡中之条町伊勢町７５６－１" }, "geometry": { "type": "Point", "coordinates": [ 138.855574, 36.590142 ] } },
{ "type": "Feature", "properties": { "ID": 1022100001731, "正式名称": "やました内科医院", "機関区分": 2, "都道府県コード": 10, "市区町村コード": 201, "所在地": "群馬県前橋市亀泉町６０６ー２", "緯度": 36.393861, "経度": 139.131, "url": "https://www.iryou.teikyouseido.mhlw.go.jp/znk-web/juminkanja/S2430/initialize?prefCd=10&kikanCd=2100001731&kikanKbn=2", "url2": "https://sites.google.com/view/yamashita-naika", "内容": "やました内科医院【2:診療所】【診療科目:内科_糖尿病内科_呼吸器内科_腎臓内科】群馬県前橋市亀泉町６０６ー２" }, "geometry": { "type": "Point", "coordinates": [ 139.131, 36.393861 ] } },
{ "type": "Feature", "properties": { "ID": 1022100001733, "正式名称": "あおばクリニック前橋院", "機関区分": 2, "都道府県コード": 10, "市区町村コード": 201, "所在地": "群馬県前橋市荒牧町１－１０－１４－１", "緯度": 36.425524, "経度": 139.054149, "url": "https://www.iryou.teikyouseido.mhlw.go.jp/znk-web/juminkanja/S2430/initialize?prefCd=10&kikanCd=2100001733&kikanKbn=2", "url2": null, "内容": "あおばクリニック前橋院【2:診療所】【診療科目:眼科_美容皮膚科】群馬県前橋市荒牧町１－１０－１４－１" }, "geometry": { "type": "Point", "coordinates": [ 139.054149, 36.425524 ] } },
{ "type": "Feature", "properties": { "ID": 1022100001736, "正式名称": "医療法人社団吉田会よしだ消化器内科クリニック", "機関区分": 2, "都道府県コード": 10, "市区町村コード": 202, "所在地": "群馬県高崎市大八木町１７９７番地", "緯度": 36.354925, "経度": 139.005396, "url": "https://www.iryou.teikyouseido.mhlw.go.jp/znk-web/juminkanja/S2430/initialize?prefCd=10&kikanCd=2100001736&kikanKbn=2", "url2": "https://yoshida-shokaki.jp/", "内容": "医療法人社団吉田会よしだ消化器内科クリニック【2:診療所】【診療科目:内科_消化器内科】群馬県高崎市大八木町１７９７番地" }, "geometry": { "type": "Point", "coordinates": [ 139.005396, 36.354925 ] } },
{ "type": "Feature", "properties": { "ID": 1022100001737, "正式名称": "医療法人　太田南クリニック", "機関区分": 2, "都道府県コード": 10, "市区町村コード": 205, "所在地": "群馬県太田市細谷町", "緯度": 36.269234, "経度": 139.35255, "url": "https://www.iryou.teikyouseido.mhlw.go.jp/znk-web/juminkanja/S2430/initialize?prefCd=10&kikanCd=2100001737&kikanKbn=2", "url2": "http://otaminami.byoinnavi.jp/", "内容": "医療法人　太田南クリニック【2:診療所】【診療科目:内科_外科】群馬県太田市細谷町" }, "geometry": { "type": "Point", "coordinates": [ 139.35255, 36.269234 ] } },
{ "type": "Feature", "properties": { "ID": 1022100001738, "正式名称": "問屋町クリニック", "機関区分": 2, "都道府県コード": 10, "市区町村コード": 202, "所在地": "群馬県高崎市問屋町一丁目８番地２", "緯度": 36.348142, "経度": 139.007962, "url": "https://www.iryou.teikyouseido.mhlw.go.jp/znk-web/juminkanja/S2430/initialize?prefCd=10&kikanCd=2100001738&kikanKbn=2", "url2": null, "内容": "問屋町クリニック【2:診療所】【診療科目:内科_循環器内科】群馬県高崎市問屋町一丁目８番地２" }, "geometry": { "type": "Point", "coordinates": [ 139.007962, 36.348142 ] } },
{ "type": "Feature", "properties": { "ID": 1022100001739, "正式名称": "堤ヶ岡メンタルクリニック", "機関区分": 2, "都道府県コード": 10, "市区町村コード": 202, "所在地": "群馬県高崎市中泉町６０１−６", "緯度": 36.374223, "経度": 139.001822, "url": "https://www.iryou.teikyouseido.mhlw.go.jp/znk-web/juminkanja/S2430/initialize?prefCd=10&kikanCd=2100001739&kikanKbn=2", "url2": "https://t-mentalclinic.com/", "内容": "堤ヶ岡メンタルクリニック【2:診療所】【診療科目:精神科_心療内科】群馬県高崎市中泉町６０１−６" }, "geometry": { "type": "Point", "coordinates": [ 139.001822, 36.374223 ] } },
{ "type": "Feature", "properties": { "ID": 1022100001744, "正式名称": "さくら耳鼻咽喉科", "機関区分": 2, "都道府県コード": 10, "市区町村コード": 212, "所在地": "群馬県みどり市笠懸町鹿２５６６－１２", "緯度": 36.398833, "経度": 139.2865, "url": "https://www.iryou.teikyouseido.mhlw.go.jp/znk-web/juminkanja/S2430/initialize?prefCd=10&kikanCd=2100001744&kikanKbn=2", "url2": null, "内容": "さくら耳鼻咽喉科【2:診療所】【診療科目:耳鼻いんこう科】群馬県みどり市笠懸町鹿２５６６－１２" }, "geometry": { "type": "Point", "coordinates": [ 139.2865, 36.398833 ] } },
{ "type": "Feature", "properties": { "ID": 1022100001745, "正式名称": "医療法人健哲会正田医院", "機関区分": 2, "都道府県コード": 10, "市区町村コード": 205, "所在地": "群馬県太田市南矢島町７２６ー３", "緯度": 36.258611, "経度": 139.386556, "url": "https://www.iryou.teikyouseido.mhlw.go.jp/znk-web/juminkanja/S2430/initialize?prefCd=10&kikanCd=2100001745&kikanKbn=2", "url2": "http://www.shoda-cl.com/", "内容": "医療法人健哲会正田医院【2:診療所】【診療科目:内科_消化器内科_内視鏡内科】群馬県太田市南矢島町７２６ー３" }, "geometry": { "type": "Point", "coordinates": [ 139.386556, 36.258611 ] } },
{ "type": "Feature", "properties": { "ID": 1022100001746, "正式名称": "津田ホームケア診療所", "機関区分": 2, "都道府県コード": 10, "市区町村コード": 201, "所在地": "群馬県前橋市川曲町１番地１", "緯度": 36.35367, "経度": 139.05068, "url": "https://www.iryou.teikyouseido.mhlw.go.jp/znk-web/juminkanja/S2430/initialize?prefCd=10&kikanCd=2100001746&kikanKbn=2", "url2": "https://tsudahomecare.main.jp/", "内容": "津田ホームケア診療所【2:診療所】【診療科目:内科_外科】群馬県前橋市川曲町１番地１" }, "geometry": { "type": "Point", "coordinates": [ 139.05068, 36.35367 ] } },
{ "type": "Feature", "properties": { "ID": 1022100001747, "正式名称": "平井皮膚科医院", "機関区分": 2, "都道府県コード": 10, "市区町村コード": 206, "所在地": "群馬県沼田市恩田町３５３", "緯度": 36.657832, "経度": 139.022057, "url": "https://www.iryou.teikyouseido.mhlw.go.jp/znk-web/juminkanja/S2430/initialize?prefCd=10&kikanCd=2100001747&kikanKbn=2", "url2": "http://umakun.grupo.jp/", "内容": "平井皮膚科医院【2:診療所】【診療科目:皮膚科】群馬県沼田市恩田町３５３" }, "geometry": { "type": "Point", "coordinates": [ 139.022057, 36.657832 ] } },
{ "type": "Feature", "properties": { "ID": 1022100001748, "正式名称": "安堀太田町クリニック", "機関区分": 2, "都道府県コード": 10, "市区町村コード": 204, "所在地": "群馬県伊勢崎市安堀町１９０４ー５", "緯度": 36.331703, "経度": 139.186253, "url": "https://www.iryou.teikyouseido.mhlw.go.jp/znk-web/juminkanja/S2430/initialize?prefCd=10&kikanCd=2100001748&kikanKbn=2", "url2": "http://ao-clinic.jp/", "内容": "安堀太田町クリニック【2:診療所】【診療科目:内科_循環器内科_消化器内科_外科_整形外科_皮膚科】群馬県伊勢崎市安堀町１９０４ー５" }, "geometry": { "type": "Point", "coordinates": [ 139.186253, 36.331703 ] } },
{ "type": "Feature", "properties": { "ID": 1022100001749, "正式名称": "医療法人社団　もりむら内科", "機関区分": 2, "都道府県コード": 10, "市区町村コード": 204, "所在地": "群馬県伊勢崎市連取町３６４ー２", "緯度": 36.321565, "経度": 139.173338, "url": "https://www.iryou.teikyouseido.mhlw.go.jp/znk-web/juminkanja/S2430/initialize?prefCd=10&kikanCd=2100001749&kikanKbn=2", "url2": "https://www.morimura-clinic.com", "内容": "医療法人社団　もりむら内科【2:診療所】【診療科目:内科_糖尿病内科_漢方内科】群馬県伊勢崎市連取町３６４ー２" }, "geometry": { "type": "Point", "coordinates": [ 139.173338, 36.321565 ] } },
{ "type": "Feature", "properties": { "ID": 1022100001751, "正式名称": "八幡クリニック", "機関区分": 2, "都道府県コード": 10, "市区町村コード": 205, "所在地": "群馬県太田市八幡町２７番７号", "緯度": 36.298883, "経度": 139.368042, "url": "https://www.iryou.teikyouseido.mhlw.go.jp/znk-web/juminkanja/S2430/initialize?prefCd=10&kikanCd=2100001751&kikanKbn=2", "url2": "http://www.gunma-doujinkai.or.jp/yclinic/", "内容": "八幡クリニック【2:診療所】【診療科目:耳鼻いんこう科】群馬県太田市八幡町２７番７号" }, "geometry": { "type": "Point", "coordinates": [ 139.368042, 36.298883 ] } },
{ "type": "Feature", "properties": { "ID": 1022100001752, "正式名称": "さるや内科医院", "機関区分": 2, "都道府県コード": 10, "市区町村コード": 211, "所在地": "群馬県安中市松井田町人見１１０４ー１", "緯度": 36.300505, "経度": 138.81898, "url": "https://www.iryou.teikyouseido.mhlw.go.jp/znk-web/juminkanja/S2430/initialize?prefCd=10&kikanCd=2100001752&kikanKbn=2", "url2": "http://saruya-clinic.jp/", "内容": "さるや内科医院【2:診療所】【診療科目:内科】群馬県安中市松井田町人見１１０４ー１" }, "geometry": { "type": "Point", "coordinates": [ 138.81898, 36.300505 ] } },
{ "type": "Feature", "properties": { "ID": 1022100001753, "正式名称": "上中居整形外科医院", "機関区分": 2, "都道府県コード": 10, "市区町村コード": 202, "所在地": "群馬県高崎市上中居町１５３５－６", "緯度": 36.322688, "経度": 139.029929, "url": "https://www.iryou.teikyouseido.mhlw.go.jp/znk-web/juminkanja/S2430/initialize?prefCd=10&kikanCd=2100001753&kikanKbn=2", "url2": "http://kaminakai-s.byoinnavi.jp/", "内容": "上中居整形外科医院【2:診療所】【診療科目:整形外科】群馬県高崎市上中居町１５３５－６" }, "geometry": { "type": "Point", "coordinates": [ 139.029929, 36.322688 ] } },
{ "type": "Feature", "properties": { "ID": 1022100001756, "正式名称": "医療法人　中央樹会　いわさき内科・皮ふ科", "機関区分": 2, "都道府県コード": 10, "市区町村コード": 201, "所在地": "群馬県前橋市稲荷新田町２２２ー８", "緯度": 36.358689, "経度": 139.049116, "url": "https://www.iryou.teikyouseido.mhlw.go.jp/znk-web/juminkanja/S2430/initialize?prefCd=10&kikanCd=2100001756&kikanKbn=2", "url2": "http://iwasaki-nh.com", "内容": "医療法人　中央樹会　いわさき内科・皮ふ科【2:診療所】【診療科目:内科_呼吸器内科_消化器内科_皮膚科_アレルギー科】群馬県前橋市稲荷新田町２２２ー８" }, "geometry": { "type": "Point", "coordinates": [ 139.049116, 36.358689 ] } },
{ "type": "Feature", "properties": { "ID": 1022100001758, "正式名称": "ほしの整形外科クリニック", "機関区分": 2, "都道府県コード": 10, "市区町村コード": 201, "所在地": "群馬県前橋市六供町５ー１９ー１", "緯度": 36.368855, "経度": 139.07724, "url": "https://www.iryou.teikyouseido.mhlw.go.jp/znk-web/juminkanja/S2430/initialize?prefCd=10&kikanCd=2100001758&kikanKbn=2", "url2": null, "内容": "ほしの整形外科クリニック【2:診療所】【診療科目:整形外科】群馬県前橋市六供町５ー１９ー１" }, "geometry": { "type": "Point", "coordinates": [ 139.07724, 36.368855 ] } },
{ "type": "Feature", "properties": { "ID": 1022100001760, "正式名称": "双葉胃腸内科クリニック", "機関区分": 2, "都道府県コード": 10, "市区町村コード": 202, "所在地": "群馬県高崎市双葉町", "緯度": 36.315452, "経度": 139.020657, "url": "https://www.iryou.teikyouseido.mhlw.go.jp/znk-web/juminkanja/S2430/initialize?prefCd=10&kikanCd=2100001760&kikanKbn=2", "url2": "http://www..futaba-ichonaika.com", "内容": "双葉胃腸内科クリニック【2:診療所】【診療科目:内科_胃腸内科_外科】群馬県高崎市双葉町" }, "geometry": { "type": "Point", "coordinates": [ 139.020657, 36.315452 ] } },
{ "type": "Feature", "properties": { "ID": 1022100001761, "正式名称": "医療法人エスポワール　下之城眼科クリニック", "機関区分": 2, "都道府県コード": 10, "市区町村コード": 202, "所在地": "群馬県高崎市下之城町１８４ー３", "緯度": 36.308314, "経度": 139.030823, "url": "https://www.iryou.teikyouseido.mhlw.go.jp/znk-web/juminkanja/S2430/initialize?prefCd=10&kikanCd=2100001761&kikanKbn=2", "url2": "http://shimonojo-eyeclinic.jp", "内容": "医療法人エスポワール　下之城眼科クリニック【2:診療所】【診療科目:眼科】群馬県高崎市下之城町１８４ー３" }, "geometry": { "type": "Point", "coordinates": [ 139.030823, 36.308314 ] } },
{ "type": "Feature", "properties": { "ID": 1022100001762, "正式名称": "じゅん内科", "機関区分": 2, "都道府県コード": 10, "市区町村コード": 202, "所在地": "群馬県高崎市井出町", "緯度": 36.376644, "経度": 138.98933, "url": "https://www.iryou.teikyouseido.mhlw.go.jp/znk-web/juminkanja/S2430/initialize?prefCd=10&kikanCd=2100001762&kikanKbn=2", "url2": "http://jun-naika.jp/index.html", "内容": "じゅん内科【2:診療所】【診療科目:内科_糖尿病内科】群馬県高崎市井出町" }, "geometry": { "type": "Point", "coordinates": [ 138.98933, 36.376644 ] } },
{ "type": "Feature", "properties": { "ID": 1022100001764, "正式名称": "医療法人県央会県央医科歯科クリニック", "機関区分": 2, "都道府県コード": 10, "市区町村コード": 202, "所在地": "群馬県高崎市中泉町６１０－２", "緯度": 36.371524, "経度": 139.003055, "url": "https://www.iryou.teikyouseido.mhlw.go.jp/znk-web/juminkanja/S2430/initialize?prefCd=10&kikanCd=2100001764&kikanKbn=2", "url2": "https://www.kenou-clinic.jp/", "内容": "医療法人県央会県央医科歯科クリニック【2:診療所】【診療科目:内科_消化器内科_胃腸内科_外科_肛門外科_整形外科_歯科_矯正歯科_歯科口腔外科_小児歯科】群馬県高崎市中泉町６１０－２" }, "geometry": { "type": "Point", "coordinates": [ 139.003055, 36.371524 ] } },
{ "type": "Feature", "properties": { "ID": 1022100001765, "正式名称": "稲村クリニックアレルギー・呼吸器内科", "機関区分": 2, "都道府県コード": 10, "市区町村コード": 202, "所在地": "群馬県高崎市南大類町１２４１－５", "緯度": 36.327339, "経度": 139.038294, "url": "https://www.iryou.teikyouseido.mhlw.go.jp/znk-web/juminkanja/S2430/initialize?prefCd=10&kikanCd=2100001765&kikanKbn=2", "url2": "http://www.inamura.byouinnavi.jp/pc/", "内容": "稲村クリニックアレルギー・呼吸器内科【2:診療所】【診療科目:内科_呼吸器内科_アレルギー科】群馬県高崎市南大類町１２４１－５" }, "geometry": { "type": "Point", "coordinates": [ 139.038294, 36.327339 ] } },
{ "type": "Feature", "properties": { "ID": 1022100001766, "正式名称": "まゆずみ眼科医院", "機関区分": 2, "都道府県コード": 10, "市区町村コード": 202, "所在地": "群馬県高崎市日高町字中堀添４０３ー２", "緯度": 36.362363, "経度": 139.030709, "url": "https://www.iryou.teikyouseido.mhlw.go.jp/znk-web/juminkanja/S2430/initialize?prefCd=10&kikanCd=2100001766&kikanKbn=2", "url2": "https://mayuzumico.jp/", "内容": "まゆずみ眼科医院【2:診療所】【診療科目:眼科】群馬県高崎市日高町字中堀添４０３ー２" }, "geometry": { "type": "Point", "coordinates": [ 139.030709, 36.362363 ] } },
{ "type": "Feature", "properties": { "ID": 1022100001769, "正式名称": "医療法人多聞会　たかさき耳鼻咽喉科", "機関区分": 2, "都道府県コード": 10, "市区町村コード": 202, "所在地": "群馬県高崎市上大類町１２７７ー１", "緯度": 36.340671, "経度": 139.030849, "url": "https://www.iryou.teikyouseido.mhlw.go.jp/znk-web/juminkanja/S2430/initialize?prefCd=10&kikanCd=2100001769&kikanKbn=2", "url2": "http://www.takasaki-ent.jp/", "内容": "医療法人多聞会　たかさき耳鼻咽喉科【2:診療所】【診療科目:小児耳鼻いんこう科_耳鼻いんこう科】群馬県高崎市上大類町１２７７ー１" }, "geometry": { "type": "Point", "coordinates": [ 139.030849, 36.340671 ] } },
{ "type": "Feature", "properties": { "ID": 1022100001770, "正式名称": "ほのぼの診療所", "機関区分": 2, "都道府県コード": 10, "市区町村コード": 202, "所在地": "群馬県高崎市八千代町１－１７－１５", "緯度": 36.323339, "経度": 138.990853, "url": "https://www.iryou.teikyouseido.mhlw.go.jp/znk-web/juminkanja/S2430/initialize?prefCd=10&kikanCd=2100001770&kikanKbn=2", "url2": "http://honobonoclinic.jimdo.com/", "内容": "ほのぼの診療所【2:診療所】【診療科目:内科】群馬県高崎市八千代町１－１７－１５" }, "geometry": { "type": "Point", "coordinates": [ 138.990853, 36.323339 ] } },
{ "type": "Feature", "properties": { "ID": 1022100001771, "正式名称": "医療法人あだち整形外科", "機関区分": 2, "都道府県コード": 10, "市区町村コード": 208, "所在地": "群馬県渋川市金井田中７７０ー１", "緯度": 36.501375, "経度": 138.949321, "url": "https://www.iryou.teikyouseido.mhlw.go.jp/znk-web/juminkanja/S2430/initialize?prefCd=10&kikanCd=2100001771&kikanKbn=2", "url2": "http://www.adachi-seikei.jp/", "内容": "医療法人あだち整形外科【2:診療所】【診療科目:整形外科_リウマチ科_リハビリテーション科】群馬県渋川市金井田中７７０ー１" }, "geometry": { "type": "Point", "coordinates": [ 138.949321, 36.501375 ] } },
{ "type": "Feature", "properties": { "ID": 1022100001772, "正式名称": "ふるまき内科医院", "機関区分": 2, "都道府県コード": 10, "市区町村コード": 208, "所在地": "群馬県渋川市八木原１１２９ー１", "緯度": 36.468157, "経度": 139.014678, "url": "https://www.iryou.teikyouseido.mhlw.go.jp/znk-web/juminkanja/S2430/initialize?prefCd=10&kikanCd=2100001772&kikanKbn=2", "url2": null, "内容": "ふるまき内科医院【2:診療所】【診療科目:内科_呼吸器内科_循環器内科】群馬県渋川市八木原１１２９ー１" }, "geometry": { "type": "Point", "coordinates": [ 139.014678, 36.468157 ] } },
{ "type": "Feature", "properties": { "ID": 1022100001776, "正式名称": "あかぼり高橋内科", "機関区分": 2, "都道府県コード": 10, "市区町村コード": 204, "所在地": "群馬県伊勢崎市西久保町１丁目１３６１", "緯度": 36.380059, "経度": 139.225942, "url": "https://www.iryou.teikyouseido.mhlw.go.jp/znk-web/juminkanja/S2430/initialize?prefCd=10&kikanCd=2100001776&kikanKbn=2", "url2": "http://isesakisawa.gunma.med.or.jp/map/individual/akabori-takahashi.htm", "内容": "あかぼり高橋内科【2:診療所】【診療科目:内科_糖尿病内科】群馬県伊勢崎市西久保町１丁目１３６１" }, "geometry": { "type": "Point", "coordinates": [ 139.225942, 36.380059 ] } },
{ "type": "Feature", "properties": { "ID": 1022100001779, "正式名称": "会田医院", "機関区分": 2, "都道府県コード": 10, "市区町村コード": 212, "所在地": "群馬県みどり市大間々町大間々１０６３", "緯度": 36.430694, "経度": 139.27613, "url": "https://www.iryou.teikyouseido.mhlw.go.jp/znk-web/juminkanja/S2430/initialize?prefCd=10&kikanCd=2100001779&kikanKbn=2", "url2": null, "内容": "会田医院【2:診療所】【診療科目:内科_胃腸内科_肛門外科_整形外科_アレルギー科】群馬県みどり市大間々町大間々１０６３" }, "geometry": { "type": "Point", "coordinates": [ 139.27613, 36.430694 ] } },
{ "type": "Feature", "properties": { "ID": 1022100001781, "正式名称": "医療法人慶真会　前橋脳外科クリニック", "機関区分": 2, "都道府県コード": 10, "市区町村コード": 201, "所在地": "群馬県前橋市東片貝町７２０番地", "緯度": 36.381836, "経度": 139.102101, "url": "https://www.iryou.teikyouseido.mhlw.go.jp/znk-web/juminkanja/S2430/initialize?prefCd=10&kikanCd=2100001781&kikanKbn=2", "url2": "https://www.maebashi-nouge.com/", "内容": "医療法人慶真会　前橋脳外科クリニック【2:診療所】【診療科目:脳神経外科】群馬県前橋市東片貝町７２０番地" }, "geometry": { "type": "Point", "coordinates": [ 139.102101, 36.381836 ] } },
{ "type": "Feature", "properties": { "ID": 1022100001783, "正式名称": "小児科メイメイくりにっく", "機関区分": 2, "都道府県コード": 10, "市区町村コード": 202, "所在地": "群馬県高崎市下之城町９６１番地", "緯度": 36.304993, "経度": 139.030008, "url": "https://www.iryou.teikyouseido.mhlw.go.jp/znk-web/juminkanja/S2430/initialize?prefCd=10&kikanCd=2100001783&kikanKbn=2", "url2": "http://meimei-c.com/", "内容": "小児科メイメイくりにっく【2:診療所】【診療科目:小児科】群馬県高崎市下之城町９６１番地" }, "geometry": { "type": "Point", "coordinates": [ 139.030008, 36.304993 ] } },
{ "type": "Feature", "properties": { "ID": 1022100001784, "正式名称": "こどもの森診療所", "機関区分": 2, "都道府県コード": 10, "市区町村コード": 202, "所在地": "群馬県高崎市飯塚町７８７－１", "緯度": 36.342371, "経度": 138.99615, "url": "https://www.iryou.teikyouseido.mhlw.go.jp/znk-web/juminkanja/S2430/initialize?prefCd=10&kikanCd=2100001784&kikanKbn=2", "url2": "http://www.kodomono-mori.jp", "内容": "こどもの森診療所【2:診療所】【診療科目:小児科】群馬県高崎市飯塚町７８７－１" }, "geometry": { "type": "Point", "coordinates": [ 138.99615, 36.342371 ] } },
{ "type": "Feature", "properties": { "ID": 1022100001787, "正式名称": "外山内科循環器内科クリニック", "機関区分": 2, "都道府県コード": 10, "市区町村コード": 201, "所在地": "群馬県前橋市荒牧町２ー３３ー９", "緯度": 36.425524, "経度": 139.054149, "url": "https://www.iryou.teikyouseido.mhlw.go.jp/znk-web/juminkanja/S2430/initialize?prefCd=10&kikanCd=2100001787&kikanKbn=2", "url2": "http://www.toyama-clinic.jp", "内容": "外山内科循環器内科クリニック【2:診療所】【診療科目:内科_糖尿病内科_呼吸器内科_循環器内科】群馬県前橋市荒牧町２ー３３ー９" }, "geometry": { "type": "Point", "coordinates": [ 139.054149, 36.425524 ] } },
{ "type": "Feature", "properties": { "ID": 1022100001788, "正式名称": "高崎健康福祉大学附属クリニック", "機関区分": 2, "都道府県コード": 10, "市区町村コード": 202, "所在地": "群馬県高崎市南大類町２００－２", "緯度": 36.323901, "経度": 139.053901, "url": "https://www.iryou.teikyouseido.mhlw.go.jp/znk-web/juminkanja/S2430/initialize?prefCd=10&kikanCd=2100001788&kikanKbn=2", "url2": "https://www.kendai-clinic.jp", "内容": "高崎健康福祉大学附属クリニック【2:診療所】【診療科目:内科_整形外科_リハビリテーション科】群馬県高崎市南大類町２００－２" }, "geometry": { "type": "Point", "coordinates": [ 139.053901, 36.323901 ] } },
{ "type": "Feature", "properties": { "ID": 1022100001789, "正式名称": "医療法人みずの会みずの神経内科・内科クリニック", "機関区分": 2, "都道府県コード": 10, "市区町村コード": 202, "所在地": "群馬県高崎市倉賀野町６４４２", "緯度": 36.299398, "経度": 139.041767, "url": "https://www.iryou.teikyouseido.mhlw.go.jp/znk-web/juminkanja/S2430/initialize?prefCd=10&kikanCd=2100001789&kikanKbn=2", "url2": "https://www.mizuno-shinkeinaika.jp/", "内容": "医療法人みずの会みずの神経内科・内科クリニック【2:診療所】【診療科目:内科_神経内科】群馬県高崎市倉賀野町６４４２" }, "geometry": { "type": "Point", "coordinates": [ 139.041767, 36.299398 ] } },
{ "type": "Feature", "properties": { "ID": 1022100001790, "正式名称": "さいとう内科クリニック", "機関区分": 2, "都道府県コード": 10, "市区町村コード": 212, "所在地": "群馬県みどり市笠懸町久宮１６４－１２", "緯度": 36.379547, "経度": 139.28634, "url": "https://www.iryou.teikyouseido.mhlw.go.jp/znk-web/juminkanja/S2430/initialize?prefCd=10&kikanCd=2100001790&kikanKbn=2", "url2": "http://www.saitohnaika.com/", "内容": "さいとう内科クリニック【2:診療所】【診療科目:内科_糖尿病内科_循環器内科】群馬県みどり市笠懸町久宮１６４－１２" }, "geometry": { "type": "Point", "coordinates": [ 139.28634, 36.379547 ] } },
{ "type": "Feature", "properties": { "ID": 1022100001791, "正式名称": "野村クリニック", "機関区分": 2, "都道府県コード": 10, "市区町村コード": 205, "所在地": "群馬県太田市古戸町９５７番地４", "緯度": 36.247771, "経度": 139.378075, "url": "https://www.iryou.teikyouseido.mhlw.go.jp/znk-web/juminkanja/S2430/initialize?prefCd=10&kikanCd=2100001791&kikanKbn=2", "url2": "http://nomura-clinic-ota.com/", "内容": "野村クリニック【2:診療所】【診療科目:内科_脳神経内科】群馬県太田市古戸町９５７番地４" }, "geometry": { "type": "Point", "coordinates": [ 139.378075, 36.247771 ] } },
{ "type": "Feature", "properties": { "ID": 1022100001792, "正式名称": "はまだクリニック", "機関区分": 2, "都道府県コード": 10, "市区町村コード": 207, "所在地": "群馬県館林市赤土町１１９ー２", "緯度": 36.242051, "経度": 139.517785, "url": "https://www.iryou.teikyouseido.mhlw.go.jp/znk-web/juminkanja/S2430/initialize?prefCd=10&kikanCd=2100001792&kikanKbn=2", "url2": "http://www.hamada-clinic.jp/", "内容": "はまだクリニック【2:診療所】【診療科目:内科_消化器内科_肝臓内科】群馬県館林市赤土町１１９ー２" }, "geometry": { "type": "Point", "coordinates": [ 139.517785, 36.242051 ] } },
{ "type": "Feature", "properties": { "ID": 1022100001796, "正式名称": "城田医院", "機関区分": 2, "都道府県コード": 10, "市区町村コード": 211, "所在地": "群馬県安中市磯部１ー１９ー４", "緯度": 36.299695, "経度": 138.849492, "url": "https://www.iryou.teikyouseido.mhlw.go.jp/znk-web/juminkanja/S2430/initialize?prefCd=10&kikanCd=2100001796&kikanKbn=2", "url2": null, "内容": "城田医院【2:診療所】【診療科目:内科_消化器内科】群馬県安中市磯部１ー１９ー４" }, "geometry": { "type": "Point", "coordinates": [ 138.849492, 36.299695 ] } },
{ "type": "Feature", "properties": { "ID": 1022100001798, "正式名称": "医療法人社団三思医光会森の診療所", "機関区分": 2, "都道府県コード": 10, "市区町村コード": 203, "所在地": "群馬県桐生市広沢町二丁目３２０８－１", "緯度": 36.390611, "経度": 139.321082, "url": "https://www.iryou.teikyouseido.mhlw.go.jp/znk-web/juminkanja/S2430/initialize?prefCd=10&kikanCd=2100001798&kikanKbn=2", "url2": null, "内容": "医療法人社団三思医光会森の診療所【2:診療所】【診療科目:内科】群馬県桐生市広沢町二丁目３２０８－１" }, "geometry": { "type": "Point", "coordinates": [ 139.321082, 36.390611 ] } },
{ "type": "Feature", "properties": { "ID": 1022100001799, "正式名称": "医療法人社団協友会前橋中央眼科", "機関区分": 2, "都道府県コード": 10, "市区町村コード": 201, "所在地": "群馬県前橋市下小出町２－５４－５", "緯度": 36.413234, "経度": 139.061321, "url": "https://www.iryou.teikyouseido.mhlw.go.jp/znk-web/juminkanja/S2430/initialize?prefCd=10&kikanCd=2100001799&kikanKbn=2", "url2": "http://www.maebashi-eye.jp", "内容": "医療法人社団協友会前橋中央眼科【2:診療所】【診療科目:眼科】群馬県前橋市下小出町２－５４－５" }, "geometry": { "type": "Point", "coordinates": [ 139.061321, 36.413234 ] } },
{ "type": "Feature", "properties": { "ID": 1022100001801, "正式名称": "新前橋眼科クリニック", "機関区分": 2, "都道府県コード": 10, "市区町村コード": 201, "所在地": "群馬県前橋市新前橋町２６ー７ヤマコビル６階", "緯度": 36.379288, "経度": 139.04942, "url": "https://www.iryou.teikyouseido.mhlw.go.jp/znk-web/juminkanja/S2430/initialize?prefCd=10&kikanCd=2100001801&kikanKbn=2", "url2": null, "内容": "新前橋眼科クリニック【2:診療所】【診療科目:眼科】群馬県前橋市新前橋町２６ー７ヤマコビル６階" }, "geometry": { "type": "Point", "coordinates": [ 139.04942, 36.379288 ] } },
{ "type": "Feature", "properties": { "ID": 1022100001802, "正式名称": "フォレスト整形外科スポーツクリニック", "機関区分": 2, "都道府県コード": 10, "市区町村コード": 201, "所在地": "群馬県前橋市古市町１８０－１フォレストモール新前橋内", "緯度": 36.376089, "経度": 139.045535, "url": "https://www.iryou.teikyouseido.mhlw.go.jp/znk-web/juminkanja/S2430/initialize?prefCd=10&kikanCd=2100001802&kikanKbn=2", "url2": "http://www.forespo.com", "内容": "フォレスト整形外科スポーツクリニック【2:診療所】【診療科目:整形外科_リハビリテーション科】群馬県前橋市古市町１８０－１フォレストモール新前橋内" }, "geometry": { "type": "Point", "coordinates": [ 139.045535, 36.376089 ] } },
{ "type": "Feature", "properties": { "ID": 1022100001803, "正式名称": "マザーズクリニックＴＡＭＵＲＡ", "機関区分": 2, "都道府県コード": 10, "市区町村コード": 201, "所在地": "群馬県前橋市小屋原町５８４番地１", "緯度": 36.356393, "経度": 139.13227, "url": "https://www.iryou.teikyouseido.mhlw.go.jp/znk-web/juminkanja/S2430/initialize?prefCd=10&kikanCd=2100001803&kikanKbn=2", "url2": "https://www.mc-tamura.jp", "内容": "マザーズクリニックＴＡＭＵＲＡ【2:診療所】【診療科目:産科_婦人科】群馬県前橋市小屋原町５８４番地１" }, "geometry": { "type": "Point", "coordinates": [ 139.13227, 36.356393 ] } },
{ "type": "Feature", "properties": { "ID": 1022100001804, "正式名称": "医療法人明眞会はしづめ診療所", "機関区分": 2, "都道府県コード": 10, "市区町村コード": 201, "所在地": "群馬県前橋市公田町", "緯度": 36.343968, "経度": 139.077094, "url": "https://www.iryou.teikyouseido.mhlw.go.jp/znk-web/juminkanja/S2430/initialize?prefCd=10&kikanCd=2100001804&kikanKbn=2", "url2": "http://hashizumeclinic2015.g2.xrea.com/", "内容": "医療法人明眞会はしづめ診療所【2:診療所】【診療科目:内科_糖尿病内科_消化器内科_肝臓内科_内視鏡内科_アレルギー科】群馬県前橋市公田町" }, "geometry": { "type": "Point", "coordinates": [ 139.077094, 36.343968 ] } },
{ "type": "Feature", "properties": { "ID": 1022100001806, "正式名称": "おおすかこどもクリニック", "機関区分": 2, "都道府県コード": 10, "市区町村コード": 209, "所在地": "群馬県藤岡市藤岡１６７８ー１", "緯度": 36.24069, "経度": 139.076549, "url": "https://www.iryou.teikyouseido.mhlw.go.jp/znk-web/juminkanja/S2430/initialize?prefCd=10&kikanCd=2100001806&kikanKbn=2", "url2": "http://oosuka-kids-clinic.com/", "内容": "おおすかこどもクリニック【2:診療所】【診療科目:小児科】群馬県藤岡市藤岡１６７８ー１" }, "geometry": { "type": "Point", "coordinates": [ 139.076549, 36.24069 ] } },
{ "type": "Feature", "properties": { "ID": 1022100001808, "正式名称": "六合診療所赤岩出張所", "機関区分": 2, "都道府県コード": 10, "市区町村コード": 421, "所在地": "群馬県吾妻郡中之条町大字赤岩１９５", "緯度": 36.578239, "経度": 138.626583, "url": "https://www.iryou.teikyouseido.mhlw.go.jp/znk-web/juminkanja/S2430/initialize?prefCd=10&kikanCd=2100001808&kikanKbn=2", "url2": "http://www.jadecom.or.jp/jadecomhp/kuni/", "内容": "六合診療所赤岩出張所【2:診療所】【診療科目:内科_小児科】群馬県吾妻郡中之条町大字赤岩１９５" }, "geometry": { "type": "Point", "coordinates": [ 138.626583, 36.578239 ] } },
{ "type": "Feature", "properties": { "ID": 1022100001809, "正式名称": "医療法人　ＫＵＢＯＴＡ　　太田ハートクリニック", "機関区分": 2, "都道府県コード": 10, "市区町村コード": 205, "所在地": "群馬県太田市藤阿久町３３３－１", "緯度": 36.287041, "経度": 139.360052, "url": "https://www.iryou.teikyouseido.mhlw.go.jp/znk-web/juminkanja/S2430/initialize?prefCd=10&kikanCd=2100001809&kikanKbn=2", "url2": "https:///www.otaheart.jp", "内容": "医療法人　ＫＵＢＯＴＡ　　太田ハートクリニック【2:診療所】【診療科目:内科_循環器内科】群馬県太田市藤阿久町３３３－１" }, "geometry": { "type": "Point", "coordinates": [ 139.360052, 36.287041 ] } },
{ "type": "Feature", "properties": { "ID": 1022100001810, "正式名称": "なないろこどもクリニック", "機関区分": 2, "都道府県コード": 10, "市区町村コード": 205, "所在地": "群馬県太田市龍舞町１７９９－２", "緯度": 36.280996, "経度": 139.409959, "url": "https://www.iryou.teikyouseido.mhlw.go.jp/znk-web/juminkanja/S2430/initialize?prefCd=10&kikanCd=2100001810&kikanKbn=2", "url2": "https://www.nanairo-kodomo.jp/", "内容": "なないろこどもクリニック【2:診療所】【診療科目:小児科_アレルギー科】群馬県太田市龍舞町１７９９－２" }, "geometry": { "type": "Point", "coordinates": [ 139.409959, 36.280996 ] } },
{ "type": "Feature", "properties": { "ID": 1022100001814, "正式名称": "森田クリニック", "機関区分": 2, "都道府県コード": 10, "市区町村コード": 202, "所在地": "群馬県高崎市浜川町２７８－１", "緯度": 36.368863, "経度": 138.97649, "url": "https://www.iryou.teikyouseido.mhlw.go.jp/znk-web/juminkanja/S2430/initialize?prefCd=10&kikanCd=2100001814&kikanKbn=2", "url2": "https://www.moritaclinic.jp/", "内容": "森田クリニック【2:診療所】【診療科目:内科_消化器内科_外科】群馬県高崎市浜川町２７８－１" }, "geometry": { "type": "Point", "coordinates": [ 138.97649, 36.368863 ] } },
{ "type": "Feature", "properties": { "ID": 1022100001816, "正式名称": "医療法人石井会渋川伊香保分院", "機関区分": 2, "都道府県コード": 10, "市区町村コード": 208, "所在地": "群馬県渋川市中村１１６－１", "緯度": 36.482683, "経度": 139.012764, "url": "https://www.iryou.teikyouseido.mhlw.go.jp/znk-web/juminkanja/S2430/initialize?prefCd=10&kikanCd=2100001816&kikanKbn=2", "url2": "http://www.ishii.or.jp/branch/", "内容": "医療法人石井会渋川伊香保分院【2:診療所】【診療科目:整形外科_形成外科_皮膚科_リハビリテーション科】群馬県渋川市中村１１６－１" }, "geometry": { "type": "Point", "coordinates": [ 139.012764, 36.482683 ] } },
{ "type": "Feature", "properties": { "ID": 1022100001818, "正式名称": "医療法人　こいそ整形外科クリニック", "機関区分": 2, "都道府県コード": 10, "市区町村コード": 205, "所在地": "群馬県太田市龍舞町１７９９－１０", "緯度": 36.281311, "経度": 139.409656, "url": "https://www.iryou.teikyouseido.mhlw.go.jp/znk-web/juminkanja/S2430/initialize?prefCd=10&kikanCd=2100001818&kikanKbn=2", "url2": "https://www.koiso-cl.com", "内容": "医療法人　こいそ整形外科クリニック【2:診療所】【診療科目:整形外科_リウマチ科_リハビリテーション科】群馬県太田市龍舞町１７９９－１０" }, "geometry": { "type": "Point", "coordinates": [ 139.409656, 36.281311 ] } },
{ "type": "Feature", "properties": { "ID": 1022100001819, "正式名称": "あいメンタルクリニック", "機関区分": 2, "都道府県コード": 10, "市区町村コード": 205, "所在地": "群馬県太田市龍舞町５６８８ー２", "緯度": 36.272411, "経度": 139.416401, "url": "https://www.iryou.teikyouseido.mhlw.go.jp/znk-web/juminkanja/S2430/initialize?prefCd=10&kikanCd=2100001819&kikanKbn=2", "url2": "http://www.aimental.jp", "内容": "あいメンタルクリニック【2:診療所】【診療科目:精神科_心療内科】群馬県太田市龍舞町５６８８ー２" }, "geometry": { "type": "Point", "coordinates": [ 139.416401, 36.272411 ] } },
{ "type": "Feature", "properties": { "ID": 1022100001820, "正式名称": "太田糖尿病クリニック", "機関区分": 2, "都道府県コード": 10, "市区町村コード": 205, "所在地": "群馬県太田市南矢島町９０７－１", "緯度": 36.267236, "経度": 139.378157, "url": "https://www.iryou.teikyouseido.mhlw.go.jp/znk-web/juminkanja/S2430/initialize?prefCd=10&kikanCd=2100001820&kikanKbn=2", "url2": "https://www.ootadiabetesclinic.com", "内容": "太田糖尿病クリニック【2:診療所】【診療科目:内科_糖尿病内科_腎臓内科_人工透析内科】群馬県太田市南矢島町９０７－１" }, "geometry": { "type": "Point", "coordinates": [ 139.378157, 36.267236 ] } },
{ "type": "Feature", "properties": { "ID": 1022100001821, "正式名称": "戸井田医院", "機関区分": 2, "都道府県コード": 10, "市区町村コード": 201, "所在地": "群馬県前橋市表町１ー２２ー２", "緯度": 36.38624, "経度": 139.07254, "url": "https://www.iryou.teikyouseido.mhlw.go.jp/znk-web/juminkanja/S2430/initialize?prefCd=10&kikanCd=2100001821&kikanKbn=2", "url2": null, "内容": "戸井田医院【2:診療所】【診療科目:内科】群馬県前橋市表町１ー２２ー２" }, "geometry": { "type": "Point", "coordinates": [ 139.07254, 36.38624 ] } },
{ "type": "Feature", "properties": { "ID": 1022100001824, "正式名称": "原口整形外科医院", "機関区分": 2, "都道府県コード": 10, "市区町村コード": 201, "所在地": "群馬県前橋市総社町総社１１０３ー８", "緯度": 36.40334, "経度": 139.03384, "url": "https://www.iryou.teikyouseido.mhlw.go.jp/znk-web/juminkanja/S2430/initialize?prefCd=10&kikanCd=2100001824&kikanKbn=2", "url2": null, "内容": "原口整形外科医院【2:診療所】【診療科目:整形外科】群馬県前橋市総社町総社１１０３ー８" }, "geometry": { "type": "Point", "coordinates": [ 139.03384, 36.40334 ] } },
{ "type": "Feature", "properties": { "ID": 1022100001829, "正式名称": "いのうえ耳鼻咽喉科医院", "機関区分": 2, "都道府県コード": 10, "市区町村コード": 208, "所在地": "群馬県渋川市有馬１４０－４", "緯度": 36.474117, "経度": 139.008844, "url": "https://www.iryou.teikyouseido.mhlw.go.jp/znk-web/juminkanja/S2430/initialize?prefCd=10&kikanCd=2100001829&kikanKbn=2", "url2": null, "内容": "いのうえ耳鼻咽喉科医院【2:診療所】【診療科目:耳鼻いんこう科】群馬県渋川市有馬１４０－４" }, "geometry": { "type": "Point", "coordinates": [ 139.008844, 36.474117 ] } },
{ "type": "Feature", "properties": { "ID": 1022100001830, "正式名称": "医療法人藤彩会斉藤医院", "機関区分": 2, "都道府県コード": 10, "市区町村コード": 209, "所在地": "群馬県藤岡市藤岡１５４５ー１７", "緯度": 36.247158, "経度": 139.08127, "url": "https://www.iryou.teikyouseido.mhlw.go.jp/znk-web/juminkanja/S2430/initialize?prefCd=10&kikanCd=2100001830&kikanKbn=2", "url2": null, "内容": "医療法人藤彩会斉藤医院【2:診療所】【診療科目:内科_神経科_心療内科】群馬県藤岡市藤岡１５４５ー１７" }, "geometry": { "type": "Point", "coordinates": [ 139.08127, 36.247158 ] } },
{ "type": "Feature", "properties": { "ID": 1022100001832, "正式名称": "平成クリニック", "機関区分": 2, "都道府県コード": 10, "市区町村コード": 464, "所在地": "群馬県佐波郡玉村町上新田１６４８", "緯度": 36.3026, "経度": 139.105661, "url": "https://www.iryou.teikyouseido.mhlw.go.jp/znk-web/juminkanja/S2430/initialize?prefCd=10&kikanCd=2100001832&kikanKbn=2", "url2": null, "内容": "平成クリニック【2:診療所】【診療科目:内科】群馬県佐波郡玉村町上新田１６４８" }, "geometry": { "type": "Point", "coordinates": [ 139.105661, 36.3026 ] } },
{ "type": "Feature", "properties": { "ID": 1022100001833, "正式名称": "岡田内科医院", "機関区分": 2, "都道府県コード": 10, "市区町村コード": 204, "所在地": "群馬県伊勢崎市波志江町４１１４ー２", "緯度": 36.352238, "経度": 139.18857, "url": "https://www.iryou.teikyouseido.mhlw.go.jp/znk-web/juminkanja/S2430/initialize?prefCd=10&kikanCd=2100001833&kikanKbn=2", "url2": null, "内容": "岡田内科医院【2:診療所】【診療科目:内科_呼吸器内科_循環器内科_胃腸内科_小児科_放射線科】群馬県伊勢崎市波志江町４１１４ー２" }, "geometry": { "type": "Point", "coordinates": [ 139.18857, 36.352238 ] } },
{ "type": "Feature", "properties": { "ID": 1022100001834, "正式名称": "もとじま整形外科・糖尿病内科", "機関区分": 2, "都道府県コード": 10, "市区町村コード": 205, "所在地": "群馬県太田市新野町１１６０", "緯度": 36.301856, "経度": 139.349161, "url": "https://www.iryou.teikyouseido.mhlw.go.jp/znk-web/juminkanja/S2430/initialize?prefCd=10&kikanCd=2100001834&kikanKbn=2", "url2": "http://motojimaclinic.com", "内容": "もとじま整形外科・糖尿病内科【2:診療所】【診療科目:内科_糖尿病内科_整形外科_リハビリテーション科】群馬県太田市新野町１１６０" }, "geometry": { "type": "Point", "coordinates": [ 139.349161, 36.301856 ] } },
{ "type": "Feature", "properties": { "ID": 1022100001839, "正式名称": "かわうち内科クリニック", "機関区分": 2, "都道府県コード": 10, "市区町村コード": 203, "所在地": "群馬県桐生市川内町３－２７７－１", "緯度": 36.429908, "経度": 139.304161, "url": "https://www.iryou.teikyouseido.mhlw.go.jp/znk-web/juminkanja/S2430/initialize?prefCd=10&kikanCd=2100001839&kikanKbn=2", "url2": null, "内容": "かわうち内科クリニック【2:診療所】【診療科目:内科_糖尿病内科】群馬県桐生市川内町３－２７７－１" }, "geometry": { "type": "Point", "coordinates": [ 139.304161, 36.429908 ] } },
{ "type": "Feature", "properties": { "ID": 1022100001842, "正式名称": "医療法人　愛恵会　あいファミリィクリニック太田", "機関区分": 2, "都道府県コード": 10, "市区町村コード": 205, "所在地": "群馬県太田市只上町", "緯度": 36.332681, "経度": 139.395776, "url": "https://www.iryou.teikyouseido.mhlw.go.jp/znk-web/juminkanja/S2430/initialize?prefCd=10&kikanCd=2100001842&kikanKbn=2", "url2": null, "内容": "医療法人　愛恵会　あいファミリィクリニック太田【2:診療所】【診療科目:内科_整形外科_小児科_皮膚科_精神科】群馬県太田市只上町" }, "geometry": { "type": "Point", "coordinates": [ 139.395776, 36.332681 ] } },
{ "type": "Feature", "properties": { "ID": 1022100001843, "正式名称": "おかじょうクリニック", "機関区分": 2, "都道府県コード": 10, "市区町村コード": 202, "所在地": "群馬県高崎市綿貫町１９１８－７", "緯度": 36.312744, "経度": 139.073111, "url": "https://www.iryou.teikyouseido.mhlw.go.jp/znk-web/juminkanja/S2430/initialize?prefCd=10&kikanCd=2100001843&kikanKbn=2", "url2": "http://okajo-clinic.com", "内容": "おかじょうクリニック【2:診療所】【診療科目:内科_腎臓内科_リウマチ科】群馬県高崎市綿貫町１９１８－７" }, "geometry": { "type": "Point", "coordinates": [ 139.073111, 36.312744 ] } },
{ "type": "Feature", "properties": { "ID": 1022100001844, "正式名称": "東京青山クリニック高崎院", "機関区分": 2, "都道府県コード": 10, "市区町村コード": 202, "所在地": "群馬県高崎市八島町２０　２階", "緯度": 36.323056, "経度": 139.010194, "url": "https://www.iryou.teikyouseido.mhlw.go.jp/znk-web/juminkanja/S2430/initialize?prefCd=10&kikanCd=2100001844&kikanKbn=2", "url2": "http://www.tokyoaoyama.com/", "内容": "東京青山クリニック高崎院【2:診療所】【診療科目:形成外科_美容外科_皮膚科】群馬県高崎市八島町２０　２階" }, "geometry": { "type": "Point", "coordinates": [ 139.010194, 36.323056 ] } },
{ "type": "Feature", "properties": { "ID": 1022100001847, "正式名称": "二之沢前橋クリニック", "機関区分": 2, "都道府県コード": 10, "市区町村コード": 201, "所在地": "群馬県前橋市岩神町２丁目４ー７", "緯度": 36.402762, "経度": 139.058386, "url": "https://www.iryou.teikyouseido.mhlw.go.jp/znk-web/juminkanja/S2430/initialize?prefCd=10&kikanCd=2100001847&kikanKbn=2", "url2": null, "内容": "二之沢前橋クリニック【2:診療所】【診療科目:呼吸器内科】群馬県前橋市岩神町２丁目４ー７" }, "geometry": { "type": "Point", "coordinates": [ 139.058386, 36.402762 ] } },
{ "type": "Feature", "properties": { "ID": 1022100001853, "正式名称": "石橋統合医療クリニック", "機関区分": 2, "都道府県コード": 10, "市区町村コード": 201, "所在地": "群馬県前橋市文京町３ー２１ー９", "緯度": 36.377605, "経度": 139.0781, "url": "https://www.iryou.teikyouseido.mhlw.go.jp/znk-web/juminkanja/S2430/initialize?prefCd=10&kikanCd=2100001853&kikanKbn=2", "url2": null, "内容": "石橋統合医療クリニック【2:診療所】【診療科目:内科_漢方内科】群馬県前橋市文京町３ー２１ー９" }, "geometry": { "type": "Point", "coordinates": [ 139.0781, 36.377605 ] } },
{ "type": "Feature", "properties": { "ID": 1022100001854, "正式名称": "仁泉堂医院", "機関区分": 2, "都道府県コード": 10, "市区町村コード": 201, "所在地": "群馬県前橋市昭和町３－１２－１１行方ビル１階", "緯度": 36.404964, "経度": 139.065231, "url": "https://www.iryou.teikyouseido.mhlw.go.jp/znk-web/juminkanja/S2430/initialize?prefCd=10&kikanCd=2100001854&kikanKbn=2", "url2": "https://jinsendo.stars.ne.jp/", "内容": "仁泉堂医院【2:診療所】【診療科目:精神科】群馬県前橋市昭和町３－１２－１１行方ビル１階" }, "geometry": { "type": "Point", "coordinates": [ 139.065231, 36.404964 ] } },
{ "type": "Feature", "properties": { "ID": 1022100001855, "正式名称": "耳鼻咽喉科とよだクリニック", "機関区分": 2, "都道府県コード": 10, "市区町村コード": 201, "所在地": "群馬県前橋市駒形町５７７ー１", "緯度": 36.34189, "経度": 139.1414, "url": "https://www.iryou.teikyouseido.mhlw.go.jp/znk-web/juminkanja/S2430/initialize?prefCd=10&kikanCd=2100001855&kikanKbn=2", "url2": "http://www.toyoda-cl.co.jp", "内容": "耳鼻咽喉科とよだクリニック【2:診療所】【診療科目:耳鼻いんこう科】群馬県前橋市駒形町５７７ー１" }, "geometry": { "type": "Point", "coordinates": [ 139.1414, 36.34189 ] } },
{ "type": "Feature", "properties": { "ID": 1022100001858, "正式名称": "緩和ケア萬田診療所", "機関区分": 2, "都道府県コード": 10, "市区町村コード": 201, "所在地": "群馬県前橋市総社町総社１０７０ー１", "緯度": 36.40334, "経度": 139.03384, "url": "https://www.iryou.teikyouseido.mhlw.go.jp/znk-web/juminkanja/S2430/initialize?prefCd=10&kikanCd=2100001858&kikanKbn=2", "url2": "http://www.kanwamanda.com/", "内容": "緩和ケア萬田診療所【2:診療所】【診療科目:緩和ケア内科】群馬県前橋市総社町総社１０７０ー１" }, "geometry": { "type": "Point", "coordinates": [ 139.03384, 36.40334 ] } },
{ "type": "Feature", "properties": { "ID": 1022100001859, "正式名称": "医療法人社団泰峰会しんじょう整形外科クリニック", "機関区分": 2, "都道府県コード": 10, "市区町村コード": 207, "所在地": "群馬県館林市富士見町１５－３７", "緯度": 36.241456, "経度": 139.524322, "url": "https://www.iryou.teikyouseido.mhlw.go.jp/znk-web/juminkanja/S2430/initialize?prefCd=10&kikanCd=2100001859&kikanKbn=2", "url2": "http://www.shinjo-seikei.com/", "内容": "医療法人社団泰峰会しんじょう整形外科クリニック【2:診療所】【診療科目:整形外科_リウマチ科_リハビリテーション科】群馬県館林市富士見町１５－３７" }, "geometry": { "type": "Point", "coordinates": [ 139.524322, 36.241456 ] } },
{ "type": "Feature", "properties": { "ID": 1022100001860, "正式名称": "あやこまごころ診療所", "機関区分": 2, "都道府県コード": 10, "市区町村コード": 211, "所在地": "群馬県安中市磯部４丁目１３ー１８", "緯度": 36.303716, "経度": 138.865544, "url": "https://www.iryou.teikyouseido.mhlw.go.jp/znk-web/juminkanja/S2430/initialize?prefCd=10&kikanCd=2100001860&kikanKbn=2", "url2": "https://ayako-magokoro.com/", "内容": "あやこまごころ診療所【2:診療所】【診療科目:内科_糖尿病内科】群馬県安中市磯部４丁目１３ー１８" }, "geometry": { "type": "Point", "coordinates": [ 138.865544, 36.303716 ] } },
{ "type": "Feature", "properties": { "ID": 1022100001861, "正式名称": "医療法人社団尽徳会　県西在宅クリニック舘林", "機関区分": 2, "都道府県コード": 10, "市区町村コード": 207, "所在地": "群馬県館林市東広内町１１１８－１", "緯度": 36.258289, "経度": 139.542839, "url": "https://www.iryou.teikyouseido.mhlw.go.jp/znk-web/juminkanja/S2430/initialize?prefCd=10&kikanCd=2100001861&kikanKbn=2", "url2": "http://jintoku.net/", "内容": "医療法人社団尽徳会　県西在宅クリニック舘林【2:診療所】【診療科目:内科_精神科_心療内科】群馬県館林市東広内町１１１８－１" }, "geometry": { "type": "Point", "coordinates": [ 139.542839, 36.258289 ] } },
{ "type": "Feature", "properties": { "ID": 1022100001863, "正式名称": "かみおこどもクリニック", "機関区分": 2, "都道府県コード": 10, "市区町村コード": 202, "所在地": "群馬県高崎市台町　３５ー２", "緯度": 36.334894, "経度": 139.000139, "url": "https://www.iryou.teikyouseido.mhlw.go.jp/znk-web/juminkanja/S2430/initialize?prefCd=10&kikanCd=2100001863&kikanKbn=2", "url2": "https://kamiokodomo.clinic/", "内容": "かみおこどもクリニック【2:診療所】【診療科目:小児科】群馬県高崎市台町　３５ー２" }, "geometry": { "type": "Point", "coordinates": [ 139.000139, 36.334894 ] } },
{ "type": "Feature", "properties": { "ID": 1022100001864, "正式名称": "吉岡ちよだ耳鼻咽喉科", "機関区分": 2, "都道府県コード": 10, "市区町村コード": 345, "所在地": "群馬県北群馬郡吉岡町大久保２１７６－１", "緯度": 36.434656, "経度": 139.019972, "url": "https://www.iryou.teikyouseido.mhlw.go.jp/znk-web/juminkanja/S2430/initialize?prefCd=10&kikanCd=2100001864&kikanKbn=2", "url2": "http://yoshichiyo.jp", "内容": "吉岡ちよだ耳鼻咽喉科【2:診療所】【診療科目:耳鼻いんこう科】群馬県北群馬郡吉岡町大久保２１７６－１" }, "geometry": { "type": "Point", "coordinates": [ 139.019972, 36.434656 ] } },
{ "type": "Feature", "properties": { "ID": 1022100001865, "正式名称": "湘南美容クリニック高崎院", "機関区分": 2, "都道府県コード": 10, "市区町村コード": 202, "所在地": "群馬県高崎市八島町７０　ラ・メルセ２階", "緯度": 36.322242, "経度": 139.010341, "url": "https://www.iryou.teikyouseido.mhlw.go.jp/znk-web/juminkanja/S2430/initialize?prefCd=10&kikanCd=2100001865&kikanKbn=2", "url2": "https://www.s-b-c.net/clinic/branch/takasaki/", "内容": "湘南美容クリニック高崎院【2:診療所】【診療科目:美容外科_美容皮膚科】群馬県高崎市八島町７０　ラ・メルセ２階" }, "geometry": { "type": "Point", "coordinates": [ 139.010341, 36.322242 ] } },
{ "type": "Feature", "properties": { "ID": 1022100001866, "正式名称": "医療法人明眞会　はしづめ診療所文京町", "機関区分": 2, "都道府県コード": 10, "市区町村コード": 201, "所在地": "群馬県前橋市文京町", "緯度": 36.377605, "経度": 139.0781, "url": "https://www.iryou.teikyouseido.mhlw.go.jp/znk-web/juminkanja/S2430/initialize?prefCd=10&kikanCd=2100001866&kikanKbn=2", "url2": "https://hashizumeclinic.com/bunkyo/", "内容": "医療法人明眞会　はしづめ診療所文京町【2:診療所】【診療科目:内科_糖尿病内科_呼吸器内科_循環器内科_胃腸内科_肝臓内科_内視鏡内科_アレルギー疾患内科】群馬県前橋市文京町" }, "geometry": { "type": "Point", "coordinates": [ 139.0781, 36.377605 ] } },
{ "type": "Feature", "properties": { "ID": 1022100001867, "正式名称": "医療法人ぐんまスポーツ整形外科", "機関区分": 2, "都道府県コード": 10, "市区町村コード": 201, "所在地": "群馬県前橋市宮地町５７−２", "緯度": 36.344234, "経度": 139.10354, "url": "https://www.iryou.teikyouseido.mhlw.go.jp/znk-web/juminkanja/S2430/initialize?prefCd=10&kikanCd=2100001867&kikanKbn=2", "url2": "https://gun-spo.com/", "内容": "医療法人ぐんまスポーツ整形外科【2:診療所】【診療科目:整形外科_リハビリテーション科】群馬県前橋市宮地町５７−２" }, "geometry": { "type": "Point", "coordinates": [ 139.10354, 36.344234 ] } },
{ "type": "Feature", "properties": { "ID": 1022100001869, "正式名称": "すえまる内科", "機関区分": 2, "都道府県コード": 10, "市区町村コード": 201, "所在地": "群馬県前橋市新堀町１０３８－１", "緯度": 36.329353, "経度": 139.091961, "url": "https://www.iryou.teikyouseido.mhlw.go.jp/znk-web/juminkanja/S2430/initialize?prefCd=10&kikanCd=2100001869&kikanKbn=2", "url2": "http://www.suemaru-clinic.com/", "内容": "すえまる内科【2:診療所】【診療科目:内科_糖尿病内科】群馬県前橋市新堀町１０３８－１" }, "geometry": { "type": "Point", "coordinates": [ 139.091961, 36.329353 ] } },
{ "type": "Feature", "properties": { "ID": 1022100001870, "正式名称": "高崎江木町眼科", "機関区分": 2, "都道府県コード": 10, "市区町村コード": 202, "所在地": "群馬県高崎市江木町１５２８ー１", "緯度": 36.334328, "経度": 139.01991, "url": "https://www.iryou.teikyouseido.mhlw.go.jp/znk-web/juminkanja/S2430/initialize?prefCd=10&kikanCd=2100001870&kikanKbn=2", "url2": null, "内容": "高崎江木町眼科【2:診療所】【診療科目:眼科】群馬県高崎市江木町１５２８ー１" }, "geometry": { "type": "Point", "coordinates": [ 139.01991, 36.334328 ] } },
{ "type": "Feature", "properties": { "ID": 1022100001872, "正式名称": "渡辺医院　心療内科・精神科", "機関区分": 2, "都道府県コード": 10, "市区町村コード": 202, "所在地": "群馬県高崎市八島町１７　イシイビル３Ｆ", "緯度": 36.322631, "経度": 139.010164, "url": "https://www.iryou.teikyouseido.mhlw.go.jp/znk-web/juminkanja/S2430/initialize?prefCd=10&kikanCd=2100001872&kikanKbn=2", "url2": "http://watanabe.luna.weblife.me/", "内容": "渡辺医院　心療内科・精神科【2:診療所】【診療科目:精神科_心療内科】群馬県高崎市八島町１７　イシイビル３Ｆ" }, "geometry": { "type": "Point", "coordinates": [ 139.010164, 36.322631 ] } },
{ "type": "Feature", "properties": { "ID": 1022100001874, "正式名称": "ぐんま耳鼻咽喉科クリニック", "機関区分": 2, "都道府県コード": 10, "市区町村コード": 202, "所在地": "群馬県高崎市冷水町１３０－１", "緯度": 36.400258, "経度": 139.008164, "url": "https://www.iryou.teikyouseido.mhlw.go.jp/znk-web/juminkanja/S2430/initialize?prefCd=10&kikanCd=2100001874&kikanKbn=2", "url2": "https://gunma-ent.com/", "内容": "ぐんま耳鼻咽喉科クリニック【2:診療所】【診療科目:内分泌内科_気管食道外科_頭頸部外科_小児耳鼻いんこう科_耳鼻いんこう科_気管食道・耳鼻いんこう科_頭頸部・耳鼻いんこう科】群馬県高崎市冷水町１３０－１" }, "geometry": { "type": "Point", "coordinates": [ 139.008164, 36.400258 ] } },
{ "type": "Feature", "properties": { "ID": 1022100001876, "正式名称": "とみおか心療クリニック", "機関区分": 2, "都道府県コード": 10, "市区町村コード": 384, "所在地": "群馬県甘楽郡甘楽町福島７７５ー１", "緯度": 36.257174, "経度": 138.925169, "url": "https://www.iryou.teikyouseido.mhlw.go.jp/znk-web/juminkanja/S2430/initialize?prefCd=10&kikanCd=2100001876&kikanKbn=2", "url2": "http://tmc7830.jp", "内容": "とみおか心療クリニック【2:診療所】【診療科目:精神科_心療内科】群馬県甘楽郡甘楽町福島７７５ー１" }, "geometry": { "type": "Point", "coordinates": [ 138.925169, 36.257174 ] } },
{ "type": "Feature", "properties": { "ID": 1022100001877, "正式名称": "医療法人民善会　細谷透析クリニック", "機関区分": 2, "都道府県コード": 10, "市区町村コード": 210, "所在地": "群馬県富岡市富岡２６５３－１", "緯度": 36.262773, "経度": 138.905633, "url": "https://www.iryou.teikyouseido.mhlw.go.jp/znk-web/juminkanja/S2430/initialize?prefCd=10&kikanCd=2100001877&kikanKbn=2", "url2": "https://www.hosoya.or.jp/hosoya-touseki/", "内容": "医療法人民善会　細谷透析クリニック【2:診療所】【診療科目:内科_外科】群馬県富岡市富岡２６５３－１" }, "geometry": { "type": "Point", "coordinates": [ 138.905633, 36.262773 ] } },
{ "type": "Feature", "properties": { "ID": 1022100001879, "正式名称": "むらた耳鼻咽喉科クリニック", "機関区分": 2, "都道府県コード": 10, "市区町村コード": 206, "所在地": "群馬県沼田市高橋場町２０５９－８", "緯度": 36.653573, "経度": 139.062624, "url": "https://www.iryou.teikyouseido.mhlw.go.jp/znk-web/juminkanja/S2430/initialize?prefCd=10&kikanCd=2100001879&kikanKbn=2", "url2": "http://murata-ent.jp/", "内容": "むらた耳鼻咽喉科クリニック【2:診療所】【診療科目:耳鼻いんこう科】群馬県沼田市高橋場町２０５９－８" }, "geometry": { "type": "Point", "coordinates": [ 139.062624, 36.653573 ] } },
{ "type": "Feature", "properties": { "ID": 1022100001880, "正式名称": "医療法人双成会　島村京子クリニック", "機関区分": 2, "都道府県コード": 10, "市区町村コード": 203, "所在地": "群馬県桐生市相生町１丁目１４１－１", "緯度": 36.404334, "経度": 139.319386, "url": "https://www.iryou.teikyouseido.mhlw.go.jp/znk-web/juminkanja/S2430/initialize?prefCd=10&kikanCd=2100001880&kikanKbn=2", "url2": "http://www.shimamurakyoko-clinic.jp/", "内容": "医療法人双成会　島村京子クリニック【2:診療所】【診療科目:産婦人科】群馬県桐生市相生町１丁目１４１－１" }, "geometry": { "type": "Point", "coordinates": [ 139.319386, 36.404334 ] } },
{ "type": "Feature", "properties": { "ID": 1022100001881, "正式名称": "鳥山医院", "機関区分": 2, "都道府県コード": 10, "市区町村コード": 205, "所在地": "群馬県太田市鳥山下町６６８番地", "緯度": 36.313883, "経度": 139.352028, "url": "https://www.iryou.teikyouseido.mhlw.go.jp/znk-web/juminkanja/S2430/initialize?prefCd=10&kikanCd=2100001881&kikanKbn=2", "url2": null, "内容": "鳥山医院【2:診療所】【診療科目:内科_乳腺外科_小児科_心療内科】群馬県太田市鳥山下町６６８番地" }, "geometry": { "type": "Point", "coordinates": [ 139.352028, 36.313883 ] } },
{ "type": "Feature", "properties": { "ID": 1022100001884, "正式名称": "医療法人石井会敷島の森おなかのクリニック", "機関区分": 2, "都道府県コード": 10, "市区町村コード": 201, "所在地": "群馬県前橋市敷島町", "緯度": 36.413404, "経度": 139.049624, "url": "https://www.iryou.teikyouseido.mhlw.go.jp/znk-web/juminkanja/S2430/initialize?prefCd=10&kikanCd=2100001884&kikanKbn=2", "url2": "http://www.shikishima-forest.ishii.or.jp", "内容": "医療法人石井会敷島の森おなかのクリニック【2:診療所】【診療科目:内科_消化器内科】群馬県前橋市敷島町" }, "geometry": { "type": "Point", "coordinates": [ 139.049624, 36.413404 ] } },
{ "type": "Feature", "properties": { "ID": 1022100001885, "正式名称": "岩宿クリニック", "機関区分": 2, "都道府県コード": 10, "市区町村コード": 212, "所在地": "群馬県みどり市笠懸町阿左美", "緯度": 36.395566, "経度": 139.294427, "url": "https://www.iryou.teikyouseido.mhlw.go.jp/znk-web/juminkanja/S2430/initialize?prefCd=10&kikanCd=2100001885&kikanKbn=2", "url2": "http://iwajuku-cl.jp/", "内容": "岩宿クリニック【2:診療所】【診療科目:産婦人科】群馬県みどり市笠懸町阿左美" }, "geometry": { "type": "Point", "coordinates": [ 139.294427, 36.395566 ] } },
{ "type": "Feature", "properties": { "ID": 1022100001887, "正式名称": "箕郷いずみクリニック", "機関区分": 2, "都道府県コード": 10, "市区町村コード": 202, "所在地": "群馬県高崎市箕郷町矢原１２番地１", "緯度": 36.39735, "経度": 138.962756, "url": "https://www.iryou.teikyouseido.mhlw.go.jp/znk-web/juminkanja/S2430/initialize?prefCd=10&kikanCd=2100001887&kikanKbn=2", "url2": "http://misatoizumi.jp/", "内容": "箕郷いずみクリニック【2:診療所】【診療科目:内科_外科_皮膚科_歯科_リハビリテーション科】群馬県高崎市箕郷町矢原１２番地１" }, "geometry": { "type": "Point", "coordinates": [ 138.962756, 36.39735 ] } },
{ "type": "Feature", "properties": { "ID": 1022100001888, "正式名称": "医療法人忠恕会狩野脳神経外科医院", "機関区分": 2, "都道府県コード": 10, "市区町村コード": 201, "所在地": "群馬県前橋市上泉町", "緯度": 36.401195, "経度": 139.104286, "url": "https://www.iryou.teikyouseido.mhlw.go.jp/znk-web/juminkanja/S2430/initialize?prefCd=10&kikanCd=2100001888&kikanKbn=2", "url2": "https://www.kanonouge.com", "内容": "医療法人忠恕会狩野脳神経外科医院【2:診療所】【診療科目:内科_脳神経外科】群馬県前橋市上泉町" }, "geometry": { "type": "Point", "coordinates": [ 139.104286, 36.401195 ] } },
{ "type": "Feature", "properties": { "ID": 1022100001889, "正式名称": "前橋ミナミ眼科", "機関区分": 2, "都道府県コード": 10, "市区町村コード": 201, "所在地": "群馬県前橋市宮地町１４６−１", "緯度": 36.341894, "経度": 139.10346, "url": "https://www.iryou.teikyouseido.mhlw.go.jp/znk-web/juminkanja/S2430/initialize?prefCd=10&kikanCd=2100001889&kikanKbn=2", "url2": "https://www.m-minami-eye.com/", "内容": "前橋ミナミ眼科【2:診療所】【診療科目:眼科】群馬県前橋市宮地町１４６−１" }, "geometry": { "type": "Point", "coordinates": [ 139.10346, 36.341894 ] } },
{ "type": "Feature", "properties": { "ID": 1022100001891, "正式名称": "資生クリニック", "機関区分": 2, "都道府県コード": 10, "市区町村コード": 464, "所在地": "群馬県佐波郡玉村町上茂木４７０−１", "緯度": 36.301044, "経度": 139.13095, "url": "https://www.iryou.teikyouseido.mhlw.go.jp/znk-web/juminkanja/S2430/initialize?prefCd=10&kikanCd=2100001891&kikanKbn=2", "url2": "https://www.shisei-clinic.com/", "内容": "資生クリニック【2:診療所】【診療科目:内科_糖尿病内科_循環器内科_漢方内科】群馬県佐波郡玉村町上茂木４７０−１" }, "geometry": { "type": "Point", "coordinates": [ 139.13095, 36.301044 ] } },
{ "type": "Feature", "properties": { "ID": 1022100001897, "正式名称": "かねこ耳鼻咽喉科クリニック", "機関区分": 2, "都道府県コード": 10, "市区町村コード": 212, "所在地": "群馬県みどり市笠懸町阿左美１３１１－１", "緯度": 36.390264, "経度": 139.303778, "url": "https://www.iryou.teikyouseido.mhlw.go.jp/znk-web/juminkanja/S2430/initialize?prefCd=10&kikanCd=2100001897&kikanKbn=2", "url2": "https://www.kaneko-ent.jp/", "内容": "かねこ耳鼻咽喉科クリニック【2:診療所】【診療科目:耳鼻いんこう科】群馬県みどり市笠懸町阿左美１３１１－１" }, "geometry": { "type": "Point", "coordinates": [ 139.303778, 36.390264 ] } },
{ "type": "Feature", "properties": { "ID": 1022100001899, "正式名称": "社会医療法人社団慶友会慶友整形外科クリニック", "機関区分": 2, "都道府県コード": 10, "市区町村コード": 207, "所在地": "群馬県館林市羽附町１７４１", "緯度": 36.233457, "経度": 139.553409, "url": "https://www.iryou.teikyouseido.mhlw.go.jp/znk-web/juminkanja/S2430/initialize?prefCd=10&kikanCd=2100001899&kikanKbn=2", "url2": "https://www.ku-kai.or.jp/", "内容": "社会医療法人社団慶友会慶友整形外科クリニック【2:診療所】【診療科目:内科_外科_整形外科_リウマチ科_リハビリテーション科_麻酔科】群馬県館林市羽附町１７４１" }, "geometry": { "type": "Point", "coordinates": [ 139.553409, 36.233457 ] } },
{ "type": "Feature", "properties": { "ID": 1022100001900, "正式名称": "太郎メンタルクリニック", "機関区分": 2, "都道府県コード": 10, "市区町村コード": 202, "所在地": "群馬県高崎市筑縄町６２ー３６", "緯度": 36.34986, "経度": 138.98677, "url": "https://www.iryou.teikyouseido.mhlw.go.jp/znk-web/juminkanja/S2430/initialize?prefCd=10&kikanCd=2100001900&kikanKbn=2", "url2": "http://homepage2.nifty.com/TARO-mental/", "内容": "太郎メンタルクリニック【2:診療所】【診療科目:心療内科】群馬県高崎市筑縄町６２ー３６" }, "geometry": { "type": "Point", "coordinates": [ 138.98677, 36.34986 ] } },
{ "type": "Feature", "properties": { "ID": 1022100001901, "正式名称": "医療法人あい友会あい太田クリニック", "機関区分": 2, "都道府県コード": 10, "市区町村コード": 205, "所在地": "群馬県太田市浜町５９番地３号", "緯度": 36.291096, "経度": 139.362588, "url": "https://www.iryou.teikyouseido.mhlw.go.jp/znk-web/juminkanja/S2430/initialize?prefCd=10&kikanCd=2100001901&kikanKbn=2", "url2": "https://oota.aiyu-kai.or.jp/", "内容": "医療法人あい友会あい太田クリニック【2:診療所】【診療科目:内科_外科_歯科】群馬県太田市浜町５９番地３号" }, "geometry": { "type": "Point", "coordinates": [ 139.362588, 36.291096 ] } },
{ "type": "Feature", "properties": { "ID": 1022100001902, "正式名称": "しろやしき内科", "機関区分": 2, "都道府県コード": 10, "市区町村コード": 209, "所在地": "群馬県藤岡市藤岡１７６３－３", "緯度": 36.245923, "経度": 139.073771, "url": "https://www.iryou.teikyouseido.mhlw.go.jp/znk-web/juminkanja/S2430/initialize?prefCd=10&kikanCd=2100001902&kikanKbn=2", "url2": "https://shiroyashiki-naika.com", "内容": "しろやしき内科【2:診療所】【診療科目:内科_糖尿病内科_内分泌内科】群馬県藤岡市藤岡１７６３－３" }, "geometry": { "type": "Point", "coordinates": [ 139.073771, 36.245923 ] } },
{ "type": "Feature", "properties": { "ID": 1022100001903, "正式名称": "セキタカユキ", "機関区分": 2, "都道府県コード": 10, "市区町村コード": 201, "所在地": "群馬県前橋市三河町１ー２８ー１", "緯度": 36.387968, "経度": 139.07964, "url": "https://www.iryou.teikyouseido.mhlw.go.jp/znk-web/juminkanja/S2430/initialize?prefCd=10&kikanCd=2100001903&kikanKbn=2", "url2": null, "内容": "セキタカユキ【2:診療所】【診療科目:整形外科_リハビリテーション科】群馬県前橋市三河町１ー２８ー１" }, "geometry": { "type": "Point", "coordinates": [ 139.07964, 36.387968 ] } },
{ "type": "Feature", "properties": { "ID": 1022100001904, "正式名称": "石渕皮膚科クリニック", "機関区分": 2, "都道府県コード": 10, "市区町村コード": 209, "所在地": "群馬県藤岡市藤岡８７９ー１９", "緯度": 36.251117, "経度": 139.08304, "url": "https://www.iryou.teikyouseido.mhlw.go.jp/znk-web/juminkanja/S2430/initialize?prefCd=10&kikanCd=2100001904&kikanKbn=2", "url2": null, "内容": "石渕皮膚科クリニック【2:診療所】【診療科目:皮膚科】群馬県藤岡市藤岡８７９ー１９" }, "geometry": { "type": "Point", "coordinates": [ 139.08304, 36.251117 ] } },
{ "type": "Feature", "properties": { "ID": 1022100001905, "正式名称": "おおた泌尿器科・内科クリニック", "機関区分": 2, "都道府県コード": 10, "市区町村コード": 205, "所在地": "群馬県太田市東矢島町７８", "緯度": 36.263842, "経度": 139.388136, "url": "https://www.iryou.teikyouseido.mhlw.go.jp/znk-web/juminkanja/S2430/initialize?prefCd=10&kikanCd=2100001905&kikanKbn=2", "url2": "http://WWW.ota-urology.com", "内容": "おおた泌尿器科・内科クリニック【2:診療所】【診療科目:内科_泌尿器科】群馬県太田市東矢島町７８" }, "geometry": { "type": "Point", "coordinates": [ 139.388136, 36.263842 ] } },
{ "type": "Feature", "properties": { "ID": 1022100001906, "正式名称": "メンタルクリニック平和町", "機関区分": 2, "都道府県コード": 10, "市区町村コード": 204, "所在地": "群馬県伊勢崎市平和町１４－６８", "緯度": 36.325131, "経度": 139.197642, "url": "https://www.iryou.teikyouseido.mhlw.go.jp/znk-web/juminkanja/S2430/initialize?prefCd=10&kikanCd=2100001906&kikanKbn=2", "url2": null, "内容": "メンタルクリニック平和町【2:診療所】【診療科目:精神科_心療内科】群馬県伊勢崎市平和町１４－６８" }, "geometry": { "type": "Point", "coordinates": [ 139.197642, 36.325131 ] } },
{ "type": "Feature", "properties": { "ID": 1022100001907, "正式名称": "高野外科胃腸科医院", "機関区分": 2, "都道府県コード": 10, "市区町村コード": 208, "所在地": "群馬県渋川市渋川１９３４－２１", "緯度": 36.496222, "経度": 139.005761, "url": "https://www.iryou.teikyouseido.mhlw.go.jp/znk-web/juminkanja/S2430/initialize?prefCd=10&kikanCd=2100001907&kikanKbn=2", "url2": "http://takanogeka.byoinnavi.jp/", "内容": "高野外科胃腸科医院【2:診療所】【診療科目:内科_消化器内科_外科_肛門外科_皮膚科】群馬県渋川市渋川１９３４－２１" }, "geometry": { "type": "Point", "coordinates": [ 139.005761, 36.496222 ] } },
{ "type": "Feature", "properties": { "ID": 1022100001908, "正式名称": "消化器内科・内視鏡おおたきクリニック", "機関区分": 2, "都道府県コード": 10, "市区町村コード": 204, "所在地": "群馬県伊勢崎市境新栄１０－１", "緯度": 36.277569, "経度": 139.262928, "url": "https://www.iryou.teikyouseido.mhlw.go.jp/znk-web/juminkanja/S2430/initialize?prefCd=10&kikanCd=2100001908&kikanKbn=2", "url2": "https://otaki-c.com", "内容": "消化器内科・内視鏡おおたきクリニック【2:診療所】【診療科目:内科_消化器内科_内視鏡内科_小児科】群馬県伊勢崎市境新栄１０－１" }, "geometry": { "type": "Point", "coordinates": [ 139.262928, 36.277569 ] } },
{ "type": "Feature", "properties": { "ID": 1022100001910, "正式名称": "前橋みなみモール眼科", "機関区分": 2, "都道府県コード": 10, "市区町村コード": 201, "所在地": "群馬県前橋市新堀町１０４７", "緯度": 36.329394, "経度": 139.092967, "url": "https://www.iryou.teikyouseido.mhlw.go.jp/znk-web/juminkanja/S2430/initialize?prefCd=10&kikanCd=2100001910&kikanKbn=2", "url2": "http://minami-eye-clinic.com/", "内容": "前橋みなみモール眼科【2:診療所】【診療科目:眼科】群馬県前橋市新堀町１０４７" }, "geometry": { "type": "Point", "coordinates": [ 139.092967, 36.329394 ] } },
{ "type": "Feature", "properties": { "ID": 1022100001911, "正式名称": "そはら内科", "機関区分": 2, "都道府県コード": 10, "市区町村コード": 202, "所在地": "群馬県高崎市貝沢町１５３５ー１", "緯度": 36.343121, "経度": 139.03003, "url": "https://www.iryou.teikyouseido.mhlw.go.jp/znk-web/juminkanja/S2430/initialize?prefCd=10&kikanCd=2100001911&kikanKbn=2", "url2": "https://soharanaika.com", "内容": "そはら内科【2:診療所】【診療科目:内科_消化器内科】群馬県高崎市貝沢町１５３５ー１" }, "geometry": { "type": "Point", "coordinates": [ 139.03003, 36.343121 ] } },
{ "type": "Feature", "properties": { "ID": 1022100001912, "正式名称": "ひかり整形外科クリニック", "機関区分": 2, "都道府県コード": 10, "市区町村コード": 202, "所在地": "群馬県高崎市上並榎町４７ー２", "緯度": 36.347096, "経度": 138.992136, "url": "https://www.iryou.teikyouseido.mhlw.go.jp/znk-web/juminkanja/S2430/initialize?prefCd=10&kikanCd=2100001912&kikanKbn=2", "url2": "http://hikari-seikeicl.jp/", "内容": "ひかり整形外科クリニック【2:診療所】【診療科目:整形外科_リハビリテーション科】群馬県高崎市上並榎町４７ー２" }, "geometry": { "type": "Point", "coordinates": [ 138.992136, 36.347096 ] } },
{ "type": "Feature", "properties": { "ID": 1022100001914, "正式名称": "金子クリニック", "機関区分": 2, "都道府県コード": 10, "市区町村コード": 201, "所在地": "群馬県前橋市東上野町", "緯度": 36.385762, "経度": 139.124092, "url": "https://www.iryou.teikyouseido.mhlw.go.jp/znk-web/juminkanja/S2430/initialize?prefCd=10&kikanCd=2100001914&kikanKbn=2", "url2": null, "内容": "金子クリニック【2:診療所】【診療科目:内科_心臓血管内科_外科_心臓血管外科】群馬県前橋市東上野町" }, "geometry": { "type": "Point", "coordinates": [ 139.124092, 36.385762 ] } },
{ "type": "Feature", "properties": { "ID": 1022100001915, "正式名称": "みずしま脳神経内科・内科クリニック", "機関区分": 2, "都道府県コード": 10, "市区町村コード": 201, "所在地": "群馬県前橋市朝日町１ー１９ー８", "緯度": 36.383743, "経度": 139.08864, "url": "https://www.iryou.teikyouseido.mhlw.go.jp/znk-web/juminkanja/S2430/initialize?prefCd=10&kikanCd=2100001915&kikanKbn=2", "url2": "https://www.mizushima-neurology.com", "内容": "みずしま脳神経内科・内科クリニック【2:診療所】【診療科目:内科_脳神経内科】群馬県前橋市朝日町１ー１９ー８" }, "geometry": { "type": "Point", "coordinates": [ 139.08864, 36.383743 ] } },
{ "type": "Feature", "properties": { "ID": 1022100001916, "正式名称": "静内科", "機関区分": 2, "都道府県コード": 10, "市区町村コード": 202, "所在地": "群馬県高崎市小八木町", "緯度": 36.359738, "経度": 139.012241, "url": "https://www.iryou.teikyouseido.mhlw.go.jp/znk-web/juminkanja/S2430/initialize?prefCd=10&kikanCd=2100001916&kikanKbn=2", "url2": "https://shizukanaika.com", "内容": "静内科【2:診療所】【診療科目:内科_心臓血管内科】群馬県高崎市小八木町" }, "geometry": { "type": "Point", "coordinates": [ 139.012241, 36.359738 ] } },
{ "type": "Feature", "properties": { "ID": 1022100001917, "正式名称": "村岡醫院", "機関区分": 2, "都道府県コード": 10, "市区町村コード": 203, "所在地": "群馬県桐生市本町３－２－２８", "緯度": 36.415587, "経度": 139.34245, "url": "https://www.iryou.teikyouseido.mhlw.go.jp/znk-web/juminkanja/S2430/initialize?prefCd=10&kikanCd=2100001917&kikanKbn=2", "url2": "https://muraokaiin.com", "内容": "村岡醫院【2:診療所】【診療科目:内科_循環器内科_外科】群馬県桐生市本町３－２－２８" }, "geometry": { "type": "Point", "coordinates": [ 139.34245, 36.415587 ] } },
{ "type": "Feature", "properties": { "ID": 1022100001918, "正式名称": "おおたブレストクリニック", "機関区分": 2, "都道府県コード": 10, "市区町村コード": 205, "所在地": "群馬県太田市西本町４４ー１４", "緯度": 36.294193, "経度": 139.362152, "url": "https://www.iryou.teikyouseido.mhlw.go.jp/znk-web/juminkanja/S2430/initialize?prefCd=10&kikanCd=2100001918&kikanKbn=2", "url2": "https://www.ota-breast.jp", "内容": "おおたブレストクリニック【2:診療所】【診療科目:乳腺外科】群馬県太田市西本町４４ー１４" }, "geometry": { "type": "Point", "coordinates": [ 139.362152, 36.294193 ] } },
{ "type": "Feature", "properties": { "ID": 1022100001919, "正式名称": "前橋ふえきクリニック", "機関区分": 2, "都道府県コード": 10, "市区町村コード": 201, "所在地": "群馬県前橋市表町", "緯度": 36.38624, "経度": 139.07254, "url": "https://www.iryou.teikyouseido.mhlw.go.jp/znk-web/juminkanja/S2430/initialize?prefCd=10&kikanCd=2100001919&kikanKbn=2", "url2": "http://ubukatakai.webmedipr.jp", "内容": "前橋ふえきクリニック【2:診療所】【診療科目:内科_呼吸器内科_消化器内科_漢方内科_皮膚科_美容皮膚科_アレルギー科_リウマチ科_リハビリテーション科】群馬県前橋市表町" }, "geometry": { "type": "Point", "coordinates": [ 139.07254, 36.38624 ] } },
{ "type": "Feature", "properties": { "ID": 1022100001920, "正式名称": "あいおいクリニック", "機関区分": 2, "都道府県コード": 10, "市区町村コード": 209, "所在地": "群馬県藤岡市藤岡２１１３－１", "緯度": 36.241105, "経度": 139.064645, "url": "https://www.iryou.teikyouseido.mhlw.go.jp/znk-web/juminkanja/S2430/initialize?prefCd=10&kikanCd=2100001920&kikanKbn=2", "url2": "https://fujioka-aioi-clinic.jp/", "内容": "あいおいクリニック【2:診療所】【診療科目:内科_糖尿病内科_腎臓内科_漢方内科_アレルギー疾患内科_アレルギー科】群馬県藤岡市藤岡２１１３－１" }, "geometry": { "type": "Point", "coordinates": [ 139.064645, 36.241105 ] } },
{ "type": "Feature", "properties": { "ID": 1022100001921, "正式名称": "かぶらぎ内科クリニック", "機関区分": 2, "都道府県コード": 10, "市区町村コード": 212, "所在地": "群馬県みどり市笠懸町鹿２４３９ー１５", "緯度": 36.39461, "経度": 139.27559, "url": "https://www.iryou.teikyouseido.mhlw.go.jp/znk-web/juminkanja/S2430/initialize?prefCd=10&kikanCd=2100001921&kikanKbn=2", "url2": "http://www.kaburagi.clinic/", "内容": "かぶらぎ内科クリニック【2:診療所】【診療科目:内科_消化器内科_内視鏡内科】群馬県みどり市笠懸町鹿２４３９ー１５" }, "geometry": { "type": "Point", "coordinates": [ 139.27559, 36.39461 ] } },
{ "type": "Feature", "properties": { "ID": 1022100001922, "正式名称": "はしづめ胃腸と内科のクリニック", "機関区分": 2, "都道府県コード": 10, "市区町村コード": 201, "所在地": "群馬県前橋市朝倉町３－３４－６", "緯度": 36.367896, "経度": 139.0952, "url": "https://www.iryou.teikyouseido.mhlw.go.jp/znk-web/juminkanja/S2430/initialize?prefCd=10&kikanCd=2100001922&kikanKbn=2", "url2": "https://hashizumegicl.com", "内容": "はしづめ胃腸と内科のクリニック【2:診療所】【診療科目:内科_糖尿病内科_呼吸器内科_消化器内科_胃腸内科_内視鏡内科_アレルギー疾患内科】群馬県前橋市朝倉町３－３４－６" }, "geometry": { "type": "Point", "coordinates": [ 139.0952, 36.367896 ] } },
{ "type": "Feature", "properties": { "ID": 1022100001923, "正式名称": "みさと眼科", "機関区分": 2, "都道府県コード": 10, "市区町村コード": 202, "所在地": "群馬県高崎市箕郷町上芝４８１番地１１", "緯度": 36.383608, "経度": 138.958467, "url": "https://www.iryou.teikyouseido.mhlw.go.jp/znk-web/juminkanja/S2430/initialize?prefCd=10&kikanCd=2100001923&kikanKbn=2", "url2": "https://www.misato-eye.com/", "内容": "みさと眼科【2:診療所】【診療科目:眼科】群馬県高崎市箕郷町上芝４８１番地１１" }, "geometry": { "type": "Point", "coordinates": [ 138.958467, 36.383608 ] } },
{ "type": "Feature", "properties": { "ID": 1022100001924, "正式名称": "ふじ眼科クリニック", "機関区分": 2, "都道府県コード": 10, "市区町村コード": 523, "所在地": "群馬県邑楽郡千代田町萱野８１３ー１　ジョイフル本田　千代田店　１Ｆ", "緯度": 36.206295, "経度": 139.472925, "url": "https://www.iryou.teikyouseido.mhlw.go.jp/znk-web/juminkanja/S2430/initialize?prefCd=10&kikanCd=2100001924&kikanKbn=2", "url2": "https://www.fuji-eye-clinic.com/", "内容": "ふじ眼科クリニック【2:診療所】【診療科目:眼科】群馬県邑楽郡千代田町萱野８１３ー１　ジョイフル本田　千代田店　１Ｆ" }, "geometry": { "type": "Point", "coordinates": [ 139.472925, 36.206295 ] } },
{ "type": "Feature", "properties": { "ID": 1022100001925, "正式名称": "まえばし在宅クリニック", "機関区分": 2, "都道府県コード": 10, "市区町村コード": 201, "所在地": "群馬県前橋市国領町１－２－２", "緯度": 36.401908, "経度": 139.07035, "url": "https://www.iryou.teikyouseido.mhlw.go.jp/znk-web/juminkanja/S2430/initialize?prefCd=10&kikanCd=2100001925&kikanKbn=2", "url2": null, "内容": "まえばし在宅クリニック【2:診療所】【診療科目:内科_緩和ケア内科】群馬県前橋市国領町１－２－２" }, "geometry": { "type": "Point", "coordinates": [ 139.07035, 36.401908 ] } },
{ "type": "Feature", "properties": { "ID": 1022100001927, "正式名称": "高崎タワークリニック　眼科・泌尿器科", "機関区分": 2, "都道府県コード": 10, "市区町村コード": 202, "所在地": "群馬県高崎市東町", "緯度": 36.326054, "経度": 139.01459, "url": "https://www.iryou.teikyouseido.mhlw.go.jp/znk-web/juminkanja/S2430/initialize?prefCd=10&kikanCd=2100001927&kikanKbn=2", "url2": "https://takasaki-tower.clinic", "内容": "高崎タワークリニック　眼科・泌尿器科【2:診療所】【診療科目:眼科_泌尿器科】群馬県高崎市東町" }, "geometry": { "type": "Point", "coordinates": [ 139.01459, 36.326054 ] } },
{ "type": "Feature", "properties": { "ID": 1022100001928, "正式名称": "かわはらまち皮膚科", "機関区分": 2, "都道府県コード": 10, "市区町村コード": 201, "所在地": "群馬県前橋市川原町２ー２５ー１０", "緯度": 36.428405, "経度": 139.039632, "url": "https://www.iryou.teikyouseido.mhlw.go.jp/znk-web/juminkanja/S2430/initialize?prefCd=10&kikanCd=2100001928&kikanKbn=2", "url2": "http://kawaharamachi-hifuka.com/", "内容": "かわはらまち皮膚科【2:診療所】【診療科目:皮膚科】群馬県前橋市川原町２ー２５ー１０" }, "geometry": { "type": "Point", "coordinates": [ 139.039632, 36.428405 ] } },
{ "type": "Feature", "properties": { "ID": 1022100001931, "正式名称": "かさかけクリニック", "機関区分": 2, "都道府県コード": 10, "市区町村コード": 212, "所在地": "群馬県みどり市笠懸町鹿４７１２ー１０", "緯度": 36.39461, "経度": 139.27559, "url": "https://www.iryou.teikyouseido.mhlw.go.jp/znk-web/juminkanja/S2430/initialize?prefCd=10&kikanCd=2100001931&kikanKbn=2", "url2": "https://kasakakeclinic.com", "内容": "かさかけクリニック【2:診療所】【診療科目:整形外科_小児科_リハビリテーション科】群馬県みどり市笠懸町鹿４７１２ー１０" }, "geometry": { "type": "Point", "coordinates": [ 139.27559, 36.39461 ] } },
{ "type": "Feature", "properties": { "ID": 1022100001932, "正式名称": "医療法人社団順孝会　館林・あだちアイケアクリニック", "機関区分": 2, "都道府県コード": 10, "市区町村コード": 207, "所在地": "群馬県館林市赤生田町２３２９−３", "緯度": 36.230186, "経度": 139.5619, "url": "https://www.iryou.teikyouseido.mhlw.go.jp/znk-web/juminkanja/S2430/initialize?prefCd=10&kikanCd=2100001932&kikanKbn=2", "url2": "http://tatebayashi-adachi-eye-clinic.com/", "内容": "医療法人社団順孝会　館林・あだちアイケアクリニック【2:診療所】【診療科目:眼科】群馬県館林市赤生田町２３２９−３" }, "geometry": { "type": "Point", "coordinates": [ 139.5619, 36.230186 ] } },
{ "type": "Feature", "properties": { "ID": 1022100001934, "正式名称": "新前橋すこやか内科・漢方内科クリニック", "機関区分": 2, "都道府県コード": 10, "市区町村コード": 201, "所在地": "群馬県前橋市新前橋町１６ー４８", "緯度": 36.379288, "経度": 139.04942, "url": "https://www.iryou.teikyouseido.mhlw.go.jp/znk-web/juminkanja/S2430/initialize?prefCd=10&kikanCd=2100001934&kikanKbn=2", "url2": "https://shinmaebashi-sukoyaka.com/", "内容": "新前橋すこやか内科・漢方内科クリニック【2:診療所】【診療科目:内科_漢方内科_外科_心療内科】群馬県前橋市新前橋町１６ー４８" }, "geometry": { "type": "Point", "coordinates": [ 139.04942, 36.379288 ] } },
{ "type": "Feature", "properties": { "ID": 1022100001935, "正式名称": "市川クリニック", "機関区分": 2, "都道府県コード": 10, "市区町村コード": 201, "所在地": "群馬県前橋市下小出町二丁目５２−４", "緯度": 36.41132, "経度": 139.068324, "url": "https://www.iryou.teikyouseido.mhlw.go.jp/znk-web/juminkanja/S2430/initialize?prefCd=10&kikanCd=2100001935&kikanKbn=2", "url2": "https://ichikawa-cl.net", "内容": "市川クリニック【2:診療所】【診療科目:精神科_心療内科】群馬県前橋市下小出町二丁目５２−４" }, "geometry": { "type": "Point", "coordinates": [ 139.068324, 36.41132 ] } },
{ "type": "Feature", "properties": { "ID": 1022100001936, "正式名称": "伊勢崎クリニック", "機関区分": 2, "都道府県コード": 10, "市区町村コード": 204, "所在地": "群馬県伊勢崎市上植木本町２４９０番地１", "緯度": 36.327373, "経度": 139.194705, "url": "https://www.iryou.teikyouseido.mhlw.go.jp/znk-web/juminkanja/S2430/initialize?prefCd=10&kikanCd=2100001936&kikanKbn=2", "url2": "https://isesaki-cl.com/", "内容": "伊勢崎クリニック【2:診療所】【診療科目:内科】群馬県伊勢崎市上植木本町２４９０番地１" }, "geometry": { "type": "Point", "coordinates": [ 139.194705, 36.327373 ] } },
{ "type": "Feature", "properties": { "ID": 1022100001937, "正式名称": "一般社団法人　紡の庭　五料橋クリニック", "機関区分": 2, "都道府県コード": 10, "市区町村コード": 464, "所在地": "群馬県佐波郡玉村町五料２５２－３", "緯度": 36.287189, "経度": 139.156827, "url": "https://www.iryou.teikyouseido.mhlw.go.jp/znk-web/juminkanja/S2430/initialize?prefCd=10&kikanCd=2100001937&kikanKbn=2", "url2": "https://goryobashi.clinic", "内容": "一般社団法人　紡の庭　五料橋クリニック【2:診療所】【診療科目:内科_外科_乳腺・内分泌外科】群馬県佐波郡玉村町五料２５２－３" }, "geometry": { "type": "Point", "coordinates": [ 139.156827, 36.287189 ] } },
{ "type": "Feature", "properties": { "ID": 1022100001938, "正式名称": "田村毅こころの診療所", "機関区分": 2, "都道府県コード": 10, "市区町村コード": 428, "所在地": "群馬県吾妻郡高山村尻高３０２５−１", "緯度": 36.629284, "経度": 138.924022, "url": "https://www.iryou.teikyouseido.mhlw.go.jp/znk-web/juminkanja/S2430/initialize?prefCd=10&kikanCd=2100001938&kikanKbn=2", "url2": "https://tamuratakeshi.jp/", "内容": "田村毅こころの診療所【2:診療所】【診療科目:精神科】群馬県吾妻郡高山村尻高３０２５−１" }, "geometry": { "type": "Point", "coordinates": [ 138.924022, 36.629284 ] } },
{ "type": "Feature", "properties": { "ID": 1022100001939, "正式名称": "医療法人　杏仁会　松岡医院", "機関区分": 2, "都道府県コード": 10, "市区町村コード": 202, "所在地": "群馬県高崎市片岡町一丁目１７ー３１", "緯度": 36.318405, "経度": 138.996767, "url": "https://www.iryou.teikyouseido.mhlw.go.jp/znk-web/juminkanja/S2430/initialize?prefCd=10&kikanCd=2100001939&kikanKbn=2", "url2": null, "内容": "医療法人　杏仁会　松岡医院【2:診療所】【診療科目:内科_胃腸内科_外科】群馬県高崎市片岡町一丁目１７ー３１" }, "geometry": { "type": "Point", "coordinates": [ 138.996767, 36.318405 ] } },
{ "type": "Feature", "properties": { "ID": 1022100001940, "正式名称": "高崎乳腺外科クリニック", "機関区分": 2, "都道府県コード": 10, "市区町村コード": 202, "所在地": "群馬県高崎市島野町", "緯度": 36.347807, "経度": 139.046344, "url": "https://www.iryou.teikyouseido.mhlw.go.jp/znk-web/juminkanja/S2430/initialize?prefCd=10&kikanCd=2100001940&kikanKbn=2", "url2": "https://takasaki-bc.com/", "内容": "高崎乳腺外科クリニック【2:診療所】【診療科目:乳腺外科_乳腺・内分泌外科】群馬県高崎市島野町" }, "geometry": { "type": "Point", "coordinates": [ 139.046344, 36.347807 ] } },
{ "type": "Feature", "properties": { "ID": 1022100001941, "正式名称": "すみれ皮膚科", "機関区分": 2, "都道府県コード": 10, "市区町村コード": 202, "所在地": "群馬県高崎市南大類町９９９－２", "緯度": 36.324563, "経度": 139.038499, "url": "https://www.iryou.teikyouseido.mhlw.go.jp/znk-web/juminkanja/S2430/initialize?prefCd=10&kikanCd=2100001941&kikanKbn=2", "url2": "https://sumire-hifuka.com/", "内容": "すみれ皮膚科【2:診療所】【診療科目:皮膚科】群馬県高崎市南大類町９９９－２" }, "geometry": { "type": "Point", "coordinates": [ 139.038499, 36.324563 ] } },
{ "type": "Feature", "properties": { "ID": 1022100001942, "正式名称": "ゆら皮膚科クリニック", "機関区分": 2, "都道府県コード": 10, "市区町村コード": 205, "所在地": "群馬県太田市由良町９３ー４", "緯度": 36.288101, "経度": 139.35052, "url": "https://www.iryou.teikyouseido.mhlw.go.jp/znk-web/juminkanja/S2430/initialize?prefCd=10&kikanCd=2100001942&kikanKbn=2", "url2": "https://yurahifuka-clinic.com", "内容": "ゆら皮膚科クリニック【2:診療所】【診療科目:小児皮膚科_皮膚科_美容皮膚科】群馬県太田市由良町９３ー４" }, "geometry": { "type": "Point", "coordinates": [ 139.35052, 36.288101 ] } },
{ "type": "Feature", "properties": { "ID": 1022100001944, "正式名称": "糖尿病・内分泌内科りんごの花クリニック", "機関区分": 2, "都道府県コード": 10, "市区町村コード": 204, "所在地": "群馬県伊勢崎市安堀町１８６５−７", "緯度": 36.336652, "経度": 139.186587, "url": "https://www.iryou.teikyouseido.mhlw.go.jp/znk-web/juminkanja/S2430/initialize?prefCd=10&kikanCd=2100001944&kikanKbn=2", "url2": "https://ringonohana-clinic.com/", "内容": "糖尿病・内分泌内科りんごの花クリニック【2:診療所】【診療科目:内科_脂質代謝内科_糖尿病・内分泌内科_老年内科】群馬県伊勢崎市安堀町１８６５−７" }, "geometry": { "type": "Point", "coordinates": [ 139.186587, 36.336652 ] } },
{ "type": "Feature", "properties": { "ID": 1022100001945, "正式名称": "けやきスキンクリニック", "機関区分": 2, "都道府県コード": 10, "市区町村コード": 201, "所在地": "群馬県前橋市天川原町１ー１４ー８", "緯度": 36.373576, "経度": 139.080179, "url": "https://www.iryou.teikyouseido.mhlw.go.jp/znk-web/juminkanja/S2430/initialize?prefCd=10&kikanCd=2100001945&kikanKbn=2", "url2": "https://keyakiskin.com/", "内容": "けやきスキンクリニック【2:診療所】【診療科目:漢方内科_小児皮膚科_皮膚科_美容皮膚科】群馬県前橋市天川原町１ー１４ー８" }, "geometry": { "type": "Point", "coordinates": [ 139.080179, 36.373576 ] } },
{ "type": "Feature", "properties": { "ID": 1022100001946, "正式名称": "たけい内科クリニック", "機関区分": 2, "都道府県コード": 10, "市区町村コード": 201, "所在地": "群馬県前橋市小屋原町５８２ー４", "緯度": 36.35734, "経度": 139.1301, "url": "https://www.iryou.teikyouseido.mhlw.go.jp/znk-web/juminkanja/S2430/initialize?prefCd=10&kikanCd=2100001946&kikanKbn=2", "url2": "https://takei-naika-cl.com/", "内容": "たけい内科クリニック【2:診療所】【診療科目:内科_呼吸器内科_アレルギー科】群馬県前橋市小屋原町５８２ー４" }, "geometry": { "type": "Point", "coordinates": [ 139.1301, 36.35734 ] } },
{ "type": "Feature", "properties": { "ID": 1022100001947, "正式名称": "青い鳥ファミリークリニック", "機関区分": 2, "都道府県コード": 10, "市区町村コード": 208, "所在地": "群馬県渋川市行幸田２８番地５", "緯度": 36.478446, "経度": 138.999398, "url": "https://www.iryou.teikyouseido.mhlw.go.jp/znk-web/juminkanja/S2430/initialize?prefCd=10&kikanCd=2100001947&kikanKbn=2", "url2": "http://www.aoitori-med.net", "内容": "青い鳥ファミリークリニック【2:診療所】【診療科目:内科_糖尿病内科_循環器内科_小児科_アレルギー科】群馬県渋川市行幸田２８番地５" }, "geometry": { "type": "Point", "coordinates": [ 138.999398, 36.478446 ] } },
{ "type": "Feature", "properties": { "ID": 1022100001948, "正式名称": "つちや内科クリニック", "機関区分": 2, "都道府県コード": 10, "市区町村コード": 201, "所在地": "群馬県前橋市小相木町１ー１ー４", "緯度": 36.37767, "経度": 139.057173, "url": "https://www.iryou.teikyouseido.mhlw.go.jp/znk-web/juminkanja/S2430/initialize?prefCd=10&kikanCd=2100001948&kikanKbn=2", "url2": "https://tsuchiya-naikaclinic.com/", "内容": "つちや内科クリニック【2:診療所】【診療科目:内科_呼吸器内科_アレルギー科】群馬県前橋市小相木町１ー１ー４" }, "geometry": { "type": "Point", "coordinates": [ 139.057173, 36.37767 ] } },
{ "type": "Feature", "properties": { "ID": 1022100001949, "正式名称": "医療法人社団平郁会みんなの伊勢崎クリニック", "機関区分": 2, "都道府県コード": 10, "市区町村コード": 204, "所在地": "群馬県伊勢崎市境伊与久３２７９", "緯度": 36.310155, "経度": 139.231272, "url": "https://www.iryou.teikyouseido.mhlw.go.jp/znk-web/juminkanja/S2430/initialize?prefCd=10&kikanCd=2100001949&kikanKbn=2", "url2": "https://www.heiikukai.com/clinic/isesaki/", "内容": "医療法人社団平郁会みんなの伊勢崎クリニック【2:診療所】【診療科目:内科_精神科】群馬県伊勢崎市境伊与久３２７９" }, "geometry": { "type": "Point", "coordinates": [ 139.231272, 36.310155 ] } },
{ "type": "Feature", "properties": { "ID": 1022100001950, "正式名称": "庭野クリニック", "機関区分": 2, "都道府県コード": 10, "市区町村コード": 202, "所在地": "群馬県高崎市上並榎町１５１ー１", "緯度": 36.344648, "経度": 138.9879, "url": "https://www.iryou.teikyouseido.mhlw.go.jp/znk-web/juminkanja/S2430/initialize?prefCd=10&kikanCd=2100001950&kikanKbn=2", "url2": "https://niwakuri.com/", "内容": "庭野クリニック【2:診療所】【診療科目:内科_循環器内科】群馬県高崎市上並榎町１５１ー１" }, "geometry": { "type": "Point", "coordinates": [ 138.9879, 36.344648 ] } },
{ "type": "Feature", "properties": { "ID": 1022100001951, "正式名称": "ふるた内科脳神経内科クリニック", "機関区分": 2, "都道府県コード": 10, "市区町村コード": 202, "所在地": "群馬県高崎市上小塙町字東原１０６１－１", "緯度": 36.358692, "経度": 138.97849, "url": "https://www.iryou.teikyouseido.mhlw.go.jp/znk-web/juminkanja/S2430/initialize?prefCd=10&kikanCd=2100001951&kikanKbn=2", "url2": "https://www.takasaki-furuta-cl.jp/", "内容": "ふるた内科脳神経内科クリニック【2:診療所】【診療科目:内科_神経内科_老年内科】群馬県高崎市上小塙町字東原１０６１－１" }, "geometry": { "type": "Point", "coordinates": [ 138.97849, 36.358692 ] } },
{ "type": "Feature", "properties": { "ID": 1022100001952, "正式名称": "さくらクリニック", "機関区分": 2, "都道府県コード": 10, "市区町村コード": 202, "所在地": "群馬県高崎市吉井町本郷８５２－６", "緯度": 36.256542, "経度": 138.965972, "url": "https://www.iryou.teikyouseido.mhlw.go.jp/znk-web/juminkanja/S2430/initialize?prefCd=10&kikanCd=2100001952&kikanKbn=2", "url2": null, "内容": "さくらクリニック【2:診療所】【診療科目:内科】群馬県高崎市吉井町本郷８５２－６" }, "geometry": { "type": "Point", "coordinates": [ 138.965972, 36.256542 ] } },
{ "type": "Feature", "properties": { "ID": 1022100001953, "正式名称": "たかさき眼科", "機関区分": 2, "都道府県コード": 10, "市区町村コード": 202, "所在地": "群馬県高崎市棟高町１４００　イオンモール高崎２階", "緯度": 36.390547, "経度": 139.006647, "url": "https://www.iryou.teikyouseido.mhlw.go.jp/znk-web/juminkanja/S2430/initialize?prefCd=10&kikanCd=2100001953&kikanKbn=2", "url2": "https://www.takasaki-ganka.com/", "内容": "たかさき眼科【2:診療所】【診療科目:眼科】群馬県高崎市棟高町１４００　イオンモール高崎２階" }, "geometry": { "type": "Point", "coordinates": [ 139.006647, 36.390547 ] } },
{ "type": "Feature", "properties": { "ID": 1022100001954, "正式名称": "るり眼科", "機関区分": 2, "都道府県コード": 10, "市区町村コード": 204, "所在地": "群馬県伊勢崎市連取町３０５３－３", "緯度": 36.319966, "経度": 139.174032, "url": "https://www.iryou.teikyouseido.mhlw.go.jp/znk-web/juminkanja/S2430/initialize?prefCd=10&kikanCd=2100001954&kikanKbn=2", "url2": "https://ruri-eye.com/", "内容": "るり眼科【2:診療所】【診療科目:眼科】群馬県伊勢崎市連取町３０５３－３" }, "geometry": { "type": "Point", "coordinates": [ 139.174032, 36.319966 ] } },
{ "type": "Feature", "properties": { "ID": 1022100001955, "正式名称": "しむら整形外科", "機関区分": 2, "都道府県コード": 10, "市区町村コード": 205, "所在地": "群馬県太田市新田大根町１２０５ー２", "緯度": 36.310422, "経度": 139.272577, "url": "https://www.iryou.teikyouseido.mhlw.go.jp/znk-web/juminkanja/S2430/initialize?prefCd=10&kikanCd=2100001955&kikanKbn=2", "url2": "https://shimura-seikeigeka.com", "内容": "しむら整形外科【2:診療所】【診療科目:内科_整形外科_リウマチ科_リハビリテーション科】群馬県太田市新田大根町１２０５ー２" }, "geometry": { "type": "Point", "coordinates": [ 139.272577, 36.310422 ] } },
{ "type": "Feature", "properties": { "ID": 1022100001956, "正式名称": "太田鈴木眼科", "機関区分": 2, "都道府県コード": 10, "市区町村コード": 205, "所在地": "群馬県太田市八幡町２５ー６", "緯度": 36.299787, "経度": 139.367398, "url": "https://www.iryou.teikyouseido.mhlw.go.jp/znk-web/juminkanja/S2430/initialize?prefCd=10&kikanCd=2100001956&kikanKbn=2", "url2": "https://ota-eye.com", "内容": "太田鈴木眼科【2:診療所】【診療科目:眼科】群馬県太田市八幡町２５ー６" }, "geometry": { "type": "Point", "coordinates": [ 139.367398, 36.299787 ] } },
{ "type": "Feature", "properties": { "ID": 1022100001957, "正式名称": "ローズタウン糖尿病内科", "機関区分": 2, "都道府県コード": 10, "市区町村コード": 201, "所在地": "群馬県前橋市江木町１７０１－１", "緯度": 36.394654, "経度": 139.139818, "url": "https://www.iryou.teikyouseido.mhlw.go.jp/znk-web/juminkanja/S2430/initialize?prefCd=10&kikanCd=2100001957&kikanKbn=2", "url2": "https://rosetown-clinic.jp", "内容": "ローズタウン糖尿病内科【2:診療所】【診療科目:糖尿病・内分泌内科】群馬県前橋市江木町１７０１－１" }, "geometry": { "type": "Point", "coordinates": [ 139.139818, 36.394654 ] } },
{ "type": "Feature", "properties": { "ID": 1022100001958, "正式名称": "医療法人　しおざわ整形外科クリニック", "機関区分": 2, "都道府県コード": 10, "市区町村コード": 201, "所在地": "群馬県前橋市上細井町２０４４－１", "緯度": 36.416134, "経度": 139.079672, "url": "https://www.iryou.teikyouseido.mhlw.go.jp/znk-web/juminkanja/S2430/initialize?prefCd=10&kikanCd=2100001958&kikanKbn=2", "url2": "http://www.shiozawaseikei.jp", "内容": "医療法人　しおざわ整形外科クリニック【2:診療所】【診療科目:整形外科_リウマチ科_リハビリテーション科】群馬県前橋市上細井町２０４４－１" }, "geometry": { "type": "Point", "coordinates": [ 139.079672, 36.416134 ] } },
{ "type": "Feature", "properties": { "ID": 1022100001962, "正式名称": "上州眼科伊勢崎", "機関区分": 2, "都道府県コード": 10, "市区町村コード": 204, "所在地": "群馬県伊勢崎市西小保方町３６８　ＳＭＡＲＫ伊勢崎３階", "緯度": 36.339333, "経度": 139.232144, "url": "https://www.iryou.teikyouseido.mhlw.go.jp/znk-web/juminkanja/S2430/initialize?prefCd=10&kikanCd=2100001962&kikanKbn=2", "url2": "https://www.joshu-ganka.com/", "内容": "上州眼科伊勢崎【2:診療所】【診療科目:眼科】群馬県伊勢崎市西小保方町３６８　ＳＭＡＲＫ伊勢崎３階" }, "geometry": { "type": "Point", "coordinates": [ 139.232144, 36.339333 ] } },
{ "type": "Feature", "properties": { "ID": 1022100001963, "正式名称": "医療法人あい友会　あい駒形クリニック", "機関区分": 2, "都道府県コード": 10, "市区町村コード": 201, "所在地": "群馬県前橋市小屋原町１６９８－１", "緯度": 36.34945, "経度": 139.13642, "url": "https://www.iryou.teikyouseido.mhlw.go.jp/znk-web/juminkanja/S2430/initialize?prefCd=10&kikanCd=2100001963&kikanKbn=2", "url2": "https://komagata.aiyu-kai.or.jp/", "内容": "医療法人あい友会　あい駒形クリニック【2:診療所】【診療科目:内科】群馬県前橋市小屋原町１６９８－１" }, "geometry": { "type": "Point", "coordinates": [ 139.13642, 36.34945 ] } },
{ "type": "Feature", "properties": { "ID": 1022100001964, "正式名称": "ＡＧＡスキンクリニック高崎院", "機関区分": 2, "都道府県コード": 10, "市区町村コード": 202, "所在地": "群馬県高崎市八島町２２２番地　高崎モントレー７階", "緯度": 36.322433, "経度": 139.012051, "url": "https://www.iryou.teikyouseido.mhlw.go.jp/znk-web/juminkanja/S2430/initialize?prefCd=10&kikanCd=2100001964&kikanKbn=2", "url2": "https://www.agaskin.net/clinic/tk/", "内容": "ＡＧＡスキンクリニック高崎院【2:診療所】【診療科目:美容皮膚科】群馬県高崎市八島町２２２番地　高崎モントレー７階" }, "geometry": { "type": "Point", "coordinates": [ 139.012051, 36.322433 ] } },
{ "type": "Feature", "properties": { "ID": 1022100001965, "正式名称": "まりこどもアレルギークリニック", "機関区分": 2, "都道府県コード": 10, "市区町村コード": 201, "所在地": "群馬県前橋市元総社町", "緯度": 36.391299, "経度": 139.028474, "url": "https://www.iryou.teikyouseido.mhlw.go.jp/znk-web/juminkanja/S2430/initialize?prefCd=10&kikanCd=2100001965&kikanKbn=2", "url2": "https://mari-kodomo.com", "内容": "まりこどもアレルギークリニック【2:診療所】【診療科目:小児科_アレルギー科】群馬県前橋市元総社町" }, "geometry": { "type": "Point", "coordinates": [ 139.028474, 36.391299 ] } },
{ "type": "Feature", "properties": { "ID": 1022100001966, "正式名称": "高崎ビューティーアートクリニック", "機関区分": 2, "都道府県コード": 10, "市区町村コード": 202, "所在地": "群馬県高崎市上並榎町３５５ー１　ソレイユ上並榎２０１", "緯度": 36.34287, "経度": 138.987798, "url": "https://www.iryou.teikyouseido.mhlw.go.jp/znk-web/juminkanja/S2430/initialize?prefCd=10&kikanCd=2100001966&kikanKbn=2", "url2": "https://artmake-clinic.jp/", "内容": "高崎ビューティーアートクリニック【2:診療所】【診療科目:美容皮膚科】群馬県高崎市上並榎町３５５ー１　ソレイユ上並榎２０１" }, "geometry": { "type": "Point", "coordinates": [ 138.987798, 36.34287 ] } },
{ "type": "Feature", "properties": { "ID": 1022100001968, "正式名称": "医療法人社団輝会　　たんぽぽクリニック", "機関区分": 2, "都道府県コード": 10, "市区町村コード": 201, "所在地": "群馬県前橋市新前橋町１３ー１　フィールドフォー４０５", "緯度": 36.379288, "経度": 139.04942, "url": "https://www.iryou.teikyouseido.mhlw.go.jp/znk-web/juminkanja/S2430/initialize?prefCd=10&kikanCd=2100001968&kikanKbn=2", "url2": null, "内容": "医療法人社団輝会　　たんぽぽクリニック【2:診療所】【診療科目:内科_皮膚科_精神科】群馬県前橋市新前橋町１３ー１　フィールドフォー４０５" }, "geometry": { "type": "Point", "coordinates": [ 139.04942, 36.379288 ] } },
{ "type": "Feature", "properties": { "ID": 1022100001969, "正式名称": "医療法人明峯会　あおぞら内科リウマチ科クリニック", "機関区分": 2, "都道府県コード": 10, "市区町村コード": 205, "所在地": "群馬県太田市新道町３７－３", "緯度": 36.298817, "経度": 139.344379, "url": "https://www.iryou.teikyouseido.mhlw.go.jp/znk-web/juminkanja/S2430/initialize?prefCd=10&kikanCd=2100001969&kikanKbn=2", "url2": "https://aozora-rheum.com/", "内容": "医療法人明峯会　あおぞら内科リウマチ科クリニック【2:診療所】【診療科目:内科_アレルギー科_リウマチ科】群馬県太田市新道町３７－３" }, "geometry": { "type": "Point", "coordinates": [ 139.344379, 36.298817 ] } },
{ "type": "Feature", "properties": { "ID": 1022100001971, "正式名称": "明和赤ちゃんこどもクリニック", "機関区分": 2, "都道府県コード": 10, "市区町村コード": 522, "所在地": "群馬県邑楽郡明和町中谷３３１ー１", "緯度": 36.208588, "経度": 139.5256, "url": "https://www.iryou.teikyouseido.mhlw.go.jp/znk-web/juminkanja/S2430/initialize?prefCd=10&kikanCd=2100001971&kikanKbn=2", "url2": "https://meiwa-ped.com/", "内容": "明和赤ちゃんこどもクリニック【2:診療所】【診療科目:小児科_小児皮膚科】群馬県邑楽郡明和町中谷３３１ー１" }, "geometry": { "type": "Point", "coordinates": [ 139.5256, 36.208588 ] } },
{ "type": "Feature", "properties": { "ID": 1022100001972, "正式名称": "ＡＢＣクリニック美容外科　高崎院", "機関区分": 2, "都道府県コード": 10, "市区町村コード": 202, "所在地": "群馬県高崎市通町２８番地　高橋ビル２Ｆ", "緯度": 36.323458, "経度": 139.010119, "url": "https://www.iryou.teikyouseido.mhlw.go.jp/znk-web/juminkanja/S2430/initialize?prefCd=10&kikanCd=2100001972&kikanKbn=2", "url2": "https://www.abc-takasaki.jp", "内容": "ＡＢＣクリニック美容外科　高崎院【2:診療所】【診療科目:美容外科】群馬県高崎市通町２８番地　高橋ビル２Ｆ" }, "geometry": { "type": "Point", "coordinates": [ 139.010119, 36.323458 ] } },
{ "type": "Feature", "properties": { "ID": 1022100001973, "正式名称": "ＴＣＢ　東京中央美容外科・ＴＣＢ　スキンクリニック　高崎院", "機関区分": 2, "都道府県コード": 10, "市区町村コード": 202, "所在地": "群馬県高崎市八島町４６－１高崎オーパ８Ｆ", "緯度": 36.323625, "経度": 139.011283, "url": "https://www.iryou.teikyouseido.mhlw.go.jp/znk-web/juminkanja/S2430/initialize?prefCd=10&kikanCd=2100001973&kikanKbn=2", "url2": "https://aoki-tsuyoshi.com/", "内容": "ＴＣＢ　東京中央美容外科・ＴＣＢ　スキンクリニック　高崎院【2:診療所】【診療科目:形成外科_美容外科_皮膚科_美容皮膚科】群馬県高崎市八島町４６－１高崎オーパ８Ｆ" }, "geometry": { "type": "Point", "coordinates": [ 139.011283, 36.323625 ] } },
{ "type": "Feature", "properties": { "ID": 1022100001974, "正式名称": "高崎美容クリニック", "機関区分": 2, "都道府県コード": 10, "市区町村コード": 202, "所在地": "群馬県高崎市栄町４ー１０　３階", "緯度": 36.322147, "経度": 139.01454, "url": "https://www.iryou.teikyouseido.mhlw.go.jp/znk-web/juminkanja/S2430/initialize?prefCd=10&kikanCd=2100001974&kikanKbn=2", "url2": "https://takasaki-beauty.com/", "内容": "高崎美容クリニック【2:診療所】【診療科目:美容外科】群馬県高崎市栄町４ー１０　３階" }, "geometry": { "type": "Point", "coordinates": [ 139.01454, 36.322147 ] } },
{ "type": "Feature", "properties": { "ID": 1022100001976, "正式名称": "医療法人ｍｉｙａｂｉ　なのはな歯科・口腔クリニック", "機関区分": 2, "都道府県コード": 10, "市区町村コード": 212, "所在地": "群馬県みどり市笠懸町鹿３９２６－１", "緯度": 36.385966, "経度": 139.269846, "url": "https://www.iryou.teikyouseido.mhlw.go.jp/znk-web/juminkanja/S2430/initialize?prefCd=10&kikanCd=2100001976&kikanKbn=2", "url2": null, "内容": "医療法人ｍｉｙａｂｉ　なのはな歯科・口腔クリニック【2:診療所】【診療科目:歯科_矯正歯科_歯科口腔外科_小児歯科_小児矯正歯科】群馬県みどり市笠懸町鹿３９２６－１" }, "geometry": { "type": "Point", "coordinates": [ 139.269846, 36.385966 ] } },
{ "type": "Feature", "properties": { "ID": 1022100001977, "正式名称": "ＰＴＳＤケア松本メンタルクリニック", "機関区分": 2, "都道府県コード": 10, "市区町村コード": 201, "所在地": "群馬県前橋市光が丘町１７－１", "緯度": 36.370915, "経度": 139.057904, "url": "https://www.iryou.teikyouseido.mhlw.go.jp/znk-web/juminkanja/S2430/initialize?prefCd=10&kikanCd=2100001977&kikanKbn=2", "url2": null, "内容": "ＰＴＳＤケア松本メンタルクリニック【2:診療所】【診療科目:精神科】群馬県前橋市光が丘町１７－１" }, "geometry": { "type": "Point", "coordinates": [ 139.057904, 36.370915 ] } },
{ "type": "Feature", "properties": { "ID": 1022100001979, "正式名称": "多聞内科クリニック", "機関区分": 2, "都道府県コード": 10, "市区町村コード": 202, "所在地": "群馬県高崎市福島町７６３－８", "緯度": 36.36641, "経度": 138.996444, "url": "https://www.iryou.teikyouseido.mhlw.go.jp/znk-web/juminkanja/S2430/initialize?prefCd=10&kikanCd=2100001979&kikanKbn=2", "url2": "https://tamon-naika.com/", "内容": "多聞内科クリニック【2:診療所】【診療科目:内科_消化器内科_肝臓内科】群馬県高崎市福島町７６３－８" }, "geometry": { "type": "Point", "coordinates": [ 138.996444, 36.36641 ] } },
{ "type": "Feature", "properties": { "ID": 1022100001980, "正式名称": "ニコ内科クリニック", "機関区分": 2, "都道府県コード": 10, "市区町村コード": 202, "所在地": "群馬県高崎市棟高町９４番地１", "緯度": 36.383488, "経度": 139.001259, "url": "https://www.iryou.teikyouseido.mhlw.go.jp/znk-web/juminkanja/S2430/initialize?prefCd=10&kikanCd=2100001980&kikanKbn=2", "url2": "https://nico-cl.com/", "内容": "ニコ内科クリニック【2:診療所】【診療科目:内科】群馬県高崎市棟高町９４番地１" }, "geometry": { "type": "Point", "coordinates": [ 139.001259, 36.383488 ] } },
{ "type": "Feature", "properties": { "ID": 1022100001983, "正式名称": "いやさかリゾートクリニック", "機関区分": 2, "都道府県コード": 10, "市区町村コード": 205, "所在地": "群馬県太田市本町３０ー１４", "緯度": 36.298392, "経度": 139.374755, "url": "https://www.iryou.teikyouseido.mhlw.go.jp/znk-web/juminkanja/S2430/initialize?prefCd=10&kikanCd=2100001983&kikanKbn=2", "url2": "https://www.sekinesayaka.com/", "内容": "いやさかリゾートクリニック【2:診療所】【診療科目:内科_アレルギー疾患内科_小児科_精神科_心療内科_アレルギー科】群馬県太田市本町３０ー１４" }, "geometry": { "type": "Point", "coordinates": [ 139.374755, 36.298392 ] } },
{ "type": "Feature", "properties": { "ID": 1022100001985, "正式名称": "つるこうじ小児科内科", "機関区分": 2, "都道府県コード": 10, "市区町村コード": 201, "所在地": "群馬県前橋市鶴光路町３４５－１", "緯度": 36.334951, "経度": 139.09698, "url": "https://www.iryou.teikyouseido.mhlw.go.jp/znk-web/juminkanja/S2430/initialize?prefCd=10&kikanCd=2100001985&kikanKbn=2", "url2": null, "内容": "つるこうじ小児科内科【2:診療所】【診療科目:内科_小児科】群馬県前橋市鶴光路町３４５－１" }, "geometry": { "type": "Point", "coordinates": [ 139.09698, 36.334951 ] } },
{ "type": "Feature", "properties": { "ID": 1022100001986, "正式名称": "さとり循環器・内科クリニック", "機関区分": 2, "都道府県コード": 10, "市区町村コード": 201, "所在地": "群馬県前橋市大利根町２－３２－４", "緯度": 36.358546, "経度": 139.062406, "url": "https://www.iryou.teikyouseido.mhlw.go.jp/znk-web/juminkanja/S2430/initialize?prefCd=10&kikanCd=2100001986&kikanKbn=2", "url2": "https://www.satori-cl.com/", "内容": "さとり循環器・内科クリニック【2:診療所】【診療科目:内科_循環器内科】群馬県前橋市大利根町２－３２－４" }, "geometry": { "type": "Point", "coordinates": [ 139.062406, 36.358546 ] } },
{ "type": "Feature", "properties": { "ID": 1022100001987, "正式名称": "いわさきこどもクリニック", "機関区分": 2, "都道府県コード": 10, "市区町村コード": 201, "所在地": "群馬県前橋市箱田町１３５２－１", "緯度": 36.361446, "経度": 139.053054, "url": "https://www.iryou.teikyouseido.mhlw.go.jp/znk-web/juminkanja/S2430/initialize?prefCd=10&kikanCd=2100001987&kikanKbn=2", "url2": null, "内容": "いわさきこどもクリニック【2:診療所】【診療科目:小児科】群馬県前橋市箱田町１３５２－１" }, "geometry": { "type": "Point", "coordinates": [ 139.053054, 36.361446 ] } },
{ "type": "Feature", "properties": { "ID": 1022100001988, "正式名称": "周東クリニック", "機関区分": 2, "都道府県コード": 10, "市区町村コード": 201, "所在地": "群馬県前橋市元総社町１２００−１", "緯度": 36.38478, "経度": 139.027221, "url": "https://www.iryou.teikyouseido.mhlw.go.jp/znk-web/juminkanja/S2430/initialize?prefCd=10&kikanCd=2100001988&kikanKbn=2", "url2": "https://shuto-cl.com", "内容": "周東クリニック【2:診療所】【診療科目:内科_性感染症内科_糖尿病・代謝内科_代謝・内分泌内科_腎臓内科_小児皮膚科_小児泌尿器科_皮膚科_美容皮膚科_皮膚泌尿器科_泌尿器科_男性泌尿器科_神経泌尿器科_腎臓・泌尿器科_皮膚・泌尿器科】群馬県前橋市元総社町１２００−１" }, "geometry": { "type": "Point", "coordinates": [ 139.027221, 36.38478 ] } },
{ "type": "Feature", "properties": { "ID": 1022100001989, "正式名称": "あら町在宅診療所", "機関区分": 2, "都道府県コード": 10, "市区町村コード": 202, "所在地": "群馬県高崎市鶴見町７ー５　ロイヤルコーポ参番館２０３号室", "緯度": 36.318844, "経度": 139.01132, "url": "https://www.iryou.teikyouseido.mhlw.go.jp/znk-web/juminkanja/S2430/initialize?prefCd=10&kikanCd=2100001989&kikanKbn=2", "url2": "https://aramachi-home.jimdosite.com/", "内容": "あら町在宅診療所【2:診療所】【診療科目:内科】群馬県高崎市鶴見町７ー５　ロイヤルコーポ参番館２０３号室" }, "geometry": { "type": "Point", "coordinates": [ 139.01132, 36.318844 ] } },
{ "type": "Feature", "properties": { "ID": 1022100001990, "正式名称": "水沼診療所", "機関区分": 2, "都道府県コード": 10, "市区町村コード": 203, "所在地": "群馬県桐生市黒保根町水沼１５５－１", "緯度": 36.501356, "経度": 139.281519, "url": "https://www.iryou.teikyouseido.mhlw.go.jp/znk-web/juminkanja/S2430/initialize?prefCd=10&kikanCd=2100001990&kikanKbn=2", "url2": null, "内容": "水沼診療所【2:診療所】【診療科目:内科】群馬県桐生市黒保根町水沼１５５－１" }, "geometry": { "type": "Point", "coordinates": [ 139.281519, 36.501356 ] } },
{ "type": "Feature", "properties": { "ID": 1022100001991, "正式名称": "上小出健康相談クリニック", "機関区分": 2, "都道府県コード": 10, "市区町村コード": 201, "所在地": "群馬県前橋市上小出町", "緯度": 36.419107, "経度": 139.061019, "url": "https://www.iryou.teikyouseido.mhlw.go.jp/znk-web/juminkanja/S2430/initialize?prefCd=10&kikanCd=2100001991&kikanKbn=2", "url2": null, "内容": "上小出健康相談クリニック【2:診療所】【診療科目:内科】群馬県前橋市上小出町" }, "geometry": { "type": "Point", "coordinates": [ 139.061019, 36.419107 ] } },
{ "type": "Feature", "properties": { "ID": 1022100001992, "正式名称": "猿谷内科クリニック", "機関区分": 2, "都道府県コード": 10, "市区町村コード": 204, "所在地": "群馬県伊勢崎市連取元町２１６－５", "緯度": 36.313538, "経度": 139.179454, "url": "https://www.iryou.teikyouseido.mhlw.go.jp/znk-web/juminkanja/S2430/initialize?prefCd=10&kikanCd=2100001992&kikanKbn=2", "url2": "https://saruya.jp", "内容": "猿谷内科クリニック【2:診療所】【診療科目:内科_消化器内科】群馬県伊勢崎市連取元町２１６－５" }, "geometry": { "type": "Point", "coordinates": [ 139.179454, 36.313538 ] } },
{ "type": "Feature", "properties": { "ID": 1022100001993, "正式名称": "医療法人社団平郁会みんなの前橋クリニック", "機関区分": 2, "都道府県コード": 10, "市区町村コード": 201, "所在地": "群馬県前橋市下石倉町２４ー５", "緯度": 36.384809, "経度": 139.0499, "url": "https://www.iryou.teikyouseido.mhlw.go.jp/znk-web/juminkanja/S2430/initialize?prefCd=10&kikanCd=2100001993&kikanKbn=2", "url2": "https://www.heiikukai.com/clinic/maebashi/", "内容": "医療法人社団平郁会みんなの前橋クリニック【2:診療所】【診療科目:内科_精神科】群馬県前橋市下石倉町２４ー５" }, "geometry": { "type": "Point", "coordinates": [ 139.0499, 36.384809 ] } },
{ "type": "Feature", "properties": { "ID": 1022100001994, "正式名称": "エミナルクリニック高崎院", "機関区分": 2, "都道府県コード": 10, "市区町村コード": 202, "所在地": "群馬県高崎市宮元町２２７番地高崎ステージビル３階", "緯度": 36.324128, "経度": 139.005308, "url": "https://www.iryou.teikyouseido.mhlw.go.jp/znk-web/juminkanja/S2430/initialize?prefCd=10&kikanCd=2100001994&kikanKbn=2", "url2": null, "内容": "エミナルクリニック高崎院【2:診療所】【診療科目:美容皮膚科】群馬県高崎市宮元町２２７番地高崎ステージビル３階" }, "geometry": { "type": "Point", "coordinates": [ 139.005308, 36.324128 ] } },
{ "type": "Feature", "properties": { "ID": 1022100001996, "正式名称": "ふじまきクリニック脳神経外科・内科", "機関区分": 2, "都道府県コード": 10, "市区町村コード": 201, "所在地": "群馬県前橋市川原町２丁目２ー５", "緯度": 36.42842, "経度": 139.042766, "url": "https://www.iryou.teikyouseido.mhlw.go.jp/znk-web/juminkanja/S2430/initialize?prefCd=10&kikanCd=2100001996&kikanKbn=2", "url2": "https://fujimakiclinic.com", "内容": "ふじまきクリニック脳神経外科・内科【2:診療所】【診療科目:内科_脳神経外科】群馬県前橋市川原町２丁目２ー５" }, "geometry": { "type": "Point", "coordinates": [ 139.042766, 36.42842 ] } },
{ "type": "Feature", "properties": { "ID": 1022100001997, "正式名称": "天川大島にしきどクリニック", "機関区分": 2, "都道府県コード": 10, "市区町村コード": 201, "所在地": "群馬県前橋市天川大島町３３－１", "緯度": 36.36418, "経度": 139.1098, "url": "https://www.iryou.teikyouseido.mhlw.go.jp/znk-web/juminkanja/S2430/initialize?prefCd=10&kikanCd=2100001997&kikanKbn=2", "url2": "https://nishikido.clinic/", "内容": "天川大島にしきどクリニック【2:診療所】【診療科目:内科_呼吸器内科_消化器内科_小児科_リウマチ科】群馬県前橋市天川大島町３３－１" }, "geometry": { "type": "Point", "coordinates": [ 139.1098, 36.36418 ] } },
{ "type": "Feature", "properties": { "ID": 1022100001999, "正式名称": "高崎東口クリニック", "機関区分": 2, "都道府県コード": 10, "市区町村コード": 202, "所在地": "群馬県高崎市双葉町１－９ＫＡＴＵＲＡ高崎２Ｆ－Ａ", "緯度": 36.3136, "経度": 139.021192, "url": "https://www.iryou.teikyouseido.mhlw.go.jp/znk-web/juminkanja/S2430/initialize?prefCd=10&kikanCd=2100001999&kikanKbn=2", "url2": "https://takasaki-eg-cl.jp/", "内容": "高崎東口クリニック【2:診療所】【診療科目:内科_美容皮膚科】群馬県高崎市双葉町１－９ＫＡＴＵＲＡ高崎２Ｆ－Ａ" }, "geometry": { "type": "Point", "coordinates": [ 139.021192, 36.3136 ] } },
{ "type": "Feature", "properties": { "ID": 1022100002001, "正式名称": "ふれあいクリニック", "機関区分": 2, "都道府県コード": 10, "市区町村コード": 205, "所在地": "群馬県太田市大原町１１５－４２　メゾン飯塚２－１", "緯度": 36.348419, "経度": 139.299156, "url": "https://www.iryou.teikyouseido.mhlw.go.jp/znk-web/juminkanja/S2430/initialize?prefCd=10&kikanCd=2100002001&kikanKbn=2", "url2": null, "内容": "ふれあいクリニック【2:診療所】【診療科目:内科_皮膚科_精神科】群馬県太田市大原町１１５－４２　メゾン飯塚２－１" }, "geometry": { "type": "Point", "coordinates": [ 139.299156, 36.348419 ] } },
{ "type": "Feature", "properties": { "ID": 1022100002003, "正式名称": "とも皮膚科クリニック", "機関区分": 2, "都道府県コード": 10, "市区町村コード": 202, "所在地": "群馬県高崎市上中居町２９６−２", "緯度": 36.31604, "経度": 139.028835, "url": "https://www.iryou.teikyouseido.mhlw.go.jp/znk-web/juminkanja/S2430/initialize?prefCd=10&kikanCd=2100002003&kikanKbn=2", "url2": "https://tomohifuka.clinic/", "内容": "とも皮膚科クリニック【2:診療所】【診療科目:アレルギー科】群馬県高崎市上中居町２９６−２" }, "geometry": { "type": "Point", "coordinates": [ 139.028835, 36.31604 ] } },
{ "type": "Feature", "properties": { "ID": 1022100002009, "正式名称": "なかまクリニック", "機関区分": 2, "都道府県コード": 10, "市区町村コード": 205, "所在地": "群馬県太田市新田小金井町３０８－１", "緯度": 36.3028, "経度": 139.320417, "url": "https://www.iryou.teikyouseido.mhlw.go.jp/znk-web/juminkanja/S2430/initialize?prefCd=10&kikanCd=2100002009&kikanKbn=2", "url2": "https://nakamaclinic.com", "内容": "なかまクリニック【2:診療所】【診療科目:内科_脳神経内科_脳神経外科】群馬県太田市新田小金井町３０８－１" }, "geometry": { "type": "Point", "coordinates": [ 139.320417, 36.3028 ] } },
{ "type": "Feature", "properties": { "ID": 1022100002010, "正式名称": "医療法人善心会かえでクリニック", "機関区分": 2, "都道府県コード": 10, "市区町村コード": 204, "所在地": "群馬県伊勢崎市連取町１５８－３", "緯度": 36.327417, "経度": 139.169411, "url": "https://www.iryou.teikyouseido.mhlw.go.jp/znk-web/juminkanja/S2430/initialize?prefCd=10&kikanCd=2100002010&kikanKbn=2", "url2": "https://zenshinkai.jp/kaede.html", "内容": "医療法人善心会かえでクリニック【2:診療所】【診療科目:内科】群馬県伊勢崎市連取町１５８－３" }, "geometry": { "type": "Point", "coordinates": [ 139.169411, 36.327417 ] } },
{ "type": "Feature", "properties": { "ID": 1022100002011, "正式名称": "あざみこころのクリニック", "機関区分": 2, "都道府県コード": 10, "市区町村コード": 212, "所在地": "群馬県みどり市笠懸町阿左美２５１３－９", "緯度": 36.397548, "経度": 139.293391, "url": "https://www.iryou.teikyouseido.mhlw.go.jp/znk-web/juminkanja/S2430/initialize?prefCd=10&kikanCd=2100002011&kikanKbn=2", "url2": "https://azamikokoronoclinic.com/", "内容": "あざみこころのクリニック【2:診療所】【診療科目:精神科_心療内科】群馬県みどり市笠懸町阿左美２５１３－９" }, "geometry": { "type": "Point", "coordinates": [ 139.293391, 36.397548 ] } },
{ "type": "Feature", "properties": { "ID": 1022100002013, "正式名称": "わたなべ小児科", "機関区分": 2, "都道府県コード": 10, "市区町村コード": 202, "所在地": "群馬県高崎市昭和町１８２－３", "緯度": 36.335287, "経度": 139.005782, "url": "https://www.iryou.teikyouseido.mhlw.go.jp/znk-web/juminkanja/S2430/initialize?prefCd=10&kikanCd=2100002013&kikanKbn=2", "url2": "https://www.watanabe-pediatrics.com/", "内容": "わたなべ小児科【2:診療所】【診療科目:小児科】群馬県高崎市昭和町１８２－３" }, "geometry": { "type": "Point", "coordinates": [ 139.005782, 36.335287 ] } },
{ "type": "Feature", "properties": { "ID": 1022100002015, "正式名称": "医療法人民善会細谷腎クリニック藤岡", "機関区分": 2, "都道府県コード": 10, "市区町村コード": 209, "所在地": "群馬県藤岡市上大塚４３７－１", "緯度": 36.240663, "経度": 139.059042, "url": "https://www.iryou.teikyouseido.mhlw.go.jp/znk-web/juminkanja/S2430/initialize?prefCd=10&kikanCd=2100002015&kikanKbn=2", "url2": "https://www.hosoya.or.jp/hosoya-jinclinic/", "内容": "医療法人民善会細谷腎クリニック藤岡【2:診療所】【診療科目:内科_腎臓内科_外科】群馬県藤岡市上大塚４３７－１" }, "geometry": { "type": "Point", "coordinates": [ 139.059042, 36.240663 ] } },
{ "type": "Feature", "properties": { "ID": 1022100002016, "正式名称": "エターナル美容クリニック", "機関区分": 2, "都道府県コード": 10, "市区町村コード": 202, "所在地": "群馬県高崎市通町４４ＨＡＪＩＭＥビル２０１", "緯度": 36.324577, "経度": 139.01021, "url": "https://www.iryou.teikyouseido.mhlw.go.jp/znk-web/juminkanja/S2430/initialize?prefCd=10&kikanCd=2100002016&kikanKbn=2", "url2": null, "内容": "エターナル美容クリニック【2:診療所】【診療科目:美容外科】群馬県高崎市通町４４ＨＡＪＩＭＥビル２０１" }, "geometry": { "type": "Point", "coordinates": [ 139.01021, 36.324577 ] } },
{ "type": "Feature", "properties": { "ID": 1022100002017, "正式名称": "おがたクリニック", "機関区分": 2, "都道府県コード": 10, "市区町村コード": 207, "所在地": "群馬県館林市本町２－１０－７", "緯度": 36.247321, "経度": 139.534323, "url": "https://www.iryou.teikyouseido.mhlw.go.jp/znk-web/juminkanja/S2430/initialize?prefCd=10&kikanCd=2100002017&kikanKbn=2", "url2": "http://.ogakuri.com", "内容": "おがたクリニック【2:診療所】【診療科目:形成外科_皮膚科_美容皮膚科_アレルギー科】群馬県館林市本町２－１０－７" }, "geometry": { "type": "Point", "coordinates": [ 139.534323, 36.247321 ] } },
{ "type": "Feature", "properties": { "ID": 1022100002018, "正式名称": "かもめ在宅診療所", "機関区分": 2, "都道府県コード": 10, "市区町村コード": 202, "所在地": "群馬県高崎市北原町６６－３", "緯度": 36.405837, "経度": 139.026496, "url": "https://www.iryou.teikyouseido.mhlw.go.jp/znk-web/juminkanja/S2430/initialize?prefCd=10&kikanCd=2100002018&kikanKbn=2", "url2": null, "内容": "かもめ在宅診療所【2:診療所】【診療科目:内科】群馬県高崎市北原町６６－３" }, "geometry": { "type": "Point", "coordinates": [ 139.026496, 36.405837 ] } },
{ "type": "Feature", "properties": { "ID": 1022100002020, "正式名称": "医療法人社団イースト会　高崎イースト駅前クリニック", "機関区分": 2, "都道府県コード": 10, "市区町村コード": 202, "所在地": "群馬県高崎市八島町３９－５後藤ビル３階", "緯度": 36.322678, "経度": 139.011072, "url": "https://www.iryou.teikyouseido.mhlw.go.jp/znk-web/juminkanja/S2430/initialize?prefCd=10&kikanCd=2100002020&kikanKbn=2", "url2": null, "内容": "医療法人社団イースト会　高崎イースト駅前クリニック【2:診療所】【診療科目:内科_皮膚科_泌尿器科】群馬県高崎市八島町３９－５後藤ビル３階" }, "geometry": { "type": "Point", "coordinates": [ 139.011072, 36.322678 ] } },
{ "type": "Feature", "properties": { "ID": 1022100002022, "正式名称": "ＴＣＢ　東京中央美容外科・ＴＣＢ　スキンクリニック　前橋院", "機関区分": 2, "都道府県コード": 10, "市区町村コード": 201, "所在地": "群馬県前橋市表町２－３０－８ＡＱＥＲＵ前橋Ｂ１Ｆ", "緯度": 36.383211, "経度": 139.070553, "url": "https://www.iryou.teikyouseido.mhlw.go.jp/znk-web/juminkanja/S2430/initialize?prefCd=10&kikanCd=2100002022&kikanKbn=2", "url2": "https://aoki-tsuyoshi.com/", "内容": "ＴＣＢ　東京中央美容外科・ＴＣＢ　スキンクリニック　前橋院【2:診療所】【診療科目:形成外科_美容外科_皮膚科_美容皮膚科】群馬県前橋市表町２－３０－８ＡＱＥＲＵ前橋Ｂ１Ｆ" }, "geometry": { "type": "Point", "coordinates": [ 139.070553, 36.383211 ] } },
{ "type": "Feature", "properties": { "ID": 1022100002023, "正式名称": "はなまる消化器内科クリニック", "機関区分": 2, "都道府県コード": 10, "市区町村コード": 201, "所在地": "群馬県前橋市鶴光路町３４３－１", "緯度": 36.335024, "経度": 139.097416, "url": "https://www.iryou.teikyouseido.mhlw.go.jp/znk-web/juminkanja/S2430/initialize?prefCd=10&kikanCd=2100002023&kikanKbn=2", "url2": "hanamaru-clinic.com", "内容": "はなまる消化器内科クリニック【2:診療所】【診療科目:内科_消化器内科_胃腸内科_内視鏡内科】群馬県前橋市鶴光路町３４３－１" }, "geometry": { "type": "Point", "coordinates": [ 139.097416, 36.335024 ] } },
{ "type": "Feature", "properties": { "ID": 1022100002024, "正式名称": "高崎南クリニック", "機関区分": 2, "都道府県コード": 10, "市区町村コード": 202, "所在地": "群馬県高崎市浜尻町１２１６", "緯度": 36.355641, "経度": 139.012253, "url": "https://www.iryou.teikyouseido.mhlw.go.jp/znk-web/juminkanja/S2430/initialize?prefCd=10&kikanCd=2100002024&kikanKbn=2", "url2": null, "内容": "高崎南クリニック【2:診療所】【診療科目:内科】群馬県高崎市浜尻町１２１６" }, "geometry": { "type": "Point", "coordinates": [ 139.012253, 36.355641 ] } },
{ "type": "Feature", "properties": { "ID": 1022100002029, "正式名称": "青梨子はぎわら医院", "機関区分": 2, "都道府県コード": 10, "市区町村コード": 201, "所在地": "群馬県前橋市青梨子町１７１４－１", "緯度": 36.407646, "経度": 139.008752, "url": "https://www.iryou.teikyouseido.mhlw.go.jp/znk-web/juminkanja/S2430/initialize?prefCd=10&kikanCd=2100002029&kikanKbn=2", "url2": "https://aonashi-h.com", "内容": "青梨子はぎわら医院【2:診療所】【診療科目:内科】群馬県前橋市青梨子町１７１４－１" }, "geometry": { "type": "Point", "coordinates": [ 139.008752, 36.407646 ] } },
{ "type": "Feature", "properties": { "ID": 1022100002032, "正式名称": "かやかべクリニック", "機関区分": 2, "都道府県コード": 10, "市区町村コード": 208, "所在地": "群馬県渋川市白井２２７７－１", "緯度": 36.511654, "経度": 139.013479, "url": "https://www.iryou.teikyouseido.mhlw.go.jp/znk-web/juminkanja/S2430/initialize?prefCd=10&kikanCd=2100002032&kikanKbn=2", "url2": null, "内容": "かやかべクリニック【2:診療所】【診療科目:消化器内科_整形外科_リハビリテーション科】群馬県渋川市白井２２７７－１" }, "geometry": { "type": "Point", "coordinates": [ 139.013479, 36.511654 ] } },
{ "type": "Feature", "properties": { "ID": 1022100002033, "正式名称": "前橋　森本眼科皮膚科", "機関区分": 2, "都道府県コード": 10, "市区町村コード": 201, "所在地": "群馬県前橋市元総社町１５７６－１", "緯度": 36.390947, "経度": 139.028554, "url": "https://www.iryou.teikyouseido.mhlw.go.jp/znk-web/juminkanja/S2430/initialize?prefCd=10&kikanCd=2100002033&kikanKbn=2", "url2": "https://maebashimorimotoeyeskin.com/", "内容": "前橋　森本眼科皮膚科【2:診療所】【診療科目:眼科_皮膚科】群馬県前橋市元総社町１５７６－１" }, "geometry": { "type": "Point", "coordinates": [ 139.028554, 36.390947 ] } },
{ "type": "Feature", "properties": { "ID": 1022100002034, "正式名称": "整形外科　ぐんまの森クリニック", "機関区分": 2, "都道府県コード": 10, "市区町村コード": 202, "所在地": "群馬県高崎市八幡原町４５３－１", "緯度": 36.303378, "経度": 139.086425, "url": "https://www.iryou.teikyouseido.mhlw.go.jp/znk-web/juminkanja/S2430/initialize?prefCd=10&kikanCd=2100002034&kikanKbn=2", "url2": "https://www.gunmanomori-clinic.jp", "内容": "整形外科　ぐんまの森クリニック【2:診療所】【診療科目:整形外科】群馬県高崎市八幡原町４５３－１" }, "geometry": { "type": "Point", "coordinates": [ 139.086425, 36.303378 ] } },
{ "type": "Feature", "properties": { "ID": 1022100002038, "正式名称": "なるしま耳鼻咽喉科クリニック", "機関区分": 2, "都道府県コード": 10, "市区町村コード": 207, "所在地": "群馬県館林市大谷町１０５４－３", "緯度": 36.242922, "経度": 139.503183, "url": "https://www.iryou.teikyouseido.mhlw.go.jp/znk-web/juminkanja/S2430/initialize?prefCd=10&kikanCd=2100002038&kikanKbn=2", "url2": null, "内容": "なるしま耳鼻咽喉科クリニック【2:診療所】【診療科目:耳鼻いんこう科】群馬県館林市大谷町１０５４－３" }, "geometry": { "type": "Point", "coordinates": [ 139.503183, 36.242922 ] } },
{ "type": "Feature", "properties": { "ID": 1022100002040, "正式名称": "社会福祉法人三山会　みのわの里三山", "機関区分": 2, "都道府県コード": 10, "市区町村コード": 202, "所在地": "群馬県高崎市箕郷町東明屋３９４みのわの里三山", "緯度": 36.40708, "経度": 138.95087, "url": "https://www.iryou.teikyouseido.mhlw.go.jp/znk-web/juminkanja/S2430/initialize?prefCd=10&kikanCd=2100002040&kikanKbn=2", "url2": null, "内容": "社会福祉法人三山会　みのわの里三山【2:診療所】【診療科目:内科】群馬県高崎市箕郷町東明屋３９４みのわの里三山" }, "geometry": { "type": "Point", "coordinates": [ 138.95087, 36.40708 ] } },
{ "type": "Feature", "properties": { "ID": 1022100002042, "正式名称": "ポラリス　こころの診療科", "機関区分": 2, "都道府県コード": 10, "市区町村コード": 201, "所在地": "群馬県前橋市六供町３ー３６ー１３", "緯度": 36.368855, "経度": 139.07724, "url": "https://www.iryou.teikyouseido.mhlw.go.jp/znk-web/juminkanja/S2430/initialize?prefCd=10&kikanCd=2100002042&kikanKbn=2", "url2": "https://polaris-mental.com/", "内容": "ポラリス　こころの診療科【2:診療所】【診療科目:精神科_心療内科】群馬県前橋市六供町３ー３６ー１３" }, "geometry": { "type": "Point", "coordinates": [ 139.07724, 36.368855 ] } },
{ "type": "Feature", "properties": { "ID": 1022100002044, "正式名称": "よねもと整形外科　リウマチ・骨粗しょう症クリニック", "機関区分": 2, "都道府県コード": 10, "市区町村コード": 464, "所在地": "群馬県佐波郡玉村町南玉９６０", "緯度": 36.30656, "経度": 139.135349, "url": "https://www.iryou.teikyouseido.mhlw.go.jp/znk-web/juminkanja/S2430/initialize?prefCd=10&kikanCd=2100002044&kikanKbn=2", "url2": "https://www.yonemotoseikei.com/", "内容": "よねもと整形外科　リウマチ・骨粗しょう症クリニック【2:診療所】【診療科目:整形外科_リウマチ科_リハビリテーション科】群馬県佐波郡玉村町南玉９６０" }, "geometry": { "type": "Point", "coordinates": [ 139.135349, 36.30656 ] } },
{ "type": "Feature", "properties": { "ID": 1022100002046, "正式名称": "医療法人社団平郁会　みんなの高崎クリニック", "機関区分": 2, "都道府県コード": 10, "市区町村コード": 202, "所在地": "群馬県高崎市八千代町一丁目２番４号", "緯度": 36.321561, "経度": 138.993789, "url": "https://www.iryou.teikyouseido.mhlw.go.jp/znk-web/juminkanja/S2430/initialize?prefCd=10&kikanCd=2100002046&kikanKbn=2", "url2": "https://www.heiikukai.com/clinic/takasaki/", "内容": "医療法人社団平郁会　みんなの高崎クリニック【2:診療所】【診療科目:内科_精神科】群馬県高崎市八千代町一丁目２番４号" }, "geometry": { "type": "Point", "coordinates": [ 138.993789, 36.321561 ] } },
{ "type": "Feature", "properties": { "ID": 1022100002051, "正式名称": "あおばクリニック高崎院", "機関区分": 2, "都道府県コード": 10, "市区町村コード": 202, "所在地": "群馬県高崎市八島町１７イシイビル４０１", "緯度": 36.322636, "経度": 139.010206, "url": "https://www.iryou.teikyouseido.mhlw.go.jp/znk-web/juminkanja/S2430/initialize?prefCd=10&kikanCd=2100002051&kikanKbn=2", "url2": null, "内容": "あおばクリニック高崎院【2:診療所】【診療科目:眼科_美容皮膚科】群馬県高崎市八島町１７イシイビル４０１" }, "geometry": { "type": "Point", "coordinates": [ 139.010206, 36.322636 ] } },
{ "type": "Feature", "properties": { "ID": 1022100002052, "正式名称": "メンズライフクリニック高崎院", "機関区分": 2, "都道府県コード": 10, "市区町村コード": 202, "所在地": "群馬県高崎市八島町２４ウエストアロービル４階", "緯度": 36.322683, "経度": 139.01089, "url": "https://www.iryou.teikyouseido.mhlw.go.jp/znk-web/juminkanja/S2430/initialize?prefCd=10&kikanCd=2100002052&kikanKbn=2", "url2": null, "内容": "メンズライフクリニック高崎院【2:診療所】【診療科目:形成外科_美容外科】群馬県高崎市八島町２４ウエストアロービル４階" }, "geometry": { "type": "Point", "coordinates": [ 139.01089, 36.322683 ] } },
{ "type": "Feature", "properties": { "ID": 1022100002054, "正式名称": "いとう整形外科骨粗しょう症クリニック", "機関区分": 2, "都道府県コード": 10, "市区町村コード": 204, "所在地": "群馬県伊勢崎市西久保町２丁目３４４－１", "緯度": 36.378476, "経度": 139.235362, "url": "https://www.iryou.teikyouseido.mhlw.go.jp/znk-web/juminkanja/S2430/initialize?prefCd=10&kikanCd=2100002054&kikanKbn=2", "url2": null, "内容": "いとう整形外科骨粗しょう症クリニック【2:診療所】【診療科目:整形外科】群馬県伊勢崎市西久保町２丁目３４４－１" }, "geometry": { "type": "Point", "coordinates": [ 139.235362, 36.378476 ] } },
{ "type": "Feature", "properties": { "ID": 1022100002062, "正式名称": "医療法人中沢会　ハウスコールクリニック大島", "機関区分": 2, "都道府県コード": 10, "市区町村コード": 201, "所在地": "群馬県前橋市下大島町５８５－３４", "緯度": 36.361596, "経度": 139.11477, "url": "https://www.iryou.teikyouseido.mhlw.go.jp/znk-web/juminkanja/S2430/initialize?prefCd=10&kikanCd=2100002062&kikanKbn=2", "url2": null, "内容": "医療法人中沢会　ハウスコールクリニック大島【2:診療所】【診療科目:内科_循環器内科_消化器内科_神経内科_精神科_心療内科】群馬県前橋市下大島町５８５－３４" }, "geometry": { "type": "Point", "coordinates": [ 139.11477, 36.361596 ] } },
{ "type": "Feature", "properties": { "ID": 1022100002066, "正式名称": "高崎西口ごうだ内科", "機関区分": 2, "都道府県コード": 10, "市区町村コード": 202, "所在地": "群馬県高崎市鶴見４－２", "緯度": 36.319742, "経度": 139.011591, "url": "https://www.iryou.teikyouseido.mhlw.go.jp/znk-web/juminkanja/S2430/initialize?prefCd=10&kikanCd=2100002066&kikanKbn=2", "url2": "nishiguchi-goda.com", "内容": "高崎西口ごうだ内科【2:診療所】【診療科目:内科_感染症内科】群馬県高崎市鶴見４－２" }, "geometry": { "type": "Point", "coordinates": [ 139.011591, 36.319742 ] } }
]
}
