{
"type": "FeatureCollection",
"name": "geo_10_3",
"crs": { "type": "name", "properties": { "name": "urn:ogc:def:crs:OGC:1.3:CRS84" } },
"features": [
{ "type": "Feature", "properties": { "ID": 1033100000002, "正式名称": "あおなし歯科クリニック", "機関区分": 3, "都道府県コード": 10, "市区町村コード": 201, "所在地": "群馬県前橋市元総社町２－２０－１８", "緯度": 36.387583, "経度": 139.034458, "url": "https://www.iryou.teikyouseido.mhlw.go.jp/znk-web/juminkanja/S2430/initialize?prefCd=10&kikanCd=3100000002&kikanKbn=3", "url2": "https://www.aonashi-shika.com/", "内容": "あおなし歯科クリニック【3:歯科】群馬県前橋市元総社町２－２０－１８" }, "geometry": { "type": "Point", "coordinates": [ 139.034458, 36.387583 ] } },
{ "type": "Feature", "properties": { "ID": 1033100000003, "正式名称": "医療法人　青葉歯科医院", "機関区分": 3, "都道府県コード": 10, "市区町村コード": 201, "所在地": "群馬県前橋市野中町８６－２", "緯度": 36.381002, "経度": 139.108452, "url": "https://www.iryou.teikyouseido.mhlw.go.jp/znk-web/juminkanja/S2430/initialize?prefCd=10&kikanCd=3100000003&kikanKbn=3", "url2": "http://aoba-dc.jp/", "内容": "医療法人　青葉歯科医院【3:歯科】群馬県前橋市野中町８６－２" }, "geometry": { "type": "Point", "coordinates": [ 139.108452, 36.381002 ] } },
{ "type": "Feature", "properties": { "ID": 1033100000004, "正式名称": "医療法人社団　隆久会　青柳歯科クリニック", "機関区分": 3, "都道府県コード": 10, "市区町村コード": 201, "所在地": "群馬県前橋市青柳町１３３－８", "緯度": 36.417941, "経度": 139.068481, "url": "https://www.iryou.teikyouseido.mhlw.go.jp/znk-web/juminkanja/S2430/initialize?prefCd=10&kikanCd=3100000004&kikanKbn=3", "url2": "https://www.aoyagisika.com/", "内容": "医療法人社団　隆久会　青柳歯科クリニック【3:歯科】群馬県前橋市青柳町１３３－８" }, "geometry": { "type": "Point", "coordinates": [ 139.068481, 36.417941 ] } },
{ "type": "Feature", "properties": { "ID": 1033100000005, "正式名称": "赤城矯正歯科", "機関区分": 3, "都道府県コード": 10, "市区町村コード": 201, "所在地": "群馬県前橋市城東町１ー２３ー９", "緯度": 36.394527, "経度": 139.077704, "url": "https://www.iryou.teikyouseido.mhlw.go.jp/znk-web/juminkanja/S2430/initialize?prefCd=10&kikanCd=3100000005&kikanKbn=3", "url2": "https://www.akagi2585.com/", "内容": "赤城矯正歯科【3:歯科】群馬県前橋市城東町１ー２３ー９" }, "geometry": { "type": "Point", "coordinates": [ 139.077704, 36.394527 ] } },
{ "type": "Feature", "properties": { "ID": 1033100000006, "正式名称": "明石歯科医院", "機関区分": 3, "都道府県コード": 10, "市区町村コード": 201, "所在地": "群馬県前橋市若宮町２－４－１７", "緯度": 36.39961, "経度": 139.072732, "url": "https://www.iryou.teikyouseido.mhlw.go.jp/znk-web/juminkanja/S2430/initialize?prefCd=10&kikanCd=3100000006&kikanKbn=3", "url2": null, "内容": "明石歯科医院【3:歯科】群馬県前橋市若宮町２－４－１７" }, "geometry": { "type": "Point", "coordinates": [ 139.072732, 36.39961 ] } },
{ "type": "Feature", "properties": { "ID": 1033100000008, "正式名称": "アクザワ歯科医院", "機関区分": 3, "都道府県コード": 10, "市区町村コード": 201, "所在地": "群馬県前橋市天川大島町１０４１－７", "緯度": 36.372364, "経度": 139.102036, "url": "https://www.iryou.teikyouseido.mhlw.go.jp/znk-web/juminkanja/S2430/initialize?prefCd=10&kikanCd=3100000008&kikanKbn=3", "url2": "http://www.akuzawadent.com", "内容": "アクザワ歯科医院【3:歯科】群馬県前橋市天川大島町１０４１－７" }, "geometry": { "type": "Point", "coordinates": [ 139.102036, 36.372364 ] } },
{ "type": "Feature", "properties": { "ID": 1033100000009, "正式名称": "朝倉歯科医院", "機関区分": 3, "都道府県コード": 10, "市区町村コード": 201, "所在地": "群馬県前橋市朝倉町３－３４－１５", "緯度": 36.368836, "経度": 139.095009, "url": "https://www.iryou.teikyouseido.mhlw.go.jp/znk-web/juminkanja/S2430/initialize?prefCd=10&kikanCd=3100000009&kikanKbn=3", "url2": null, "内容": "朝倉歯科医院【3:歯科】群馬県前橋市朝倉町３－３４－１５" }, "geometry": { "type": "Point", "coordinates": [ 139.095009, 36.368836 ] } },
{ "type": "Feature", "properties": { "ID": 1033100000011, "正式名称": "医療法人　あすなろ歯科", "機関区分": 3, "都道府県コード": 10, "市区町村コード": 201, "所在地": "群馬県前橋市樋越町７３６－３", "緯度": 36.412027, "経度": 139.179806, "url": "https://www.iryou.teikyouseido.mhlw.go.jp/znk-web/juminkanja/S2430/initialize?prefCd=10&kikanCd=3100000011&kikanKbn=3", "url2": "http://www.asunaroshika.com", "内容": "医療法人　あすなろ歯科【3:歯科】群馬県前橋市樋越町７３６－３" }, "geometry": { "type": "Point", "coordinates": [ 139.179806, 36.412027 ] } },
{ "type": "Feature", "properties": { "ID": 1033100000012, "正式名称": "天笠歯科医院", "機関区分": 3, "都道府県コード": 10, "市区町村コード": 201, "所在地": "群馬県前橋市江木町４０－２", "緯度": 36.390307, "経度": 139.13406, "url": "https://www.iryou.teikyouseido.mhlw.go.jp/znk-web/juminkanja/S2430/initialize?prefCd=10&kikanCd=3100000012&kikanKbn=3", "url2": null, "内容": "天笠歯科医院【3:歯科】群馬県前橋市江木町４０－２" }, "geometry": { "type": "Point", "coordinates": [ 139.13406, 36.390307 ] } },
{ "type": "Feature", "properties": { "ID": 1033100000013, "正式名称": "医療法人隆盛会", "機関区分": 3, "都道府県コード": 10, "市区町村コード": 201, "所在地": "群馬県前橋市三河町２丁目６－６", "緯度": 36.385528, "経度": 139.080037, "url": "https://www.iryou.teikyouseido.mhlw.go.jp/znk-web/juminkanja/S2430/initialize?prefCd=10&kikanCd=3100000013&kikanKbn=3", "url2": "https://www.arai-dentalclinic.org", "内容": "医療法人隆盛会【3:歯科】群馬県前橋市三河町２丁目６－６" }, "geometry": { "type": "Point", "coordinates": [ 139.080037, 36.385528 ] } },
{ "type": "Feature", "properties": { "ID": 1033100000014, "正式名称": "蟻川歯科医院", "機関区分": 3, "都道府県コード": 10, "市区町村コード": 201, "所在地": "群馬県前橋市今井町９８０", "緯度": 36.37092, "経度": 139.155476, "url": "https://www.iryou.teikyouseido.mhlw.go.jp/znk-web/juminkanja/S2430/initialize?prefCd=10&kikanCd=3100000014&kikanKbn=3", "url2": null, "内容": "蟻川歯科医院【3:歯科】群馬県前橋市今井町９８０" }, "geometry": { "type": "Point", "coordinates": [ 139.155476, 36.37092 ] } },
{ "type": "Feature", "properties": { "ID": 1033100000017, "正式名称": "石井歯科医院", "機関区分": 3, "都道府県コード": 10, "市区町村コード": 201, "所在地": "群馬県前橋市小相木町４７１－３", "緯度": 36.371141, "経度": 139.061123, "url": "https://www.iryou.teikyouseido.mhlw.go.jp/znk-web/juminkanja/S2430/initialize?prefCd=10&kikanCd=3100000017&kikanKbn=3", "url2": "https://ishii.dental-net.jp/", "内容": "石井歯科医院【3:歯科】群馬県前橋市小相木町４７１－３" }, "geometry": { "type": "Point", "coordinates": [ 139.061123, 36.371141 ] } },
{ "type": "Feature", "properties": { "ID": 1033100000018, "正式名称": "石井歯科医院", "機関区分": 3, "都道府県コード": 10, "市区町村コード": 201, "所在地": "群馬県前橋市上小出町３－４７－５", "緯度": 36.42058, "経度": 139.05701, "url": "https://www.iryou.teikyouseido.mhlw.go.jp/znk-web/juminkanja/S2430/initialize?prefCd=10&kikanCd=3100000018&kikanKbn=3", "url2": null, "内容": "石井歯科医院【3:歯科】群馬県前橋市上小出町３－４７－５" }, "geometry": { "type": "Point", "coordinates": [ 139.05701, 36.42058 ] } },
{ "type": "Feature", "properties": { "ID": 1033100000020, "正式名称": "医療法人社団　石原総合歯科医院", "機関区分": 3, "都道府県コード": 10, "市区町村コード": 201, "所在地": "群馬県前橋市城東町４－２５－３", "緯度": 36.390278, "経度": 139.080898, "url": "https://www.iryou.teikyouseido.mhlw.go.jp/znk-web/juminkanja/S2430/initialize?prefCd=10&kikanCd=3100000020&kikanKbn=3", "url2": "http://www.ishiharashika.jp/", "内容": "医療法人社団　石原総合歯科医院【3:歯科】群馬県前橋市城東町４－２５－３" }, "geometry": { "type": "Point", "coordinates": [ 139.080898, 36.390278 ] } },
{ "type": "Feature", "properties": { "ID": 1033100000021, "正式名称": "いそ歯科医院", "機関区分": 3, "都道府県コード": 10, "市区町村コード": 201, "所在地": "群馬県前橋市大胡町１２９－２", "緯度": 36.413999, "経度": 139.158057, "url": "https://www.iryou.teikyouseido.mhlw.go.jp/znk-web/juminkanja/S2430/initialize?prefCd=10&kikanCd=3100000021&kikanKbn=3", "url2": "http://www.ireba-isodent.com/", "内容": "いそ歯科医院【3:歯科】群馬県前橋市大胡町１２９－２" }, "geometry": { "type": "Point", "coordinates": [ 139.158057, 36.413999 ] } },
{ "type": "Feature", "properties": { "ID": 1033100000024, "正式名称": "医療法人杏林会いちかわ歯科医院", "機関区分": 3, "都道府県コード": 10, "市区町村コード": 201, "所在地": "群馬県前橋市上沖町１５２番地２", "緯度": 36.411387, "経度": 139.089508, "url": "https://www.iryou.teikyouseido.mhlw.go.jp/znk-web/juminkanja/S2430/initialize?prefCd=10&kikanCd=3100000024&kikanKbn=3", "url2": "http://www.ichikawa-d.com", "内容": "医療法人杏林会いちかわ歯科医院【3:歯科】群馬県前橋市上沖町１５２番地２" }, "geometry": { "type": "Point", "coordinates": [ 139.089508, 36.411387 ] } },
{ "type": "Feature", "properties": { "ID": 1033100000025, "正式名称": "井上歯科医院", "機関区分": 3, "都道府県コード": 10, "市区町村コード": 201, "所在地": "群馬県前橋市南町３－２１－１２", "緯度": 36.381057, "経度": 139.076343, "url": "https://www.iryou.teikyouseido.mhlw.go.jp/znk-web/juminkanja/S2430/initialize?prefCd=10&kikanCd=3100000025&kikanKbn=3", "url2": null, "内容": "井上歯科医院【3:歯科】群馬県前橋市南町３－２１－１２" }, "geometry": { "type": "Point", "coordinates": [ 139.076343, 36.381057 ] } },
{ "type": "Feature", "properties": { "ID": 1033100000026, "正式名称": "井上デンタルクリニック", "機関区分": 3, "都道府県コード": 10, "市区町村コード": 201, "所在地": "群馬県前橋市中内町１６６－９", "緯度": 36.339479, "経度": 139.127674, "url": "https://www.iryou.teikyouseido.mhlw.go.jp/znk-web/juminkanja/S2430/initialize?prefCd=10&kikanCd=3100000026&kikanKbn=3", "url2": null, "内容": "井上デンタルクリニック【3:歯科】群馬県前橋市中内町１６６－９" }, "geometry": { "type": "Point", "coordinates": [ 139.127674, 36.339479 ] } },
{ "type": "Feature", "properties": { "ID": 1033100000027, "正式名称": "今井歯科医院", "機関区分": 3, "都道府県コード": 10, "市区町村コード": 201, "所在地": "群馬県前橋市金丸町９６－１２", "緯度": 36.401777, "経度": 139.068565, "url": "https://www.iryou.teikyouseido.mhlw.go.jp/znk-web/juminkanja/S2430/initialize?prefCd=10&kikanCd=3100000027&kikanKbn=3", "url2": null, "内容": "今井歯科医院【3:歯科】群馬県前橋市金丸町９６－１２" }, "geometry": { "type": "Point", "coordinates": [ 139.068565, 36.401777 ] } },
{ "type": "Feature", "properties": { "ID": 1033100000028, "正式名称": "サトウ歯科医院", "機関区分": 3, "都道府県コード": 10, "市区町村コード": 201, "所在地": "群馬県前橋市大友町１－３－５　前橋ビル２階", "緯度": 36.386806, "経度": 139.049095, "url": "https://www.iryou.teikyouseido.mhlw.go.jp/znk-web/juminkanja/S2430/initialize?prefCd=10&kikanCd=3100000028&kikanKbn=3", "url2": null, "内容": "サトウ歯科医院【3:歯科】群馬県前橋市大友町１－３－５　前橋ビル２階" }, "geometry": { "type": "Point", "coordinates": [ 139.049095, 36.386806 ] } },
{ "type": "Feature", "properties": { "ID": 1033100000029, "正式名称": "医療法人社団相明会文京歯科医院", "機関区分": 3, "都道府県コード": 10, "市区町村コード": 201, "所在地": "群馬県前橋市文京町１－８－１３", "緯度": 36.381584, "経度": 139.081149, "url": "https://www.iryou.teikyouseido.mhlw.go.jp/znk-web/juminkanja/S2430/initialize?prefCd=10&kikanCd=3100000029&kikanKbn=3", "url2": "http://soumeikai.com/", "内容": "医療法人社団相明会文京歯科医院【3:歯科】群馬県前橋市文京町１－８－１３" }, "geometry": { "type": "Point", "coordinates": [ 139.081149, 36.381584 ] } },
{ "type": "Feature", "properties": { "ID": 1033100000030, "正式名称": "医療法人社団もり歯科医院", "機関区分": 3, "都道府県コード": 10, "市区町村コード": 201, "所在地": "群馬県前橋市天川原町２－１０－１３", "緯度": 36.373419, "経度": 139.082982, "url": "https://www.iryou.teikyouseido.mhlw.go.jp/znk-web/juminkanja/S2430/initialize?prefCd=10&kikanCd=3100000030&kikanKbn=3", "url2": "https://www.2433718.com/", "内容": "医療法人社団もり歯科医院【3:歯科】群馬県前橋市天川原町２－１０－１３" }, "geometry": { "type": "Point", "coordinates": [ 139.082982, 36.373419 ] } },
{ "type": "Feature", "properties": { "ID": 1033100000031, "正式名称": "医療法人杉山歯科医院", "機関区分": 3, "都道府県コード": 10, "市区町村コード": 201, "所在地": "群馬県前橋市青柳町８４５－６", "緯度": 36.426079, "経度": 139.069009, "url": "https://www.iryou.teikyouseido.mhlw.go.jp/znk-web/juminkanja/S2430/initialize?prefCd=10&kikanCd=3100000031&kikanKbn=3", "url2": "http://www.sugi-yama-shika.jp/", "内容": "医療法人杉山歯科医院【3:歯科】群馬県前橋市青柳町８４５－６" }, "geometry": { "type": "Point", "coordinates": [ 139.069009, 36.426079 ] } },
{ "type": "Feature", "properties": { "ID": 1033100000033, "正式名称": "岩片歯科医院", "機関区分": 3, "都道府県コード": 10, "市区町村コード": 201, "所在地": "群馬県前橋市朝日町２－５－２１", "緯度": 36.385778, "経度": 139.082398, "url": "https://www.iryou.teikyouseido.mhlw.go.jp/znk-web/juminkanja/S2430/initialize?prefCd=10&kikanCd=3100000033&kikanKbn=3", "url2": "https://www.iwakata-dental.com/", "内容": "岩片歯科医院【3:歯科】群馬県前橋市朝日町２－５－２１" }, "geometry": { "type": "Point", "coordinates": [ 139.082398, 36.385778 ] } },
{ "type": "Feature", "properties": { "ID": 1033100000034, "正式名称": "岩田歯科医院", "機関区分": 3, "都道府県コード": 10, "市区町村コード": 201, "所在地": "群馬県前橋市上小出町２－２９－７", "緯度": 36.415108, "経度": 139.057038, "url": "https://www.iryou.teikyouseido.mhlw.go.jp/znk-web/juminkanja/S2430/initialize?prefCd=10&kikanCd=3100000034&kikanKbn=3", "url2": "http://www.shika-iwata.com/pc/", "内容": "岩田歯科医院【3:歯科】群馬県前橋市上小出町２－２９－７" }, "geometry": { "type": "Point", "coordinates": [ 139.057038, 36.415108 ] } },
{ "type": "Feature", "properties": { "ID": 1033100000035, "正式名称": "インター歯科クリニック", "機関区分": 3, "都道府県コード": 10, "市区町村コード": 201, "所在地": "群馬県前橋市小屋原町３８１", "緯度": 36.358366, "経度": 139.129618, "url": "https://www.iryou.teikyouseido.mhlw.go.jp/znk-web/juminkanja/S2430/initialize?prefCd=10&kikanCd=3100000035&kikanKbn=3", "url2": null, "内容": "インター歯科クリニック【3:歯科】群馬県前橋市小屋原町３８１" }, "geometry": { "type": "Point", "coordinates": [ 139.129618, 36.358366 ] } },
{ "type": "Feature", "properties": { "ID": 1033100000038, "正式名称": "内山歯科医院", "機関区分": 3, "都道府県コード": 10, "市区町村コード": 201, "所在地": "群馬県前橋市上泉町１４７８－４", "緯度": 36.399305, "経度": 139.114812, "url": "https://www.iryou.teikyouseido.mhlw.go.jp/znk-web/juminkanja/S2430/initialize?prefCd=10&kikanCd=3100000038&kikanKbn=3", "url2": null, "内容": "内山歯科医院【3:歯科】群馬県前橋市上泉町１４７８－４" }, "geometry": { "type": "Point", "coordinates": [ 139.114812, 36.399305 ] } },
{ "type": "Feature", "properties": { "ID": 1033100000039, "正式名称": "浦野歯科医院", "機関区分": 3, "都道府県コード": 10, "市区町村コード": 201, "所在地": "群馬県前橋市大手町２－９－５", "緯度": 36.390528, "経度": 139.064872, "url": "https://www.iryou.teikyouseido.mhlw.go.jp/znk-web/juminkanja/S2430/initialize?prefCd=10&kikanCd=3100000039&kikanKbn=3", "url2": null, "内容": "浦野歯科医院【3:歯科】群馬県前橋市大手町２－９－５" }, "geometry": { "type": "Point", "coordinates": [ 139.064872, 36.390528 ] } },
{ "type": "Feature", "properties": { "ID": 1033100000040, "正式名称": "うらの歯科平和町クリニック", "機関区分": 3, "都道府県コード": 10, "市区町村コード": 201, "所在地": "群馬県前橋市平和町２－１２－３", "緯度": 36.397166, "経度": 139.063983, "url": "https://www.iryou.teikyouseido.mhlw.go.jp/znk-web/juminkanja/S2430/initialize?prefCd=10&kikanCd=3100000040&kikanKbn=3", "url2": null, "内容": "うらの歯科平和町クリニック【3:歯科】群馬県前橋市平和町２－１２－３" }, "geometry": { "type": "Point", "coordinates": [ 139.063983, 36.397166 ] } },
{ "type": "Feature", "properties": { "ID": 1033100000041, "正式名称": "エイト歯科医院", "機関区分": 3, "都道府県コード": 10, "市区町村コード": 201, "所在地": "群馬県前橋市天川大島町１４６０", "緯度": 36.36617, "経度": 139.109314, "url": "https://www.iryou.teikyouseido.mhlw.go.jp/znk-web/juminkanja/S2430/initialize?prefCd=10&kikanCd=3100000041&kikanKbn=3", "url2": "https://www.eito-shika.com/", "内容": "エイト歯科医院【3:歯科】群馬県前橋市天川大島町１４６０" }, "geometry": { "type": "Point", "coordinates": [ 139.109314, 36.36617 ] } },
{ "type": "Feature", "properties": { "ID": 1033100000044, "正式名称": "医療法人　大竹歯科口腔外科クリニック　おおたけ矯正歯科・小児歯科クリニック", "機関区分": 3, "都道府県コード": 10, "市区町村コード": 201, "所在地": "群馬県前橋市上新田町６２０ー３", "緯度": 36.367669, "経度": 139.062651, "url": "https://www.iryou.teikyouseido.mhlw.go.jp/znk-web/juminkanja/S2430/initialize?prefCd=10&kikanCd=3100000044&kikanKbn=3", "url2": "https://ohtake-dc.com/access/", "内容": "医療法人　大竹歯科口腔外科クリニック　おおたけ矯正歯科・小児歯科クリニック【3:歯科】群馬県前橋市上新田町６２０ー３" }, "geometry": { "type": "Point", "coordinates": [ 139.062651, 36.367669 ] } },
{ "type": "Feature", "properties": { "ID": 1033100000045, "正式名称": "大谷歯科医院", "機関区分": 3, "都道府県コード": 10, "市区町村コード": 201, "所在地": "群馬県前橋市本町２－１６－９", "緯度": 36.388556, "経度": 139.073566, "url": "https://www.iryou.teikyouseido.mhlw.go.jp/znk-web/juminkanja/S2430/initialize?prefCd=10&kikanCd=3100000045&kikanKbn=3", "url2": null, "内容": "大谷歯科医院【3:歯科】群馬県前橋市本町２－１６－９" }, "geometry": { "type": "Point", "coordinates": [ 139.073566, 36.388556 ] } },
{ "type": "Feature", "properties": { "ID": 1033100000047, "正式名称": "大利根小板橋歯科医院", "機関区分": 3, "都道府県コード": 10, "市区町村コード": 201, "所在地": "群馬県前橋市大利根町２－１１－６", "緯度": 36.359511, "経度": 139.060041, "url": "https://www.iryou.teikyouseido.mhlw.go.jp/znk-web/juminkanja/S2430/initialize?prefCd=10&kikanCd=3100000047&kikanKbn=3", "url2": "https://koitabashishika.wixsite.com/main", "内容": "大利根小板橋歯科医院【3:歯科】群馬県前橋市大利根町２－１１－６" }, "geometry": { "type": "Point", "coordinates": [ 139.060041, 36.359511 ] } },
{ "type": "Feature", "properties": { "ID": 1033100000048, "正式名称": "大野歯科医院", "機関区分": 3, "都道府県コード": 10, "市区町村コード": 201, "所在地": "群馬県前橋市千代田町", "緯度": 36.392944, "経度": 139.067955, "url": "https://www.iryou.teikyouseido.mhlw.go.jp/znk-web/juminkanja/S2430/initialize?prefCd=10&kikanCd=3100000048&kikanKbn=3", "url2": "http://maebashi-dent.com", "内容": "大野歯科医院【3:歯科】群馬県前橋市千代田町" }, "geometry": { "type": "Point", "coordinates": [ 139.067955, 36.392944 ] } },
{ "type": "Feature", "properties": { "ID": 1033100000049, "正式名称": "大原歯科医院", "機関区分": 3, "都道府県コード": 10, "市区町村コード": 201, "所在地": "群馬県前橋市総社町２－１１－９", "緯度": 36.404331, "経度": 139.042817, "url": "https://www.iryou.teikyouseido.mhlw.go.jp/znk-web/juminkanja/S2430/initialize?prefCd=10&kikanCd=3100000049&kikanKbn=3", "url2": null, "内容": "大原歯科医院【3:歯科】群馬県前橋市総社町２－１１－９" }, "geometry": { "type": "Point", "coordinates": [ 139.042817, 36.404331 ] } },
{ "type": "Feature", "properties": { "ID": 1033100000050, "正式名称": "大原歯科クリニック", "機関区分": 3, "都道府県コード": 10, "市区町村コード": 201, "所在地": "群馬県前橋市三俣町３－２４－１", "緯度": 36.400277, "経度": 139.083342, "url": "https://www.iryou.teikyouseido.mhlw.go.jp/znk-web/juminkanja/S2430/initialize?prefCd=10&kikanCd=3100000050&kikanKbn=3", "url2": "http://www.oohara-dental.com/", "内容": "大原歯科クリニック【3:歯科】群馬県前橋市三俣町３－２４－１" }, "geometry": { "type": "Point", "coordinates": [ 139.083342, 36.400277 ] } },
{ "type": "Feature", "properties": { "ID": 1033100000051, "正式名称": "岡田歯科医院", "機関区分": 3, "都道府県コード": 10, "市区町村コード": 201, "所在地": "群馬県前橋市上小出町１－２４－７", "緯度": 36.411553, "経度": 139.057927, "url": "https://www.iryou.teikyouseido.mhlw.go.jp/znk-web/juminkanja/S2430/initialize?prefCd=10&kikanCd=3100000051&kikanKbn=3", "url2": null, "内容": "岡田歯科医院【3:歯科】群馬県前橋市上小出町１－２４－７" }, "geometry": { "type": "Point", "coordinates": [ 139.057927, 36.411553 ] } },
{ "type": "Feature", "properties": { "ID": 1033100000054, "正式名称": "医療法人小野里歯科医院", "機関区分": 3, "都道府県コード": 10, "市区町村コード": 201, "所在地": "群馬県前橋市前箱田町４４－１", "緯度": 36.363669, "経度": 139.049485, "url": "https://www.iryou.teikyouseido.mhlw.go.jp/znk-web/juminkanja/S2430/initialize?prefCd=10&kikanCd=3100000054&kikanKbn=3", "url2": "http://www.onozato-dental.com", "内容": "医療法人小野里歯科医院【3:歯科】群馬県前橋市前箱田町４４－１" }, "geometry": { "type": "Point", "coordinates": [ 139.049485, 36.363669 ] } },
{ "type": "Feature", "properties": { "ID": 1033100000055, "正式名称": "医療法人あかぎ　オーラルケア前橋デンタルクリニック", "機関区分": 3, "都道府県コード": 10, "市区町村コード": 201, "所在地": "群馬県前橋市大手町１丁目５－１１大手町ビル１階", "緯度": 36.388306, "経度": 139.061844, "url": "https://www.iryou.teikyouseido.mhlw.go.jp/znk-web/juminkanja/S2430/initialize?prefCd=10&kikanCd=3100000055&kikanKbn=3", "url2": "https://akagi-aroadtohappiness.com", "内容": "医療法人あかぎ　オーラルケア前橋デンタルクリニック【3:歯科】群馬県前橋市大手町１丁目５－１１大手町ビル１階" }, "geometry": { "type": "Point", "coordinates": [ 139.061844, 36.388306 ] } },
{ "type": "Feature", "properties": { "ID": 1033100000056, "正式名称": "おりはら歯科医院", "機関区分": 3, "都道府県コード": 10, "市区町村コード": 201, "所在地": "群馬県前橋市鳥取町", "緯度": 36.419109, "経度": 139.109117, "url": "https://www.iryou.teikyouseido.mhlw.go.jp/znk-web/juminkanja/S2430/initialize?prefCd=10&kikanCd=3100000056&kikanKbn=3", "url2": null, "内容": "おりはら歯科医院【3:歯科】群馬県前橋市鳥取町" }, "geometry": { "type": "Point", "coordinates": [ 139.109117, 36.419109 ] } },
{ "type": "Feature", "properties": { "ID": 1033100000057, "正式名称": "粕川歯科診療所片平歯科医院", "機関区分": 3, "都道府県コード": 10, "市区町村コード": 201, "所在地": "群馬県前橋市粕川町西田面６８－１", "緯度": 36.414278, "経度": 139.213081, "url": "https://www.iryou.teikyouseido.mhlw.go.jp/znk-web/juminkanja/S2430/initialize?prefCd=10&kikanCd=3100000057&kikanKbn=3", "url2": null, "内容": "粕川歯科診療所片平歯科医院【3:歯科】群馬県前橋市粕川町西田面６８－１" }, "geometry": { "type": "Point", "coordinates": [ 139.213081, 36.414278 ] } },
{ "type": "Feature", "properties": { "ID": 1033100000058, "正式名称": "片平歯科医院", "機関区分": 3, "都道府県コード": 10, "市区町村コード": 201, "所在地": "群馬県前橋市朝倉町２－７－１３", "緯度": 36.372169, "経度": 139.095231, "url": "https://www.iryou.teikyouseido.mhlw.go.jp/znk-web/juminkanja/S2430/initialize?prefCd=10&kikanCd=3100000058&kikanKbn=3", "url2": null, "内容": "片平歯科医院【3:歯科】群馬県前橋市朝倉町２－７－１３" }, "geometry": { "type": "Point", "coordinates": [ 139.095231, 36.372169 ] } },
{ "type": "Feature", "properties": { "ID": 1033100000059, "正式名称": "加藤歯科医院", "機関区分": 3, "都道府県コード": 10, "市区町村コード": 201, "所在地": "群馬県前橋市元総社町", "緯度": 36.379417, "経度": 139.039708, "url": "https://www.iryou.teikyouseido.mhlw.go.jp/znk-web/juminkanja/S2430/initialize?prefCd=10&kikanCd=3100000059&kikanKbn=3", "url2": null, "内容": "加藤歯科医院【3:歯科】群馬県前橋市元総社町" }, "geometry": { "type": "Point", "coordinates": [ 139.039708, 36.379417 ] } },
{ "type": "Feature", "properties": { "ID": 1033100000061, "正式名称": "かなやま歯科クリニック", "機関区分": 3, "都道府県コード": 10, "市区町村コード": 201, "所在地": "群馬県前橋市朝日町", "緯度": 36.385084, "経度": 139.088648, "url": "https://www.iryou.teikyouseido.mhlw.go.jp/znk-web/juminkanja/S2430/initialize?prefCd=10&kikanCd=3100000061&kikanKbn=3", "url2": "http://www.kanayama-dc.jp", "内容": "かなやま歯科クリニック【3:歯科】群馬県前橋市朝日町" }, "geometry": { "type": "Point", "coordinates": [ 139.088648, 36.385084 ] } },
{ "type": "Feature", "properties": { "ID": 1033100000062, "正式名称": "金子歯科朝日町クリニック", "機関区分": 3, "都道府県コード": 10, "市区町村コード": 201, "所在地": "群馬県前橋市朝日町３－１６－１１", "緯度": 36.384223, "経度": 139.088037, "url": "https://www.iryou.teikyouseido.mhlw.go.jp/znk-web/juminkanja/S2430/initialize?prefCd=10&kikanCd=3100000062&kikanKbn=3", "url2": "http://kaneko-shika.main.jp/", "内容": "金子歯科朝日町クリニック【3:歯科】群馬県前橋市朝日町３－１６－１１" }, "geometry": { "type": "Point", "coordinates": [ 139.088037, 36.384223 ] } },
{ "type": "Feature", "properties": { "ID": 1033100000063, "正式名称": "金子歯科医院", "機関区分": 3, "都道府県コード": 10, "市区町村コード": 201, "所在地": "群馬県前橋市国領町", "緯度": 36.400415, "経度": 139.069857, "url": "https://www.iryou.teikyouseido.mhlw.go.jp/znk-web/juminkanja/S2430/initialize?prefCd=10&kikanCd=3100000063&kikanKbn=3", "url2": null, "内容": "金子歯科医院【3:歯科】群馬県前橋市国領町" }, "geometry": { "type": "Point", "coordinates": [ 139.069857, 36.400415 ] } },
{ "type": "Feature", "properties": { "ID": 1033100000064, "正式名称": "上村矯正歯科診療所", "機関区分": 3, "都道府県コード": 10, "市区町村コード": 201, "所在地": "群馬県前橋市南町３－５０－３", "緯度": 36.381418, "経度": 139.069177, "url": "https://www.iryou.teikyouseido.mhlw.go.jp/znk-web/juminkanja/S2430/initialize?prefCd=10&kikanCd=3100000064&kikanKbn=3", "url2": "http://skamimuraks.la.coocan.jp", "内容": "上村矯正歯科診療所【3:歯科】群馬県前橋市南町３－５０－３" }, "geometry": { "type": "Point", "coordinates": [ 139.069177, 36.381418 ] } },
{ "type": "Feature", "properties": { "ID": 1033100000065, "正式名称": "かめい歯科医院", "機関区分": 3, "都道府県コード": 10, "市区町村コード": 201, "所在地": "群馬県前橋市川原町１－８－１３", "緯度": 36.423218, "経度": 139.045427, "url": "https://www.iryou.teikyouseido.mhlw.go.jp/znk-web/juminkanja/S2430/initialize?prefCd=10&kikanCd=3100000065&kikanKbn=3", "url2": null, "内容": "かめい歯科医院【3:歯科】群馬県前橋市川原町１－８－１３" }, "geometry": { "type": "Point", "coordinates": [ 139.045427, 36.423218 ] } },
{ "type": "Feature", "properties": { "ID": 1033100000066, "正式名称": "河合歯科医院", "機関区分": 3, "都道府県コード": 10, "市区町村コード": 201, "所在地": "群馬県前橋市表町１－１３－７", "緯度": 36.38675, "経度": 139.069455, "url": "https://www.iryou.teikyouseido.mhlw.go.jp/znk-web/juminkanja/S2430/initialize?prefCd=10&kikanCd=3100000066&kikanKbn=3", "url2": null, "内容": "河合歯科医院【3:歯科】群馬県前橋市表町１－１３－７" }, "geometry": { "type": "Point", "coordinates": [ 139.069455, 36.38675 ] } },
{ "type": "Feature", "properties": { "ID": 1033100000067, "正式名称": "前橋かんだ歯科・矯正歯科", "機関区分": 3, "都道府県コード": 10, "市区町村コード": 201, "所在地": "群馬県前橋市六供町５丁目２－６", "緯度": 36.380085, "経度": 139.076066, "url": "https://www.iryou.teikyouseido.mhlw.go.jp/znk-web/juminkanja/S2430/initialize?prefCd=10&kikanCd=3100000067&kikanKbn=3", "url2": "https://kandadental.jp", "内容": "前橋かんだ歯科・矯正歯科【3:歯科】群馬県前橋市六供町５丁目２－６" }, "geometry": { "type": "Point", "coordinates": [ 139.076066, 36.380085 ] } },
{ "type": "Feature", "properties": { "ID": 1033100000068, "正式名称": "医療法人優和会カンダデンタルけやきオフィス前橋", "機関区分": 3, "都道府県コード": 10, "市区町村コード": 201, "所在地": "群馬県前橋市六供町２－１２－２２", "緯度": 36.371644, "経度": 139.073325, "url": "https://www.iryou.teikyouseido.mhlw.go.jp/znk-web/juminkanja/S2430/initialize?prefCd=10&kikanCd=3100000068&kikanKbn=3", "url2": "http://kandadental-kw.jp/", "内容": "医療法人優和会カンダデンタルけやきオフィス前橋【3:歯科】群馬県前橋市六供町２－１２－２２" }, "geometry": { "type": "Point", "coordinates": [ 139.073325, 36.371644 ] } },
{ "type": "Feature", "properties": { "ID": 1033100000070, "正式名称": "協立歯科クリニック", "機関区分": 3, "都道府県コード": 10, "市区町村コード": 201, "所在地": "群馬県前橋市朝倉町８３０－１", "緯度": 36.369864, "経度": 139.085732, "url": "https://www.iryou.teikyouseido.mhlw.go.jp/znk-web/juminkanja/S2430/initialize?prefCd=10&kikanCd=3100000070&kikanKbn=3", "url2": "http://www.kyouritsu.org/hospital_clinic/dental_cl.htm", "内容": "協立歯科クリニック【3:歯科】群馬県前橋市朝倉町８３０－１" }, "geometry": { "type": "Point", "coordinates": [ 139.085732, 36.369864 ] } },
{ "type": "Feature", "properties": { "ID": 1033100000072, "正式名称": "清宮歯科医院", "機関区分": 3, "都道府県コード": 10, "市区町村コード": 201, "所在地": "群馬県前橋市天川原町２丁目２３７－１０", "緯度": 36.373308, "経度": 139.087648, "url": "https://www.iryou.teikyouseido.mhlw.go.jp/znk-web/juminkanja/S2430/initialize?prefCd=10&kikanCd=3100000072&kikanKbn=3", "url2": null, "内容": "清宮歯科医院【3:歯科】群馬県前橋市天川原町２丁目２３７－１０" }, "geometry": { "type": "Point", "coordinates": [ 139.087648, 36.373308 ] } },
{ "type": "Feature", "properties": { "ID": 1033100000073, "正式名称": "くどう歯科クリニック", "機関区分": 3, "都道府県コード": 10, "市区町村コード": 201, "所在地": "群馬県前橋市上細井町１９４４－４", "緯度": 36.417831, "経度": 139.080036, "url": "https://www.iryou.teikyouseido.mhlw.go.jp/znk-web/juminkanja/S2430/initialize?prefCd=10&kikanCd=3100000073&kikanKbn=3", "url2": "kudoshika-maebashi.com", "内容": "くどう歯科クリニック【3:歯科】群馬県前橋市上細井町１９４４－４" }, "geometry": { "type": "Point", "coordinates": [ 139.080036, 36.417831 ] } },
{ "type": "Feature", "properties": { "ID": 1033100000074, "正式名称": "倉品歯科医院", "機関区分": 3, "都道府県コード": 10, "市区町村コード": 201, "所在地": "群馬県前橋市若宮町４－２７－８", "緯度": 36.407248, "経度": 139.07162, "url": "https://www.iryou.teikyouseido.mhlw.go.jp/znk-web/juminkanja/S2430/initialize?prefCd=10&kikanCd=3100000074&kikanKbn=3", "url2": null, "内容": "倉品歯科医院【3:歯科】群馬県前橋市若宮町４－２７－８" }, "geometry": { "type": "Point", "coordinates": [ 139.07162, 36.407248 ] } },
{ "type": "Feature", "properties": { "ID": 1033100000075, "正式名称": "群馬県歯科総合衛生センター", "機関区分": 3, "都道府県コード": 10, "市区町村コード": 201, "所在地": "群馬県前橋市大友町一丁目五番地十七", "緯度": 36.386639, "経度": 139.046401, "url": "https://www.iryou.teikyouseido.mhlw.go.jp/znk-web/juminkanja/S2430/initialize?prefCd=10&kikanCd=3100000075&kikanKbn=3", "url2": "http://www.gunshi.jp", "内容": "群馬県歯科総合衛生センター【3:歯科】群馬県前橋市大友町一丁目五番地十七" }, "geometry": { "type": "Point", "coordinates": [ 139.046401, 36.386639 ] } },
{ "type": "Feature", "properties": { "ID": 1033100000077, "正式名称": "小泉歯科クリニック", "機関区分": 3, "都道府県コード": 10, "市区町村コード": 201, "所在地": "群馬県前橋市東善町１７０－４３", "緯度": 36.342395, "経度": 139.130396, "url": "https://www.iryou.teikyouseido.mhlw.go.jp/znk-web/juminkanja/S2430/initialize?prefCd=10&kikanCd=3100000077&kikanKbn=3", "url2": null, "内容": "小泉歯科クリニック【3:歯科】群馬県前橋市東善町１７０－４３" }, "geometry": { "type": "Point", "coordinates": [ 139.130396, 36.342395 ] } },
{ "type": "Feature", "properties": { "ID": 1033100000078, "正式名称": "小板橋歯科医院", "機関区分": 3, "都道府県コード": 10, "市区町村コード": 201, "所在地": "群馬県前橋市三俣町１－２－５", "緯度": 36.395889, "経度": 139.088314, "url": "https://www.iryou.teikyouseido.mhlw.go.jp/znk-web/juminkanja/S2430/initialize?prefCd=10&kikanCd=3100000078&kikanKbn=3", "url2": null, "内容": "小板橋歯科医院【3:歯科】群馬県前橋市三俣町１－２－５" }, "geometry": { "type": "Point", "coordinates": [ 139.088314, 36.395889 ] } },
{ "type": "Feature", "properties": { "ID": 1033100000079, "正式名称": "ことぶき歯科クリニック", "機関区分": 3, "都道府県コード": 10, "市区町村コード": 201, "所在地": "群馬県前橋市駒形町", "緯度": 36.342701, "経度": 139.136257, "url": "https://www.iryou.teikyouseido.mhlw.go.jp/znk-web/juminkanja/S2430/initialize?prefCd=10&kikanCd=3100000079&kikanKbn=3", "url2": "https://www.cotobuki-dc.com/", "内容": "ことぶき歯科クリニック【3:歯科】群馬県前橋市駒形町" }, "geometry": { "type": "Point", "coordinates": [ 139.136257, 36.342701 ] } },
{ "type": "Feature", "properties": { "ID": 1033100000082, "正式名称": "こばやし歯科医院", "機関区分": 3, "都道府県コード": 10, "市区町村コード": 201, "所在地": "群馬県前橋市駒形町６５３－６", "緯度": 36.342006, "経度": 139.145201, "url": "https://www.iryou.teikyouseido.mhlw.go.jp/znk-web/juminkanja/S2430/initialize?prefCd=10&kikanCd=3100000082&kikanKbn=3", "url2": null, "内容": "こばやし歯科医院【3:歯科】群馬県前橋市駒形町６５３－６" }, "geometry": { "type": "Point", "coordinates": [ 139.145201, 36.342006 ] } },
{ "type": "Feature", "properties": { "ID": 1033100000083, "正式名称": "小山歯科医院", "機関区分": 3, "都道府県コード": 10, "市区町村コード": 201, "所在地": "群馬県前橋市亀泉町", "緯度": 36.403111, "経度": 139.122755, "url": "https://www.iryou.teikyouseido.mhlw.go.jp/znk-web/juminkanja/S2430/initialize?prefCd=10&kikanCd=3100000083&kikanKbn=3", "url2": "https://www.kdc1994.com/", "内容": "小山歯科医院【3:歯科】群馬県前橋市亀泉町" }, "geometry": { "type": "Point", "coordinates": [ 139.122755, 36.403111 ] } },
{ "type": "Feature", "properties": { "ID": 1033100000084, "正式名称": "さいとう矯正歯科", "機関区分": 3, "都道府県コード": 10, "市区町村コード": 201, "所在地": "群馬県前橋市南町４－１６－３　サウススクエア１Ｆ", "緯度": 36.378918, "経度": 139.072983, "url": "https://www.iryou.teikyouseido.mhlw.go.jp/znk-web/juminkanja/S2430/initialize?prefCd=10&kikanCd=3100000084&kikanKbn=3", "url2": "http://saito-ortho.net/", "内容": "さいとう矯正歯科【3:歯科】群馬県前橋市南町４－１６－３　サウススクエア１Ｆ" }, "geometry": { "type": "Point", "coordinates": [ 139.072983, 36.378918 ] } },
{ "type": "Feature", "properties": { "ID": 1033100000086, "正式名称": "内藤　敬史", "機関区分": 3, "都道府県コード": 10, "市区町村コード": 201, "所在地": "群馬県前橋市南町３－１０－３", "緯度": 36.383001, "経度": 139.073121, "url": "https://www.iryou.teikyouseido.mhlw.go.jp/znk-web/juminkanja/S2430/initialize?prefCd=10&kikanCd=3100000086&kikanKbn=3", "url2": null, "内容": "内藤　敬史【3:歯科】群馬県前橋市南町３－１０－３" }, "geometry": { "type": "Point", "coordinates": [ 139.073121, 36.383001 ] } },
{ "type": "Feature", "properties": { "ID": 1033100000087, "正式名称": "斉藤歯科医院", "機関区分": 3, "都道府県コード": 10, "市区町村コード": 201, "所在地": "群馬県前橋市元総社町１－８－１７", "緯度": 36.385167, "経度": 139.043235, "url": "https://www.iryou.teikyouseido.mhlw.go.jp/znk-web/juminkanja/S2430/initialize?prefCd=10&kikanCd=3100000087&kikanKbn=3", "url2": null, "内容": "斉藤歯科医院【3:歯科】群馬県前橋市元総社町１－８－１７" }, "geometry": { "type": "Point", "coordinates": [ 139.043235, 36.385167 ] } },
{ "type": "Feature", "properties": { "ID": 1033100000088, "正式名称": "斉藤歯科クリニック", "機関区分": 3, "都道府県コード": 10, "市区町村コード": 201, "所在地": "群馬県前橋市川曲町１９－３", "緯度": 36.35367, "経度": 139.05068, "url": "https://www.iryou.teikyouseido.mhlw.go.jp/znk-web/juminkanja/S2430/initialize?prefCd=10&kikanCd=3100000088&kikanKbn=3", "url2": "http://www.saito-shika.co.jp", "内容": "斉藤歯科クリニック【3:歯科】群馬県前橋市川曲町１９－３" }, "geometry": { "type": "Point", "coordinates": [ 139.05068, 36.35367 ] } },
{ "type": "Feature", "properties": { "ID": 1033100000089, "正式名称": "佐野歯科医院", "機関区分": 3, "都道府県コード": 10, "市区町村コード": 201, "所在地": "群馬県前橋市青梨子町５６３－２", "緯度": 36.416052, "経度": 139.013847, "url": "https://www.iryou.teikyouseido.mhlw.go.jp/znk-web/juminkanja/S2430/initialize?prefCd=10&kikanCd=3100000089&kikanKbn=3", "url2": "http://www.sano-shika.jp/", "内容": "佐野歯科医院【3:歯科】群馬県前橋市青梨子町５６３－２" }, "geometry": { "type": "Point", "coordinates": [ 139.013847, 36.416052 ] } },
{ "type": "Feature", "properties": { "ID": 1033100000091, "正式名称": "歯科クリニック・スズキ", "機関区分": 3, "都道府県コード": 10, "市区町村コード": 201, "所在地": "群馬県前橋市若宮町２－１１－２１", "緯度": 36.401665, "経度": 139.073176, "url": "https://www.iryou.teikyouseido.mhlw.go.jp/znk-web/juminkanja/S2430/initialize?prefCd=10&kikanCd=3100000091&kikanKbn=3", "url2": null, "内容": "歯科クリニック・スズキ【3:歯科】群馬県前橋市若宮町２－１１－２１" }, "geometry": { "type": "Point", "coordinates": [ 139.073176, 36.401665 ] } },
{ "type": "Feature", "properties": { "ID": 1033100000093, "正式名称": "しきしま歯科クリニック", "機関区分": 3, "都道府県コード": 10, "市区町村コード": 201, "所在地": "群馬県前橋市岩神町４－１２－１８－１", "緯度": 36.408553, "経度": 139.054344, "url": "https://www.iryou.teikyouseido.mhlw.go.jp/znk-web/juminkanja/S2430/initialize?prefCd=10&kikanCd=3100000093&kikanKbn=3", "url2": "https://shikishima-dental-clinic.jp", "内容": "しきしま歯科クリニック【3:歯科】群馬県前橋市岩神町４－１２－１８－１" }, "geometry": { "type": "Point", "coordinates": [ 139.054344, 36.408553 ] } },
{ "type": "Feature", "properties": { "ID": 1033100000095, "正式名称": "下小出歯科医院", "機関区分": 3, "都道府県コード": 10, "市区町村コード": 201, "所在地": "群馬県前橋市下小出町１－３１－９", "緯度": 36.409276, "経度": 139.068204, "url": "https://www.iryou.teikyouseido.mhlw.go.jp/znk-web/juminkanja/S2430/initialize?prefCd=10&kikanCd=3100000095&kikanKbn=3", "url2": null, "内容": "下小出歯科医院【3:歯科】群馬県前橋市下小出町１－３１－９" }, "geometry": { "type": "Point", "coordinates": [ 139.068204, 36.409276 ] } },
{ "type": "Feature", "properties": { "ID": 1033100000096, "正式名称": "城南歯科医院", "機関区分": 3, "都道府県コード": 10, "市区町村コード": 201, "所在地": "群馬県前橋市鶴が谷町１４－２", "緯度": 36.383058, "経度": 139.160614, "url": "https://www.iryou.teikyouseido.mhlw.go.jp/znk-web/juminkanja/S2430/initialize?prefCd=10&kikanCd=3100000096&kikanKbn=3", "url2": null, "内容": "城南歯科医院【3:歯科】群馬県前橋市鶴が谷町１４－２" }, "geometry": { "type": "Point", "coordinates": [ 139.160614, 36.383058 ] } },
{ "type": "Feature", "properties": { "ID": 1033100000097, "正式名称": "昭和大橋歯科医院", "機関区分": 3, "都道府県コード": 10, "市区町村コード": 201, "所在地": "群馬県前橋市公田町６９８－１", "緯度": 36.341339, "経度": 139.078067, "url": "https://www.iryou.teikyouseido.mhlw.go.jp/znk-web/juminkanja/S2430/initialize?prefCd=10&kikanCd=3100000097&kikanKbn=3", "url2": "http://www.chico.jp/", "内容": "昭和大橋歯科医院【3:歯科】群馬県前橋市公田町６９８－１" }, "geometry": { "type": "Point", "coordinates": [ 139.078067, 36.341339 ] } },
{ "type": "Feature", "properties": { "ID": 1033100000099, "正式名称": "白石歯科医院", "機関区分": 3, "都道府県コード": 10, "市区町村コード": 201, "所在地": "群馬県前橋市大利根町１－３７－６", "緯度": 36.361836, "経度": 139.059735, "url": "https://www.iryou.teikyouseido.mhlw.go.jp/znk-web/juminkanja/S2430/initialize?prefCd=10&kikanCd=3100000099&kikanKbn=3", "url2": null, "内容": "白石歯科医院【3:歯科】群馬県前橋市大利根町１－３７－６" }, "geometry": { "type": "Point", "coordinates": [ 139.059735, 36.361836 ] } },
{ "type": "Feature", "properties": { "ID": 1033100000101, "正式名称": "鈴木歯科医院", "機関区分": 3, "都道府県コード": 10, "市区町村コード": 201, "所在地": "群馬県前橋市二之宮町４６０－５", "緯度": 36.369976, "経度": 139.173003, "url": "https://www.iryou.teikyouseido.mhlw.go.jp/znk-web/juminkanja/S2430/initialize?prefCd=10&kikanCd=3100000101&kikanKbn=3", "url2": null, "内容": "鈴木歯科医院【3:歯科】群馬県前橋市二之宮町４６０－５" }, "geometry": { "type": "Point", "coordinates": [ 139.173003, 36.369976 ] } },
{ "type": "Feature", "properties": { "ID": 1033100000103, "正式名称": "須田歯科医院", "機関区分": 3, "都道府県コード": 10, "市区町村コード": 201, "所在地": "群馬県前橋市富士見町小暮３０２－１", "緯度": 36.446467, "経度": 139.09595, "url": "https://www.iryou.teikyouseido.mhlw.go.jp/znk-web/juminkanja/S2430/initialize?prefCd=10&kikanCd=3100000103&kikanKbn=3", "url2": null, "内容": "須田歯科医院【3:歯科】群馬県前橋市富士見町小暮３０２－１" }, "geometry": { "type": "Point", "coordinates": [ 139.09595, 36.446467 ] } },
{ "type": "Feature", "properties": { "ID": 1033100000104, "正式名称": "住谷歯科・矯正歯科クリニック", "機関区分": 3, "都道府県コード": 10, "市区町村コード": 201, "所在地": "群馬県前橋市元総社町１－２３－１８", "緯度": 36.387583, "経度": 139.034458, "url": "https://www.iryou.teikyouseido.mhlw.go.jp/znk-web/juminkanja/S2430/initialize?prefCd=10&kikanCd=3100000104&kikanKbn=3", "url2": null, "内容": "住谷歯科・矯正歯科クリニック【3:歯科】群馬県前橋市元総社町１－２３－１８" }, "geometry": { "type": "Point", "coordinates": [ 139.034458, 36.387583 ] } },
{ "type": "Feature", "properties": { "ID": 1033100000105, "正式名称": "高橋歯科医院", "機関区分": 3, "都道府県コード": 10, "市区町村コード": 201, "所在地": "群馬県前橋市朝倉町４－２－１１", "緯度": 36.367753, "経度": 139.097148, "url": "https://www.iryou.teikyouseido.mhlw.go.jp/znk-web/juminkanja/S2430/initialize?prefCd=10&kikanCd=3100000105&kikanKbn=3", "url2": null, "内容": "高橋歯科医院【3:歯科】群馬県前橋市朝倉町４－２－１１" }, "geometry": { "type": "Point", "coordinates": [ 139.097148, 36.367753 ] } },
{ "type": "Feature", "properties": { "ID": 1033100000106, "正式名称": "高橋歯科クリニック", "機関区分": 3, "都道府県コード": 10, "市区町村コード": 201, "所在地": "群馬県前橋市茂木町２７０－８", "緯度": 36.41036, "経度": 139.149336, "url": "https://www.iryou.teikyouseido.mhlw.go.jp/znk-web/juminkanja/S2430/initialize?prefCd=10&kikanCd=3100000106&kikanKbn=3", "url2": null, "内容": "高橋歯科クリニック【3:歯科】群馬県前橋市茂木町２７０－８" }, "geometry": { "type": "Point", "coordinates": [ 139.149336, 36.41036 ] } },
{ "type": "Feature", "properties": { "ID": 1033100000107, "正式名称": "高松歯科医院", "機関区分": 3, "都道府県コード": 10, "市区町村コード": 201, "所在地": "群馬県前橋市岩神町", "緯度": 36.404248, "経度": 139.054289, "url": "https://www.iryou.teikyouseido.mhlw.go.jp/znk-web/juminkanja/S2430/initialize?prefCd=10&kikanCd=3100000107&kikanKbn=3", "url2": null, "内容": "高松歯科医院【3:歯科】群馬県前橋市岩神町" }, "geometry": { "type": "Point", "coordinates": [ 139.054289, 36.404248 ] } },
{ "type": "Feature", "properties": { "ID": 1033100000108, "正式名称": "高松歯科医院", "機関区分": 3, "都道府県コード": 10, "市区町村コード": 201, "所在地": "群馬県前橋市上長磯町３１３－２", "緯度": 36.373975, "経度": 139.126812, "url": "https://www.iryou.teikyouseido.mhlw.go.jp/znk-web/juminkanja/S2430/initialize?prefCd=10&kikanCd=3100000108&kikanKbn=3", "url2": null, "内容": "高松歯科医院【3:歯科】群馬県前橋市上長磯町３１３－２" }, "geometry": { "type": "Point", "coordinates": [ 139.126812, 36.373975 ] } },
{ "type": "Feature", "properties": { "ID": 1033100000109, "正式名称": "高松歯科医院", "機関区分": 3, "都道府県コード": 10, "市区町村コード": 201, "所在地": "群馬県前橋市千代田町１－１０－４", "緯度": 36.394749, "経度": 139.066705, "url": "https://www.iryou.teikyouseido.mhlw.go.jp/znk-web/juminkanja/S2430/initialize?prefCd=10&kikanCd=3100000109&kikanKbn=3", "url2": null, "内容": "高松歯科医院【3:歯科】群馬県前橋市千代田町１－１０－４" }, "geometry": { "type": "Point", "coordinates": [ 139.066705, 36.394749 ] } },
{ "type": "Feature", "properties": { "ID": 1033100000110, "正式名称": "田口歯科医院", "機関区分": 3, "都道府県コード": 10, "市区町村コード": 201, "所在地": "群馬県前橋市亀里町３８３－２", "緯度": 36.342978, "経度": 139.086428, "url": "https://www.iryou.teikyouseido.mhlw.go.jp/znk-web/juminkanja/S2430/initialize?prefCd=10&kikanCd=3100000110&kikanKbn=3", "url2": "http://taguchidental.com", "内容": "田口歯科医院【3:歯科】群馬県前橋市亀里町３８３－２" }, "geometry": { "type": "Point", "coordinates": [ 139.086428, 36.342978 ] } },
{ "type": "Feature", "properties": { "ID": 1033100000111, "正式名称": "医療法人社団誠敬会武内歯科医院", "機関区分": 3, "都道府県コード": 10, "市区町村コード": 201, "所在地": "群馬県前橋市富田町", "緯度": 36.390029, "経度": 139.147948, "url": "https://www.iryou.teikyouseido.mhlw.go.jp/znk-web/juminkanja/S2430/initialize?prefCd=10&kikanCd=3100000111&kikanKbn=3", "url2": null, "内容": "医療法人社団誠敬会武内歯科医院【3:歯科】群馬県前橋市富田町" }, "geometry": { "type": "Point", "coordinates": [ 139.147948, 36.390029 ] } },
{ "type": "Feature", "properties": { "ID": 1033100000112, "正式名称": "田新歯科クリニック", "機関区分": 3, "都道府県コード": 10, "市区町村コード": 201, "所在地": "群馬県前橋市紅雲町", "緯度": 36.382834, "経度": 139.066511, "url": "https://www.iryou.teikyouseido.mhlw.go.jp/znk-web/juminkanja/S2430/initialize?prefCd=10&kikanCd=3100000112&kikanKbn=3", "url2": "http://www.tashin-dc.com/pc/index.html", "内容": "田新歯科クリニック【3:歯科】群馬県前橋市紅雲町" }, "geometry": { "type": "Point", "coordinates": [ 139.066511, 36.382834 ] } },
{ "type": "Feature", "properties": { "ID": 1033100000113, "正式名称": "田中歯科医院", "機関区分": 3, "都道府県コード": 10, "市区町村コード": 201, "所在地": "群馬県前橋市総社町総社１６００－４", "緯度": 36.408053, "経度": 139.038679, "url": "https://www.iryou.teikyouseido.mhlw.go.jp/znk-web/juminkanja/S2430/initialize?prefCd=10&kikanCd=3100000113&kikanKbn=3", "url2": null, "内容": "田中歯科医院【3:歯科】群馬県前橋市総社町総社１６００－４" }, "geometry": { "type": "Point", "coordinates": [ 139.038679, 36.408053 ] } },
{ "type": "Feature", "properties": { "ID": 1033100000114, "正式名称": "田中デンタルクリニック", "機関区分": 3, "都道府県コード": 10, "市区町村コード": 201, "所在地": "群馬県前橋市小相木町１－８－１８", "緯度": 36.375779, "経度": 139.056679, "url": "https://www.iryou.teikyouseido.mhlw.go.jp/znk-web/juminkanja/S2430/initialize?prefCd=10&kikanCd=3100000114&kikanKbn=3", "url2": null, "内容": "田中デンタルクリニック【3:歯科】群馬県前橋市小相木町１－８－１８" }, "geometry": { "type": "Point", "coordinates": [ 139.056679, 36.375779 ] } },
{ "type": "Feature", "properties": { "ID": 1033100000115, "正式名称": "田辺歯科医院", "機関区分": 3, "都道府県コード": 10, "市区町村コード": 201, "所在地": "群馬県前橋市日吉町２－２０－５", "緯度": 36.395416, "経度": 139.079148, "url": "https://www.iryou.teikyouseido.mhlw.go.jp/znk-web/juminkanja/S2430/initialize?prefCd=10&kikanCd=3100000115&kikanKbn=3", "url2": null, "内容": "田辺歯科医院【3:歯科】群馬県前橋市日吉町２－２０－５" }, "geometry": { "type": "Point", "coordinates": [ 139.079148, 36.395416 ] } },
{ "type": "Feature", "properties": { "ID": 1033100000117, "正式名称": "ちょうさ歯科クリニック", "機関区分": 3, "都道府県コード": 10, "市区町村コード": 201, "所在地": "群馬県前橋市城東町４－２－１６", "緯度": 36.391056, "経度": 139.076287, "url": "https://www.iryou.teikyouseido.mhlw.go.jp/znk-web/juminkanja/S2430/initialize?prefCd=10&kikanCd=3100000117&kikanKbn=3", "url2": null, "内容": "ちょうさ歯科クリニック【3:歯科】群馬県前橋市城東町４－２－１６" }, "geometry": { "type": "Point", "coordinates": [ 139.076287, 36.391056 ] } },
{ "type": "Feature", "properties": { "ID": 1033100000118, "正式名称": "千代田町磯歯科医院", "機関区分": 3, "都道府県コード": 10, "市区町村コード": 201, "所在地": "群馬県前橋市千代田町３－２－１２", "緯度": 36.395194, "経度": 139.068205, "url": "https://www.iryou.teikyouseido.mhlw.go.jp/znk-web/juminkanja/S2430/initialize?prefCd=10&kikanCd=3100000118&kikanKbn=3", "url2": "http://chiyodaidc.com", "内容": "千代田町磯歯科医院【3:歯科】群馬県前橋市千代田町３－２－１２" }, "geometry": { "type": "Point", "coordinates": [ 139.068205, 36.395194 ] } },
{ "type": "Feature", "properties": { "ID": 1033100000119, "正式名称": "つつみ歯科医院", "機関区分": 3, "都道府県コード": 10, "市区町村コード": 201, "所在地": "群馬県前橋市西片貝町３－２８６－５", "緯度": 36.386918, "経度": 139.099091, "url": "https://www.iryou.teikyouseido.mhlw.go.jp/znk-web/juminkanja/S2430/initialize?prefCd=10&kikanCd=3100000119&kikanKbn=3", "url2": null, "内容": "つつみ歯科医院【3:歯科】群馬県前橋市西片貝町３－２８６－５" }, "geometry": { "type": "Point", "coordinates": [ 139.099091, 36.386918 ] } },
{ "type": "Feature", "properties": { "ID": 1033100000122, "正式名称": "医療法人社団豊泉歯科医院", "機関区分": 3, "都道府県コード": 10, "市区町村コード": 201, "所在地": "群馬県前橋市広瀬町３－１５－１", "緯度": 36.364059, "経度": 139.10537, "url": "https://www.iryou.teikyouseido.mhlw.go.jp/znk-web/juminkanja/S2430/initialize?prefCd=10&kikanCd=3100000122&kikanKbn=3", "url2": "http://www.toyoizumishika.jp", "内容": "医療法人社団豊泉歯科医院【3:歯科】群馬県前橋市広瀬町３－１５－１" }, "geometry": { "type": "Point", "coordinates": [ 139.10537, 36.364059 ] } },
{ "type": "Feature", "properties": { "ID": 1033100000123, "正式名称": "長島歯科・矯正歯科", "機関区分": 3, "都道府県コード": 10, "市区町村コード": 201, "所在地": "群馬県前橋市古市町２－４－１", "緯度": 36.3746, "経度": 139.049012, "url": "https://www.iryou.teikyouseido.mhlw.go.jp/znk-web/juminkanja/S2430/initialize?prefCd=10&kikanCd=3100000123&kikanKbn=3", "url2": "https://www.nagashima-kyousei.com/", "内容": "長島歯科・矯正歯科【3:歯科】群馬県前橋市古市町２－４－１" }, "geometry": { "type": "Point", "coordinates": [ 139.049012, 36.3746 ] } },
{ "type": "Feature", "properties": { "ID": 1033100000124, "正式名称": "医療法人　なかじま歯科クリニック", "機関区分": 3, "都道府県コード": 10, "市区町村コード": 201, "所在地": "群馬県前橋市荒牧町２－１９－１６", "緯度": 36.423468, "経度": 139.054538, "url": "https://www.iryou.teikyouseido.mhlw.go.jp/znk-web/juminkanja/S2430/initialize?prefCd=10&kikanCd=3100000124&kikanKbn=3", "url2": "http://www.nakajima-dental.jp", "内容": "医療法人　なかじま歯科クリニック【3:歯科】群馬県前橋市荒牧町２－１９－１６" }, "geometry": { "type": "Point", "coordinates": [ 139.054538, 36.423468 ] } },
{ "type": "Feature", "properties": { "ID": 1033100000125, "正式名称": "なかの矯正歯科", "機関区分": 3, "都道府県コード": 10, "市区町村コード": 201, "所在地": "群馬県前橋市荒牧町１３－１０８", "緯度": 36.425524, "経度": 139.054149, "url": "https://www.iryou.teikyouseido.mhlw.go.jp/znk-web/juminkanja/S2430/initialize?prefCd=10&kikanCd=3100000125&kikanKbn=3", "url2": "https://www.kyousei-nakano.com", "内容": "なかの矯正歯科【3:歯科】群馬県前橋市荒牧町１３－１０８" }, "geometry": { "type": "Point", "coordinates": [ 139.054149, 36.425524 ] } },
{ "type": "Feature", "properties": { "ID": 1033100000127, "正式名称": "なぎさデンタルクリニック", "機関区分": 3, "都道府県コード": 10, "市区町村コード": 201, "所在地": "群馬県前橋市端気町", "緯度": 36.410943, "経度": 139.098674, "url": "https://www.iryou.teikyouseido.mhlw.go.jp/znk-web/juminkanja/S2430/initialize?prefCd=10&kikanCd=3100000127&kikanKbn=3", "url2": null, "内容": "なぎさデンタルクリニック【3:歯科】群馬県前橋市端気町" }, "geometry": { "type": "Point", "coordinates": [ 139.098674, 36.410943 ] } },
{ "type": "Feature", "properties": { "ID": 1033100000128, "正式名称": "にいはら歯科医院", "機関区分": 3, "都道府県コード": 10, "市区町村コード": 201, "所在地": "群馬県前橋市大渡町１－１７－５", "緯度": 36.39811, "経度": 139.050095, "url": "https://www.iryou.teikyouseido.mhlw.go.jp/znk-web/juminkanja/S2430/initialize?prefCd=10&kikanCd=3100000128&kikanKbn=3", "url2": null, "内容": "にいはら歯科医院【3:歯科】群馬県前橋市大渡町１－１７－５" }, "geometry": { "type": "Point", "coordinates": [ 139.050095, 36.39811 ] } },
{ "type": "Feature", "properties": { "ID": 1033100000129, "正式名称": "西野歯科医院", "機関区分": 3, "都道府県コード": 10, "市区町村コード": 201, "所在地": "群馬県前橋市表町１－１７－２", "緯度": 36.385917, "経度": 139.068094, "url": "https://www.iryou.teikyouseido.mhlw.go.jp/znk-web/juminkanja/S2430/initialize?prefCd=10&kikanCd=3100000129&kikanKbn=3", "url2": null, "内容": "西野歯科医院【3:歯科】群馬県前橋市表町１－１７－２" }, "geometry": { "type": "Point", "coordinates": [ 139.068094, 36.385917 ] } },
{ "type": "Feature", "properties": { "ID": 1033100000131, "正式名称": "野中歯科・矯正歯科", "機関区分": 3, "都道府県コード": 10, "市区町村コード": 201, "所在地": "群馬県前橋市西片貝町１－３１１－７", "緯度": 36.397805, "経度": 139.095036, "url": "https://www.iryou.teikyouseido.mhlw.go.jp/znk-web/juminkanja/S2430/initialize?prefCd=10&kikanCd=3100000131&kikanKbn=3", "url2": "http://www.nonaka-shika.com/", "内容": "野中歯科・矯正歯科【3:歯科】群馬県前橋市西片貝町１－３１１－７" }, "geometry": { "type": "Point", "coordinates": [ 139.095036, 36.397805 ] } },
{ "type": "Feature", "properties": { "ID": 1033100000133, "正式名称": "野村歯科医院", "機関区分": 3, "都道府県コード": 10, "市区町村コード": 201, "所在地": "群馬県前橋市城東町一丁目２９ー８", "緯度": 36.394028, "経度": 139.078648, "url": "https://www.iryou.teikyouseido.mhlw.go.jp/znk-web/juminkanja/S2430/initialize?prefCd=10&kikanCd=3100000133&kikanKbn=3", "url2": "https://www.nomm-cl.com", "内容": "野村歯科医院【3:歯科】群馬県前橋市城東町一丁目２９ー８" }, "geometry": { "type": "Point", "coordinates": [ 139.078648, 36.394028 ] } },
{ "type": "Feature", "properties": { "ID": 1033100000134, "正式名称": "医療法人誠歯会はが歯科医院", "機関区分": 3, "都道府県コード": 10, "市区町村コード": 201, "所在地": "群馬県前橋市高花台１－９－２", "緯度": 36.427108, "経度": 139.107144, "url": "https://www.iryou.teikyouseido.mhlw.go.jp/znk-web/juminkanja/S2430/initialize?prefCd=10&kikanCd=3100000134&kikanKbn=3", "url2": "http://www.hagashika.com", "内容": "医療法人誠歯会はが歯科医院【3:歯科】群馬県前橋市高花台１－９－２" }, "geometry": { "type": "Point", "coordinates": [ 139.107144, 36.427108 ] } },
{ "type": "Feature", "properties": { "ID": 1033100000135, "正式名称": "橋本歯科医院", "機関区分": 3, "都道府県コード": 10, "市区町村コード": 201, "所在地": "群馬県前橋市文京町３－２９－３", "緯度": 36.377696, "経度": 139.086621, "url": "https://www.iryou.teikyouseido.mhlw.go.jp/znk-web/juminkanja/S2430/initialize?prefCd=10&kikanCd=3100000135&kikanKbn=3", "url2": null, "内容": "橋本歯科医院【3:歯科】群馬県前橋市文京町３－２９－３" }, "geometry": { "type": "Point", "coordinates": [ 139.086621, 36.377696 ] } },
{ "type": "Feature", "properties": { "ID": 1033100000136, "正式名称": "蓮見歯科医院", "機関区分": 3, "都道府県コード": 10, "市区町村コード": 201, "所在地": "群馬県前橋市表町２－１－７", "緯度": 36.385417, "経度": 139.068594, "url": "https://www.iryou.teikyouseido.mhlw.go.jp/znk-web/juminkanja/S2430/initialize?prefCd=10&kikanCd=3100000136&kikanKbn=3", "url2": null, "内容": "蓮見歯科医院【3:歯科】群馬県前橋市表町２－１－７" }, "geometry": { "type": "Point", "coordinates": [ 139.068594, 36.385417 ] } },
{ "type": "Feature", "properties": { "ID": 1033100000137, "正式名称": "林歯科医院", "機関区分": 3, "都道府県コード": 10, "市区町村コード": 201, "所在地": "群馬県前橋市三俣町", "緯度": 36.392083, "経度": 139.088842, "url": "https://www.iryou.teikyouseido.mhlw.go.jp/znk-web/juminkanja/S2430/initialize?prefCd=10&kikanCd=3100000137&kikanKbn=3", "url2": null, "内容": "林歯科医院【3:歯科】群馬県前橋市三俣町" }, "geometry": { "type": "Point", "coordinates": [ 139.088842, 36.392083 ] } },
{ "type": "Feature", "properties": { "ID": 1033100000138, "正式名称": "医療法人優貴会万代総合歯科診療所", "機関区分": 3, "都道府県コード": 10, "市区町村コード": 201, "所在地": "群馬県前橋市六供町１－２３－２", "緯度": 36.374168, "経度": 139.076038, "url": "https://www.iryou.teikyouseido.mhlw.go.jp/znk-web/juminkanja/S2430/initialize?prefCd=10&kikanCd=3100000138&kikanKbn=3", "url2": "https://www.bandai-dental-clinic.com/", "内容": "医療法人優貴会万代総合歯科診療所【3:歯科】群馬県前橋市六供町１－２３－２" }, "geometry": { "type": "Point", "coordinates": [ 139.076038, 36.374168 ] } },
{ "type": "Feature", "properties": { "ID": 1033100000139, "正式名称": "ひとみ歯科医院", "機関区分": 3, "都道府県コード": 10, "市区町村コード": 201, "所在地": "群馬県前橋市川原町３７６－７５", "緯度": 36.421468, "経度": 139.048955, "url": "https://www.iryou.teikyouseido.mhlw.go.jp/znk-web/juminkanja/S2430/initialize?prefCd=10&kikanCd=3100000139&kikanKbn=3", "url2": null, "内容": "ひとみ歯科医院【3:歯科】群馬県前橋市川原町３７６－７５" }, "geometry": { "type": "Point", "coordinates": [ 139.048955, 36.421468 ] } },
{ "type": "Feature", "properties": { "ID": 1033100000140, "正式名称": "医療法人晃仁会　袋歯科医院", "機関区分": 3, "都道府県コード": 10, "市区町村コード": 201, "所在地": "群馬県前橋市千代田町３－６－６", "緯度": 36.393472, "経度": 139.071732, "url": "https://www.iryou.teikyouseido.mhlw.go.jp/znk-web/juminkanja/S2430/initialize?prefCd=10&kikanCd=3100000140&kikanKbn=3", "url2": "https://www.owl.gr.jp/", "内容": "医療法人晃仁会　袋歯科医院【3:歯科】群馬県前橋市千代田町３－６－６" }, "geometry": { "type": "Point", "coordinates": [ 139.071732, 36.393472 ] } },
{ "type": "Feature", "properties": { "ID": 1033100000141, "正式名称": "ふせじま歯科医院", "機関区分": 3, "都道府県コード": 10, "市区町村コード": 201, "所在地": "群馬県前橋市上泉町３１３９", "緯度": 36.396445, "経度": 139.114978, "url": "https://www.iryou.teikyouseido.mhlw.go.jp/znk-web/juminkanja/S2430/initialize?prefCd=10&kikanCd=3100000141&kikanKbn=3", "url2": "http://fusejima-dc.jp/", "内容": "ふせじま歯科医院【3:歯科】群馬県前橋市上泉町３１３９" }, "geometry": { "type": "Point", "coordinates": [ 139.114978, 36.396445 ] } },
{ "type": "Feature", "properties": { "ID": 1033100000142, "正式名称": "古市歯科医院", "機関区分": 3, "都道府県コード": 10, "市区町村コード": 201, "所在地": "群馬県前橋市古市町１－５－３０", "緯度": 36.379445, "経度": 139.05404, "url": "https://www.iryou.teikyouseido.mhlw.go.jp/znk-web/juminkanja/S2430/initialize?prefCd=10&kikanCd=3100000142&kikanKbn=3", "url2": "https://dentist-9661.business.site/", "内容": "古市歯科医院【3:歯科】群馬県前橋市古市町１－５－３０" }, "geometry": { "type": "Point", "coordinates": [ 139.05404, 36.379445 ] } },
{ "type": "Feature", "properties": { "ID": 1033100000145, "正式名称": "ほほえみ矯正歯科クリニック", "機関区分": 3, "都道府県コード": 10, "市区町村コード": 201, "所在地": "群馬県前橋市小屋原町９７２－１", "緯度": 36.360477, "経度": 139.136256, "url": "https://www.iryou.teikyouseido.mhlw.go.jp/znk-web/juminkanja/S2430/initialize?prefCd=10&kikanCd=3100000145&kikanKbn=3", "url2": "http://www.e-hohoemi.jp/", "内容": "ほほえみ矯正歯科クリニック【3:歯科】群馬県前橋市小屋原町９７２－１" }, "geometry": { "type": "Point", "coordinates": [ 139.136256, 36.360477 ] } },
{ "type": "Feature", "properties": { "ID": 1033100000146, "正式名称": "ほりぐち歯科医院", "機関区分": 3, "都道府県コード": 10, "市区町村コード": 201, "所在地": "群馬県前橋市上小出町２－３８－３", "緯度": 36.416553, "経度": 139.059427, "url": "https://www.iryou.teikyouseido.mhlw.go.jp/znk-web/juminkanja/S2430/initialize?prefCd=10&kikanCd=3100000146&kikanKbn=3", "url2": null, "内容": "ほりぐち歯科医院【3:歯科】群馬県前橋市上小出町２－３８－３" }, "geometry": { "type": "Point", "coordinates": [ 139.059427, 36.416553 ] } },
{ "type": "Feature", "properties": { "ID": 1033100000147, "正式名称": "医療法人本間歯科医院", "機関区分": 3, "都道府県コード": 10, "市区町村コード": 201, "所在地": "群馬県前橋市日吉町１−３−１", "緯度": 36.39636, "経度": 139.07276, "url": "https://www.iryou.teikyouseido.mhlw.go.jp/znk-web/juminkanja/S2430/initialize?prefCd=10&kikanCd=3100000147&kikanKbn=3", "url2": null, "内容": "医療法人本間歯科医院【3:歯科】群馬県前橋市日吉町１−３−１" }, "geometry": { "type": "Point", "coordinates": [ 139.07276, 36.39636 ] } },
{ "type": "Feature", "properties": { "ID": 1033100000148, "正式名称": "前田歯科医院", "機関区分": 3, "都道府県コード": 10, "市区町村コード": 201, "所在地": "群馬県前橋市下小出町２－４２－９", "緯度": 36.414747, "経度": 139.067093, "url": "https://www.iryou.teikyouseido.mhlw.go.jp/znk-web/juminkanja/S2430/initialize?prefCd=10&kikanCd=3100000148&kikanKbn=3", "url2": "http://maeda-sika.com/", "内容": "前田歯科医院【3:歯科】群馬県前橋市下小出町２－４２－９" }, "geometry": { "type": "Point", "coordinates": [ 139.067093, 36.414747 ] } },
{ "type": "Feature", "properties": { "ID": 1033100000149, "正式名称": "前橋矯正歯科", "機関区分": 3, "都道府県コード": 10, "市区町村コード": 201, "所在地": "群馬県前橋市表町２－１－１１", "緯度": 36.386056, "経度": 139.075288, "url": "https://www.iryou.teikyouseido.mhlw.go.jp/znk-web/juminkanja/S2430/initialize?prefCd=10&kikanCd=3100000149&kikanKbn=3", "url2": "http://www.mae-kyo.com/", "内容": "前橋矯正歯科【3:歯科】群馬県前橋市表町２－１－１１" }, "geometry": { "type": "Point", "coordinates": [ 139.075288, 36.386056 ] } },
{ "type": "Feature", "properties": { "ID": 1033100000150, "正式名称": "前橋歯科クリニック", "機関区分": 3, "都道府県コード": 10, "市区町村コード": 201, "所在地": "群馬県前橋市日吉町４－３９－１", "緯度": 36.404165, "経度": 139.077814, "url": "https://www.iryou.teikyouseido.mhlw.go.jp/znk-web/juminkanja/S2430/initialize?prefCd=10&kikanCd=3100000150&kikanKbn=3", "url2": null, "内容": "前橋歯科クリニック【3:歯科】群馬県前橋市日吉町４－３９－１" }, "geometry": { "type": "Point", "coordinates": [ 139.077814, 36.404165 ] } },
{ "type": "Feature", "properties": { "ID": 1033100000152, "正式名称": "医療法人社団　前橋中央歯科医院荒子町診療所", "機関区分": 3, "都道府県コード": 10, "市区町村コード": 201, "所在地": "群馬県前橋市荒子町１５９９－８", "緯度": 36.389224, "経度": 139.161142, "url": "https://www.iryou.teikyouseido.mhlw.go.jp/znk-web/juminkanja/S2430/initialize?prefCd=10&kikanCd=3100000152&kikanKbn=3", "url2": null, "内容": "医療法人社団　前橋中央歯科医院荒子町診療所【3:歯科】群馬県前橋市荒子町１５９９－８" }, "geometry": { "type": "Point", "coordinates": [ 139.161142, 36.389224 ] } },
{ "type": "Feature", "properties": { "ID": 1033100000153, "正式名称": "医療法人社団前橋中央歯科医院", "機関区分": 3, "都道府県コード": 10, "市区町村コード": 201, "所在地": "群馬県前橋市三河町１丁目３番６号", "緯度": 36.390806, "経度": 139.074288, "url": "https://www.iryou.teikyouseido.mhlw.go.jp/znk-web/juminkanja/S2430/initialize?prefCd=10&kikanCd=3100000153&kikanKbn=3", "url2": "http://www.mc-dental.jp/", "内容": "医療法人社団前橋中央歯科医院【3:歯科】群馬県前橋市三河町１丁目３番６号" }, "geometry": { "type": "Point", "coordinates": [ 139.074288, 36.390806 ] } },
{ "type": "Feature", "properties": { "ID": 1033100000155, "正式名称": "町田歯科医院", "機関区分": 3, "都道府県コード": 10, "市区町村コード": 201, "所在地": "群馬県前橋市上佐鳥町６９－１", "緯度": 36.366142, "経度": 139.083427, "url": "https://www.iryou.teikyouseido.mhlw.go.jp/znk-web/juminkanja/S2430/initialize?prefCd=10&kikanCd=3100000155&kikanKbn=3", "url2": null, "内容": "町田歯科医院【3:歯科】群馬県前橋市上佐鳥町６９－１" }, "geometry": { "type": "Point", "coordinates": [ 139.083427, 36.366142 ] } },
{ "type": "Feature", "properties": { "ID": 1033100000156, "正式名称": "町田歯科クリニック", "機関区分": 3, "都道府県コード": 10, "市区町村コード": 201, "所在地": "群馬県前橋市富士見町原之郷６８５－５", "緯度": 36.435745, "経度": 139.06898, "url": "https://www.iryou.teikyouseido.mhlw.go.jp/znk-web/juminkanja/S2430/initialize?prefCd=10&kikanCd=3100000156&kikanKbn=3", "url2": "https://machida-dental.com", "内容": "町田歯科クリニック【3:歯科】群馬県前橋市富士見町原之郷６８５－５" }, "geometry": { "type": "Point", "coordinates": [ 139.06898, 36.435745 ] } },
{ "type": "Feature", "properties": { "ID": 1033100000158, "正式名称": "松田歯科医院", "機関区分": 3, "都道府県コード": 10, "市区町村コード": 201, "所在地": "群馬県前橋市北代田町", "緯度": 36.407905, "経度": 139.07239, "url": "https://www.iryou.teikyouseido.mhlw.go.jp/znk-web/juminkanja/S2430/initialize?prefCd=10&kikanCd=3100000158&kikanKbn=3", "url2": null, "内容": "松田歯科医院【3:歯科】群馬県前橋市北代田町" }, "geometry": { "type": "Point", "coordinates": [ 139.07239, 36.407905 ] } },
{ "type": "Feature", "properties": { "ID": 1033100000159, "正式名称": "間仁田歯科医院前橋オフィス", "機関区分": 3, "都道府県コード": 10, "市区町村コード": 201, "所在地": "群馬県前橋市清野町５－３", "緯度": 36.422856, "経度": 139.004098, "url": "https://www.iryou.teikyouseido.mhlw.go.jp/znk-web/juminkanja/S2430/initialize?prefCd=10&kikanCd=3100000159&kikanKbn=3", "url2": null, "内容": "間仁田歯科医院前橋オフィス【3:歯科】群馬県前橋市清野町５－３" }, "geometry": { "type": "Point", "coordinates": [ 139.004098, 36.422856 ] } },
{ "type": "Feature", "properties": { "ID": 1033100000161, "正式名称": "宮﨑歯科医院", "機関区分": 3, "都道府県コード": 10, "市区町村コード": 201, "所在地": "群馬県前橋市下新田町５９０－３", "緯度": 36.356615, "経度": 139.066512, "url": "https://www.iryou.teikyouseido.mhlw.go.jp/znk-web/juminkanja/S2430/initialize?prefCd=10&kikanCd=3100000161&kikanKbn=3", "url2": "https://miyazaki-smile.com", "内容": "宮﨑歯科医院【3:歯科】群馬県前橋市下新田町５９０－３" }, "geometry": { "type": "Point", "coordinates": [ 139.066512, 36.356615 ] } },
{ "type": "Feature", "properties": { "ID": 1033100000163, "正式名称": "みやた歯科クリニック", "機関区分": 3, "都道府県コード": 10, "市区町村コード": 201, "所在地": "群馬県前橋市天川大島町３丁目５９－２１", "緯度": 36.37403, "経度": 139.107008, "url": "https://www.iryou.teikyouseido.mhlw.go.jp/znk-web/juminkanja/S2430/initialize?prefCd=10&kikanCd=3100000163&kikanKbn=3", "url2": null, "内容": "みやた歯科クリニック【3:歯科】群馬県前橋市天川大島町３丁目５９－２１" }, "geometry": { "type": "Point", "coordinates": [ 139.107008, 36.37403 ] } },
{ "type": "Feature", "properties": { "ID": 1033100000166, "正式名称": "村山歯科クリニック", "機関区分": 3, "都道府県コード": 10, "市区町村コード": 201, "所在地": "群馬県前橋市元総社町２４－１", "緯度": 36.387583, "経度": 139.034458, "url": "https://www.iryou.teikyouseido.mhlw.go.jp/znk-web/juminkanja/S2430/initialize?prefCd=10&kikanCd=3100000166&kikanKbn=3", "url2": "https://murayama-dentalclinic.com/", "内容": "村山歯科クリニック【3:歯科】群馬県前橋市元総社町２４－１" }, "geometry": { "type": "Point", "coordinates": [ 139.034458, 36.387583 ] } },
{ "type": "Feature", "properties": { "ID": 1033100000167, "正式名称": "桃木歯科医院", "機関区分": 3, "都道府県コード": 10, "市区町村コード": 201, "所在地": "群馬県前橋市下細井町５８５－４", "緯度": 36.408471, "経度": 139.086008, "url": "https://www.iryou.teikyouseido.mhlw.go.jp/znk-web/juminkanja/S2430/initialize?prefCd=10&kikanCd=3100000167&kikanKbn=3", "url2": null, "内容": "桃木歯科医院【3:歯科】群馬県前橋市下細井町５８５－４" }, "geometry": { "type": "Point", "coordinates": [ 139.086008, 36.408471 ] } },
{ "type": "Feature", "properties": { "ID": 1033100000169, "正式名称": "やすだ矯正歯科", "機関区分": 3, "都道府県コード": 10, "市区町村コード": 201, "所在地": "群馬県前橋市荒牧町２丁目１１－７", "緯度": 36.422413, "経度": 139.055843, "url": "https://www.iryou.teikyouseido.mhlw.go.jp/znk-web/juminkanja/S2430/initialize?prefCd=10&kikanCd=3100000169&kikanKbn=3", "url2": "http://ysd-kyousei.com/", "内容": "やすだ矯正歯科【3:歯科】群馬県前橋市荒牧町２丁目１１－７" }, "geometry": { "type": "Point", "coordinates": [ 139.055843, 36.422413 ] } },
{ "type": "Feature", "properties": { "ID": 1033100000170, "正式名称": "矢内歯科医院", "機関区分": 3, "都道府県コード": 10, "市区町村コード": 201, "所在地": "群馬県前橋市千代田町５－１８－１５", "緯度": 36.392333, "経度": 139.072927, "url": "https://www.iryou.teikyouseido.mhlw.go.jp/znk-web/juminkanja/S2430/initialize?prefCd=10&kikanCd=3100000170&kikanKbn=3", "url2": null, "内容": "矢内歯科医院【3:歯科】群馬県前橋市千代田町５－１８－１５" }, "geometry": { "type": "Point", "coordinates": [ 139.072927, 36.392333 ] } },
{ "type": "Feature", "properties": { "ID": 1033100000171, "正式名称": "矢内歯科医院", "機関区分": 3, "都道府県コード": 10, "市区町村コード": 201, "所在地": "群馬県前橋市三俣町２ー１２ー２３", "緯度": 36.397638, "経度": 139.088675, "url": "https://www.iryou.teikyouseido.mhlw.go.jp/znk-web/juminkanja/S2430/initialize?prefCd=10&kikanCd=3100000171&kikanKbn=3", "url2": null, "内容": "矢内歯科医院【3:歯科】群馬県前橋市三俣町２ー１２ー２３" }, "geometry": { "type": "Point", "coordinates": [ 139.088675, 36.397638 ] } },
{ "type": "Feature", "properties": { "ID": 1033100000172, "正式名称": "柳町歯科医院", "機関区分": 3, "都道府県コード": 10, "市区町村コード": 201, "所在地": "群馬県前橋市粕川町女渕", "緯度": 36.408334, "経度": 139.206193, "url": "https://www.iryou.teikyouseido.mhlw.go.jp/znk-web/juminkanja/S2430/initialize?prefCd=10&kikanCd=3100000172&kikanKbn=3", "url2": "http://yanagimachishika.com", "内容": "柳町歯科医院【3:歯科】群馬県前橋市粕川町女渕" }, "geometry": { "type": "Point", "coordinates": [ 139.206193, 36.408334 ] } },
{ "type": "Feature", "properties": { "ID": 1033100000173, "正式名称": "山本歯科医院", "機関区分": 3, "都道府県コード": 10, "市区町村コード": 201, "所在地": "群馬県前橋市大手町３－１－１０　教育会館２Ｆ", "緯度": 36.393083, "経度": 139.062261, "url": "https://www.iryou.teikyouseido.mhlw.go.jp/znk-web/juminkanja/S2430/initialize?prefCd=10&kikanCd=3100000173&kikanKbn=3", "url2": null, "内容": "山本歯科医院【3:歯科】群馬県前橋市大手町３－１－１０　教育会館２Ｆ" }, "geometry": { "type": "Point", "coordinates": [ 139.062261, 36.393083 ] } },
{ "type": "Feature", "properties": { "ID": 1033100000174, "正式名称": "湯浅歯科医院", "機関区分": 3, "都道府県コード": 10, "市区町村コード": 201, "所在地": "群馬県前橋市荒牧町１－５１－３", "緯度": 36.430662, "経度": 139.054204, "url": "https://www.iryou.teikyouseido.mhlw.go.jp/znk-web/juminkanja/S2430/initialize?prefCd=10&kikanCd=3100000174&kikanKbn=3", "url2": null, "内容": "湯浅歯科医院【3:歯科】群馬県前橋市荒牧町１－５１－３" }, "geometry": { "type": "Point", "coordinates": [ 139.054204, 36.430662 ] } },
{ "type": "Feature", "properties": { "ID": 1033100000175, "正式名称": "医療法人社団　康寧会　よこはま歯科", "機関区分": 3, "都道府県コード": 10, "市区町村コード": 201, "所在地": "群馬県前橋市六供町１１９６－１", "緯度": 36.365364, "経度": 139.077066, "url": "https://www.iryou.teikyouseido.mhlw.go.jp/znk-web/juminkanja/S2430/initialize?prefCd=10&kikanCd=3100000175&kikanKbn=3", "url2": null, "内容": "医療法人社団　康寧会　よこはま歯科【3:歯科】群馬県前橋市六供町１１９６－１" }, "geometry": { "type": "Point", "coordinates": [ 139.077066, 36.365364 ] } },
{ "type": "Feature", "properties": { "ID": 1033100000176, "正式名称": "よしだ歯科医院", "機関区分": 3, "都道府県コード": 10, "市区町村コード": 201, "所在地": "群馬県前橋市鼻毛石町１９８－１６", "緯度": 36.437275, "経度": 139.17786, "url": "https://www.iryou.teikyouseido.mhlw.go.jp/znk-web/juminkanja/S2430/initialize?prefCd=10&kikanCd=3100000176&kikanKbn=3", "url2": null, "内容": "よしだ歯科医院【3:歯科】群馬県前橋市鼻毛石町１９８－１６" }, "geometry": { "type": "Point", "coordinates": [ 139.17786, 36.437275 ] } },
{ "type": "Feature", "properties": { "ID": 1033100000177, "正式名称": "米田歯科医院", "機関区分": 3, "都道府県コード": 10, "市区町村コード": 201, "所在地": "群馬県前橋市青柳町３６１－１", "緯度": 36.422969, "経度": 139.062176, "url": "https://www.iryou.teikyouseido.mhlw.go.jp/znk-web/juminkanja/S2430/initialize?prefCd=10&kikanCd=3100000177&kikanKbn=3", "url2": null, "内容": "米田歯科医院【3:歯科】群馬県前橋市青柳町３６１－１" }, "geometry": { "type": "Point", "coordinates": [ 139.062176, 36.422969 ] } },
{ "type": "Feature", "properties": { "ID": 1033100000178, "正式名称": "医療法人晃仁会　ラブアンドティース歯科医院", "機関区分": 3, "都道府県コード": 10, "市区町村コード": 201, "所在地": "群馬県前橋市千代田町３－６－２６", "緯度": 36.393638, "経度": 139.066483, "url": "https://www.iryou.teikyouseido.mhlw.go.jp/znk-web/juminkanja/S2430/initialize?prefCd=10&kikanCd=3100000178&kikanKbn=3", "url2": "http://www.loveandteeth.com/index.html", "内容": "医療法人晃仁会　ラブアンドティース歯科医院【3:歯科】群馬県前橋市千代田町３－６－２６" }, "geometry": { "type": "Point", "coordinates": [ 139.066483, 36.393638 ] } },
{ "type": "Feature", "properties": { "ID": 1033100000179, "正式名称": "渡辺歯科医院", "機関区分": 3, "都道府県コード": 10, "市区町村コード": 201, "所在地": "群馬県前橋市大友町", "緯度": 36.39186, "経度": 139.04379, "url": "https://www.iryou.teikyouseido.mhlw.go.jp/znk-web/juminkanja/S2430/initialize?prefCd=10&kikanCd=3100000179&kikanKbn=3", "url2": "http://www.watanabe-shika6482.jp/", "内容": "渡辺歯科医院【3:歯科】群馬県前橋市大友町" }, "geometry": { "type": "Point", "coordinates": [ 139.04379, 36.39186 ] } },
{ "type": "Feature", "properties": { "ID": 1033100000180, "正式名称": "アルファデンタルオフィス", "機関区分": 3, "都道府県コード": 10, "市区町村コード": 201, "所在地": "群馬県前橋市小坂子町８７９－５", "緯度": 36.424941, "経度": 139.110977, "url": "https://www.iryou.teikyouseido.mhlw.go.jp/znk-web/juminkanja/S2430/initialize?prefCd=10&kikanCd=3100000180&kikanKbn=3", "url2": "http://www.alfadental.jp/", "内容": "アルファデンタルオフィス【3:歯科】群馬県前橋市小坂子町８７９－５" }, "geometry": { "type": "Point", "coordinates": [ 139.110977, 36.424941 ] } },
{ "type": "Feature", "properties": { "ID": 1033100000181, "正式名称": "あおぞら歯科クリニック", "機関区分": 3, "都道府県コード": 10, "市区町村コード": 202, "所在地": "群馬県高崎市高関町３７７－５", "緯度": 36.329645, "経度": 139.028989, "url": "https://www.iryou.teikyouseido.mhlw.go.jp/znk-web/juminkanja/S2430/initialize?prefCd=10&kikanCd=3100000181&kikanKbn=3", "url2": "http://www.aozora-dental.com", "内容": "あおぞら歯科クリニック【3:歯科】群馬県高崎市高関町３７７－５" }, "geometry": { "type": "Point", "coordinates": [ 139.028989, 36.329645 ] } },
{ "type": "Feature", "properties": { "ID": 1033100000183, "正式名称": "アクア矯正歯科クリニック", "機関区分": 3, "都道府県コード": 10, "市区町村コード": 202, "所在地": "群馬県高崎市旭町", "緯度": 36.323228, "経度": 139.007241, "url": "https://www.iryou.teikyouseido.mhlw.go.jp/znk-web/juminkanja/S2430/initialize?prefCd=10&kikanCd=3100000183&kikanKbn=3", "url2": "http://www.aquaclinic.net/", "内容": "アクア矯正歯科クリニック【3:歯科】群馬県高崎市旭町" }, "geometry": { "type": "Point", "coordinates": [ 139.007241, 36.323228 ] } },
{ "type": "Feature", "properties": { "ID": 1033100000185, "正式名称": "新井歯科医院", "機関区分": 3, "都道府県コード": 10, "市区町村コード": 202, "所在地": "群馬県高崎市東貝沢町２－２５－４", "緯度": 36.344254, "経度": 139.034154, "url": "https://www.iryou.teikyouseido.mhlw.go.jp/znk-web/juminkanja/S2430/initialize?prefCd=10&kikanCd=3100000185&kikanKbn=3", "url2": null, "内容": "新井歯科医院【3:歯科】群馬県高崎市東貝沢町２－２５－４" }, "geometry": { "type": "Point", "coordinates": [ 139.034154, 36.344254 ] } },
{ "type": "Feature", "properties": { "ID": 1033100000186, "正式名称": "石井歯科医院", "機関区分": 3, "都道府県コード": 10, "市区町村コード": 202, "所在地": "群馬県高崎市上佐野町２７８－８", "緯度": 36.310008, "経度": 139.018601, "url": "https://www.iryou.teikyouseido.mhlw.go.jp/znk-web/juminkanja/S2430/initialize?prefCd=10&kikanCd=3100000186&kikanKbn=3", "url2": null, "内容": "石井歯科医院【3:歯科】群馬県高崎市上佐野町２７８－８" }, "geometry": { "type": "Point", "coordinates": [ 139.018601, 36.310008 ] } },
{ "type": "Feature", "properties": { "ID": 1033100000187, "正式名称": "医療法人石倉歯科医院", "機関区分": 3, "都道府県コード": 10, "市区町村コード": 202, "所在地": "群馬県高崎市飯塚町４５７－３", "緯度": 36.341476, "経度": 139.01099, "url": "https://www.iryou.teikyouseido.mhlw.go.jp/znk-web/juminkanja/S2430/initialize?prefCd=10&kikanCd=3100000187&kikanKbn=3", "url2": "http://www.cic-implant.jp", "内容": "医療法人石倉歯科医院【3:歯科】群馬県高崎市飯塚町４５７－３" }, "geometry": { "type": "Point", "coordinates": [ 139.01099, 36.341476 ] } },
{ "type": "Feature", "properties": { "ID": 1033100000190, "正式名称": "石原歯科医院", "機関区分": 3, "都道府県コード": 10, "市区町村コード": 202, "所在地": "群馬県高崎市聖石町１０－１１", "緯度": 36.316034, "経度": 138.998881, "url": "https://www.iryou.teikyouseido.mhlw.go.jp/znk-web/juminkanja/S2430/initialize?prefCd=10&kikanCd=3100000190&kikanKbn=3", "url2": null, "内容": "石原歯科医院【3:歯科】群馬県高崎市聖石町１０－１１" }, "geometry": { "type": "Point", "coordinates": [ 138.998881, 36.316034 ] } },
{ "type": "Feature", "properties": { "ID": 1033100000191, "正式名称": "いじり歯科", "機関区分": 3, "都道府県コード": 10, "市区町村コード": 202, "所在地": "群馬県高崎市倉賀野町６４２４", "緯度": 36.299593, "経度": 139.041267, "url": "https://www.iryou.teikyouseido.mhlw.go.jp/znk-web/juminkanja/S2430/initialize?prefCd=10&kikanCd=3100000191&kikanKbn=3", "url2": null, "内容": "いじり歯科【3:歯科】群馬県高崎市倉賀野町６４２４" }, "geometry": { "type": "Point", "coordinates": [ 139.041267, 36.299593 ] } },
{ "type": "Feature", "properties": { "ID": 1033100000192, "正式名称": "井田歯科クリニック", "機関区分": 3, "都道府県コード": 10, "市区町村コード": 202, "所在地": "群馬県高崎市末広町７２", "緯度": 36.332727, "経度": 139.007324, "url": "https://www.iryou.teikyouseido.mhlw.go.jp/znk-web/juminkanja/S2430/initialize?prefCd=10&kikanCd=3100000192&kikanKbn=3", "url2": "https://www.1180ida.com/", "内容": "井田歯科クリニック【3:歯科】群馬県高崎市末広町７２" }, "geometry": { "type": "Point", "coordinates": [ 139.007324, 36.332727 ] } },
{ "type": "Feature", "properties": { "ID": 1033100000194, "正式名称": "いぶき歯科クリニック", "機関区分": 3, "都道府県コード": 10, "市区町村コード": 202, "所在地": "群馬県高崎市柴崎町１２６０", "緯度": 36.318591, "経度": 139.051237, "url": "https://www.iryou.teikyouseido.mhlw.go.jp/znk-web/juminkanja/S2430/initialize?prefCd=10&kikanCd=3100000194&kikanKbn=3", "url2": "http://www.ibuki-dc.com/", "内容": "いぶき歯科クリニック【3:歯科】群馬県高崎市柴崎町１２６０" }, "geometry": { "type": "Point", "coordinates": [ 139.051237, 36.318591 ] } },
{ "type": "Feature", "properties": { "ID": 1033100000195, "正式名称": "今井歯科医院", "機関区分": 3, "都道府県コード": 10, "市区町村コード": 202, "所在地": "群馬県高崎市成田町１５", "緯度": 36.331422, "経度": 139.005129, "url": "https://www.iryou.teikyouseido.mhlw.go.jp/znk-web/juminkanja/S2430/initialize?prefCd=10&kikanCd=3100000195&kikanKbn=3", "url2": "https://imaishikaiin.com", "内容": "今井歯科医院【3:歯科】群馬県高崎市成田町１５" }, "geometry": { "type": "Point", "coordinates": [ 139.005129, 36.331422 ] } },
{ "type": "Feature", "properties": { "ID": 1033100000196, "正式名称": "井本歯科医院", "機関区分": 3, "都道府県コード": 10, "市区町村コード": 202, "所在地": "群馬県高崎市浜尻町２０１－２０", "緯度": 36.350253, "経度": 139.01435, "url": "https://www.iryou.teikyouseido.mhlw.go.jp/znk-web/juminkanja/S2430/initialize?prefCd=10&kikanCd=3100000196&kikanKbn=3", "url2": "http://www.imoto-shikaiin.com", "内容": "井本歯科医院【3:歯科】群馬県高崎市浜尻町２０１－２０" }, "geometry": { "type": "Point", "coordinates": [ 139.01435, 36.350253 ] } },
{ "type": "Feature", "properties": { "ID": 1033100000197, "正式名称": "医療法人尚歯会いさはい歯科医院", "機関区分": 3, "都道府県コード": 10, "市区町村コード": 202, "所在地": "群馬県高崎市京目町６９６", "緯度": 36.344088, "経度": 139.05368, "url": "https://www.iryou.teikyouseido.mhlw.go.jp/znk-web/juminkanja/S2430/initialize?prefCd=10&kikanCd=3100000197&kikanKbn=3", "url2": "http://www.isahai.jp", "内容": "医療法人尚歯会いさはい歯科医院【3:歯科】群馬県高崎市京目町６９６" }, "geometry": { "type": "Point", "coordinates": [ 139.05368, 36.344088 ] } },
{ "type": "Feature", "properties": { "ID": 1033100000198, "正式名称": "医療法人尚歯会いさはい歯科医院高崎駅前オフィス", "機関区分": 3, "都道府県コード": 10, "市区町村コード": 202, "所在地": "群馬県高崎市八島町２３２番地８　アパホテル高崎駅前１階", "緯度": 36.321145, "経度": 139.009963, "url": "https://www.iryou.teikyouseido.mhlw.go.jp/znk-web/juminkanja/S2430/initialize?prefCd=10&kikanCd=3100000198&kikanKbn=3", "url2": "http://www.isahai.jp", "内容": "医療法人尚歯会いさはい歯科医院高崎駅前オフィス【3:歯科】群馬県高崎市八島町２３２番地８　アパホテル高崎駅前１階" }, "geometry": { "type": "Point", "coordinates": [ 139.009963, 36.321145 ] } },
{ "type": "Feature", "properties": { "ID": 1033100000199, "正式名称": "医療法人社団優志会高崎ヒロデンタルクリニック", "機関区分": 3, "都道府県コード": 10, "市区町村コード": 202, "所在地": "群馬県高崎市飯塚町１１５０－５　ウニクス高崎", "緯度": 36.339504, "経度": 139.007629, "url": "https://www.iryou.teikyouseido.mhlw.go.jp/znk-web/juminkanja/S2430/initialize?prefCd=10&kikanCd=3100000199&kikanKbn=3", "url2": "http://www.hirodentalclinic.com", "内容": "医療法人社団優志会高崎ヒロデンタルクリニック【3:歯科】群馬県高崎市飯塚町１１５０－５　ウニクス高崎" }, "geometry": { "type": "Point", "coordinates": [ 139.007629, 36.339504 ] } },
{ "type": "Feature", "properties": { "ID": 1033100000200, "正式名称": "医療法人みやざき矯正歯科医院", "機関区分": 3, "都道府県コード": 10, "市区町村コード": 202, "所在地": "群馬県高崎市八島町８２－１８", "緯度": 36.320784, "経度": 139.009324, "url": "https://www.iryou.teikyouseido.mhlw.go.jp/znk-web/juminkanja/S2430/initialize?prefCd=10&kikanCd=3100000200&kikanKbn=3", "url2": "http://www.m-kyousei.com/", "内容": "医療法人みやざき矯正歯科医院【3:歯科】群馬県高崎市八島町８２－１８" }, "geometry": { "type": "Point", "coordinates": [ 139.009324, 36.320784 ] } },
{ "type": "Feature", "properties": { "ID": 1033100000201, "正式名称": "医療法人矢野歯科医院", "機関区分": 3, "都道府県コード": 10, "市区町村コード": 202, "所在地": "群馬県高崎市南大類町７１５－１", "緯度": 36.327339, "経度": 139.038294, "url": "https://www.iryou.teikyouseido.mhlw.go.jp/znk-web/juminkanja/S2430/initialize?prefCd=10&kikanCd=3100000201&kikanKbn=3", "url2": null, "内容": "医療法人矢野歯科医院【3:歯科】群馬県高崎市南大類町７１５－１" }, "geometry": { "type": "Point", "coordinates": [ 139.038294, 36.327339 ] } },
{ "type": "Feature", "properties": { "ID": 1033100000202, "正式名称": "内田デンタルオフィス", "機関区分": 3, "都道府県コード": 10, "市区町村コード": 202, "所在地": "群馬県高崎市椿町４６", "緯度": 36.330644, "経度": 139.007546, "url": "https://www.iryou.teikyouseido.mhlw.go.jp/znk-web/juminkanja/S2430/initialize?prefCd=10&kikanCd=3100000202&kikanKbn=3", "url2": "http://www.uchida-dent.net/", "内容": "内田デンタルオフィス【3:歯科】群馬県高崎市椿町４６" }, "geometry": { "type": "Point", "coordinates": [ 139.007546, 36.330644 ] } },
{ "type": "Feature", "properties": { "ID": 1033100000205, "正式名称": "大沢歯科クリニック", "機関区分": 3, "都道府県コード": 10, "市区町村コード": 202, "所在地": "群馬県高崎市宮元町７－１", "緯度": 36.325395, "経度": 139.004602, "url": "https://www.iryou.teikyouseido.mhlw.go.jp/znk-web/juminkanja/S2430/initialize?prefCd=10&kikanCd=3100000205&kikanKbn=3", "url2": "http://ohsawashika.jp/", "内容": "大沢歯科クリニック【3:歯科】群馬県高崎市宮元町７－１" }, "geometry": { "type": "Point", "coordinates": [ 139.004602, 36.325395 ] } },
{ "type": "Feature", "properties": { "ID": 1033100000208, "正式名称": "大利根歯科クリニック", "機関区分": 3, "都道府県コード": 10, "市区町村コード": 202, "所在地": "群馬県高崎市大沢町２０２－１", "緯度": 36.353865, "経度": 139.062735, "url": "https://www.iryou.teikyouseido.mhlw.go.jp/znk-web/juminkanja/S2430/initialize?prefCd=10&kikanCd=3100000208&kikanKbn=3", "url2": null, "内容": "大利根歯科クリニック【3:歯科】群馬県高崎市大沢町２０２－１" }, "geometry": { "type": "Point", "coordinates": [ 139.062735, 36.353865 ] } },
{ "type": "Feature", "properties": { "ID": 1033100000209, "正式名称": "落合歯科医院", "機関区分": 3, "都道府県コード": 10, "市区町村コード": 202, "所在地": "群馬県高崎市倉賀野町１０５４", "緯度": 36.299315, "経度": 139.046822, "url": "https://www.iryou.teikyouseido.mhlw.go.jp/znk-web/juminkanja/S2430/initialize?prefCd=10&kikanCd=3100000209&kikanKbn=3", "url2": null, "内容": "落合歯科医院【3:歯科】群馬県高崎市倉賀野町１０５４" }, "geometry": { "type": "Point", "coordinates": [ 139.046822, 36.299315 ] } },
{ "type": "Feature", "properties": { "ID": 1033100000210, "正式名称": "落合歯科医院", "機関区分": 3, "都道府県コード": 10, "市区町村コード": 202, "所在地": "群馬県高崎市貝沢町３５６－３", "緯度": 36.345143, "経度": 139.024405, "url": "https://www.iryou.teikyouseido.mhlw.go.jp/znk-web/juminkanja/S2430/initialize?prefCd=10&kikanCd=3100000210&kikanKbn=3", "url2": null, "内容": "落合歯科医院【3:歯科】群馬県高崎市貝沢町３５６－３" }, "geometry": { "type": "Point", "coordinates": [ 139.024405, 36.345143 ] } },
{ "type": "Feature", "properties": { "ID": 1033100000211, "正式名称": "落合歯科クリニック", "機関区分": 3, "都道府県コード": 10, "市区町村コード": 202, "所在地": "群馬県高崎市請地町１５－３", "緯度": 36.334505, "経度": 139.002907, "url": "https://www.iryou.teikyouseido.mhlw.go.jp/znk-web/juminkanja/S2430/initialize?prefCd=10&kikanCd=3100000211&kikanKbn=3", "url2": null, "内容": "落合歯科クリニック【3:歯科】群馬県高崎市請地町１５－３" }, "geometry": { "type": "Point", "coordinates": [ 139.002907, 36.334505 ] } },
{ "type": "Feature", "properties": { "ID": 1033100000212, "正式名称": "音羽ノ森歯科診察室", "機関区分": 3, "都道府県コード": 10, "市区町村コード": 202, "所在地": "群馬県高崎市下小塙町１６５０－２", "緯度": 36.350697, "経度": 138.965937, "url": "https://www.iryou.teikyouseido.mhlw.go.jp/znk-web/juminkanja/S2430/initialize?prefCd=10&kikanCd=3100000212&kikanKbn=3", "url2": null, "内容": "音羽ノ森歯科診察室【3:歯科】群馬県高崎市下小塙町１６５０－２" }, "geometry": { "type": "Point", "coordinates": [ 138.965937, 36.350697 ] } },
{ "type": "Feature", "properties": { "ID": 1033100000213, "正式名称": "柿沼歯科医院", "機関区分": 3, "都道府県コード": 10, "市区町村コード": 202, "所在地": "群馬県高崎市上滝町１０３３", "緯度": 36.321507, "経度": 139.069069, "url": "https://www.iryou.teikyouseido.mhlw.go.jp/znk-web/juminkanja/S2430/initialize?prefCd=10&kikanCd=3100000213&kikanKbn=3", "url2": null, "内容": "柿沼歯科医院【3:歯科】群馬県高崎市上滝町１０３３" }, "geometry": { "type": "Point", "coordinates": [ 139.069069, 36.321507 ] } },
{ "type": "Feature", "properties": { "ID": 1033100000214, "正式名称": "医療法人笠野歯科医院", "機関区分": 3, "都道府県コード": 10, "市区町村コード": 202, "所在地": "群馬県高崎市井野町１１０９－２０", "緯度": 36.354059, "経度": 139.025988, "url": "https://www.iryou.teikyouseido.mhlw.go.jp/znk-web/juminkanja/S2430/initialize?prefCd=10&kikanCd=3100000214&kikanKbn=3", "url2": "http://kasanoshika.cihp2.jp/", "内容": "医療法人笠野歯科医院【3:歯科】群馬県高崎市井野町１１０９－２０" }, "geometry": { "type": "Point", "coordinates": [ 139.025988, 36.354059 ] } },
{ "type": "Feature", "properties": { "ID": 1033100000215, "正式名称": "加納歯科医院", "機関区分": 3, "都道府県コード": 10, "市区町村コード": 202, "所在地": "群馬県高崎市小八木町２０１０－１４", "緯度": 36.357391, "経度": 139.018683, "url": "https://www.iryou.teikyouseido.mhlw.go.jp/znk-web/juminkanja/S2430/initialize?prefCd=10&kikanCd=3100000215&kikanKbn=3", "url2": "https://kano-dental.net/", "内容": "加納歯科医院【3:歯科】群馬県高崎市小八木町２０１０－１４" }, "geometry": { "type": "Point", "coordinates": [ 139.018683, 36.357391 ] } },
{ "type": "Feature", "properties": { "ID": 1033100000216, "正式名称": "川上歯科クリニック", "機関区分": 3, "都道府県コード": 10, "市区町村コード": 202, "所在地": "群馬県高崎市大八木町５７５－２", "緯度": 36.363585, "経度": 139.000851, "url": "https://www.iryou.teikyouseido.mhlw.go.jp/znk-web/juminkanja/S2430/initialize?prefCd=10&kikanCd=3100000216&kikanKbn=3", "url2": "http://www.kawakamishika.com/", "内容": "川上歯科クリニック【3:歯科】群馬県高崎市大八木町５７５－２" }, "geometry": { "type": "Point", "coordinates": [ 139.000851, 36.363585 ] } },
{ "type": "Feature", "properties": { "ID": 1033100000217, "正式名称": "川崎歯科医院", "機関区分": 3, "都道府県コード": 10, "市区町村コード": 202, "所在地": "群馬県高崎市貝沢町９４５－２", "緯度": 36.342921, "経度": 139.019211, "url": "https://www.iryou.teikyouseido.mhlw.go.jp/znk-web/juminkanja/S2430/initialize?prefCd=10&kikanCd=3100000217&kikanKbn=3", "url2": null, "内容": "川崎歯科医院【3:歯科】群馬県高崎市貝沢町９４５－２" }, "geometry": { "type": "Point", "coordinates": [ 139.019211, 36.342921 ] } },
{ "type": "Feature", "properties": { "ID": 1033100000219, "正式名称": "岸歯科クリニック", "機関区分": 3, "都道府県コード": 10, "市区町村コード": 202, "所在地": "群馬県高崎市日高町５４４－６", "緯度": 36.36478, "経度": 139.034625, "url": "https://www.iryou.teikyouseido.mhlw.go.jp/znk-web/juminkanja/S2430/initialize?prefCd=10&kikanCd=3100000219&kikanKbn=3", "url2": null, "内容": "岸歯科クリニック【3:歯科】群馬県高崎市日高町５４４－６" }, "geometry": { "type": "Point", "coordinates": [ 139.034625, 36.36478 ] } },
{ "type": "Feature", "properties": { "ID": 1033100000220, "正式名称": "医療法人青葉会きたやま矯正歯科", "機関区分": 3, "都道府県コード": 10, "市区町村コード": 202, "所在地": "群馬県高崎市柴崎町１２６２－６", "緯度": 36.320729, "経度": 139.044238, "url": "https://www.iryou.teikyouseido.mhlw.go.jp/znk-web/juminkanja/S2430/initialize?prefCd=10&kikanCd=3100000220&kikanKbn=3", "url2": "https://www.11888.jp", "内容": "医療法人青葉会きたやま矯正歯科【3:歯科】群馬県高崎市柴崎町１２６２－６" }, "geometry": { "type": "Point", "coordinates": [ 139.044238, 36.320729 ] } },
{ "type": "Feature", "properties": { "ID": 1033100000221, "正式名称": "国吉歯科医院", "機関区分": 3, "都道府県コード": 10, "市区町村コード": 202, "所在地": "群馬県高崎市下豊岡町１４８９－１", "緯度": 36.331144, "経度": 138.979298, "url": "https://www.iryou.teikyouseido.mhlw.go.jp/znk-web/juminkanja/S2430/initialize?prefCd=10&kikanCd=3100000221&kikanKbn=3", "url2": "http://www.kuniyoshi-dc.jp/", "内容": "国吉歯科医院【3:歯科】群馬県高崎市下豊岡町１４８９－１" }, "geometry": { "type": "Point", "coordinates": [ 138.979298, 36.331144 ] } },
{ "type": "Feature", "properties": { "ID": 1033100000223, "正式名称": "黒沢デンタルクリニック", "機関区分": 3, "都道府県コード": 10, "市区町村コード": 202, "所在地": "群馬県高崎市通町９３－２０", "緯度": 36.324367, "経度": 139.009935, "url": "https://www.iryou.teikyouseido.mhlw.go.jp/znk-web/juminkanja/S2430/initialize?prefCd=10&kikanCd=3100000223&kikanKbn=3", "url2": "https://kurodentalclinic.ci-hp.jp/", "内容": "黒沢デンタルクリニック【3:歯科】群馬県高崎市通町９３－２０" }, "geometry": { "type": "Point", "coordinates": [ 139.009935, 36.324367 ] } },
{ "type": "Feature", "properties": { "ID": 1033100000224, "正式名称": "黒田歯科医院", "機関区分": 3, "都道府県コード": 10, "市区町村コード": 202, "所在地": "群馬県高崎市江木町", "緯度": 36.332228, "経度": 139.020017, "url": "https://www.iryou.teikyouseido.mhlw.go.jp/znk-web/juminkanja/S2430/initialize?prefCd=10&kikanCd=3100000224&kikanKbn=3", "url2": null, "内容": "黒田歯科医院【3:歯科】群馬県高崎市江木町" }, "geometry": { "type": "Point", "coordinates": [ 139.020017, 36.332228 ] } },
{ "type": "Feature", "properties": { "ID": 1033100000225, "正式名称": "ごうくら歯科医院", "機関区分": 3, "都道府県コード": 10, "市区町村コード": 202, "所在地": "群馬県高崎市上大類町１３７９－１", "緯度": 36.341282, "経度": 139.031488, "url": "https://www.iryou.teikyouseido.mhlw.go.jp/znk-web/juminkanja/S2430/initialize?prefCd=10&kikanCd=3100000225&kikanKbn=3", "url2": "http://www.goukura.com", "内容": "ごうくら歯科医院【3:歯科】群馬県高崎市上大類町１３７９－１" }, "geometry": { "type": "Point", "coordinates": [ 139.031488, 36.341282 ] } },
{ "type": "Feature", "properties": { "ID": 1033100000226, "正式名称": "医療法人高南会高南歯科医院", "機関区分": 3, "都道府県コード": 10, "市区町村コード": 202, "所在地": "群馬県高崎市中大類町６３２", "緯度": 36.324618, "経度": 139.059986, "url": "https://www.iryou.teikyouseido.mhlw.go.jp/znk-web/juminkanja/S2430/initialize?prefCd=10&kikanCd=3100000226&kikanKbn=3", "url2": "http://kohnanshika.com/", "内容": "医療法人高南会高南歯科医院【3:歯科】群馬県高崎市中大類町６３２" }, "geometry": { "type": "Point", "coordinates": [ 139.059986, 36.324618 ] } },
{ "type": "Feature", "properties": { "ID": 1033100000227, "正式名称": "小久保歯科医院", "機関区分": 3, "都道府県コード": 10, "市区町村コード": 202, "所在地": "群馬県高崎市城山町１－２８－１３", "緯度": 36.287704, "経度": 139.011575, "url": "https://www.iryou.teikyouseido.mhlw.go.jp/znk-web/juminkanja/S2430/initialize?prefCd=10&kikanCd=3100000227&kikanKbn=3", "url2": null, "内容": "小久保歯科医院【3:歯科】群馬県高崎市城山町１－２８－１３" }, "geometry": { "type": "Point", "coordinates": [ 139.011575, 36.287704 ] } },
{ "type": "Feature", "properties": { "ID": 1033100000229, "正式名称": "こたに歯科", "機関区分": 3, "都道府県コード": 10, "市区町村コード": 202, "所在地": "群馬県高崎市天神町１２６－１", "緯度": 36.342449, "経度": 139.018267, "url": "https://www.iryou.teikyouseido.mhlw.go.jp/znk-web/juminkanja/S2430/initialize?prefCd=10&kikanCd=3100000229&kikanKbn=3", "url2": null, "内容": "こたに歯科【3:歯科】群馬県高崎市天神町１２６－１" }, "geometry": { "type": "Point", "coordinates": [ 139.018267, 36.342449 ] } },
{ "type": "Feature", "properties": { "ID": 1033100000230, "正式名称": "後藤歯科医院", "機関区分": 3, "都道府県コード": 10, "市区町村コード": 202, "所在地": "群馬県高崎市倉賀野町５５６２－１２", "緯度": 36.296176, "経度": 139.045239, "url": "https://www.iryou.teikyouseido.mhlw.go.jp/znk-web/juminkanja/S2430/initialize?prefCd=10&kikanCd=3100000230&kikanKbn=3", "url2": null, "内容": "後藤歯科医院【3:歯科】群馬県高崎市倉賀野町５５６２－１２" }, "geometry": { "type": "Point", "coordinates": [ 139.045239, 36.296176 ] } },
{ "type": "Feature", "properties": { "ID": 1033100000231, "正式名称": "小林歯科医院", "機関区分": 3, "都道府県コード": 10, "市区町村コード": 202, "所在地": "群馬県高崎市剣崎町９２９－１", "緯度": 36.344364, "経度": 138.958216, "url": "https://www.iryou.teikyouseido.mhlw.go.jp/znk-web/juminkanja/S2430/initialize?prefCd=10&kikanCd=3100000231&kikanKbn=3", "url2": null, "内容": "小林歯科医院【3:歯科】群馬県高崎市剣崎町９２９－１" }, "geometry": { "type": "Point", "coordinates": [ 138.958216, 36.344364 ] } },
{ "type": "Feature", "properties": { "ID": 1033100000233, "正式名称": "さとう歯科", "機関区分": 3, "都道府県コード": 10, "市区町村コード": 202, "所在地": "群馬県高崎市上中居町", "緯度": 36.320368, "経度": 139.023434, "url": "https://www.iryou.teikyouseido.mhlw.go.jp/znk-web/juminkanja/S2430/initialize?prefCd=10&kikanCd=3100000233&kikanKbn=3", "url2": "https://itp.ne.jp/info/100614544161031070/", "内容": "さとう歯科【3:歯科】群馬県高崎市上中居町" }, "geometry": { "type": "Point", "coordinates": [ 139.023434, 36.320368 ] } },
{ "type": "Feature", "properties": { "ID": 1033100000234, "正式名称": "さわやか歯科クリニック", "機関区分": 3, "都道府県コード": 10, "市区町村コード": 202, "所在地": "群馬県高崎市浜川町", "緯度": 36.372611, "経度": 138.972241, "url": "https://www.iryou.teikyouseido.mhlw.go.jp/znk-web/juminkanja/S2430/initialize?prefCd=10&kikanCd=3100000234&kikanKbn=3", "url2": "http://sawayaka-dc.ci-hp.jp/", "内容": "さわやか歯科クリニック【3:歯科】群馬県高崎市浜川町" }, "geometry": { "type": "Point", "coordinates": [ 138.972241, 36.372611 ] } },
{ "type": "Feature", "properties": { "ID": 1033100000235, "正式名称": "歯科伊勢田医院", "機関区分": 3, "都道府県コード": 10, "市区町村コード": 202, "所在地": "群馬県高崎市新後閑町", "緯度": 36.312591, "経度": 139.014741, "url": "https://www.iryou.teikyouseido.mhlw.go.jp/znk-web/juminkanja/S2430/initialize?prefCd=10&kikanCd=3100000235&kikanKbn=3", "url2": null, "内容": "歯科伊勢田医院【3:歯科】群馬県高崎市新後閑町" }, "geometry": { "type": "Point", "coordinates": [ 139.014741, 36.312591 ] } },
{ "type": "Feature", "properties": { "ID": 1033100000236, "正式名称": "篠原歯科医院", "機関区分": 3, "都道府県コード": 10, "市区町村コード": 202, "所在地": "群馬県高崎市上中居町１８１－５", "緯度": 36.318257, "経度": 139.028989, "url": "https://www.iryou.teikyouseido.mhlw.go.jp/znk-web/juminkanja/S2430/initialize?prefCd=10&kikanCd=3100000236&kikanKbn=3", "url2": "http://www.shinohara-dental.jp/", "内容": "篠原歯科医院【3:歯科】群馬県高崎市上中居町１８１－５" }, "geometry": { "type": "Point", "coordinates": [ 139.028989, 36.318257 ] } },
{ "type": "Feature", "properties": { "ID": 1033100000237, "正式名称": "清水歯科医院", "機関区分": 3, "都道府県コード": 10, "市区町村コード": 202, "所在地": "群馬県高崎市上小塙町１０６６－１", "緯度": 36.353114, "経度": 138.984741, "url": "https://www.iryou.teikyouseido.mhlw.go.jp/znk-web/juminkanja/S2430/initialize?prefCd=10&kikanCd=3100000237&kikanKbn=3", "url2": "https://shimizushika.jp/", "内容": "清水歯科医院【3:歯科】群馬県高崎市上小塙町１０６６－１" }, "geometry": { "type": "Point", "coordinates": [ 138.984741, 36.353114 ] } },
{ "type": "Feature", "properties": { "ID": 1033100000238, "正式名称": "清水デンタルクリニック", "機関区分": 3, "都道府県コード": 10, "市区町村コード": 202, "所在地": "群馬県高崎市上並榎町２５６－３　センチュリーハイツ１Ｆ", "緯度": 36.342976, "経度": 138.987603, "url": "https://www.iryou.teikyouseido.mhlw.go.jp/znk-web/juminkanja/S2430/initialize?prefCd=10&kikanCd=3100000238&kikanKbn=3", "url2": null, "内容": "清水デンタルクリニック【3:歯科】群馬県高崎市上並榎町２５６－３　センチュリーハイツ１Ｆ" }, "geometry": { "type": "Point", "coordinates": [ 138.987603, 36.342976 ] } },
{ "type": "Feature", "properties": { "ID": 1033100000239, "正式名称": "医療法人三志会城南大橋歯科クリニック", "機関区分": 3, "都道府県コード": 10, "市区町村コード": 202, "所在地": "群馬県高崎市寺尾町２６２８－１", "緯度": 36.304452, "経度": 139.006658, "url": "https://www.iryou.teikyouseido.mhlw.go.jp/znk-web/juminkanja/S2430/initialize?prefCd=10&kikanCd=3100000239&kikanKbn=3", "url2": "http://www.kujira-shika.jp", "内容": "医療法人三志会城南大橋歯科クリニック【3:歯科】群馬県高崎市寺尾町２６２８－１" }, "geometry": { "type": "Point", "coordinates": [ 139.006658, 36.304452 ] } },
{ "type": "Feature", "properties": { "ID": 1033100000241, "正式名称": "すまいる歯科　伊東醫院", "機関区分": 3, "都道府県コード": 10, "市区町村コード": 202, "所在地": "群馬県高崎市綿貫町４８６－１", "緯度": 36.301843, "経度": 139.074014, "url": "https://www.iryou.teikyouseido.mhlw.go.jp/znk-web/juminkanja/S2430/initialize?prefCd=10&kikanCd=3100000241&kikanKbn=3", "url2": "https://www.smile-clinic.com/", "内容": "すまいる歯科　伊東醫院【3:歯科】群馬県高崎市綿貫町４８６－１" }, "geometry": { "type": "Point", "coordinates": [ 139.074014, 36.301843 ] } },
{ "type": "Feature", "properties": { "ID": 1033100000242, "正式名称": "せきぐち歯科医院", "機関区分": 3, "都道府県コード": 10, "市区町村コード": 202, "所在地": "群馬県高崎市下滝町１５－１８", "緯度": 36.320619, "経度": 139.071958, "url": "https://www.iryou.teikyouseido.mhlw.go.jp/znk-web/juminkanja/S2430/initialize?prefCd=10&kikanCd=3100000242&kikanKbn=3", "url2": null, "内容": "せきぐち歯科医院【3:歯科】群馬県高崎市下滝町１５－１８" }, "geometry": { "type": "Point", "coordinates": [ 139.071958, 36.320619 ] } },
{ "type": "Feature", "properties": { "ID": 1033100000243, "正式名称": "関口歯科医院", "機関区分": 3, "都道府県コード": 10, "市区町村コード": 202, "所在地": "群馬県高崎市江木町１７００－２", "緯度": 36.331561, "経度": 139.025517, "url": "https://www.iryou.teikyouseido.mhlw.go.jp/znk-web/juminkanja/S2430/initialize?prefCd=10&kikanCd=3100000243&kikanKbn=3", "url2": null, "内容": "関口歯科医院【3:歯科】群馬県高崎市江木町１７００－２" }, "geometry": { "type": "Point", "coordinates": [ 139.025517, 36.331561 ] } },
{ "type": "Feature", "properties": { "ID": 1033100000244, "正式名称": "相馬歯科医院", "機関区分": 3, "都道府県コード": 10, "市区町村コード": 202, "所在地": "群馬県高崎市東貝沢町２－８－３", "緯度": 36.345532, "経度": 139.031932, "url": "https://www.iryou.teikyouseido.mhlw.go.jp/znk-web/juminkanja/S2430/initialize?prefCd=10&kikanCd=3100000244&kikanKbn=3", "url2": null, "内容": "相馬歯科医院【3:歯科】群馬県高崎市東貝沢町２－８－３" }, "geometry": { "type": "Point", "coordinates": [ 139.031932, 36.345532 ] } },
{ "type": "Feature", "properties": { "ID": 1033100000245, "正式名称": "曽根歯科医院", "機関区分": 3, "都道府県コード": 10, "市区町村コード": 202, "所在地": "群馬県高崎市柳川町９－９", "緯度": 36.327478, "経度": 139.002741, "url": "https://www.iryou.teikyouseido.mhlw.go.jp/znk-web/juminkanja/S2430/initialize?prefCd=10&kikanCd=3100000245&kikanKbn=3", "url2": null, "内容": "曽根歯科医院【3:歯科】群馬県高崎市柳川町９－９" }, "geometry": { "type": "Point", "coordinates": [ 139.002741, 36.327478 ] } },
{ "type": "Feature", "properties": { "ID": 1033100000246, "正式名称": "染谷歯科医院", "機関区分": 3, "都道府県コード": 10, "市区町村コード": 202, "所在地": "群馬県高崎市倉賀野町１６０４－７", "緯度": 36.296093, "経度": 139.048933, "url": "https://www.iryou.teikyouseido.mhlw.go.jp/znk-web/juminkanja/S2430/initialize?prefCd=10&kikanCd=3100000246&kikanKbn=3", "url2": "http://www5a.biglobe.ne.jp/~someya-d/", "内容": "染谷歯科医院【3:歯科】群馬県高崎市倉賀野町１６０４－７" }, "geometry": { "type": "Point", "coordinates": [ 139.048933, 36.296093 ] } },
{ "type": "Feature", "properties": { "ID": 1033100000248, "正式名称": "太陽歯科医院", "機関区分": 3, "都道府県コード": 10, "市区町村コード": 202, "所在地": "群馬県高崎市中居町３－１－５", "緯度": 36.319063, "経度": 139.041266, "url": "https://www.iryou.teikyouseido.mhlw.go.jp/znk-web/juminkanja/S2430/initialize?prefCd=10&kikanCd=3100000248&kikanKbn=3", "url2": "http://www.taiyo-dental.clinic/", "内容": "太陽歯科医院【3:歯科】群馬県高崎市中居町３－１－５" }, "geometry": { "type": "Point", "coordinates": [ 139.041266, 36.319063 ] } },
{ "type": "Feature", "properties": { "ID": 1033100000249, "正式名称": "高崎タワー２１デンタルクリニック", "機関区分": 3, "都道府県コード": 10, "市区町村コード": 202, "所在地": "群馬県高崎市栄町３－２３　高崎タワー２１ビル２階　メディカルフロア", "緯度": 36.322673, "経度": 139.015101, "url": "https://www.iryou.teikyouseido.mhlw.go.jp/znk-web/juminkanja/S2430/initialize?prefCd=10&kikanCd=3100000249&kikanKbn=3", "url2": null, "内容": "高崎タワー２１デンタルクリニック【3:歯科】群馬県高崎市栄町３－２３　高崎タワー２１ビル２階　メディカルフロア" }, "geometry": { "type": "Point", "coordinates": [ 139.015101, 36.322673 ] } },
{ "type": "Feature", "properties": { "ID": 1033100000250, "正式名称": "高瀬歯科医院", "機関区分": 3, "都道府県コード": 10, "市区町村コード": 202, "所在地": "群馬県高崎市嘉多町２７", "緯度": 36.329783, "経度": 139.004018, "url": "https://www.iryou.teikyouseido.mhlw.go.jp/znk-web/juminkanja/S2430/initialize?prefCd=10&kikanCd=3100000250&kikanKbn=3", "url2": null, "内容": "高瀬歯科医院【3:歯科】群馬県高崎市嘉多町２７" }, "geometry": { "type": "Point", "coordinates": [ 139.004018, 36.329783 ] } },
{ "type": "Feature", "properties": { "ID": 1033100000251, "正式名称": "高橋歯科医院", "機関区分": 3, "都道府県コード": 10, "市区町村コード": 202, "所在地": "群馬県高崎市大八木町１８５５－２", "緯度": 36.355891, "経度": 139.002267, "url": "https://www.iryou.teikyouseido.mhlw.go.jp/znk-web/juminkanja/S2430/initialize?prefCd=10&kikanCd=3100000251&kikanKbn=3", "url2": null, "内容": "高橋歯科医院【3:歯科】群馬県高崎市大八木町１８５５－２" }, "geometry": { "type": "Point", "coordinates": [ 139.002267, 36.355891 ] } },
{ "type": "Feature", "properties": { "ID": 1033100000252, "正式名称": "高橋歯科医院", "機関区分": 3, "都道府県コード": 10, "市区町村コード": 202, "所在地": "群馬県高崎市下小鳥町６９－５", "緯度": 36.352447, "経度": 138.993491, "url": "https://www.iryou.teikyouseido.mhlw.go.jp/znk-web/juminkanja/S2430/initialize?prefCd=10&kikanCd=3100000252&kikanKbn=3", "url2": null, "内容": "高橋歯科医院【3:歯科】群馬県高崎市下小鳥町６９－５" }, "geometry": { "type": "Point", "coordinates": [ 138.993491, 36.352447 ] } },
{ "type": "Feature", "properties": { "ID": 1033100000253, "正式名称": "医療法人こたけ会　武井歯科クリニック", "機関区分": 3, "都道府県コード": 10, "市区町村コード": 202, "所在地": "群馬県高崎市浜川町１６５９－４", "緯度": 36.361502, "経度": 138.98874, "url": "https://www.iryou.teikyouseido.mhlw.go.jp/znk-web/juminkanja/S2430/initialize?prefCd=10&kikanCd=3100000253&kikanKbn=3", "url2": "http://www.anest.or.jp/", "内容": "医療法人こたけ会　武井歯科クリニック【3:歯科】群馬県高崎市浜川町１６５９－４" }, "geometry": { "type": "Point", "coordinates": [ 138.98874, 36.361502 ] } },
{ "type": "Feature", "properties": { "ID": 1033100000254, "正式名称": "武井小児歯科医院", "機関区分": 3, "都道府県コード": 10, "市区町村コード": 202, "所在地": "群馬県高崎市片岡町２ー１５ー１１", "緯度": 36.314257, "経度": 138.997159, "url": "https://www.iryou.teikyouseido.mhlw.go.jp/znk-web/juminkanja/S2430/initialize?prefCd=10&kikanCd=3100000254&kikanKbn=3", "url2": null, "内容": "武井小児歯科医院【3:歯科】群馬県高崎市片岡町２ー１５ー１１" }, "geometry": { "type": "Point", "coordinates": [ 138.997159, 36.314257 ] } },
{ "type": "Feature", "properties": { "ID": 1033100000255, "正式名称": "武山歯科医院", "機関区分": 3, "都道府県コード": 10, "市区町村コード": 202, "所在地": "群馬県高崎市矢中町", "緯度": 36.311314, "経度": 139.047182, "url": "https://www.iryou.teikyouseido.mhlw.go.jp/znk-web/juminkanja/S2430/initialize?prefCd=10&kikanCd=3100000255&kikanKbn=3", "url2": null, "内容": "武山歯科医院【3:歯科】群馬県高崎市矢中町" }, "geometry": { "type": "Point", "coordinates": [ 139.047182, 36.311314 ] } },
{ "type": "Feature", "properties": { "ID": 1033100000256, "正式名称": "田島歯科クリニック", "機関区分": 3, "都道府県コード": 10, "市区町村コード": 202, "所在地": "群馬県高崎市上並榎町５７－１０", "緯度": 36.346059, "経度": 138.992241, "url": "https://www.iryou.teikyouseido.mhlw.go.jp/znk-web/juminkanja/S2430/initialize?prefCd=10&kikanCd=3100000256&kikanKbn=3", "url2": "http://tajima-dental-clinic.com/", "内容": "田島歯科クリニック【3:歯科】群馬県高崎市上並榎町５７－１０" }, "geometry": { "type": "Point", "coordinates": [ 138.992241, 36.346059 ] } },
{ "type": "Feature", "properties": { "ID": 1033100000257, "正式名称": "田中歯科医院", "機関区分": 3, "都道府県コード": 10, "市区町村コード": 202, "所在地": "群馬県高崎市宮元町１０９－３", "緯度": 36.320479, "経度": 139.004436, "url": "https://www.iryou.teikyouseido.mhlw.go.jp/znk-web/juminkanja/S2430/initialize?prefCd=10&kikanCd=3100000257&kikanKbn=3", "url2": "https://junpu-dc.com", "内容": "田中歯科医院【3:歯科】群馬県高崎市宮元町１０９－３" }, "geometry": { "type": "Point", "coordinates": [ 139.004436, 36.320479 ] } },
{ "type": "Feature", "properties": { "ID": 1033100000259, "正式名称": "谷内歯科医院", "機関区分": 3, "都道府県コード": 10, "市区町村コード": 202, "所在地": "群馬県高崎市砂賀町９１", "緯度": 36.322728, "経度": 139.008407, "url": "https://www.iryou.teikyouseido.mhlw.go.jp/znk-web/juminkanja/S2430/initialize?prefCd=10&kikanCd=3100000259&kikanKbn=3", "url2": null, "内容": "谷内歯科医院【3:歯科】群馬県高崎市砂賀町９１" }, "geometry": { "type": "Point", "coordinates": [ 139.008407, 36.322728 ] } },
{ "type": "Feature", "properties": { "ID": 1033100000260, "正式名称": "谷内歯科クリニック", "機関区分": 3, "都道府県コード": 10, "市区町村コード": 202, "所在地": "群馬県高崎市倉賀野町１８１２－１２", "緯度": 36.300426, "経度": 139.050516, "url": "https://www.iryou.teikyouseido.mhlw.go.jp/znk-web/juminkanja/S2430/initialize?prefCd=10&kikanCd=3100000260&kikanKbn=3", "url2": null, "内容": "谷内歯科クリニック【3:歯科】群馬県高崎市倉賀野町１８１２－１２" }, "geometry": { "type": "Point", "coordinates": [ 139.050516, 36.300426 ] } },
{ "type": "Feature", "properties": { "ID": 1033100000262, "正式名称": "谷歯科医院", "機関区分": 3, "都道府県コード": 10, "市区町村コード": 202, "所在地": "群馬県高崎市下小鳥町７４", "緯度": 36.351753, "経度": 138.991685, "url": "https://www.iryou.teikyouseido.mhlw.go.jp/znk-web/juminkanja/S2430/initialize?prefCd=10&kikanCd=3100000262&kikanKbn=3", "url2": null, "内容": "谷歯科医院【3:歯科】群馬県高崎市下小鳥町７４" }, "geometry": { "type": "Point", "coordinates": [ 138.991685, 36.351753 ] } },
{ "type": "Feature", "properties": { "ID": 1033100000265, "正式名称": "手塚歯科医院", "機関区分": 3, "都道府県コード": 10, "市区町村コード": 202, "所在地": "群馬県高崎市田町８６－１", "緯度": 36.326728, "経度": 139.007268, "url": "https://www.iryou.teikyouseido.mhlw.go.jp/znk-web/juminkanja/S2430/initialize?prefCd=10&kikanCd=3100000265&kikanKbn=3", "url2": null, "内容": "手塚歯科医院【3:歯科】群馬県高崎市田町８６－１" }, "geometry": { "type": "Point", "coordinates": [ 139.007268, 36.326728 ] } },
{ "type": "Feature", "properties": { "ID": 1033100000266, "正式名称": "とくなが歯科クリニック", "機関区分": 3, "都道府県コード": 10, "市区町村コード": 202, "所在地": "群馬県高崎市北久保町１０－２０", "緯度": 36.336504, "経度": 138.980826, "url": "https://www.iryou.teikyouseido.mhlw.go.jp/znk-web/juminkanja/S2430/initialize?prefCd=10&kikanCd=3100000266&kikanKbn=3", "url2": null, "内容": "とくなが歯科クリニック【3:歯科】群馬県高崎市北久保町１０－２０" }, "geometry": { "type": "Point", "coordinates": [ 138.980826, 36.336504 ] } },
{ "type": "Feature", "properties": { "ID": 1033100000267, "正式名称": "とづか歯科医院", "機関区分": 3, "都道府県コード": 10, "市区町村コード": 202, "所在地": "群馬県高崎市中豊岡町１３９－５", "緯度": 36.332727, "経度": 138.974521, "url": "https://www.iryou.teikyouseido.mhlw.go.jp/znk-web/juminkanja/S2430/initialize?prefCd=10&kikanCd=3100000267&kikanKbn=3", "url2": null, "内容": "とづか歯科医院【3:歯科】群馬県高崎市中豊岡町１３９－５" }, "geometry": { "type": "Point", "coordinates": [ 138.974521, 36.332727 ] } },
{ "type": "Feature", "properties": { "ID": 1033100000268, "正式名称": "アイリス歯科", "機関区分": 3, "都道府県コード": 10, "市区町村コード": 201, "所在地": "群馬県前橋市三俣町３－２－３６", "緯度": 36.404844, "経度": 139.080518, "url": "https://www.iryou.teikyouseido.mhlw.go.jp/znk-web/juminkanja/S2430/initialize?prefCd=10&kikanCd=3100000268&kikanKbn=3", "url2": "http://www.iris-dental.net/", "内容": "アイリス歯科【3:歯科】群馬県前橋市三俣町３－２－３６" }, "geometry": { "type": "Point", "coordinates": [ 139.080518, 36.404844 ] } },
{ "type": "Feature", "properties": { "ID": 1033100000269, "正式名称": "豊泉歯科クリニック", "機関区分": 3, "都道府県コード": 10, "市区町村コード": 202, "所在地": "群馬県高崎市相生町５３", "緯度": 36.332227, "経度": 138.999547, "url": "https://www.iryou.teikyouseido.mhlw.go.jp/znk-web/juminkanja/S2430/initialize?prefCd=10&kikanCd=3100000269&kikanKbn=3", "url2": "http://www.toyoizumi-shika.com", "内容": "豊泉歯科クリニック【3:歯科】群馬県高崎市相生町５３" }, "geometry": { "type": "Point", "coordinates": [ 138.999547, 36.332227 ] } },
{ "type": "Feature", "properties": { "ID": 1033100000270, "正式名称": "永井歯科", "機関区分": 3, "都道府県コード": 10, "市区町村コード": 202, "所在地": "群馬県高崎市双葉町１１－１３", "緯度": 36.322423, "経度": 139.00713, "url": "https://www.iryou.teikyouseido.mhlw.go.jp/znk-web/juminkanja/S2430/initialize?prefCd=10&kikanCd=3100000270&kikanKbn=3", "url2": "http://www.nagaishika.com", "内容": "永井歯科【3:歯科】群馬県高崎市双葉町１１－１３" }, "geometry": { "type": "Point", "coordinates": [ 139.00713, 36.322423 ] } },
{ "type": "Feature", "properties": { "ID": 1033100000271, "正式名称": "永井歯科医院", "機関区分": 3, "都道府県コード": 10, "市区町村コード": 202, "所在地": "群馬県高崎市八幡町４４３－４", "緯度": 36.338587, "経度": 138.955078, "url": "https://www.iryou.teikyouseido.mhlw.go.jp/znk-web/juminkanja/S2430/initialize?prefCd=10&kikanCd=3100000271&kikanKbn=3", "url2": null, "内容": "永井歯科医院【3:歯科】群馬県高崎市八幡町４４３－４" }, "geometry": { "type": "Point", "coordinates": [ 138.955078, 36.338587 ] } },
{ "type": "Feature", "properties": { "ID": 1033100000272, "正式名称": "中居歯科診療所", "機関区分": 3, "都道府県コード": 10, "市区町村コード": 202, "所在地": "群馬県高崎市中居町１－１８－３", "緯度": 36.319757, "経度": 139.037599, "url": "https://www.iryou.teikyouseido.mhlw.go.jp/znk-web/juminkanja/S2430/initialize?prefCd=10&kikanCd=3100000272&kikanKbn=3", "url2": null, "内容": "中居歯科診療所【3:歯科】群馬県高崎市中居町１－１８－３" }, "geometry": { "type": "Point", "coordinates": [ 139.037599, 36.319757 ] } },
{ "type": "Feature", "properties": { "ID": 1033100000273, "正式名称": "中曽根歯科医院", "機関区分": 3, "都道府県コード": 10, "市区町村コード": 202, "所在地": "群馬県高崎市弓町１２７－１", "緯度": 36.329894, "経度": 139.009518, "url": "https://www.iryou.teikyouseido.mhlw.go.jp/znk-web/juminkanja/S2430/initialize?prefCd=10&kikanCd=3100000273&kikanKbn=3", "url2": "http://www.nakasone-dc.com", "内容": "中曽根歯科医院【3:歯科】群馬県高崎市弓町１２７－１" }, "geometry": { "type": "Point", "coordinates": [ 139.009518, 36.329894 ] } },
{ "type": "Feature", "properties": { "ID": 1033100000274, "正式名称": "医療法人なかの歯科医院", "機関区分": 3, "都道府県コード": 10, "市区町村コード": 202, "所在地": "群馬県高崎市新後閑町１－１４", "緯度": 36.313535, "経度": 139.014018, "url": "https://www.iryou.teikyouseido.mhlw.go.jp/znk-web/juminkanja/S2430/initialize?prefCd=10&kikanCd=3100000274&kikanKbn=3", "url2": null, "内容": "医療法人なかの歯科医院【3:歯科】群馬県高崎市新後閑町１－１４" }, "geometry": { "type": "Point", "coordinates": [ 139.014018, 36.313535 ] } },
{ "type": "Feature", "properties": { "ID": 1033100000275, "正式名称": "医療法人社団よしと会　永山歯科医院", "機関区分": 3, "都道府県コード": 10, "市区町村コード": 202, "所在地": "群馬県高崎市天神町１１０", "緯度": 36.341532, "経度": 139.018045, "url": "https://www.iryou.teikyouseido.mhlw.go.jp/znk-web/juminkanja/S2430/initialize?prefCd=10&kikanCd=3100000275&kikanKbn=3", "url2": "http://www7b.biglobe.ne.jp/~yoshitokai/", "内容": "医療法人社団よしと会　永山歯科医院【3:歯科】群馬県高崎市天神町１１０" }, "geometry": { "type": "Point", "coordinates": [ 139.018045, 36.341532 ] } },
{ "type": "Feature", "properties": { "ID": 1033100000276, "正式名称": "なつめ歯科医院", "機関区分": 3, "都道府県コード": 10, "市区町村コード": 202, "所在地": "群馬県高崎市我峰町３２４", "緯度": 36.355807, "経度": 138.959049, "url": "https://www.iryou.teikyouseido.mhlw.go.jp/znk-web/juminkanja/S2430/initialize?prefCd=10&kikanCd=3100000276&kikanKbn=3", "url2": null, "内容": "なつめ歯科医院【3:歯科】群馬県高崎市我峰町３２４" }, "geometry": { "type": "Point", "coordinates": [ 138.959049, 36.355807 ] } },
{ "type": "Feature", "properties": { "ID": 1033100000277, "正式名称": "医療法人慶秀会　西原歯科クリニック", "機関区分": 3, "都道府県コード": 10, "市区町村コード": 202, "所在地": "群馬県高崎市八千代町２－１１－４", "緯度": 36.321173, "経度": 138.991187, "url": "https://www.iryou.teikyouseido.mhlw.go.jp/znk-web/juminkanja/S2430/initialize?prefCd=10&kikanCd=3100000277&kikanKbn=3", "url2": "http://www.nishihara-shika.jp/", "内容": "医療法人慶秀会　西原歯科クリニック【3:歯科】群馬県高崎市八千代町２－１１－４" }, "geometry": { "type": "Point", "coordinates": [ 138.991187, 36.321173 ] } },
{ "type": "Feature", "properties": { "ID": 1033100000278, "正式名称": "能上歯科医院", "機関区分": 3, "都道府県コード": 10, "市区町村コード": 202, "所在地": "群馬県高崎市菊地町字薬師前４０３", "緯度": 36.362251, "経度": 138.963909, "url": "https://www.iryou.teikyouseido.mhlw.go.jp/znk-web/juminkanja/S2430/initialize?prefCd=10&kikanCd=3100000278&kikanKbn=3", "url2": null, "内容": "能上歯科医院【3:歯科】群馬県高崎市菊地町字薬師前４０３" }, "geometry": { "type": "Point", "coordinates": [ 138.963909, 36.362251 ] } },
{ "type": "Feature", "properties": { "ID": 1033100000280, "正式名称": "はぎわら歯科医院", "機関区分": 3, "都道府県コード": 10, "市区町村コード": 202, "所在地": "群馬県高崎市高関町８９－１", "緯度": 36.325256, "経度": 139.028017, "url": "https://www.iryou.teikyouseido.mhlw.go.jp/znk-web/juminkanja/S2430/initialize?prefCd=10&kikanCd=3100000280&kikanKbn=3", "url2": null, "内容": "はぎわら歯科医院【3:歯科】群馬県高崎市高関町８９－１" }, "geometry": { "type": "Point", "coordinates": [ 139.028017, 36.325256 ] } },
{ "type": "Feature", "properties": { "ID": 1033100000281, "正式名称": "長谷川歯科医院", "機関区分": 3, "都道府県コード": 10, "市区町村コード": 202, "所在地": "群馬県高崎市八千代町３－１７ー９", "緯度": 36.323283, "経度": 138.987603, "url": "https://www.iryou.teikyouseido.mhlw.go.jp/znk-web/juminkanja/S2430/initialize?prefCd=10&kikanCd=3100000281&kikanKbn=3", "url2": null, "内容": "長谷川歯科医院【3:歯科】群馬県高崎市八千代町３－１７ー９" }, "geometry": { "type": "Point", "coordinates": [ 138.987603, 36.323283 ] } },
{ "type": "Feature", "properties": { "ID": 1033100000282, "正式名称": "はちすか歯科医院", "機関区分": 3, "都道府県コード": 10, "市区町村コード": 202, "所在地": "群馬県高崎市石原町３２５４", "緯度": 36.307341, "経度": 139.003131, "url": "https://www.iryou.teikyouseido.mhlw.go.jp/znk-web/juminkanja/S2430/initialize?prefCd=10&kikanCd=3100000282&kikanKbn=3", "url2": null, "内容": "はちすか歯科医院【3:歯科】群馬県高崎市石原町３２５４" }, "geometry": { "type": "Point", "coordinates": [ 139.003131, 36.307341 ] } },
{ "type": "Feature", "properties": { "ID": 1033100000283, "正式名称": "早田歯科医院", "機関区分": 3, "都道府県コード": 10, "市区町村コード": 202, "所在地": "群馬県高崎市緑町３－１０－３", "緯度": 36.353475, "経度": 139.008128, "url": "https://www.iryou.teikyouseido.mhlw.go.jp/znk-web/juminkanja/S2430/initialize?prefCd=10&kikanCd=3100000283&kikanKbn=3", "url2": null, "内容": "早田歯科医院【3:歯科】群馬県高崎市緑町３－１０－３" }, "geometry": { "type": "Point", "coordinates": [ 139.008128, 36.353475 ] } },
{ "type": "Feature", "properties": { "ID": 1033100000285, "正式名称": "はるな生協歯科診療所", "機関区分": 3, "都道府県コード": 10, "市区町村コード": 202, "所在地": "群馬県高崎市上中居町１４６１－１", "緯度": 36.324895, "経度": 139.033766, "url": "https://www.iryou.teikyouseido.mhlw.go.jp/znk-web/juminkanja/S2430/initialize?prefCd=10&kikanCd=3100000285&kikanKbn=3", "url2": "http://www.harunacoop.jp/harunashika/", "内容": "はるな生協歯科診療所【3:歯科】群馬県高崎市上中居町１４６１－１" }, "geometry": { "type": "Point", "coordinates": [ 139.033766, 36.324895 ] } },
{ "type": "Feature", "properties": { "ID": 1033100000287, "正式名称": "ひばり歯科診療所", "機関区分": 3, "都道府県コード": 10, "市区町村コード": 202, "所在地": "群馬県高崎市矢中町２０－１", "緯度": 36.311758, "経度": 139.051293, "url": "https://www.iryou.teikyouseido.mhlw.go.jp/znk-web/juminkanja/S2430/initialize?prefCd=10&kikanCd=3100000287&kikanKbn=3", "url2": null, "内容": "ひばり歯科診療所【3:歯科】群馬県高崎市矢中町２０－１" }, "geometry": { "type": "Point", "coordinates": [ 139.051293, 36.311758 ] } },
{ "type": "Feature", "properties": { "ID": 1033100000289, "正式名称": "医療法人平成会平塚歯科医院", "機関区分": 3, "都道府県コード": 10, "市区町村コード": 202, "所在地": "群馬県高崎市八島町２２２　高崎ターミナルビル７階７０２号", "緯度": 36.321812, "経度": 139.01324, "url": "https://www.iryou.teikyouseido.mhlw.go.jp/znk-web/juminkanja/S2430/initialize?prefCd=10&kikanCd=3100000289&kikanKbn=3", "url2": null, "内容": "医療法人平成会平塚歯科医院【3:歯科】群馬県高崎市八島町２２２　高崎ターミナルビル７階７０２号" }, "geometry": { "type": "Point", "coordinates": [ 139.01324, 36.321812 ] } },
{ "type": "Feature", "properties": { "ID": 1033100000290, "正式名称": "平野歯科医院", "機関区分": 3, "都道府県コード": 10, "市区町村コード": 202, "所在地": "群馬県高崎市芝塚町１９０１－１", "緯度": 36.334394, "経度": 139.013156, "url": "https://www.iryou.teikyouseido.mhlw.go.jp/znk-web/juminkanja/S2430/initialize?prefCd=10&kikanCd=3100000290&kikanKbn=3", "url2": null, "内容": "平野歯科医院【3:歯科】群馬県高崎市芝塚町１９０１－１" }, "geometry": { "type": "Point", "coordinates": [ 139.013156, 36.334394 ] } },
{ "type": "Feature", "properties": { "ID": 1033100000291, "正式名称": "医療法人社団ひろかみ歯科医院", "機関区分": 3, "都道府県コード": 10, "市区町村コード": 202, "所在地": "群馬県高崎市我峰町２２０－２", "緯度": 36.354419, "経度": 138.960576, "url": "https://www.iryou.teikyouseido.mhlw.go.jp/znk-web/juminkanja/S2430/initialize?prefCd=10&kikanCd=3100000291&kikanKbn=3", "url2": "http://www.hirokamishikaiin.com/", "内容": "医療法人社団ひろかみ歯科医院【3:歯科】群馬県高崎市我峰町２２０－２" }, "geometry": { "type": "Point", "coordinates": [ 138.960576, 36.354419 ] } },
{ "type": "Feature", "properties": { "ID": 1033100000292, "正式名称": "ひろみ歯科クリニック", "機関区分": 3, "都道府県コード": 10, "市区町村コード": 202, "所在地": "群馬県高崎市大橋町", "緯度": 36.336977, "経度": 138.99888, "url": "https://www.iryou.teikyouseido.mhlw.go.jp/znk-web/juminkanja/S2430/initialize?prefCd=10&kikanCd=3100000292&kikanKbn=3", "url2": null, "内容": "ひろみ歯科クリニック【3:歯科】群馬県高崎市大橋町" }, "geometry": { "type": "Point", "coordinates": [ 138.99888, 36.336977 ] } },
{ "type": "Feature", "properties": { "ID": 1033100000294, "正式名称": "福田歯科クリニック", "機関区分": 3, "都道府県コード": 10, "市区町村コード": 202, "所在地": "群馬県高崎市下佐野町４－３", "緯度": 36.301814, "経度": 139.023379, "url": "https://www.iryou.teikyouseido.mhlw.go.jp/znk-web/juminkanja/S2430/initialize?prefCd=10&kikanCd=3100000294&kikanKbn=3", "url2": null, "内容": "福田歯科クリニック【3:歯科】群馬県高崎市下佐野町４－３" }, "geometry": { "type": "Point", "coordinates": [ 139.023379, 36.301814 ] } },
{ "type": "Feature", "properties": { "ID": 1033100000295, "正式名称": "藤生歯科医院", "機関区分": 3, "都道府県コード": 10, "市区町村コード": 202, "所在地": "群馬県高崎市本町１－２１", "緯度": 36.330311, "経度": 139.003185, "url": "https://www.iryou.teikyouseido.mhlw.go.jp/znk-web/juminkanja/S2430/initialize?prefCd=10&kikanCd=3100000295&kikanKbn=3", "url2": null, "内容": "藤生歯科医院【3:歯科】群馬県高崎市本町１－２１" }, "geometry": { "type": "Point", "coordinates": [ 139.003185, 36.330311 ] } },
{ "type": "Feature", "properties": { "ID": 1033100000296, "正式名称": "星野歯科医院", "機関区分": 3, "都道府県コード": 10, "市区町村コード": 202, "所在地": "群馬県高崎市鞘町", "緯度": 36.325672, "経度": 139.005019, "url": "https://www.iryou.teikyouseido.mhlw.go.jp/znk-web/juminkanja/S2430/initialize?prefCd=10&kikanCd=3100000296&kikanKbn=3", "url2": null, "内容": "星野歯科医院【3:歯科】群馬県高崎市鞘町" }, "geometry": { "type": "Point", "coordinates": [ 139.005019, 36.325672 ] } },
{ "type": "Feature", "properties": { "ID": 1033100000297, "正式名称": "星野歯科クリニック", "機関区分": 3, "都道府県コード": 10, "市区町村コード": 202, "所在地": "群馬県高崎市緑町４－１２－５", "緯度": 36.354364, "経度": 139.012072, "url": "https://www.iryou.teikyouseido.mhlw.go.jp/znk-web/juminkanja/S2430/initialize?prefCd=10&kikanCd=3100000297&kikanKbn=3", "url2": "http://www.hoshino-dc.jp/", "内容": "星野歯科クリニック【3:歯科】群馬県高崎市緑町４－１２－５" }, "geometry": { "type": "Point", "coordinates": [ 139.012072, 36.354364 ] } },
{ "type": "Feature", "properties": { "ID": 1033100000298, "正式名称": "堀口歯科医院", "機関区分": 3, "都道府県コード": 10, "市区町村コード": 202, "所在地": "群馬県高崎市小八木町１５９９", "緯度": 36.364363, "経度": 139.022043, "url": "https://www.iryou.teikyouseido.mhlw.go.jp/znk-web/juminkanja/S2430/initialize?prefCd=10&kikanCd=3100000298&kikanKbn=3", "url2": null, "内容": "堀口歯科医院【3:歯科】群馬県高崎市小八木町１５９９" }, "geometry": { "type": "Point", "coordinates": [ 139.022043, 36.364363 ] } },
{ "type": "Feature", "properties": { "ID": 1033100000300, "正式名称": "ホワイト歯科クリニック", "機関区分": 3, "都道府県コード": 10, "市区町村コード": 202, "所在地": "群馬県高崎市上中居町３９７－１", "緯度": 36.314526, "経度": 139.028088, "url": "https://www.iryou.teikyouseido.mhlw.go.jp/znk-web/juminkanja/S2430/initialize?prefCd=10&kikanCd=3100000300&kikanKbn=3", "url2": "http://www.white-dc.jp/", "内容": "ホワイト歯科クリニック【3:歯科】群馬県高崎市上中居町３９７－１" }, "geometry": { "type": "Point", "coordinates": [ 139.028088, 36.314526 ] } },
{ "type": "Feature", "properties": { "ID": 1033100000301, "正式名称": "真下歯科医院", "機関区分": 3, "都道府県コード": 10, "市区町村コード": 202, "所在地": "群馬県高崎市並榎町１７０－５", "緯度": 36.337171, "経度": 138.994713, "url": "https://www.iryou.teikyouseido.mhlw.go.jp/znk-web/juminkanja/S2430/initialize?prefCd=10&kikanCd=3100000301&kikanKbn=3", "url2": null, "内容": "真下歯科医院【3:歯科】群馬県高崎市並榎町１７０－５" }, "geometry": { "type": "Point", "coordinates": [ 138.994713, 36.337171 ] } },
{ "type": "Feature", "properties": { "ID": 1033100000302, "正式名称": "医療法人まつい歯科クリニック", "機関区分": 3, "都道府県コード": 10, "市区町村コード": 202, "所在地": "群馬県高崎市旭町１１３－７　ハートスクエア長建２階", "緯度": 36.326311, "経度": 139.011018, "url": "https://www.iryou.teikyouseido.mhlw.go.jp/znk-web/juminkanja/S2430/initialize?prefCd=10&kikanCd=3100000302&kikanKbn=3", "url2": "http://www.matsui-sika.com/", "内容": "医療法人まつい歯科クリニック【3:歯科】群馬県高崎市旭町１１３－７　ハートスクエア長建２階" }, "geometry": { "type": "Point", "coordinates": [ 139.011018, 36.326311 ] } },
{ "type": "Feature", "properties": { "ID": 1033100000303, "正式名称": "松村歯科医院", "機関区分": 3, "都道府県コード": 10, "市区町村コード": 202, "所在地": "群馬県高崎市飯塚町１５４－７", "緯度": 36.342171, "経度": 138.998657, "url": "https://www.iryou.teikyouseido.mhlw.go.jp/znk-web/juminkanja/S2430/initialize?prefCd=10&kikanCd=3100000303&kikanKbn=3", "url2": null, "内容": "松村歯科医院【3:歯科】群馬県高崎市飯塚町１５４－７" }, "geometry": { "type": "Point", "coordinates": [ 138.998657, 36.342171 ] } },
{ "type": "Feature", "properties": { "ID": 1033100000305, "正式名称": "間仁田歯科医院", "機関区分": 3, "都道府県コード": 10, "市区町村コード": 202, "所在地": "群馬県高崎市大橋町１３０", "緯度": 36.33656, "経度": 139.001713, "url": "https://www.iryou.teikyouseido.mhlw.go.jp/znk-web/juminkanja/S2430/initialize?prefCd=10&kikanCd=3100000305&kikanKbn=3", "url2": "http://www.manita-shikaiin.com/", "内容": "間仁田歯科医院【3:歯科】群馬県高崎市大橋町１３０" }, "geometry": { "type": "Point", "coordinates": [ 139.001713, 36.33656 ] } },
{ "type": "Feature", "properties": { "ID": 1033100000306, "正式名称": "丸橋全人歯科", "機関区分": 3, "都道府県コード": 10, "市区町村コード": 202, "所在地": "群馬県高崎市栄町２１－１", "緯度": 36.32009, "経度": 139.016046, "url": "https://www.iryou.teikyouseido.mhlw.go.jp/znk-web/juminkanja/S2430/initialize?prefCd=10&kikanCd=3100000306&kikanKbn=3", "url2": "https://www.maruhashi.com/", "内容": "丸橋全人歯科【3:歯科】群馬県高崎市栄町２１－１" }, "geometry": { "type": "Point", "coordinates": [ 139.016046, 36.32009 ] } },
{ "type": "Feature", "properties": { "ID": 1033100000308, "正式名称": "丸山歯科医院", "機関区分": 3, "都道府県コード": 10, "市区町村コード": 202, "所在地": "群馬県高崎市和田町１－１３", "緯度": 36.317646, "経度": 139.010463, "url": "https://www.iryou.teikyouseido.mhlw.go.jp/znk-web/juminkanja/S2430/initialize?prefCd=10&kikanCd=3100000308&kikanKbn=3", "url2": "https://www.maruyama-shika.com/", "内容": "丸山歯科医院【3:歯科】群馬県高崎市和田町１－１３" }, "geometry": { "type": "Point", "coordinates": [ 139.010463, 36.317646 ] } },
{ "type": "Feature", "properties": { "ID": 1033100000309, "正式名称": "ますこ歯科医院", "機関区分": 3, "都道府県コード": 10, "市区町村コード": 202, "所在地": "群馬県高崎市栄町３－１１　高崎バナーズビル２Ｆ", "緯度": 36.322867, "経度": 139.012962, "url": "https://www.iryou.teikyouseido.mhlw.go.jp/znk-web/juminkanja/S2430/initialize?prefCd=10&kikanCd=3100000309&kikanKbn=3", "url2": "http://www.masuko-shika.com", "内容": "ますこ歯科医院【3:歯科】群馬県高崎市栄町３－１１　高崎バナーズビル２Ｆ" }, "geometry": { "type": "Point", "coordinates": [ 139.012962, 36.322867 ] } },
{ "type": "Feature", "properties": { "ID": 1033100000310, "正式名称": "三河歯科医院", "機関区分": 3, "都道府県コード": 10, "市区町村コード": 202, "所在地": "群馬県高崎市矢中町９１６－１", "緯度": 36.307786, "経度": 139.054821, "url": "https://www.iryou.teikyouseido.mhlw.go.jp/znk-web/juminkanja/S2430/initialize?prefCd=10&kikanCd=3100000310&kikanKbn=3", "url2": null, "内容": "三河歯科医院【3:歯科】群馬県高崎市矢中町９１６－１" }, "geometry": { "type": "Point", "coordinates": [ 139.054821, 36.307786 ] } },
{ "type": "Feature", "properties": { "ID": 1033100000311, "正式名称": "緑町歯科クリニック", "機関区分": 3, "都道府県コード": 10, "市区町村コード": 202, "所在地": "群馬県高崎市緑町１－２５－４", "緯度": 36.352586, "経度": 139.002434, "url": "https://www.iryou.teikyouseido.mhlw.go.jp/znk-web/juminkanja/S2430/initialize?prefCd=10&kikanCd=3100000311&kikanKbn=3", "url2": "http://www.midoricho-shika.com/", "内容": "緑町歯科クリニック【3:歯科】群馬県高崎市緑町１－２５－４" }, "geometry": { "type": "Point", "coordinates": [ 139.002434, 36.352586 ] } },
{ "type": "Feature", "properties": { "ID": 1033100000314, "正式名称": "宮下歯科Ⅱ", "機関区分": 3, "都道府県コード": 10, "市区町村コード": 202, "所在地": "群馬県高崎市片岡町１－１－１", "緯度": 36.322006, "経度": 138.995436, "url": "https://www.iryou.teikyouseido.mhlw.go.jp/znk-web/juminkanja/S2430/initialize?prefCd=10&kikanCd=3100000314&kikanKbn=3", "url2": null, "内容": "宮下歯科Ⅱ【3:歯科】群馬県高崎市片岡町１－１－１" }, "geometry": { "type": "Point", "coordinates": [ 138.995436, 36.322006 ] } },
{ "type": "Feature", "properties": { "ID": 1033100000316, "正式名称": "武者歯科医院", "機関区分": 3, "都道府県コード": 10, "市区町村コード": 202, "所在地": "群馬県高崎市綿貫町４７６ー２", "緯度": 36.299315, "経度": 139.074097, "url": "https://www.iryou.teikyouseido.mhlw.go.jp/znk-web/juminkanja/S2430/initialize?prefCd=10&kikanCd=3100000316&kikanKbn=3", "url2": null, "内容": "武者歯科医院【3:歯科】群馬県高崎市綿貫町４７６ー２" }, "geometry": { "type": "Point", "coordinates": [ 139.074097, 36.299315 ] } },
{ "type": "Feature", "properties": { "ID": 1033100000317, "正式名称": "村山歯科医院", "機関区分": 3, "都道府県コード": 10, "市区町村コード": 202, "所在地": "群馬県高崎市飯玉町４", "緯度": 36.337449, "経度": 139.013628, "url": "https://www.iryou.teikyouseido.mhlw.go.jp/znk-web/juminkanja/S2430/initialize?prefCd=10&kikanCd=3100000317&kikanKbn=3", "url2": null, "内容": "村山歯科医院【3:歯科】群馬県高崎市飯玉町４" }, "geometry": { "type": "Point", "coordinates": [ 139.013628, 36.337449 ] } },
{ "type": "Feature", "properties": { "ID": 1033100000319, "正式名称": "もんや歯科クリニック", "機関区分": 3, "都道府県コード": 10, "市区町村コード": 202, "所在地": "群馬県高崎市下小塙町８７８－４", "緯度": 36.349031, "経度": 138.977242, "url": "https://www.iryou.teikyouseido.mhlw.go.jp/znk-web/juminkanja/S2430/initialize?prefCd=10&kikanCd=3100000319&kikanKbn=3", "url2": "http://monya-dc.com/", "内容": "もんや歯科クリニック【3:歯科】群馬県高崎市下小塙町８７８－４" }, "geometry": { "type": "Point", "coordinates": [ 138.977242, 36.349031 ] } },
{ "type": "Feature", "properties": { "ID": 1033100000320, "正式名称": "医療法人優友会　柳沢歯科医院", "機関区分": 3, "都道府県コード": 10, "市区町村コード": 202, "所在地": "群馬県高崎市岩押町４－１６", "緯度": 36.322895, "経度": 139.020573, "url": "https://www.iryou.teikyouseido.mhlw.go.jp/znk-web/juminkanja/S2430/initialize?prefCd=10&kikanCd=3100000320&kikanKbn=3", "url2": "http://www.yanagisawa-shika.com", "内容": "医療法人優友会　柳沢歯科医院【3:歯科】群馬県高崎市岩押町４－１６" }, "geometry": { "type": "Point", "coordinates": [ 139.020573, 36.322895 ] } },
{ "type": "Feature", "properties": { "ID": 1033100000321, "正式名称": "柳沢歯科クリニック", "機関区分": 3, "都道府県コード": 10, "市区町村コード": 202, "所在地": "群馬県高崎市下佐野町７１６－５", "緯度": 36.298204, "経度": 139.026129, "url": "https://www.iryou.teikyouseido.mhlw.go.jp/znk-web/juminkanja/S2430/initialize?prefCd=10&kikanCd=3100000321&kikanKbn=3", "url2": "http://www.yanagisawa-shika.net", "内容": "柳沢歯科クリニック【3:歯科】群馬県高崎市下佐野町７１６－５" }, "geometry": { "type": "Point", "coordinates": [ 139.026129, 36.298204 ] } },
{ "type": "Feature", "properties": { "ID": 1033100000322, "正式名称": "八木歯科医院", "機関区分": 3, "都道府県コード": 10, "市区町村コード": 202, "所在地": "群馬県高崎市上小塙町６１９", "緯度": 36.357113, "経度": 138.981436, "url": "https://www.iryou.teikyouseido.mhlw.go.jp/znk-web/juminkanja/S2430/initialize?prefCd=10&kikanCd=3100000322&kikanKbn=3", "url2": "http://www.yagi-shika.jp/clinic/", "内容": "八木歯科医院【3:歯科】群馬県高崎市上小塙町６１９" }, "geometry": { "type": "Point", "coordinates": [ 138.981436, 36.357113 ] } },
{ "type": "Feature", "properties": { "ID": 1033100000323, "正式名称": "ヤナセ歯科医院", "機関区分": 3, "都道府県コード": 10, "市区町村コード": 202, "所在地": "群馬県高崎市飯塚町６０４－８", "緯度": 36.342615, "経度": 139.001407, "url": "https://www.iryou.teikyouseido.mhlw.go.jp/znk-web/juminkanja/S2430/initialize?prefCd=10&kikanCd=3100000323&kikanKbn=3", "url2": "https://www.yanase-shika.com", "内容": "ヤナセ歯科医院【3:歯科】群馬県高崎市飯塚町６０４－８" }, "geometry": { "type": "Point", "coordinates": [ 139.001407, 36.342615 ] } },
{ "type": "Feature", "properties": { "ID": 1033100000324, "正式名称": "山口齒科醫院", "機関区分": 3, "都道府県コード": 10, "市区町村コード": 202, "所在地": "群馬県高崎市中紺屋町１６", "緯度": 36.3267, "経度": 139.004463, "url": "https://www.iryou.teikyouseido.mhlw.go.jp/znk-web/juminkanja/S2430/initialize?prefCd=10&kikanCd=3100000324&kikanKbn=3", "url2": "https://www.027-322-5304.com", "内容": "山口齒科醫院【3:歯科】群馬県高崎市中紺屋町１６" }, "geometry": { "type": "Point", "coordinates": [ 139.004463, 36.3267 ] } },
{ "type": "Feature", "properties": { "ID": 1033100000327, "正式名称": "医療法人社団山村矯正歯科", "機関区分": 3, "都道府県コード": 10, "市区町村コード": 202, "所在地": "群馬県高崎市末広町１０６－１", "緯度": 36.337727, "経度": 139.007768, "url": "https://www.iryou.teikyouseido.mhlw.go.jp/znk-web/juminkanja/S2430/initialize?prefCd=10&kikanCd=3100000327&kikanKbn=3", "url2": "https://yamamura-ortho.net", "内容": "医療法人社団山村矯正歯科【3:歯科】群馬県高崎市末広町１０６－１" }, "geometry": { "type": "Point", "coordinates": [ 139.007768, 36.337727 ] } },
{ "type": "Feature", "properties": { "ID": 1033100000331, "正式名称": "吉田歯科医院", "機関区分": 3, "都道府県コード": 10, "市区町村コード": 202, "所在地": "群馬県高崎市下和田町１－３－６", "緯度": 36.315562, "経度": 139.011074, "url": "https://www.iryou.teikyouseido.mhlw.go.jp/znk-web/juminkanja/S2430/initialize?prefCd=10&kikanCd=3100000331&kikanKbn=3", "url2": "http://www.yoshidashika1923.jp//", "内容": "吉田歯科医院【3:歯科】群馬県高崎市下和田町１－３－６" }, "geometry": { "type": "Point", "coordinates": [ 139.011074, 36.315562 ] } },
{ "type": "Feature", "properties": { "ID": 1033100000335, "正式名称": "割田歯科医院", "機関区分": 3, "都道府県コード": 10, "市区町村コード": 202, "所在地": "群馬県高崎市矢中町３１１－１５", "緯度": 36.316785, "経度": 139.047154, "url": "https://www.iryou.teikyouseido.mhlw.go.jp/znk-web/juminkanja/S2430/initialize?prefCd=10&kikanCd=3100000335&kikanKbn=3", "url2": null, "内容": "割田歯科医院【3:歯科】群馬県高崎市矢中町３１１－１５" }, "geometry": { "type": "Point", "coordinates": [ 139.047154, 36.316785 ] } },
{ "type": "Feature", "properties": { "ID": 1033100000337, "正式名称": "矢口歯科医院", "機関区分": 3, "都道府県コード": 10, "市区町村コード": 202, "所在地": "群馬県高崎市倉渕町三ノ倉８６８－２", "緯度": 36.417965, "経度": 138.798643, "url": "https://www.iryou.teikyouseido.mhlw.go.jp/znk-web/juminkanja/S2430/initialize?prefCd=10&kikanCd=3100000337&kikanKbn=3", "url2": null, "内容": "矢口歯科医院【3:歯科】群馬県高崎市倉渕町三ノ倉８６８－２" }, "geometry": { "type": "Point", "coordinates": [ 138.798643, 36.417965 ] } },
{ "type": "Feature", "properties": { "ID": 1033100000338, "正式名称": "小野歯科医院", "機関区分": 3, "都道府県コード": 10, "市区町村コード": 202, "所在地": "群馬県高崎市箕郷町西明屋８７番地", "緯度": 36.394872, "経度": 138.961332, "url": "https://www.iryou.teikyouseido.mhlw.go.jp/znk-web/juminkanja/S2430/initialize?prefCd=10&kikanCd=3100000338&kikanKbn=3", "url2": null, "内容": "小野歯科医院【3:歯科】群馬県高崎市箕郷町西明屋８７番地" }, "geometry": { "type": "Point", "coordinates": [ 138.961332, 36.394872 ] } },
{ "type": "Feature", "properties": { "ID": 1033100000339, "正式名称": "田中歯科医院", "機関区分": 3, "都道府県コード": 10, "市区町村コード": 202, "所在地": "群馬県高崎市箕郷町西明屋４２７－５", "緯度": 36.394109, "経度": 138.955408, "url": "https://www.iryou.teikyouseido.mhlw.go.jp/znk-web/juminkanja/S2430/initialize?prefCd=10&kikanCd=3100000339&kikanKbn=3", "url2": null, "内容": "田中歯科医院【3:歯科】群馬県高崎市箕郷町西明屋４２７－５" }, "geometry": { "type": "Point", "coordinates": [ 138.955408, 36.394109 ] } },
{ "type": "Feature", "properties": { "ID": 1033100000340, "正式名称": "中田歯科医院", "機関区分": 3, "都道府県コード": 10, "市区町村コード": 202, "所在地": "群馬県高崎市箕郷町矢原６", "緯度": 36.395025, "経度": 138.963019, "url": "https://www.iryou.teikyouseido.mhlw.go.jp/znk-web/juminkanja/S2430/initialize?prefCd=10&kikanCd=3100000340&kikanKbn=3", "url2": null, "内容": "中田歯科医院【3:歯科】群馬県高崎市箕郷町矢原６" }, "geometry": { "type": "Point", "coordinates": [ 138.963019, 36.395025 ] } },
{ "type": "Feature", "properties": { "ID": 1033100000341, "正式名称": "医療法人　福田歯科医院", "機関区分": 3, "都道府県コード": 10, "市区町村コード": 202, "所在地": "群馬県高崎市箕郷町西明屋３８１", "緯度": 36.391748, "経度": 138.958214, "url": "https://www.iryou.teikyouseido.mhlw.go.jp/znk-web/juminkanja/S2430/initialize?prefCd=10&kikanCd=3100000341&kikanKbn=3", "url2": null, "内容": "医療法人　福田歯科医院【3:歯科】群馬県高崎市箕郷町西明屋３８１" }, "geometry": { "type": "Point", "coordinates": [ 138.958214, 36.391748 ] } },
{ "type": "Feature", "properties": { "ID": 1033100000342, "正式名称": "みさと歯科医院", "機関区分": 3, "都道府県コード": 10, "市区町村コード": 202, "所在地": "群馬県高崎市箕郷町生原１９９８―１", "緯度": 36.398747, "経度": 138.972407, "url": "https://www.iryou.teikyouseido.mhlw.go.jp/znk-web/juminkanja/S2430/initialize?prefCd=10&kikanCd=3100000342&kikanKbn=3", "url2": "https://misatodental.wixsite.com/misatodental", "内容": "みさと歯科医院【3:歯科】群馬県高崎市箕郷町生原１９９８―１" }, "geometry": { "type": "Point", "coordinates": [ 138.972407, 36.398747 ] } },
{ "type": "Feature", "properties": { "ID": 1033100000343, "正式名称": "森山歯科医院", "機関区分": 3, "都道府県コード": 10, "市区町村コード": 202, "所在地": "群馬県高崎市箕郷町西明屋１０９－１", "緯度": 36.397664, "経度": 138.958991, "url": "https://www.iryou.teikyouseido.mhlw.go.jp/znk-web/juminkanja/S2430/initialize?prefCd=10&kikanCd=3100000343&kikanKbn=3", "url2": null, "内容": "森山歯科医院【3:歯科】群馬県高崎市箕郷町西明屋１０９－１" }, "geometry": { "type": "Point", "coordinates": [ 138.958991, 36.397664 ] } },
{ "type": "Feature", "properties": { "ID": 1033100000344, "正式名称": "いいの歯科", "機関区分": 3, "都道府県コード": 10, "市区町村コード": 202, "所在地": "群馬県高崎市菅谷町７７－４", "緯度": 36.381167, "経度": 139.015099, "url": "https://www.iryou.teikyouseido.mhlw.go.jp/znk-web/juminkanja/S2430/initialize?prefCd=10&kikanCd=3100000344&kikanKbn=3", "url2": null, "内容": "いいの歯科【3:歯科】群馬県高崎市菅谷町７７－４" }, "geometry": { "type": "Point", "coordinates": [ 139.015099, 36.381167 ] } },
{ "type": "Feature", "properties": { "ID": 1033100000346, "正式名称": "かみさと歯科クリニック", "機関区分": 3, "都道府県コード": 10, "市区町村コード": 202, "所在地": "群馬県高崎市保渡田町１６３０－４", "緯度": 36.387165, "経度": 138.982906, "url": "https://www.iryou.teikyouseido.mhlw.go.jp/znk-web/juminkanja/S2430/initialize?prefCd=10&kikanCd=3100000346&kikanKbn=3", "url2": "http://www.kamisato-dc.com/", "内容": "かみさと歯科クリニック【3:歯科】群馬県高崎市保渡田町１６３０－４" }, "geometry": { "type": "Point", "coordinates": [ 138.982906, 36.387165 ] } },
{ "type": "Feature", "properties": { "ID": 1033100000347, "正式名称": "群馬町歯科", "機関区分": 3, "都道府県コード": 10, "市区町村コード": 202, "所在地": "群馬県高崎市金古町８６２－１", "緯度": 36.40533, "経度": 138.991016, "url": "https://www.iryou.teikyouseido.mhlw.go.jp/znk-web/juminkanja/S2430/initialize?prefCd=10&kikanCd=3100000347&kikanKbn=3", "url2": "https://gunmamachi-dental.com/", "内容": "群馬町歯科【3:歯科】群馬県高崎市金古町８６２－１" }, "geometry": { "type": "Point", "coordinates": [ 138.991016, 36.40533 ] } },
{ "type": "Feature", "properties": { "ID": 1033100000348, "正式名称": "小池歯科医院", "機関区分": 3, "都道府県コード": 10, "市区町村コード": 202, "所在地": "群馬県高崎市棟高町９５３－１", "緯度": 36.396443, "経度": 139.001821, "url": "https://www.iryou.teikyouseido.mhlw.go.jp/znk-web/juminkanja/S2430/initialize?prefCd=10&kikanCd=3100000348&kikanKbn=3", "url2": null, "内容": "小池歯科医院【3:歯科】群馬県高崎市棟高町９５３－１" }, "geometry": { "type": "Point", "coordinates": [ 139.001821, 36.396443 ] } },
{ "type": "Feature", "properties": { "ID": 1033100000349, "正式名称": "こいたばし歯科医院", "機関区分": 3, "都道府県コード": 10, "市区町村コード": 202, "所在地": "群馬県高崎市中泉町６１７－５", "緯度": 36.370668, "経度": 139.006211, "url": "https://www.iryou.teikyouseido.mhlw.go.jp/znk-web/juminkanja/S2430/initialize?prefCd=10&kikanCd=3100000349&kikanKbn=3", "url2": null, "内容": "こいたばし歯科医院【3:歯科】群馬県高崎市中泉町６１７－５" }, "geometry": { "type": "Point", "coordinates": [ 139.006211, 36.370668 ] } },
{ "type": "Feature", "properties": { "ID": 1033100000350, "正式名称": "しずか歯科医院", "機関区分": 3, "都道府県コード": 10, "市区町村コード": 202, "所在地": "群馬県高崎市三ツ寺町１１７９－１", "緯度": 36.37775, "経度": 138.999794, "url": "https://www.iryou.teikyouseido.mhlw.go.jp/znk-web/juminkanja/S2430/initialize?prefCd=10&kikanCd=3100000350&kikanKbn=3", "url2": null, "内容": "しずか歯科医院【3:歯科】群馬県高崎市三ツ寺町１１７９－１" }, "geometry": { "type": "Point", "coordinates": [ 138.999794, 36.37775 ] } },
{ "type": "Feature", "properties": { "ID": 1033100000353, "正式名称": "医療法人怜心会中田だいすけ歯科", "機関区分": 3, "都道府県コード": 10, "市区町村コード": 202, "所在地": "群馬県高崎市金古町６７－２", "緯度": 36.407108, "経度": 139.005709, "url": "https://www.iryou.teikyouseido.mhlw.go.jp/znk-web/juminkanja/S2430/initialize?prefCd=10&kikanCd=3100000353&kikanKbn=3", "url2": null, "内容": "医療法人怜心会中田だいすけ歯科【3:歯科】群馬県高崎市金古町６７－２" }, "geometry": { "type": "Point", "coordinates": [ 139.005709, 36.407108 ] } },
{ "type": "Feature", "properties": { "ID": 1033100000354, "正式名称": "医療法人孝穂会はぎわら歯科医院", "機関区分": 3, "都道府県コード": 10, "市区町村コード": 202, "所在地": "群馬県高崎市金古町２１４３－４", "緯度": 36.414135, "経度": 139.000932, "url": "https://www.iryou.teikyouseido.mhlw.go.jp/znk-web/juminkanja/S2430/initialize?prefCd=10&kikanCd=3100000354&kikanKbn=3", "url2": "http://www.takahokai.or.jp/", "内容": "医療法人孝穂会はぎわら歯科医院【3:歯科】群馬県高崎市金古町２１４３－４" }, "geometry": { "type": "Point", "coordinates": [ 139.000932, 36.414135 ] } },
{ "type": "Feature", "properties": { "ID": 1033100000355, "正式名称": "パール歯科医院", "機関区分": 3, "都道府県コード": 10, "市区町村コード": 202, "所在地": "群馬県高崎市棟高町１４００　イオンモール高崎１Ｆ", "緯度": 36.391388, "経度": 139.006238, "url": "https://www.iryou.teikyouseido.mhlw.go.jp/znk-web/juminkanja/S2430/initialize?prefCd=10&kikanCd=3100000355&kikanKbn=3", "url2": "https://pearldental-takasaki.com/", "内容": "パール歯科医院【3:歯科】群馬県高崎市棟高町１４００　イオンモール高崎１Ｆ" }, "geometry": { "type": "Point", "coordinates": [ 139.006238, 36.391388 ] } },
{ "type": "Feature", "properties": { "ID": 1033100000356, "正式名称": "ひらた歯科クリニック", "機関区分": 3, "都道府県コード": 10, "市区町村コード": 202, "所在地": "群馬県高崎市福島町１００７－１", "緯度": 36.376334, "経度": 138.995878, "url": "https://www.iryou.teikyouseido.mhlw.go.jp/znk-web/juminkanja/S2430/initialize?prefCd=10&kikanCd=3100000356&kikanKbn=3", "url2": "http://hiratasika.com/", "内容": "ひらた歯科クリニック【3:歯科】群馬県高崎市福島町１００７－１" }, "geometry": { "type": "Point", "coordinates": [ 138.995878, 36.376334 ] } },
{ "type": "Feature", "properties": { "ID": 1033100000357, "正式名称": "平林歯科クリニック", "機関区分": 3, "都道府県コード": 10, "市区町村コード": 202, "所在地": "群馬県高崎市中泉町６１２－１０", "緯度": 36.371751, "経度": 139.003517, "url": "https://www.iryou.teikyouseido.mhlw.go.jp/znk-web/juminkanja/S2430/initialize?prefCd=10&kikanCd=3100000357&kikanKbn=3", "url2": null, "内容": "平林歯科クリニック【3:歯科】群馬県高崎市中泉町６１２－１０" }, "geometry": { "type": "Point", "coordinates": [ 139.003517, 36.371751 ] } },
{ "type": "Feature", "properties": { "ID": 1033100000359, "正式名称": "本多歯科医院", "機関区分": 3, "都道府県コード": 10, "市区町村コード": 202, "所在地": "群馬県高崎市塚田町２１５－１４", "緯度": 36.389416, "経度": 139.020598, "url": "https://www.iryou.teikyouseido.mhlw.go.jp/znk-web/juminkanja/S2430/initialize?prefCd=10&kikanCd=3100000359&kikanKbn=3", "url2": null, "内容": "本多歯科医院【3:歯科】群馬県高崎市塚田町２１５－１４" }, "geometry": { "type": "Point", "coordinates": [ 139.020598, 36.389416 ] } },
{ "type": "Feature", "properties": { "ID": 1033100000360, "正式名称": "横山歯科医院", "機関区分": 3, "都道府県コード": 10, "市区町村コード": 202, "所在地": "群馬県高崎市中泉町", "緯度": 36.371806, "経度": 139.00035, "url": "https://www.iryou.teikyouseido.mhlw.go.jp/znk-web/juminkanja/S2430/initialize?prefCd=10&kikanCd=3100000360&kikanKbn=3", "url2": "https://www.yokoyamadentalclinic.net", "内容": "横山歯科医院【3:歯科】群馬県高崎市中泉町" }, "geometry": { "type": "Point", "coordinates": [ 139.00035, 36.371806 ] } },
{ "type": "Feature", "properties": { "ID": 1033100000361, "正式名称": "新町歯科医院", "機関区分": 3, "都道府県コード": 10, "市区町村コード": 202, "所在地": "群馬県高崎市新町５４５－２", "緯度": 36.275096, "経度": 139.113429, "url": "https://www.iryou.teikyouseido.mhlw.go.jp/znk-web/juminkanja/S2430/initialize?prefCd=10&kikanCd=3100000361&kikanKbn=3", "url2": null, "内容": "新町歯科医院【3:歯科】群馬県高崎市新町５４５－２" }, "geometry": { "type": "Point", "coordinates": [ 139.113429, 36.275096 ] } },
{ "type": "Feature", "properties": { "ID": 1033100000362, "正式名称": "関口歯科クリニック", "機関区分": 3, "都道府県コード": 10, "市区町村コード": 202, "所在地": "群馬県高崎市新町１２３６－３", "緯度": 36.268597, "経度": 139.111096, "url": "https://www.iryou.teikyouseido.mhlw.go.jp/znk-web/juminkanja/S2430/initialize?prefCd=10&kikanCd=3100000362&kikanKbn=3", "url2": null, "内容": "関口歯科クリニック【3:歯科】群馬県高崎市新町１２３６－３" }, "geometry": { "type": "Point", "coordinates": [ 139.111096, 36.268597 ] } },
{ "type": "Feature", "properties": { "ID": 1033100000364, "正式名称": "はらさわ歯科医院", "機関区分": 3, "都道府県コード": 10, "市区町村コード": 202, "所在地": "群馬県高崎市新町", "緯度": 36.275985, "経度": 139.115289, "url": "https://www.iryou.teikyouseido.mhlw.go.jp/znk-web/juminkanja/S2430/initialize?prefCd=10&kikanCd=3100000364&kikanKbn=3", "url2": null, "内容": "はらさわ歯科医院【3:歯科】群馬県高崎市新町" }, "geometry": { "type": "Point", "coordinates": [ 139.115289, 36.275985 ] } },
{ "type": "Feature", "properties": { "ID": 1033100000365, "正式名称": "深井歯科医院", "機関区分": 3, "都道府県コード": 10, "市区町村コード": 202, "所在地": "群馬県高崎市新町２６３９", "緯度": 36.277096, "経度": 139.107846, "url": "https://www.iryou.teikyouseido.mhlw.go.jp/znk-web/juminkanja/S2430/initialize?prefCd=10&kikanCd=3100000365&kikanKbn=3", "url2": null, "内容": "深井歯科医院【3:歯科】群馬県高崎市新町２６３９" }, "geometry": { "type": "Point", "coordinates": [ 139.107846, 36.277096 ] } },
{ "type": "Feature", "properties": { "ID": 1033100000366, "正式名称": "守谷歯科医院", "機関区分": 3, "都道府県コード": 10, "市区町村コード": 202, "所在地": "群馬県高崎市新町２４４２−２", "緯度": 36.275541, "経度": 139.11204, "url": "https://www.iryou.teikyouseido.mhlw.go.jp/znk-web/juminkanja/S2430/initialize?prefCd=10&kikanCd=3100000366&kikanKbn=3", "url2": "https://moriyadental.net/", "内容": "守谷歯科医院【3:歯科】群馬県高崎市新町２４４２−２" }, "geometry": { "type": "Point", "coordinates": [ 139.11204, 36.275541 ] } },
{ "type": "Feature", "properties": { "ID": 1033100000367, "正式名称": "横堀歯科クリニック", "機関区分": 3, "都道府県コード": 10, "市区町村コード": 202, "所在地": "群馬県高崎市新町１５２４－１", "緯度": 36.269597, "経度": 139.107624, "url": "https://www.iryou.teikyouseido.mhlw.go.jp/znk-web/juminkanja/S2430/initialize?prefCd=10&kikanCd=3100000367&kikanKbn=3", "url2": null, "内容": "横堀歯科クリニック【3:歯科】群馬県高崎市新町１５２４－１" }, "geometry": { "type": "Point", "coordinates": [ 139.107624, 36.269597 ] } },
{ "type": "Feature", "properties": { "ID": 1033100000368, "正式名称": "かばさわ歯科クリニック", "機関区分": 3, "都道府県コード": 10, "市区町村コード": 202, "所在地": "群馬県高崎市中里見町７６－４", "緯度": 36.365194, "経度": 138.912219, "url": "https://www.iryou.teikyouseido.mhlw.go.jp/znk-web/juminkanja/S2430/initialize?prefCd=10&kikanCd=3100000368&kikanKbn=3", "url2": "https://kabasawa-dental.com/", "内容": "かばさわ歯科クリニック【3:歯科】群馬県高崎市中里見町７６－４" }, "geometry": { "type": "Point", "coordinates": [ 138.912219, 36.365194 ] } },
{ "type": "Feature", "properties": { "ID": 1033100000369, "正式名称": "中村歯科医院", "機関区分": 3, "都道府県コード": 10, "市区町村コード": 202, "所在地": "群馬県高崎市下室田町３６９０－２", "緯度": 36.387553, "経度": 138.887026, "url": "https://www.iryou.teikyouseido.mhlw.go.jp/znk-web/juminkanja/S2430/initialize?prefCd=10&kikanCd=3100000369&kikanKbn=3", "url2": null, "内容": "中村歯科医院【3:歯科】群馬県高崎市下室田町３６９０－２" }, "geometry": { "type": "Point", "coordinates": [ 138.887026, 36.387553 ] } },
{ "type": "Feature", "properties": { "ID": 1033100000373, "正式名称": "医療法人英悠会はるな歯科クリニック", "機関区分": 3, "都道府県コード": 10, "市区町村コード": 202, "所在地": "群馬県高崎市中里見町３６３－１", "緯度": 36.371416, "経度": 138.904219, "url": "https://www.iryou.teikyouseido.mhlw.go.jp/znk-web/juminkanja/S2430/initialize?prefCd=10&kikanCd=3100000373&kikanKbn=3", "url2": "http://www.haruna-dental.com", "内容": "医療法人英悠会はるな歯科クリニック【3:歯科】群馬県高崎市中里見町３６３－１" }, "geometry": { "type": "Point", "coordinates": [ 138.904219, 36.371416 ] } },
{ "type": "Feature", "properties": { "ID": 1033100000374, "正式名称": "有坂歯科医院", "機関区分": 3, "都道府県コード": 10, "市区町村コード": 211, "所在地": "群馬県安中市高別当２９０－１", "緯度": 36.325448, "経度": 138.878946, "url": "https://www.iryou.teikyouseido.mhlw.go.jp/znk-web/juminkanja/S2430/initialize?prefCd=10&kikanCd=3100000374&kikanKbn=3", "url2": null, "内容": "有坂歯科医院【3:歯科】群馬県安中市高別当２９０－１" }, "geometry": { "type": "Point", "coordinates": [ 138.878946, 36.325448 ] } },
{ "type": "Feature", "properties": { "ID": 1033100000376, "正式名称": "今井歯科医院", "機関区分": 3, "都道府県コード": 10, "市区町村コード": 211, "所在地": "群馬県安中市磯部４－３－４０", "緯度": 36.303256, "経度": 138.859726, "url": "https://www.iryou.teikyouseido.mhlw.go.jp/znk-web/juminkanja/S2430/initialize?prefCd=10&kikanCd=3100000376&kikanKbn=3", "url2": null, "内容": "今井歯科医院【3:歯科】群馬県安中市磯部４－３－４０" }, "geometry": { "type": "Point", "coordinates": [ 138.859726, 36.303256 ] } },
{ "type": "Feature", "properties": { "ID": 1033100000378, "正式名称": "潮歯科医院", "機関区分": 3, "都道府県コード": 10, "市区町村コード": 211, "所在地": "群馬県安中市郷原１３４－１", "緯度": 36.305144, "経度": 138.84756, "url": "https://www.iryou.teikyouseido.mhlw.go.jp/znk-web/juminkanja/S2430/initialize?prefCd=10&kikanCd=3100000378&kikanKbn=3", "url2": null, "内容": "潮歯科医院【3:歯科】群馬県安中市郷原１３４－１" }, "geometry": { "type": "Point", "coordinates": [ 138.84756, 36.305144 ] } },
{ "type": "Feature", "properties": { "ID": 1033100000380, "正式名称": "かばさわ歯科医院", "機関区分": 3, "都道府県コード": 10, "市区町村コード": 211, "所在地": "群馬県安中市板鼻", "緯度": 36.337364, "経度": 138.934885, "url": "https://www.iryou.teikyouseido.mhlw.go.jp/znk-web/juminkanja/S2430/initialize?prefCd=10&kikanCd=3100000380&kikanKbn=3", "url2": null, "内容": "かばさわ歯科医院【3:歯科】群馬県安中市板鼻" }, "geometry": { "type": "Point", "coordinates": [ 138.934885, 36.337364 ] } },
{ "type": "Feature", "properties": { "ID": 1033100000381, "正式名称": "小板橋歯科医院", "機関区分": 3, "都道府県コード": 10, "市区町村コード": 211, "所在地": "群馬県安中市板鼻１－６－１６", "緯度": 36.337448, "経度": 138.930802, "url": "https://www.iryou.teikyouseido.mhlw.go.jp/znk-web/juminkanja/S2430/initialize?prefCd=10&kikanCd=3100000381&kikanKbn=3", "url2": null, "内容": "小板橋歯科医院【3:歯科】群馬県安中市板鼻１－６－１６" }, "geometry": { "type": "Point", "coordinates": [ 138.930802, 36.337448 ] } },
{ "type": "Feature", "properties": { "ID": 1033100000383, "正式名称": "たじま歯科医院", "機関区分": 3, "都道府県コード": 10, "市区町村コード": 211, "所在地": "群馬県安中市磯部３－８－２２", "緯度": 36.299395, "経度": 138.85806, "url": "https://www.iryou.teikyouseido.mhlw.go.jp/znk-web/juminkanja/S2430/initialize?prefCd=10&kikanCd=3100000383&kikanKbn=3", "url2": "http://www.citydo.com/prf/gunma/guide/sg/220001208.html", "内容": "たじま歯科医院【3:歯科】群馬県安中市磯部３－８－２２" }, "geometry": { "type": "Point", "coordinates": [ 138.85806, 36.299395 ] } },
{ "type": "Feature", "properties": { "ID": 1033100000384, "正式名称": "田中歯科医院", "機関区分": 3, "都道府県コード": 10, "市区町村コード": 211, "所在地": "群馬県安中市原市四－四ー四十三", "緯度": 36.317338, "経度": 138.868697, "url": "https://www.iryou.teikyouseido.mhlw.go.jp/znk-web/juminkanja/S2430/initialize?prefCd=10&kikanCd=3100000384&kikanKbn=3", "url2": null, "内容": "田中歯科医院【3:歯科】群馬県安中市原市四－四ー四十三" }, "geometry": { "type": "Point", "coordinates": [ 138.868697, 36.317338 ] } },
{ "type": "Feature", "properties": { "ID": 1033100000385, "正式名称": "医療法人土屋歯科診療所", "機関区分": 3, "都道府県コード": 10, "市区町村コード": 211, "所在地": "群馬県安中市原市１５５８−１", "緯度": 36.310366, "経度": 138.844838, "url": "https://www.iryou.teikyouseido.mhlw.go.jp/znk-web/juminkanja/S2430/initialize?prefCd=10&kikanCd=3100000385&kikanKbn=3", "url2": null, "内容": "医療法人土屋歯科診療所【3:歯科】群馬県安中市原市１５５８−１" }, "geometry": { "type": "Point", "coordinates": [ 138.844838, 36.310366 ] } },
{ "type": "Feature", "properties": { "ID": 1033100000386, "正式名称": "半田歯科医院", "機関区分": 3, "都道府県コード": 10, "市区町村コード": 211, "所在地": "群馬県安中市原市２－８－１５", "緯度": 36.314366, "経度": 138.86292, "url": "https://www.iryou.teikyouseido.mhlw.go.jp/znk-web/juminkanja/S2430/initialize?prefCd=10&kikanCd=3100000386&kikanKbn=3", "url2": "https://handa-dc.com/", "内容": "半田歯科医院【3:歯科】群馬県安中市原市２－８－１５" }, "geometry": { "type": "Point", "coordinates": [ 138.86292, 36.314366 ] } },
{ "type": "Feature", "properties": { "ID": 1033100000388, "正式名称": "医療法人本多歯科医院", "機関区分": 3, "都道府県コード": 10, "市区町村コード": 211, "所在地": "群馬県安中市安中３－１９－１", "緯度": 36.328781, "経度": 138.89675, "url": "https://www.iryou.teikyouseido.mhlw.go.jp/znk-web/juminkanja/S2430/initialize?prefCd=10&kikanCd=3100000388&kikanKbn=3", "url2": null, "内容": "医療法人本多歯科医院【3:歯科】群馬県安中市安中３－１９－１" }, "geometry": { "type": "Point", "coordinates": [ 138.89675, 36.328781 ] } },
{ "type": "Feature", "properties": { "ID": 1033100000389, "正式名称": "真下歯科医院", "機関区分": 3, "都道府県コード": 10, "市区町村コード": 211, "所在地": "群馬県安中市安中２－９－１４", "緯度": 36.32567, "経度": 138.893556, "url": "https://www.iryou.teikyouseido.mhlw.go.jp/znk-web/juminkanja/S2430/initialize?prefCd=10&kikanCd=3100000389&kikanKbn=3", "url2": null, "内容": "真下歯科医院【3:歯科】群馬県安中市安中２－９－１４" }, "geometry": { "type": "Point", "coordinates": [ 138.893556, 36.32567 ] } },
{ "type": "Feature", "properties": { "ID": 1033100000390, "正式名称": "室橋歯科医院", "機関区分": 3, "都道府県コード": 10, "市区町村コード": 211, "所在地": "群馬県安中市安中", "緯度": 36.329014, "経度": 138.89905, "url": "https://www.iryou.teikyouseido.mhlw.go.jp/znk-web/juminkanja/S2430/initialize?prefCd=10&kikanCd=3100000390&kikanKbn=3", "url2": null, "内容": "室橋歯科医院【3:歯科】群馬県安中市安中" }, "geometry": { "type": "Point", "coordinates": [ 138.89905, 36.329014 ] } },
{ "type": "Feature", "properties": { "ID": 1033100000391, "正式名称": "こころ歯科", "機関区分": 3, "都道府県コード": 10, "市区町村コード": 211, "所在地": "群馬県安中市中宿２１３０こころ歯科クリニック", "緯度": 36.333672, "経度": 138.92467, "url": "https://www.iryou.teikyouseido.mhlw.go.jp/znk-web/juminkanja/S2430/initialize?prefCd=10&kikanCd=3100000391&kikanKbn=3", "url2": null, "内容": "こころ歯科【3:歯科】群馬県安中市中宿２１３０こころ歯科クリニック" }, "geometry": { "type": "Point", "coordinates": [ 138.92467, 36.333672 ] } },
{ "type": "Feature", "properties": { "ID": 1033100000392, "正式名称": "小林歯科医院", "機関区分": 3, "都道府県コード": 10, "市区町村コード": 211, "所在地": "群馬県安中市松井田町人見５８１−１", "緯度": 36.296978, "経度": 138.833617, "url": "https://www.iryou.teikyouseido.mhlw.go.jp/znk-web/juminkanja/S2430/initialize?prefCd=10&kikanCd=3100000392&kikanKbn=3", "url2": null, "内容": "小林歯科医院【3:歯科】群馬県安中市松井田町人見５８１−１" }, "geometry": { "type": "Point", "coordinates": [ 138.833617, 36.296978 ] } },
{ "type": "Feature", "properties": { "ID": 1033100000396, "正式名称": "信沢歯科医院", "機関区分": 3, "都道府県コード": 10, "市区町村コード": 211, "所在地": "群馬県安中市松井田町二軒在家９８０－１０", "緯度": 36.302866, "経度": 138.808536, "url": "https://www.iryou.teikyouseido.mhlw.go.jp/znk-web/juminkanja/S2430/initialize?prefCd=10&kikanCd=3100000396&kikanKbn=3", "url2": null, "内容": "信沢歯科医院【3:歯科】群馬県安中市松井田町二軒在家９８０－１０" }, "geometry": { "type": "Point", "coordinates": [ 138.808536, 36.302866 ] } },
{ "type": "Feature", "properties": { "ID": 1033100000397, "正式名称": "あかぎ歯科医院", "機関区分": 3, "都道府県コード": 10, "市区町村コード": 208, "所在地": "群馬県渋川市赤城町津久田１９６－４８", "緯度": 36.543955, "経度": 139.040894, "url": "https://www.iryou.teikyouseido.mhlw.go.jp/znk-web/juminkanja/S2430/initialize?prefCd=10&kikanCd=3100000397&kikanKbn=3", "url2": null, "内容": "あかぎ歯科医院【3:歯科】群馬県渋川市赤城町津久田１９６－４８" }, "geometry": { "type": "Point", "coordinates": [ 139.040894, 36.543955 ] } },
{ "type": "Feature", "properties": { "ID": 1033100000398, "正式名称": "いいづか歯科医院", "機関区分": 3, "都道府県コード": 10, "市区町村コード": 208, "所在地": "群馬県渋川市八木原７０－１", "緯度": 36.474018, "経度": 139.010678, "url": "https://www.iryou.teikyouseido.mhlw.go.jp/znk-web/juminkanja/S2430/initialize?prefCd=10&kikanCd=3100000398&kikanKbn=3", "url2": "https://shibukawa-iizuka-dc.jp/", "内容": "いいづか歯科医院【3:歯科】群馬県渋川市八木原７０－１" }, "geometry": { "type": "Point", "coordinates": [ 139.010678, 36.474018 ] } },
{ "type": "Feature", "properties": { "ID": 1033100000400, "正式名称": "石田歯科医院", "機関区分": 3, "都道府県コード": 10, "市区町村コード": 208, "所在地": "群馬県渋川市渋川１５９３－８", "緯度": 36.488127, "経度": 139.0104, "url": "https://www.iryou.teikyouseido.mhlw.go.jp/znk-web/juminkanja/S2430/initialize?prefCd=10&kikanCd=3100000400&kikanKbn=3", "url2": "http://nttbj.itp.ne.jp/0279250411/index.html", "内容": "石田歯科医院【3:歯科】群馬県渋川市渋川１５９３－８" }, "geometry": { "type": "Point", "coordinates": [ 139.0104, 36.488127 ] } },
{ "type": "Feature", "properties": { "ID": 1033100000401, "正式名称": "医療法人豊生会　石北歯科医院", "機関区分": 3, "都道府県コード": 10, "市区町村コード": 208, "所在地": "群馬県渋川市渋川３９１０－９", "緯度": 36.503236, "経度": 138.979485, "url": "https://www.iryou.teikyouseido.mhlw.go.jp/znk-web/juminkanja/S2430/initialize?prefCd=10&kikanCd=3100000401&kikanKbn=3", "url2": null, "内容": "医療法人豊生会　石北歯科医院【3:歯科】群馬県渋川市渋川３９１０－９" }, "geometry": { "type": "Point", "coordinates": [ 138.979485, 36.503236 ] } },
{ "type": "Feature", "properties": { "ID": 1033100000402, "正式名称": "医療法人社団ひかり　エース歯科", "機関区分": 3, "都道府県コード": 10, "市区町村コード": 345, "所在地": "群馬県北群馬郡吉岡町大久保１１２－５", "緯度": 36.438077, "経度": 139.011568, "url": "https://www.iryou.teikyouseido.mhlw.go.jp/znk-web/juminkanja/S2430/initialize?prefCd=10&kikanCd=3100000402&kikanKbn=3", "url2": "http://www.ace-dent.jp/", "内容": "医療法人社団ひかり　エース歯科【3:歯科】群馬県北群馬郡吉岡町大久保１１２－５" }, "geometry": { "type": "Point", "coordinates": [ 139.011568, 36.438077 ] } },
{ "type": "Feature", "properties": { "ID": 1033100000404, "正式名称": "小野上歯科診療所", "機関区分": 3, "都道府県コード": 10, "市区町村コード": 208, "所在地": "群馬県渋川市村上３７９２－６", "緯度": 36.548814, "経度": 138.935792, "url": "https://www.iryou.teikyouseido.mhlw.go.jp/znk-web/juminkanja/S2430/initialize?prefCd=10&kikanCd=3100000404&kikanKbn=3", "url2": null, "内容": "小野上歯科診療所【3:歯科】群馬県渋川市村上３７９２－６" }, "geometry": { "type": "Point", "coordinates": [ 138.935792, 36.548814 ] } },
{ "type": "Feature", "properties": { "ID": 1033100000405, "正式名称": "北橘歯科診療所", "機関区分": 3, "都道府県コード": 10, "市区町村コード": 208, "所在地": "群馬県渋川市北橘町真壁１３７２－５", "緯度": 36.478046, "経度": 139.044619, "url": "https://www.iryou.teikyouseido.mhlw.go.jp/znk-web/juminkanja/S2430/initialize?prefCd=10&kikanCd=3100000405&kikanKbn=3", "url2": null, "内容": "北橘歯科診療所【3:歯科】群馬県渋川市北橘町真壁１３７２－５" }, "geometry": { "type": "Point", "coordinates": [ 139.044619, 36.478046 ] } },
{ "type": "Feature", "properties": { "ID": 1033100000406, "正式名称": "Ｋ（ケー）歯科医院", "機関区分": 3, "都道府県コード": 10, "市区町村コード": 208, "所在地": "群馬県渋川市金井１２３６－２", "緯度": 36.505181, "経度": 138.996039, "url": "https://www.iryou.teikyouseido.mhlw.go.jp/znk-web/juminkanja/S2430/initialize?prefCd=10&kikanCd=3100000406&kikanKbn=3", "url2": null, "内容": "Ｋ（ケー）歯科医院【3:歯科】群馬県渋川市金井１２３６－２" }, "geometry": { "type": "Point", "coordinates": [ 138.996039, 36.505181 ] } },
{ "type": "Feature", "properties": { "ID": 1033100000408, "正式名称": "こぶな歯科医院", "機関区分": 3, "都道府県コード": 10, "市区町村コード": 208, "所在地": "群馬県渋川市渋川２６０８－２", "緯度": 36.492432, "経度": 138.997206, "url": "https://www.iryou.teikyouseido.mhlw.go.jp/znk-web/juminkanja/S2430/initialize?prefCd=10&kikanCd=3100000408&kikanKbn=3", "url2": null, "内容": "こぶな歯科医院【3:歯科】群馬県渋川市渋川２６０８－２" }, "geometry": { "type": "Point", "coordinates": [ 138.997206, 36.492432 ] } },
{ "type": "Feature", "properties": { "ID": 1033100000409, "正式名称": "駒寄歯科クリニック", "機関区分": 3, "都道府県コード": 10, "市区町村コード": 345, "所在地": "群馬県北群馬郡吉岡町大久保２３１２", "緯度": 36.437642, "経度": 139.020748, "url": "https://www.iryou.teikyouseido.mhlw.go.jp/znk-web/juminkanja/S2430/initialize?prefCd=10&kikanCd=3100000409&kikanKbn=3", "url2": null, "内容": "駒寄歯科クリニック【3:歯科】群馬県北群馬郡吉岡町大久保２３１２" }, "geometry": { "type": "Point", "coordinates": [ 139.020748, 36.437642 ] } },
{ "type": "Feature", "properties": { "ID": 1033100000410, "正式名称": "さいとう歯科医院", "機関区分": 3, "都道府県コード": 10, "市区町村コード": 208, "所在地": "群馬県渋川市北牧４ー５１", "緯度": 36.52304, "経度": 139.001176, "url": "https://www.iryou.teikyouseido.mhlw.go.jp/znk-web/juminkanja/S2430/initialize?prefCd=10&kikanCd=3100000410&kikanKbn=3", "url2": null, "内容": "さいとう歯科医院【3:歯科】群馬県渋川市北牧４ー５１" }, "geometry": { "type": "Point", "coordinates": [ 139.001176, 36.52304 ] } },
{ "type": "Feature", "properties": { "ID": 1033100000411, "正式名称": "さくら歯科", "機関区分": 3, "都道府県コード": 10, "市区町村コード": 345, "所在地": "群馬県北群馬郡吉岡町大久保１４４９－７", "緯度": 36.42844, "経度": 139.02529, "url": "https://www.iryou.teikyouseido.mhlw.go.jp/znk-web/juminkanja/S2430/initialize?prefCd=10&kikanCd=3100000411&kikanKbn=3", "url2": "http://www.sakura-dent.com/", "内容": "さくら歯科【3:歯科】群馬県北群馬郡吉岡町大久保１４４９－７" }, "geometry": { "type": "Point", "coordinates": [ 139.02529, 36.42844 ] } },
{ "type": "Feature", "properties": { "ID": 1033100000412, "正式名称": "佐藤歯科医院", "機関区分": 3, "都道府県コード": 10, "市区町村コード": 345, "所在地": "群馬県北群馬郡吉岡町下野田８１２", "緯度": 36.449826, "経度": 139.008374, "url": "https://www.iryou.teikyouseido.mhlw.go.jp/znk-web/juminkanja/S2430/initialize?prefCd=10&kikanCd=3100000412&kikanKbn=3", "url2": null, "内容": "佐藤歯科医院【3:歯科】群馬県北群馬郡吉岡町下野田８１２" }, "geometry": { "type": "Point", "coordinates": [ 139.008374, 36.449826 ] } },
{ "type": "Feature", "properties": { "ID": 1033100000413, "正式名称": "しまむら歯科医院", "機関区分": 3, "都道府県コード": 10, "市区町村コード": 208, "所在地": "群馬県渋川市八木原７００－２", "緯度": 36.463047, "経度": 139.007901, "url": "https://www.iryou.teikyouseido.mhlw.go.jp/znk-web/juminkanja/S2430/initialize?prefCd=10&kikanCd=3100000413&kikanKbn=3", "url2": null, "内容": "しまむら歯科医院【3:歯科】群馬県渋川市八木原７００－２" }, "geometry": { "type": "Point", "coordinates": [ 139.007901, 36.463047 ] } },
{ "type": "Feature", "properties": { "ID": 1033100000414, "正式名称": "清水歯科医院", "機関区分": 3, "都道府県コード": 10, "市区町村コード": 345, "所在地": "群馬県北群馬郡吉岡町南下７５７－８", "緯度": 36.441382, "経度": 139.004152, "url": "https://www.iryou.teikyouseido.mhlw.go.jp/znk-web/juminkanja/S2430/initialize?prefCd=10&kikanCd=3100000414&kikanKbn=3", "url2": null, "内容": "清水歯科医院【3:歯科】群馬県北群馬郡吉岡町南下７５７－８" }, "geometry": { "type": "Point", "coordinates": [ 139.004152, 36.441382 ] } },
{ "type": "Feature", "properties": { "ID": 1033100000415, "正式名称": "関歯科医院", "機関区分": 3, "都道府県コード": 10, "市区町村コード": 208, "所在地": "群馬県渋川市吹屋４１７－１", "緯度": 36.518319, "経度": 139.010009, "url": "https://www.iryou.teikyouseido.mhlw.go.jp/znk-web/juminkanja/S2430/initialize?prefCd=10&kikanCd=3100000415&kikanKbn=3", "url2": null, "内容": "関歯科医院【3:歯科】群馬県渋川市吹屋４１７－１" }, "geometry": { "type": "Point", "coordinates": [ 139.010009, 36.518319 ] } },
{ "type": "Feature", "properties": { "ID": 1033100000416, "正式名称": "高橋歯科クリニック", "機関区分": 3, "都道府県コード": 10, "市区町村コード": 208, "所在地": "群馬県渋川市行幸田４０４－１", "緯度": 36.48235, "経度": 138.996845, "url": "https://www.iryou.teikyouseido.mhlw.go.jp/znk-web/juminkanja/S2430/initialize?prefCd=10&kikanCd=3100000416&kikanKbn=3", "url2": "http://www.shibukawa-tdc2.com", "内容": "高橋歯科クリニック【3:歯科】群馬県渋川市行幸田４０４－１" }, "geometry": { "type": "Point", "coordinates": [ 138.996845, 36.48235 ] } },
{ "type": "Feature", "properties": { "ID": 1033100000417, "正式名称": "たきざわ歯科医院", "機関区分": 3, "都道府県コード": 10, "市区町村コード": 345, "所在地": "群馬県北群馬郡吉岡町大久保８７０－４", "緯度": 36.419052, "経度": 139.026762, "url": "https://www.iryou.teikyouseido.mhlw.go.jp/znk-web/juminkanja/S2430/initialize?prefCd=10&kikanCd=3100000417&kikanKbn=3", "url2": null, "内容": "たきざわ歯科医院【3:歯科】群馬県北群馬郡吉岡町大久保８７０－４" }, "geometry": { "type": "Point", "coordinates": [ 139.026762, 36.419052 ] } },
{ "type": "Feature", "properties": { "ID": 1033100000419, "正式名称": "医療法人山住会永井歯科医院", "機関区分": 3, "都道府県コード": 10, "市区町村コード": 208, "所在地": "群馬県渋川市赤城町上三原田８４２－１", "緯度": 36.509209, "経度": 139.043979, "url": "https://www.iryou.teikyouseido.mhlw.go.jp/znk-web/juminkanja/S2430/initialize?prefCd=10&kikanCd=3100000419&kikanKbn=3", "url2": null, "内容": "医療法人山住会永井歯科医院【3:歯科】群馬県渋川市赤城町上三原田８４２－１" }, "geometry": { "type": "Point", "coordinates": [ 139.043979, 36.509209 ] } },
{ "type": "Feature", "properties": { "ID": 1033100000420, "正式名称": "平形歯科医院", "機関区分": 3, "都道府県コード": 10, "市区町村コード": 208, "所在地": "群馬県渋川市石原", "緯度": 36.484822, "経度": 139.002928, "url": "https://www.iryou.teikyouseido.mhlw.go.jp/znk-web/juminkanja/S2430/initialize?prefCd=10&kikanCd=3100000420&kikanKbn=3", "url2": null, "内容": "平形歯科医院【3:歯科】群馬県渋川市石原" }, "geometry": { "type": "Point", "coordinates": [ 139.002928, 36.484822 ] } },
{ "type": "Feature", "properties": { "ID": 1033100000421, "正式名称": "福田歯科医院", "機関区分": 3, "都道府県コード": 10, "市区町村コード": 208, "所在地": "群馬県渋川市渋川１２６番地１", "緯度": 36.500765, "経度": 138.994678, "url": "https://www.iryou.teikyouseido.mhlw.go.jp/znk-web/juminkanja/S2430/initialize?prefCd=10&kikanCd=3100000421&kikanKbn=3", "url2": null, "内容": "福田歯科医院【3:歯科】群馬県渋川市渋川１２６番地１" }, "geometry": { "type": "Point", "coordinates": [ 138.994678, 36.500765 ] } },
{ "type": "Feature", "properties": { "ID": 1033100000422, "正式名称": "医療法人船岡歯科医院", "機関区分": 3, "都道府県コード": 10, "市区町村コード": 208, "所在地": "群馬県渋川市半田", "緯度": 36.462603, "経度": 139.022483, "url": "https://www.iryou.teikyouseido.mhlw.go.jp/znk-web/juminkanja/S2430/initialize?prefCd=10&kikanCd=3100000422&kikanKbn=3", "url2": null, "内容": "医療法人船岡歯科医院【3:歯科】群馬県渋川市半田" }, "geometry": { "type": "Point", "coordinates": [ 139.022483, 36.462603 ] } },
{ "type": "Feature", "properties": { "ID": 1033100000423, "正式名称": "ほしかわ歯科医院", "機関区分": 3, "都道府県コード": 10, "市区町村コード": 208, "所在地": "群馬県渋川市石原８９－１２", "緯度": 36.48896, "経度": 139.000567, "url": "https://www.iryou.teikyouseido.mhlw.go.jp/znk-web/juminkanja/S2430/initialize?prefCd=10&kikanCd=3100000423&kikanKbn=3", "url2": null, "内容": "ほしかわ歯科医院【3:歯科】群馬県渋川市石原８９－１２" }, "geometry": { "type": "Point", "coordinates": [ 139.000567, 36.48896 ] } },
{ "type": "Feature", "properties": { "ID": 1033100000424, "正式名称": "星野歯科クリニック", "機関区分": 3, "都道府県コード": 10, "市区町村コード": 208, "所在地": "群馬県渋川市行幸田３６－６", "緯度": 36.477239, "経度": 138.999762, "url": "https://www.iryou.teikyouseido.mhlw.go.jp/znk-web/juminkanja/S2430/initialize?prefCd=10&kikanCd=3100000424&kikanKbn=3", "url2": null, "内容": "星野歯科クリニック【3:歯科】群馬県渋川市行幸田３６－６" }, "geometry": { "type": "Point", "coordinates": [ 138.999762, 36.477239 ] } },
{ "type": "Feature", "properties": { "ID": 1033100000425, "正式名称": "真下歯科クリニック", "機関区分": 3, "都道府県コード": 10, "市区町村コード": 344, "所在地": "群馬県北群馬郡榛東村新井１４７６", "緯度": 36.431605, "経度": 138.977488, "url": "https://www.iryou.teikyouseido.mhlw.go.jp/znk-web/juminkanja/S2430/initialize?prefCd=10&kikanCd=3100000425&kikanKbn=3", "url2": null, "内容": "真下歯科クリニック【3:歯科】群馬県北群馬郡榛東村新井１４７６" }, "geometry": { "type": "Point", "coordinates": [ 138.977488, 36.431605 ] } },
{ "type": "Feature", "properties": { "ID": 1033100000426, "正式名称": "三剛歯科医院", "機関区分": 3, "都道府県コード": 10, "市区町村コード": 208, "所在地": "群馬県渋川市伊香保町伊香保３００－６", "緯度": 36.507624, "経度": 138.922267, "url": "https://www.iryou.teikyouseido.mhlw.go.jp/znk-web/juminkanja/S2430/initialize?prefCd=10&kikanCd=3100000426&kikanKbn=3", "url2": null, "内容": "三剛歯科医院【3:歯科】群馬県渋川市伊香保町伊香保３００－６" }, "geometry": { "type": "Point", "coordinates": [ 138.922267, 36.507624 ] } },
{ "type": "Feature", "properties": { "ID": 1033100000428, "正式名称": "宮下歯科・矯正歯科医院", "機関区分": 3, "都道府県コード": 10, "市区町村コード": 208, "所在地": "群馬県渋川市渋川", "緯度": 36.501126, "経度": 139.004622, "url": "https://www.iryou.teikyouseido.mhlw.go.jp/znk-web/juminkanja/S2430/initialize?prefCd=10&kikanCd=3100000428&kikanKbn=3", "url2": "https://www.miyashita-shikaiin.com/", "内容": "宮下歯科・矯正歯科医院【3:歯科】群馬県渋川市渋川" }, "geometry": { "type": "Point", "coordinates": [ 139.004622, 36.501126 ] } },
{ "type": "Feature", "properties": { "ID": 1033100000429, "正式名称": "宮下デンタルクリニック", "機関区分": 3, "都道府県コード": 10, "市区町村コード": 208, "所在地": "群馬県渋川市中郷５９７－７０", "緯度": 36.530595, "経度": 139.010509, "url": "https://www.iryou.teikyouseido.mhlw.go.jp/znk-web/juminkanja/S2430/initialize?prefCd=10&kikanCd=3100000429&kikanKbn=3", "url2": null, "内容": "宮下デンタルクリニック【3:歯科】群馬県渋川市中郷５９７－７０" }, "geometry": { "type": "Point", "coordinates": [ 139.010509, 36.530595 ] } },
{ "type": "Feature", "properties": { "ID": 1033100000430, "正式名称": "山川歯科医院", "機関区分": 3, "都道府県コード": 10, "市区町村コード": 208, "所在地": "群馬県渋川市渋川１８７２－５９", "緯度": 36.495349, "経度": 139.004566, "url": "https://www.iryou.teikyouseido.mhlw.go.jp/znk-web/juminkanja/S2430/initialize?prefCd=10&kikanCd=3100000430&kikanKbn=3", "url2": null, "内容": "山川歯科医院【3:歯科】群馬県渋川市渋川１８７２－５９" }, "geometry": { "type": "Point", "coordinates": [ 139.004566, 36.495349 ] } },
{ "type": "Feature", "properties": { "ID": 1033100000432, "正式名称": "山下歯科医院", "機関区分": 3, "都道府県コード": 10, "市区町村コード": 208, "所在地": "群馬県渋川市渋川２０６３－２８", "緯度": 36.497821, "経度": 139.005788, "url": "https://www.iryou.teikyouseido.mhlw.go.jp/znk-web/juminkanja/S2430/initialize?prefCd=10&kikanCd=3100000432&kikanKbn=3", "url2": null, "内容": "山下歯科医院【3:歯科】群馬県渋川市渋川２０６３－２８" }, "geometry": { "type": "Point", "coordinates": [ 139.005788, 36.497821 ] } },
{ "type": "Feature", "properties": { "ID": 1033100000433, "正式名称": "吉岡歯科クリニック", "機関区分": 3, "都道府県コード": 10, "市区町村コード": 208, "所在地": "群馬県渋川市行幸田", "緯度": 36.471407, "経度": 139.002845, "url": "https://www.iryou.teikyouseido.mhlw.go.jp/znk-web/juminkanja/S2430/initialize?prefCd=10&kikanCd=3100000433&kikanKbn=3", "url2": null, "内容": "吉岡歯科クリニック【3:歯科】群馬県渋川市行幸田" }, "geometry": { "type": "Point", "coordinates": [ 139.002845, 36.471407 ] } },
{ "type": "Feature", "properties": { "ID": 1033100000434, "正式名称": "あおば歯科医院", "機関区分": 3, "都道府県コード": 10, "市区町村コード": 344, "所在地": "群馬県北群馬郡榛東村新井１２２３－１", "緯度": 36.428216, "経度": 138.973155, "url": "https://www.iryou.teikyouseido.mhlw.go.jp/znk-web/juminkanja/S2430/initialize?prefCd=10&kikanCd=3100000434&kikanKbn=3", "url2": null, "内容": "あおば歯科医院【3:歯科】群馬県北群馬郡榛東村新井１２２３－１" }, "geometry": { "type": "Point", "coordinates": [ 138.973155, 36.428216 ] } },
{ "type": "Feature", "properties": { "ID": 1033100000435, "正式名称": "ふくしま歯科医院", "機関区分": 3, "都道府県コード": 10, "市区町村コード": 208, "所在地": "群馬県渋川市金井７４２－１", "緯度": 36.512347, "経度": 139.003788, "url": "https://www.iryou.teikyouseido.mhlw.go.jp/znk-web/juminkanja/S2430/initialize?prefCd=10&kikanCd=3100000435&kikanKbn=3", "url2": "http://www.fukushimadental.com/", "内容": "ふくしま歯科医院【3:歯科】群馬県渋川市金井７４２－１" }, "geometry": { "type": "Point", "coordinates": [ 139.003788, 36.512347 ] } },
{ "type": "Feature", "properties": { "ID": 1033100000436, "正式名称": "佐鳥歯科クリニック", "機関区分": 3, "都道府県コード": 10, "市区町村コード": 208, "所在地": "群馬県渋川市渋川２４３３－６６", "緯度": 36.49521, "経度": 139.002761, "url": "https://www.iryou.teikyouseido.mhlw.go.jp/znk-web/juminkanja/S2430/initialize?prefCd=10&kikanCd=3100000436&kikanKbn=3", "url2": "http://www.satori-dc.com", "内容": "佐鳥歯科クリニック【3:歯科】群馬県渋川市渋川２４３３－６６" }, "geometry": { "type": "Point", "coordinates": [ 139.002761, 36.49521 ] } },
{ "type": "Feature", "properties": { "ID": 1033100000437, "正式名称": "医療法人幸成会　明治歯科診療所", "機関区分": 3, "都道府県コード": 10, "市区町村コード": 345, "所在地": "群馬県北群馬郡吉岡町上野田", "緯度": 36.44852, "経度": 139.004152, "url": "https://www.iryou.teikyouseido.mhlw.go.jp/znk-web/juminkanja/S2430/initialize?prefCd=10&kikanCd=3100000437&kikanKbn=3", "url2": "http://meiji-dental-group.com", "内容": "医療法人幸成会　明治歯科診療所【3:歯科】群馬県北群馬郡吉岡町上野田" }, "geometry": { "type": "Point", "coordinates": [ 139.004152, 36.44852 ] } },
{ "type": "Feature", "properties": { "ID": 1033100000440, "正式名称": "医療法人彩和会　あらい歯科", "機関区分": 3, "都道府県コード": 10, "市区町村コード": 202, "所在地": "群馬県高崎市吉井町長根１４５７－７", "緯度": 36.253985, "経度": 138.964914, "url": "https://www.iryou.teikyouseido.mhlw.go.jp/znk-web/juminkanja/S2430/initialize?prefCd=10&kikanCd=3100000440&kikanKbn=3", "url2": "http://www.arai-shika.jp", "内容": "医療法人彩和会　あらい歯科【3:歯科】群馬県高崎市吉井町長根１４５７－７" }, "geometry": { "type": "Point", "coordinates": [ 138.964914, 36.253985 ] } },
{ "type": "Feature", "properties": { "ID": 1033100000441, "正式名称": "医療法人社団歯龍会", "機関区分": 3, "都道府県コード": 10, "市区町村コード": 209, "所在地": "群馬県藤岡市藤岡８５４", "緯度": 36.249515, "経度": 139.079405, "url": "https://www.iryou.teikyouseido.mhlw.go.jp/znk-web/juminkanja/S2430/initialize?prefCd=10&kikanCd=3100000441&kikanKbn=3", "url2": null, "内容": "医療法人社団歯龍会【3:歯科】群馬県藤岡市藤岡８５４" }, "geometry": { "type": "Point", "coordinates": [ 139.079405, 36.249515 ] } },
{ "type": "Feature", "properties": { "ID": 1033100000442, "正式名称": "井田歯科医院", "機関区分": 3, "都道府県コード": 10, "市区町村コード": 209, "所在地": "群馬県藤岡市藤岡２１１３－１", "緯度": 36.241155, "経度": 139.064712, "url": "https://www.iryou.teikyouseido.mhlw.go.jp/znk-web/juminkanja/S2430/initialize?prefCd=10&kikanCd=3100000442&kikanKbn=3", "url2": null, "内容": "井田歯科医院【3:歯科】群馬県藤岡市藤岡２１１３－１" }, "geometry": { "type": "Point", "coordinates": [ 139.064712, 36.241155 ] } },
{ "type": "Feature", "properties": { "ID": 1033100000443, "正式名称": "医療法人石川歯科医院", "機関区分": 3, "都道府県コード": 10, "市区町村コード": 209, "所在地": "群馬県藤岡市藤岡３１０６", "緯度": 36.241127, "経度": 139.06885, "url": "https://www.iryou.teikyouseido.mhlw.go.jp/znk-web/juminkanja/S2430/initialize?prefCd=10&kikanCd=3100000443&kikanKbn=3", "url2": null, "内容": "医療法人石川歯科医院【3:歯科】群馬県藤岡市藤岡３１０６" }, "geometry": { "type": "Point", "coordinates": [ 139.06885, 36.241127 ] } },
{ "type": "Feature", "properties": { "ID": 1033100000445, "正式名称": "医療法人魚津歯科医院", "機関区分": 3, "都道府県コード": 10, "市区町村コード": 209, "所在地": "群馬県藤岡市上大塚１５５０番地", "緯度": 36.244015, "経度": 139.052241, "url": "https://www.iryou.teikyouseido.mhlw.go.jp/znk-web/juminkanja/S2430/initialize?prefCd=10&kikanCd=3100000445&kikanKbn=3", "url2": null, "内容": "医療法人魚津歯科医院【3:歯科】群馬県藤岡市上大塚１５５０番地" }, "geometry": { "type": "Point", "coordinates": [ 139.052241, 36.244015 ] } },
{ "type": "Feature", "properties": { "ID": 1033100000447, "正式名称": "医療法人ひまわり会江本歯科医院", "機関区分": 3, "都道府県コード": 10, "市区町村コード": 209, "所在地": "群馬県藤岡市藤岡９３４－１　レジデンスセシモ２０１", "緯度": 36.254598, "経度": 139.077183, "url": "https://www.iryou.teikyouseido.mhlw.go.jp/znk-web/juminkanja/S2430/initialize?prefCd=10&kikanCd=3100000447&kikanKbn=3", "url2": null, "内容": "医療法人ひまわり会江本歯科医院【3:歯科】群馬県藤岡市藤岡９３４－１　レジデンスセシモ２０１" }, "geometry": { "type": "Point", "coordinates": [ 139.077183, 36.254598 ] } },
{ "type": "Feature", "properties": { "ID": 1033100000448, "正式名称": "医療法人山川歯科医院", "機関区分": 3, "都道府県コード": 10, "市区町村コード": 209, "所在地": "群馬県藤岡市鬼石", "緯度": 36.162191, "経度": 139.053689, "url": "https://www.iryou.teikyouseido.mhlw.go.jp/znk-web/juminkanja/S2430/initialize?prefCd=10&kikanCd=3100000448&kikanKbn=3", "url2": null, "内容": "医療法人山川歯科医院【3:歯科】群馬県藤岡市鬼石" }, "geometry": { "type": "Point", "coordinates": [ 139.053689, 36.162191 ] } },
{ "type": "Feature", "properties": { "ID": 1033100000449, "正式名称": "上野村へき地歯科診療所", "機関区分": 3, "都道府県コード": 10, "市区町村コード": 366, "所在地": "群馬県多野郡上野村乙母９４－１", "緯度": 36.083722, "経度": 138.775104, "url": "https://www.iryou.teikyouseido.mhlw.go.jp/znk-web/juminkanja/S2430/initialize?prefCd=10&kikanCd=3100000449&kikanKbn=3", "url2": null, "内容": "上野村へき地歯科診療所【3:歯科】群馬県多野郡上野村乙母９４－１" }, "geometry": { "type": "Point", "coordinates": [ 138.775104, 36.083722 ] } },
{ "type": "Feature", "properties": { "ID": 1033100000450, "正式名称": "江原歯科クリニック", "機関区分": 3, "都道府県コード": 10, "市区町村コード": 202, "所在地": "群馬県高崎市吉井町本郷６３－１", "緯度": 36.258346, "経度": 138.973108, "url": "https://www.iryou.teikyouseido.mhlw.go.jp/znk-web/juminkanja/S2430/initialize?prefCd=10&kikanCd=3100000450&kikanKbn=3", "url2": null, "内容": "江原歯科クリニック【3:歯科】群馬県高崎市吉井町本郷６３－１" }, "geometry": { "type": "Point", "coordinates": [ 138.973108, 36.258346 ] } },
{ "type": "Feature", "properties": { "ID": 1033100000451, "正式名称": "遠藤歯科医院", "機関区分": 3, "都道府県コード": 10, "市区町村コード": 209, "所在地": "群馬県藤岡市藤岡４３１", "緯度": 36.244544, "経度": 139.081183, "url": "https://www.iryou.teikyouseido.mhlw.go.jp/znk-web/juminkanja/S2430/initialize?prefCd=10&kikanCd=3100000451&kikanKbn=3", "url2": null, "内容": "遠藤歯科医院【3:歯科】群馬県藤岡市藤岡４３１" }, "geometry": { "type": "Point", "coordinates": [ 139.081183, 36.244544 ] } },
{ "type": "Feature", "properties": { "ID": 1033100000452, "正式名称": "大竹歯科医院", "機関区分": 3, "都道府県コード": 10, "市区町村コード": 209, "所在地": "群馬県藤岡市藤岡３３５－２２", "緯度": 36.241127, "経度": 139.06885, "url": "https://www.iryou.teikyouseido.mhlw.go.jp/znk-web/juminkanja/S2430/initialize?prefCd=10&kikanCd=3100000452&kikanKbn=3", "url2": "https://www.ohtake-dc.jp/", "内容": "大竹歯科医院【3:歯科】群馬県藤岡市藤岡３３５－２２" }, "geometry": { "type": "Point", "coordinates": [ 139.06885, 36.241127 ] } },
{ "type": "Feature", "properties": { "ID": 1033100000453, "正式名称": "かねた歯科医院", "機関区分": 3, "都道府県コード": 10, "市区町村コード": 202, "所在地": "群馬県高崎市吉井町下長根１４９－１", "緯度": 36.252597, "経度": 138.982802, "url": "https://www.iryou.teikyouseido.mhlw.go.jp/znk-web/juminkanja/S2430/initialize?prefCd=10&kikanCd=3100000453&kikanKbn=3", "url2": null, "内容": "かねた歯科医院【3:歯科】群馬県高崎市吉井町下長根１４９－１" }, "geometry": { "type": "Point", "coordinates": [ 138.982802, 36.252597 ] } },
{ "type": "Feature", "properties": { "ID": 1033100000454, "正式名称": "かのう歯科医院", "機関区分": 3, "都道府県コード": 10, "市区町村コード": 202, "所在地": "群馬県高崎市吉井町石神　２４－１", "緯度": 36.253513, "経度": 139.005605, "url": "https://www.iryou.teikyouseido.mhlw.go.jp/znk-web/juminkanja/S2430/initialize?prefCd=10&kikanCd=3100000454&kikanKbn=3", "url2": null, "内容": "かのう歯科医院【3:歯科】群馬県高崎市吉井町石神　２４－１" }, "geometry": { "type": "Point", "coordinates": [ 139.005605, 36.253513 ] } },
{ "type": "Feature", "properties": { "ID": 1033100000456, "正式名称": "近藤歯科医院", "機関区分": 3, "都道府県コード": 10, "市区町村コード": 209, "所在地": "群馬県藤岡市上戸塚１２４−７", "緯度": 36.248488, "経度": 139.085877, "url": "https://www.iryou.teikyouseido.mhlw.go.jp/znk-web/juminkanja/S2430/initialize?prefCd=10&kikanCd=3100000456&kikanKbn=3", "url2": "https://www.kondodent.com", "内容": "近藤歯科医院【3:歯科】群馬県藤岡市上戸塚１２４−７" }, "geometry": { "type": "Point", "coordinates": [ 139.085877, 36.248488 ] } },
{ "type": "Feature", "properties": { "ID": 1033100000457, "正式名称": "坂井歯科医院", "機関区分": 3, "都道府県コード": 10, "市区町村コード": 209, "所在地": "群馬県藤岡市藤岡４６－７", "緯度": 36.244682, "経度": 139.079961, "url": "https://www.iryou.teikyouseido.mhlw.go.jp/znk-web/juminkanja/S2430/initialize?prefCd=10&kikanCd=3100000457&kikanKbn=3", "url2": null, "内容": "坂井歯科医院【3:歯科】群馬県藤岡市藤岡４６－７" }, "geometry": { "type": "Point", "coordinates": [ 139.079961, 36.244682 ] } },
{ "type": "Feature", "properties": { "ID": 1033100000458, "正式名称": "里村歯科クリニック", "機関区分": 3, "都道府県コード": 10, "市区町村コード": 202, "所在地": "群馬県高崎市吉井町池１４８８－２", "緯度": 36.264068, "経度": 138.990856, "url": "https://www.iryou.teikyouseido.mhlw.go.jp/znk-web/juminkanja/S2430/initialize?prefCd=10&kikanCd=3100000458&kikanKbn=3", "url2": "http://satomura-dental-clinic.com/", "内容": "里村歯科クリニック【3:歯科】群馬県高崎市吉井町池１４８８－２" }, "geometry": { "type": "Point", "coordinates": [ 138.990856, 36.264068 ] } },
{ "type": "Feature", "properties": { "ID": 1033100000459, "正式名称": "設楽歯科医院", "機関区分": 3, "都道府県コード": 10, "市区町村コード": 202, "所在地": "群馬県高崎市吉井町長根２０８６－１２", "緯度": 36.250708, "経度": 138.972552, "url": "https://www.iryou.teikyouseido.mhlw.go.jp/znk-web/juminkanja/S2430/initialize?prefCd=10&kikanCd=3100000459&kikanKbn=3", "url2": null, "内容": "設楽歯科医院【3:歯科】群馬県高崎市吉井町長根２０８６－１２" }, "geometry": { "type": "Point", "coordinates": [ 138.972552, 36.250708 ] } },
{ "type": "Feature", "properties": { "ID": 1033100000460, "正式名称": "清水歯科医院", "機関区分": 3, "都道府県コード": 10, "市区町村コード": 209, "所在地": "群馬県藤岡市上栗須２９０－７", "緯度": 36.264763, "経度": 139.06685, "url": "https://www.iryou.teikyouseido.mhlw.go.jp/znk-web/juminkanja/S2430/initialize?prefCd=10&kikanCd=3100000460&kikanKbn=3", "url2": "http://www.myclinic.ne.jp/shimizu714/", "内容": "清水歯科医院【3:歯科】群馬県藤岡市上栗須２９０－７" }, "geometry": { "type": "Point", "coordinates": [ 139.06685, 36.264763 ] } },
{ "type": "Feature", "properties": { "ID": 1033100000462, "正式名称": "医療法人　志友会", "機関区分": 3, "都道府県コード": 10, "市区町村コード": 209, "所在地": "群馬県藤岡市下栗須", "緯度": 36.260764, "経度": 139.083071, "url": "https://www.iryou.teikyouseido.mhlw.go.jp/znk-web/juminkanja/S2430/initialize?prefCd=10&kikanCd=3100000462&kikanKbn=3", "url2": "http://www.chuoh-shika.com", "内容": "医療法人　志友会【3:歯科】群馬県藤岡市下栗須" }, "geometry": { "type": "Point", "coordinates": [ 139.083071, 36.260764 ] } },
{ "type": "Feature", "properties": { "ID": 1033100000463, "正式名称": "中島歯科医院", "機関区分": 3, "都道府県コード": 10, "市区町村コード": 209, "所在地": "群馬県藤岡市藤岡１１１", "緯度": 36.247238, "経度": 139.079377, "url": "https://www.iryou.teikyouseido.mhlw.go.jp/znk-web/juminkanja/S2430/initialize?prefCd=10&kikanCd=3100000463&kikanKbn=3", "url2": null, "内容": "中島歯科医院【3:歯科】群馬県藤岡市藤岡１１１" }, "geometry": { "type": "Point", "coordinates": [ 139.079377, 36.247238 ] } },
{ "type": "Feature", "properties": { "ID": 1033100000464, "正式名称": "医療法人中村歯科クリニック", "機関区分": 3, "都道府県コード": 10, "市区町村コード": 209, "所在地": "群馬県藤岡市中大塚２０２－５", "緯度": 36.251931, "経度": 139.063878, "url": "https://www.iryou.teikyouseido.mhlw.go.jp/znk-web/juminkanja/S2430/initialize?prefCd=10&kikanCd=3100000464&kikanKbn=3", "url2": null, "内容": "医療法人中村歯科クリニック【3:歯科】群馬県藤岡市中大塚２０２－５" }, "geometry": { "type": "Point", "coordinates": [ 139.063878, 36.251931 ] } },
{ "type": "Feature", "properties": { "ID": 1033100000465, "正式名称": "西泉歯科医院", "機関区分": 3, "都道府県コード": 10, "市区町村コード": 209, "所在地": "群馬県藤岡市上栗須４７－１", "緯度": 36.260431, "経度": 139.06885, "url": "https://www.iryou.teikyouseido.mhlw.go.jp/znk-web/juminkanja/S2430/initialize?prefCd=10&kikanCd=3100000465&kikanKbn=3", "url2": null, "内容": "西泉歯科医院【3:歯科】群馬県藤岡市上栗須４７－１" }, "geometry": { "type": "Point", "coordinates": [ 139.06885, 36.260431 ] } },
{ "type": "Feature", "properties": { "ID": 1033100000467, "正式名称": "医療法人海青会パールデンタルクリニック", "機関区分": 3, "都道府県コード": 10, "市区町村コード": 209, "所在地": "群馬県藤岡市藤岡８５８－２５", "緯度": 36.252404, "経度": 139.085876, "url": "https://www.iryou.teikyouseido.mhlw.go.jp/znk-web/juminkanja/S2430/initialize?prefCd=10&kikanCd=3100000467&kikanKbn=3", "url2": null, "内容": "医療法人海青会パールデンタルクリニック【3:歯科】群馬県藤岡市藤岡８５８－２５" }, "geometry": { "type": "Point", "coordinates": [ 139.085876, 36.252404 ] } },
{ "type": "Feature", "properties": { "ID": 1033100000468, "正式名称": "長谷川歯科クリニック", "機関区分": 3, "都道府県コード": 10, "市区町村コード": 202, "所在地": "群馬県高崎市吉井町矢田１３４－１", "緯度": 36.255069, "経度": 138.990217, "url": "https://www.iryou.teikyouseido.mhlw.go.jp/znk-web/juminkanja/S2430/initialize?prefCd=10&kikanCd=3100000468&kikanKbn=3", "url2": null, "内容": "長谷川歯科クリニック【3:歯科】群馬県高崎市吉井町矢田１３４－１" }, "geometry": { "type": "Point", "coordinates": [ 138.990217, 36.255069 ] } },
{ "type": "Feature", "properties": { "ID": 1033100000469, "正式名称": "服部歯科医院", "機関区分": 3, "都道府県コード": 10, "市区町村コード": 209, "所在地": "群馬県藤岡市鬼石４－１", "緯度": 36.155025, "経度": 139.059439, "url": "https://www.iryou.teikyouseido.mhlw.go.jp/znk-web/juminkanja/S2430/initialize?prefCd=10&kikanCd=3100000469&kikanKbn=3", "url2": null, "内容": "服部歯科医院【3:歯科】群馬県藤岡市鬼石４－１" }, "geometry": { "type": "Point", "coordinates": [ 139.059439, 36.155025 ] } },
{ "type": "Feature", "properties": { "ID": 1033100000470, "正式名称": "原歯科医院", "機関区分": 3, "都道府県コード": 10, "市区町村コード": 209, "所在地": "群馬県藤岡市藤岡", "緯度": 36.242516, "経度": 139.078127, "url": "https://www.iryou.teikyouseido.mhlw.go.jp/znk-web/juminkanja/S2430/initialize?prefCd=10&kikanCd=3100000470&kikanKbn=3", "url2": null, "内容": "原歯科医院【3:歯科】群馬県藤岡市藤岡" }, "geometry": { "type": "Point", "coordinates": [ 139.078127, 36.242516 ] } },
{ "type": "Feature", "properties": { "ID": 1033100000471, "正式名称": "医療法人ふじおか歯科クリニック", "機関区分": 3, "都道府県コード": 10, "市区町村コード": 209, "所在地": "群馬県藤岡市中栗須９０８－１", "緯度": 36.267402, "経度": 139.079182, "url": "https://www.iryou.teikyouseido.mhlw.go.jp/znk-web/juminkanja/S2430/initialize?prefCd=10&kikanCd=3100000471&kikanKbn=3", "url2": null, "内容": "医療法人ふじおか歯科クリニック【3:歯科】群馬県藤岡市中栗須９０８－１" }, "geometry": { "type": "Point", "coordinates": [ 139.079182, 36.267402 ] } },
{ "type": "Feature", "properties": { "ID": 1033100000472, "正式名称": "ほりぐち歯科医院", "機関区分": 3, "都道府県コード": 10, "市区町村コード": 209, "所在地": "群馬県藤岡市下栗須２５２－７", "緯度": 36.259709, "経度": 139.087181, "url": "https://www.iryou.teikyouseido.mhlw.go.jp/znk-web/juminkanja/S2430/initialize?prefCd=10&kikanCd=3100000472&kikanKbn=3", "url2": "http://www.horiguchisika.com/", "内容": "ほりぐち歯科医院【3:歯科】群馬県藤岡市下栗須２５２－７" }, "geometry": { "type": "Point", "coordinates": [ 139.087181, 36.259709 ] } },
{ "type": "Feature", "properties": { "ID": 1033100000473, "正式名称": "医療法人前田歯科医院", "機関区分": 3, "都道府県コード": 10, "市区町村コード": 209, "所在地": "群馬県藤岡市藤岡１４２", "緯度": 36.247154, "経度": 139.077183, "url": "https://www.iryou.teikyouseido.mhlw.go.jp/znk-web/juminkanja/S2430/initialize?prefCd=10&kikanCd=3100000473&kikanKbn=3", "url2": null, "内容": "医療法人前田歯科医院【3:歯科】群馬県藤岡市藤岡１４２" }, "geometry": { "type": "Point", "coordinates": [ 139.077183, 36.247154 ] } },
{ "type": "Feature", "properties": { "ID": 1033100000474, "正式名称": "松岡デンタルクリニック", "機関区分": 3, "都道府県コード": 10, "市区町村コード": 209, "所在地": "群馬県藤岡市上大塚２５８－１　ヴィラウィスタリア１Ｆ", "緯度": 36.240655, "経度": 139.060685, "url": "https://www.iryou.teikyouseido.mhlw.go.jp/znk-web/juminkanja/S2430/initialize?prefCd=10&kikanCd=3100000474&kikanKbn=3", "url2": "http://www.citydo.com/prf/gunma/guide/sg/220001487.html", "内容": "松岡デンタルクリニック【3:歯科】群馬県藤岡市上大塚２５８－１　ヴィラウィスタリア１Ｆ" }, "geometry": { "type": "Point", "coordinates": [ 139.060685, 36.240655 ] } },
{ "type": "Feature", "properties": { "ID": 1033100000475, "正式名称": "むらかわ歯科", "機関区分": 3, "都道府県コード": 10, "市区町村コード": 209, "所在地": "群馬県藤岡市中栗須２６９－１", "緯度": 36.261153, "経度": 139.07546, "url": "https://www.iryou.teikyouseido.mhlw.go.jp/znk-web/juminkanja/S2430/initialize?prefCd=10&kikanCd=3100000475&kikanKbn=3", "url2": null, "内容": "むらかわ歯科【3:歯科】群馬県藤岡市中栗須２６９－１" }, "geometry": { "type": "Point", "coordinates": [ 139.07546, 36.261153 ] } },
{ "type": "Feature", "properties": { "ID": 1033100000476, "正式名称": "茂木歯科医院", "機関区分": 3, "都道府県コード": 10, "市区町村コード": 209, "所在地": "群馬県藤岡市鮎川４２７－１", "緯度": 36.231989, "経度": 139.049547, "url": "https://www.iryou.teikyouseido.mhlw.go.jp/znk-web/juminkanja/S2430/initialize?prefCd=10&kikanCd=3100000476&kikanKbn=3", "url2": null, "内容": "茂木歯科医院【3:歯科】群馬県藤岡市鮎川４２７－１" }, "geometry": { "type": "Point", "coordinates": [ 139.049547, 36.231989 ] } },
{ "type": "Feature", "properties": { "ID": 1033100000477, "正式名称": "森歯科診療所", "機関区分": 3, "都道府県コード": 10, "市区町村コード": 209, "所在地": "群馬県藤岡市森４８８－３", "緯度": 36.27679, "経度": 139.076209, "url": "https://www.iryou.teikyouseido.mhlw.go.jp/znk-web/juminkanja/S2430/initialize?prefCd=10&kikanCd=3100000477&kikanKbn=3", "url2": null, "内容": "森歯科診療所【3:歯科】群馬県藤岡市森４８８－３" }, "geometry": { "type": "Point", "coordinates": [ 139.076209, 36.27679 ] } },
{ "type": "Feature", "properties": { "ID": 1033100000478, "正式名称": "やまぐち歯科医院", "機関区分": 3, "都道府県コード": 10, "市区町村コード": 202, "所在地": "群馬県高崎市吉井町小串", "緯度": 36.25593, "経度": 139.013132, "url": "https://www.iryou.teikyouseido.mhlw.go.jp/znk-web/juminkanja/S2430/initialize?prefCd=10&kikanCd=3100000478&kikanKbn=3", "url2": "http://www.shika-town.com/personal.php?pre=gunma&c=14003", "内容": "やまぐち歯科医院【3:歯科】群馬県高崎市吉井町小串" }, "geometry": { "type": "Point", "coordinates": [ 139.013132, 36.25593 ] } },
{ "type": "Feature", "properties": { "ID": 1033100000479, "正式名称": "医療法人　聖マリア会　リオ歯科クリニカ", "機関区分": 3, "都道府県コード": 10, "市区町村コード": 209, "所在地": "群馬県藤岡市立石５４０－４", "緯度": 36.280956, "経度": 139.081431, "url": "https://www.iryou.teikyouseido.mhlw.go.jp/znk-web/juminkanja/S2430/initialize?prefCd=10&kikanCd=3100000479&kikanKbn=3", "url2": "http://rio-shika.com/", "内容": "医療法人　聖マリア会　リオ歯科クリニカ【3:歯科】群馬県藤岡市立石５４０－４" }, "geometry": { "type": "Point", "coordinates": [ 139.081431, 36.280956 ] } },
{ "type": "Feature", "properties": { "ID": 1033100000480, "正式名称": "新井歯科医院", "機関区分": 3, "都道府県コード": 10, "市区町村コード": 210, "所在地": "群馬県富岡市七日市９１５", "緯度": 36.257539, "経度": 138.883115, "url": "https://www.iryou.teikyouseido.mhlw.go.jp/znk-web/juminkanja/S2430/initialize?prefCd=10&kikanCd=3100000480&kikanKbn=3", "url2": null, "内容": "新井歯科医院【3:歯科】群馬県富岡市七日市９１５" }, "geometry": { "type": "Point", "coordinates": [ 138.883115, 36.257539 ] } },
{ "type": "Feature", "properties": { "ID": 1033100000483, "正式名称": "イマイ歯科クリニック", "機関区分": 3, "都道府県コード": 10, "市区町村コード": 210, "所在地": "群馬県富岡市一ノ宮２８４－７", "緯度": 36.255789, "経度": 138.8672, "url": "https://www.iryou.teikyouseido.mhlw.go.jp/znk-web/juminkanja/S2430/initialize?prefCd=10&kikanCd=3100000483&kikanKbn=3", "url2": null, "内容": "イマイ歯科クリニック【3:歯科】群馬県富岡市一ノ宮２８４－７" }, "geometry": { "type": "Point", "coordinates": [ 138.8672, 36.255789 ] } },
{ "type": "Feature", "properties": { "ID": 1033100000485, "正式名称": "大貫歯科医院", "機関区分": 3, "都道府県コード": 10, "市区町村コード": 384, "所在地": "群馬県甘楽郡甘楽町善慶寺１３５３－２", "緯度": 36.237625, "経度": 138.90817, "url": "https://www.iryou.teikyouseido.mhlw.go.jp/znk-web/juminkanja/S2430/initialize?prefCd=10&kikanCd=3100000485&kikanKbn=3", "url2": "http://www.ohnuki-dental.com/", "内容": "大貫歯科医院【3:歯科】群馬県甘楽郡甘楽町善慶寺１３５３－２" }, "geometry": { "type": "Point", "coordinates": [ 138.90817, 36.237625 ] } },
{ "type": "Feature", "properties": { "ID": 1033100000486, "正式名称": "小澤歯科医院", "機関区分": 3, "都道府県コード": 10, "市区町村コード": 210, "所在地": "群馬県富岡市下高尾", "緯度": 36.281481, "経度": 138.911528, "url": "https://www.iryou.teikyouseido.mhlw.go.jp/znk-web/juminkanja/S2430/initialize?prefCd=10&kikanCd=3100000486&kikanKbn=3", "url2": null, "内容": "小澤歯科医院【3:歯科】群馬県富岡市下高尾" }, "geometry": { "type": "Point", "coordinates": [ 138.911528, 36.281481 ] } },
{ "type": "Feature", "properties": { "ID": 1033100000487, "正式名称": "おのざわ歯科医院", "機関区分": 3, "都道府県コード": 10, "市区町村コード": 210, "所在地": "群馬県富岡市下高瀬２０５－１", "緯度": 36.247707, "経度": 138.888393, "url": "https://www.iryou.teikyouseido.mhlw.go.jp/znk-web/juminkanja/S2430/initialize?prefCd=10&kikanCd=3100000487&kikanKbn=3", "url2": "onozawa-dc.jp", "内容": "おのざわ歯科医院【3:歯科】群馬県富岡市下高瀬２０５－１" }, "geometry": { "type": "Point", "coordinates": [ 138.888393, 36.247707 ] } },
{ "type": "Feature", "properties": { "ID": 1033100000488, "正式名称": "上條歯科医院", "機関区分": 3, "都道府県コード": 10, "市区町村コード": 384, "所在地": "群馬県甘楽郡甘楽町金井４３７－２", "緯度": 36.24993, "経度": 138.950527, "url": "https://www.iryou.teikyouseido.mhlw.go.jp/znk-web/juminkanja/S2430/initialize?prefCd=10&kikanCd=3100000488&kikanKbn=3", "url2": null, "内容": "上條歯科医院【3:歯科】群馬県甘楽郡甘楽町金井４３７－２" }, "geometry": { "type": "Point", "coordinates": [ 138.950527, 36.24993 ] } },
{ "type": "Feature", "properties": { "ID": 1033100000489, "正式名称": "かんら歯科医院", "機関区分": 3, "都道府県コード": 10, "市区町村コード": 384, "所在地": "群馬県甘楽郡甘楽町善慶寺１１９５－１", "緯度": 36.234125, "経度": 138.912919, "url": "https://www.iryou.teikyouseido.mhlw.go.jp/znk-web/juminkanja/S2430/initialize?prefCd=10&kikanCd=3100000489&kikanKbn=3", "url2": null, "内容": "かんら歯科医院【3:歯科】群馬県甘楽郡甘楽町善慶寺１１９５－１" }, "geometry": { "type": "Point", "coordinates": [ 138.912919, 36.234125 ] } },
{ "type": "Feature", "properties": { "ID": 1033100000490, "正式名称": "きたはら歯科医院", "機関区分": 3, "都道府県コード": 10, "市区町村コード": 384, "所在地": "群馬県甘楽郡甘楽町大字福島１３３７－１", "緯度": 36.250318, "経度": 138.92564, "url": "https://www.iryou.teikyouseido.mhlw.go.jp/znk-web/juminkanja/S2430/initialize?prefCd=10&kikanCd=3100000490&kikanKbn=3", "url2": "http://www.citydo.com/sp/0274-74-6487", "内容": "きたはら歯科医院【3:歯科】群馬県甘楽郡甘楽町大字福島１３３７－１" }, "geometry": { "type": "Point", "coordinates": [ 138.92564, 36.250318 ] } },
{ "type": "Feature", "properties": { "ID": 1033100000491, "正式名称": "黒沢歯科クリニック", "機関区分": 3, "都道府県コード": 10, "市区町村コード": 210, "所在地": "群馬県富岡市一ノ宮３５６－１", "緯度": 36.255983, "経度": 138.862895, "url": "https://www.iryou.teikyouseido.mhlw.go.jp/znk-web/juminkanja/S2430/initialize?prefCd=10&kikanCd=3100000491&kikanKbn=3", "url2": "http://www14.plala.or.jp/shika-kurosawa/", "内容": "黒沢歯科クリニック【3:歯科】群馬県富岡市一ノ宮３５６－１" }, "geometry": { "type": "Point", "coordinates": [ 138.862895, 36.255983 ] } },
{ "type": "Feature", "properties": { "ID": 1033100000493, "正式名称": "酒井歯科医院", "機関区分": 3, "都道府県コード": 10, "市区町村コード": 210, "所在地": "群馬県富岡市富岡富岡９８４", "緯度": 36.255984, "経度": 138.89592, "url": "https://www.iryou.teikyouseido.mhlw.go.jp/znk-web/juminkanja/S2430/initialize?prefCd=10&kikanCd=3100000493&kikanKbn=3", "url2": null, "内容": "酒井歯科医院【3:歯科】群馬県富岡市富岡富岡９８４" }, "geometry": { "type": "Point", "coordinates": [ 138.89592, 36.255984 ] } },
{ "type": "Feature", "properties": { "ID": 1033100000494, "正式名称": "ゆう歯科クリニック", "機関区分": 3, "都道府県コード": 10, "市区町村コード": 382, "所在地": "群馬県甘楽郡下仁田町下仁田３３７ー８", "緯度": 36.21182, "経度": 138.782515, "url": "https://www.iryou.teikyouseido.mhlw.go.jp/znk-web/juminkanja/S2430/initialize?prefCd=10&kikanCd=3100000494&kikanKbn=3", "url2": "http://yu-dental.byoinnavi.jp/", "内容": "ゆう歯科クリニック【3:歯科】群馬県甘楽郡下仁田町下仁田３３７ー８" }, "geometry": { "type": "Point", "coordinates": [ 138.782515, 36.21182 ] } },
{ "type": "Feature", "properties": { "ID": 1033100000495, "正式名称": "すずき歯科医院", "機関区分": 3, "都道府県コード": 10, "市区町村コード": 210, "所在地": "群馬県富岡市七日市１５８３－１", "緯度": 36.257703, "経度": 138.87677, "url": "https://www.iryou.teikyouseido.mhlw.go.jp/znk-web/juminkanja/S2430/initialize?prefCd=10&kikanCd=3100000495&kikanKbn=3", "url2": null, "内容": "すずき歯科医院【3:歯科】群馬県富岡市七日市１５８３－１" }, "geometry": { "type": "Point", "coordinates": [ 138.87677, 36.257703 ] } },
{ "type": "Feature", "properties": { "ID": 1033100000496, "正式名称": "曽根歯科医院", "機関区分": 3, "都道府県コード": 10, "市区町村コード": 210, "所在地": "群馬県富岡市富岡１２５８－２", "緯度": 36.258122, "経度": 138.902586, "url": "https://www.iryou.teikyouseido.mhlw.go.jp/znk-web/juminkanja/S2430/initialize?prefCd=10&kikanCd=3100000496&kikanKbn=3", "url2": null, "内容": "曽根歯科医院【3:歯科】群馬県富岡市富岡１２５８－２" }, "geometry": { "type": "Point", "coordinates": [ 138.902586, 36.258122 ] } },
{ "type": "Feature", "properties": { "ID": 1033100000499, "正式名称": "富岡甘楽歯科医師会口腔保健センター診療所", "機関区分": 3, "都道府県コード": 10, "市区町村コード": 210, "所在地": "群馬県富岡市七日市６４０－１", "緯度": 36.258983, "経度": 138.884032, "url": "https://www.iryou.teikyouseido.mhlw.go.jp/znk-web/juminkanja/S2430/initialize?prefCd=10&kikanCd=3100000499&kikanKbn=3", "url2": "http://www.tkda.jp/index.htm", "内容": "富岡甘楽歯科医師会口腔保健センター診療所【3:歯科】群馬県富岡市七日市６４０－１" }, "geometry": { "type": "Point", "coordinates": [ 138.884032, 36.258983 ] } },
{ "type": "Feature", "properties": { "ID": 1033100000501, "正式名称": "中町守谷歯科", "機関区分": 3, "都道府県コード": 10, "市区町村コード": 210, "所在地": "群馬県富岡市富岡", "緯度": 36.255789, "経度": 138.895698, "url": "https://www.iryou.teikyouseido.mhlw.go.jp/znk-web/juminkanja/S2430/initialize?prefCd=10&kikanCd=3100000501&kikanKbn=3", "url2": null, "内容": "中町守谷歯科【3:歯科】群馬県富岡市富岡" }, "geometry": { "type": "Point", "coordinates": [ 138.895698, 36.255789 ] } },
{ "type": "Feature", "properties": { "ID": 1033100000502, "正式名称": "医療法人ＳＡＫＵＲＡ会　西富岡歯科医院", "機関区分": 3, "都道府県コード": 10, "市区町村コード": 210, "所在地": "群馬県富岡市七日市６５７", "緯度": 36.259122, "経度": 138.884365, "url": "https://www.iryou.teikyouseido.mhlw.go.jp/znk-web/juminkanja/S2430/initialize?prefCd=10&kikanCd=3100000502&kikanKbn=3", "url2": "https://www.nishitomioka-dental-clinic.com/", "内容": "医療法人ＳＡＫＵＲＡ会　西富岡歯科医院【3:歯科】群馬県富岡市七日市６５７" }, "geometry": { "type": "Point", "coordinates": [ 138.884365, 36.259122 ] } },
{ "type": "Feature", "properties": { "ID": 1033100000503, "正式名称": "萩原歯科医院", "機関区分": 3, "都道府県コード": 10, "市区町村コード": 210, "所在地": "群馬県富岡市富岡１４２４－４", "緯度": 36.259039, "経度": 138.892392, "url": "https://www.iryou.teikyouseido.mhlw.go.jp/znk-web/juminkanja/S2430/initialize?prefCd=10&kikanCd=3100000503&kikanKbn=3", "url2": null, "内容": "萩原歯科医院【3:歯科】群馬県富岡市富岡１４２４－４" }, "geometry": { "type": "Point", "coordinates": [ 138.892392, 36.259039 ] } },
{ "type": "Feature", "properties": { "ID": 1033100000504, "正式名称": "萩原歯科医院", "機関区分": 3, "都道府県コード": 10, "市区町村コード": 384, "所在地": "群馬県甘楽郡甘楽町上野３０７３－１", "緯度": 36.225959, "経度": 138.926724, "url": "https://www.iryou.teikyouseido.mhlw.go.jp/znk-web/juminkanja/S2430/initialize?prefCd=10&kikanCd=3100000504&kikanKbn=3", "url2": null, "内容": "萩原歯科医院【3:歯科】群馬県甘楽郡甘楽町上野３０７３－１" }, "geometry": { "type": "Point", "coordinates": [ 138.926724, 36.225959 ] } },
{ "type": "Feature", "properties": { "ID": 1033100000505, "正式名称": "松坂歯科医院", "機関区分": 3, "都道府県コード": 10, "市区町村コード": 210, "所在地": "群馬県富岡市富岡乙８７", "緯度": 36.254484, "経度": 138.89117, "url": "https://www.iryou.teikyouseido.mhlw.go.jp/znk-web/juminkanja/S2430/initialize?prefCd=10&kikanCd=3100000505&kikanKbn=3", "url2": null, "内容": "松坂歯科医院【3:歯科】群馬県富岡市富岡乙８７" }, "geometry": { "type": "Point", "coordinates": [ 138.89117, 36.254484 ] } },
{ "type": "Feature", "properties": { "ID": 1033100000506, "正式名称": "峯岸歯科医院", "機関区分": 3, "都道府県コード": 10, "市区町村コード": 210, "所在地": "群馬県富岡市富岡乙１０８６", "緯度": 36.257646, "経度": 138.887275, "url": "https://www.iryou.teikyouseido.mhlw.go.jp/znk-web/juminkanja/S2430/initialize?prefCd=10&kikanCd=3100000506&kikanKbn=3", "url2": null, "内容": "峯岸歯科医院【3:歯科】群馬県富岡市富岡乙１０８６" }, "geometry": { "type": "Point", "coordinates": [ 138.887275, 36.257646 ] } },
{ "type": "Feature", "properties": { "ID": 1033100000507, "正式名称": "もぎ歯科クリニック", "機関区分": 3, "都道府県コード": 10, "市区町村コード": 210, "所在地": "群馬県富岡市一ノ宮１３４６－１", "緯度": 36.251817, "経度": 138.857784, "url": "https://www.iryou.teikyouseido.mhlw.go.jp/znk-web/juminkanja/S2430/initialize?prefCd=10&kikanCd=3100000507&kikanKbn=3", "url2": null, "内容": "もぎ歯科クリニック【3:歯科】群馬県富岡市一ノ宮１３４６－１" }, "geometry": { "type": "Point", "coordinates": [ 138.857784, 36.251817 ] } },
{ "type": "Feature", "properties": { "ID": 1033100000509, "正式名称": "よしむね歯科医院", "機関区分": 3, "都道府県コード": 10, "市区町村コード": 210, "所在地": "群馬県富岡市富岡１４６４－１０", "緯度": 36.259428, "経度": 138.890226, "url": "https://www.iryou.teikyouseido.mhlw.go.jp/znk-web/juminkanja/S2430/initialize?prefCd=10&kikanCd=3100000509&kikanKbn=3", "url2": "http://www.yoshimuneshika.com", "内容": "よしむね歯科医院【3:歯科】群馬県富岡市富岡１４６４－１０" }, "geometry": { "type": "Point", "coordinates": [ 138.890226, 36.259428 ] } },
{ "type": "Feature", "properties": { "ID": 1033100000511, "正式名称": "蟻川歯科医院", "機関区分": 3, "都道府県コード": 10, "市区町村コード": 421, "所在地": "群馬県吾妻郡中之条町中之条町９５０", "緯度": 36.588225, "経度": 138.843103, "url": "https://www.iryou.teikyouseido.mhlw.go.jp/znk-web/juminkanja/S2430/initialize?prefCd=10&kikanCd=3100000511&kikanKbn=3", "url2": null, "内容": "蟻川歯科医院【3:歯科】群馬県吾妻郡中之条町中之条町９５０" }, "geometry": { "type": "Point", "coordinates": [ 138.843103, 36.588225 ] } },
{ "type": "Feature", "properties": { "ID": 1033100000512, "正式名称": "安斉歯科医院", "機関区分": 3, "都道府県コード": 10, "市区町村コード": 425, "所在地": "群馬県吾妻郡嬬恋村三原１８５", "緯度": 36.533864, "経度": 138.549325, "url": "https://www.iryou.teikyouseido.mhlw.go.jp/znk-web/juminkanja/S2430/initialize?prefCd=10&kikanCd=3100000512&kikanKbn=3", "url2": null, "内容": "安斉歯科医院【3:歯科】群馬県吾妻郡嬬恋村三原１８５" }, "geometry": { "type": "Point", "coordinates": [ 138.549325, 36.533864 ] } },
{ "type": "Feature", "properties": { "ID": 1033100000513, "正式名称": "えきなん歯科クリニック", "機関区分": 3, "都道府県コード": 10, "市区町村コード": 421, "所在地": "群馬県吾妻郡中之条町伊勢町１６ー１０", "緯度": 36.582476, "経度": 138.852797, "url": "https://www.iryou.teikyouseido.mhlw.go.jp/znk-web/juminkanja/S2430/initialize?prefCd=10&kikanCd=3100000513&kikanKbn=3", "url2": null, "内容": "えきなん歯科クリニック【3:歯科】群馬県吾妻郡中之条町伊勢町１６ー１０" }, "geometry": { "type": "Point", "coordinates": [ 138.852797, 36.582476 ] } },
{ "type": "Feature", "properties": { "ID": 1033100000514, "正式名称": "大島歯科医院", "機関区分": 3, "都道府県コード": 10, "市区町村コード": 425, "所在地": "群馬県吾妻郡嬬恋村大前１", "緯度": 36.51881, "経度": 138.532354, "url": "https://www.iryou.teikyouseido.mhlw.go.jp/znk-web/juminkanja/S2430/initialize?prefCd=10&kikanCd=3100000514&kikanKbn=3", "url2": null, "内容": "大島歯科医院【3:歯科】群馬県吾妻郡嬬恋村大前１" }, "geometry": { "type": "Point", "coordinates": [ 138.532354, 36.51881 ] } },
{ "type": "Feature", "properties": { "ID": 1033100000517, "正式名称": "かわごえデンタルクリニック", "機関区分": 3, "都道府県コード": 10, "市区町村コード": 421, "所在地": "群馬県吾妻郡中之条町伊勢町９５１－７", "緯度": 36.58742, "経度": 138.852658, "url": "https://www.iryou.teikyouseido.mhlw.go.jp/znk-web/juminkanja/S2430/initialize?prefCd=10&kikanCd=3100000517&kikanKbn=3", "url2": "http://www.kawagoedc.com/", "内容": "かわごえデンタルクリニック【3:歯科】群馬県吾妻郡中之条町伊勢町９５１－７" }, "geometry": { "type": "Point", "coordinates": [ 138.852658, 36.58742 ] } },
{ "type": "Feature", "properties": { "ID": 1033100000518, "正式名称": "神辺歯科医院", "機関区分": 3, "都道府県コード": 10, "市区町村コード": 429, "所在地": "群馬県吾妻郡東吾妻町原町５０６１", "緯度": 36.571393, "経度": 138.821745, "url": "https://www.iryou.teikyouseido.mhlw.go.jp/znk-web/juminkanja/S2430/initialize?prefCd=10&kikanCd=3100000518&kikanKbn=3", "url2": null, "内容": "神辺歯科医院【3:歯科】群馬県吾妻郡東吾妻町原町５０６１" }, "geometry": { "type": "Point", "coordinates": [ 138.821745, 36.571393 ] } },
{ "type": "Feature", "properties": { "ID": 1033100000519, "正式名称": "草津歯科医院", "機関区分": 3, "都道府県コード": 10, "市区町村コード": 426, "所在地": "群馬県吾妻郡草津町草津４４２－４", "緯度": 36.615495, "経度": 138.597122, "url": "https://www.iryou.teikyouseido.mhlw.go.jp/znk-web/juminkanja/S2430/initialize?prefCd=10&kikanCd=3100000519&kikanKbn=3", "url2": null, "内容": "草津歯科医院【3:歯科】群馬県吾妻郡草津町草津４４２－４" }, "geometry": { "type": "Point", "coordinates": [ 138.597122, 36.615495 ] } },
{ "type": "Feature", "properties": { "ID": 1033100000520, "正式名称": "木暮歯科医院", "機関区分": 3, "都道府県コード": 10, "市区町村コード": 421, "所在地": "群馬県吾妻郡中之条町中之条町９３０", "緯度": 36.588641, "経度": 138.841576, "url": "https://www.iryou.teikyouseido.mhlw.go.jp/znk-web/juminkanja/S2430/initialize?prefCd=10&kikanCd=3100000520&kikanKbn=3", "url2": null, "内容": "木暮歯科医院【3:歯科】群馬県吾妻郡中之条町中之条町９３０" }, "geometry": { "type": "Point", "coordinates": [ 138.841576, 36.588641 ] } },
{ "type": "Feature", "properties": { "ID": 1033100000521, "正式名称": "斎木歯科医院", "機関区分": 3, "都道府県コード": 10, "市区町村コード": 421, "所在地": "群馬県吾妻郡中之条町伊勢町６９９－１４", "緯度": 36.586003, "経度": 138.855325, "url": "https://www.iryou.teikyouseido.mhlw.go.jp/znk-web/juminkanja/S2430/initialize?prefCd=10&kikanCd=3100000521&kikanKbn=3", "url2": null, "内容": "斎木歯科医院【3:歯科】群馬県吾妻郡中之条町伊勢町６９９－１４" }, "geometry": { "type": "Point", "coordinates": [ 138.855325, 36.586003 ] } },
{ "type": "Feature", "properties": { "ID": 1033100000522, "正式名称": "芝歯科医院", "機関区分": 3, "都道府県コード": 10, "市区町村コード": 426, "所在地": "群馬県吾妻郡草津町草津", "緯度": 36.625328, "経度": 138.600622, "url": "https://www.iryou.teikyouseido.mhlw.go.jp/znk-web/juminkanja/S2430/initialize?prefCd=10&kikanCd=3100000522&kikanKbn=3", "url2": null, "内容": "芝歯科医院【3:歯科】群馬県吾妻郡草津町草津" }, "geometry": { "type": "Point", "coordinates": [ 138.600622, 36.625328 ] } },
{ "type": "Feature", "properties": { "ID": 1033100000523, "正式名称": "松山歯科医院", "機関区分": 3, "都道府県コード": 10, "市区町村コード": 428, "所在地": "群馬県吾妻郡高山村中山", "緯度": 36.624612, "経度": 138.957037, "url": "https://www.iryou.teikyouseido.mhlw.go.jp/znk-web/juminkanja/S2430/initialize?prefCd=10&kikanCd=3100000523&kikanKbn=3", "url2": null, "内容": "松山歯科医院【3:歯科】群馬県吾妻郡高山村中山" }, "geometry": { "type": "Point", "coordinates": [ 138.957037, 36.624612 ] } },
{ "type": "Feature", "properties": { "ID": 1033100000524, "正式名称": "医療法人平静会　外丸歯科医院", "機関区分": 3, "都道府県コード": 10, "市区町村コード": 429, "所在地": "群馬県吾妻郡東吾妻町岩下２１４", "緯度": 36.557421, "経度": 138.770666, "url": "https://www.iryou.teikyouseido.mhlw.go.jp/znk-web/juminkanja/S2430/initialize?prefCd=10&kikanCd=3100000524&kikanKbn=3", "url2": "https://www.tomarushika.jp", "内容": "医療法人平静会　外丸歯科医院【3:歯科】群馬県吾妻郡東吾妻町岩下２１４" }, "geometry": { "type": "Point", "coordinates": [ 138.770666, 36.557421 ] } },
{ "type": "Feature", "properties": { "ID": 1033100000525, "正式名称": "萩原歯科医院", "機関区分": 3, "都道府県コード": 10, "市区町村コード": 424, "所在地": "群馬県吾妻郡長野原町長野原１２７５－９", "緯度": 36.545226, "経度": 138.652066, "url": "https://www.iryou.teikyouseido.mhlw.go.jp/znk-web/juminkanja/S2430/initialize?prefCd=10&kikanCd=3100000525&kikanKbn=3", "url2": null, "内容": "萩原歯科医院【3:歯科】群馬県吾妻郡長野原町長野原１２７５－９" }, "geometry": { "type": "Point", "coordinates": [ 138.652066, 36.545226 ] } },
{ "type": "Feature", "properties": { "ID": 1033100000526, "正式名称": "びさいじデンタルクリニック", "機関区分": 3, "都道府県コード": 10, "市区町村コード": 425, "所在地": "群馬県吾妻郡嬬恋村大前５０－１", "緯度": 36.514866, "経度": 138.527105, "url": "https://www.iryou.teikyouseido.mhlw.go.jp/znk-web/juminkanja/S2430/initialize?prefCd=10&kikanCd=3100000526&kikanKbn=3", "url2": null, "内容": "びさいじデンタルクリニック【3:歯科】群馬県吾妻郡嬬恋村大前５０－１" }, "geometry": { "type": "Point", "coordinates": [ 138.527105, 36.514866 ] } },
{ "type": "Feature", "properties": { "ID": 1033100000528, "正式名称": "望月歯科医院", "機関区分": 3, "都道府県コード": 10, "市区町村コード": 421, "所在地": "群馬県吾妻郡中之条町中之条町８５８", "緯度": 36.587891, "経度": 138.838437, "url": "https://www.iryou.teikyouseido.mhlw.go.jp/znk-web/juminkanja/S2430/initialize?prefCd=10&kikanCd=3100000528&kikanKbn=3", "url2": null, "内容": "望月歯科医院【3:歯科】群馬県吾妻郡中之条町中之条町８５８" }, "geometry": { "type": "Point", "coordinates": [ 138.838437, 36.587891 ] } },
{ "type": "Feature", "properties": { "ID": 1033100000531, "正式名称": "浅沼歯科医院", "機関区分": 3, "都道府県コード": 10, "市区町村コード": 206, "所在地": "群馬県沼田市東倉内町２２５", "緯度": 36.646944, "経度": 139.047111, "url": "https://www.iryou.teikyouseido.mhlw.go.jp/znk-web/juminkanja/S2430/initialize?prefCd=10&kikanCd=3100000531&kikanKbn=3", "url2": "http://www.citydo.com/sp/0278-22-2862", "内容": "浅沼歯科医院【3:歯科】群馬県沼田市東倉内町２２５" }, "geometry": { "type": "Point", "coordinates": [ 139.047111, 36.646944 ] } },
{ "type": "Feature", "properties": { "ID": 1033100000532, "正式名称": "旭ヶ丘歯科医院", "機関区分": 3, "都道府県コード": 10, "市区町村コード": 206, "所在地": "群馬県沼田市坊新田町１２５０－３６", "緯度": 36.640084, "経度": 139.047889, "url": "https://www.iryou.teikyouseido.mhlw.go.jp/znk-web/juminkanja/S2430/initialize?prefCd=10&kikanCd=3100000532&kikanKbn=3", "url2": null, "内容": "旭ヶ丘歯科医院【3:歯科】群馬県沼田市坊新田町１２５０－３６" }, "geometry": { "type": "Point", "coordinates": [ 139.047889, 36.640084 ] } },
{ "type": "Feature", "properties": { "ID": 1033100000533, "正式名称": "石原歯科医院", "機関区分": 3, "都道府県コード": 10, "市区町村コード": 206, "所在地": "群馬県沼田市柳町２５２７－３", "緯度": 36.652027, "経度": 139.043139, "url": "https://www.iryou.teikyouseido.mhlw.go.jp/znk-web/juminkanja/S2430/initialize?prefCd=10&kikanCd=3100000533&kikanKbn=3", "url2": "http://www.ishihara-dent.jp", "内容": "石原歯科医院【3:歯科】群馬県沼田市柳町２５２７－３" }, "geometry": { "type": "Point", "coordinates": [ 139.043139, 36.652027 ] } },
{ "type": "Feature", "properties": { "ID": 1033100000535, "正式名称": "医療法人今成歯科医院", "機関区分": 3, "都道府県コード": 10, "市区町村コード": 448, "所在地": "群馬県利根郡昭和村糸井３８１", "緯度": 36.638584, "経度": 139.066082, "url": "https://www.iryou.teikyouseido.mhlw.go.jp/znk-web/juminkanja/S2430/initialize?prefCd=10&kikanCd=3100000535&kikanKbn=3", "url2": null, "内容": "医療法人今成歯科医院【3:歯科】群馬県利根郡昭和村糸井３８１" }, "geometry": { "type": "Point", "coordinates": [ 139.066082, 36.638584 ] } },
{ "type": "Feature", "properties": { "ID": 1033100000536, "正式名称": "医療法人勅使河原歯科診療所", "機関区分": 3, "都道府県コード": 10, "市区町村コード": 206, "所在地": "群馬県沼田市高橋場町２１４７－９", "緯度": 36.652444, "経度": 139.052583, "url": "https://www.iryou.teikyouseido.mhlw.go.jp/znk-web/juminkanja/S2430/initialize?prefCd=10&kikanCd=3100000536&kikanKbn=3", "url2": null, "内容": "医療法人勅使河原歯科診療所【3:歯科】群馬県沼田市高橋場町２１４７－９" }, "geometry": { "type": "Point", "coordinates": [ 139.052583, 36.652444 ] } },
{ "type": "Feature", "properties": { "ID": 1033100000537, "正式名称": "うえだ歯科医院", "機関区分": 3, "都道府県コード": 10, "市区町村コード": 206, "所在地": "群馬県沼田市白沢町高平", "緯度": 36.662333, "経度": 139.132715, "url": "https://www.iryou.teikyouseido.mhlw.go.jp/znk-web/juminkanja/S2430/initialize?prefCd=10&kikanCd=3100000537&kikanKbn=3", "url2": null, "内容": "うえだ歯科医院【3:歯科】群馬県沼田市白沢町高平" }, "geometry": { "type": "Point", "coordinates": [ 139.132715, 36.662333 ] } },
{ "type": "Feature", "properties": { "ID": 1033100000538, "正式名称": "薄根歯科医院", "機関区分": 3, "都道府県コード": 10, "市区町村コード": 206, "所在地": "群馬県沼田市薄根町３３１０－５", "緯度": 36.64325, "経度": 139.031613, "url": "https://www.iryou.teikyouseido.mhlw.go.jp/znk-web/juminkanja/S2430/initialize?prefCd=10&kikanCd=3100000538&kikanKbn=3", "url2": "http://www5.kannet.ne.jp/~usune-dc/", "内容": "薄根歯科医院【3:歯科】群馬県沼田市薄根町３３１０－５" }, "geometry": { "type": "Point", "coordinates": [ 139.031613, 36.64325 ] } },
{ "type": "Feature", "properties": { "ID": 1033100000539, "正式名称": "内田歯科医院", "機関区分": 3, "都道府県コード": 10, "市区町村コード": 206, "所在地": "群馬県沼田市井土上町７７９－８", "緯度": 36.658193, "経度": 139.027946, "url": "https://www.iryou.teikyouseido.mhlw.go.jp/znk-web/juminkanja/S2430/initialize?prefCd=10&kikanCd=3100000539&kikanKbn=3", "url2": null, "内容": "内田歯科医院【3:歯科】群馬県沼田市井土上町７７９－８" }, "geometry": { "type": "Point", "coordinates": [ 139.027946, 36.658193 ] } },
{ "type": "Feature", "properties": { "ID": 1033100000540, "正式名称": "片野歯科医院", "機関区分": 3, "都道府県コード": 10, "市区町村コード": 449, "所在地": "群馬県利根郡みなかみ町湯宿温泉５１２－３", "緯度": 36.698154, "経度": 138.91403, "url": "https://www.iryou.teikyouseido.mhlw.go.jp/znk-web/juminkanja/S2430/initialize?prefCd=10&kikanCd=3100000540&kikanKbn=3", "url2": "https://www3.kannet.ne.jp/~katano-dc/", "内容": "片野歯科医院【3:歯科】群馬県利根郡みなかみ町湯宿温泉５１２－３" }, "geometry": { "type": "Point", "coordinates": [ 138.91403, 36.698154 ] } },
{ "type": "Feature", "properties": { "ID": 1033100000542, "正式名称": "かまた歯科医院", "機関区分": 3, "都道府県コード": 10, "市区町村コード": 443, "所在地": "群馬県利根郡片品村鎌田４００５", "緯度": 36.771295, "経度": 139.227841, "url": "https://www.iryou.teikyouseido.mhlw.go.jp/znk-web/juminkanja/S2430/initialize?prefCd=10&kikanCd=3100000542&kikanKbn=3", "url2": null, "内容": "かまた歯科医院【3:歯科】群馬県利根郡片品村鎌田４００５" }, "geometry": { "type": "Point", "coordinates": [ 139.227841, 36.771295 ] } },
{ "type": "Feature", "properties": { "ID": 1033100000543, "正式名称": "櫛淵歯科医院", "機関区分": 3, "都道府県コード": 10, "市区町村コード": 206, "所在地": "群馬県沼田市西原新町", "緯度": 36.647222, "経度": 139.052139, "url": "https://www.iryou.teikyouseido.mhlw.go.jp/znk-web/juminkanja/S2430/initialize?prefCd=10&kikanCd=3100000543&kikanKbn=3", "url2": null, "内容": "櫛淵歯科医院【3:歯科】群馬県沼田市西原新町" }, "geometry": { "type": "Point", "coordinates": [ 139.052139, 36.647222 ] } },
{ "type": "Feature", "properties": { "ID": 1033100000544, "正式名称": "倉品歯科医院", "機関区分": 3, "都道府県コード": 10, "市区町村コード": 449, "所在地": "群馬県利根郡みなかみ町川上２０−２０", "緯度": 36.761931, "経度": 138.968724, "url": "https://www.iryou.teikyouseido.mhlw.go.jp/znk-web/juminkanja/S2430/initialize?prefCd=10&kikanCd=3100000544&kikanKbn=3", "url2": null, "内容": "倉品歯科医院【3:歯科】群馬県利根郡みなかみ町川上２０−２０" }, "geometry": { "type": "Point", "coordinates": [ 138.968724, 36.761931 ] } },
{ "type": "Feature", "properties": { "ID": 1033100000547, "正式名称": "関歯科医院", "機関区分": 3, "都道府県コード": 10, "市区町村コード": 449, "所在地": "群馬県利根郡みなかみ町月夜野５３８", "緯度": 36.682551, "経度": 138.993198, "url": "https://www.iryou.teikyouseido.mhlw.go.jp/znk-web/juminkanja/S2430/initialize?prefCd=10&kikanCd=3100000547&kikanKbn=3", "url2": null, "内容": "関歯科医院【3:歯科】群馬県利根郡みなかみ町月夜野５３８" }, "geometry": { "type": "Point", "coordinates": [ 138.993198, 36.682551 ] } },
{ "type": "Feature", "properties": { "ID": 1033100000548, "正式名称": "高橋歯科医院", "機関区分": 3, "都道府県コード": 10, "市区町村コード": 206, "所在地": "群馬県沼田市西倉内町８０９", "緯度": 36.645167, "経度": 139.042917, "url": "https://www.iryou.teikyouseido.mhlw.go.jp/znk-web/juminkanja/S2430/initialize?prefCd=10&kikanCd=3100000548&kikanKbn=3", "url2": "http://www.dental-takahashi.jp/", "内容": "高橋歯科医院【3:歯科】群馬県沼田市西倉内町８０９" }, "geometry": { "type": "Point", "coordinates": [ 139.042917, 36.645167 ] } },
{ "type": "Feature", "properties": { "ID": 1033100000549, "正式名称": "勅使河原歯科医院", "機関区分": 3, "都道府県コード": 10, "市区町村コード": 206, "所在地": "群馬県沼田市下之町３０７１", "緯度": 36.644083, "経度": 139.039807, "url": "https://www.iryou.teikyouseido.mhlw.go.jp/znk-web/juminkanja/S2430/initialize?prefCd=10&kikanCd=3100000549&kikanKbn=3", "url2": null, "内容": "勅使河原歯科医院【3:歯科】群馬県沼田市下之町３０７１" }, "geometry": { "type": "Point", "coordinates": [ 139.039807, 36.644083 ] } },
{ "type": "Feature", "properties": { "ID": 1033100000550, "正式名称": "利根保健生活協同組合　利根歯科診療所", "機関区分": 3, "都道府県コード": 10, "市区町村コード": 206, "所在地": "群馬県沼田市高橋場町２００２－１", "緯度": 36.651777, "経度": 139.053805, "url": "https://www.iryou.teikyouseido.mhlw.go.jp/znk-web/juminkanja/S2430/initialize?prefCd=10&kikanCd=3100000550&kikanKbn=3", "url2": "https://www.tonehoken.or.jp/toneshika/", "内容": "利根保健生活協同組合　利根歯科診療所【3:歯科】群馬県沼田市高橋場町２００２－１" }, "geometry": { "type": "Point", "coordinates": [ 139.053805, 36.651777 ] } },
{ "type": "Feature", "properties": { "ID": 1033100000552, "正式名称": "トミザワ歯科クリニック", "機関区分": 3, "都道府県コード": 10, "市区町村コード": 206, "所在地": "群馬県沼田市横塚町２２１４－１", "緯度": 36.658999, "経度": 139.074997, "url": "https://www.iryou.teikyouseido.mhlw.go.jp/znk-web/juminkanja/S2430/initialize?prefCd=10&kikanCd=3100000552&kikanKbn=3", "url2": "https://www.tomizawadc.com", "内容": "トミザワ歯科クリニック【3:歯科】群馬県沼田市横塚町２２１４－１" }, "geometry": { "type": "Point", "coordinates": [ 139.074997, 36.658999 ] } },
{ "type": "Feature", "properties": { "ID": 1033100000553, "正式名称": "永井歯科", "機関区分": 3, "都道府県コード": 10, "市区町村コード": 444, "所在地": "群馬県利根郡川場村谷地２０７４－１", "緯度": 36.696523, "経度": 139.107743, "url": "https://www.iryou.teikyouseido.mhlw.go.jp/znk-web/juminkanja/S2430/initialize?prefCd=10&kikanCd=3100000553&kikanKbn=3", "url2": "http://nagaisika.o.oo7.jp/", "内容": "永井歯科【3:歯科】群馬県利根郡川場村谷地２０７４－１" }, "geometry": { "type": "Point", "coordinates": [ 139.107743, 36.696523 ] } },
{ "type": "Feature", "properties": { "ID": 1033100000554, "正式名称": "パール歯科クリニック", "機関区分": 3, "都道府県コード": 10, "市区町村コード": 206, "所在地": "群馬県沼田市横塚町１１８５－４", "緯度": 36.662416, "経度": 139.08383, "url": "https://www.iryou.teikyouseido.mhlw.go.jp/znk-web/juminkanja/S2430/initialize?prefCd=10&kikanCd=3100000554&kikanKbn=3", "url2": null, "内容": "パール歯科クリニック【3:歯科】群馬県沼田市横塚町１１８５－４" }, "geometry": { "type": "Point", "coordinates": [ 139.08383, 36.662416 ] } },
{ "type": "Feature", "properties": { "ID": 1033100000556, "正式名称": "ファミリー歯科医院", "機関区分": 3, "都道府県コード": 10, "市区町村コード": 449, "所在地": "群馬県利根郡みなかみ町真庭２８７－１", "緯度": 36.673996, "経度": 139.006752, "url": "https://www.iryou.teikyouseido.mhlw.go.jp/znk-web/juminkanja/S2430/initialize?prefCd=10&kikanCd=3100000556&kikanKbn=3", "url2": null, "内容": "ファミリー歯科医院【3:歯科】群馬県利根郡みなかみ町真庭２８７－１" }, "geometry": { "type": "Point", "coordinates": [ 139.006752, 36.673996 ] } },
{ "type": "Feature", "properties": { "ID": 1033100000557, "正式名称": "宮下歯科医院", "機関区分": 3, "都道府県コード": 10, "市区町村コード": 206, "所在地": "群馬県沼田市下之町８９４", "緯度": 36.643611, "経度": 139.042112, "url": "https://www.iryou.teikyouseido.mhlw.go.jp/znk-web/juminkanja/S2430/initialize?prefCd=10&kikanCd=3100000557&kikanKbn=3", "url2": null, "内容": "宮下歯科医院【3:歯科】群馬県沼田市下之町８９４" }, "geometry": { "type": "Point", "coordinates": [ 139.042112, 36.643611 ] } },
{ "type": "Feature", "properties": { "ID": 1033100000558, "正式名称": "宮下歯科医院", "機関区分": 3, "都道府県コード": 10, "市区町村コード": 206, "所在地": "群馬県沼田市材木町４３－２１", "緯度": 36.646028, "経度": 139.050472, "url": "https://www.iryou.teikyouseido.mhlw.go.jp/znk-web/juminkanja/S2430/initialize?prefCd=10&kikanCd=3100000558&kikanKbn=3", "url2": null, "内容": "宮下歯科医院【3:歯科】群馬県沼田市材木町４３－２１" }, "geometry": { "type": "Point", "coordinates": [ 139.050472, 36.646028 ] } },
{ "type": "Feature", "properties": { "ID": 1033100000560, "正式名称": "山田歯科クリニック", "機関区分": 3, "都道府県コード": 10, "市区町村コード": 206, "所在地": "群馬県沼田市馬喰町１２２３", "緯度": 36.644111, "経度": 139.046695, "url": "https://www.iryou.teikyouseido.mhlw.go.jp/znk-web/juminkanja/S2430/initialize?prefCd=10&kikanCd=3100000560&kikanKbn=3", "url2": "http://www5.kannet.ne.jp/~yamada-shika/", "内容": "山田歯科クリニック【3:歯科】群馬県沼田市馬喰町１２２３" }, "geometry": { "type": "Point", "coordinates": [ 139.046695, 36.644111 ] } },
{ "type": "Feature", "properties": { "ID": 1033100000562, "正式名称": "割田デンタルクリニック", "機関区分": 3, "都道府県コード": 10, "市区町村コード": 206, "所在地": "群馬県沼田市東原新町１８４５−３", "緯度": 36.647083, "経度": 139.054333, "url": "https://www.iryou.teikyouseido.mhlw.go.jp/znk-web/juminkanja/S2430/initialize?prefCd=10&kikanCd=3100000562&kikanKbn=3", "url2": null, "内容": "割田デンタルクリニック【3:歯科】群馬県沼田市東原新町１８４５−３" }, "geometry": { "type": "Point", "coordinates": [ 139.054333, 36.647083 ] } },
{ "type": "Feature", "properties": { "ID": 1033100000563, "正式名称": "野田歯科医院", "機関区分": 3, "都道府県コード": 10, "市区町村コード": 206, "所在地": "群馬県沼田市白沢町高平４９ー４", "緯度": 36.663027, "経度": 139.129576, "url": "https://www.iryou.teikyouseido.mhlw.go.jp/znk-web/juminkanja/S2430/initialize?prefCd=10&kikanCd=3100000563&kikanKbn=3", "url2": "http://www.noda-dent.net./", "内容": "野田歯科医院【3:歯科】群馬県沼田市白沢町高平４９ー４" }, "geometry": { "type": "Point", "coordinates": [ 139.129576, 36.663027 ] } },
{ "type": "Feature", "properties": { "ID": 1033100000564, "正式名称": "アイリンデンタルクリニック", "機関区分": 3, "都道府県コード": 10, "市区町村コード": 464, "所在地": "群馬県佐波郡玉村町福島５０９－５", "緯度": 36.303149, "経度": 139.126454, "url": "https://www.iryou.teikyouseido.mhlw.go.jp/znk-web/juminkanja/S2430/initialize?prefCd=10&kikanCd=3100000564&kikanKbn=3", "url2": "http://airindental.cihp2.jp/", "内容": "アイリンデンタルクリニック【3:歯科】群馬県佐波郡玉村町福島５０９－５" }, "geometry": { "type": "Point", "coordinates": [ 139.126454, 36.303149 ] } },
{ "type": "Feature", "properties": { "ID": 1033100000565, "正式名称": "あきデンタルクリニック", "機関区分": 3, "都道府県コード": 10, "市区町村コード": 204, "所在地": "群馬県伊勢崎市安堀町２３３－１", "緯度": 36.336591, "経度": 139.182698, "url": "https://www.iryou.teikyouseido.mhlw.go.jp/znk-web/juminkanja/S2430/initialize?prefCd=10&kikanCd=3100000565&kikanKbn=3", "url2": "http://www.aki-dental.jp/", "内容": "あきデンタルクリニック【3:歯科】群馬県伊勢崎市安堀町２３３－１" }, "geometry": { "type": "Point", "coordinates": [ 139.182698, 36.336591 ] } },
{ "type": "Feature", "properties": { "ID": 1033100000566, "正式名称": "医療法人あさひ歯科医院", "機関区分": 3, "都道府県コード": 10, "市区町村コード": 204, "所在地": "群馬県伊勢崎市境上渕名１３５９－１７", "緯度": 36.312484, "経度": 139.246055, "url": "https://www.iryou.teikyouseido.mhlw.go.jp/znk-web/juminkanja/S2430/initialize?prefCd=10&kikanCd=3100000566&kikanKbn=3", "url2": "http://zaq12wsx.cloudfree.jp/", "内容": "医療法人あさひ歯科医院【3:歯科】群馬県伊勢崎市境上渕名１３５９－１７" }, "geometry": { "type": "Point", "coordinates": [ 139.246055, 36.312484 ] } },
{ "type": "Feature", "properties": { "ID": 1033100000568, "正式名称": "あらい歯科医院", "機関区分": 3, "都道府県コード": 10, "市区町村コード": 204, "所在地": "群馬県伊勢崎市上植木本町２６７５", "緯度": 36.336258, "経度": 139.210779, "url": "https://www.iryou.teikyouseido.mhlw.go.jp/znk-web/juminkanja/S2430/initialize?prefCd=10&kikanCd=3100000568&kikanKbn=3", "url2": null, "内容": "あらい歯科医院【3:歯科】群馬県伊勢崎市上植木本町２６７５" }, "geometry": { "type": "Point", "coordinates": [ 139.210779, 36.336258 ] } },
{ "type": "Feature", "properties": { "ID": 1033100000569, "正式名称": "新井歯科医院", "機関区分": 3, "都道府県コード": 10, "市区町村コード": 204, "所在地": "群馬県伊勢崎市境保泉１２５０－１", "緯度": 36.295985, "経度": 139.225446, "url": "https://www.iryou.teikyouseido.mhlw.go.jp/znk-web/juminkanja/S2430/initialize?prefCd=10&kikanCd=3100000569&kikanKbn=3", "url2": "http://www.araishika.jp", "内容": "新井歯科医院【3:歯科】群馬県伊勢崎市境保泉１２５０－１" }, "geometry": { "type": "Point", "coordinates": [ 139.225446, 36.295985 ] } },
{ "type": "Feature", "properties": { "ID": 1033100000570, "正式名称": "新井歯科クリニック", "機関区分": 3, "都道府県コード": 10, "市区町村コード": 204, "所在地": "群馬県伊勢崎市境女塚２３７－１", "緯度": 36.274988, "経度": 139.266055, "url": "https://www.iryou.teikyouseido.mhlw.go.jp/znk-web/juminkanja/S2430/initialize?prefCd=10&kikanCd=3100000570&kikanKbn=3", "url2": "http://www.arai-dentalclinic.jp/", "内容": "新井歯科クリニック【3:歯科】群馬県伊勢崎市境女塚２３７－１" }, "geometry": { "type": "Point", "coordinates": [ 139.266055, 36.274988 ] } },
{ "type": "Feature", "properties": { "ID": 1033100000571, "正式名称": "新木歯科医院", "機関区分": 3, "都道府県コード": 10, "市区町村コード": 204, "所在地": "群馬県伊勢崎市境下武士２５７０", "緯度": 36.27346, "経度": 139.247195, "url": "https://www.iryou.teikyouseido.mhlw.go.jp/znk-web/juminkanja/S2430/initialize?prefCd=10&kikanCd=3100000571&kikanKbn=3", "url2": "http://www.citydo.com/sp/0270-74-2205", "内容": "新木歯科医院【3:歯科】群馬県伊勢崎市境下武士２５７０" }, "geometry": { "type": "Point", "coordinates": [ 139.247195, 36.27346 ] } },
{ "type": "Feature", "properties": { "ID": 1033100000572, "正式名称": "荒木田歯科医院", "機関区分": 3, "都道府県コード": 10, "市区町村コード": 204, "所在地": "群馬県伊勢崎市中央町４－４", "緯度": 36.321577, "経度": 139.200405, "url": "https://www.iryou.teikyouseido.mhlw.go.jp/znk-web/juminkanja/S2430/initialize?prefCd=10&kikanCd=3100000572&kikanKbn=3", "url2": "https://arakidashika.com/", "内容": "荒木田歯科医院【3:歯科】群馬県伊勢崎市中央町４－４" }, "geometry": { "type": "Point", "coordinates": [ 139.200405, 36.321577 ] } },
{ "type": "Feature", "properties": { "ID": 1033100000573, "正式名称": "飯島歯科医院", "機関区分": 3, "都道府県コード": 10, "市区町村コード": 204, "所在地": "群馬県伊勢崎市境３１２－１１", "緯度": 36.275071, "経度": 139.25475, "url": "https://www.iryou.teikyouseido.mhlw.go.jp/znk-web/juminkanja/S2430/initialize?prefCd=10&kikanCd=3100000573&kikanKbn=3", "url2": null, "内容": "飯島歯科医院【3:歯科】群馬県伊勢崎市境３１２－１１" }, "geometry": { "type": "Point", "coordinates": [ 139.25475, 36.275071 ] } },
{ "type": "Feature", "properties": { "ID": 1033100000574, "正式名称": "飯島歯科医院", "機関区分": 3, "都道府県コード": 10, "市区町村コード": 204, "所在地": "群馬県伊勢崎市上泉町２５０", "緯度": 36.313899, "経度": 139.193698, "url": "https://www.iryou.teikyouseido.mhlw.go.jp/znk-web/juminkanja/S2430/initialize?prefCd=10&kikanCd=3100000574&kikanKbn=3", "url2": null, "内容": "飯島歯科医院【3:歯科】群馬県伊勢崎市上泉町２５０" }, "geometry": { "type": "Point", "coordinates": [ 139.193698, 36.313899 ] } },
{ "type": "Feature", "properties": { "ID": 1033100000575, "正式名称": "飯野歯科クリニック", "機関区分": 3, "都道府県コード": 10, "市区町村コード": 204, "所在地": "群馬県伊勢崎市今泉町１－２４－３", "緯度": 36.312288, "経度": 139.202947, "url": "https://www.iryou.teikyouseido.mhlw.go.jp/znk-web/juminkanja/S2430/initialize?prefCd=10&kikanCd=3100000575&kikanKbn=3", "url2": "http://www7a.biglobe.ne.jp/~iinodental/index.html", "内容": "飯野歯科クリニック【3:歯科】群馬県伊勢崎市今泉町１－２４－３" }, "geometry": { "type": "Point", "coordinates": [ 139.202947, 36.312288 ] } },
{ "type": "Feature", "properties": { "ID": 1033100000576, "正式名称": "医療法人社団みやび会　いしかわ歯科医院", "機関区分": 3, "都道府県コード": 10, "市区町村コード": 204, "所在地": "群馬県伊勢崎市堀口町９０４－２", "緯度": 36.28443, "経度": 139.184172, "url": "https://www.iryou.teikyouseido.mhlw.go.jp/znk-web/juminkanja/S2430/initialize?prefCd=10&kikanCd=3100000576&kikanKbn=3", "url2": null, "内容": "医療法人社団みやび会　いしかわ歯科医院【3:歯科】群馬県伊勢崎市堀口町９０４－２" }, "geometry": { "type": "Point", "coordinates": [ 139.184172, 36.28443 ] } },
{ "type": "Feature", "properties": { "ID": 1033100000578, "正式名称": "医療法人三規会イズミ歯科医院", "機関区分": 3, "都道府県コード": 10, "市区町村コード": 204, "所在地": "群馬県伊勢崎市香林町１－３５－１５", "緯度": 36.382781, "経度": 139.236497, "url": "https://www.iryou.teikyouseido.mhlw.go.jp/znk-web/juminkanja/S2430/initialize?prefCd=10&kikanCd=3100000578&kikanKbn=3", "url2": "https://www.izumi-dentalclinic.net/", "内容": "医療法人三規会イズミ歯科医院【3:歯科】群馬県伊勢崎市香林町１－３５－１５" }, "geometry": { "type": "Point", "coordinates": [ 139.236497, 36.382781 ] } },
{ "type": "Feature", "properties": { "ID": 1033100000579, "正式名称": "医療法人　有知会　井田歯科医院", "機関区分": 3, "都道府県コード": 10, "市区町村コード": 204, "所在地": "群馬県伊勢崎市田中島町１４９６ー５", "緯度": 36.323592, "経度": 139.167227, "url": "https://www.iryou.teikyouseido.mhlw.go.jp/znk-web/juminkanja/S2430/initialize?prefCd=10&kikanCd=3100000579&kikanKbn=3", "url2": "http://idashikaiin.com/", "内容": "医療法人　有知会　井田歯科医院【3:歯科】群馬県伊勢崎市田中島町１４９６ー５" }, "geometry": { "type": "Point", "coordinates": [ 139.167227, 36.323592 ] } },
{ "type": "Feature", "properties": { "ID": 1033100000580, "正式名称": "医療法人燦歯会田部井歯科医院", "機関区分": 3, "都道府県コード": 10, "市区町村コード": 204, "所在地": "群馬県伊勢崎市大手町２６－１", "緯度": 36.322009, "経度": 139.193198, "url": "https://www.iryou.teikyouseido.mhlw.go.jp/znk-web/juminkanja/S2430/initialize?prefCd=10&kikanCd=3100000580&kikanKbn=3", "url2": null, "内容": "医療法人燦歯会田部井歯科医院【3:歯科】群馬県伊勢崎市大手町２６－１" }, "geometry": { "type": "Point", "coordinates": [ 139.193198, 36.322009 ] } },
{ "type": "Feature", "properties": { "ID": 1033100000581, "正式名称": "植田歯科", "機関区分": 3, "都道府県コード": 10, "市区町村コード": 204, "所在地": "群馬県伊勢崎市中央町１０－１９", "緯度": 36.319177, "経度": 139.202669, "url": "https://www.iryou.teikyouseido.mhlw.go.jp/znk-web/juminkanja/S2430/initialize?prefCd=10&kikanCd=3100000581&kikanKbn=3", "url2": "http://www.cdu.jp/", "内容": "植田歯科【3:歯科】群馬県伊勢崎市中央町１０－１９" }, "geometry": { "type": "Point", "coordinates": [ 139.202669, 36.319177 ] } },
{ "type": "Feature", "properties": { "ID": 1033100000582, "正式名称": "うねめ歯科医院", "機関区分": 3, "都道府県コード": 10, "市区町村コード": 204, "所在地": "群馬県伊勢崎市境伊与久１１５９", "緯度": 36.300457, "経度": 139.235501, "url": "https://www.iryou.teikyouseido.mhlw.go.jp/znk-web/juminkanja/S2430/initialize?prefCd=10&kikanCd=3100000582&kikanKbn=3", "url2": null, "内容": "うねめ歯科医院【3:歯科】群馬県伊勢崎市境伊与久１１５９" }, "geometry": { "type": "Point", "coordinates": [ 139.235501, 36.300457 ] } },
{ "type": "Feature", "properties": { "ID": 1033100000583, "正式名称": "うぶかわ歯科医院", "機関区分": 3, "都道府県コード": 10, "市区町村コード": 204, "所在地": "群馬県伊勢崎市連取町３０００－５", "緯度": 36.327203, "経度": 139.169227, "url": "https://www.iryou.teikyouseido.mhlw.go.jp/znk-web/juminkanja/S2430/initialize?prefCd=10&kikanCd=3100000583&kikanKbn=3", "url2": null, "内容": "うぶかわ歯科医院【3:歯科】群馬県伊勢崎市連取町３０００－５" }, "geometry": { "type": "Point", "coordinates": [ 139.169227, 36.327203 ] } },
{ "type": "Feature", "properties": { "ID": 1033100000585, "正式名称": "大澤歯科医院", "機関区分": 3, "都道府県コード": 10, "市区町村コード": 204, "所在地": "群馬県伊勢崎市山王町５８－１０", "緯度": 36.30365, "経度": 139.18756, "url": "https://www.iryou.teikyouseido.mhlw.go.jp/znk-web/juminkanja/S2430/initialize?prefCd=10&kikanCd=3100000585&kikanKbn=3", "url2": "http://osawa.dentalmall.jp/", "内容": "大澤歯科医院【3:歯科】群馬県伊勢崎市山王町５８－１０" }, "geometry": { "type": "Point", "coordinates": [ 139.18756, 36.30365 ] } },
{ "type": "Feature", "properties": { "ID": 1033100000586, "正式名称": "医療法人　大成会　おおみか歯科医院", "機関区分": 3, "都道府県コード": 10, "市区町村コード": 204, "所在地": "群馬県伊勢崎市太田町１１４４ー６", "緯度": 36.329786, "経度": 139.18617, "url": "https://www.iryou.teikyouseido.mhlw.go.jp/znk-web/juminkanja/S2430/initialize?prefCd=10&kikanCd=3100000586&kikanKbn=3", "url2": "http://omikadc.com", "内容": "医療法人　大成会　おおみか歯科医院【3:歯科】群馬県伊勢崎市太田町１１４４ー６" }, "geometry": { "type": "Point", "coordinates": [ 139.18617, 36.329786 ] } },
{ "type": "Feature", "properties": { "ID": 1033100000587, "正式名称": "岡部歯科医院", "機関区分": 3, "都道府県コード": 10, "市区町村コード": 204, "所在地": "群馬県伊勢崎市鹿島町", "緯度": 36.335841, "経度": 139.202863, "url": "https://www.iryou.teikyouseido.mhlw.go.jp/znk-web/juminkanja/S2430/initialize?prefCd=10&kikanCd=3100000587&kikanKbn=3", "url2": null, "内容": "岡部歯科医院【3:歯科】群馬県伊勢崎市鹿島町" }, "geometry": { "type": "Point", "coordinates": [ 139.202863, 36.335841 ] } },
{ "type": "Feature", "properties": { "ID": 1033100000588, "正式名称": "小川歯科クリニック", "機関区分": 3, "都道府県コード": 10, "市区町村コード": 204, "所在地": "群馬県伊勢崎市上諏訪町", "緯度": 36.325565, "経度": 139.212474, "url": "https://www.iryou.teikyouseido.mhlw.go.jp/znk-web/juminkanja/S2430/initialize?prefCd=10&kikanCd=3100000588&kikanKbn=3", "url2": null, "内容": "小川歯科クリニック【3:歯科】群馬県伊勢崎市上諏訪町" }, "geometry": { "type": "Point", "coordinates": [ 139.212474, 36.325565 ] } },
{ "type": "Feature", "properties": { "ID": 1033100000589, "正式名称": "奥山歯科医院", "機関区分": 3, "都道府県コード": 10, "市区町村コード": 204, "所在地": "群馬県伊勢崎市波志江町２０７６－９", "緯度": 36.345757, "経度": 139.185253, "url": "https://www.iryou.teikyouseido.mhlw.go.jp/znk-web/juminkanja/S2430/initialize?prefCd=10&kikanCd=3100000589&kikanKbn=3", "url2": null, "内容": "奥山歯科医院【3:歯科】群馬県伊勢崎市波志江町２０７６－９" }, "geometry": { "type": "Point", "coordinates": [ 139.185253, 36.345757 ] } },
{ "type": "Feature", "properties": { "ID": 1033100000590, "正式名称": "小此木歯科医院", "機関区分": 3, "都道府県コード": 10, "市区町村コード": 204, "所在地": "群馬県伊勢崎市境", "緯度": 36.275293, "経度": 139.256056, "url": "https://www.iryou.teikyouseido.mhlw.go.jp/znk-web/juminkanja/S2430/initialize?prefCd=10&kikanCd=3100000590&kikanKbn=3", "url2": null, "内容": "小此木歯科医院【3:歯科】群馬県伊勢崎市境" }, "geometry": { "type": "Point", "coordinates": [ 139.256056, 36.275293 ] } },
{ "type": "Feature", "properties": { "ID": 1033100000591, "正式名称": "おじま歯科医院", "機関区分": 3, "都道府県コード": 10, "市区町村コード": 204, "所在地": "群馬県伊勢崎市今泉町２－９４１－３２", "緯度": 36.313427, "経度": 139.200281, "url": "https://www.iryou.teikyouseido.mhlw.go.jp/znk-web/juminkanja/S2430/initialize?prefCd=10&kikanCd=3100000591&kikanKbn=3", "url2": "http://ojima-dc.com", "内容": "おじま歯科医院【3:歯科】群馬県伊勢崎市今泉町２－９４１－３２" }, "geometry": { "type": "Point", "coordinates": [ 139.200281, 36.313427 ] } },
{ "type": "Feature", "properties": { "ID": 1033100000592, "正式名称": "医療法人寿和会かず歯科診療所", "機関区分": 3, "都道府県コード": 10, "市区町村コード": 204, "所在地": "群馬県伊勢崎市国定町２－２００２－３", "緯度": 36.362978, "経度": 139.240025, "url": "https://www.iryou.teikyouseido.mhlw.go.jp/znk-web/juminkanja/S2430/initialize?prefCd=10&kikanCd=3100000592&kikanKbn=3", "url2": null, "内容": "医療法人寿和会かず歯科診療所【3:歯科】群馬県伊勢崎市国定町２－２００２－３" }, "geometry": { "type": "Point", "coordinates": [ 139.240025, 36.362978 ] } },
{ "type": "Feature", "properties": { "ID": 1033100000593, "正式名称": "かたの歯科クリニック", "機関区分": 3, "都道府県コード": 10, "市区町村コード": 464, "所在地": "群馬県佐波郡玉村町下新田８１５−５", "緯度": 36.30176, "経度": 139.121566, "url": "https://www.iryou.teikyouseido.mhlw.go.jp/znk-web/juminkanja/S2430/initialize?prefCd=10&kikanCd=3100000593&kikanKbn=3", "url2": "http://www.katanoshika.jp/", "内容": "かたの歯科クリニック【3:歯科】群馬県佐波郡玉村町下新田８１５−５" }, "geometry": { "type": "Point", "coordinates": [ 139.121566, 36.30176 ] } },
{ "type": "Feature", "properties": { "ID": 1033100000594, "正式名称": "金井歯科医院", "機関区分": 3, "都道府県コード": 10, "市区町村コード": 204, "所在地": "群馬県伊勢崎市境西今井１－６", "緯度": 36.279682, "経度": 139.262749, "url": "https://www.iryou.teikyouseido.mhlw.go.jp/znk-web/juminkanja/S2430/initialize?prefCd=10&kikanCd=3100000594&kikanKbn=3", "url2": "http://locoplace.jp/t000280445/", "内容": "金井歯科医院【3:歯科】群馬県伊勢崎市境西今井１－６" }, "geometry": { "type": "Point", "coordinates": [ 139.262749, 36.279682 ] } },
{ "type": "Feature", "properties": { "ID": 1033100000595, "正式名称": "かねこ歯科医院", "機関区分": 3, "都道府県コード": 10, "市区町村コード": 204, "所在地": "群馬県伊勢崎市南千木町５２０２番地３", "緯度": 36.297262, "経度": 139.215308, "url": "https://www.iryou.teikyouseido.mhlw.go.jp/znk-web/juminkanja/S2430/initialize?prefCd=10&kikanCd=3100000595&kikanKbn=3", "url2": "http://kaneko.cihp.jp/", "内容": "かねこ歯科医院【3:歯科】群馬県伊勢崎市南千木町５２０２番地３" }, "geometry": { "type": "Point", "coordinates": [ 139.215308, 36.297262 ] } },
{ "type": "Feature", "properties": { "ID": 1033100000596, "正式名称": "亀山歯科医院", "機関区分": 3, "都道府県コード": 10, "市区町村コード": 204, "所在地": "群馬県伊勢崎市今泉町１－１２１４－３", "緯度": 36.308233, "経度": 139.206697, "url": "https://www.iryou.teikyouseido.mhlw.go.jp/znk-web/juminkanja/S2430/initialize?prefCd=10&kikanCd=3100000596&kikanKbn=3", "url2": "http://www7.wind.ne.jp/kameyama/top.htm", "内容": "亀山歯科医院【3:歯科】群馬県伊勢崎市今泉町１－１２１４－３" }, "geometry": { "type": "Point", "coordinates": [ 139.206697, 36.308233 ] } },
{ "type": "Feature", "properties": { "ID": 1033100000597, "正式名称": "からさわ歯科医院", "機関区分": 3, "都道府県コード": 10, "市区町村コード": 464, "所在地": "群馬県佐波郡玉村町上之手", "緯度": 36.296039, "経度": 139.112428, "url": "https://www.iryou.teikyouseido.mhlw.go.jp/znk-web/juminkanja/S2430/initialize?prefCd=10&kikanCd=3100000597&kikanKbn=3", "url2": "https://hp1.dent-hp.com/SR3060102karasawasika/", "内容": "からさわ歯科医院【3:歯科】群馬県佐波郡玉村町上之手" }, "geometry": { "type": "Point", "coordinates": [ 139.112428, 36.296039 ] } },
{ "type": "Feature", "properties": { "ID": 1033100000599, "正式名称": "神戸歯科医院", "機関区分": 3, "都道府県コード": 10, "市区町村コード": 204, "所在地": "群馬県伊勢崎市羽黒町１５－１", "緯度": 36.288847, "経度": 139.21467, "url": "https://www.iryou.teikyouseido.mhlw.go.jp/znk-web/juminkanja/S2430/initialize?prefCd=10&kikanCd=3100000599&kikanKbn=3", "url2": null, "内容": "神戸歯科医院【3:歯科】群馬県伊勢崎市羽黒町１５－１" }, "geometry": { "type": "Point", "coordinates": [ 139.21467, 36.288847 ] } },
{ "type": "Feature", "properties": { "ID": 1033100000600, "正式名称": "神戸歯科医院", "機関区分": 3, "都道府県コード": 10, "市区町村コード": 204, "所在地": "群馬県伊勢崎市本町８－２０", "緯度": 36.320843, "経度": 139.196725, "url": "https://www.iryou.teikyouseido.mhlw.go.jp/znk-web/juminkanja/S2430/initialize?prefCd=10&kikanCd=3100000600&kikanKbn=3", "url2": null, "内容": "神戸歯科医院【3:歯科】群馬県伊勢崎市本町８－２０" }, "geometry": { "type": "Point", "coordinates": [ 139.196725, 36.320843 ] } },
{ "type": "Feature", "properties": { "ID": 1033100000601, "正式名称": "栗原歯科医院", "機関区分": 3, "都道府県コード": 10, "市区町村コード": 204, "所在地": "群馬県伊勢崎市大手町２２－１０８", "緯度": 36.321148, "経度": 139.19517, "url": "https://www.iryou.teikyouseido.mhlw.go.jp/znk-web/juminkanja/S2430/initialize?prefCd=10&kikanCd=3100000601&kikanKbn=3", "url2": "http://www.kurihara-do.com", "内容": "栗原歯科医院【3:歯科】群馬県伊勢崎市大手町２２－１０８" }, "geometry": { "type": "Point", "coordinates": [ 139.19517, 36.321148 ] } },
{ "type": "Feature", "properties": { "ID": 1033100000602, "正式名称": "香村デンタルクリニック", "機関区分": 3, "都道府県コード": 10, "市区町村コード": 204, "所在地": "群馬県伊勢崎市大正寺町２４０", "緯度": 36.284764, "経度": 139.20031, "url": "https://www.iryou.teikyouseido.mhlw.go.jp/znk-web/juminkanja/S2430/initialize?prefCd=10&kikanCd=3100000602&kikanKbn=3", "url2": "http://www.kohmuradentalclinic.com/", "内容": "香村デンタルクリニック【3:歯科】群馬県伊勢崎市大正寺町２４０" }, "geometry": { "type": "Point", "coordinates": [ 139.20031, 36.284764 ] } },
{ "type": "Feature", "properties": { "ID": 1033100000604, "正式名称": "小杉歯科医院", "機関区分": 3, "都道府県コード": 10, "市区町村コード": 204, "所在地": "群馬県伊勢崎市三光町", "緯度": 36.31776, "経度": 139.192976, "url": "https://www.iryou.teikyouseido.mhlw.go.jp/znk-web/juminkanja/S2430/initialize?prefCd=10&kikanCd=3100000604&kikanKbn=3", "url2": "http://kenny.jupiter.bindcloud.jp/", "内容": "小杉歯科医院【3:歯科】群馬県伊勢崎市三光町" }, "geometry": { "type": "Point", "coordinates": [ 139.192976, 36.31776 ] } },
{ "type": "Feature", "properties": { "ID": 1033100000605, "正式名称": "医療法人温歯会さいとう歯科・矯正歯科医院", "機関区分": 3, "都道府県コード": 10, "市区町村コード": 204, "所在地": "群馬県伊勢崎市田部井町", "緯度": 36.35684, "経度": 139.242553, "url": "https://www.iryou.teikyouseido.mhlw.go.jp/znk-web/juminkanja/S2430/initialize?prefCd=10&kikanCd=3100000605&kikanKbn=3", "url2": "http://www.saito-doc.com/", "内容": "医療法人温歯会さいとう歯科・矯正歯科医院【3:歯科】群馬県伊勢崎市田部井町" }, "geometry": { "type": "Point", "coordinates": [ 139.242553, 36.35684 ] } },
{ "type": "Feature", "properties": { "ID": 1033100000606, "正式名称": "さかえ歯科医院", "機関区分": 3, "都道府県コード": 10, "市区町村コード": 204, "所在地": "群馬県伊勢崎市三室町４４６９ー３", "緯度": 36.327065, "経度": 139.244804, "url": "https://www.iryou.teikyouseido.mhlw.go.jp/znk-web/juminkanja/S2430/initialize?prefCd=10&kikanCd=3100000606&kikanKbn=3", "url2": null, "内容": "さかえ歯科医院【3:歯科】群馬県伊勢崎市三室町４４６９ー３" }, "geometry": { "type": "Point", "coordinates": [ 139.244804, 36.327065 ] } },
{ "type": "Feature", "properties": { "ID": 1033100000607, "正式名称": "さくら歯科クリニック", "機関区分": 3, "都道府県コード": 10, "市区町村コード": 204, "所在地": "群馬県伊勢崎市下植木町５２４－１", "緯度": 36.316899, "経度": 139.211696, "url": "https://www.iryou.teikyouseido.mhlw.go.jp/znk-web/juminkanja/S2430/initialize?prefCd=10&kikanCd=3100000607&kikanKbn=3", "url2": null, "内容": "さくら歯科クリニック【3:歯科】群馬県伊勢崎市下植木町５２４－１" }, "geometry": { "type": "Point", "coordinates": [ 139.211696, 36.316899 ] } },
{ "type": "Feature", "properties": { "ID": 1033100000608, "正式名称": "医療法人社団幸綾会しおた歯科医院", "機関区分": 3, "都道府県コード": 10, "市区町村コード": 204, "所在地": "群馬県伊勢崎市除ケ町３３４－６", "緯度": 36.28093, "経度": 139.191477, "url": "https://www.iryou.teikyouseido.mhlw.go.jp/znk-web/juminkanja/S2430/initialize?prefCd=10&kikanCd=3100000608&kikanKbn=3", "url2": "http://www.shiota-shika.com/", "内容": "医療法人社団幸綾会しおた歯科医院【3:歯科】群馬県伊勢崎市除ケ町３３４－６" }, "geometry": { "type": "Point", "coordinates": [ 139.191477, 36.28093 ] } },
{ "type": "Feature", "properties": { "ID": 1033100000609, "正式名称": "医療法人　したら歯科医院", "機関区分": 3, "都道府県コード": 10, "市区町村コード": 204, "所在地": "群馬県伊勢崎市韮塚町１２１２―１", "緯度": 36.307483, "経度": 139.176533, "url": "https://www.iryou.teikyouseido.mhlw.go.jp/znk-web/juminkanja/S2430/initialize?prefCd=10&kikanCd=3100000609&kikanKbn=3", "url2": "http://www.shitara-dc.com", "内容": "医療法人　したら歯科医院【3:歯科】群馬県伊勢崎市韮塚町１２１２―１" }, "geometry": { "type": "Point", "coordinates": [ 139.176533, 36.307483 ] } },
{ "type": "Feature", "properties": { "ID": 1033100000610, "正式名称": "下山歯科医院", "機関区分": 3, "都道府県コード": 10, "市区町村コード": 204, "所在地": "群馬県伊勢崎市市場町２－４５６－５", "緯度": 36.364172, "経度": 139.220777, "url": "https://www.iryou.teikyouseido.mhlw.go.jp/znk-web/juminkanja/S2430/initialize?prefCd=10&kikanCd=3100000610&kikanKbn=3", "url2": "http://shimoyama-dc.jp/", "内容": "下山歯科医院【3:歯科】群馬県伊勢崎市市場町２－４５６－５" }, "geometry": { "type": "Point", "coordinates": [ 139.220777, 36.364172 ] } },
{ "type": "Feature", "properties": { "ID": 1033100000611, "正式名称": "一般社団法人伊勢崎歯科医師会休日歯科診療所", "機関区分": 3, "都道府県コード": 10, "市区町村コード": 204, "所在地": "群馬県伊勢崎市上泉町１５１　伊勢崎市社会福祉会館３Ｆ", "緯度": 36.310733, "経度": 139.192032, "url": "https://www.iryou.teikyouseido.mhlw.go.jp/znk-web/juminkanja/S2430/initialize?prefCd=10&kikanCd=3100000611&kikanKbn=3", "url2": "http://isesaki.starfree.jp/", "内容": "一般社団法人伊勢崎歯科医師会休日歯科診療所【3:歯科】群馬県伊勢崎市上泉町１５１　伊勢崎市社会福祉会館３Ｆ" }, "geometry": { "type": "Point", "coordinates": [ 139.192032, 36.310733 ] } },
{ "type": "Feature", "properties": { "ID": 1033100000612, "正式名称": "すずき歯科医院", "機関区分": 3, "都道府県コード": 10, "市区町村コード": 204, "所在地": "群馬県伊勢崎市境下渕名１１５８", "緯度": 36.292986, "経度": 139.244972, "url": "https://www.iryou.teikyouseido.mhlw.go.jp/znk-web/juminkanja/S2430/initialize?prefCd=10&kikanCd=3100000612&kikanKbn=3", "url2": "http://www.suzuki-shika.net", "内容": "すずき歯科医院【3:歯科】群馬県伊勢崎市境下渕名１１５８" }, "geometry": { "type": "Point", "coordinates": [ 139.244972, 36.292986 ] } },
{ "type": "Feature", "properties": { "ID": 1033100000613, "正式名称": "鈴木歯科医院", "機関区分": 3, "都道府県コード": 10, "市区町村コード": 204, "所在地": "群馬県伊勢崎市茂呂町", "緯度": 36.297679, "経度": 139.209225, "url": "https://www.iryou.teikyouseido.mhlw.go.jp/znk-web/juminkanja/S2430/initialize?prefCd=10&kikanCd=3100000613&kikanKbn=3", "url2": null, "内容": "鈴木歯科医院【3:歯科】群馬県伊勢崎市茂呂町" }, "geometry": { "type": "Point", "coordinates": [ 139.209225, 36.297679 ] } },
{ "type": "Feature", "properties": { "ID": 1033100000614, "正式名称": "鈴木歯科医院", "機関区分": 3, "都道府県コード": 10, "市区町村コード": 204, "所在地": "群馬県伊勢崎市田部井町二丁目４５７番地", "緯度": 36.347397, "経度": 139.25083, "url": "https://www.iryou.teikyouseido.mhlw.go.jp/znk-web/juminkanja/S2430/initialize?prefCd=10&kikanCd=3100000614&kikanKbn=3", "url2": null, "内容": "鈴木歯科医院【3:歯科】群馬県伊勢崎市田部井町二丁目４５７番地" }, "geometry": { "type": "Point", "coordinates": [ 139.25083, 36.347397 ] } },
{ "type": "Feature", "properties": { "ID": 1033100000615, "正式名称": "須田歯科医院", "機関区分": 3, "都道府県コード": 10, "市区町村コード": 204, "所在地": "群馬県伊勢崎市三光町Ⅰー７", "緯度": 36.319871, "経度": 139.190253, "url": "https://www.iryou.teikyouseido.mhlw.go.jp/znk-web/juminkanja/S2430/initialize?prefCd=10&kikanCd=3100000615&kikanKbn=3", "url2": null, "内容": "須田歯科医院【3:歯科】群馬県伊勢崎市三光町Ⅰー７" }, "geometry": { "type": "Point", "coordinates": [ 139.190253, 36.319871 ] } },
{ "type": "Feature", "properties": { "ID": 1033100000616, "正式名称": "須田歯科医院", "機関区分": 3, "都道府県コード": 10, "市区町村コード": 204, "所在地": "群馬県伊勢崎市曲輪町", "緯度": 36.325537, "経度": 139.193475, "url": "https://www.iryou.teikyouseido.mhlw.go.jp/znk-web/juminkanja/S2430/initialize?prefCd=10&kikanCd=3100000616&kikanKbn=3", "url2": "http://www.suda-shika.com", "内容": "須田歯科医院【3:歯科】群馬県伊勢崎市曲輪町" }, "geometry": { "type": "Point", "coordinates": [ 139.193475, 36.325537 ] } },
{ "type": "Feature", "properties": { "ID": 1033100000617, "正式名称": "スマイル歯科クリニック", "機関区分": 3, "都道府県コード": 10, "市区町村コード": 204, "所在地": "群馬県伊勢崎市馬見塚町１１５９－１", "緯度": 36.272071, "経度": 139.210754, "url": "https://www.iryou.teikyouseido.mhlw.go.jp/znk-web/juminkanja/S2430/initialize?prefCd=10&kikanCd=3100000617&kikanKbn=3", "url2": null, "内容": "スマイル歯科クリニック【3:歯科】群馬県伊勢崎市馬見塚町１１５９－１" }, "geometry": { "type": "Point", "coordinates": [ 139.210754, 36.272071 ] } },
{ "type": "Feature", "properties": { "ID": 1033100000618, "正式名称": "瀬下歯科医院", "機関区分": 3, "都道府県コード": 10, "市区町村コード": 204, "所在地": "群馬県伊勢崎市茂呂町１－３３３－４", "緯度": 36.307317, "経度": 139.199809, "url": "https://www.iryou.teikyouseido.mhlw.go.jp/znk-web/juminkanja/S2430/initialize?prefCd=10&kikanCd=3100000618&kikanKbn=3", "url2": null, "内容": "瀬下歯科医院【3:歯科】群馬県伊勢崎市茂呂町１－３３３－４" }, "geometry": { "type": "Point", "coordinates": [ 139.199809, 36.307317 ] } },
{ "type": "Feature", "properties": { "ID": 1033100000619, "正式名称": "高橋歯科医院", "機関区分": 3, "都道府県コード": 10, "市区町村コード": 464, "所在地": "群馬県佐波郡玉村町下新田４６５", "緯度": 36.303288, "経度": 139.109067, "url": "https://www.iryou.teikyouseido.mhlw.go.jp/znk-web/juminkanja/S2430/initialize?prefCd=10&kikanCd=3100000619&kikanKbn=3", "url2": null, "内容": "高橋歯科医院【3:歯科】群馬県佐波郡玉村町下新田４６５" }, "geometry": { "type": "Point", "coordinates": [ 139.109067, 36.303288 ] } },
{ "type": "Feature", "properties": { "ID": 1033100000620, "正式名称": "高見歯科医院", "機関区分": 3, "都道府県コード": 10, "市区町村コード": 204, "所在地": "群馬県伊勢崎市東本町１０６－１９", "緯度": 36.317399, "経度": 139.206863, "url": "https://www.iryou.teikyouseido.mhlw.go.jp/znk-web/juminkanja/S2430/initialize?prefCd=10&kikanCd=3100000620&kikanKbn=3", "url2": null, "内容": "高見歯科医院【3:歯科】群馬県伊勢崎市東本町１０６－１９" }, "geometry": { "type": "Point", "coordinates": [ 139.206863, 36.317399 ] } },
{ "type": "Feature", "properties": { "ID": 1033100000621, "正式名称": "多賀谷歯科医院", "機関区分": 3, "都道府県コード": 10, "市区町村コード": 204, "所在地": "群馬県伊勢崎市連取本町１５３ー６", "緯度": 36.322315, "経度": 139.185809, "url": "https://www.iryou.teikyouseido.mhlw.go.jp/znk-web/juminkanja/S2430/initialize?prefCd=10&kikanCd=3100000621&kikanKbn=3", "url2": null, "内容": "多賀谷歯科医院【3:歯科】群馬県伊勢崎市連取本町１５３ー６" }, "geometry": { "type": "Point", "coordinates": [ 139.185809, 36.322315 ] } },
{ "type": "Feature", "properties": { "ID": 1033100000622, "正式名称": "玉村歯科医院", "機関区分": 3, "都道府県コード": 10, "市区町村コード": 464, "所在地": "群馬県佐波郡玉村町上新田６８２－３", "緯度": 36.311426, "経度": 139.095123, "url": "https://www.iryou.teikyouseido.mhlw.go.jp/znk-web/juminkanja/S2430/initialize?prefCd=10&kikanCd=3100000622&kikanKbn=3", "url2": null, "内容": "玉村歯科医院【3:歯科】群馬県佐波郡玉村町上新田６８２－３" }, "geometry": { "type": "Point", "coordinates": [ 139.095123, 36.311426 ] } },
{ "type": "Feature", "properties": { "ID": 1033100000623, "正式名称": "医療法人グラン・ジュテ　たまむら中央歯科", "機関区分": 3, "都道府県コード": 10, "市区町村コード": 464, "所在地": "群馬県佐波郡玉村町上之手１６３５－２", "緯度": 36.297872, "経度": 139.118149, "url": "https://www.iryou.teikyouseido.mhlw.go.jp/znk-web/juminkanja/S2430/initialize?prefCd=10&kikanCd=3100000623&kikanKbn=3", "url2": "http://www.tamamura-central.com/", "内容": "医療法人グラン・ジュテ　たまむら中央歯科【3:歯科】群馬県佐波郡玉村町上之手１６３５－２" }, "geometry": { "type": "Point", "coordinates": [ 139.118149, 36.297872 ] } },
{ "type": "Feature", "properties": { "ID": 1033100000624, "正式名称": "ちぎら歯科", "機関区分": 3, "都道府県コード": 10, "市区町村コード": 204, "所在地": "群馬県伊勢崎市南千木町５２１１－８", "緯度": 36.319065, "経度": 139.196142, "url": "https://www.iryou.teikyouseido.mhlw.go.jp/znk-web/juminkanja/S2430/initialize?prefCd=10&kikanCd=3100000624&kikanKbn=3", "url2": "http://www.chigi-dc/com/", "内容": "ちぎら歯科【3:歯科】群馬県伊勢崎市南千木町５２１１－８" }, "geometry": { "type": "Point", "coordinates": [ 139.196142, 36.319065 ] } },
{ "type": "Feature", "properties": { "ID": 1033100000625, "正式名称": "千葉歯科診療所", "機関区分": 3, "都道府県コード": 10, "市区町村コード": 204, "所在地": "群馬県伊勢崎市下植木町３２", "緯度": 36.321065, "経度": 139.210641, "url": "https://www.iryou.teikyouseido.mhlw.go.jp/znk-web/juminkanja/S2430/initialize?prefCd=10&kikanCd=3100000625&kikanKbn=3", "url2": "http://www.chiba-ha.com/", "内容": "千葉歯科診療所【3:歯科】群馬県伊勢崎市下植木町３２" }, "geometry": { "type": "Point", "coordinates": [ 139.210641, 36.321065 ] } },
{ "type": "Feature", "properties": { "ID": 1033100000627, "正式名称": "連取歯科クリニック", "機関区分": 3, "都道府県コード": 10, "市区町村コード": 204, "所在地": "群馬県伊勢崎市連取元町１０１－１０", "緯度": 36.315732, "経度": 139.180004, "url": "https://www.iryou.teikyouseido.mhlw.go.jp/znk-web/juminkanja/S2430/initialize?prefCd=10&kikanCd=3100000627&kikanKbn=3", "url2": null, "内容": "連取歯科クリニック【3:歯科】群馬県伊勢崎市連取元町１０１－１０" }, "geometry": { "type": "Point", "coordinates": [ 139.180004, 36.315732 ] } },
{ "type": "Feature", "properties": { "ID": 1033100000630, "正式名称": "富沢歯科医院", "機関区分": 3, "都道府県コード": 10, "市区町村コード": 464, "所在地": "群馬県佐波郡玉村町角渕５１１５－５", "緯度": 36.289789, "経度": 139.118316, "url": "https://www.iryou.teikyouseido.mhlw.go.jp/znk-web/juminkanja/S2430/initialize?prefCd=10&kikanCd=3100000630&kikanKbn=3", "url2": "http://www.tomizawa-shika.com", "内容": "富沢歯科医院【3:歯科】群馬県佐波郡玉村町角渕５１１５－５" }, "geometry": { "type": "Point", "coordinates": [ 139.118316, 36.289789 ] } },
{ "type": "Feature", "properties": { "ID": 1033100000631, "正式名称": "豊受歯科クリニック", "機関区分": 3, "都道府県コード": 10, "市区町村コード": 204, "所在地": "群馬県伊勢崎市下道寺町１－１", "緯度": 36.27932, "経度": 139.20611, "url": "https://www.iryou.teikyouseido.mhlw.go.jp/znk-web/juminkanja/S2430/initialize?prefCd=10&kikanCd=3100000631&kikanKbn=3", "url2": null, "内容": "豊受歯科クリニック【3:歯科】群馬県伊勢崎市下道寺町１－１" }, "geometry": { "type": "Point", "coordinates": [ 139.20611, 36.27932 ] } },
{ "type": "Feature", "properties": { "ID": 1033100000632, "正式名称": "中島歯科医院", "機関区分": 3, "都道府県コード": 10, "市区町村コード": 204, "所在地": "群馬県伊勢崎市西久保町１－４９－５", "緯度": 36.378893, "経度": 139.225053, "url": "https://www.iryou.teikyouseido.mhlw.go.jp/znk-web/juminkanja/S2430/initialize?prefCd=10&kikanCd=3100000632&kikanKbn=3", "url2": null, "内容": "中島歯科医院【3:歯科】群馬県伊勢崎市西久保町１－４９－５" }, "geometry": { "type": "Point", "coordinates": [ 139.225053, 36.378893 ] } },
{ "type": "Feature", "properties": { "ID": 1033100000633, "正式名称": "中島歯科クリニック", "機関区分": 3, "都道府県コード": 10, "市区町村コード": 204, "所在地": "群馬県伊勢崎市富塚町２２６－２", "緯度": 36.27757, "経度": 139.193477, "url": "https://www.iryou.teikyouseido.mhlw.go.jp/znk-web/juminkanja/S2430/initialize?prefCd=10&kikanCd=3100000633&kikanKbn=3", "url2": null, "内容": "中島歯科クリニック【3:歯科】群馬県伊勢崎市富塚町２２６－２" }, "geometry": { "type": "Point", "coordinates": [ 139.193477, 36.27757 ] } },
{ "type": "Feature", "properties": { "ID": 1033100000634, "正式名称": "医療法人二階堂歯科", "機関区分": 3, "都道府県コード": 10, "市区町村コード": 204, "所在地": "群馬県伊勢崎市西小保方町３４７－１１", "緯度": 36.337814, "経度": 139.234999, "url": "https://www.iryou.teikyouseido.mhlw.go.jp/znk-web/juminkanja/S2430/initialize?prefCd=10&kikanCd=3100000634&kikanKbn=3", "url2": null, "内容": "医療法人二階堂歯科【3:歯科】群馬県伊勢崎市西小保方町３４７－１１" }, "geometry": { "type": "Point", "coordinates": [ 139.234999, 36.337814 ] } },
{ "type": "Feature", "properties": { "ID": 1033100000636, "正式名称": "医療法人社団　松本会　阪東歯科クリニック", "機関区分": 3, "都道府県コード": 10, "市区町村コード": 204, "所在地": "群馬県伊勢崎市堀口町８７１番地３", "緯度": 36.286069, "経度": 139.183339, "url": "https://www.iryou.teikyouseido.mhlw.go.jp/znk-web/juminkanja/S2430/initialize?prefCd=10&kikanCd=3100000636&kikanKbn=3", "url2": "http://bandou-shika-clinic.com", "内容": "医療法人社団　松本会　阪東歯科クリニック【3:歯科】群馬県伊勢崎市堀口町８７１番地３" }, "geometry": { "type": "Point", "coordinates": [ 139.183339, 36.286069 ] } },
{ "type": "Feature", "properties": { "ID": 1033100000637, "正式名称": "ひので歯科医院", "機関区分": 3, "都道府県コード": 10, "市区町村コード": 204, "所在地": "群馬県伊勢崎市日乃出町１１０６−１", "緯度": 36.31976, "経度": 139.225112, "url": "https://www.iryou.teikyouseido.mhlw.go.jp/znk-web/juminkanja/S2430/initialize?prefCd=10&kikanCd=3100000637&kikanKbn=3", "url2": "http://www.hinode-shikaiin.com/", "内容": "ひので歯科医院【3:歯科】群馬県伊勢崎市日乃出町１１０６−１" }, "geometry": { "type": "Point", "coordinates": [ 139.225112, 36.31976 ] } },
{ "type": "Feature", "properties": { "ID": 1033100000638, "正式名称": "ひまわり歯科", "機関区分": 3, "都道府県コード": 10, "市区町村コード": 204, "所在地": "群馬県伊勢崎市宮子町３５６３－１３", "緯度": 36.328591, "経度": 139.152617, "url": "https://www.iryou.teikyouseido.mhlw.go.jp/znk-web/juminkanja/S2430/initialize?prefCd=10&kikanCd=3100000638&kikanKbn=3", "url2": "http://himawarihaisya.cihp2.jp/", "内容": "ひまわり歯科【3:歯科】群馬県伊勢崎市宮子町３５６３－１３" }, "geometry": { "type": "Point", "coordinates": [ 139.152617, 36.328591 ] } },
{ "type": "Feature", "properties": { "ID": 1033100000640, "正式名称": "医療法人社団優志会ヒロ・デンタルクリニック", "機関区分": 3, "都道府県コード": 10, "市区町村コード": 204, "所在地": "群馬県伊勢崎市宮子町３５５６－１　ハイパーモールメルクス伊勢崎１階", "緯度": 36.328675, "経度": 139.151423, "url": "https://www.iryou.teikyouseido.mhlw.go.jp/znk-web/juminkanja/S2430/initialize?prefCd=10&kikanCd=3100000640&kikanKbn=3", "url2": "http://www.hirodentalclinic.com", "内容": "医療法人社団優志会ヒロ・デンタルクリニック【3:歯科】群馬県伊勢崎市宮子町３５５６－１　ハイパーモールメルクス伊勢崎１階" }, "geometry": { "type": "Point", "coordinates": [ 139.151423, 36.328675 ] } },
{ "type": "Feature", "properties": { "ID": 1033100000641, "正式名称": "医療法人厚福会福島歯科医院", "機関区分": 3, "都道府県コード": 10, "市区町村コード": 204, "所在地": "群馬県伊勢崎市豊城町２２７２－１", "緯度": 36.335203, "経度": 139.219528, "url": "https://www.iryou.teikyouseido.mhlw.go.jp/znk-web/juminkanja/S2430/initialize?prefCd=10&kikanCd=3100000641&kikanKbn=3", "url2": "http://www.fukushimadc.com", "内容": "医療法人厚福会福島歯科医院【3:歯科】群馬県伊勢崎市豊城町２２７２－１" }, "geometry": { "type": "Point", "coordinates": [ 139.219528, 36.335203 ] } },
{ "type": "Feature", "properties": { "ID": 1033100000642, "正式名称": "藤歯科", "機関区分": 3, "都道府県コード": 10, "市区町村コード": 204, "所在地": "群馬県伊勢崎市ひろせ町", "緯度": 36.299706, "経度": 139.19506, "url": "https://www.iryou.teikyouseido.mhlw.go.jp/znk-web/juminkanja/S2430/initialize?prefCd=10&kikanCd=3100000642&kikanKbn=3", "url2": "http://www.fuji-shika.info/", "内容": "藤歯科【3:歯科】群馬県伊勢崎市ひろせ町" }, "geometry": { "type": "Point", "coordinates": [ 139.19506, 36.299706 ] } },
{ "type": "Feature", "properties": { "ID": 1033100000643, "正式名称": "医療法人海青会ブルーパールデンタルクリニック", "機関区分": 3, "都道府県コード": 10, "市区町村コード": 204, "所在地": "群馬県伊勢崎市東小保方町３８５８－１", "緯度": 36.324955, "経度": 139.250609, "url": "https://www.iryou.teikyouseido.mhlw.go.jp/znk-web/juminkanja/S2430/initialize?prefCd=10&kikanCd=3100000643&kikanKbn=3", "url2": "https://www.pearl-dental.jp/", "内容": "医療法人海青会ブルーパールデンタルクリニック【3:歯科】群馬県伊勢崎市東小保方町３８５８－１" }, "geometry": { "type": "Point", "coordinates": [ 139.250609, 36.324955 ] } },
{ "type": "Feature", "properties": { "ID": 1033100000644, "正式名称": "平成歯科クリニック", "機関区分": 3, "都道府県コード": 10, "市区町村コード": 464, "所在地": "群馬県佐波郡玉村町上新田１６４７", "緯度": 36.302593, "経度": 139.105733, "url": "https://www.iryou.teikyouseido.mhlw.go.jp/znk-web/juminkanja/S2430/initialize?prefCd=10&kikanCd=3100000644&kikanKbn=3", "url2": null, "内容": "平成歯科クリニック【3:歯科】群馬県佐波郡玉村町上新田１６４７" }, "geometry": { "type": "Point", "coordinates": [ 139.105733, 36.302593 ] } },
{ "type": "Feature", "properties": { "ID": 1033100000645, "正式名称": "松本歯科医院", "機関区分": 3, "都道府県コード": 10, "市区町村コード": 204, "所在地": "群馬県伊勢崎市三光町９番４号", "緯度": 36.318482, "経度": 139.193559, "url": "https://www.iryou.teikyouseido.mhlw.go.jp/znk-web/juminkanja/S2430/initialize?prefCd=10&kikanCd=3100000645&kikanKbn=3", "url2": null, "内容": "松本歯科医院【3:歯科】群馬県伊勢崎市三光町９番４号" }, "geometry": { "type": "Point", "coordinates": [ 139.193559, 36.318482 ] } },
{ "type": "Feature", "properties": { "ID": 1033100000647, "正式名称": "医療法人宮内歯科医院", "機関区分": 3, "都道府県コード": 10, "市区町村コード": 464, "所在地": "群馬県佐波郡玉村町板井２９３－２", "緯度": 36.317814, "経度": 139.088706, "url": "https://www.iryou.teikyouseido.mhlw.go.jp/znk-web/juminkanja/S2430/initialize?prefCd=10&kikanCd=3100000647&kikanKbn=3", "url2": null, "内容": "医療法人宮内歯科医院【3:歯科】群馬県佐波郡玉村町板井２９３－２" }, "geometry": { "type": "Point", "coordinates": [ 139.088706, 36.317814 ] } },
{ "type": "Feature", "properties": { "ID": 1033100000648, "正式名称": "みやこ歯科", "機関区分": 3, "都道府県コード": 10, "市区町村コード": 204, "所在地": "群馬県伊勢崎市宮子町３６０１－６", "緯度": 36.329258, "経度": 139.1607, "url": "https://www.iryou.teikyouseido.mhlw.go.jp/znk-web/juminkanja/S2430/initialize?prefCd=10&kikanCd=3100000648&kikanKbn=3", "url2": "http://miyako-shika.com", "内容": "みやこ歯科【3:歯科】群馬県伊勢崎市宮子町３６０１－６" }, "geometry": { "type": "Point", "coordinates": [ 139.1607, 36.329258 ] } },
{ "type": "Feature", "properties": { "ID": 1033100000649, "正式名称": "武者歯科医院", "機関区分": 3, "都道府県コード": 10, "市区町村コード": 464, "所在地": "群馬県佐波郡玉村町飯倉７４－１５", "緯度": 36.289373, "経度": 139.152119, "url": "https://www.iryou.teikyouseido.mhlw.go.jp/znk-web/juminkanja/S2430/initialize?prefCd=10&kikanCd=3100000649&kikanKbn=3", "url2": "http://www.musha-dc.com", "内容": "武者歯科医院【3:歯科】群馬県佐波郡玉村町飯倉７４－１５" }, "geometry": { "type": "Point", "coordinates": [ 139.152119, 36.289373 ] } },
{ "type": "Feature", "properties": { "ID": 1033100000652, "正式名称": "もぎ歯科医院", "機関区分": 3, "都道府県コード": 10, "市区町村コード": 204, "所在地": "群馬県伊勢崎市連取町３２８５ー２", "緯度": 36.313538, "経度": 139.168478, "url": "https://www.iryou.teikyouseido.mhlw.go.jp/znk-web/juminkanja/S2430/initialize?prefCd=10&kikanCd=3100000652&kikanKbn=3", "url2": "http://www.20-6480.com/", "内容": "もぎ歯科医院【3:歯科】群馬県伊勢崎市連取町３２８５ー２" }, "geometry": { "type": "Point", "coordinates": [ 139.168478, 36.313538 ] } },
{ "type": "Feature", "properties": { "ID": 1033100000653, "正式名称": "矢島歯科クリニック", "機関区分": 3, "都道府県コード": 10, "市区町村コード": 204, "所在地": "群馬県伊勢崎市本関町１１７８－５", "緯度": 36.346757, "経度": 139.209778, "url": "https://www.iryou.teikyouseido.mhlw.go.jp/znk-web/juminkanja/S2430/initialize?prefCd=10&kikanCd=3100000653&kikanKbn=3", "url2": "http://yajima.dentalmall.jp/", "内容": "矢島歯科クリニック【3:歯科】群馬県伊勢崎市本関町１１７８－５" }, "geometry": { "type": "Point", "coordinates": [ 139.209778, 36.346757 ] } },
{ "type": "Feature", "properties": { "ID": 1033100000654, "正式名称": "八斗島　共栄歯科医院", "機関区分": 3, "都道府県コード": 10, "市区町村コード": 204, "所在地": "群馬県伊勢崎市八斗島町１５８８－１２", "緯度": 36.271487, "経度": 139.195589, "url": "https://www.iryou.teikyouseido.mhlw.go.jp/znk-web/juminkanja/S2430/initialize?prefCd=10&kikanCd=3100000654&kikanKbn=3", "url2": null, "内容": "八斗島　共栄歯科医院【3:歯科】群馬県伊勢崎市八斗島町１５８８－１２" }, "geometry": { "type": "Point", "coordinates": [ 139.195589, 36.271487 ] } },
{ "type": "Feature", "properties": { "ID": 1033100000655, "正式名称": "医療法人社団山脇会やまデンタルクリニック", "機関区分": 3, "都道府県コード": 10, "市区町村コード": 204, "所在地": "群馬県伊勢崎市東町２７０１－４", "緯度": 36.345286, "経度": 139.245053, "url": "https://www.iryou.teikyouseido.mhlw.go.jp/znk-web/juminkanja/S2430/initialize?prefCd=10&kikanCd=3100000655&kikanKbn=3", "url2": "http://nttbj.itp.ne.jp/0270400505/", "内容": "医療法人社団山脇会やまデンタルクリニック【3:歯科】群馬県伊勢崎市東町２７０１－４" }, "geometry": { "type": "Point", "coordinates": [ 139.245053, 36.345286 ] } },
{ "type": "Feature", "properties": { "ID": 1033100000656, "正式名称": "医療法人社団山脇会山脇歯科医院", "機関区分": 3, "都道府県コード": 10, "市区町村コード": 204, "所在地": "群馬県伊勢崎市連取町１６９５－２５", "緯度": 36.315454, "経度": 139.177755, "url": "https://www.iryou.teikyouseido.mhlw.go.jp/znk-web/juminkanja/S2430/initialize?prefCd=10&kikanCd=3100000656&kikanKbn=3", "url2": "http://www.yamawaki-shikaiinn.com/", "内容": "医療法人社団山脇会山脇歯科医院【3:歯科】群馬県伊勢崎市連取町１６９５－２５" }, "geometry": { "type": "Point", "coordinates": [ 139.177755, 36.315454 ] } },
{ "type": "Feature", "properties": { "ID": 1033100000657, "正式名称": "医療法人吉田歯科医院", "機関区分": 3, "都道府県コード": 10, "市区町村コード": 204, "所在地": "群馬県伊勢崎市ひろせ町４０９１－１２", "緯度": 36.301734, "経度": 139.192254, "url": "https://www.iryou.teikyouseido.mhlw.go.jp/znk-web/juminkanja/S2430/initialize?prefCd=10&kikanCd=3100000657&kikanKbn=3", "url2": null, "内容": "医療法人吉田歯科医院【3:歯科】群馬県伊勢崎市ひろせ町４０９１－１２" }, "geometry": { "type": "Point", "coordinates": [ 139.192254, 36.301734 ] } },
{ "type": "Feature", "properties": { "ID": 1033100000658, "正式名称": "和田歯科医院", "機関区分": 3, "都道府県コード": 10, "市区町村コード": 204, "所在地": "群馬県伊勢崎市華蔵寺町２８－２", "緯度": 36.340924, "経度": 139.20089, "url": "https://www.iryou.teikyouseido.mhlw.go.jp/znk-web/juminkanja/S2430/initialize?prefCd=10&kikanCd=3100000658&kikanKbn=3", "url2": "http://www17.plala.or.jp/wada-dc/", "内容": "和田歯科医院【3:歯科】群馬県伊勢崎市華蔵寺町２８－２" }, "geometry": { "type": "Point", "coordinates": [ 139.20089, 36.340924 ] } },
{ "type": "Feature", "properties": { "ID": 1033100000659, "正式名称": "医療法人相生なかじま歯科医院", "機関区分": 3, "都道府県コード": 10, "市区町村コード": 203, "所在地": "群馬県桐生市相生町２−３１９ー１", "緯度": 36.413474, "経度": 139.311656, "url": "https://www.iryou.teikyouseido.mhlw.go.jp/znk-web/juminkanja/S2430/initialize?prefCd=10&kikanCd=3100000659&kikanKbn=3", "url2": null, "内容": "医療法人相生なかじま歯科医院【3:歯科】群馬県桐生市相生町２−３１９ー１" }, "geometry": { "type": "Point", "coordinates": [ 139.311656, 36.413474 ] } },
{ "type": "Feature", "properties": { "ID": 1033100000662, "正式名称": "アクツ歯科医院", "機関区分": 3, "都道府県コード": 10, "市区町村コード": 203, "所在地": "群馬県桐生市相生町２－５３５－４", "緯度": 36.418973, "経度": 139.298157, "url": "https://www.iryou.teikyouseido.mhlw.go.jp/znk-web/juminkanja/S2430/initialize?prefCd=10&kikanCd=3100000662&kikanKbn=3", "url2": null, "内容": "アクツ歯科医院【3:歯科】群馬県桐生市相生町２－５３５－４" }, "geometry": { "type": "Point", "coordinates": [ 139.298157, 36.418973 ] } },
{ "type": "Feature", "properties": { "ID": 1033100000663, "正式名称": "あさひ歯科", "機関区分": 3, "都道府県コード": 10, "市区町村コード": 203, "所在地": "群馬県桐生市旭町１８０－１", "緯度": 36.406558, "経度": 139.337459, "url": "https://www.iryou.teikyouseido.mhlw.go.jp/znk-web/juminkanja/S2430/initialize?prefCd=10&kikanCd=3100000663&kikanKbn=3", "url2": null, "内容": "あさひ歯科【3:歯科】群馬県桐生市旭町１８０－１" }, "geometry": { "type": "Point", "coordinates": [ 139.337459, 36.406558 ] } },
{ "type": "Feature", "properties": { "ID": 1033100000664, "正式名称": "ア歯科藤田診療所", "機関区分": 3, "都道府県コード": 10, "市区町村コード": 203, "所在地": "群馬県桐生市広沢町", "緯度": 36.382783, "経度": 139.340766, "url": "https://www.iryou.teikyouseido.mhlw.go.jp/znk-web/juminkanja/S2430/initialize?prefCd=10&kikanCd=3100000664&kikanKbn=3", "url2": null, "内容": "ア歯科藤田診療所【3:歯科】群馬県桐生市広沢町" }, "geometry": { "type": "Point", "coordinates": [ 139.340766, 36.382783 ] } },
{ "type": "Feature", "properties": { "ID": 1033100000670, "正式名称": "飯野歯科クリニック", "機関区分": 3, "都道府県コード": 10, "市区町村コード": 203, "所在地": "群馬県桐生市新里町山上", "緯度": 36.420333, "経度": 139.234912, "url": "https://www.iryou.teikyouseido.mhlw.go.jp/znk-web/juminkanja/S2430/initialize?prefCd=10&kikanCd=3100000670&kikanKbn=3", "url2": null, "内容": "飯野歯科クリニック【3:歯科】群馬県桐生市新里町山上" }, "geometry": { "type": "Point", "coordinates": [ 139.234912, 36.420333 ] } },
{ "type": "Feature", "properties": { "ID": 1033100000671, "正式名称": "出井歯科医院", "機関区分": 3, "都道府県コード": 10, "市区町村コード": 203, "所在地": "群馬県桐生市永楽町７－３６", "緯度": 36.41278, "経度": 139.338237, "url": "https://www.iryou.teikyouseido.mhlw.go.jp/znk-web/juminkanja/S2430/initialize?prefCd=10&kikanCd=3100000671&kikanKbn=3", "url2": null, "内容": "出井歯科医院【3:歯科】群馬県桐生市永楽町７－３６" }, "geometry": { "type": "Point", "coordinates": [ 139.338237, 36.41278 ] } },
{ "type": "Feature", "properties": { "ID": 1033100000673, "正式名称": "今泉歯科医院", "機関区分": 3, "都道府県コード": 10, "市区町村コード": 203, "所在地": "群馬県桐生市広沢町間ノ島２９１－５", "緯度": 36.389921, "経度": 139.336377, "url": "https://www.iryou.teikyouseido.mhlw.go.jp/znk-web/juminkanja/S2430/initialize?prefCd=10&kikanCd=3100000673&kikanKbn=3", "url2": null, "内容": "今泉歯科医院【3:歯科】群馬県桐生市広沢町間ノ島２９１－５" }, "geometry": { "type": "Point", "coordinates": [ 139.336377, 36.389921 ] } },
{ "type": "Feature", "properties": { "ID": 1033100000676, "正式名称": "大島歯科医院", "機関区分": 3, "都道府県コード": 10, "市区町村コード": 203, "所在地": "群馬県桐生市相生町２－２６０", "緯度": 36.413168, "経度": 139.3151, "url": "https://www.iryou.teikyouseido.mhlw.go.jp/znk-web/juminkanja/S2430/initialize?prefCd=10&kikanCd=3100000676&kikanKbn=3", "url2": null, "内容": "大島歯科医院【3:歯科】群馬県桐生市相生町２－２６０" }, "geometry": { "type": "Point", "coordinates": [ 139.3151, 36.413168 ] } },
{ "type": "Feature", "properties": { "ID": 1033100000677, "正式名称": "大島デンタルクリニック", "機関区分": 3, "都道府県コード": 10, "市区町村コード": 212, "所在地": "群馬県みどり市笠懸町鹿４６３２－１２", "緯度": 36.391198, "経度": 139.278993, "url": "https://www.iryou.teikyouseido.mhlw.go.jp/znk-web/juminkanja/S2430/initialize?prefCd=10&kikanCd=3100000677&kikanKbn=3", "url2": null, "内容": "大島デンタルクリニック【3:歯科】群馬県みどり市笠懸町鹿４６３２－１２" }, "geometry": { "type": "Point", "coordinates": [ 139.278993, 36.391198 ] } },
{ "type": "Feature", "properties": { "ID": 1033100000679, "正式名称": "大塚歯科クリニック", "機関区分": 3, "都道府県コード": 10, "市区町村コード": 203, "所在地": "群馬県桐生市天神町３ー５ー８", "緯度": 36.429001, "経度": 139.351791, "url": "https://www.iryou.teikyouseido.mhlw.go.jp/znk-web/juminkanja/S2430/initialize?prefCd=10&kikanCd=3100000679&kikanKbn=3", "url2": "http://www.ohtsukadental.jp", "内容": "大塚歯科クリニック【3:歯科】群馬県桐生市天神町３ー５ー８" }, "geometry": { "type": "Point", "coordinates": [ 139.351791, 36.429001 ] } },
{ "type": "Feature", "properties": { "ID": 1033100000680, "正式名称": "加孝歯科クリニック", "機関区分": 3, "都道府県コード": 10, "市区町村コード": 203, "所在地": "群馬県桐生市広沢町７－５３１０", "緯度": 36.365313, "経度": 139.361904, "url": "https://www.iryou.teikyouseido.mhlw.go.jp/znk-web/juminkanja/S2430/initialize?prefCd=10&kikanCd=3100000680&kikanKbn=3", "url2": null, "内容": "加孝歯科クリニック【3:歯科】群馬県桐生市広沢町７－５３１０" }, "geometry": { "type": "Point", "coordinates": [ 139.361904, 36.365313 ] } },
{ "type": "Feature", "properties": { "ID": 1033100000681, "正式名称": "笠間歯科医院", "機関区分": 3, "都道府県コード": 10, "市区町村コード": 212, "所在地": "群馬県みどり市大間々町大間々９７４", "緯度": 36.432082, "経度": 139.274075, "url": "https://www.iryou.teikyouseido.mhlw.go.jp/znk-web/juminkanja/S2430/initialize?prefCd=10&kikanCd=3100000681&kikanKbn=3", "url2": null, "内容": "笠間歯科医院【3:歯科】群馬県みどり市大間々町大間々９７４" }, "geometry": { "type": "Point", "coordinates": [ 139.274075, 36.432082 ] } },
{ "type": "Feature", "properties": { "ID": 1033100000682, "正式名称": "かねこ歯科医院", "機関区分": 3, "都道府県コード": 10, "市区町村コード": 203, "所在地": "群馬県桐生市境野町２－７１７", "緯度": 36.390366, "経度": 139.349376, "url": "https://www.iryou.teikyouseido.mhlw.go.jp/znk-web/juminkanja/S2430/initialize?prefCd=10&kikanCd=3100000682&kikanKbn=3", "url2": null, "内容": "かねこ歯科医院【3:歯科】群馬県桐生市境野町２－７１７" }, "geometry": { "type": "Point", "coordinates": [ 139.349376, 36.390366 ] } },
{ "type": "Feature", "properties": { "ID": 1033100000683, "正式名称": "金子歯科医院", "機関区分": 3, "都道府県コード": 10, "市区町村コード": 203, "所在地": "群馬県桐生市相生町５－６６８－２", "緯度": 36.409752, "経度": 139.297157, "url": "https://www.iryou.teikyouseido.mhlw.go.jp/znk-web/juminkanja/S2430/initialize?prefCd=10&kikanCd=3100000683&kikanKbn=3", "url2": null, "内容": "金子歯科医院【3:歯科】群馬県桐生市相生町５－６６８－２" }, "geometry": { "type": "Point", "coordinates": [ 139.297157, 36.409752 ] } },
{ "type": "Feature", "properties": { "ID": 1033100000684, "正式名称": "北川歯科医院", "機関区分": 3, "都道府県コード": 10, "市区町村コード": 203, "所在地": "群馬県桐生市巴町", "緯度": 36.409419, "経度": 139.332876, "url": "https://www.iryou.teikyouseido.mhlw.go.jp/znk-web/juminkanja/S2430/initialize?prefCd=10&kikanCd=3100000684&kikanKbn=3", "url2": null, "内容": "北川歯科医院【3:歯科】群馬県桐生市巴町" }, "geometry": { "type": "Point", "coordinates": [ 139.332876, 36.409419 ] } },
{ "type": "Feature", "properties": { "ID": 1033100000685, "正式名称": "木村歯科医院", "機関区分": 3, "都道府県コード": 10, "市区町村コード": 203, "所在地": "群馬県桐生市川内町４－４０－５", "緯度": 36.432166, "経度": 139.29835, "url": "https://www.iryou.teikyouseido.mhlw.go.jp/znk-web/juminkanja/S2430/initialize?prefCd=10&kikanCd=3100000685&kikanKbn=3", "url2": null, "内容": "木村歯科医院【3:歯科】群馬県桐生市川内町４－４０－５" }, "geometry": { "type": "Point", "coordinates": [ 139.29835, 36.432166 ] } },
{ "type": "Feature", "properties": { "ID": 1033100000686, "正式名称": "桐生歯科医院", "機関区分": 3, "都道府県コード": 10, "市区町村コード": 203, "所在地": "群馬県桐生市錦町３－５－８", "緯度": 36.401226, "経度": 139.330516, "url": "https://www.iryou.teikyouseido.mhlw.go.jp/znk-web/juminkanja/S2430/initialize?prefCd=10&kikanCd=3100000686&kikanKbn=3", "url2": "http://kiryuhshika.cihp2.jp/", "内容": "桐生歯科医院【3:歯科】群馬県桐生市錦町３－５－８" }, "geometry": { "type": "Point", "coordinates": [ 139.330516, 36.401226 ] } },
{ "type": "Feature", "properties": { "ID": 1033100000687, "正式名称": "桐生市歯科医師会休日緊急歯科診療所", "機関区分": 3, "都道府県コード": 10, "市区町村コード": 203, "所在地": "群馬県桐生市堤町３－３－２", "緯度": 36.415168, "経度": 139.319044, "url": "https://www.iryou.teikyouseido.mhlw.go.jp/znk-web/juminkanja/S2430/initialize?prefCd=10&kikanCd=3100000687&kikanKbn=3", "url2": "http://www.kirishi.com/", "内容": "桐生市歯科医師会休日緊急歯科診療所【3:歯科】群馬県桐生市堤町３－３－２" }, "geometry": { "type": "Point", "coordinates": [ 139.319044, 36.415168 ] } },
{ "type": "Feature", "properties": { "ID": 1033100000688, "正式名称": "久保歯科医院", "機関区分": 3, "都道府県コード": 10, "市区町村コード": 203, "所在地": "群馬県桐生市東５－６－２７", "緯度": 36.407892, "経度": 139.348542, "url": "https://www.iryou.teikyouseido.mhlw.go.jp/znk-web/juminkanja/S2430/initialize?prefCd=10&kikanCd=3100000688&kikanKbn=3", "url2": null, "内容": "久保歯科医院【3:歯科】群馬県桐生市東５－６－２７" }, "geometry": { "type": "Point", "coordinates": [ 139.348542, 36.407892 ] } },
{ "type": "Feature", "properties": { "ID": 1033100000689, "正式名称": "香村ＤｅｎｔａｌＣｌｉｎｉｃ", "機関区分": 3, "都道府県コード": 10, "市区町村コード": 212, "所在地": "群馬県みどり市大間々町大間々４０　さくらもーる内", "緯度": 36.413862, "経度": 139.281436, "url": "https://www.iryou.teikyouseido.mhlw.go.jp/znk-web/juminkanja/S2430/initialize?prefCd=10&kikanCd=3100000689&kikanKbn=3", "url2": null, "内容": "香村ＤｅｎｔａｌＣｌｉｎｉｃ【3:歯科】群馬県みどり市大間々町大間々４０　さくらもーる内" }, "geometry": { "type": "Point", "coordinates": [ 139.281436, 36.413862 ] } },
{ "type": "Feature", "properties": { "ID": 1033100000690, "正式名称": "小島歯科クリニック", "機関区分": 3, "都道府県コード": 10, "市区町村コード": 203, "所在地": "群馬県桐生市宮本町１－２－３５", "緯度": 36.417141, "経度": 139.339848, "url": "https://www.iryou.teikyouseido.mhlw.go.jp/znk-web/juminkanja/S2430/initialize?prefCd=10&kikanCd=3100000690&kikanKbn=3", "url2": null, "内容": "小島歯科クリニック【3:歯科】群馬県桐生市宮本町１－２－３５" }, "geometry": { "type": "Point", "coordinates": [ 139.339848, 36.417141 ] } },
{ "type": "Feature", "properties": { "ID": 1033100000691, "正式名称": "こだち歯科", "機関区分": 3, "都道府県コード": 10, "市区町村コード": 203, "所在地": "群馬県桐生市本町６－３９５", "緯度": 36.408364, "経度": 139.335293, "url": "https://www.iryou.teikyouseido.mhlw.go.jp/znk-web/juminkanja/S2430/initialize?prefCd=10&kikanCd=3100000691&kikanKbn=3", "url2": null, "内容": "こだち歯科【3:歯科】群馬県桐生市本町６－３９５" }, "geometry": { "type": "Point", "coordinates": [ 139.335293, 36.408364 ] } },
{ "type": "Feature", "properties": { "ID": 1033100000693, "正式名称": "小林歯科医院", "機関区分": 3, "都道府県コード": 10, "市区町村コード": 203, "所在地": "群馬県桐生市堤町２－１－１３", "緯度": 36.415256, "経度": 139.324381, "url": "https://www.iryou.teikyouseido.mhlw.go.jp/znk-web/juminkanja/S2430/initialize?prefCd=10&kikanCd=3100000693&kikanKbn=3", "url2": "http://kiryu-kobayashi-dc.com/", "内容": "小林歯科医院【3:歯科】群馬県桐生市堤町２－１－１３" }, "geometry": { "type": "Point", "coordinates": [ 139.324381, 36.415256 ] } },
{ "type": "Feature", "properties": { "ID": 1033100000694, "正式名称": "小林歯科医院", "機関区分": 3, "都道府県コード": 10, "市区町村コード": 203, "所在地": "群馬県桐生市相生町２－８１４－４", "緯度": 36.409086, "経度": 139.312184, "url": "https://www.iryou.teikyouseido.mhlw.go.jp/znk-web/juminkanja/S2430/initialize?prefCd=10&kikanCd=3100000694&kikanKbn=3", "url2": null, "内容": "小林歯科医院【3:歯科】群馬県桐生市相生町２－８１４－４" }, "geometry": { "type": "Point", "coordinates": [ 139.312184, 36.409086 ] } },
{ "type": "Feature", "properties": { "ID": 1033100000695, "正式名称": "小林歯科クリニック", "機関区分": 3, "都道府県コード": 10, "市区町村コード": 203, "所在地": "群馬県桐生市本町", "緯度": 36.406808, "経度": 139.336654, "url": "https://www.iryou.teikyouseido.mhlw.go.jp/znk-web/juminkanja/S2430/initialize?prefCd=10&kikanCd=3100000695&kikanKbn=3", "url2": null, "内容": "小林歯科クリニック【3:歯科】群馬県桐生市本町" }, "geometry": { "type": "Point", "coordinates": [ 139.336654, 36.406808 ] } },
{ "type": "Feature", "properties": { "ID": 1033100000696, "正式名称": "古室歯科クリニック", "機関区分": 3, "都道府県コード": 10, "市区町村コード": 212, "所在地": "群馬県みどり市笠懸町阿左美１５２８", "緯度": 36.392587, "経度": 139.296602, "url": "https://www.iryou.teikyouseido.mhlw.go.jp/znk-web/juminkanja/S2430/initialize?prefCd=10&kikanCd=3100000696&kikanKbn=3", "url2": null, "内容": "古室歯科クリニック【3:歯科】群馬県みどり市笠懸町阿左美１５２８" }, "geometry": { "type": "Point", "coordinates": [ 139.296602, 36.392587 ] } },
{ "type": "Feature", "properties": { "ID": 1033100000697, "正式名称": "小森谷歯科医院", "機関区分": 3, "都道府県コード": 10, "市区町村コード": 212, "所在地": "群馬県みどり市笠懸町阿左美８８０－５", "緯度": 36.385171, "経度": 139.299408, "url": "https://www.iryou.teikyouseido.mhlw.go.jp/znk-web/juminkanja/S2430/initialize?prefCd=10&kikanCd=3100000697&kikanKbn=3", "url2": "http://komoriya-sika.com", "内容": "小森谷歯科医院【3:歯科】群馬県みどり市笠懸町阿左美８８０－５" }, "geometry": { "type": "Point", "coordinates": [ 139.299408, 36.385171 ] } },
{ "type": "Feature", "properties": { "ID": 1033100000698, "正式名称": "斎藤歯科医院", "機関区分": 3, "都道府県コード": 10, "市区町村コード": 203, "所在地": "群馬県桐生市境野町１丁目８３０－１", "緯度": 36.39381, "経度": 139.348681, "url": "https://www.iryou.teikyouseido.mhlw.go.jp/znk-web/juminkanja/S2430/initialize?prefCd=10&kikanCd=3100000698&kikanKbn=3", "url2": null, "内容": "斎藤歯科医院【3:歯科】群馬県桐生市境野町１丁目８３０－１" }, "geometry": { "type": "Point", "coordinates": [ 139.348681, 36.39381 ] } },
{ "type": "Feature", "properties": { "ID": 1033100000701, "正式名称": "坂爪歯科医院", "機関区分": 3, "都道府県コード": 10, "市区町村コード": 203, "所在地": "群馬県桐生市広沢町３丁目４０７０－１", "緯度": 36.387921, "経度": 139.319628, "url": "https://www.iryou.teikyouseido.mhlw.go.jp/znk-web/juminkanja/S2430/initialize?prefCd=10&kikanCd=3100000701&kikanKbn=3", "url2": "http://www.sakazumeshika.com/", "内容": "坂爪歯科医院【3:歯科】群馬県桐生市広沢町３丁目４０７０－１" }, "geometry": { "type": "Point", "coordinates": [ 139.319628, 36.387921 ] } },
{ "type": "Feature", "properties": { "ID": 1033100000702, "正式名称": "さくらぎ歯科医院", "機関区分": 3, "都道府県コード": 10, "市区町村コード": 203, "所在地": "群馬県桐生市相生町", "緯度": 36.399503, "経度": 139.321656, "url": "https://www.iryou.teikyouseido.mhlw.go.jp/znk-web/juminkanja/S2430/initialize?prefCd=10&kikanCd=3100000702&kikanKbn=3", "url2": "http://sakuragi.dental-office.jp", "内容": "さくらぎ歯科医院【3:歯科】群馬県桐生市相生町" }, "geometry": { "type": "Point", "coordinates": [ 139.321656, 36.399503 ] } },
{ "type": "Feature", "properties": { "ID": 1033100000704, "正式名称": "ささい歯科医院", "機関区分": 3, "都道府県コード": 10, "市区町村コード": 212, "所在地": "群馬県みどり市大間々町大間々８８９", "緯度": 36.429583, "経度": 139.275047, "url": "https://www.iryou.teikyouseido.mhlw.go.jp/znk-web/juminkanja/S2430/initialize?prefCd=10&kikanCd=3100000704&kikanKbn=3", "url2": "http://sasai-dc.com", "内容": "ささい歯科医院【3:歯科】群馬県みどり市大間々町大間々８８９" }, "geometry": { "type": "Point", "coordinates": [ 139.275047, 36.429583 ] } },
{ "type": "Feature", "properties": { "ID": 1033100000705, "正式名称": "山藤矯正歯科クリニック", "機関区分": 3, "都道府県コード": 10, "市区町村コード": 203, "所在地": "群馬県桐生市巴町２－７－７", "緯度": 36.409502, "経度": 139.331238, "url": "https://www.iryou.teikyouseido.mhlw.go.jp/znk-web/juminkanja/S2430/initialize?prefCd=10&kikanCd=3100000705&kikanKbn=3", "url2": null, "内容": "山藤矯正歯科クリニック【3:歯科】群馬県桐生市巴町２－７－７" }, "geometry": { "type": "Point", "coordinates": [ 139.331238, 36.409502 ] } },
{ "type": "Feature", "properties": { "ID": 1033100000706, "正式名称": "塩崎歯科医院", "機関区分": 3, "都道府県コード": 10, "市区町村コード": 203, "所在地": "群馬県桐生市宮前町１－３－２１", "緯度": 36.414696, "経度": 139.326849, "url": "https://www.iryou.teikyouseido.mhlw.go.jp/znk-web/juminkanja/S2430/initialize?prefCd=10&kikanCd=3100000706&kikanKbn=3", "url2": null, "内容": "塩崎歯科医院【3:歯科】群馬県桐生市宮前町１－３－２１" }, "geometry": { "type": "Point", "coordinates": [ 139.326849, 36.414696 ] } },
{ "type": "Feature", "properties": { "ID": 1033100000708, "正式名称": "下山歯科医院", "機関区分": 3, "都道府県コード": 10, "市区町村コード": 203, "所在地": "群馬県桐生市広沢町２－２９７２－５", "緯度": 36.39356, "経度": 139.322378, "url": "https://www.iryou.teikyouseido.mhlw.go.jp/znk-web/juminkanja/S2430/initialize?prefCd=10&kikanCd=3100000708&kikanKbn=3", "url2": "http://www.shimoyama-shika.com", "内容": "下山歯科医院【3:歯科】群馬県桐生市広沢町２－２９７２－５" }, "geometry": { "type": "Point", "coordinates": [ 139.322378, 36.39356 ] } },
{ "type": "Feature", "properties": { "ID": 1033100000709, "正式名称": "しもやま歯科医院", "機関区分": 3, "都道府県コード": 10, "市区町村コード": 212, "所在地": "群馬県みどり市笠懸町鹿４２３７－２", "緯度": 36.382921, "経度": 139.273605, "url": "https://www.iryou.teikyouseido.mhlw.go.jp/znk-web/juminkanja/S2430/initialize?prefCd=10&kikanCd=3100000709&kikanKbn=3", "url2": null, "内容": "しもやま歯科医院【3:歯科】群馬県みどり市笠懸町鹿４２３７－２" }, "geometry": { "type": "Point", "coordinates": [ 139.273605, 36.382921 ] } },
{ "type": "Feature", "properties": { "ID": 1033100000710, "正式名称": "下山歯科クリニック", "機関区分": 3, "都道府県コード": 10, "市区町村コード": 203, "所在地": "群馬県桐生市相生町３－６３３－２", "緯度": 36.422639, "経度": 139.3031, "url": "https://www.iryou.teikyouseido.mhlw.go.jp/znk-web/juminkanja/S2430/initialize?prefCd=10&kikanCd=3100000710&kikanKbn=3", "url2": null, "内容": "下山歯科クリニック【3:歯科】群馬県桐生市相生町３－６３３－２" }, "geometry": { "type": "Point", "coordinates": [ 139.3031, 36.422639 ] } },
{ "type": "Feature", "properties": { "ID": 1033100000711, "正式名称": "じゅん歯科医院", "機関区分": 3, "都道府県コード": 10, "市区町村コード": 203, "所在地": "群馬県桐生市菱町２－１８５４－５", "緯度": 36.411947, "経度": 139.357874, "url": "https://www.iryou.teikyouseido.mhlw.go.jp/znk-web/juminkanja/S2430/initialize?prefCd=10&kikanCd=3100000711&kikanKbn=3", "url2": null, "内容": "じゅん歯科医院【3:歯科】群馬県桐生市菱町２－１８５４－５" }, "geometry": { "type": "Point", "coordinates": [ 139.357874, 36.411947 ] } },
{ "type": "Feature", "properties": { "ID": 1033100000712, "正式名称": "すが歯科医院", "機関区分": 3, "都道府県コード": 10, "市区町村コード": 212, "所在地": "群馬県みどり市大間々町大間々", "緯度": 36.434054, "経度": 139.276685, "url": "https://www.iryou.teikyouseido.mhlw.go.jp/znk-web/juminkanja/S2430/initialize?prefCd=10&kikanCd=3100000712&kikanKbn=3", "url2": "http://www.sugadental.com/", "内容": "すが歯科医院【3:歯科】群馬県みどり市大間々町大間々" }, "geometry": { "type": "Point", "coordinates": [ 139.276685, 36.434054 ] } },
{ "type": "Feature", "properties": { "ID": 1033100000714, "正式名称": "須藤歯科医院", "機関区分": 3, "都道府県コード": 10, "市区町村コード": 203, "所在地": "群馬県桐生市東７－１－２１", "緯度": 36.40567, "経度": 139.346237, "url": "https://www.iryou.teikyouseido.mhlw.go.jp/znk-web/juminkanja/S2430/initialize?prefCd=10&kikanCd=3100000714&kikanKbn=3", "url2": null, "内容": "須藤歯科医院【3:歯科】群馬県桐生市東７－１－２１" }, "geometry": { "type": "Point", "coordinates": [ 139.346237, 36.40567 ] } },
{ "type": "Feature", "properties": { "ID": 1033100000715, "正式名称": "須藤歯科医院", "機関区分": 3, "都道府県コード": 10, "市区町村コード": 203, "所在地": "群馬県桐生市境野町７－１９０－８", "緯度": 36.380478, "経度": 139.359459, "url": "https://www.iryou.teikyouseido.mhlw.go.jp/znk-web/juminkanja/S2430/initialize?prefCd=10&kikanCd=3100000715&kikanKbn=3", "url2": null, "内容": "須藤歯科医院【3:歯科】群馬県桐生市境野町７－１９０－８" }, "geometry": { "type": "Point", "coordinates": [ 139.359459, 36.380478 ] } },
{ "type": "Feature", "properties": { "ID": 1033100000716, "正式名称": "医療法人須永歯科医院", "機関区分": 3, "都道府県コード": 10, "市区町村コード": 203, "所在地": "群馬県桐生市永楽町６－２１", "緯度": 36.412086, "経度": 139.336737, "url": "https://www.iryou.teikyouseido.mhlw.go.jp/znk-web/juminkanja/S2430/initialize?prefCd=10&kikanCd=3100000716&kikanKbn=3", "url2": null, "内容": "医療法人須永歯科医院【3:歯科】群馬県桐生市永楽町６－２１" }, "geometry": { "type": "Point", "coordinates": [ 139.336737, 36.412086 ] } },
{ "type": "Feature", "properties": { "ID": 1033100000718, "正式名称": "すなが歯科クリニック", "機関区分": 3, "都道府県コード": 10, "市区町村コード": 203, "所在地": "群馬県桐生市新里町新川４０４０－９", "緯度": 36.418695, "経度": 139.262993, "url": "https://www.iryou.teikyouseido.mhlw.go.jp/znk-web/juminkanja/S2430/initialize?prefCd=10&kikanCd=3100000718&kikanKbn=3", "url2": null, "内容": "すなが歯科クリニック【3:歯科】群馬県桐生市新里町新川４０４０－９" }, "geometry": { "type": "Point", "coordinates": [ 139.262993, 36.418695 ] } },
{ "type": "Feature", "properties": { "ID": 1033100000719, "正式名称": "諏訪歯科医院", "機関区分": 3, "都道府県コード": 10, "市区町村コード": 203, "所在地": "群馬県桐生市川内町２－２３６－１", "緯度": 36.428445, "経度": 139.310627, "url": "https://www.iryou.teikyouseido.mhlw.go.jp/znk-web/juminkanja/S2430/initialize?prefCd=10&kikanCd=3100000719&kikanKbn=3", "url2": "http://suwa-dc..net", "内容": "諏訪歯科医院【3:歯科】群馬県桐生市川内町２－２３６－１" }, "geometry": { "type": "Point", "coordinates": [ 139.310627, 36.428445 ] } },
{ "type": "Feature", "properties": { "ID": 1033100000720, "正式名称": "髙木歯科医院", "機関区分": 3, "都道府県コード": 10, "市区町村コード": 203, "所在地": "群馬県桐生市清瀬町２－１８", "緯度": 36.405864, "経度": 139.325655, "url": "https://www.iryou.teikyouseido.mhlw.go.jp/znk-web/juminkanja/S2430/initialize?prefCd=10&kikanCd=3100000720&kikanKbn=3", "url2": "http://t-dentclinic.com/", "内容": "髙木歯科医院【3:歯科】群馬県桐生市清瀬町２－１８" }, "geometry": { "type": "Point", "coordinates": [ 139.325655, 36.405864 ] } },
{ "type": "Feature", "properties": { "ID": 1033100000721, "正式名称": "医療法人青樹会たかぎ歯科医院", "機関区分": 3, "都道府県コード": 10, "市区町村コード": 203, "所在地": "群馬県桐生市新里町山上天笠南５００－１", "緯度": 36.418889, "経度": 139.232273, "url": "https://www.iryou.teikyouseido.mhlw.go.jp/znk-web/juminkanja/S2430/initialize?prefCd=10&kikanCd=3100000721&kikanKbn=3", "url2": null, "内容": "医療法人青樹会たかぎ歯科医院【3:歯科】群馬県桐生市新里町山上天笠南５００－１" }, "geometry": { "type": "Point", "coordinates": [ 139.232273, 36.418889 ] } },
{ "type": "Feature", "properties": { "ID": 1033100000722, "正式名称": "高島歯科医院", "機関区分": 3, "都道府県コード": 10, "市区町村コード": 203, "所在地": "群馬県桐生市錦町２－１４－１４", "緯度": 36.40267, "経度": 139.334404, "url": "https://www.iryou.teikyouseido.mhlw.go.jp/znk-web/juminkanja/S2430/initialize?prefCd=10&kikanCd=3100000722&kikanKbn=3", "url2": null, "内容": "高島歯科医院【3:歯科】群馬県桐生市錦町２－１４－１４" }, "geometry": { "type": "Point", "coordinates": [ 139.334404, 36.40267 ] } },
{ "type": "Feature", "properties": { "ID": 1033100000725, "正式名称": "とおる歯科医院", "機関区分": 3, "都道府県コード": 10, "市区町村コード": 203, "所在地": "群馬県桐生市川内町三丁目３３１－９", "緯度": 36.431611, "経度": 139.30235, "url": "https://www.iryou.teikyouseido.mhlw.go.jp/znk-web/juminkanja/S2430/initialize?prefCd=10&kikanCd=3100000725&kikanKbn=3", "url2": null, "内容": "とおる歯科医院【3:歯科】群馬県桐生市川内町三丁目３３１－９" }, "geometry": { "type": "Point", "coordinates": [ 139.30235, 36.431611 ] } },
{ "type": "Feature", "properties": { "ID": 1033100000726, "正式名称": "鳥羽歯科医院", "機関区分": 3, "都道府県コード": 10, "市区町村コード": 203, "所在地": "群馬県桐生市相生町２－６２４", "緯度": 36.413252, "経度": 139.303823, "url": "https://www.iryou.teikyouseido.mhlw.go.jp/znk-web/juminkanja/S2430/initialize?prefCd=10&kikanCd=3100000726&kikanKbn=3", "url2": "https://www.toba-dc.com/", "内容": "鳥羽歯科医院【3:歯科】群馬県桐生市相生町２－６２４" }, "geometry": { "type": "Point", "coordinates": [ 139.303823, 36.413252 ] } },
{ "type": "Feature", "properties": { "ID": 1033100000727, "正式名称": "内藤歯科医院", "機関区分": 3, "都道府県コード": 10, "市区町村コード": 203, "所在地": "群馬県桐生市末広町", "緯度": 36.41228, "経度": 139.334959, "url": "https://www.iryou.teikyouseido.mhlw.go.jp/znk-web/juminkanja/S2430/initialize?prefCd=10&kikanCd=3100000727&kikanKbn=3", "url2": null, "内容": "内藤歯科医院【3:歯科】群馬県桐生市末広町" }, "geometry": { "type": "Point", "coordinates": [ 139.334959, 36.41228 ] } },
{ "type": "Feature", "properties": { "ID": 1033100000728, "正式名称": "長澤歯科医院", "機関区分": 3, "都道府県コード": 10, "市区町村コード": 203, "所在地": "群馬県桐生市本町４－７３", "緯度": 36.411614, "経度": 139.340515, "url": "https://www.iryou.teikyouseido.mhlw.go.jp/znk-web/juminkanja/S2430/initialize?prefCd=10&kikanCd=3100000728&kikanKbn=3", "url2": null, "内容": "長澤歯科医院【3:歯科】群馬県桐生市本町４－７３" }, "geometry": { "type": "Point", "coordinates": [ 139.340515, 36.411614 ] } },
{ "type": "Feature", "properties": { "ID": 1033100000729, "正式名称": "医療法人　明和会　中島歯科医院", "機関区分": 3, "都道府県コード": 10, "市区町村コード": 203, "所在地": "群馬県桐生市琴平町１１－１１", "緯度": 36.394226, "経度": 139.339321, "url": "https://www.iryou.teikyouseido.mhlw.go.jp/znk-web/juminkanja/S2430/initialize?prefCd=10&kikanCd=3100000729&kikanKbn=3", "url2": "http://www.nakajima-shika.com", "内容": "医療法人　明和会　中島歯科医院【3:歯科】群馬県桐生市琴平町１１－１１" }, "geometry": { "type": "Point", "coordinates": [ 139.339321, 36.394226 ] } },
{ "type": "Feature", "properties": { "ID": 1033100000731, "正式名称": "医療法人資生会", "機関区分": 3, "都道府県コード": 10, "市区町村コード": 203, "所在地": "群馬県桐生市新里町新川１２５５－３", "緯度": 36.415695, "経度": 139.257216, "url": "https://www.iryou.teikyouseido.mhlw.go.jp/znk-web/juminkanja/S2430/initialize?prefCd=10&kikanCd=3100000731&kikanKbn=3", "url2": null, "内容": "医療法人資生会【3:歯科】群馬県桐生市新里町新川１２５５－３" }, "geometry": { "type": "Point", "coordinates": [ 139.257216, 36.415695 ] } },
{ "type": "Feature", "properties": { "ID": 1033100000732, "正式名称": "野田歯科クリニック", "機関区分": 3, "都道府県コード": 10, "市区町村コード": 203, "所在地": "群馬県桐生市広沢町４－２２８１－３", "緯度": 36.383366, "経度": 139.3336, "url": "https://www.iryou.teikyouseido.mhlw.go.jp/znk-web/juminkanja/S2430/initialize?prefCd=10&kikanCd=3100000732&kikanKbn=3", "url2": null, "内容": "野田歯科クリニック【3:歯科】群馬県桐生市広沢町４－２２８１－３" }, "geometry": { "type": "Point", "coordinates": [ 139.3336, 36.383366 ] } },
{ "type": "Feature", "properties": { "ID": 1033100000733, "正式名称": "はしづめ歯科医院", "機関区分": 3, "都道府県コード": 10, "市区町村コード": 212, "所在地": "群馬県みどり市笠懸町阿左美１３１６－４", "緯度": 36.389865, "経度": 139.303907, "url": "https://www.iryou.teikyouseido.mhlw.go.jp/znk-web/juminkanja/S2430/initialize?prefCd=10&kikanCd=3100000733&kikanKbn=3", "url2": null, "内容": "はしづめ歯科医院【3:歯科】群馬県みどり市笠懸町阿左美１３１６－４" }, "geometry": { "type": "Point", "coordinates": [ 139.303907, 36.389865 ] } },
{ "type": "Feature", "properties": { "ID": 1033100000735, "正式名称": "引田歯科医院", "機関区分": 3, "都道府県コード": 10, "市区町村コード": 212, "所在地": "群馬県みどり市笠懸町鹿３３１－２", "緯度": 36.393864, "経度": 139.28377, "url": "https://www.iryou.teikyouseido.mhlw.go.jp/znk-web/juminkanja/S2430/initialize?prefCd=10&kikanCd=3100000735&kikanKbn=3", "url2": null, "内容": "引田歯科医院【3:歯科】群馬県みどり市笠懸町鹿３３１－２" }, "geometry": { "type": "Point", "coordinates": [ 139.28377, 36.393864 ] } },
{ "type": "Feature", "properties": { "ID": 1033100000736, "正式名称": "広沢歯科", "機関区分": 3, "都道府県コード": 10, "市区町村コード": 203, "所在地": "群馬県桐生市広沢町", "緯度": 36.388477, "経度": 139.328544, "url": "https://www.iryou.teikyouseido.mhlw.go.jp/znk-web/juminkanja/S2430/initialize?prefCd=10&kikanCd=3100000736&kikanKbn=3", "url2": null, "内容": "広沢歯科【3:歯科】群馬県桐生市広沢町" }, "geometry": { "type": "Point", "coordinates": [ 139.328544, 36.388477 ] } },
{ "type": "Feature", "properties": { "ID": 1033100000737, "正式名称": "ほしの歯科", "機関区分": 3, "都道府県コード": 10, "市区町村コード": 203, "所在地": "群馬県桐生市境野町", "緯度": 36.387922, "経度": 139.350709, "url": "https://www.iryou.teikyouseido.mhlw.go.jp/znk-web/juminkanja/S2430/initialize?prefCd=10&kikanCd=3100000737&kikanKbn=3", "url2": "http://www.hoshino-shika.com", "内容": "ほしの歯科【3:歯科】群馬県桐生市境野町" }, "geometry": { "type": "Point", "coordinates": [ 139.350709, 36.387922 ] } },
{ "type": "Feature", "properties": { "ID": 1033100000738, "正式名称": "ほしの歯科医院", "機関区分": 3, "都道府県コード": 10, "市区町村コード": 212, "所在地": "群馬県みどり市大間々町大間々２４０７－４", "緯度": 36.427416, "経度": 139.277352, "url": "https://www.iryou.teikyouseido.mhlw.go.jp/znk-web/juminkanja/S2430/initialize?prefCd=10&kikanCd=3100000738&kikanKbn=3", "url2": null, "内容": "ほしの歯科医院【3:歯科】群馬県みどり市大間々町大間々２４０７－４" }, "geometry": { "type": "Point", "coordinates": [ 139.277352, 36.427416 ] } },
{ "type": "Feature", "properties": { "ID": 1033100000740, "正式名称": "本町歯科医院", "機関区分": 3, "都道府県コード": 10, "市区町村コード": 203, "所在地": "群馬県桐生市本町５－３６１", "緯度": 36.410752, "経度": 139.338543, "url": "https://www.iryou.teikyouseido.mhlw.go.jp/znk-web/juminkanja/S2430/initialize?prefCd=10&kikanCd=3100000740&kikanKbn=3", "url2": null, "内容": "本町歯科医院【3:歯科】群馬県桐生市本町５－３６１" }, "geometry": { "type": "Point", "coordinates": [ 139.338543, 36.410752 ] } },
{ "type": "Feature", "properties": { "ID": 1033100000741, "正式名称": "松本歯科医院", "機関区分": 3, "都道府県コード": 10, "市区町村コード": 203, "所在地": "群馬県桐生市琴平町３－９", "緯度": 36.394588, "経度": 139.340793, "url": "https://www.iryou.teikyouseido.mhlw.go.jp/znk-web/juminkanja/S2430/initialize?prefCd=10&kikanCd=3100000741&kikanKbn=3", "url2": "https://itp.ne.jp/info/101596479000000899/menu/", "内容": "松本歯科医院【3:歯科】群馬県桐生市琴平町３－９" }, "geometry": { "type": "Point", "coordinates": [ 139.340793, 36.394588 ] } },
{ "type": "Feature", "properties": { "ID": 1033100000742, "正式名称": "松本歯科医院", "機関区分": 3, "都道府県コード": 10, "市区町村コード": 203, "所在地": "群馬県桐生市広沢町５－１４６５", "緯度": 36.379895, "経度": 139.343571, "url": "https://www.iryou.teikyouseido.mhlw.go.jp/znk-web/juminkanja/S2430/initialize?prefCd=10&kikanCd=3100000742&kikanKbn=3", "url2": "http://www.kiryu-matsumoto.com/", "内容": "松本歯科医院【3:歯科】群馬県桐生市広沢町５－１４６５" }, "geometry": { "type": "Point", "coordinates": [ 139.343571, 36.379895 ] } },
{ "type": "Feature", "properties": { "ID": 1033100000743, "正式名称": "松本歯科医院", "機関区分": 3, "都道府県コード": 10, "市区町村コード": 212, "所在地": "群馬県みどり市笠懸町久宮１６５－２", "緯度": 36.380005, "経度": 139.286215, "url": "https://www.iryou.teikyouseido.mhlw.go.jp/znk-web/juminkanja/S2430/initialize?prefCd=10&kikanCd=3100000743&kikanKbn=3", "url2": "https://www.matsumoto-shikaiin.jp", "内容": "松本歯科医院【3:歯科】群馬県みどり市笠懸町久宮１６５－２" }, "geometry": { "type": "Point", "coordinates": [ 139.286215, 36.380005 ] } },
{ "type": "Feature", "properties": { "ID": 1033100000745, "正式名称": "水沼歯科診療所", "機関区分": 3, "都道府県コード": 10, "市区町村コード": 203, "所在地": "群馬県桐生市黒保根町水沼１６４－５", "緯度": 36.501325, "経度": 139.281849, "url": "https://www.iryou.teikyouseido.mhlw.go.jp/znk-web/juminkanja/S2430/initialize?prefCd=10&kikanCd=3100000745&kikanKbn=3", "url2": null, "内容": "水沼歯科診療所【3:歯科】群馬県桐生市黒保根町水沼１６４－５" }, "geometry": { "type": "Point", "coordinates": [ 139.281849, 36.501325 ] } },
{ "type": "Feature", "properties": { "ID": 1033100000746, "正式名称": "ミナミ歯科", "機関区分": 3, "都道府県コード": 10, "市区町村コード": 203, "所在地": "群馬県桐生市新宿", "緯度": 36.401031, "経度": 139.339487, "url": "https://www.iryou.teikyouseido.mhlw.go.jp/znk-web/juminkanja/S2430/initialize?prefCd=10&kikanCd=3100000746&kikanKbn=3", "url2": null, "内容": "ミナミ歯科【3:歯科】群馬県桐生市新宿" }, "geometry": { "type": "Point", "coordinates": [ 139.339487, 36.401031 ] } },
{ "type": "Feature", "properties": { "ID": 1033100000747, "正式名称": "三丸歯科クリニック", "機関区分": 3, "都道府県コード": 10, "市区町村コード": 203, "所在地": "群馬県桐生市相生町４―５９―８", "緯度": 36.425389, "経度": 139.287379, "url": "https://www.iryou.teikyouseido.mhlw.go.jp/znk-web/juminkanja/S2430/initialize?prefCd=10&kikanCd=3100000747&kikanKbn=3", "url2": null, "内容": "三丸歯科クリニック【3:歯科】群馬県桐生市相生町４―５９―８" }, "geometry": { "type": "Point", "coordinates": [ 139.287379, 36.425389 ] } },
{ "type": "Feature", "properties": { "ID": 1033100000749, "正式名称": "籾山歯科医院", "機関区分": 3, "都道府県コード": 10, "市区町村コード": 212, "所在地": "群馬県みどり市笠懸町鹿５９－２　ｎｕｌｌ", "緯度": 36.386754, "経度": 139.286048, "url": "https://www.iryou.teikyouseido.mhlw.go.jp/znk-web/juminkanja/S2430/initialize?prefCd=10&kikanCd=3100000749&kikanKbn=3", "url2": "http://www.nukanai8148.com/", "内容": "籾山歯科医院【3:歯科】群馬県みどり市笠懸町鹿５９－２　ｎｕｌｌ" }, "geometry": { "type": "Point", "coordinates": [ 139.286048, 36.386754 ] } },
{ "type": "Feature", "properties": { "ID": 1033100000750, "正式名称": "森下歯科クリニック", "機関区分": 3, "都道府県コード": 10, "市区町村コード": 203, "所在地": "群馬県桐生市錦町１ー９ー２７", "緯度": 36.406197, "経度": 139.332793, "url": "https://www.iryou.teikyouseido.mhlw.go.jp/znk-web/juminkanja/S2430/initialize?prefCd=10&kikanCd=3100000750&kikanKbn=3", "url2": "http://morishita-shika.jp", "内容": "森下歯科クリニック【3:歯科】群馬県桐生市錦町１ー９ー２７" }, "geometry": { "type": "Point", "coordinates": [ 139.332793, 36.406197 ] } },
{ "type": "Feature", "properties": { "ID": 1033100000751, "正式名称": "モリシマ歯科医院", "機関区分": 3, "都道府県コード": 10, "市区町村コード": 203, "所在地": "群馬県桐生市東４丁目３番１１号", "緯度": 36.409947, "経度": 139.346097, "url": "https://www.iryou.teikyouseido.mhlw.go.jp/znk-web/juminkanja/S2430/initialize?prefCd=10&kikanCd=3100000751&kikanKbn=3", "url2": null, "内容": "モリシマ歯科医院【3:歯科】群馬県桐生市東４丁目３番１１号" }, "geometry": { "type": "Point", "coordinates": [ 139.346097, 36.409947 ] } },
{ "type": "Feature", "properties": { "ID": 1033100000752, "正式名称": "矢嶋歯科医院", "機関区分": 3, "都道府県コード": 10, "市区町村コード": 203, "所在地": "群馬県桐生市新宿１－１２－１０", "緯度": 36.40042, "経度": 139.336321, "url": "https://www.iryou.teikyouseido.mhlw.go.jp/znk-web/juminkanja/S2430/initialize?prefCd=10&kikanCd=3100000752&kikanKbn=3", "url2": null, "内容": "矢嶋歯科医院【3:歯科】群馬県桐生市新宿１－１２－１０" }, "geometry": { "type": "Point", "coordinates": [ 139.336321, 36.40042 ] } },
{ "type": "Feature", "properties": { "ID": 1033100000753, "正式名称": "山﨑歯科医院", "機関区分": 3, "都道府県コード": 10, "市区町村コード": 203, "所在地": "群馬県桐生市永楽町１－３５", "緯度": 36.413613, "経度": 139.338098, "url": "https://www.iryou.teikyouseido.mhlw.go.jp/znk-web/juminkanja/S2430/initialize?prefCd=10&kikanCd=3100000753&kikanKbn=3", "url2": null, "内容": "山﨑歯科医院【3:歯科】群馬県桐生市永楽町１－３５" }, "geometry": { "type": "Point", "coordinates": [ 139.338098, 36.413613 ] } },
{ "type": "Feature", "properties": { "ID": 1033100000754, "正式名称": "鎗田歯科医院", "機関区分": 3, "都道府県コード": 10, "市区町村コード": 203, "所在地": "群馬県桐生市本町５－３５１", "緯度": 36.41151, "経度": 139.338539, "url": "https://www.iryou.teikyouseido.mhlw.go.jp/znk-web/juminkanja/S2430/initialize?prefCd=10&kikanCd=3100000754&kikanKbn=3", "url2": "https://www.yaritashika.com/", "内容": "鎗田歯科医院【3:歯科】群馬県桐生市本町５－３５１" }, "geometry": { "type": "Point", "coordinates": [ 139.338539, 36.41151 ] } },
{ "type": "Feature", "properties": { "ID": 1033100000755, "正式名称": "百合歯科医院", "機関区分": 3, "都道府県コード": 10, "市区町村コード": 203, "所在地": "群馬県桐生市仲町３－３－３", "緯度": 36.407947, "経度": 139.341931, "url": "https://www.iryou.teikyouseido.mhlw.go.jp/znk-web/juminkanja/S2430/initialize?prefCd=10&kikanCd=3100000755&kikanKbn=3", "url2": null, "内容": "百合歯科医院【3:歯科】群馬県桐生市仲町３－３－３" }, "geometry": { "type": "Point", "coordinates": [ 139.341931, 36.407947 ] } },
{ "type": "Feature", "properties": { "ID": 1033100000756, "正式名称": "わかつき歯科", "機関区分": 3, "都道府県コード": 10, "市区町村コード": 212, "所在地": "群馬県みどり市大間々町大間々４４２ー４１", "緯度": 36.419056, "経度": 139.287269, "url": "https://www.iryou.teikyouseido.mhlw.go.jp/znk-web/juminkanja/S2430/initialize?prefCd=10&kikanCd=3100000756&kikanKbn=3", "url2": null, "内容": "わかつき歯科【3:歯科】群馬県みどり市大間々町大間々４４２ー４１" }, "geometry": { "type": "Point", "coordinates": [ 139.287269, 36.419056 ] } },
{ "type": "Feature", "properties": { "ID": 1033100000757, "正式名称": "医療法人わたなべ歯科クリニック", "機関区分": 3, "都道府県コード": 10, "市区町村コード": 203, "所在地": "群馬県桐生市相生町５－５８９－３", "緯度": 36.409835, "経度": 139.298713, "url": "https://www.iryou.teikyouseido.mhlw.go.jp/znk-web/juminkanja/S2430/initialize?prefCd=10&kikanCd=3100000757&kikanKbn=3", "url2": "http://www.wwww.dental", "内容": "医療法人わたなべ歯科クリニック【3:歯科】群馬県桐生市相生町５－５８９－３" }, "geometry": { "type": "Point", "coordinates": [ 139.298713, 36.409835 ] } },
{ "type": "Feature", "properties": { "ID": 1033100000759, "正式名称": "ますやま歯科医院", "機関区分": 3, "都道府県コード": 10, "市区町村コード": 203, "所在地": "群馬県桐生市仲町１－７－１２", "緯度": 36.41428, "経度": 139.344459, "url": "https://www.iryou.teikyouseido.mhlw.go.jp/znk-web/juminkanja/S2430/initialize?prefCd=10&kikanCd=3100000759&kikanKbn=3", "url2": null, "内容": "ますやま歯科医院【3:歯科】群馬県桐生市仲町１－７－１２" }, "geometry": { "type": "Point", "coordinates": [ 139.344459, 36.41428 ] } },
{ "type": "Feature", "properties": { "ID": 1033100000760, "正式名称": "青木歯科医院", "機関区分": 3, "都道府県コード": 10, "市区町村コード": 205, "所在地": "群馬県太田市丸山町２０５", "緯度": 36.340316, "経度": 139.379126, "url": "https://www.iryou.teikyouseido.mhlw.go.jp/znk-web/juminkanja/S2430/initialize?prefCd=10&kikanCd=3100000760&kikanKbn=3", "url2": null, "内容": "青木歯科医院【3:歯科】群馬県太田市丸山町２０５" }, "geometry": { "type": "Point", "coordinates": [ 139.379126, 36.340316 ] } },
{ "type": "Feature", "properties": { "ID": 1033100000762, "正式名称": "阿部歯科医院", "機関区分": 3, "都道府県コード": 10, "市区町村コード": 205, "所在地": "群馬県太田市只上町３２２－１", "緯度": 36.330734, "経度": 139.397236, "url": "https://www.iryou.teikyouseido.mhlw.go.jp/znk-web/juminkanja/S2430/initialize?prefCd=10&kikanCd=3100000762&kikanKbn=3", "url2": null, "内容": "阿部歯科医院【3:歯科】群馬県太田市只上町３２２－１" }, "geometry": { "type": "Point", "coordinates": [ 139.397236, 36.330734 ] } },
{ "type": "Feature", "properties": { "ID": 1033100000763, "正式名称": "あまぬま歯科クリニック", "機関区分": 3, "都道府県コード": 10, "市区町村コード": 205, "所在地": "群馬県太田市南矢島町", "緯度": 36.263075, "経度": 139.379963, "url": "https://www.iryou.teikyouseido.mhlw.go.jp/znk-web/juminkanja/S2430/initialize?prefCd=10&kikanCd=3100000763&kikanKbn=3", "url2": null, "内容": "あまぬま歯科クリニック【3:歯科】群馬県太田市南矢島町" }, "geometry": { "type": "Point", "coordinates": [ 139.379963, 36.263075 ] } },
{ "type": "Feature", "properties": { "ID": 1033100000765, "正式名称": "いいだ歯科医院", "機関区分": 3, "都道府県コード": 10, "市区町村コード": 205, "所在地": "群馬県太田市新田木崎町８３", "緯度": 36.272128, "経度": 139.310662, "url": "https://www.iryou.teikyouseido.mhlw.go.jp/znk-web/juminkanja/S2430/initialize?prefCd=10&kikanCd=3100000765&kikanKbn=3", "url2": null, "内容": "いいだ歯科医院【3:歯科】群馬県太田市新田木崎町８３" }, "geometry": { "type": "Point", "coordinates": [ 139.310662, 36.272128 ] } },
{ "type": "Feature", "properties": { "ID": 1033100000766, "正式名称": "飯塚歯科医院", "機関区分": 3, "都道府県コード": 10, "市区町村コード": 205, "所在地": "群馬県太田市尾島町１６１−９", "緯度": 36.259435, "経度": 139.325828, "url": "https://www.iryou.teikyouseido.mhlw.go.jp/znk-web/juminkanja/S2430/initialize?prefCd=10&kikanCd=3100000766&kikanKbn=3", "url2": "https:www.iizuka-dc.jp/", "内容": "飯塚歯科医院【3:歯科】群馬県太田市尾島町１６１−９" }, "geometry": { "type": "Point", "coordinates": [ 139.325828, 36.259435 ] } },
{ "type": "Feature", "properties": { "ID": 1033100000767, "正式名称": "いいづか歯科医院", "機関区分": 3, "都道府県コード": 10, "市区町村コード": 205, "所在地": "群馬県太田市大原町４０５－３１", "緯度": 36.354758, "経度": 139.293965, "url": "https://www.iryou.teikyouseido.mhlw.go.jp/znk-web/juminkanja/S2430/initialize?prefCd=10&kikanCd=3100000767&kikanKbn=3", "url2": null, "内容": "いいづか歯科医院【3:歯科】群馬県太田市大原町４０５－３１" }, "geometry": { "type": "Point", "coordinates": [ 139.293965, 36.354758 ] } },
{ "type": "Feature", "properties": { "ID": 1033100000768, "正式名称": "五十嵐歯科医院", "機関区分": 3, "都道府県コード": 10, "市区町村コード": 205, "所在地": "群馬県太田市泉町１３７６－４", "緯度": 36.268906, "経度": 139.314246, "url": "https://www.iryou.teikyouseido.mhlw.go.jp/znk-web/juminkanja/S2430/initialize?prefCd=10&kikanCd=3100000768&kikanKbn=3", "url2": null, "内容": "五十嵐歯科医院【3:歯科】群馬県太田市泉町１３７６－４" }, "geometry": { "type": "Point", "coordinates": [ 139.314246, 36.268906 ] } },
{ "type": "Feature", "properties": { "ID": 1033100000770, "正式名称": "伊丹歯科医院", "機関区分": 3, "都道府県コード": 10, "市区町村コード": 205, "所在地": "群馬県太田市細谷町１１７７", "緯度": 36.28185, "経度": 139.348048, "url": "https://www.iryou.teikyouseido.mhlw.go.jp/znk-web/juminkanja/S2430/initialize?prefCd=10&kikanCd=3100000770&kikanKbn=3", "url2": null, "内容": "伊丹歯科医院【3:歯科】群馬県太田市細谷町１１７７" }, "geometry": { "type": "Point", "coordinates": [ 139.348048, 36.28185 ] } },
{ "type": "Feature", "properties": { "ID": 1033100000772, "正式名称": "いのおか歯科医院", "機関区分": 3, "都道府県コード": 10, "市区町村コード": 205, "所在地": "群馬県太田市新田市野井町６９９－１", "緯度": 36.30493, "経度": 139.304022, "url": "https://www.iryou.teikyouseido.mhlw.go.jp/znk-web/juminkanja/S2430/initialize?prefCd=10&kikanCd=3100000772&kikanKbn=3", "url2": "http://www.inooka.com", "内容": "いのおか歯科医院【3:歯科】群馬県太田市新田市野井町６９９－１" }, "geometry": { "type": "Point", "coordinates": [ 139.304022, 36.30493 ] } },
{ "type": "Feature", "properties": { "ID": 1033100000773, "正式名称": "ガーデン歯科", "機関区分": 3, "都道府県コード": 10, "市区町村コード": 201, "所在地": "群馬県前橋市小屋原町４７２－１", "緯度": 36.356119, "経度": 139.129669, "url": "https://www.iryou.teikyouseido.mhlw.go.jp/znk-web/juminkanja/S2430/initialize?prefCd=10&kikanCd=3100000773&kikanKbn=3", "url2": null, "内容": "ガーデン歯科【3:歯科】群馬県前橋市小屋原町４７２－１" }, "geometry": { "type": "Point", "coordinates": [ 139.129669, 36.356119 ] } },
{ "type": "Feature", "properties": { "ID": 1033100000774, "正式名称": "岩﨑歯科医院", "機関区分": 3, "都道府県コード": 10, "市区町村コード": 205, "所在地": "群馬県太田市大原町１３４", "緯度": 36.348592, "経度": 139.293549, "url": "https://www.iryou.teikyouseido.mhlw.go.jp/znk-web/juminkanja/S2430/initialize?prefCd=10&kikanCd=3100000774&kikanKbn=3", "url2": null, "内容": "岩﨑歯科医院【3:歯科】群馬県太田市大原町１３４" }, "geometry": { "type": "Point", "coordinates": [ 139.293549, 36.348592 ] } },
{ "type": "Feature", "properties": { "ID": 1033100000775, "正式名称": "うめざわ歯科クリニック", "機関区分": 3, "都道府県コード": 10, "市区町村コード": 205, "所在地": "群馬県太田市植木野町１３６−４", "緯度": 36.316319, "経度": 139.414291, "url": "https://www.iryou.teikyouseido.mhlw.go.jp/znk-web/juminkanja/S2430/initialize?prefCd=10&kikanCd=3100000775&kikanKbn=3", "url2": null, "内容": "うめざわ歯科クリニック【3:歯科】群馬県太田市植木野町１３６−４" }, "geometry": { "type": "Point", "coordinates": [ 139.414291, 36.316319 ] } },
{ "type": "Feature", "properties": { "ID": 1033100000776, "正式名称": "ＭＫ歯科クリニック", "機関区分": 3, "都道府県コード": 10, "市区町村コード": 205, "所在地": "群馬県太田市新井町５３３－５　ＭＫビル１階", "緯度": 36.285405, "経度": 139.369324, "url": "https://www.iryou.teikyouseido.mhlw.go.jp/znk-web/juminkanja/S2430/initialize?prefCd=10&kikanCd=3100000776&kikanKbn=3", "url2": null, "内容": "ＭＫ歯科クリニック【3:歯科】群馬県太田市新井町５３３－５　ＭＫビル１階" }, "geometry": { "type": "Point", "coordinates": [ 139.369324, 36.285405 ] } },
{ "type": "Feature", "properties": { "ID": 1033100000777, "正式名称": "えんどう歯科", "機関区分": 3, "都道府県コード": 10, "市区町村コード": 205, "所在地": "群馬県太田市飯田町９５８", "緯度": 36.290433, "経度": 139.377295, "url": "https://www.iryou.teikyouseido.mhlw.go.jp/znk-web/juminkanja/S2430/initialize?prefCd=10&kikanCd=3100000777&kikanKbn=3", "url2": "http://www.endoushika.com/index.html", "内容": "えんどう歯科【3:歯科】群馬県太田市飯田町９５８" }, "geometry": { "type": "Point", "coordinates": [ 139.377295, 36.290433 ] } },
{ "type": "Feature", "properties": { "ID": 1033100000778, "正式名称": "医療法人　大川歯科医院", "機関区分": 3, "都道府県コード": 10, "市区町村コード": 205, "所在地": "群馬県太田市矢場新町１１８番地４", "緯度": 36.310181, "経度": 139.418429, "url": "https://www.iryou.teikyouseido.mhlw.go.jp/znk-web/juminkanja/S2430/initialize?prefCd=10&kikanCd=3100000778&kikanKbn=3", "url2": "https://ohkawa-dental.jp/", "内容": "医療法人　大川歯科医院【3:歯科】群馬県太田市矢場新町１１８番地４" }, "geometry": { "type": "Point", "coordinates": [ 139.418429, 36.310181 ] } },
{ "type": "Feature", "properties": { "ID": 1033100000779, "正式名称": "大木歯科クリニック", "機関区分": 3, "都道府県コード": 10, "市区町村コード": 205, "所在地": "群馬県太田市鳥山下町６０６－４", "緯度": 36.311152, "経度": 139.352379, "url": "https://www.iryou.teikyouseido.mhlw.go.jp/znk-web/juminkanja/S2430/initialize?prefCd=10&kikanCd=3100000779&kikanKbn=3", "url2": "http://www.ohki-dental.net/", "内容": "大木歯科クリニック【3:歯科】群馬県太田市鳥山下町６０６－４" }, "geometry": { "type": "Point", "coordinates": [ 139.352379, 36.311152 ] } },
{ "type": "Feature", "properties": { "ID": 1033100000781, "正式名称": "Ｔデンタルオフィス", "機関区分": 3, "都道府県コード": 10, "市区町村コード": 202, "所在地": "群馬県高崎市高関町３０１－１", "緯度": 36.326578, "経度": 139.024294, "url": "https://www.iryou.teikyouseido.mhlw.go.jp/znk-web/juminkanja/S2430/initialize?prefCd=10&kikanCd=3100000781&kikanKbn=3", "url2": "http://www.t-dental-office.com/", "内容": "Ｔデンタルオフィス【3:歯科】群馬県高崎市高関町３０１－１" }, "geometry": { "type": "Point", "coordinates": [ 139.024294, 36.326578 ] } },
{ "type": "Feature", "properties": { "ID": 1033100000782, "正式名称": "大美賀歯科医院", "機関区分": 3, "都道府県コード": 10, "市区町村コード": 205, "所在地": "群馬県太田市上小林町２３５－１", "緯度": 36.314208, "経度": 139.398625, "url": "https://www.iryou.teikyouseido.mhlw.go.jp/znk-web/juminkanja/S2430/initialize?prefCd=10&kikanCd=3100000782&kikanKbn=3", "url2": null, "内容": "大美賀歯科医院【3:歯科】群馬県太田市上小林町２３５－１" }, "geometry": { "type": "Point", "coordinates": [ 139.398625, 36.314208 ] } },
{ "type": "Feature", "properties": { "ID": 1033100000784, "正式名称": "おおや歯科医院", "機関区分": 3, "都道府県コード": 10, "市区町村コード": 205, "所在地": "群馬県太田市安良岡町３６０－１", "緯度": 36.308542, "経度": 139.399681, "url": "https://www.iryou.teikyouseido.mhlw.go.jp/znk-web/juminkanja/S2430/initialize?prefCd=10&kikanCd=3100000784&kikanKbn=3", "url2": "https://www.ooyashika.com/", "内容": "おおや歯科医院【3:歯科】群馬県太田市安良岡町３６０－１" }, "geometry": { "type": "Point", "coordinates": [ 139.399681, 36.308542 ] } },
{ "type": "Feature", "properties": { "ID": 1033100000786, "正式名称": "医療法人社団絆尚会　尾島デンタルクリニック", "機関区分": 3, "都道府県コード": 10, "市区町村コード": 205, "所在地": "群馬県太田市下田島町１０４９番", "緯度": 36.267321, "経度": 139.320127, "url": "https://www.iryou.teikyouseido.mhlw.go.jp/znk-web/juminkanja/S2430/initialize?prefCd=10&kikanCd=3100000786&kikanKbn=3", "url2": "https://www.ojimadental.com/", "内容": "医療法人社団絆尚会　尾島デンタルクリニック【3:歯科】群馬県太田市下田島町１０４９番" }, "geometry": { "type": "Point", "coordinates": [ 139.320127, 36.267321 ] } },
{ "type": "Feature", "properties": { "ID": 1033100000787, "正式名称": "尾内歯科医院", "機関区分": 3, "都道府県コード": 10, "市区町村コード": 205, "所在地": "群馬県太田市石橋町８３５", "緯度": 36.331483, "経度": 139.340629, "url": "https://www.iryou.teikyouseido.mhlw.go.jp/znk-web/juminkanja/S2430/initialize?prefCd=10&kikanCd=3100000787&kikanKbn=3", "url2": "http://onaidc.com/", "内容": "尾内歯科医院【3:歯科】群馬県太田市石橋町８３５" }, "geometry": { "type": "Point", "coordinates": [ 139.340629, 36.331483 ] } },
{ "type": "Feature", "properties": { "ID": 1033100000788, "正式名称": "小野歯科医院", "機関区分": 3, "都道府県コード": 10, "市区町村コード": 205, "所在地": "群馬県太田市高林西町８７５－１", "緯度": 36.259491, "経度": 139.366519, "url": "https://www.iryou.teikyouseido.mhlw.go.jp/znk-web/juminkanja/S2430/initialize?prefCd=10&kikanCd=3100000788&kikanKbn=3", "url2": null, "内容": "小野歯科医院【3:歯科】群馬県太田市高林西町８７５－１" }, "geometry": { "type": "Point", "coordinates": [ 139.366519, 36.259491 ] } },
{ "type": "Feature", "properties": { "ID": 1033100000789, "正式名称": "恩田歯科医院", "機関区分": 3, "都道府県コード": 10, "市区町村コード": 205, "所在地": "群馬県太田市藪塚町", "緯度": 36.361118, "経度": 139.312047, "url": "https://www.iryou.teikyouseido.mhlw.go.jp/znk-web/juminkanja/S2430/initialize?prefCd=10&kikanCd=3100000789&kikanKbn=3", "url2": null, "内容": "恩田歯科医院【3:歯科】群馬県太田市藪塚町" }, "geometry": { "type": "Point", "coordinates": [ 139.312047, 36.361118 ] } },
{ "type": "Feature", "properties": { "ID": 1033100000790, "正式名称": "加藤歯科医院", "機関区分": 3, "都道府県コード": 10, "市区町村コード": 205, "所在地": "群馬県太田市新田反町町９４２－３", "緯度": 36.303347, "経度": 139.309661, "url": "https://www.iryou.teikyouseido.mhlw.go.jp/znk-web/juminkanja/S2430/initialize?prefCd=10&kikanCd=3100000790&kikanKbn=3", "url2": null, "内容": "加藤歯科医院【3:歯科】群馬県太田市新田反町町９４２－３" }, "geometry": { "type": "Point", "coordinates": [ 139.309661, 36.303347 ] } },
{ "type": "Feature", "properties": { "ID": 1033100000792, "正式名称": "亀井歯科医院", "機関区分": 3, "都道府県コード": 10, "市区町村コード": 205, "所在地": "群馬県太田市西本町６１－６", "緯度": 36.295987, "経度": 139.358657, "url": "https://www.iryou.teikyouseido.mhlw.go.jp/znk-web/juminkanja/S2430/initialize?prefCd=10&kikanCd=3100000792&kikanKbn=3", "url2": null, "内容": "亀井歯科医院【3:歯科】群馬県太田市西本町６１－６" }, "geometry": { "type": "Point", "coordinates": [ 139.358657, 36.295987 ] } },
{ "type": "Feature", "properties": { "ID": 1033100000793, "正式名称": "河口歯科医院", "機関区分": 3, "都道府県コード": 10, "市区町村コード": 205, "所在地": "群馬県太田市亀岡町５６", "緯度": 36.257296, "経度": 139.321745, "url": "https://www.iryou.teikyouseido.mhlw.go.jp/znk-web/juminkanja/S2430/initialize?prefCd=10&kikanCd=3100000793&kikanKbn=3", "url2": null, "内容": "河口歯科医院【3:歯科】群馬県太田市亀岡町５６" }, "geometry": { "type": "Point", "coordinates": [ 139.321745, 36.257296 ] } },
{ "type": "Feature", "properties": { "ID": 1033100000794, "正式名称": "岸歯科医院", "機関区分": 3, "都道府県コード": 10, "市区町村コード": 205, "所在地": "群馬県太田市亀岡町３０－４", "緯度": 36.25713, "経度": 139.323384, "url": "https://www.iryou.teikyouseido.mhlw.go.jp/znk-web/juminkanja/S2430/initialize?prefCd=10&kikanCd=3100000794&kikanKbn=3", "url2": "https://www.kishi-shika.net/", "内容": "岸歯科医院【3:歯科】群馬県太田市亀岡町３０－４" }, "geometry": { "type": "Point", "coordinates": [ 139.323384, 36.25713 ] } },
{ "type": "Feature", "properties": { "ID": 1033100000795, "正式名称": "きむら歯科医院", "機関区分": 3, "都道府県コード": 10, "市区町村コード": 205, "所在地": "群馬県太田市新島町３４９－１４", "緯度": 36.295932, "経度": 139.389155, "url": "https://www.iryou.teikyouseido.mhlw.go.jp/znk-web/juminkanja/S2430/initialize?prefCd=10&kikanCd=3100000795&kikanKbn=3", "url2": null, "内容": "きむら歯科医院【3:歯科】群馬県太田市新島町３４９－１４" }, "geometry": { "type": "Point", "coordinates": [ 139.389155, 36.295932 ] } },
{ "type": "Feature", "properties": { "ID": 1033100000796, "正式名称": "久保田歯科医院", "機関区分": 3, "都道府県コード": 10, "市区町村コード": 205, "所在地": "群馬県太田市浜町３１－３", "緯度": 36.292405, "経度": 139.369962, "url": "https://www.iryou.teikyouseido.mhlw.go.jp/znk-web/juminkanja/S2430/initialize?prefCd=10&kikanCd=3100000796&kikanKbn=3", "url2": null, "内容": "久保田歯科医院【3:歯科】群馬県太田市浜町３１－３" }, "geometry": { "type": "Point", "coordinates": [ 139.369962, 36.292405 ] } },
{ "type": "Feature", "properties": { "ID": 1033100000797, "正式名称": "くぼた歯科・矯正歯科", "機関区分": 3, "都道府県コード": 10, "市区町村コード": 205, "所在地": "群馬県太田市西新町９９－７", "緯度": 36.268906, "経度": 139.332605, "url": "https://www.iryou.teikyouseido.mhlw.go.jp/znk-web/juminkanja/S2430/initialize?prefCd=10&kikanCd=3100000797&kikanKbn=3", "url2": "http://www.kubota-dc.com", "内容": "くぼた歯科・矯正歯科【3:歯科】群馬県太田市西新町９９－７" }, "geometry": { "type": "Point", "coordinates": [ 139.332605, 36.268906 ] } },
{ "type": "Feature", "properties": { "ID": 1033100000798, "正式名称": "栗原歯科医院", "機関区分": 3, "都道府県コード": 10, "市区町村コード": 205, "所在地": "群馬県太田市尾島町１５０－１", "緯度": 36.258185, "経度": 139.327162, "url": "https://www.iryou.teikyouseido.mhlw.go.jp/znk-web/juminkanja/S2430/initialize?prefCd=10&kikanCd=3100000798&kikanKbn=3", "url2": null, "内容": "栗原歯科医院【3:歯科】群馬県太田市尾島町１５０－１" }, "geometry": { "type": "Point", "coordinates": [ 139.327162, 36.258185 ] } },
{ "type": "Feature", "properties": { "ID": 1033100000799, "正式名称": "くろさわ歯科クリニック", "機関区分": 3, "都道府県コード": 10, "市区町村コード": 205, "所在地": "群馬県太田市由良町７１－１０", "緯度": 36.287571, "経度": 139.350853, "url": "https://www.iryou.teikyouseido.mhlw.go.jp/znk-web/juminkanja/S2430/initialize?prefCd=10&kikanCd=3100000799&kikanKbn=3", "url2": "http://www.kurosawa-dc.com/", "内容": "くろさわ歯科クリニック【3:歯科】群馬県太田市由良町７１－１０" }, "geometry": { "type": "Point", "coordinates": [ 139.350853, 36.287571 ] } },
{ "type": "Feature", "properties": { "ID": 1033100000801, "正式名称": "木暮歯科医院", "機関区分": 3, "都道府県コード": 10, "市区町村コード": 205, "所在地": "群馬県太田市鶴生田町４９６－１", "緯度": 36.320124, "経度": 139.357045, "url": "https://www.iryou.teikyouseido.mhlw.go.jp/znk-web/juminkanja/S2430/initialize?prefCd=10&kikanCd=3100000801&kikanKbn=3", "url2": "https://www.kogure-dental.com/", "内容": "木暮歯科医院【3:歯科】群馬県太田市鶴生田町４９６－１" }, "geometry": { "type": "Point", "coordinates": [ 139.357045, 36.320124 ] } },
{ "type": "Feature", "properties": { "ID": 1033100000802, "正式名称": "ゴスペル歯科クリニック", "機関区分": 3, "都道府県コード": 10, "市区町村コード": 205, "所在地": "群馬県太田市内ケ島町１４３５", "緯度": 36.288794, "経度": 139.397793, "url": "https://www.iryou.teikyouseido.mhlw.go.jp/znk-web/juminkanja/S2430/initialize?prefCd=10&kikanCd=3100000802&kikanKbn=3", "url2": null, "内容": "ゴスペル歯科クリニック【3:歯科】群馬県太田市内ケ島町１４３５" }, "geometry": { "type": "Point", "coordinates": [ 139.397793, 36.288794 ] } },
{ "type": "Feature", "properties": { "ID": 1033100000803, "正式名称": "後藤歯科医院", "機関区分": 3, "都道府県コード": 10, "市区町村コード": 205, "所在地": "群馬県太田市大原町１１９５－４", "緯度": 36.369867, "経度": 139.286743, "url": "https://www.iryou.teikyouseido.mhlw.go.jp/znk-web/juminkanja/S2430/initialize?prefCd=10&kikanCd=3100000803&kikanKbn=3", "url2": null, "内容": "後藤歯科医院【3:歯科】群馬県太田市大原町１１９５－４" }, "geometry": { "type": "Point", "coordinates": [ 139.286743, 36.369867 ] } },
{ "type": "Feature", "properties": { "ID": 1033100000804, "正式名称": "小沼歯科クリニック", "機関区分": 3, "都道府県コード": 10, "市区町村コード": 205, "所在地": "群馬県太田市堀口町３４７－２", "緯度": 36.253602, "経度": 139.324079, "url": "https://www.iryou.teikyouseido.mhlw.go.jp/znk-web/juminkanja/S2430/initialize?prefCd=10&kikanCd=3100000804&kikanKbn=3", "url2": "http://konumashika.cihp2.jp1", "内容": "小沼歯科クリニック【3:歯科】群馬県太田市堀口町３４７－２" }, "geometry": { "type": "Point", "coordinates": [ 139.324079, 36.253602 ] } },
{ "type": "Feature", "properties": { "ID": 1033100000805, "正式名称": "小林歯科", "機関区分": 3, "都道府県コード": 10, "市区町村コード": 205, "所在地": "群馬県太田市新田木崎町１６４３－３", "緯度": 36.287043, "経度": 139.312273, "url": "https://www.iryou.teikyouseido.mhlw.go.jp/znk-web/juminkanja/S2430/initialize?prefCd=10&kikanCd=3100000805&kikanKbn=3", "url2": null, "内容": "小林歯科【3:歯科】群馬県太田市新田木崎町１６４３－３" }, "geometry": { "type": "Point", "coordinates": [ 139.312273, 36.287043 ] } },
{ "type": "Feature", "properties": { "ID": 1033100000806, "正式名称": "さいとう歯科医院", "機関区分": 3, "都道府県コード": 10, "市区町村コード": 205, "所在地": "群馬県太田市浜町１２－９", "緯度": 36.292016, "経度": 139.372851, "url": "https://www.iryou.teikyouseido.mhlw.go.jp/znk-web/juminkanja/S2430/initialize?prefCd=10&kikanCd=3100000806&kikanKbn=3", "url2": null, "内容": "さいとう歯科医院【3:歯科】群馬県太田市浜町１２－９" }, "geometry": { "type": "Point", "coordinates": [ 139.372851, 36.292016 ] } },
{ "type": "Feature", "properties": { "ID": 1033100000807, "正式名称": "さいとう歯科クリニック", "機関区分": 3, "都道府県コード": 10, "市区町村コード": 205, "所在地": "群馬県太田市只上町", "緯度": 36.338345, "経度": 139.394375, "url": "https://www.iryou.teikyouseido.mhlw.go.jp/znk-web/juminkanja/S2430/initialize?prefCd=10&kikanCd=3100000807&kikanKbn=3", "url2": "http://saitodental.cihp.jp/", "内容": "さいとう歯科クリニック【3:歯科】群馬県太田市只上町" }, "geometry": { "type": "Point", "coordinates": [ 139.394375, 36.338345 ] } },
{ "type": "Feature", "properties": { "ID": 1033100000808, "正式名称": "栄田歯科医院", "機関区分": 3, "都道府県コード": 10, "市区町村コード": 205, "所在地": "群馬県太田市世良田町３１４９－２２", "緯度": 36.26149, "経度": 139.27211, "url": "https://www.iryou.teikyouseido.mhlw.go.jp/znk-web/juminkanja/S2430/initialize?prefCd=10&kikanCd=3100000808&kikanKbn=3", "url2": null, "内容": "栄田歯科医院【3:歯科】群馬県太田市世良田町３１４９－２２" }, "geometry": { "type": "Point", "coordinates": [ 139.27211, 36.26149 ] } },
{ "type": "Feature", "properties": { "ID": 1033100000809, "正式名称": "幸生歯科医院", "機関区分": 3, "都道府県コード": 10, "市区町村コード": 205, "所在地": "群馬県太田市新田市野井町６２４－１", "緯度": 36.313235, "経度": 139.304022, "url": "https://www.iryou.teikyouseido.mhlw.go.jp/znk-web/juminkanja/S2430/initialize?prefCd=10&kikanCd=3100000809&kikanKbn=3", "url2": "http://sachio.dentalmall.jp/", "内容": "幸生歯科医院【3:歯科】群馬県太田市新田市野井町６２４－１" }, "geometry": { "type": "Point", "coordinates": [ 139.304022, 36.313235 ] } },
{ "type": "Feature", "properties": { "ID": 1033100000811, "正式名称": "椎名歯科クリニック", "機関区分": 3, "都道府県コード": 10, "市区町村コード": 205, "所在地": "群馬県太田市大原町５０９－２", "緯度": 36.356452, "経度": 139.29641, "url": "https://www.iryou.teikyouseido.mhlw.go.jp/znk-web/juminkanja/S2430/initialize?prefCd=10&kikanCd=3100000811&kikanKbn=3", "url2": null, "内容": "椎名歯科クリニック【3:歯科】群馬県太田市大原町５０９－２" }, "geometry": { "type": "Point", "coordinates": [ 139.29641, 36.356452 ] } },
{ "type": "Feature", "properties": { "ID": 1033100000817, "正式名称": "四分一歯科クリニック", "機関区分": 3, "都道府県コード": 10, "市区町村コード": 205, "所在地": "群馬県太田市由良町１００７", "緯度": 36.294737, "経度": 139.344603, "url": "https://www.iryou.teikyouseido.mhlw.go.jp/znk-web/juminkanja/S2430/initialize?prefCd=10&kikanCd=3100000817&kikanKbn=3", "url2": "http://shibuichi-shika.cihp2.jp", "内容": "四分一歯科クリニック【3:歯科】群馬県太田市由良町１００７" }, "geometry": { "type": "Point", "coordinates": [ 139.344603, 36.294737 ] } },
{ "type": "Feature", "properties": { "ID": 1033100000818, "正式名称": "しまざきデンタルクリニック", "機関区分": 3, "都道府県コード": 10, "市区町村コード": 205, "所在地": "群馬県太田市宝町四六一", "緯度": 36.290626, "経度": 139.332187, "url": "https://www.iryou.teikyouseido.mhlw.go.jp/znk-web/juminkanja/S2430/initialize?prefCd=10&kikanCd=3100000818&kikanKbn=3", "url2": null, "内容": "しまざきデンタルクリニック【3:歯科】群馬県太田市宝町四六一" }, "geometry": { "type": "Point", "coordinates": [ 139.332187, 36.290626 ] } },
{ "type": "Feature", "properties": { "ID": 1033100000819, "正式名称": "一般社団法人太田新田歯科医師会　休日歯科診療所", "機関区分": 3, "都道府県コード": 10, "市区町村コード": 205, "所在地": "群馬県太田市新井町５１６番地１８", "緯度": 36.289933, "経度": 139.374934, "url": "https://www.iryou.teikyouseido.mhlw.go.jp/znk-web/juminkanja/S2430/initialize?prefCd=10&kikanCd=3100000819&kikanKbn=3", "url2": "https://www.ot-nt.com/", "内容": "一般社団法人太田新田歯科医師会　休日歯科診療所【3:歯科】群馬県太田市新井町５１６番地１８" }, "geometry": { "type": "Point", "coordinates": [ 139.374934, 36.289933 ] } },
{ "type": "Feature", "properties": { "ID": 1033100000820, "正式名称": "須藤歯科クリニック", "機関区分": 3, "都道府県コード": 10, "市区町村コード": 205, "所在地": "群馬県太田市石原町９９４－４", "緯度": 36.299071, "経度": 139.406709, "url": "https://www.iryou.teikyouseido.mhlw.go.jp/znk-web/juminkanja/S2430/initialize?prefCd=10&kikanCd=3100000820&kikanKbn=3", "url2": null, "内容": "須藤歯科クリニック【3:歯科】群馬県太田市石原町９９４－４" }, "geometry": { "type": "Point", "coordinates": [ 139.406709, 36.299071 ] } },
{ "type": "Feature", "properties": { "ID": 1033100000821, "正式名称": "医療法人博愛会スマイルデンタルオフィス", "機関区分": 3, "都道府県コード": 10, "市区町村コード": 205, "所在地": "群馬県太田市石原町２１１－３", "緯度": 36.296071, "経度": 139.398932, "url": "https://www.iryou.teikyouseido.mhlw.go.jp/znk-web/juminkanja/S2430/initialize?prefCd=10&kikanCd=3100000821&kikanKbn=3", "url2": "https://www.smile-ota.com/", "内容": "医療法人博愛会スマイルデンタルオフィス【3:歯科】群馬県太田市石原町２１１－３" }, "geometry": { "type": "Point", "coordinates": [ 139.398932, 36.296071 ] } },
{ "type": "Feature", "properties": { "ID": 1033100000824, "正式名称": "関根歯科医院", "機関区分": 3, "都道府県コード": 10, "市区町村コード": 205, "所在地": "群馬県太田市東本町", "緯度": 36.296599, "経度": 139.377628, "url": "https://www.iryou.teikyouseido.mhlw.go.jp/znk-web/juminkanja/S2430/initialize?prefCd=10&kikanCd=3100000824&kikanKbn=3", "url2": "http://www.sekine-shika.com/", "内容": "関根歯科医院【3:歯科】群馬県太田市東本町" }, "geometry": { "type": "Point", "coordinates": [ 139.377628, 36.296599 ] } },
{ "type": "Feature", "properties": { "ID": 1033100000826, "正式名称": "たかはし歯科医院", "機関区分": 3, "都道府県コード": 10, "市区町村コード": 205, "所在地": "群馬県太田市脇屋町５２９－２", "緯度": 36.311735, "経度": 139.334686, "url": "https://www.iryou.teikyouseido.mhlw.go.jp/znk-web/juminkanja/S2430/initialize?prefCd=10&kikanCd=3100000826&kikanKbn=3", "url2": null, "内容": "たかはし歯科医院【3:歯科】群馬県太田市脇屋町５２９－２" }, "geometry": { "type": "Point", "coordinates": [ 139.334686, 36.311735 ] } },
{ "type": "Feature", "properties": { "ID": 1033100000827, "正式名称": "竹部歯科医院", "機関区分": 3, "都道府県コード": 10, "市区町村コード": 205, "所在地": "群馬県太田市新野町１２６４－２", "緯度": 36.305375, "経度": 139.345963, "url": "https://www.iryou.teikyouseido.mhlw.go.jp/znk-web/juminkanja/S2430/initialize?prefCd=10&kikanCd=3100000827&kikanKbn=3", "url2": "http://takebeshika.jp/", "内容": "竹部歯科医院【3:歯科】群馬県太田市新野町１２６４－２" }, "geometry": { "type": "Point", "coordinates": [ 139.345963, 36.305375 ] } },
{ "type": "Feature", "properties": { "ID": 1033100000828, "正式名称": "たちかわ歯科医院", "機関区分": 3, "都道府県コード": 10, "市区町村コード": 205, "所在地": "群馬県太田市龍舞町５５６９", "緯度": 36.273685, "経度": 139.415765, "url": "https://www.iryou.teikyouseido.mhlw.go.jp/znk-web/juminkanja/S2430/initialize?prefCd=10&kikanCd=3100000828&kikanKbn=3", "url2": "http://www.tachikawa-dental.com/", "内容": "たちかわ歯科医院【3:歯科】群馬県太田市龍舞町５５６９" }, "geometry": { "type": "Point", "coordinates": [ 139.415765, 36.273685 ] } },
{ "type": "Feature", "properties": { "ID": 1033100000829, "正式名称": "医療法人智慈会ちえ美歯科医院", "機関区分": 3, "都道府県コード": 10, "市区町村コード": 205, "所在地": "群馬県太田市龍舞町１６７０番地の３５", "緯度": 36.285128, "経度": 139.403515, "url": "https://www.iryou.teikyouseido.mhlw.go.jp/znk-web/juminkanja/S2430/initialize?prefCd=10&kikanCd=3100000829&kikanKbn=3", "url2": null, "内容": "医療法人智慈会ちえ美歯科医院【3:歯科】群馬県太田市龍舞町１６７０番地の３５" }, "geometry": { "type": "Point", "coordinates": [ 139.403515, 36.285128 ] } },
{ "type": "Feature", "properties": { "ID": 1033100000830, "正式名称": "中央歯科クリニック", "機関区分": 3, "都道府県コード": 10, "市区町村コード": 205, "所在地": "群馬県太田市新田上江田町７３５－１", "緯度": 36.298042, "経度": 139.296829, "url": "https://www.iryou.teikyouseido.mhlw.go.jp/znk-web/juminkanja/S2430/initialize?prefCd=10&kikanCd=3100000830&kikanKbn=3", "url2": null, "内容": "中央歯科クリニック【3:歯科】群馬県太田市新田上江田町７３５－１" }, "geometry": { "type": "Point", "coordinates": [ 139.296829, 36.298042 ] } },
{ "type": "Feature", "properties": { "ID": 1033100000831, "正式名称": "ツイヒジ歯科医院", "機関区分": 3, "都道府県コード": 10, "市区町村コード": 205, "所在地": "群馬県太田市東矢島町１０３８－８", "緯度": 36.270879, "経度": 139.383795, "url": "https://www.iryou.teikyouseido.mhlw.go.jp/znk-web/juminkanja/S2430/initialize?prefCd=10&kikanCd=3100000831&kikanKbn=3", "url2": null, "内容": "ツイヒジ歯科医院【3:歯科】群馬県太田市東矢島町１０３８－８" }, "geometry": { "type": "Point", "coordinates": [ 139.383795, 36.270879 ] } },
{ "type": "Feature", "properties": { "ID": 1033100000833, "正式名称": "とねき矯正歯科医院", "機関区分": 3, "都道府県コード": 10, "市区町村コード": 205, "所在地": "群馬県太田市矢場町", "緯度": 36.30857, "経度": 139.413985, "url": "https://www.iryou.teikyouseido.mhlw.go.jp/znk-web/juminkanja/S2430/initialize?prefCd=10&kikanCd=3100000833&kikanKbn=3", "url2": "http://toneki.jp/", "内容": "とねき矯正歯科医院【3:歯科】群馬県太田市矢場町" }, "geometry": { "type": "Point", "coordinates": [ 139.413985, 36.30857 ] } },
{ "type": "Feature", "properties": { "ID": 1033100000835, "正式名称": "永倉歯科医院", "機関区分": 3, "都道府県コード": 10, "市区町村コード": 205, "所在地": "群馬県太田市新井町２２２－４", "緯度": 36.284156, "経度": 139.373545, "url": "https://www.iryou.teikyouseido.mhlw.go.jp/znk-web/juminkanja/S2430/initialize?prefCd=10&kikanCd=3100000835&kikanKbn=3", "url2": null, "内容": "永倉歯科医院【3:歯科】群馬県太田市新井町２２２－４" }, "geometry": { "type": "Point", "coordinates": [ 139.373545, 36.284156 ] } },
{ "type": "Feature", "properties": { "ID": 1033100000836, "正式名称": "長島歯科医院", "機関区分": 3, "都道府県コード": 10, "市区町村コード": 205, "所在地": "群馬県太田市矢田堀町", "緯度": 36.334706, "経度": 139.384042, "url": "https://www.iryou.teikyouseido.mhlw.go.jp/znk-web/juminkanja/S2430/initialize?prefCd=10&kikanCd=3100000836&kikanKbn=3", "url2": null, "内容": "長島歯科医院【3:歯科】群馬県太田市矢田堀町" }, "geometry": { "type": "Point", "coordinates": [ 139.384042, 36.334706 ] } },
{ "type": "Feature", "properties": { "ID": 1033100000837, "正式名称": "医療法人聖ぶどうの会中野歯科医院", "機関区分": 3, "都道府県コード": 10, "市区町村コード": 205, "所在地": "群馬県太田市成塚町１５０－８５", "緯度": 36.332983, "経度": 139.34574, "url": "https://www.iryou.teikyouseido.mhlw.go.jp/znk-web/juminkanja/S2430/initialize?prefCd=10&kikanCd=3100000837&kikanKbn=3", "url2": "http://www.dc-nakano.com/", "内容": "医療法人聖ぶどうの会中野歯科医院【3:歯科】群馬県太田市成塚町１５０－８５" }, "geometry": { "type": "Point", "coordinates": [ 139.34574, 36.332983 ] } },
{ "type": "Feature", "properties": { "ID": 1033100000838, "正式名称": "医療法人西ばやし歯科医院", "機関区分": 3, "都道府県コード": 10, "市区町村コード": 205, "所在地": "群馬県太田市飯塚町１５９２", "緯度": 36.283906, "経度": 139.379573, "url": "https://www.iryou.teikyouseido.mhlw.go.jp/znk-web/juminkanja/S2430/initialize?prefCd=10&kikanCd=3100000838&kikanKbn=3", "url2": "http://www.nishibayashi-dc.com/index.html", "内容": "医療法人西ばやし歯科医院【3:歯科】群馬県太田市飯塚町１５９２" }, "geometry": { "type": "Point", "coordinates": [ 139.379573, 36.283906 ] } },
{ "type": "Feature", "properties": { "ID": 1033100000844, "正式名称": "橋本歯科医院", "機関区分": 3, "都道府県コード": 10, "市区町村コード": 205, "所在地": "群馬県太田市本町", "緯度": 36.299932, "経度": 139.369962, "url": "https://www.iryou.teikyouseido.mhlw.go.jp/znk-web/juminkanja/S2430/initialize?prefCd=10&kikanCd=3100000844&kikanKbn=3", "url2": null, "内容": "橋本歯科医院【3:歯科】群馬県太田市本町" }, "geometry": { "type": "Point", "coordinates": [ 139.369962, 36.299932 ] } },
{ "type": "Feature", "properties": { "ID": 1033100000845, "正式名称": "橋本歯科クリニック", "機関区分": 3, "都道府県コード": 10, "市区町村コード": 205, "所在地": "群馬県太田市本町２０－１０", "緯度": 36.296265, "経度": 139.373378, "url": "https://www.iryou.teikyouseido.mhlw.go.jp/znk-web/juminkanja/S2430/initialize?prefCd=10&kikanCd=3100000845&kikanKbn=3", "url2": null, "内容": "橋本歯科クリニック【3:歯科】群馬県太田市本町２０－１０" }, "geometry": { "type": "Point", "coordinates": [ 139.373378, 36.296265 ] } },
{ "type": "Feature", "properties": { "ID": 1033100000846, "正式名称": "長谷川歯科医院", "機関区分": 3, "都道府県コード": 10, "市区町村コード": 205, "所在地": "群馬県太田市飯塚町１５０９－３", "緯度": 36.282878, "経度": 139.381461, "url": "https://www.iryou.teikyouseido.mhlw.go.jp/znk-web/juminkanja/S2430/initialize?prefCd=10&kikanCd=3100000846&kikanKbn=3", "url2": null, "内容": "長谷川歯科医院【3:歯科】群馬県太田市飯塚町１５０９－３" }, "geometry": { "type": "Point", "coordinates": [ 139.381461, 36.282878 ] } },
{ "type": "Feature", "properties": { "ID": 1033100000847, "正式名称": "医療法人芳志会　長谷川歯科医院", "機関区分": 3, "都道府県コード": 10, "市区町村コード": 205, "所在地": "群馬県太田市由良町２９４－１", "緯度": 36.290849, "経度": 139.348158, "url": "https://www.iryou.teikyouseido.mhlw.go.jp/znk-web/juminkanja/S2430/initialize?prefCd=10&kikanCd=3100000847&kikanKbn=3", "url2": "http://www.hasegawa-dental-clinic.jp", "内容": "医療法人芳志会　長谷川歯科医院【3:歯科】群馬県太田市由良町２９４－１" }, "geometry": { "type": "Point", "coordinates": [ 139.348158, 36.290849 ] } },
{ "type": "Feature", "properties": { "ID": 1033100000849, "正式名称": "備前島歯科医院", "機関区分": 3, "都道府県コード": 10, "市区町村コード": 205, "所在地": "群馬県太田市高林東町１７８９", "緯度": 36.261075, "経度": 139.377296, "url": "https://www.iryou.teikyouseido.mhlw.go.jp/znk-web/juminkanja/S2430/initialize?prefCd=10&kikanCd=3100000849&kikanKbn=3", "url2": null, "内容": "備前島歯科医院【3:歯科】群馬県太田市高林東町１７８９" }, "geometry": { "type": "Point", "coordinates": [ 139.377296, 36.261075 ] } },
{ "type": "Feature", "properties": { "ID": 1033100000850, "正式名称": "フカサワ歯科クリニック", "機関区分": 3, "都道府県コード": 10, "市区町村コード": 205, "所在地": "群馬県太田市沖野町１７９－１", "緯度": 36.292987, "経度": 139.328854, "url": "https://www.iryou.teikyouseido.mhlw.go.jp/znk-web/juminkanja/S2430/initialize?prefCd=10&kikanCd=3100000850&kikanKbn=3", "url2": null, "内容": "フカサワ歯科クリニック【3:歯科】群馬県太田市沖野町１７９－１" }, "geometry": { "type": "Point", "coordinates": [ 139.328854, 36.292987 ] } },
{ "type": "Feature", "properties": { "ID": 1033100000851, "正式名称": "ふじい歯科・小児歯科", "機関区分": 3, "都道府県コード": 10, "市区町村コード": 205, "所在地": "群馬県太田市東長岡町１３０８－１", "緯度": 36.308237, "経度": 139.388876, "url": "https://www.iryou.teikyouseido.mhlw.go.jp/znk-web/juminkanja/S2430/initialize?prefCd=10&kikanCd=3100000851&kikanKbn=3", "url2": "http://www.fujii-dtl.com/", "内容": "ふじい歯科・小児歯科【3:歯科】群馬県太田市東長岡町１３０８－１" }, "geometry": { "type": "Point", "coordinates": [ 139.388876, 36.308237 ] } },
{ "type": "Feature", "properties": { "ID": 1033100000852, "正式名称": "藤平歯科医院", "機関区分": 3, "都道府県コード": 10, "市区町村コード": 205, "所在地": "群馬県太田市飯塚町７０２－２０", "緯度": 36.276573, "経度": 139.387961, "url": "https://www.iryou.teikyouseido.mhlw.go.jp/znk-web/juminkanja/S2430/initialize?prefCd=10&kikanCd=3100000852&kikanKbn=3", "url2": null, "内容": "藤平歯科医院【3:歯科】群馬県太田市飯塚町７０２－２０" }, "geometry": { "type": "Point", "coordinates": [ 139.387961, 36.276573 ] } },
{ "type": "Feature", "properties": { "ID": 1033100000853, "正式名称": "布施歯科医院", "機関区分": 3, "都道府県コード": 10, "市区町村コード": 205, "所在地": "群馬県太田市下浜田町１２１６－３", "緯度": 36.283072, "経度": 139.361713, "url": "https://www.iryou.teikyouseido.mhlw.go.jp/znk-web/juminkanja/S2430/initialize?prefCd=10&kikanCd=3100000853&kikanKbn=3", "url2": null, "内容": "布施歯科医院【3:歯科】群馬県太田市下浜田町１２１６－３" }, "geometry": { "type": "Point", "coordinates": [ 139.361713, 36.283072 ] } },
{ "type": "Feature", "properties": { "ID": 1033100000854, "正式名称": "医療法人社団一槇会伏島歯科医院", "機関区分": 3, "都道府県コード": 10, "市区町村コード": 205, "所在地": "群馬県太田市藪塚町１６１０－２", "緯度": 36.360035, "経度": 139.305048, "url": "https://www.iryou.teikyouseido.mhlw.go.jp/znk-web/juminkanja/S2430/initialize?prefCd=10&kikanCd=3100000854&kikanKbn=3", "url2": "https://www.fusejima-dc.com", "内容": "医療法人社団一槇会伏島歯科医院【3:歯科】群馬県太田市藪塚町１６１０－２" }, "geometry": { "type": "Point", "coordinates": [ 139.305048, 36.360035 ] } },
{ "type": "Feature", "properties": { "ID": 1033100000856, "正式名称": "堀越歯科医院", "機関区分": 3, "都道府県コード": 10, "市区町村コード": 205, "所在地": "群馬県太田市福沢町９５－９", "緯度": 36.268046, "経度": 139.362269, "url": "https://www.iryou.teikyouseido.mhlw.go.jp/znk-web/juminkanja/S2430/initialize?prefCd=10&kikanCd=3100000856&kikanKbn=3", "url2": null, "内容": "堀越歯科医院【3:歯科】群馬県太田市福沢町９５－９" }, "geometry": { "type": "Point", "coordinates": [ 139.362269, 36.268046 ] } },
{ "type": "Feature", "properties": { "ID": 1033100000857, "正式名称": "めぐみ歯科クリニック", "機関区分": 3, "都道府県コード": 10, "市区町村コード": 205, "所在地": "群馬県太田市粕川町４３８－１", "緯度": 36.262407, "経度": 139.303524, "url": "https://www.iryou.teikyouseido.mhlw.go.jp/znk-web/juminkanja/S2430/initialize?prefCd=10&kikanCd=3100000857&kikanKbn=3", "url2": "http://www.megumishika.com/", "内容": "めぐみ歯科クリニック【3:歯科】群馬県太田市粕川町４３８－１" }, "geometry": { "type": "Point", "coordinates": [ 139.303524, 36.262407 ] } },
{ "type": "Feature", "properties": { "ID": 1033100000858, "正式名称": "医療法人社団　とりの森デンタルケア", "機関区分": 3, "都道府県コード": 10, "市区町村コード": 205, "所在地": "群馬県太田市鳥山中町２７１－１", "緯度": 36.314319, "経度": 139.346081, "url": "https://www.iryou.teikyouseido.mhlw.go.jp/znk-web/juminkanja/S2430/initialize?prefCd=10&kikanCd=3100000858&kikanKbn=3", "url2": "https://www.torinomori.jp", "内容": "医療法人社団　とりの森デンタルケア【3:歯科】群馬県太田市鳥山中町２７１－１" }, "geometry": { "type": "Point", "coordinates": [ 139.346081, 36.314319 ] } },
{ "type": "Feature", "properties": { "ID": 1033100000859, "正式名称": "もろ歯科医院", "機関区分": 3, "都道府県コード": 10, "市区町村コード": 205, "所在地": "群馬県太田市新田上田中町６４３ー１", "緯度": 36.303874, "経度": 139.277747, "url": "https://www.iryou.teikyouseido.mhlw.go.jp/znk-web/juminkanja/S2430/initialize?prefCd=10&kikanCd=3100000859&kikanKbn=3", "url2": null, "内容": "もろ歯科医院【3:歯科】群馬県太田市新田上田中町６４３ー１" }, "geometry": { "type": "Point", "coordinates": [ 139.277747, 36.303874 ] } },
{ "type": "Feature", "properties": { "ID": 1033100000860, "正式名称": "屋代歯科", "機関区分": 3, "都道府県コード": 10, "市区町村コード": 205, "所在地": "群馬県太田市高林西町３８２－２６", "緯度": 36.252437, "経度": 139.362826, "url": "https://www.iryou.teikyouseido.mhlw.go.jp/znk-web/juminkanja/S2430/initialize?prefCd=10&kikanCd=3100000860&kikanKbn=3", "url2": null, "内容": "屋代歯科【3:歯科】群馬県太田市高林西町３８２－２６" }, "geometry": { "type": "Point", "coordinates": [ 139.362826, 36.252437 ] } },
{ "type": "Feature", "properties": { "ID": 1033100000861, "正式名称": "医療法人社団山鹿歯科医院", "機関区分": 3, "都道府県コード": 10, "市区町村コード": 205, "所在地": "群馬県太田市新田木崎町", "緯度": 36.280766, "経度": 139.302746, "url": "https://www.iryou.teikyouseido.mhlw.go.jp/znk-web/juminkanja/S2430/initialize?prefCd=10&kikanCd=3100000861&kikanKbn=3", "url2": "http://www.yamagashika.com", "内容": "医療法人社団山鹿歯科医院【3:歯科】群馬県太田市新田木崎町" }, "geometry": { "type": "Point", "coordinates": [ 139.302746, 36.280766 ] } },
{ "type": "Feature", "properties": { "ID": 1033100000862, "正式名称": "山口歯科医院", "機関区分": 3, "都道府県コード": 10, "市区町村コード": 205, "所在地": "群馬県太田市石原町", "緯度": 36.299543, "経度": 139.39982, "url": "https://www.iryou.teikyouseido.mhlw.go.jp/znk-web/juminkanja/S2430/initialize?prefCd=10&kikanCd=3100000862&kikanKbn=3", "url2": "http://www.yamaguchishikaiin.jp", "内容": "山口歯科医院【3:歯科】群馬県太田市石原町" }, "geometry": { "type": "Point", "coordinates": [ 139.39982, 36.299543 ] } },
{ "type": "Feature", "properties": { "ID": 1033100000863, "正式名称": "やまぎし歯科医院", "機関区分": 3, "都道府県コード": 10, "市区町村コード": 205, "所在地": "群馬県太田市世良田町３１０１－７", "緯度": 36.259712, "経度": 139.276555, "url": "https://www.iryou.teikyouseido.mhlw.go.jp/znk-web/juminkanja/S2430/initialize?prefCd=10&kikanCd=3100000863&kikanKbn=3", "url2": "http://ymgsdc.com", "内容": "やまぎし歯科医院【3:歯科】群馬県太田市世良田町３１０１－７" }, "geometry": { "type": "Point", "coordinates": [ 139.276555, 36.259712 ] } },
{ "type": "Feature", "properties": { "ID": 1033100000865, "正式名称": "あいば歯科", "機関区分": 3, "都道府県コード": 10, "市区町村コード": 207, "所在地": "群馬県館林市日向町１０４９－２", "緯度": 36.270159, "経度": 139.497814, "url": "https://www.iryou.teikyouseido.mhlw.go.jp/znk-web/juminkanja/S2430/initialize?prefCd=10&kikanCd=3100000865&kikanKbn=3", "url2": null, "内容": "あいば歯科【3:歯科】群馬県館林市日向町１０４９－２" }, "geometry": { "type": "Point", "coordinates": [ 139.497814, 36.270159 ] } },
{ "type": "Feature", "properties": { "ID": 1033100000866, "正式名称": "青柳歯科診療所", "機関区分": 3, "都道府県コード": 10, "市区町村コード": 207, "所在地": "群馬県館林市小桑原町", "緯度": 36.23258, "経度": 139.518841, "url": "https://www.iryou.teikyouseido.mhlw.go.jp/znk-web/juminkanja/S2430/initialize?prefCd=10&kikanCd=3100000866&kikanKbn=3", "url2": "http://ad.tsutsujimental.jp/ad/", "内容": "青柳歯科診療所【3:歯科】群馬県館林市小桑原町" }, "geometry": { "type": "Point", "coordinates": [ 139.518841, 36.23258 ] } },
{ "type": "Feature", "properties": { "ID": 1033100000867, "正式名称": "医療法人社団優心会ハート歯科クリニック", "機関区分": 3, "都道府県コード": 10, "市区町村コード": 207, "所在地": "群馬県館林市楠町３６４８－１　アゼリアモール１階", "緯度": 36.242608, "経度": 139.568892, "url": "https://www.iryou.teikyouseido.mhlw.go.jp/znk-web/juminkanja/S2430/initialize?prefCd=10&kikanCd=3100000867&kikanKbn=3", "url2": "http://www.apita-heart.com", "内容": "医療法人社団優心会ハート歯科クリニック【3:歯科】群馬県館林市楠町３６４８－１　アゼリアモール１階" }, "geometry": { "type": "Point", "coordinates": [ 139.568892, 36.242608 ] } },
{ "type": "Feature", "properties": { "ID": 1033100000868, "正式名称": "荒木歯科医院", "機関区分": 3, "都道府県コード": 10, "市区町村コード": 523, "所在地": "群馬県邑楽郡千代田町鍋谷２５２－３", "緯度": 36.215886, "経度": 139.454181, "url": "https://www.iryou.teikyouseido.mhlw.go.jp/znk-web/juminkanja/S2430/initialize?prefCd=10&kikanCd=3100000868&kikanKbn=3", "url2": null, "内容": "荒木歯科医院【3:歯科】群馬県邑楽郡千代田町鍋谷２５２－３" }, "geometry": { "type": "Point", "coordinates": [ 139.454181, 36.215886 ] } },
{ "type": "Feature", "properties": { "ID": 1033100000869, "正式名称": "石井歯科医院", "機関区分": 3, "都道府県コード": 10, "市区町村コード": 207, "所在地": "群馬県館林市北成島町２５４４－１１０", "緯度": 36.255245, "経度": 139.520451, "url": "https://www.iryou.teikyouseido.mhlw.go.jp/znk-web/juminkanja/S2430/initialize?prefCd=10&kikanCd=3100000869&kikanKbn=3", "url2": "http://ishiidental.cihp2.jp/", "内容": "石井歯科医院【3:歯科】群馬県館林市北成島町２５４４－１１０" }, "geometry": { "type": "Point", "coordinates": [ 139.520451, 36.255245 ] } },
{ "type": "Feature", "properties": { "ID": 1033100000870, "正式名称": "いしいひでき歯科クリニック", "機関区分": 3, "都道府県コード": 10, "市区町村コード": 207, "所在地": "群馬県館林市東美園町２１－１", "緯度": 36.232831, "経度": 139.540256, "url": "https://www.iryou.teikyouseido.mhlw.go.jp/znk-web/juminkanja/S2430/initialize?prefCd=10&kikanCd=3100000870&kikanKbn=3", "url2": null, "内容": "いしいひでき歯科クリニック【3:歯科】群馬県館林市東美園町２１－１" }, "geometry": { "type": "Point", "coordinates": [ 139.540256, 36.232831 ] } },
{ "type": "Feature", "properties": { "ID": 1033100000872, "正式名称": "石堂歯科クリニック", "機関区分": 3, "都道府県コード": 10, "市区町村コード": 524, "所在地": "群馬県邑楽郡大泉町西小泉五丁目９番１７号", "緯度": 36.261547, "経度": 139.40896, "url": "https://www.iryou.teikyouseido.mhlw.go.jp/znk-web/juminkanja/S2430/initialize?prefCd=10&kikanCd=3100000872&kikanKbn=3", "url2": "http://www.ishido-dc.jp/", "内容": "石堂歯科クリニック【3:歯科】群馬県邑楽郡大泉町西小泉五丁目９番１７号" }, "geometry": { "type": "Point", "coordinates": [ 139.40896, 36.261547 ] } },
{ "type": "Feature", "properties": { "ID": 1033100000873, "正式名称": "石山歯科医院", "機関区分": 3, "都道府県コード": 10, "市区町村コード": 521, "所在地": "群馬県邑楽郡板倉町岩田２３６７－８", "緯度": 36.224277, "経度": 139.586197, "url": "https://www.iryou.teikyouseido.mhlw.go.jp/znk-web/juminkanja/S2430/initialize?prefCd=10&kikanCd=3100000873&kikanKbn=3", "url2": "http://ishiyama-shika.jp", "内容": "石山歯科医院【3:歯科】群馬県邑楽郡板倉町岩田２３６７－８" }, "geometry": { "type": "Point", "coordinates": [ 139.586197, 36.224277 ] } },
{ "type": "Feature", "properties": { "ID": 1033100000874, "正式名称": "いのうえ歯科クリニック", "機関区分": 3, "都道府県コード": 10, "市区町村コード": 524, "所在地": "群馬県邑楽郡大泉町富士１－１６－７", "緯度": 36.251604, "経度": 139.412044, "url": "https://www.iryou.teikyouseido.mhlw.go.jp/znk-web/juminkanja/S2430/initialize?prefCd=10&kikanCd=3100000874&kikanKbn=3", "url2": "http://www.i-no-u-e-dc.com/", "内容": "いのうえ歯科クリニック【3:歯科】群馬県邑楽郡大泉町富士１－１６－７" }, "geometry": { "type": "Point", "coordinates": [ 139.412044, 36.251604 ] } },
{ "type": "Feature", "properties": { "ID": 1033100000875, "正式名称": "医療法人　上野会　上野医院歯科診療所", "機関区分": 3, "都道府県コード": 10, "市区町村コード": 207, "所在地": "群馬県館林市赤生田町２１３５", "緯度": 36.229554, "経度": 139.561366, "url": "https://www.iryou.teikyouseido.mhlw.go.jp/znk-web/juminkanja/S2430/initialize?prefCd=10&kikanCd=3100000875&kikanKbn=3", "url2": null, "内容": "医療法人　上野会　上野医院歯科診療所【3:歯科】群馬県館林市赤生田町２１３５" }, "geometry": { "type": "Point", "coordinates": [ 139.561366, 36.229554 ] } },
{ "type": "Feature", "properties": { "ID": 1033100000876, "正式名称": "医療法人邑楽浅沼歯科医院", "機関区分": 3, "都道府県コード": 10, "市区町村コード": 525, "所在地": "群馬県邑楽郡邑楽町狸塚４２８", "緯度": 36.238162, "経度": 139.464846, "url": "https://www.iryou.teikyouseido.mhlw.go.jp/znk-web/juminkanja/S2430/initialize?prefCd=10&kikanCd=3100000876&kikanKbn=3", "url2": null, "内容": "医療法人邑楽浅沼歯科医院【3:歯科】群馬県邑楽郡邑楽町狸塚４２８" }, "geometry": { "type": "Point", "coordinates": [ 139.464846, 36.238162 ] } },
{ "type": "Feature", "properties": { "ID": 1033100000878, "正式名称": "岩崎歯科医院", "機関区分": 3, "都道府県コード": 10, "市区町村コード": 207, "所在地": "群馬県館林市本町４－９－４１", "緯度": 36.24344, "経度": 139.533756, "url": "https://www.iryou.teikyouseido.mhlw.go.jp/znk-web/juminkanja/S2430/initialize?prefCd=10&kikanCd=3100000878&kikanKbn=3", "url2": null, "内容": "岩崎歯科医院【3:歯科】群馬県館林市本町４－９－４１" }, "geometry": { "type": "Point", "coordinates": [ 139.533756, 36.24344 ] } },
{ "type": "Feature", "properties": { "ID": 1033100000880, "正式名称": "岩崎歯科クリニック", "機関区分": 3, "都道府県コード": 10, "市区町村コード": 207, "所在地": "群馬県館林市松原１－２０－１０", "緯度": 36.242413, "経度": 139.537728, "url": "https://www.iryou.teikyouseido.mhlw.go.jp/znk-web/juminkanja/S2430/initialize?prefCd=10&kikanCd=3100000880&kikanKbn=3", "url2": null, "内容": "岩崎歯科クリニック【3:歯科】群馬県館林市松原１－２０－１０" }, "geometry": { "type": "Point", "coordinates": [ 139.537728, 36.242413 ] } },
{ "type": "Feature", "properties": { "ID": 1033100000881, "正式名称": "おおいし歯科医院", "機関区分": 3, "都道府県コード": 10, "市区町村コード": 207, "所在地": "群馬県館林市本町２－７－２３", "緯度": 36.245635, "経度": 139.532478, "url": "https://www.iryou.teikyouseido.mhlw.go.jp/znk-web/juminkanja/S2430/initialize?prefCd=10&kikanCd=3100000881&kikanKbn=3", "url2": null, "内容": "おおいし歯科医院【3:歯科】群馬県館林市本町２－７－２３" }, "geometry": { "type": "Point", "coordinates": [ 139.532478, 36.245635 ] } },
{ "type": "Feature", "properties": { "ID": 1033100000882, "正式名称": "大泉かみふさ歯科診療所", "機関区分": 3, "都道府県コード": 10, "市区町村コード": 524, "所在地": "群馬県邑楽郡大泉町坂田", "緯度": 36.257631, "経度": 139.396684, "url": "https://www.iryou.teikyouseido.mhlw.go.jp/znk-web/juminkanja/S2430/initialize?prefCd=10&kikanCd=3100000882&kikanKbn=3", "url2": "https://kamifusa2323.com", "内容": "大泉かみふさ歯科診療所【3:歯科】群馬県邑楽郡大泉町坂田" }, "geometry": { "type": "Point", "coordinates": [ 139.396684, 36.257631 ] } },
{ "type": "Feature", "properties": { "ID": 1033100000884, "正式名称": "大沼歯科クリニック", "機関区分": 3, "都道府県コード": 10, "市区町村コード": 207, "所在地": "群馬県館林市栄町２２－２１", "緯度": 36.248912, "経度": 139.520813, "url": "https://www.iryou.teikyouseido.mhlw.go.jp/znk-web/juminkanja/S2430/initialize?prefCd=10&kikanCd=3100000884&kikanKbn=3", "url2": "http://ohnuma-dc.jp", "内容": "大沼歯科クリニック【3:歯科】群馬県館林市栄町２２－２１" }, "geometry": { "type": "Point", "coordinates": [ 139.520813, 36.248912 ] } },
{ "type": "Feature", "properties": { "ID": 1033100000886, "正式名称": "おつづみ歯科医院", "機関区分": 3, "都道府県コード": 10, "市区町村コード": 522, "所在地": "群馬県邑楽郡明和町新里２２５", "緯度": 36.209583, "経度": 139.53473, "url": "https://www.iryou.teikyouseido.mhlw.go.jp/znk-web/juminkanja/S2430/initialize?prefCd=10&kikanCd=3100000886&kikanKbn=3", "url2": null, "内容": "おつづみ歯科医院【3:歯科】群馬県邑楽郡明和町新里２２５" }, "geometry": { "type": "Point", "coordinates": [ 139.53473, 36.209583 ] } },
{ "type": "Feature", "properties": { "ID": 1033100000887, "正式名称": "兼原歯科医院", "機関区分": 3, "都道府県コード": 10, "市区町村コード": 207, "所在地": "群馬県館林市本町１－１－１９", "緯度": 36.250023, "経度": 139.533256, "url": "https://www.iryou.teikyouseido.mhlw.go.jp/znk-web/juminkanja/S2430/initialize?prefCd=10&kikanCd=3100000887&kikanKbn=3", "url2": null, "内容": "兼原歯科医院【3:歯科】群馬県館林市本町１－１－１９" }, "geometry": { "type": "Point", "coordinates": [ 139.533256, 36.250023 ] } },
{ "type": "Feature", "properties": { "ID": 1033100000889, "正式名称": "北村歯科医院", "機関区分": 3, "都道府県コード": 10, "市区町村コード": 521, "所在地": "群馬県邑楽郡板倉町板倉７５４番１", "緯度": 36.217667, "経度": 139.622278, "url": "https://www.iryou.teikyouseido.mhlw.go.jp/znk-web/juminkanja/S2430/initialize?prefCd=10&kikanCd=3100000889&kikanKbn=3", "url2": "http://www.kitamuradental.com/", "内容": "北村歯科医院【3:歯科】群馬県邑楽郡板倉町板倉７５４番１" }, "geometry": { "type": "Point", "coordinates": [ 139.622278, 36.217667 ] } },
{ "type": "Feature", "properties": { "ID": 1033100000890, "正式名称": "きむら歯科医院", "機関区分": 3, "都道府県コード": 10, "市区町村コード": 521, "所在地": "群馬県邑楽郡板倉町飯野１４８８−２", "緯度": 36.209834, "経度": 139.612085, "url": "https://www.iryou.teikyouseido.mhlw.go.jp/znk-web/juminkanja/S2430/initialize?prefCd=10&kikanCd=3100000890&kikanKbn=3", "url2": null, "内容": "きむら歯科医院【3:歯科】群馬県邑楽郡板倉町飯野１４８８−２" }, "geometry": { "type": "Point", "coordinates": [ 139.612085, 36.209834 ] } },
{ "type": "Feature", "properties": { "ID": 1033100000892, "正式名称": "久保田歯科", "機関区分": 3, "都道府県コード": 10, "市区町村コード": 524, "所在地": "群馬県邑楽郡大泉町朝日２−１−２４", "緯度": 36.251688, "経度": 139.427181, "url": "https://www.iryou.teikyouseido.mhlw.go.jp/znk-web/juminkanja/S2430/initialize?prefCd=10&kikanCd=3100000892&kikanKbn=3", "url2": null, "内容": "久保田歯科【3:歯科】群馬県邑楽郡大泉町朝日２−１−２４" }, "geometry": { "type": "Point", "coordinates": [ 139.427181, 36.251688 ] } },
{ "type": "Feature", "properties": { "ID": 1033100000893, "正式名称": "医療法人輝望会黒瀬歯科医院", "機関区分": 3, "都道府県コード": 10, "市区町村コード": 525, "所在地": "群馬県邑楽郡邑楽町中野１０５９－３", "緯度": 36.263409, "経度": 139.464817, "url": "https://www.iryou.teikyouseido.mhlw.go.jp/znk-web/juminkanja/S2430/initialize?prefCd=10&kikanCd=3100000893&kikanKbn=3", "url2": "http://www.k-kurose.com/", "内容": "医療法人輝望会黒瀬歯科医院【3:歯科】群馬県邑楽郡邑楽町中野１０５９－３" }, "geometry": { "type": "Point", "coordinates": [ 139.464817, 36.263409 ] } },
{ "type": "Feature", "properties": { "ID": 1033100000894, "正式名称": "小島歯科医院", "機関区分": 3, "都道府県コード": 10, "市区町村コード": 525, "所在地": "群馬県邑楽郡邑楽町篠塚１２８１", "緯度": 36.240412, "経度": 139.457179, "url": "https://www.iryou.teikyouseido.mhlw.go.jp/znk-web/juminkanja/S2430/initialize?prefCd=10&kikanCd=3100000894&kikanKbn=3", "url2": null, "内容": "小島歯科医院【3:歯科】群馬県邑楽郡邑楽町篠塚１２８１" }, "geometry": { "type": "Point", "coordinates": [ 139.457179, 36.240412 ] } },
{ "type": "Feature", "properties": { "ID": 1033100000895, "正式名称": "医療法人大島会コスモス歯科", "機関区分": 3, "都道府県コード": 10, "市区町村コード": 207, "所在地": "群馬県館林市大手町５－２６", "緯度": 36.245968, "経度": 139.539311, "url": "https://www.iryou.teikyouseido.mhlw.go.jp/znk-web/juminkanja/S2430/initialize?prefCd=10&kikanCd=3100000895&kikanKbn=3", "url2": null, "内容": "医療法人大島会コスモス歯科【3:歯科】群馬県館林市大手町５－２６" }, "geometry": { "type": "Point", "coordinates": [ 139.539311, 36.245968 ] } },
{ "type": "Feature", "properties": { "ID": 1033100000896, "正式名称": "小西歯科医院", "機関区分": 3, "都道府県コード": 10, "市区町村コード": 524, "所在地": "群馬県邑楽郡大泉町吉田２０６３", "緯度": 36.243077, "経度": 139.402406, "url": "https://www.iryou.teikyouseido.mhlw.go.jp/znk-web/juminkanja/S2430/initialize?prefCd=10&kikanCd=3100000896&kikanKbn=3", "url2": null, "内容": "小西歯科医院【3:歯科】群馬県邑楽郡大泉町吉田２０６３" }, "geometry": { "type": "Point", "coordinates": [ 139.402406, 36.243077 ] } },
{ "type": "Feature", "properties": { "ID": 1033100000897, "正式名称": "斉藤歯科医院", "機関区分": 3, "都道府県コード": 10, "市区町村コード": 207, "所在地": "群馬県館林市花山町", "緯度": 36.237747, "経度": 139.548672, "url": "https://www.iryou.teikyouseido.mhlw.go.jp/znk-web/juminkanja/S2430/initialize?prefCd=10&kikanCd=3100000897&kikanKbn=3", "url2": null, "内容": "斉藤歯科医院【3:歯科】群馬県館林市花山町" }, "geometry": { "type": "Point", "coordinates": [ 139.548672, 36.237747 ] } },
{ "type": "Feature", "properties": { "ID": 1033100000898, "正式名称": "斉藤歯科医院", "機関区分": 3, "都道府県コード": 10, "市区町村コード": 524, "所在地": "群馬県邑楽郡大泉町城之内", "緯度": 36.258603, "経度": 139.417293, "url": "https://www.iryou.teikyouseido.mhlw.go.jp/znk-web/juminkanja/S2430/initialize?prefCd=10&kikanCd=3100000898&kikanKbn=3", "url2": null, "内容": "斉藤歯科医院【3:歯科】群馬県邑楽郡大泉町城之内" }, "geometry": { "type": "Point", "coordinates": [ 139.417293, 36.258603 ] } },
{ "type": "Feature", "properties": { "ID": 1033100000899, "正式名称": "齋藤歯科クリニック", "機関区分": 3, "都道府県コード": 10, "市区町村コード": 524, "所在地": "群馬県邑楽郡大泉町東小泉２－１０－１", "緯度": 36.258576, "経度": 139.427125, "url": "https://www.iryou.teikyouseido.mhlw.go.jp/znk-web/juminkanja/S2430/initialize?prefCd=10&kikanCd=3100000899&kikanKbn=3", "url2": null, "内容": "齋藤歯科クリニック【3:歯科】群馬県邑楽郡大泉町東小泉２－１０－１" }, "geometry": { "type": "Point", "coordinates": [ 139.427125, 36.258576 ] } },
{ "type": "Feature", "properties": { "ID": 1033100000900, "正式名称": "坂村歯科医院", "機関区分": 3, "都道府県コード": 10, "市区町村コード": 207, "所在地": "群馬県館林市大手町３－５", "緯度": 36.24644, "経度": 139.537172, "url": "https://www.iryou.teikyouseido.mhlw.go.jp/znk-web/juminkanja/S2430/initialize?prefCd=10&kikanCd=3100000900&kikanKbn=3", "url2": null, "内容": "坂村歯科医院【3:歯科】群馬県館林市大手町３－５" }, "geometry": { "type": "Point", "coordinates": [ 139.537172, 36.24644 ] } },
{ "type": "Feature", "properties": { "ID": 1033100000901, "正式名称": "武安歯科医院", "機関区分": 3, "都道府県コード": 10, "市区町村コード": 524, "所在地": "群馬県邑楽郡大泉町中央２ー３４ー１１", "緯度": 36.256354, "経度": 139.415765, "url": "https://www.iryou.teikyouseido.mhlw.go.jp/znk-web/juminkanja/S2430/initialize?prefCd=10&kikanCd=3100000901&kikanKbn=3", "url2": "http://www.takeyasu-shika.com", "内容": "武安歯科医院【3:歯科】群馬県邑楽郡大泉町中央２ー３４ー１１" }, "geometry": { "type": "Point", "coordinates": [ 139.415765, 36.256354 ] } },
{ "type": "Feature", "properties": { "ID": 1033100000902, "正式名称": "館林邑楽歯科保健医療センター", "機関区分": 3, "都道府県コード": 10, "市区町村コード": 207, "所在地": "群馬県館林市苗木町２６２２－１", "緯度": 36.229191, "経度": 139.499593, "url": "https://www.iryou.teikyouseido.mhlw.go.jp/znk-web/juminkanja/S2430/initialize?prefCd=10&kikanCd=3100000902&kikanKbn=3", "url2": "http://tatoushi.cihp.jp/", "内容": "館林邑楽歯科保健医療センター【3:歯科】群馬県館林市苗木町２６２２－１" }, "geometry": { "type": "Point", "coordinates": [ 139.499593, 36.229191 ] } },
{ "type": "Feature", "properties": { "ID": 1033100000903, "正式名称": "館林中央歯科医院", "機関区分": 3, "都道府県コード": 10, "市区町村コード": 207, "所在地": "群馬県館林市諏訪町１３７３－１", "緯度": 36.230969, "経度": 139.521897, "url": "https://www.iryou.teikyouseido.mhlw.go.jp/znk-web/juminkanja/S2430/initialize?prefCd=10&kikanCd=3100000903&kikanKbn=3", "url2": null, "内容": "館林中央歯科医院【3:歯科】群馬県館林市諏訪町１３７３－１" }, "geometry": { "type": "Point", "coordinates": [ 139.521897, 36.230969 ] } },
{ "type": "Feature", "properties": { "ID": 1033100000906, "正式名称": "デンタルクリニックこじま", "機関区分": 3, "都道府県コード": 10, "市区町村コード": 525, "所在地": "群馬県邑楽郡邑楽町中野３７３７", "緯度": 36.270187, "経度": 139.476426, "url": "https://www.iryou.teikyouseido.mhlw.go.jp/znk-web/juminkanja/S2430/initialize?prefCd=10&kikanCd=3100000906&kikanKbn=3", "url2": null, "内容": "デンタルクリニックこじま【3:歯科】群馬県邑楽郡邑楽町中野３７３７" }, "geometry": { "type": "Point", "coordinates": [ 139.476426, 36.270187 ] } },
{ "type": "Feature", "properties": { "ID": 1033100000907, "正式名称": "とみた歯科", "機関区分": 3, "都道府県コード": 10, "市区町村コード": 207, "所在地": "群馬県館林市千代田町", "緯度": 36.243579, "経度": 139.53009, "url": "https://www.iryou.teikyouseido.mhlw.go.jp/znk-web/juminkanja/S2430/initialize?prefCd=10&kikanCd=3100000907&kikanKbn=3", "url2": null, "内容": "とみた歯科【3:歯科】群馬県館林市千代田町" }, "geometry": { "type": "Point", "coordinates": [ 139.53009, 36.243579 ] } },
{ "type": "Feature", "properties": { "ID": 1033100000909, "正式名称": "長塩歯科医院", "機関区分": 3, "都道府県コード": 10, "市区町村コード": 207, "所在地": "群馬県館林市小桑原町", "緯度": 36.233969, "経度": 139.524813, "url": "https://www.iryou.teikyouseido.mhlw.go.jp/znk-web/juminkanja/S2430/initialize?prefCd=10&kikanCd=3100000909&kikanKbn=3", "url2": null, "内容": "長塩歯科医院【3:歯科】群馬県館林市小桑原町" }, "geometry": { "type": "Point", "coordinates": [ 139.524813, 36.233969 ] } },
{ "type": "Feature", "properties": { "ID": 1033100000910, "正式名称": "なかせ歯科医院", "機関区分": 3, "都道府県コード": 10, "市区町村コード": 207, "所在地": "群馬県館林市富士原町８７４－１", "緯度": 36.235802, "経度": 139.523924, "url": "https://www.iryou.teikyouseido.mhlw.go.jp/znk-web/juminkanja/S2430/initialize?prefCd=10&kikanCd=3100000910&kikanKbn=3", "url2": null, "内容": "なかせ歯科医院【3:歯科】群馬県館林市富士原町８７４－１" }, "geometry": { "type": "Point", "coordinates": [ 139.523924, 36.235802 ] } },
{ "type": "Feature", "properties": { "ID": 1033100000912, "正式名称": "根本歯科・矯正歯科医院", "機関区分": 3, "都道府県コード": 10, "市区町村コード": 207, "所在地": "群馬県館林市高根町１７５０", "緯度": 36.269298, "経度": 139.515979, "url": "https://www.iryou.teikyouseido.mhlw.go.jp/znk-web/juminkanja/S2430/initialize?prefCd=10&kikanCd=3100000912&kikanKbn=3", "url2": null, "内容": "根本歯科・矯正歯科医院【3:歯科】群馬県館林市高根町１７５０" }, "geometry": { "type": "Point", "coordinates": [ 139.515979, 36.269298 ] } },
{ "type": "Feature", "properties": { "ID": 1033100000913, "正式名称": "野本歯科クリニック", "機関区分": 3, "都道府県コード": 10, "市区町村コード": 523, "所在地": "群馬県邑楽郡千代田町萱野１２３５－５", "緯度": 36.202583, "経度": 139.471152, "url": "https://www.iryou.teikyouseido.mhlw.go.jp/znk-web/juminkanja/S2430/initialize?prefCd=10&kikanCd=3100000913&kikanKbn=3", "url2": null, "内容": "野本歯科クリニック【3:歯科】群馬県邑楽郡千代田町萱野１２３５－５" }, "geometry": { "type": "Point", "coordinates": [ 139.471152, 36.202583 ] } },
{ "type": "Feature", "properties": { "ID": 1033100000915, "正式名称": "橋本歯科医院", "機関区分": 3, "都道府県コード": 10, "市区町村コード": 521, "所在地": "群馬県邑楽郡板倉町岩田１３２６", "緯度": 36.223666, "経度": 139.593724, "url": "https://www.iryou.teikyouseido.mhlw.go.jp/znk-web/juminkanja/S2430/initialize?prefCd=10&kikanCd=3100000915&kikanKbn=3", "url2": null, "内容": "橋本歯科医院【3:歯科】群馬県邑楽郡板倉町岩田１３２６" }, "geometry": { "type": "Point", "coordinates": [ 139.593724, 36.223666 ] } },
{ "type": "Feature", "properties": { "ID": 1033100000917, "正式名称": "はら歯科医院", "機関区分": 3, "都道府県コード": 10, "市区町村コード": 207, "所在地": "群馬県館林市日向町１７１１－８", "緯度": 36.261716, "経度": 139.495759, "url": "https://www.iryou.teikyouseido.mhlw.go.jp/znk-web/juminkanja/S2430/initialize?prefCd=10&kikanCd=3100000917&kikanKbn=3", "url2": "http://haradentalclinic.sunnyday.jp", "内容": "はら歯科医院【3:歯科】群馬県館林市日向町１７１１－８" }, "geometry": { "type": "Point", "coordinates": [ 139.495759, 36.261716 ] } },
{ "type": "Feature", "properties": { "ID": 1033100000920, "正式名称": "福田歯科医院", "機関区分": 3, "都道府県コード": 10, "市区町村コード": 524, "所在地": "群馬県邑楽郡大泉町古氷１３１", "緯度": 36.260964, "経度": 139.396239, "url": "https://www.iryou.teikyouseido.mhlw.go.jp/znk-web/juminkanja/S2430/initialize?prefCd=10&kikanCd=3100000920&kikanKbn=3", "url2": null, "内容": "福田歯科医院【3:歯科】群馬県邑楽郡大泉町古氷１３１" }, "geometry": { "type": "Point", "coordinates": [ 139.396239, 36.260964 ] } },
{ "type": "Feature", "properties": { "ID": 1033100000921, "正式名称": "ほりこし歯科クリニック", "機関区分": 3, "都道府県コード": 10, "市区町村コード": 207, "所在地": "群馬県館林市北成島町３１７６－１", "緯度": 36.254189, "経度": 139.509897, "url": "https://www.iryou.teikyouseido.mhlw.go.jp/znk-web/juminkanja/S2430/initialize?prefCd=10&kikanCd=3100000921&kikanKbn=3", "url2": null, "内容": "ほりこし歯科クリニック【3:歯科】群馬県館林市北成島町３１７６－１" }, "geometry": { "type": "Point", "coordinates": [ 139.509897, 36.254189 ] } },
{ "type": "Feature", "properties": { "ID": 1033100000923, "正式名称": "増田歯科医院", "機関区分": 3, "都道府県コード": 10, "市区町村コード": 521, "所在地": "群馬県邑楽郡板倉町海老瀬４０７３－１", "緯度": 36.224333, "経度": 139.643942, "url": "https://www.iryou.teikyouseido.mhlw.go.jp/znk-web/juminkanja/S2430/initialize?prefCd=10&kikanCd=3100000923&kikanKbn=3", "url2": "http://www.masudadental.com/", "内容": "増田歯科医院【3:歯科】群馬県邑楽郡板倉町海老瀬４０７３－１" }, "geometry": { "type": "Point", "coordinates": [ 139.643942, 36.224333 ] } },
{ "type": "Feature", "properties": { "ID": 1033100000924, "正式名称": "ますみこども歯科医院", "機関区分": 3, "都道府県コード": 10, "市区町村コード": 207, "所在地": "群馬県館林市若宮町２４４０－３", "緯度": 36.251329, "経度": 139.54781, "url": "https://www.iryou.teikyouseido.mhlw.go.jp/znk-web/juminkanja/S2430/initialize?prefCd=10&kikanCd=3100000924&kikanKbn=3", "url2": null, "内容": "ますみこども歯科医院【3:歯科】群馬県館林市若宮町２４４０－３" }, "geometry": { "type": "Point", "coordinates": [ 139.54781, 36.251329 ] } },
{ "type": "Feature", "properties": { "ID": 1033100000925, "正式名称": "まちだ歯科医院", "機関区分": 3, "都道府県コード": 10, "市区町村コード": 207, "所在地": "群馬県館林市坂下町３０６７－６", "緯度": 36.259661, "経度": 139.536866, "url": "https://www.iryou.teikyouseido.mhlw.go.jp/znk-web/juminkanja/S2430/initialize?prefCd=10&kikanCd=3100000925&kikanKbn=3", "url2": null, "内容": "まちだ歯科医院【3:歯科】群馬県館林市坂下町３０６７－６" }, "geometry": { "type": "Point", "coordinates": [ 139.536866, 36.259661 ] } },
{ "type": "Feature", "properties": { "ID": 1033100000927, "正式名称": "まつもと歯科医院", "機関区分": 3, "都道府県コード": 10, "市区町村コード": 207, "所在地": "群馬県館林市青柳町１０５５－１", "緯度": 36.226581, "経度": 139.520591, "url": "https://www.iryou.teikyouseido.mhlw.go.jp/znk-web/juminkanja/S2430/initialize?prefCd=10&kikanCd=3100000927&kikanKbn=3", "url2": null, "内容": "まつもと歯科医院【3:歯科】群馬県館林市青柳町１０５５－１" }, "geometry": { "type": "Point", "coordinates": [ 139.520591, 36.226581 ] } },
{ "type": "Feature", "properties": { "ID": 1033100000928, "正式名称": "緑町石井歯科医院", "機関区分": 3, "都道府県コード": 10, "市区町村コード": 207, "所在地": "群馬県館林市緑町２－１５－１３", "緯度": 36.237413, "経度": 139.536478, "url": "https://www.iryou.teikyouseido.mhlw.go.jp/znk-web/juminkanja/S2430/initialize?prefCd=10&kikanCd=3100000928&kikanKbn=3", "url2": null, "内容": "緑町石井歯科医院【3:歯科】群馬県館林市緑町２－１５－１３" }, "geometry": { "type": "Point", "coordinates": [ 139.536478, 36.237413 ] } },
{ "type": "Feature", "properties": { "ID": 1033100000929, "正式名称": "三林岡田歯科医院", "機関区分": 3, "都道府県コード": 10, "市区町村コード": 207, "所在地": "群馬県館林市下三林町２７９", "緯度": 36.219456, "経度": 139.501959, "url": "https://www.iryou.teikyouseido.mhlw.go.jp/znk-web/juminkanja/S2430/initialize?prefCd=10&kikanCd=3100000929&kikanKbn=3", "url2": null, "内容": "三林岡田歯科医院【3:歯科】群馬県館林市下三林町２７９" }, "geometry": { "type": "Point", "coordinates": [ 139.501959, 36.219456 ] } },
{ "type": "Feature", "properties": { "ID": 1033100000930, "正式名称": "みやけ歯科医院", "機関区分": 3, "都道府県コード": 10, "市区町村コード": 207, "所在地": "群馬県館林市大手町９－４１", "緯度": 36.247468, "経度": 139.538895, "url": "https://www.iryou.teikyouseido.mhlw.go.jp/znk-web/juminkanja/S2430/initialize?prefCd=10&kikanCd=3100000930&kikanKbn=3", "url2": "http://www.implant.gr.jp/miyake/", "内容": "みやけ歯科医院【3:歯科】群馬県館林市大手町９－４１" }, "geometry": { "type": "Point", "coordinates": [ 139.538895, 36.247468 ] } },
{ "type": "Feature", "properties": { "ID": 1033100000931, "正式名称": "村井デンタルクリニック", "機関区分": 3, "都道府県コード": 10, "市区町村コード": 521, "所在地": "群馬県邑楽郡板倉町朝日野３－９－４", "緯度": 36.221417, "経度": 139.646498, "url": "https://www.iryou.teikyouseido.mhlw.go.jp/znk-web/juminkanja/S2430/initialize?prefCd=10&kikanCd=3100000931&kikanKbn=3", "url2": "http://www.4188mdc.com", "内容": "村井デンタルクリニック【3:歯科】群馬県邑楽郡板倉町朝日野３－９－４" }, "geometry": { "type": "Point", "coordinates": [ 139.646498, 36.221417 ] } },
{ "type": "Feature", "properties": { "ID": 1033100000932, "正式名称": "村田歯科医院", "機関区分": 3, "都道府県コード": 10, "市区町村コード": 207, "所在地": "群馬県館林市朝日町２１－２７", "緯度": 36.254828, "経度": 139.540755, "url": "https://www.iryou.teikyouseido.mhlw.go.jp/znk-web/juminkanja/S2430/initialize?prefCd=10&kikanCd=3100000932&kikanKbn=3", "url2": null, "内容": "村田歯科医院【3:歯科】群馬県館林市朝日町２１－２７" }, "geometry": { "type": "Point", "coordinates": [ 139.540755, 36.254828 ] } },
{ "type": "Feature", "properties": { "ID": 1033100000933, "正式名称": "森田歯科医院", "機関区分": 3, "都道府県コード": 10, "市区町村コード": 207, "所在地": "群馬県館林市緑町１－６－１９", "緯度": 36.239635, "経度": 139.533312, "url": "https://www.iryou.teikyouseido.mhlw.go.jp/znk-web/juminkanja/S2430/initialize?prefCd=10&kikanCd=3100000933&kikanKbn=3", "url2": null, "内容": "森田歯科医院【3:歯科】群馬県館林市緑町１－６－１９" }, "geometry": { "type": "Point", "coordinates": [ 139.533312, 36.239635 ] } },
{ "type": "Feature", "properties": { "ID": 1033100000934, "正式名称": "医療法人森田歯科医院", "機関区分": 3, "都道府県コード": 10, "市区町村コード": 524, "所在地": "群馬県邑楽郡大泉町住吉５４－１３", "緯度": 36.253909, "経度": 139.407516, "url": "https://www.iryou.teikyouseido.mhlw.go.jp/znk-web/juminkanja/S2430/initialize?prefCd=10&kikanCd=3100000934&kikanKbn=3", "url2": null, "内容": "医療法人森田歯科医院【3:歯科】群馬県邑楽郡大泉町住吉５４－１３" }, "geometry": { "type": "Point", "coordinates": [ 139.407516, 36.253909 ] } },
{ "type": "Feature", "properties": { "ID": 1033100000936, "正式名称": "山川歯科クリニック", "機関区分": 3, "都道府県コード": 10, "市区町村コード": 525, "所在地": "群馬県邑楽郡邑楽町赤堀３８２３－２", "緯度": 36.238301, "経度": 139.488732, "url": "https://www.iryou.teikyouseido.mhlw.go.jp/znk-web/juminkanja/S2430/initialize?prefCd=10&kikanCd=3100000936&kikanKbn=3", "url2": null, "内容": "山川歯科クリニック【3:歯科】群馬県邑楽郡邑楽町赤堀３８２３－２" }, "geometry": { "type": "Point", "coordinates": [ 139.488732, 36.238301 ] } },
{ "type": "Feature", "properties": { "ID": 1033100000937, "正式名称": "やまもと歯科医院", "機関区分": 3, "都道府県コード": 10, "市区町村コード": 525, "所在地": "群馬県邑楽郡邑楽町篠塚２５６１－１", "緯度": 36.245994, "経度": 139.441264, "url": "https://www.iryou.teikyouseido.mhlw.go.jp/znk-web/juminkanja/S2430/initialize?prefCd=10&kikanCd=3100000937&kikanKbn=3", "url2": null, "内容": "やまもと歯科医院【3:歯科】群馬県邑楽郡邑楽町篠塚２５６１－１" }, "geometry": { "type": "Point", "coordinates": [ 139.441264, 36.245994 ] } },
{ "type": "Feature", "properties": { "ID": 1033100000938, "正式名称": "横田歯科クリニック", "機関区分": 3, "都道府県コード": 10, "市区町村コード": 207, "所在地": "群馬県館林市細内町８４３－１", "緯度": 36.255828, "経度": 139.555587, "url": "https://www.iryou.teikyouseido.mhlw.go.jp/znk-web/juminkanja/S2430/initialize?prefCd=10&kikanCd=3100000938&kikanKbn=3", "url2": "http://nyavi.net/yokotadc/", "内容": "横田歯科クリニック【3:歯科】群馬県館林市細内町８４３－１" }, "geometry": { "type": "Point", "coordinates": [ 139.555587, 36.255828 ] } },
{ "type": "Feature", "properties": { "ID": 1033100000940, "正式名称": "医療法人社団マリン会　館野歯科医院", "機関区分": 3, "都道府県コード": 10, "市区町村コード": 207, "所在地": "群馬県館林市諏訪町", "緯度": 36.230136, "経度": 139.522258, "url": "https://www.iryou.teikyouseido.mhlw.go.jp/znk-web/juminkanja/S2430/initialize?prefCd=10&kikanCd=3100000940&kikanKbn=3", "url2": "http://tateno-shika.com/", "内容": "医療法人社団マリン会　館野歯科医院【3:歯科】群馬県館林市諏訪町" }, "geometry": { "type": "Point", "coordinates": [ 139.522258, 36.230136 ] } },
{ "type": "Feature", "properties": { "ID": 1033100000941, "正式名称": "長谷川歯科医院", "機関区分": 3, "都道府県コード": 10, "市区町村コード": 207, "所在地": "群馬県館林市松原３－２０－７", "緯度": 36.233886, "経度": 139.547589, "url": "https://www.iryou.teikyouseido.mhlw.go.jp/znk-web/juminkanja/S2430/initialize?prefCd=10&kikanCd=3100000941&kikanKbn=3", "url2": null, "内容": "長谷川歯科医院【3:歯科】群馬県館林市松原３－２０－７" }, "geometry": { "type": "Point", "coordinates": [ 139.547589, 36.233886 ] } },
{ "type": "Feature", "properties": { "ID": 1033100000942, "正式名称": "松本歯科医院", "機関区分": 3, "都道府県コード": 10, "市区町村コード": 207, "所在地": "群馬県館林市楠町１９７８－３", "緯度": 36.239358, "経度": 139.566698, "url": "https://www.iryou.teikyouseido.mhlw.go.jp/znk-web/juminkanja/S2430/initialize?prefCd=10&kikanCd=3100000942&kikanKbn=3", "url2": null, "内容": "松本歯科医院【3:歯科】群馬県館林市楠町１９７８－３" }, "geometry": { "type": "Point", "coordinates": [ 139.566698, 36.239358 ] } },
{ "type": "Feature", "properties": { "ID": 1033100000943, "正式名称": "医療法人　志成会　高志歯科医院", "機関区分": 3, "都道府県コード": 10, "市区町村コード": 524, "所在地": "群馬県邑楽郡大泉町仙石４－４０－２０", "緯度": 36.243577, "経度": 139.392074, "url": "https://www.iryou.teikyouseido.mhlw.go.jp/znk-web/juminkanja/S2430/initialize?prefCd=10&kikanCd=3100000943&kikanKbn=3", "url2": null, "内容": "医療法人　志成会　高志歯科医院【3:歯科】群馬県邑楽郡大泉町仙石４－４０－２０" }, "geometry": { "type": "Point", "coordinates": [ 139.392074, 36.243577 ] } },
{ "type": "Feature", "properties": { "ID": 1033100000944, "正式名称": "あらい歯科医院", "機関区分": 3, "都道府県コード": 10, "市区町村コード": 201, "所在地": "群馬県前橋市岩神町３－５－９", "緯度": 36.405855, "経度": 139.0569, "url": "https://www.iryou.teikyouseido.mhlw.go.jp/znk-web/juminkanja/S2430/initialize?prefCd=10&kikanCd=3100000944&kikanKbn=3", "url2": "https://arachan.net/", "内容": "あらい歯科医院【3:歯科】群馬県前橋市岩神町３－５－９" }, "geometry": { "type": "Point", "coordinates": [ 139.0569, 36.405855 ] } },
{ "type": "Feature", "properties": { "ID": 1033100000945, "正式名称": "しばやま歯科", "機関区分": 3, "都道府県コード": 10, "市区町村コード": 202, "所在地": "群馬県高崎市八島町１０７ブレーンハイム柴山１０２", "緯度": 36.321145, "経度": 139.009963, "url": "https://www.iryou.teikyouseido.mhlw.go.jp/znk-web/juminkanja/S2430/initialize?prefCd=10&kikanCd=3100000945&kikanKbn=3", "url2": "http://www.shibayama.dr-clinic.jp/", "内容": "しばやま歯科【3:歯科】群馬県高崎市八島町１０７ブレーンハイム柴山１０２" }, "geometry": { "type": "Point", "coordinates": [ 139.009963, 36.321145 ] } },
{ "type": "Feature", "properties": { "ID": 1033100000946, "正式名称": "とやま歯科クリニック", "機関区分": 3, "都道府県コード": 10, "市区町村コード": 205, "所在地": "群馬県太田市東金井町８５８－２", "緯度": 36.316958, "経度": 139.390293, "url": "https://www.iryou.teikyouseido.mhlw.go.jp/znk-web/juminkanja/S2430/initialize?prefCd=10&kikanCd=3100000946&kikanKbn=3", "url2": "http://www.toyama-dc.net", "内容": "とやま歯科クリニック【3:歯科】群馬県太田市東金井町８５８－２" }, "geometry": { "type": "Point", "coordinates": [ 139.390293, 36.316958 ] } },
{ "type": "Feature", "properties": { "ID": 1033100000947, "正式名称": "岡村デンタルクリニック", "機関区分": 3, "都道府県コード": 10, "市区町村コード": 202, "所在地": "群馬県高崎市棟高町１１５２", "緯度": 36.387332, "経度": 139.005238, "url": "https://www.iryou.teikyouseido.mhlw.go.jp/znk-web/juminkanja/S2430/initialize?prefCd=10&kikanCd=3100000947&kikanKbn=3", "url2": "https://okamuradc.com/", "内容": "岡村デンタルクリニック【3:歯科】群馬県高崎市棟高町１１５２" }, "geometry": { "type": "Point", "coordinates": [ 139.005238, 36.387332 ] } },
{ "type": "Feature", "properties": { "ID": 1033100000948, "正式名称": "スマイル歯科クリニック", "機関区分": 3, "都道府県コード": 10, "市区町村コード": 345, "所在地": "群馬県北群馬郡吉岡町大久保３１６－７", "緯度": 36.436078, "経度": 139.021345, "url": "https://www.iryou.teikyouseido.mhlw.go.jp/znk-web/juminkanja/S2430/initialize?prefCd=10&kikanCd=3100000948&kikanKbn=3", "url2": null, "内容": "スマイル歯科クリニック【3:歯科】群馬県北群馬郡吉岡町大久保３１６－７" }, "geometry": { "type": "Point", "coordinates": [ 139.021345, 36.436078 ] } },
{ "type": "Feature", "properties": { "ID": 1033100000949, "正式名称": "たけうち歯科医院", "機関区分": 3, "都道府県コード": 10, "市区町村コード": 345, "所在地": "群馬県北群馬郡吉岡町下野田", "緯度": 36.456131, "経度": 139.007207, "url": "https://www.iryou.teikyouseido.mhlw.go.jp/znk-web/juminkanja/S2430/initialize?prefCd=10&kikanCd=3100000949&kikanKbn=3", "url2": null, "内容": "たけうち歯科医院【3:歯科】群馬県北群馬郡吉岡町下野田" }, "geometry": { "type": "Point", "coordinates": [ 139.007207, 36.456131 ] } },
{ "type": "Feature", "properties": { "ID": 1033100000950, "正式名称": "あまだ歯科医院", "機関区分": 3, "都道府県コード": 10, "市区町村コード": 202, "所在地": "群馬県高崎市鞘町７７", "緯度": 36.324784, "経度": 139.00588, "url": "https://www.iryou.teikyouseido.mhlw.go.jp/znk-web/juminkanja/S2430/initialize?prefCd=10&kikanCd=3100000950&kikanKbn=3", "url2": "http://www.amada-shika.com/", "内容": "あまだ歯科医院【3:歯科】群馬県高崎市鞘町７７" }, "geometry": { "type": "Point", "coordinates": [ 139.00588, 36.324784 ] } },
{ "type": "Feature", "properties": { "ID": 1033100000954, "正式名称": "しんがい歯科医院", "機関区分": 3, "都道府県コード": 10, "市区町村コード": 202, "所在地": "群馬県高崎市筑縄町２０－５", "緯度": 36.351364, "経度": 138.987491, "url": "https://www.iryou.teikyouseido.mhlw.go.jp/znk-web/juminkanja/S2430/initialize?prefCd=10&kikanCd=3100000954&kikanKbn=3", "url2": "https://www.shingai-shika.jp/", "内容": "しんがい歯科医院【3:歯科】群馬県高崎市筑縄町２０－５" }, "geometry": { "type": "Point", "coordinates": [ 138.987491, 36.351364 ] } },
{ "type": "Feature", "properties": { "ID": 1033100000955, "正式名称": "ささざわ歯科医院", "機関区分": 3, "都道府県コード": 10, "市区町村コード": 202, "所在地": "群馬県高崎市新保町１１４１－１", "緯度": 36.34606, "経度": 139.04082, "url": "https://www.iryou.teikyouseido.mhlw.go.jp/znk-web/juminkanja/S2430/initialize?prefCd=10&kikanCd=3100000955&kikanKbn=3", "url2": "http://www.sasazawa.com", "内容": "ささざわ歯科医院【3:歯科】群馬県高崎市新保町１１４１－１" }, "geometry": { "type": "Point", "coordinates": [ 139.04082, 36.34606 ] } },
{ "type": "Feature", "properties": { "ID": 1033100000956, "正式名称": "ナオ歯科クリニック", "機関区分": 3, "都道府県コード": 10, "市区町村コード": 202, "所在地": "群馬県高崎市末広町３５－５", "緯度": 36.335533, "経度": 139.008684, "url": "https://www.iryou.teikyouseido.mhlw.go.jp/znk-web/juminkanja/S2430/initialize?prefCd=10&kikanCd=3100000956&kikanKbn=3", "url2": null, "内容": "ナオ歯科クリニック【3:歯科】群馬県高崎市末広町３５－５" }, "geometry": { "type": "Point", "coordinates": [ 139.008684, 36.335533 ] } },
{ "type": "Feature", "properties": { "ID": 1033100000957, "正式名称": "なかざと歯科医院", "機関区分": 3, "都道府県コード": 10, "市区町村コード": 201, "所在地": "群馬県前橋市総社町総社", "緯度": 36.399693, "経度": 139.042762, "url": "https://www.iryou.teikyouseido.mhlw.go.jp/znk-web/juminkanja/S2430/initialize?prefCd=10&kikanCd=3100000957&kikanKbn=3", "url2": "https://www.nakazato-dental.net/", "内容": "なかざと歯科医院【3:歯科】群馬県前橋市総社町総社" }, "geometry": { "type": "Point", "coordinates": [ 139.042762, 36.399693 ] } },
{ "type": "Feature", "properties": { "ID": 1033100000958, "正式名称": "おおさわ歯科医院", "機関区分": 3, "都道府県コード": 10, "市区町村コード": 201, "所在地": "群馬県前橋市富田町", "緯度": 36.389501, "経度": 139.145865, "url": "https://www.iryou.teikyouseido.mhlw.go.jp/znk-web/juminkanja/S2430/initialize?prefCd=10&kikanCd=3100000958&kikanKbn=3", "url2": "http://www.osawadental.com", "内容": "おおさわ歯科医院【3:歯科】群馬県前橋市富田町" }, "geometry": { "type": "Point", "coordinates": [ 139.145865, 36.389501 ] } },
{ "type": "Feature", "properties": { "ID": 1033100000960, "正式名称": "医療法人海青会　ホワイトパール歯科クリニック", "機関区分": 3, "都道府県コード": 10, "市区町村コード": 208, "所在地": "群馬県渋川市川島１５７８－３", "緯度": 36.528511, "経度": 138.974734, "url": "https://www.iryou.teikyouseido.mhlw.go.jp/znk-web/juminkanja/S2430/initialize?prefCd=10&kikanCd=3100000960&kikanKbn=3", "url2": null, "内容": "医療法人海青会　ホワイトパール歯科クリニック【3:歯科】群馬県渋川市川島１５７８－３" }, "geometry": { "type": "Point", "coordinates": [ 138.974734, 36.528511 ] } },
{ "type": "Feature", "properties": { "ID": 1033100000961, "正式名称": "ふくしま町歯科クリニック", "機関区分": 3, "都道府県コード": 10, "市区町村コード": 384, "所在地": "群馬県甘楽郡甘楽町福島８１８－１", "緯度": 36.257317, "経度": 138.924667, "url": "https://www.iryou.teikyouseido.mhlw.go.jp/znk-web/juminkanja/S2430/initialize?prefCd=10&kikanCd=3100000961&kikanKbn=3", "url2": null, "内容": "ふくしま町歯科クリニック【3:歯科】群馬県甘楽郡甘楽町福島８１８－１" }, "geometry": { "type": "Point", "coordinates": [ 138.924667, 36.257317 ] } },
{ "type": "Feature", "properties": { "ID": 1033100000962, "正式名称": "松井歯科医院", "機関区分": 3, "都道府県コード": 10, "市区町村コード": 206, "所在地": "群馬県沼田市高橋場町２０６０番地の６", "緯度": 36.656721, "経度": 139.06622, "url": "https://www.iryou.teikyouseido.mhlw.go.jp/znk-web/juminkanja/S2430/initialize?prefCd=10&kikanCd=3100000962&kikanKbn=3", "url2": null, "内容": "松井歯科医院【3:歯科】群馬県沼田市高橋場町２０６０番地の６" }, "geometry": { "type": "Point", "coordinates": [ 139.06622, 36.656721 ] } },
{ "type": "Feature", "properties": { "ID": 1033100000964, "正式名称": "スマイル歯科クリニック", "機関区分": 3, "都道府県コード": 10, "市区町村コード": 206, "所在地": "群馬県沼田市久屋原町５３１－４", "緯度": 36.662055, "経度": 139.088579, "url": "https://www.iryou.teikyouseido.mhlw.go.jp/znk-web/juminkanja/S2430/initialize?prefCd=10&kikanCd=3100000964&kikanKbn=3", "url2": "http://www.smile-sc.jp/", "内容": "スマイル歯科クリニック【3:歯科】群馬県沼田市久屋原町５３１－４" }, "geometry": { "type": "Point", "coordinates": [ 139.088579, 36.662055 ] } },
{ "type": "Feature", "properties": { "ID": 1033100000965, "正式名称": "ハピカ歯科", "機関区分": 3, "都道府県コード": 10, "市区町村コード": 206, "所在地": "群馬県沼田市高橋場町２２３２－１", "緯度": 36.655888, "経度": 139.060499, "url": "https://www.iryou.teikyouseido.mhlw.go.jp/znk-web/juminkanja/S2430/initialize?prefCd=10&kikanCd=3100000965&kikanKbn=3", "url2": "http://www.hapika-dc.com", "内容": "ハピカ歯科【3:歯科】群馬県沼田市高橋場町２２３２－１" }, "geometry": { "type": "Point", "coordinates": [ 139.060499, 36.655888 ] } },
{ "type": "Feature", "properties": { "ID": 1033100000966, "正式名称": "医療法人東上会本多まこと歯科", "機関区分": 3, "都道府県コード": 10, "市区町村コード": 204, "所在地": "群馬県伊勢崎市東上之宮町", "緯度": 36.309732, "経度": 139.153424, "url": "https://www.iryou.teikyouseido.mhlw.go.jp/znk-web/juminkanja/S2430/initialize?prefCd=10&kikanCd=3100000966&kikanKbn=3", "url2": "http://www.honda-dc.jp", "内容": "医療法人東上会本多まこと歯科【3:歯科】群馬県伊勢崎市東上之宮町" }, "geometry": { "type": "Point", "coordinates": [ 139.153424, 36.309732 ] } },
{ "type": "Feature", "properties": { "ID": 1033100000967, "正式名称": "グリーン歯科・矯正歯科クリニック", "機関区分": 3, "都道府県コード": 10, "市区町村コード": 212, "所在地": "群馬県みどり市笠懸町阿左美１６９８－６", "緯度": 36.391309, "経度": 139.291853, "url": "https://www.iryou.teikyouseido.mhlw.go.jp/znk-web/juminkanja/S2430/initialize?prefCd=10&kikanCd=3100000967&kikanKbn=3", "url2": null, "内容": "グリーン歯科・矯正歯科クリニック【3:歯科】群馬県みどり市笠懸町阿左美１６９８－６" }, "geometry": { "type": "Point", "coordinates": [ 139.291853, 36.391309 ] } },
{ "type": "Feature", "properties": { "ID": 1033100000968, "正式名称": "医療法人社団　聖医会　田中歯科医院", "機関区分": 3, "都道府県コード": 10, "市区町村コード": 205, "所在地": "群馬県太田市新井町５５０－１３", "緯度": 36.289349, "経度": 139.369851, "url": "https://www.iryou.teikyouseido.mhlw.go.jp/znk-web/juminkanja/S2430/initialize?prefCd=10&kikanCd=3100000968&kikanKbn=3", "url2": "http://www.tnk-shika.com/", "内容": "医療法人社団　聖医会　田中歯科医院【3:歯科】群馬県太田市新井町５５０－１３" }, "geometry": { "type": "Point", "coordinates": [ 139.369851, 36.289349 ] } },
{ "type": "Feature", "properties": { "ID": 1033100000969, "正式名称": "医療法人社団ハートケアピース歯科・矯正歯科", "機関区分": 3, "都道府県コード": 10, "市区町村コード": 205, "所在地": "群馬県太田市龍舞町９０８―１０", "緯度": 36.282268, "経度": 139.413653, "url": "https://www.iryou.teikyouseido.mhlw.go.jp/znk-web/juminkanja/S2430/initialize?prefCd=10&kikanCd=3100000969&kikanKbn=3", "url2": "https://peace-dental.com/", "内容": "医療法人社団ハートケアピース歯科・矯正歯科【3:歯科】群馬県太田市龍舞町９０８―１０" }, "geometry": { "type": "Point", "coordinates": [ 139.413653, 36.282268 ] } },
{ "type": "Feature", "properties": { "ID": 1033100000970, "正式名称": "医療法人　優愛会　ファミリー歯科・矯正歯科クリニック", "機関区分": 3, "都道府県コード": 10, "市区町村コード": 205, "所在地": "群馬県太田市西本町４５ー３０", "緯度": 36.293793, "経度": 139.363296, "url": "https://www.iryou.teikyouseido.mhlw.go.jp/znk-web/juminkanja/S2430/initialize?prefCd=10&kikanCd=3100000970&kikanKbn=3", "url2": "http://www.family-dental.info/", "内容": "医療法人　優愛会　ファミリー歯科・矯正歯科クリニック【3:歯科】群馬県太田市西本町４５ー３０" }, "geometry": { "type": "Point", "coordinates": [ 139.363296, 36.293793 ] } },
{ "type": "Feature", "properties": { "ID": 1033100000971, "正式名称": "ひだまり歯科医院", "機関区分": 3, "都道府県コード": 10, "市区町村コード": 207, "所在地": "群馬県館林市松原１－６－１６", "緯度": 36.238086, "経度": 139.539896, "url": "https://www.iryou.teikyouseido.mhlw.go.jp/znk-web/juminkanja/S2430/initialize?prefCd=10&kikanCd=3100000971&kikanKbn=3", "url2": "https://www.hidamaridental.jp", "内容": "ひだまり歯科医院【3:歯科】群馬県館林市松原１－６－１６" }, "geometry": { "type": "Point", "coordinates": [ 139.539896, 36.238086 ] } },
{ "type": "Feature", "properties": { "ID": 1033100000972, "正式名称": "医療法人タクトウ歯科医院", "機関区分": 3, "都道府県コード": 10, "市区町村コード": 524, "所在地": "群馬県邑楽郡大泉町住吉５７－２　ベスタ大泉内ダイソー棟", "緯度": 36.252298, "経度": 139.406378, "url": "https://www.iryou.teikyouseido.mhlw.go.jp/znk-web/juminkanja/S2430/initialize?prefCd=10&kikanCd=3100000972&kikanKbn=3", "url2": "http://www.takutou.com/", "内容": "医療法人タクトウ歯科医院【3:歯科】群馬県邑楽郡大泉町住吉５７－２　ベスタ大泉内ダイソー棟" }, "geometry": { "type": "Point", "coordinates": [ 139.406378, 36.252298 ] } },
{ "type": "Feature", "properties": { "ID": 1033100000973, "正式名称": "平柳歯科医院", "機関区分": 3, "都道府県コード": 10, "市区町村コード": 382, "所在地": "群馬県甘楽郡下仁田町下仁田４２９－９", "緯度": 36.211625, "経度": 138.787459, "url": "https://www.iryou.teikyouseido.mhlw.go.jp/znk-web/juminkanja/S2430/initialize?prefCd=10&kikanCd=3100000973&kikanKbn=3", "url2": null, "内容": "平柳歯科医院【3:歯科】群馬県甘楽郡下仁田町下仁田４２９－９" }, "geometry": { "type": "Point", "coordinates": [ 138.787459, 36.211625 ] } },
{ "type": "Feature", "properties": { "ID": 1033100000974, "正式名称": "かがみ歯科クリニック", "機関区分": 3, "都道府県コード": 10, "市区町村コード": 201, "所在地": "群馬県前橋市箱田町６８２－４", "緯度": 36.370891, "経度": 139.05604, "url": "https://www.iryou.teikyouseido.mhlw.go.jp/znk-web/juminkanja/S2430/initialize?prefCd=10&kikanCd=3100000974&kikanKbn=3", "url2": null, "内容": "かがみ歯科クリニック【3:歯科】群馬県前橋市箱田町６８２－４" }, "geometry": { "type": "Point", "coordinates": [ 139.05604, 36.370891 ] } },
{ "type": "Feature", "properties": { "ID": 1033100000975, "正式名称": "アイ歯科クリニック", "機関区分": 3, "都道府県コード": 10, "市区町村コード": 464, "所在地": "群馬県佐波郡玉村町箱石８４ー２", "緯度": 36.299567, "経度": 139.146925, "url": "https://www.iryou.teikyouseido.mhlw.go.jp/znk-web/juminkanja/S2430/initialize?prefCd=10&kikanCd=3100000975&kikanKbn=3", "url2": "http://aishika.net", "内容": "アイ歯科クリニック【3:歯科】群馬県佐波郡玉村町箱石８４ー２" }, "geometry": { "type": "Point", "coordinates": [ 139.146925, 36.299567 ] } },
{ "type": "Feature", "properties": { "ID": 1033100000976, "正式名称": "ふくしま歯科医院", "機関区分": 3, "都道府県コード": 10, "市区町村コード": 201, "所在地": "群馬県前橋市下川町", "緯度": 36.329146, "経度": 139.086845, "url": "https://www.iryou.teikyouseido.mhlw.go.jp/znk-web/juminkanja/S2430/initialize?prefCd=10&kikanCd=3100000976&kikanKbn=3", "url2": null, "内容": "ふくしま歯科医院【3:歯科】群馬県前橋市下川町" }, "geometry": { "type": "Point", "coordinates": [ 139.086845, 36.329146 ] } },
{ "type": "Feature", "properties": { "ID": 1033100000977, "正式名称": "リタ歯科クリニック", "機関区分": 3, "都道府県コード": 10, "市区町村コード": 201, "所在地": "群馬県前橋市上泉町６７７－７", "緯度": 36.402277, "経度": 139.114784, "url": "https://www.iryou.teikyouseido.mhlw.go.jp/znk-web/juminkanja/S2430/initialize?prefCd=10&kikanCd=3100000977&kikanKbn=3", "url2": "http://www.ritadental.jp", "内容": "リタ歯科クリニック【3:歯科】群馬県前橋市上泉町６７７－７" }, "geometry": { "type": "Point", "coordinates": [ 139.114784, 36.402277 ] } },
{ "type": "Feature", "properties": { "ID": 1033100000978, "正式名称": "下小鳥歯科", "機関区分": 3, "都道府県コード": 10, "市区町村コード": 202, "所在地": "群馬県高崎市下小鳥町３６－２", "緯度": 36.352281, "経度": 138.99849, "url": "https://www.iryou.teikyouseido.mhlw.go.jp/znk-web/juminkanja/S2430/initialize?prefCd=10&kikanCd=3100000978&kikanKbn=3", "url2": null, "内容": "下小鳥歯科【3:歯科】群馬県高崎市下小鳥町３６－２" }, "geometry": { "type": "Point", "coordinates": [ 138.99849, 36.352281 ] } },
{ "type": "Feature", "properties": { "ID": 1033100000979, "正式名称": "狩野歯科口腔外科医院", "機関区分": 3, "都道府県コード": 10, "市区町村コード": 201, "所在地": "群馬県前橋市若宮町３−１５−１１", "緯度": 36.399027, "経度": 139.073093, "url": "https://www.iryou.teikyouseido.mhlw.go.jp/znk-web/juminkanja/S2430/initialize?prefCd=10&kikanCd=3100000979&kikanKbn=3", "url2": "http://kanodoso.com/", "内容": "狩野歯科口腔外科医院【3:歯科】群馬県前橋市若宮町３−１５−１１" }, "geometry": { "type": "Point", "coordinates": [ 139.073093, 36.399027 ] } },
{ "type": "Feature", "properties": { "ID": 1033100000980, "正式名称": "あわしま歯科医院", "機関区分": 3, "都道府県コード": 10, "市区町村コード": 202, "所在地": "群馬県高崎市正観寺町６９８－８", "緯度": 36.369501, "経度": 139.012405, "url": "https://www.iryou.teikyouseido.mhlw.go.jp/znk-web/juminkanja/S2430/initialize?prefCd=10&kikanCd=3100000980&kikanKbn=3", "url2": "https://awashima-shika.com/", "内容": "あわしま歯科医院【3:歯科】群馬県高崎市正観寺町６９８－８" }, "geometry": { "type": "Point", "coordinates": [ 139.012405, 36.369501 ] } },
{ "type": "Feature", "properties": { "ID": 1033100000981, "正式名称": "森デンタルクリニック", "機関区分": 3, "都道府県コード": 10, "市区町村コード": 201, "所在地": "群馬県前橋市荻窪町１２００－４", "緯度": 36.409666, "経度": 139.132615, "url": "https://www.iryou.teikyouseido.mhlw.go.jp/znk-web/juminkanja/S2430/initialize?prefCd=10&kikanCd=3100000981&kikanKbn=3", "url2": "http://www.mori-perio.com/", "内容": "森デンタルクリニック【3:歯科】群馬県前橋市荻窪町１２００－４" }, "geometry": { "type": "Point", "coordinates": [ 139.132615, 36.409666 ] } },
{ "type": "Feature", "properties": { "ID": 1033100000982, "正式名称": "かわだデンタルクリニック", "機関区分": 3, "都道府県コード": 10, "市区町村コード": 202, "所在地": "群馬県高崎市旭町２４－２　ニュースタイルビル１Ｆ", "緯度": 36.325278, "経度": 139.010811, "url": "https://www.iryou.teikyouseido.mhlw.go.jp/znk-web/juminkanja/S2430/initialize?prefCd=10&kikanCd=3100000982&kikanKbn=3", "url2": "http://www.kawada-dent.com", "内容": "かわだデンタルクリニック【3:歯科】群馬県高崎市旭町２４－２　ニュースタイルビル１Ｆ" }, "geometry": { "type": "Point", "coordinates": [ 139.010811, 36.325278 ] } },
{ "type": "Feature", "properties": { "ID": 1033100000984, "正式名称": "すがわら歯科クリニック", "機関区分": 3, "都道府県コード": 10, "市区町村コード": 201, "所在地": "群馬県前橋市野中町４２９－２", "緯度": 36.374919, "経度": 139.115146, "url": "https://www.iryou.teikyouseido.mhlw.go.jp/znk-web/juminkanja/S2430/initialize?prefCd=10&kikanCd=3100000984&kikanKbn=3", "url2": null, "内容": "すがわら歯科クリニック【3:歯科】群馬県前橋市野中町４２９－２" }, "geometry": { "type": "Point", "coordinates": [ 139.115146, 36.374919 ] } },
{ "type": "Feature", "properties": { "ID": 1033100000985, "正式名称": "医療法人あかぎ伊勢崎デンタルクリニック", "機関区分": 3, "都道府県コード": 10, "市区町村コード": 204, "所在地": "群馬県伊勢崎市太田町１０４１－２　セゾンドサン１階１号", "緯度": 36.33598, "経度": 139.189753, "url": "https://www.iryou.teikyouseido.mhlw.go.jp/znk-web/juminkanja/S2430/initialize?prefCd=10&kikanCd=3100000985&kikanKbn=3", "url2": null, "内容": "医療法人あかぎ伊勢崎デンタルクリニック【3:歯科】群馬県伊勢崎市太田町１０４１－２　セゾンドサン１階１号" }, "geometry": { "type": "Point", "coordinates": [ 139.189753, 36.33598 ] } },
{ "type": "Feature", "properties": { "ID": 1033100000987, "正式名称": "ひまわり歯科医院", "機関区分": 3, "都道府県コード": 10, "市区町村コード": 201, "所在地": "群馬県前橋市文京町２－１３－３　ひまわり歯科医院", "緯度": 36.381584, "経度": 139.081149, "url": "https://www.iryou.teikyouseido.mhlw.go.jp/znk-web/juminkanja/S2430/initialize?prefCd=10&kikanCd=3100000987&kikanKbn=3", "url2": null, "内容": "ひまわり歯科医院【3:歯科】群馬県前橋市文京町２－１３－３　ひまわり歯科医院" }, "geometry": { "type": "Point", "coordinates": [ 139.081149, 36.381584 ] } },
{ "type": "Feature", "properties": { "ID": 1033100000988, "正式名称": "いずみ歯科医院", "機関区分": 3, "都道府県コード": 10, "市区町村コード": 201, "所在地": "群馬県前橋市富士見町時沢９６０－７", "緯度": 36.425663, "経度": 139.092479, "url": "https://www.iryou.teikyouseido.mhlw.go.jp/znk-web/juminkanja/S2430/initialize?prefCd=10&kikanCd=3100000988&kikanKbn=3", "url2": null, "内容": "いずみ歯科医院【3:歯科】群馬県前橋市富士見町時沢９６０－７" }, "geometry": { "type": "Point", "coordinates": [ 139.092479, 36.425663 ] } },
{ "type": "Feature", "properties": { "ID": 1033100000989, "正式名称": "しながわ歯科クリニック", "機関区分": 3, "都道府県コード": 10, "市区町村コード": 201, "所在地": "群馬県前橋市上泉町", "緯度": 36.402277, "経度": 139.114784, "url": "https://www.iryou.teikyouseido.mhlw.go.jp/znk-web/juminkanja/S2430/initialize?prefCd=10&kikanCd=3100000989&kikanKbn=3", "url2": "https://shinagawa-shika-clinic.com", "内容": "しながわ歯科クリニック【3:歯科】群馬県前橋市上泉町" }, "geometry": { "type": "Point", "coordinates": [ 139.114784, 36.402277 ] } },
{ "type": "Feature", "properties": { "ID": 1033100000991, "正式名称": "医療法人やじま歯科クリニック", "機関区分": 3, "都道府県コード": 10, "市区町村コード": 211, "所在地": "群馬県安中市安中", "緯度": 36.342169, "経度": 138.908859, "url": "https://www.iryou.teikyouseido.mhlw.go.jp/znk-web/juminkanja/S2430/initialize?prefCd=10&kikanCd=3100000991&kikanKbn=3", "url2": "http://www.yajima-dc.com/", "内容": "医療法人やじま歯科クリニック【3:歯科】群馬県安中市安中" }, "geometry": { "type": "Point", "coordinates": [ 138.908859, 36.342169 ] } },
{ "type": "Feature", "properties": { "ID": 1033100000992, "正式名称": "クリーンデンタル", "機関区分": 3, "都道府県コード": 10, "市区町村コード": 449, "所在地": "群馬県利根郡みなかみ町下牧１８８－３", "緯度": 36.693716, "経度": 138.990197, "url": "https://www.iryou.teikyouseido.mhlw.go.jp/znk-web/juminkanja/S2430/initialize?prefCd=10&kikanCd=3100000992&kikanKbn=3", "url2": null, "内容": "クリーンデンタル【3:歯科】群馬県利根郡みなかみ町下牧１８８－３" }, "geometry": { "type": "Point", "coordinates": [ 138.990197, 36.693716 ] } },
{ "type": "Feature", "properties": { "ID": 1033100000993, "正式名称": "伊勢崎クリア矯正歯科", "機関区分": 3, "都道府県コード": 10, "市区町村コード": 204, "所在地": "群馬県伊勢崎市宮子町３１３９", "緯度": 36.332863, "経度": 139.161705, "url": "https://www.iryou.teikyouseido.mhlw.go.jp/znk-web/juminkanja/S2430/initialize?prefCd=10&kikanCd=3100000993&kikanKbn=3", "url2": "http://www.isesaki-kyousei.jp/", "内容": "伊勢崎クリア矯正歯科【3:歯科】群馬県伊勢崎市宮子町３１３９" }, "geometry": { "type": "Point", "coordinates": [ 139.161705, 36.332863 ] } },
{ "type": "Feature", "properties": { "ID": 1033100000995, "正式名称": "あやの歯科クリニック", "機関区分": 3, "都道府県コード": 10, "市区町村コード": 205, "所在地": "群馬県太田市高林北町１９３１－４", "緯度": 36.269407, "経度": 139.368047, "url": "https://www.iryou.teikyouseido.mhlw.go.jp/znk-web/juminkanja/S2430/initialize?prefCd=10&kikanCd=3100000995&kikanKbn=3", "url2": null, "内容": "あやの歯科クリニック【3:歯科】群馬県太田市高林北町１９３１－４" }, "geometry": { "type": "Point", "coordinates": [ 139.368047, 36.269407 ] } },
{ "type": "Feature", "properties": { "ID": 1033100000996, "正式名称": "堀口歯科医院", "機関区分": 3, "都道府県コード": 10, "市区町村コード": 202, "所在地": "群馬県高崎市上里見町２８１－１", "緯度": 36.376422, "経度": 138.893858, "url": "https://www.iryou.teikyouseido.mhlw.go.jp/znk-web/juminkanja/S2430/initialize?prefCd=10&kikanCd=3100000996&kikanKbn=3", "url2": "http://horiguchidental.cihp.jp/", "内容": "堀口歯科医院【3:歯科】群馬県高崎市上里見町２８１－１" }, "geometry": { "type": "Point", "coordinates": [ 138.893858, 36.376422 ] } },
{ "type": "Feature", "properties": { "ID": 1033100000997, "正式名称": "前橋みなみ歯科", "機関区分": 3, "都道府県コード": 10, "市区町村コード": 201, "所在地": "群馬県前橋市新堀町１８パワーモール前橋みなみ", "緯度": 36.330451, "経度": 139.097064, "url": "https://www.iryou.teikyouseido.mhlw.go.jp/znk-web/juminkanja/S2430/initialize?prefCd=10&kikanCd=3100000997&kikanKbn=3", "url2": "http://www.maebashi373.jp/", "内容": "前橋みなみ歯科【3:歯科】群馬県前橋市新堀町１８パワーモール前橋みなみ" }, "geometry": { "type": "Point", "coordinates": [ 139.097064, 36.330451 ] } },
{ "type": "Feature", "properties": { "ID": 1033100000998, "正式名称": "中央大橋歯科クリニック", "機関区分": 3, "都道府県コード": 10, "市区町村コード": 201, "所在地": "群馬県前橋市大渡町１－７－１７", "緯度": 36.396221, "経度": 139.050428, "url": "https://www.iryou.teikyouseido.mhlw.go.jp/znk-web/juminkanja/S2430/initialize?prefCd=10&kikanCd=3100000998&kikanKbn=3", "url2": "http://www.cb-dental.com", "内容": "中央大橋歯科クリニック【3:歯科】群馬県前橋市大渡町１－７－１７" }, "geometry": { "type": "Point", "coordinates": [ 139.050428, 36.396221 ] } },
{ "type": "Feature", "properties": { "ID": 1033100000999, "正式名称": "高崎市休日応急歯科診療所", "機関区分": 3, "都道府県コード": 10, "市区町村コード": 202, "所在地": "群馬県高崎市高松町５－２８　高崎市総合保健センター１階", "緯度": 36.322506, "経度": 139.001575, "url": "https://www.iryou.teikyouseido.mhlw.go.jp/znk-web/juminkanja/S2430/initialize?prefCd=10&kikanCd=3100000999&kikanKbn=3", "url2": null, "内容": "高崎市休日応急歯科診療所【3:歯科】群馬県高崎市高松町５－２８　高崎市総合保健センター１階" }, "geometry": { "type": "Point", "coordinates": [ 139.001575, 36.322506 ] } },
{ "type": "Feature", "properties": { "ID": 1033100001001, "正式名称": "利根保健生活協同組合　生協みなかみ歯科", "機関区分": 3, "都道府県コード": 10, "市区町村コード": 449, "所在地": "群馬県利根郡みなかみ町後閑５８７－３", "緯度": 36.694883, "経度": 139.009001, "url": "https://www.iryou.teikyouseido.mhlw.go.jp/znk-web/juminkanja/S2430/initialize?prefCd=10&kikanCd=3100001001&kikanKbn=3", "url2": "http://www.tonehoken.or.jp/minakamishika/index.html", "内容": "利根保健生活協同組合　生協みなかみ歯科【3:歯科】群馬県利根郡みなかみ町後閑５８７－３" }, "geometry": { "type": "Point", "coordinates": [ 139.009001, 36.694883 ] } },
{ "type": "Feature", "properties": { "ID": 1033100001003, "正式名称": "下之城デンタルクリニック", "機関区分": 3, "都道府県コード": 10, "市区町村コード": 202, "所在地": "群馬県高崎市下之城町８６３－６", "緯度": 36.303773, "経度": 139.030555, "url": "https://www.iryou.teikyouseido.mhlw.go.jp/znk-web/juminkanja/S2430/initialize?prefCd=10&kikanCd=3100001003&kikanKbn=3", "url2": "https://www.shimonojodental.com/", "内容": "下之城デンタルクリニック【3:歯科】群馬県高崎市下之城町８６３－６" }, "geometry": { "type": "Point", "coordinates": [ 139.030555, 36.303773 ] } },
{ "type": "Feature", "properties": { "ID": 1033100001004, "正式名称": "ちよだの森歯科診療所", "機関区分": 3, "都道府県コード": 10, "市区町村コード": 523, "所在地": "群馬県邑楽郡千代田町赤岩１７２９－１", "緯度": 36.222302, "経度": 139.448875, "url": "https://www.iryou.teikyouseido.mhlw.go.jp/znk-web/juminkanja/S2430/initialize?prefCd=10&kikanCd=3100001004&kikanKbn=3", "url2": "http://www.chiyoda-forest.com", "内容": "ちよだの森歯科診療所【3:歯科】群馬県邑楽郡千代田町赤岩１７２９－１" }, "geometry": { "type": "Point", "coordinates": [ 139.448875, 36.222302 ] } },
{ "type": "Feature", "properties": { "ID": 1033100001005, "正式名称": "野口歯科医院", "機関区分": 3, "都道府県コード": 10, "市区町村コード": 201, "所在地": "群馬県前橋市石倉町１－１２－７", "緯度": 36.383352, "経度": 139.056229, "url": "https://www.iryou.teikyouseido.mhlw.go.jp/znk-web/juminkanja/S2430/initialize?prefCd=10&kikanCd=3100001005&kikanKbn=3", "url2": "http://park7.wakwak.com/~noguchishika1127", "内容": "野口歯科医院【3:歯科】群馬県前橋市石倉町１－１２－７" }, "geometry": { "type": "Point", "coordinates": [ 139.056229, 36.383352 ] } },
{ "type": "Feature", "properties": { "ID": 1033100001006, "正式名称": "平山歯科", "機関区分": 3, "都道府県コード": 10, "市区町村コード": 202, "所在地": "群馬県高崎市本郷町１４４０", "緯度": 36.36625, "経度": 138.938772, "url": "https://www.iryou.teikyouseido.mhlw.go.jp/znk-web/juminkanja/S2430/initialize?prefCd=10&kikanCd=3100001006&kikanKbn=3", "url2": null, "内容": "平山歯科【3:歯科】群馬県高崎市本郷町１４４０" }, "geometry": { "type": "Point", "coordinates": [ 138.938772, 36.36625 ] } },
{ "type": "Feature", "properties": { "ID": 1033100001007, "正式名称": "大雄寺歯科医院", "機関区分": 3, "都道府県コード": 10, "市区町村コード": 383, "所在地": "群馬県甘楽郡南牧村六車１５００", "緯度": 36.158572, "経度": 138.698337, "url": "https://www.iryou.teikyouseido.mhlw.go.jp/znk-web/juminkanja/S2430/initialize?prefCd=10&kikanCd=3100001007&kikanKbn=3", "url2": null, "内容": "大雄寺歯科医院【3:歯科】群馬県甘楽郡南牧村六車１５００" }, "geometry": { "type": "Point", "coordinates": [ 138.698337, 36.158572 ] } },
{ "type": "Feature", "properties": { "ID": 1033100001008, "正式名称": "はぴねすデンタルクリニック", "機関区分": 3, "都道府県コード": 10, "市区町村コード": 204, "所在地": "群馬県伊勢崎市市場町１－１５４２　ベイシア赤堀店内", "緯度": 36.369366, "経度": 139.224609, "url": "https://www.iryou.teikyouseido.mhlw.go.jp/znk-web/juminkanja/S2430/initialize?prefCd=10&kikanCd=3100001008&kikanKbn=3", "url2": "http://happiness-dc.com/", "内容": "はぴねすデンタルクリニック【3:歯科】群馬県伊勢崎市市場町１－１５４２　ベイシア赤堀店内" }, "geometry": { "type": "Point", "coordinates": [ 139.224609, 36.369366 ] } },
{ "type": "Feature", "properties": { "ID": 1033100001009, "正式名称": "ひとみ歯科クリニック", "機関区分": 3, "都道府県コード": 10, "市区町村コード": 524, "所在地": "群馬県邑楽郡大泉町富士２－３－１０", "緯度": 36.249466, "経度": 139.415988, "url": "https://www.iryou.teikyouseido.mhlw.go.jp/znk-web/juminkanja/S2430/initialize?prefCd=10&kikanCd=3100001009&kikanKbn=3", "url2": null, "内容": "ひとみ歯科クリニック【3:歯科】群馬県邑楽郡大泉町富士２－３－１０" }, "geometry": { "type": "Point", "coordinates": [ 139.415988, 36.249466 ] } },
{ "type": "Feature", "properties": { "ID": 1033100001010, "正式名称": "こたけ歯科クリニック", "機関区分": 3, "都道府県コード": 10, "市区町村コード": 201, "所在地": "群馬県前橋市富士見町時沢５１５", "緯度": 36.437356, "経度": 139.077535, "url": "https://www.iryou.teikyouseido.mhlw.go.jp/znk-web/juminkanja/S2430/initialize?prefCd=10&kikanCd=3100001010&kikanKbn=3", "url2": null, "内容": "こたけ歯科クリニック【3:歯科】群馬県前橋市富士見町時沢５１５" }, "geometry": { "type": "Point", "coordinates": [ 139.077535, 36.437356 ] } },
{ "type": "Feature", "properties": { "ID": 1033100001011, "正式名称": "おの歯科クリニック", "機関区分": 3, "都道府県コード": 10, "市区町村コード": 202, "所在地": "群馬県高崎市金古町１９４３－２", "緯度": 36.411024, "経度": 139.001404, "url": "https://www.iryou.teikyouseido.mhlw.go.jp/znk-web/juminkanja/S2430/initialize?prefCd=10&kikanCd=3100001011&kikanKbn=3", "url2": null, "内容": "おの歯科クリニック【3:歯科】群馬県高崎市金古町１９４３－２" }, "geometry": { "type": "Point", "coordinates": [ 139.001404, 36.411024 ] } },
{ "type": "Feature", "properties": { "ID": 1033100001012, "正式名称": "医療法人　たか歯科クリニック", "機関区分": 3, "都道府県コード": 10, "市区町村コード": 209, "所在地": "群馬県藤岡市中栗須２９－１", "緯度": 36.255848, "経度": 139.069072, "url": "https://www.iryou.teikyouseido.mhlw.go.jp/znk-web/juminkanja/S2430/initialize?prefCd=10&kikanCd=3100001012&kikanKbn=3", "url2": null, "内容": "医療法人　たか歯科クリニック【3:歯科】群馬県藤岡市中栗須２９－１" }, "geometry": { "type": "Point", "coordinates": [ 139.069072, 36.255848 ] } },
{ "type": "Feature", "properties": { "ID": 1033100001013, "正式名称": "医療法人社団彩明会高崎デンタルクリニック", "機関区分": 3, "都道府県コード": 10, "市区町村コード": 202, "所在地": "群馬県高崎市新田町４－２セントラルヒルズ高崎１０１", "緯度": 36.319923, "経度": 139.008685, "url": "https://www.iryou.teikyouseido.mhlw.go.jp/znk-web/juminkanja/S2430/initialize?prefCd=10&kikanCd=3100001013&kikanKbn=3", "url2": "https://www.takasaki-saimeikai.com/", "内容": "医療法人社団彩明会高崎デンタルクリニック【3:歯科】群馬県高崎市新田町４－２セントラルヒルズ高崎１０１" }, "geometry": { "type": "Point", "coordinates": [ 139.008685, 36.319923 ] } },
{ "type": "Feature", "properties": { "ID": 1033100001015, "正式名称": "さかい歯科クリニック", "機関区分": 3, "都道府県コード": 10, "市区町村コード": 203, "所在地": "群馬県桐生市広沢町２ー３１１４―８", "緯度": 36.391777, "経度": 139.316876, "url": "https://www.iryou.teikyouseido.mhlw.go.jp/znk-web/juminkanja/S2430/initialize?prefCd=10&kikanCd=3100001015&kikanKbn=3", "url2": "http://sakai-dental.biz/", "内容": "さかい歯科クリニック【3:歯科】群馬県桐生市広沢町２ー３１１４―８" }, "geometry": { "type": "Point", "coordinates": [ 139.316876, 36.391777 ] } },
{ "type": "Feature", "properties": { "ID": 1033100001017, "正式名称": "くるみ歯科", "機関区分": 3, "都道府県コード": 10, "市区町村コード": 202, "所在地": "群馬県高崎市井野町６９５－１", "緯度": 36.359441, "経度": 139.030226, "url": "https://www.iryou.teikyouseido.mhlw.go.jp/znk-web/juminkanja/S2430/initialize?prefCd=10&kikanCd=3100001017&kikanKbn=3", "url2": null, "内容": "くるみ歯科【3:歯科】群馬県高崎市井野町６９５－１" }, "geometry": { "type": "Point", "coordinates": [ 139.030226, 36.359441 ] } },
{ "type": "Feature", "properties": { "ID": 1033100001019, "正式名称": "医療法人ＳＤＨひらしま歯科", "機関区分": 3, "都道府県コード": 10, "市区町村コード": 344, "所在地": "群馬県北群馬郡榛東村山子田１４８２－２", "緯度": 36.445131, "経度": 138.983848, "url": "https://www.iryou.teikyouseido.mhlw.go.jp/znk-web/juminkanja/S2430/initialize?prefCd=10&kikanCd=3100001019&kikanKbn=3", "url2": "http://www.hirashima-perio.com", "内容": "医療法人ＳＤＨひらしま歯科【3:歯科】群馬県北群馬郡榛東村山子田１４８２－２" }, "geometry": { "type": "Point", "coordinates": [ 138.983848, 36.445131 ] } },
{ "type": "Feature", "properties": { "ID": 1033100001020, "正式名称": "医療法人　ＭＳＯ　かとう歯科", "機関区分": 3, "都道府県コード": 10, "市区町村コード": 212, "所在地": "群馬県みどり市大間々町大間々５６６－１", "緯度": 36.422195, "経度": 139.278991, "url": "https://www.iryou.teikyouseido.mhlw.go.jp/znk-web/juminkanja/S2430/initialize?prefCd=10&kikanCd=3100001020&kikanKbn=3", "url2": "http://www.46-6480.com", "内容": "医療法人　ＭＳＯ　かとう歯科【3:歯科】群馬県みどり市大間々町大間々５６６－１" }, "geometry": { "type": "Point", "coordinates": [ 139.278991, 36.422195 ] } },
{ "type": "Feature", "properties": { "ID": 1033100001021, "正式名称": "さくらデンタルクリニック", "機関区分": 3, "都道府県コード": 10, "市区町村コード": 464, "所在地": "群馬県佐波郡玉村町斎田１４－３", "緯度": 36.309644, "経度": 139.109172, "url": "https://www.iryou.teikyouseido.mhlw.go.jp/znk-web/juminkanja/S2430/initialize?prefCd=10&kikanCd=3100001021&kikanKbn=3", "url2": null, "内容": "さくらデンタルクリニック【3:歯科】群馬県佐波郡玉村町斎田１４－３" }, "geometry": { "type": "Point", "coordinates": [ 139.109172, 36.309644 ] } },
{ "type": "Feature", "properties": { "ID": 1033100001022, "正式名称": "群馬県前橋宮久保歯科", "機関区分": 3, "都道府県コード": 10, "市区町村コード": 201, "所在地": "群馬県前橋市田口町３８５－１", "緯度": 36.445438, "経度": 139.047398, "url": "https://www.iryou.teikyouseido.mhlw.go.jp/znk-web/juminkanja/S2430/initialize?prefCd=10&kikanCd=3100001022&kikanKbn=3", "url2": "http://miyakubo.info", "内容": "群馬県前橋宮久保歯科【3:歯科】群馬県前橋市田口町３８５－１" }, "geometry": { "type": "Point", "coordinates": [ 139.047398, 36.445438 ] } },
{ "type": "Feature", "properties": { "ID": 1033100001023, "正式名称": "たけだ歯科クリニック", "機関区分": 3, "都道府県コード": 10, "市区町村コード": 201, "所在地": "群馬県前橋市西片貝町３－５０", "緯度": 36.395444, "経度": 139.093452, "url": "https://www.iryou.teikyouseido.mhlw.go.jp/znk-web/juminkanja/S2430/initialize?prefCd=10&kikanCd=3100001023&kikanKbn=3", "url2": "http://www.dc-takeda.jp/", "内容": "たけだ歯科クリニック【3:歯科】群馬県前橋市西片貝町３－５０" }, "geometry": { "type": "Point", "coordinates": [ 139.093452, 36.395444 ] } },
{ "type": "Feature", "properties": { "ID": 1033100001024, "正式名称": "医療法人小野里歯科医院おのざとデンタルオフィス", "機関区分": 3, "都道府県コード": 10, "市区町村コード": 201, "所在地": "群馬県前橋市古市町１８０－１", "緯度": 36.374973, "経度": 139.047679, "url": "https://www.iryou.teikyouseido.mhlw.go.jp/znk-web/juminkanja/S2430/initialize?prefCd=10&kikanCd=3100001024&kikanKbn=3", "url2": "http://www.onozato-shika.com", "内容": "医療法人小野里歯科医院おのざとデンタルオフィス【3:歯科】群馬県前橋市古市町１８０－１" }, "geometry": { "type": "Point", "coordinates": [ 139.047679, 36.374973 ] } },
{ "type": "Feature", "properties": { "ID": 1033100001025, "正式名称": "高井歯科クリニック", "機関区分": 3, "都道府県コード": 10, "市区町村コード": 202, "所在地": "群馬県高崎市上中居町１７７０", "緯度": 36.321201, "経度": 139.0311, "url": "https://www.iryou.teikyouseido.mhlw.go.jp/znk-web/juminkanja/S2430/initialize?prefCd=10&kikanCd=3100001025&kikanKbn=3", "url2": "http://takai-dc.com/", "内容": "高井歯科クリニック【3:歯科】群馬県高崎市上中居町１７７０" }, "geometry": { "type": "Point", "coordinates": [ 139.0311, 36.321201 ] } },
{ "type": "Feature", "properties": { "ID": 1033100001026, "正式名称": "森村デンタルクリニック", "機関区分": 3, "都道府県コード": 10, "市区町村コード": 204, "所在地": "群馬県伊勢崎市堀口町３７ー１", "緯度": 36.298456, "経度": 139.182505, "url": "https://www.iryou.teikyouseido.mhlw.go.jp/znk-web/juminkanja/S2430/initialize?prefCd=10&kikanCd=3100001026&kikanKbn=3", "url2": "https://morimuradc.jimdofree.com/", "内容": "森村デンタルクリニック【3:歯科】群馬県伊勢崎市堀口町３７ー１" }, "geometry": { "type": "Point", "coordinates": [ 139.182505, 36.298456 ] } },
{ "type": "Feature", "properties": { "ID": 1033100001027, "正式名称": "ヒデ・デンタルクリニック", "機関区分": 3, "都道府県コード": 10, "市区町村コード": 205, "所在地": "群馬県太田市台之郷町", "緯度": 36.304487, "経度": 139.411958, "url": "https://www.iryou.teikyouseido.mhlw.go.jp/znk-web/juminkanja/S2430/initialize?prefCd=10&kikanCd=3100001027&kikanKbn=3", "url2": "http://www.hide-dental.jp", "内容": "ヒデ・デンタルクリニック【3:歯科】群馬県太田市台之郷町" }, "geometry": { "type": "Point", "coordinates": [ 139.411958, 36.304487 ] } },
{ "type": "Feature", "properties": { "ID": 1033100001029, "正式名称": "上州総合歯科医院", "機関区分": 3, "都道府県コード": 10, "市区町村コード": 201, "所在地": "群馬県前橋市西片貝町１－２８７－２８　しきしまビル１０１", "緯度": 36.395444, "経度": 139.093452, "url": "https://www.iryou.teikyouseido.mhlw.go.jp/znk-web/juminkanja/S2430/initialize?prefCd=10&kikanCd=3100001029&kikanKbn=3", "url2": "http://www.jyoshu-dental-clinic.com/", "内容": "上州総合歯科医院【3:歯科】群馬県前橋市西片貝町１－２８７－２８　しきしまビル１０１" }, "geometry": { "type": "Point", "coordinates": [ 139.093452, 36.395444 ] } },
{ "type": "Feature", "properties": { "ID": 1033100001030, "正式名称": "佐山歯科医院", "機関区分": 3, "都道府県コード": 10, "市区町村コード": 201, "所在地": "群馬県前橋市笂井町４０ー１", "緯度": 36.370337, "経度": 139.140977, "url": "https://www.iryou.teikyouseido.mhlw.go.jp/znk-web/juminkanja/S2430/initialize?prefCd=10&kikanCd=3100001030&kikanKbn=3", "url2": "http://sayamashika.jp/", "内容": "佐山歯科医院【3:歯科】群馬県前橋市笂井町４０ー１" }, "geometry": { "type": "Point", "coordinates": [ 139.140977, 36.370337 ] } },
{ "type": "Feature", "properties": { "ID": 1033100001031, "正式名称": "高南会島野デンタルオフィス", "機関区分": 3, "都道府県コード": 10, "市区町村コード": 202, "所在地": "群馬県高崎市島野町１０３３－１", "緯度": 36.343116, "経度": 139.050931, "url": "https://www.iryou.teikyouseido.mhlw.go.jp/znk-web/juminkanja/S2430/initialize?prefCd=10&kikanCd=3100001031&kikanKbn=3", "url2": null, "内容": "高南会島野デンタルオフィス【3:歯科】群馬県高崎市島野町１０３３－１" }, "geometry": { "type": "Point", "coordinates": [ 139.050931, 36.343116 ] } },
{ "type": "Feature", "properties": { "ID": 1033100001032, "正式名称": "たきかわ歯科医院", "機関区分": 3, "都道府県コード": 10, "市区町村コード": 202, "所在地": "群馬県高崎市台新田町１７６－１", "緯度": 36.29951, "経度": 139.070598, "url": "https://www.iryou.teikyouseido.mhlw.go.jp/znk-web/juminkanja/S2430/initialize?prefCd=10&kikanCd=3100001032&kikanKbn=3", "url2": "http://dc-takikawa.com/", "内容": "たきかわ歯科医院【3:歯科】群馬県高崎市台新田町１７６－１" }, "geometry": { "type": "Point", "coordinates": [ 139.070598, 36.29951 ] } },
{ "type": "Feature", "properties": { "ID": 1033100001033, "正式名称": "うえはら歯科クリニック", "機関区分": 3, "都道府県コード": 10, "市区町村コード": 202, "所在地": "群馬県高崎市飯塚町", "緯度": 36.341532, "経度": 139.006101, "url": "https://www.iryou.teikyouseido.mhlw.go.jp/znk-web/juminkanja/S2430/initialize?prefCd=10&kikanCd=3100001033&kikanKbn=3", "url2": "http://www.uehara-dental.jp/", "内容": "うえはら歯科クリニック【3:歯科】群馬県高崎市飯塚町" }, "geometry": { "type": "Point", "coordinates": [ 139.006101, 36.341532 ] } },
{ "type": "Feature", "properties": { "ID": 1033100001034, "正式名称": "神流町歯科診療所", "機関区分": 3, "都道府県コード": 10, "市区町村コード": 367, "所在地": "群馬県多野郡神流町万場３８－１", "緯度": 36.130275, "経度": 138.912035, "url": "https://www.iryou.teikyouseido.mhlw.go.jp/znk-web/juminkanja/S2430/initialize?prefCd=10&kikanCd=3100001034&kikanKbn=3", "url2": null, "内容": "神流町歯科診療所【3:歯科】群馬県多野郡神流町万場３８－１" }, "geometry": { "type": "Point", "coordinates": [ 138.912035, 36.130275 ] } },
{ "type": "Feature", "properties": { "ID": 1033100001035, "正式名称": "たじま歯科クリニック", "機関区分": 3, "都道府県コード": 10, "市区町村コード": 204, "所在地": "群馬県伊勢崎市連取町３０８１－１", "緯度": 36.315982, "経度": 139.173755, "url": "https://www.iryou.teikyouseido.mhlw.go.jp/znk-web/juminkanja/S2430/initialize?prefCd=10&kikanCd=3100001035&kikanKbn=3", "url2": "https://www.tjm-dental.com/", "内容": "たじま歯科クリニック【3:歯科】群馬県伊勢崎市連取町３０８１－１" }, "geometry": { "type": "Point", "coordinates": [ 139.173755, 36.315982 ] } },
{ "type": "Feature", "properties": { "ID": 1033100001036, "正式名称": "仁木歯科クリニック", "機関区分": 3, "都道府県コード": 10, "市区町村コード": 524, "所在地": "群馬県邑楽郡大泉町北小泉３－４－５", "緯度": 36.264575, "経度": 139.418348, "url": "https://www.iryou.teikyouseido.mhlw.go.jp/znk-web/juminkanja/S2430/initialize?prefCd=10&kikanCd=3100001036&kikanKbn=3", "url2": null, "内容": "仁木歯科クリニック【3:歯科】群馬県邑楽郡大泉町北小泉３－４－５" }, "geometry": { "type": "Point", "coordinates": [ 139.418348, 36.264575 ] } },
{ "type": "Feature", "properties": { "ID": 1033100001037, "正式名称": "医療法人さた歯科診療所", "機関区分": 3, "都道府県コード": 10, "市区町村コード": 201, "所在地": "群馬県前橋市大胡町３９７－３", "緯度": 36.412194, "経度": 139.159585, "url": "https://www.iryou.teikyouseido.mhlw.go.jp/znk-web/juminkanja/S2430/initialize?prefCd=10&kikanCd=3100001037&kikanKbn=3", "url2": "http://www.sata-shika.com/", "内容": "医療法人さた歯科診療所【3:歯科】群馬県前橋市大胡町３９７－３" }, "geometry": { "type": "Point", "coordinates": [ 139.159585, 36.412194 ] } },
{ "type": "Feature", "properties": { "ID": 1033100001038, "正式名称": "矯正歯科スマイルデザイン", "機関区分": 3, "都道府県コード": 10, "市区町村コード": 202, "所在地": "群馬県高崎市片岡町２－６－３", "緯度": 36.316312, "経度": 138.996075, "url": "https://www.iryou.teikyouseido.mhlw.go.jp/znk-web/juminkanja/S2430/initialize?prefCd=10&kikanCd=3100001038&kikanKbn=3", "url2": "http://clinic-smiledesign.com/", "内容": "矯正歯科スマイルデザイン【3:歯科】群馬県高崎市片岡町２－６－３" }, "geometry": { "type": "Point", "coordinates": [ 138.996075, 36.316312 ] } },
{ "type": "Feature", "properties": { "ID": 1033100001039, "正式名称": "スマイル歯科矯正歯科", "機関区分": 3, "都道府県コード": 10, "市区町村コード": 203, "所在地": "群馬県桐生市相生町１－１９９－１", "緯度": 36.400806, "経度": 139.3212, "url": "https://www.iryou.teikyouseido.mhlw.go.jp/znk-web/juminkanja/S2430/initialize?prefCd=10&kikanCd=3100001039&kikanKbn=3", "url2": "http://smile-dent.net", "内容": "スマイル歯科矯正歯科【3:歯科】群馬県桐生市相生町１－１９９－１" }, "geometry": { "type": "Point", "coordinates": [ 139.3212, 36.400806 ] } },
{ "type": "Feature", "properties": { "ID": 1033100001040, "正式名称": "なかそね歯科", "機関区分": 3, "都道府県コード": 10, "市区町村コード": 204, "所在地": "群馬県伊勢崎市下触町８７８－１７", "緯度": 36.367644, "経度": 139.208611, "url": "https://www.iryou.teikyouseido.mhlw.go.jp/znk-web/juminkanja/S2430/initialize?prefCd=10&kikanCd=3100001040&kikanKbn=3", "url2": "https://sites.google.com/view/nakasone-dent", "内容": "なかそね歯科【3:歯科】群馬県伊勢崎市下触町８７８－１７" }, "geometry": { "type": "Point", "coordinates": [ 139.208611, 36.367644 ] } },
{ "type": "Feature", "properties": { "ID": 1033100001041, "正式名称": "あずま歯科クリニック", "機関区分": 3, "都道府県コード": 10, "市区町村コード": 212, "所在地": "群馬県みどり市東町花輪２３０－２", "緯度": 36.520827, "経度": 139.308278, "url": "https://www.iryou.teikyouseido.mhlw.go.jp/znk-web/juminkanja/S2430/initialize?prefCd=10&kikanCd=3100001041&kikanKbn=3", "url2": "https://www.dental-iiha.com/d0085959.html", "内容": "あずま歯科クリニック【3:歯科】群馬県みどり市東町花輪２３０－２" }, "geometry": { "type": "Point", "coordinates": [ 139.308278, 36.520827 ] } },
{ "type": "Feature", "properties": { "ID": 1033100001042, "正式名称": "たむら歯科医院", "機関区分": 3, "都道府県コード": 10, "市区町村コード": 201, "所在地": "群馬県前橋市南町２－４２－６　ＭＲ前橋南町１０１号室", "緯度": 36.37964, "経度": 139.064872, "url": "https://www.iryou.teikyouseido.mhlw.go.jp/znk-web/juminkanja/S2430/initialize?prefCd=10&kikanCd=3100001042&kikanKbn=3", "url2": "http://tamura-dental.info", "内容": "たむら歯科医院【3:歯科】群馬県前橋市南町２－４２－６　ＭＲ前橋南町１０１号室" }, "geometry": { "type": "Point", "coordinates": [ 139.064872, 36.37964 ] } },
{ "type": "Feature", "properties": { "ID": 1033100001043, "正式名称": "駒形駅北口歯科", "機関区分": 3, "都道府県コード": 10, "市区町村コード": 201, "所在地": "群馬県前橋市小屋原町１０７３－１", "緯度": 36.355866, "経度": 139.140478, "url": "https://www.iryou.teikyouseido.mhlw.go.jp/znk-web/juminkanja/S2430/initialize?prefCd=10&kikanCd=3100001043&kikanKbn=3", "url2": "http://www.u-net.jp/komagata-dental", "内容": "駒形駅北口歯科【3:歯科】群馬県前橋市小屋原町１０７３－１" }, "geometry": { "type": "Point", "coordinates": [ 139.140478, 36.355866 ] } },
{ "type": "Feature", "properties": { "ID": 1033100001045, "正式名称": "ながの歯科クリニック", "機関区分": 3, "都道府県コード": 10, "市区町村コード": 202, "所在地": "群馬県高崎市南新波町１０７－４", "緯度": 36.360113, "経度": 138.972048, "url": "https://www.iryou.teikyouseido.mhlw.go.jp/znk-web/juminkanja/S2430/initialize?prefCd=10&kikanCd=3100001045&kikanKbn=3", "url2": "http://naganodc.com/", "内容": "ながの歯科クリニック【3:歯科】群馬県高崎市南新波町１０７－４" }, "geometry": { "type": "Point", "coordinates": [ 138.972048, 36.360113 ] } },
{ "type": "Feature", "properties": { "ID": 1033100001046, "正式名称": "ちのね歯科クリニック", "機関区分": 3, "都道府県コード": 10, "市区町村コード": 202, "所在地": "群馬県高崎市井出町１５４８－１７", "緯度": 36.374167, "経度": 138.98824, "url": "https://www.iryou.teikyouseido.mhlw.go.jp/znk-web/juminkanja/S2430/initialize?prefCd=10&kikanCd=3100001046&kikanKbn=3", "url2": null, "内容": "ちのね歯科クリニック【3:歯科】群馬県高崎市井出町１５４８－１７" }, "geometry": { "type": "Point", "coordinates": [ 138.98824, 36.374167 ] } },
{ "type": "Feature", "properties": { "ID": 1033100001047, "正式名称": "医療法人万葉会　けやき歯科", "機関区分": 3, "都道府県コード": 10, "市区町村コード": 202, "所在地": "群馬県高崎市山名町２８５－１", "緯度": 36.280539, "経度": 139.024991, "url": "https://www.iryou.teikyouseido.mhlw.go.jp/znk-web/juminkanja/S2430/initialize?prefCd=10&kikanCd=3100001047&kikanKbn=3", "url2": "http://www.keyakishika.com/", "内容": "医療法人万葉会　けやき歯科【3:歯科】群馬県高崎市山名町２８５－１" }, "geometry": { "type": "Point", "coordinates": [ 139.024991, 36.280539 ] } },
{ "type": "Feature", "properties": { "ID": 1033100001048, "正式名称": "医療法人まつだ会　カズデンタルオフィス", "機関区分": 3, "都道府県コード": 10, "市区町村コード": 384, "所在地": "群馬県甘楽郡甘楽町小幡１７５－１", "緯度": 36.229792, "経度": 138.918308, "url": "https://www.iryou.teikyouseido.mhlw.go.jp/znk-web/juminkanja/S2430/initialize?prefCd=10&kikanCd=3100001048&kikanKbn=3", "url2": "http://www.kazu-dental-office.com/", "内容": "医療法人まつだ会　カズデンタルオフィス【3:歯科】群馬県甘楽郡甘楽町小幡１７５－１" }, "geometry": { "type": "Point", "coordinates": [ 138.918308, 36.229792 ] } },
{ "type": "Feature", "properties": { "ID": 1033100001049, "正式名称": "スコーネデンタルオフィス", "機関区分": 3, "都道府県コード": 10, "市区町村コード": 204, "所在地": "群馬県伊勢崎市西久保町１－３８３－１", "緯度": 36.37831, "経度": 139.229914, "url": "https://www.iryou.teikyouseido.mhlw.go.jp/znk-web/juminkanja/S2430/initialize?prefCd=10&kikanCd=3100001049&kikanKbn=3", "url2": "http://skane.work/", "内容": "スコーネデンタルオフィス【3:歯科】群馬県伊勢崎市西久保町１－３８３－１" }, "geometry": { "type": "Point", "coordinates": [ 139.229914, 36.37831 ] } },
{ "type": "Feature", "properties": { "ID": 1033100001050, "正式名称": "おおたモール歯科", "機関区分": 3, "都道府県コード": 10, "市区町村コード": 205, "所在地": "群馬県太田市飯塚町６２６－１　ベイシアおおたモール内", "緯度": 36.277101, "経度": 139.385378, "url": "https://www.iryou.teikyouseido.mhlw.go.jp/znk-web/juminkanja/S2430/initialize?prefCd=10&kikanCd=3100001050&kikanKbn=3", "url2": "https://www.omdc.jp", "内容": "おおたモール歯科【3:歯科】群馬県太田市飯塚町６２６－１　ベイシアおおたモール内" }, "geometry": { "type": "Point", "coordinates": [ 139.385378, 36.277101 ] } },
{ "type": "Feature", "properties": { "ID": 1033100001051, "正式名称": "太田アクア歯科クリニック", "機関区分": 3, "都道府県コード": 10, "市区町村コード": 205, "所在地": "群馬県太田市南矢島町６８ー１", "緯度": 36.261769, "経度": 139.383351, "url": "https://www.iryou.teikyouseido.mhlw.go.jp/znk-web/juminkanja/S2430/initialize?prefCd=10&kikanCd=3100001051&kikanKbn=3", "url2": "http://www.ota-aqua-dent.com/", "内容": "太田アクア歯科クリニック【3:歯科】群馬県太田市南矢島町６８ー１" }, "geometry": { "type": "Point", "coordinates": [ 139.383351, 36.261769 ] } },
{ "type": "Feature", "properties": { "ID": 1033100001052, "正式名称": "ラブ歯科クリニック", "機関区分": 3, "都道府県コード": 10, "市区町村コード": 205, "所在地": "群馬県太田市南矢島町", "緯度": 36.263519, "経度": 139.374519, "url": "https://www.iryou.teikyouseido.mhlw.go.jp/znk-web/juminkanja/S2430/initialize?prefCd=10&kikanCd=3100001052&kikanKbn=3", "url2": "http://www.love-dental.com/", "内容": "ラブ歯科クリニック【3:歯科】群馬県太田市南矢島町" }, "geometry": { "type": "Point", "coordinates": [ 139.374519, 36.263519 ] } },
{ "type": "Feature", "properties": { "ID": 1033100001053, "正式名称": "るか歯科医院", "機関区分": 3, "都道府県コード": 10, "市区町村コード": 525, "所在地": "群馬県邑楽郡邑楽町中野２９０１−５", "緯度": 36.259576, "経度": 139.464956, "url": "https://www.iryou.teikyouseido.mhlw.go.jp/znk-web/juminkanja/S2430/initialize?prefCd=10&kikanCd=3100001053&kikanKbn=3", "url2": "http://ruka-shika.com/", "内容": "るか歯科医院【3:歯科】群馬県邑楽郡邑楽町中野２９０１−５" }, "geometry": { "type": "Point", "coordinates": [ 139.464956, 36.259576 ] } },
{ "type": "Feature", "properties": { "ID": 1033100001054, "正式名称": "リップル歯科クリニック", "機関区分": 3, "都道府県コード": 10, "市区町村コード": 201, "所在地": "群馬県前橋市関根町３－４－１０", "緯度": 36.436106, "経度": 139.04726, "url": "https://www.iryou.teikyouseido.mhlw.go.jp/znk-web/juminkanja/S2430/initialize?prefCd=10&kikanCd=3100001054&kikanKbn=3", "url2": "http://www..ripple-shika.com", "内容": "リップル歯科クリニック【3:歯科】群馬県前橋市関根町３－４－１０" }, "geometry": { "type": "Point", "coordinates": [ 139.04726, 36.436106 ] } },
{ "type": "Feature", "properties": { "ID": 1033100001055, "正式名称": "ゆうき歯科クリニック", "機関区分": 3, "都道府県コード": 10, "市区町村コード": 201, "所在地": "群馬県前橋市住吉町１－１０－３", "緯度": 36.396499, "経度": 139.066927, "url": "https://www.iryou.teikyouseido.mhlw.go.jp/znk-web/juminkanja/S2430/initialize?prefCd=10&kikanCd=3100001055&kikanKbn=3", "url2": "http://www.yuki-dentalclinic.com/", "内容": "ゆうき歯科クリニック【3:歯科】群馬県前橋市住吉町１－１０－３" }, "geometry": { "type": "Point", "coordinates": [ 139.066927, 36.396499 ] } },
{ "type": "Feature", "properties": { "ID": 1033100001056, "正式名称": "こじま歯科", "機関区分": 3, "都道府県コード": 10, "市区町村コード": 464, "所在地": "群馬県佐波郡玉村町角渕５０６６－４", "緯度": 36.288178, "経度": 139.116678, "url": "https://www.iryou.teikyouseido.mhlw.go.jp/znk-web/juminkanja/S2430/initialize?prefCd=10&kikanCd=3100001056&kikanKbn=3", "url2": "http://www.kojima-dentalc.com/", "内容": "こじま歯科【3:歯科】群馬県佐波郡玉村町角渕５０６６－４" }, "geometry": { "type": "Point", "coordinates": [ 139.116678, 36.288178 ] } },
{ "type": "Feature", "properties": { "ID": 1033100001057, "正式名称": "医療法人社団Ｂｌｕｅ　太田中央歯科クリニック", "機関区分": 3, "都道府県コード": 10, "市区町村コード": 205, "所在地": "群馬県太田市別所町２８−１", "緯度": 36.297598, "経度": 139.330659, "url": "https://www.iryou.teikyouseido.mhlw.go.jp/znk-web/juminkanja/S2430/initialize?prefCd=10&kikanCd=3100001057&kikanKbn=3", "url2": "http://www.ota-chuo-dc.com/", "内容": "医療法人社団Ｂｌｕｅ　太田中央歯科クリニック【3:歯科】群馬県太田市別所町２８−１" }, "geometry": { "type": "Point", "coordinates": [ 139.330659, 36.297598 ] } },
{ "type": "Feature", "properties": { "ID": 1033100001058, "正式名称": "いとう歯科口腔外科", "機関区分": 3, "都道府県コード": 10, "市区町村コード": 205, "所在地": "群馬県太田市由良町１０４－８", "緯度": 36.287182, "経度": 139.343381, "url": "https://www.iryou.teikyouseido.mhlw.go.jp/znk-web/juminkanja/S2430/initialize?prefCd=10&kikanCd=3100001058&kikanKbn=3", "url2": null, "内容": "いとう歯科口腔外科【3:歯科】群馬県太田市由良町１０４－８" }, "geometry": { "type": "Point", "coordinates": [ 139.343381, 36.287182 ] } },
{ "type": "Feature", "properties": { "ID": 1033100001059, "正式名称": "とちはら歯科", "機関区分": 3, "都道府県コード": 10, "市区町村コード": 205, "所在地": "群馬県太田市飯田町１１６０－１", "緯度": 36.291503, "経度": 139.381646, "url": "https://www.iryou.teikyouseido.mhlw.go.jp/znk-web/juminkanja/S2430/initialize?prefCd=10&kikanCd=3100001059&kikanKbn=3", "url2": "http://www.tochihara-dental.com/", "内容": "とちはら歯科【3:歯科】群馬県太田市飯田町１１６０－１" }, "geometry": { "type": "Point", "coordinates": [ 139.381646, 36.291503 ] } },
{ "type": "Feature", "properties": { "ID": 1033100001060, "正式名称": "あい歯科クリニック", "機関区分": 3, "都道府県コード": 10, "市区町村コード": 205, "所在地": "群馬県太田市内ケ島町９４７－７", "緯度": 36.285684, "経度": 139.395682, "url": "https://www.iryou.teikyouseido.mhlw.go.jp/znk-web/juminkanja/S2430/initialize?prefCd=10&kikanCd=3100001060&kikanKbn=3", "url2": "http://ai-shikaclinic.com/", "内容": "あい歯科クリニック【3:歯科】群馬県太田市内ケ島町９４７－７" }, "geometry": { "type": "Point", "coordinates": [ 139.395682, 36.285684 ] } },
{ "type": "Feature", "properties": { "ID": 1033100001061, "正式名称": "おおたメディカルモール歯科", "機関区分": 3, "都道府県コード": 10, "市区町村コード": 205, "所在地": "群馬県太田市下小林町５３４－３　メディカルポート太田", "緯度": 36.292437, "経度": 139.403018, "url": "https://www.iryou.teikyouseido.mhlw.go.jp/znk-web/juminkanja/S2430/initialize?prefCd=10&kikanCd=3100001061&kikanKbn=3", "url2": "https://ommdc.jp/", "内容": "おおたメディカルモール歯科【3:歯科】群馬県太田市下小林町５３４－３　メディカルポート太田" }, "geometry": { "type": "Point", "coordinates": [ 139.403018, 36.292437 ] } },
{ "type": "Feature", "properties": { "ID": 1033100001062, "正式名称": "くすのき歯科・矯正歯科", "機関区分": 3, "都道府県コード": 10, "市区町村コード": 201, "所在地": "群馬県前橋市総社町総社１１３５－１", "緯度": 36.406605, "経度": 139.043055, "url": "https://www.iryou.teikyouseido.mhlw.go.jp/znk-web/juminkanja/S2430/initialize?prefCd=10&kikanCd=3100001062&kikanKbn=3", "url2": "http://kusunoki-shika.jp/", "内容": "くすのき歯科・矯正歯科【3:歯科】群馬県前橋市総社町総社１１３５－１" }, "geometry": { "type": "Point", "coordinates": [ 139.043055, 36.406605 ] } },
{ "type": "Feature", "properties": { "ID": 1033100001063, "正式名称": "あおい歯科クリニック", "機関区分": 3, "都道府県コード": 10, "市区町村コード": 210, "所在地": "群馬県富岡市内匠２２６－１", "緯度": 36.391251, "経度": 139.060848, "url": "https://www.iryou.teikyouseido.mhlw.go.jp/znk-web/juminkanja/S2430/initialize?prefCd=10&kikanCd=3100001063&kikanKbn=3", "url2": "http://www.aoi-dent.jp/", "内容": "あおい歯科クリニック【3:歯科】群馬県富岡市内匠２２６－１" }, "geometry": { "type": "Point", "coordinates": [ 139.060848, 36.391251 ] } },
{ "type": "Feature", "properties": { "ID": 1033100001064, "正式名称": "いせさき駅前歯科", "機関区分": 3, "都道府県コード": 10, "市区町村コード": 204, "所在地": "群馬県伊勢崎市曲輪町８－１", "緯度": 36.326467, "経度": 139.19343, "url": "https://www.iryou.teikyouseido.mhlw.go.jp/znk-web/juminkanja/S2430/initialize?prefCd=10&kikanCd=3100001064&kikanKbn=3", "url2": "https://isesakiekimae.com", "内容": "いせさき駅前歯科【3:歯科】群馬県伊勢崎市曲輪町８－１" }, "geometry": { "type": "Point", "coordinates": [ 139.19343, 36.326467 ] } },
{ "type": "Feature", "properties": { "ID": 1033100001065, "正式名称": "そりまち歯科クリニック", "機関区分": 3, "都道府県コード": 10, "市区町村コード": 201, "所在地": "群馬県前橋市宮地町３３６－１", "緯度": 36.356456, "経度": 139.118811, "url": "https://www.iryou.teikyouseido.mhlw.go.jp/znk-web/juminkanja/S2430/initialize?prefCd=10&kikanCd=3100001065&kikanKbn=3", "url2": null, "内容": "そりまち歯科クリニック【3:歯科】群馬県前橋市宮地町３３６－１" }, "geometry": { "type": "Point", "coordinates": [ 139.118811, 36.356456 ] } },
{ "type": "Feature", "properties": { "ID": 1033100001066, "正式名称": "冨所歯科医院", "機関区分": 3, "都道府県コード": 10, "市区町村コード": 202, "所在地": "群馬県高崎市矢島町１", "緯度": 36.338228, "経度": 139.047189, "url": "https://www.iryou.teikyouseido.mhlw.go.jp/znk-web/juminkanja/S2430/initialize?prefCd=10&kikanCd=3100001066&kikanKbn=3", "url2": "https://www.tomidokoro-dc.jp/", "内容": "冨所歯科医院【3:歯科】群馬県高崎市矢島町１" }, "geometry": { "type": "Point", "coordinates": [ 139.047189, 36.338228 ] } },
{ "type": "Feature", "properties": { "ID": 1033100001067, "正式名称": "えん歯科クリニック", "機関区分": 3, "都道府県コード": 10, "市区町村コード": 205, "所在地": "群馬県太田市東矢島町９７０－１", "緯度": 36.269484, "経度": 139.378695, "url": "https://www.iryou.teikyouseido.mhlw.go.jp/znk-web/juminkanja/S2430/initialize?prefCd=10&kikanCd=3100001067&kikanKbn=3", "url2": "http://en-dentalclinic.com/", "内容": "えん歯科クリニック【3:歯科】群馬県太田市東矢島町９７０－１" }, "geometry": { "type": "Point", "coordinates": [ 139.378695, 36.269484 ] } },
{ "type": "Feature", "properties": { "ID": 1033100001068, "正式名称": "医療法人ＭＹＳ　北千木歯科", "機関区分": 3, "都道府県コード": 10, "市区町村コード": 204, "所在地": "群馬県伊勢崎市北千木町９３１番地１", "緯度": 36.305556, "経度": 139.214097, "url": "https://www.iryou.teikyouseido.mhlw.go.jp/znk-web/juminkanja/S2430/initialize?prefCd=10&kikanCd=3100001068&kikanKbn=3", "url2": "https://kitasengishika.jp", "内容": "医療法人ＭＹＳ　北千木歯科【3:歯科】群馬県伊勢崎市北千木町９３１番地１" }, "geometry": { "type": "Point", "coordinates": [ 139.214097, 36.305556 ] } },
{ "type": "Feature", "properties": { "ID": 1033100001069, "正式名称": "医療法人社団康寧会立川歯科医院伊勢崎診療所", "機関区分": 3, "都道府県コード": 10, "市区町村コード": 204, "所在地": "群馬県伊勢崎市富塚町２９３―３", "緯度": 36.274665, "経度": 139.197212, "url": "https://www.iryou.teikyouseido.mhlw.go.jp/znk-web/juminkanja/S2430/initialize?prefCd=10&kikanCd=3100001069&kikanKbn=3", "url2": null, "内容": "医療法人社団康寧会立川歯科医院伊勢崎診療所【3:歯科】群馬県伊勢崎市富塚町２９３―３" }, "geometry": { "type": "Point", "coordinates": [ 139.197212, 36.274665 ] } },
{ "type": "Feature", "properties": { "ID": 1033100001071, "正式名称": "おおばら歯科クリニック", "機関区分": 3, "都道府県コード": 10, "市区町村コード": 205, "所在地": "群馬県太田市大原町２０５６－１１", "緯度": 36.350536, "経度": 139.286703, "url": "https://www.iryou.teikyouseido.mhlw.go.jp/znk-web/juminkanja/S2430/initialize?prefCd=10&kikanCd=3100001071&kikanKbn=3", "url2": null, "内容": "おおばら歯科クリニック【3:歯科】群馬県太田市大原町２０５６－１１" }, "geometry": { "type": "Point", "coordinates": [ 139.286703, 36.350536 ] } },
{ "type": "Feature", "properties": { "ID": 1033100001072, "正式名称": "医療法人社団群馬クリア会太田大泉クリア歯科", "機関区分": 3, "都道府県コード": 10, "市区町村コード": 524, "所在地": "群馬県邑楽郡大泉町いずみ２－３０８６－６", "緯度": 36.264306, "経度": 139.404744, "url": "https://www.iryou.teikyouseido.mhlw.go.jp/znk-web/juminkanja/S2430/initialize?prefCd=10&kikanCd=3100001072&kikanKbn=3", "url2": "http://ootaooizumi-cleardental.com/", "内容": "医療法人社団群馬クリア会太田大泉クリア歯科【3:歯科】群馬県邑楽郡大泉町いずみ２－３０８６－６" }, "geometry": { "type": "Point", "coordinates": [ 139.404744, 36.264306 ] } },
{ "type": "Feature", "properties": { "ID": 1033100001073, "正式名称": "かわまた駅ビル歯科医院", "機関区分": 3, "都道府県コード": 10, "市区町村コード": 522, "所在地": "群馬県邑楽郡明和町中谷１２４ミコーズビル２Ｆ（２－３号室）", "緯度": 36.208311, "経度": 139.525989, "url": "https://www.iryou.teikyouseido.mhlw.go.jp/znk-web/juminkanja/S2430/initialize?prefCd=10&kikanCd=3100001073&kikanKbn=3", "url2": null, "内容": "かわまた駅ビル歯科医院【3:歯科】群馬県邑楽郡明和町中谷１２４ミコーズビル２Ｆ（２－３号室）" }, "geometry": { "type": "Point", "coordinates": [ 139.525989, 36.208311 ] } },
{ "type": "Feature", "properties": { "ID": 1033100001074, "正式名称": "原歯科医院", "機関区分": 3, "都道府県コード": 10, "市区町村コード": 384, "所在地": "群馬県甘楽郡甘楽町金井７６－１", "緯度": 36.253186, "経度": 138.946012, "url": "https://www.iryou.teikyouseido.mhlw.go.jp/znk-web/juminkanja/S2430/initialize?prefCd=10&kikanCd=3100001074&kikanKbn=3", "url2": null, "内容": "原歯科医院【3:歯科】群馬県甘楽郡甘楽町金井７６－１" }, "geometry": { "type": "Point", "coordinates": [ 138.946012, 36.253186 ] } },
{ "type": "Feature", "properties": { "ID": 1033100001075, "正式名称": "とりやま歯科医院", "機関区分": 3, "都道府県コード": 10, "市区町村コード": 205, "所在地": "群馬県太田市鳥山上町２２２０－１５", "緯度": 36.323697, "経度": 139.344756, "url": "https://www.iryou.teikyouseido.mhlw.go.jp/znk-web/juminkanja/S2430/initialize?prefCd=10&kikanCd=3100001075&kikanKbn=3", "url2": null, "内容": "とりやま歯科医院【3:歯科】群馬県太田市鳥山上町２２２０－１５" }, "geometry": { "type": "Point", "coordinates": [ 139.344756, 36.323697 ] } },
{ "type": "Feature", "properties": { "ID": 1033100001077, "正式名称": "こまつデンタルクリニック", "機関区分": 3, "都道府県コード": 10, "市区町村コード": 204, "所在地": "群馬県伊勢崎市乾町１１９", "緯度": 36.337953, "経度": 139.193003, "url": "https://www.iryou.teikyouseido.mhlw.go.jp/znk-web/juminkanja/S2430/initialize?prefCd=10&kikanCd=3100001077&kikanKbn=3", "url2": "https://www.komatsu-dental.jp/", "内容": "こまつデンタルクリニック【3:歯科】群馬県伊勢崎市乾町１１９" }, "geometry": { "type": "Point", "coordinates": [ 139.193003, 36.337953 ] } },
{ "type": "Feature", "properties": { "ID": 1033100001078, "正式名称": "あおい歯科", "機関区分": 3, "都道府県コード": 10, "市区町村コード": 205, "所在地": "群馬県太田市浜町４２ー１５　ローゼンハイツ１Ｅ", "緯度": 36.291855, "経度": 139.37483, "url": "https://www.iryou.teikyouseido.mhlw.go.jp/znk-web/juminkanja/S2430/initialize?prefCd=10&kikanCd=3100001078&kikanKbn=3", "url2": null, "内容": "あおい歯科【3:歯科】群馬県太田市浜町４２ー１５　ローゼンハイツ１Ｅ" }, "geometry": { "type": "Point", "coordinates": [ 139.37483, 36.291855 ] } },
{ "type": "Feature", "properties": { "ID": 1033100001079, "正式名称": "やながわ歯科", "機関区分": 3, "都道府県コード": 10, "市区町村コード": 205, "所在地": "群馬県太田市岩瀬川町４１２－５", "緯度": 36.276239, "経度": 139.3592, "url": "https://www.iryou.teikyouseido.mhlw.go.jp/znk-web/juminkanja/S2430/initialize?prefCd=10&kikanCd=3100001079&kikanKbn=3", "url2": "http://www.yanagawa-shika.com/", "内容": "やながわ歯科【3:歯科】群馬県太田市岩瀬川町４１２－５" }, "geometry": { "type": "Point", "coordinates": [ 139.3592, 36.276239 ] } },
{ "type": "Feature", "properties": { "ID": 1033100001080, "正式名称": "アルス歯科クリニック", "機関区分": 3, "都道府県コード": 10, "市区町村コード": 205, "所在地": "群馬県太田市高林南町６１９－５４", "緯度": 36.256197, "経度": 139.367389, "url": "https://www.iryou.teikyouseido.mhlw.go.jp/znk-web/juminkanja/S2430/initialize?prefCd=10&kikanCd=3100001080&kikanKbn=3", "url2": "http://ars-dental.net/", "内容": "アルス歯科クリニック【3:歯科】群馬県太田市高林南町６１９－５４" }, "geometry": { "type": "Point", "coordinates": [ 139.367389, 36.256197 ] } },
{ "type": "Feature", "properties": { "ID": 1033100001081, "正式名称": "医療法人あかぎ　館林デンタルクリニック", "機関区分": 3, "都道府県コード": 10, "市区町村コード": 207, "所在地": "群馬県館林市東美園町１７－２２　ミューアイ帯津ビル１０１", "緯度": 36.234429, "経度": 139.538644, "url": "https://www.iryou.teikyouseido.mhlw.go.jp/znk-web/juminkanja/S2430/initialize?prefCd=10&kikanCd=3100001081&kikanKbn=3", "url2": null, "内容": "医療法人あかぎ　館林デンタルクリニック【3:歯科】群馬県館林市東美園町１７－２２　ミューアイ帯津ビル１０１" }, "geometry": { "type": "Point", "coordinates": [ 139.538644, 36.234429 ] } },
{ "type": "Feature", "properties": { "ID": 1033100001083, "正式名称": "佐藤歯科クリニック", "機関区分": 3, "都道府県コード": 10, "市区町村コード": 204, "所在地": "群馬県伊勢崎市八幡町３２ー１", "緯度": 36.337708, "経度": 139.19946, "url": "https://www.iryou.teikyouseido.mhlw.go.jp/znk-web/juminkanja/S2430/initialize?prefCd=10&kikanCd=3100001083&kikanKbn=3", "url2": "https://www.sato-shika.jp/", "内容": "佐藤歯科クリニック【3:歯科】群馬県伊勢崎市八幡町３２ー１" }, "geometry": { "type": "Point", "coordinates": [ 139.19946, 36.337708 ] } },
{ "type": "Feature", "properties": { "ID": 1033100001084, "正式名称": "七樹歯科医院", "機関区分": 3, "都道府県コード": 10, "市区町村コード": 202, "所在地": "群馬県高崎市北双葉町", "緯度": 36.319085, "経度": 139.018323, "url": "https://www.iryou.teikyouseido.mhlw.go.jp/znk-web/juminkanja/S2430/initialize?prefCd=10&kikanCd=3100001084&kikanKbn=3", "url2": "nanaki-dental.jp", "内容": "七樹歯科医院【3:歯科】群馬県高崎市北双葉町" }, "geometry": { "type": "Point", "coordinates": [ 139.018323, 36.319085 ] } },
{ "type": "Feature", "properties": { "ID": 1033100001085, "正式名称": "さわだあや矯正歯科", "機関区分": 3, "都道府県コード": 10, "市区町村コード": 202, "所在地": "群馬県高崎市福島町７３９－２２", "緯度": 36.366544, "経度": 139.002278, "url": "https://www.iryou.teikyouseido.mhlw.go.jp/znk-web/juminkanja/S2430/initialize?prefCd=10&kikanCd=3100001085&kikanKbn=3", "url2": "https://www.sawadaaya.jp/", "内容": "さわだあや矯正歯科【3:歯科】群馬県高崎市福島町７３９－２２" }, "geometry": { "type": "Point", "coordinates": [ 139.002278, 36.366544 ] } },
{ "type": "Feature", "properties": { "ID": 1033100001086, "正式名称": "みずしま歯科クリニック", "機関区分": 3, "都道府県コード": 10, "市区町村コード": 204, "所在地": "群馬県伊勢崎市宮子町３４６３－１２", "緯度": 36.336056, "経度": 139.152411, "url": "https://www.iryou.teikyouseido.mhlw.go.jp/znk-web/juminkanja/S2430/initialize?prefCd=10&kikanCd=3100001086&kikanKbn=3", "url2": null, "内容": "みずしま歯科クリニック【3:歯科】群馬県伊勢崎市宮子町３４６３－１２" }, "geometry": { "type": "Point", "coordinates": [ 139.152411, 36.336056 ] } },
{ "type": "Feature", "properties": { "ID": 1033100001087, "正式名称": "医療法人心力会　まきいこども歯科", "機関区分": 3, "都道府県コード": 10, "市区町村コード": 205, "所在地": "群馬県太田市細谷町８７－２７", "緯度": 36.268894, "経度": 139.353428, "url": "https://www.iryou.teikyouseido.mhlw.go.jp/znk-web/juminkanja/S2430/initialize?prefCd=10&kikanCd=3100001087&kikanKbn=3", "url2": "http://makii-kids.com/", "内容": "医療法人心力会　まきいこども歯科【3:歯科】群馬県太田市細谷町８７－２７" }, "geometry": { "type": "Point", "coordinates": [ 139.353428, 36.268894 ] } },
{ "type": "Feature", "properties": { "ID": 1033100001089, "正式名称": "リーフ歯科クリニック", "機関区分": 3, "都道府県コード": 10, "市区町村コード": 201, "所在地": "群馬県前橋市富士見町時沢１１６－３", "緯度": 36.428659, "経度": 139.084135, "url": "https://www.iryou.teikyouseido.mhlw.go.jp/znk-web/juminkanja/S2430/initialize?prefCd=10&kikanCd=3100001089&kikanKbn=3", "url2": "http://www.leafdental.jp", "内容": "リーフ歯科クリニック【3:歯科】群馬県前橋市富士見町時沢１１６－３" }, "geometry": { "type": "Point", "coordinates": [ 139.084135, 36.428659 ] } },
{ "type": "Feature", "properties": { "ID": 1033100001091, "正式名称": "松並木歯科クリニック", "機関区分": 3, "都道府県コード": 10, "市区町村コード": 201, "所在地": "群馬県前橋市天川大島町１４５４－１", "緯度": 36.366389, "経度": 139.108553, "url": "https://www.iryou.teikyouseido.mhlw.go.jp/znk-web/juminkanja/S2430/initialize?prefCd=10&kikanCd=3100001091&kikanKbn=3", "url2": null, "内容": "松並木歯科クリニック【3:歯科】群馬県前橋市天川大島町１４５４－１" }, "geometry": { "type": "Point", "coordinates": [ 139.108553, 36.366389 ] } },
{ "type": "Feature", "properties": { "ID": 1033100001092, "正式名称": "いせさき西部モール歯科", "機関区分": 3, "都道府県コード": 10, "市区町村コード": 204, "所在地": "群馬県伊勢崎市宮子町３４２３－１５　ベイシア西部モール内", "緯度": 36.330572, "経度": 139.162306, "url": "https://www.iryou.teikyouseido.mhlw.go.jp/znk-web/juminkanja/S2430/initialize?prefCd=10&kikanCd=3100001092&kikanKbn=3", "url2": "https://ismdc.jp/", "内容": "いせさき西部モール歯科【3:歯科】群馬県伊勢崎市宮子町３４２３－１５　ベイシア西部モール内" }, "geometry": { "type": "Point", "coordinates": [ 139.162306, 36.330572 ] } },
{ "type": "Feature", "properties": { "ID": 1033100001093, "正式名称": "佐々井歯科口腔外科医院", "機関区分": 3, "都道府県コード": 10, "市区町村コード": 204, "所在地": "群馬県伊勢崎市連取町", "緯度": 36.391251, "経度": 139.060848, "url": "https://www.iryou.teikyouseido.mhlw.go.jp/znk-web/juminkanja/S2430/initialize?prefCd=10&kikanCd=3100001093&kikanKbn=3", "url2": null, "内容": "佐々井歯科口腔外科医院【3:歯科】群馬県伊勢崎市連取町" }, "geometry": { "type": "Point", "coordinates": [ 139.060848, 36.391251 ] } },
{ "type": "Feature", "properties": { "ID": 1033100001094, "正式名称": "アゼリア歯科", "機関区分": 3, "都道府県コード": 10, "市区町村コード": 207, "所在地": "群馬県館林市瀬戸谷町２２１５－４", "緯度": 36.250503, "経度": 139.543169, "url": "https://www.iryou.teikyouseido.mhlw.go.jp/znk-web/juminkanja/S2430/initialize?prefCd=10&kikanCd=3100001094&kikanKbn=3", "url2": "http://www.azalea-shika.net/", "内容": "アゼリア歯科【3:歯科】群馬県館林市瀬戸谷町２２１５－４" }, "geometry": { "type": "Point", "coordinates": [ 139.543169, 36.250503 ] } },
{ "type": "Feature", "properties": { "ID": 1033100001095, "正式名称": "やまぐち歯科クリニック", "機関区分": 3, "都道府県コード": 10, "市区町村コード": 211, "所在地": "群馬県安中市岩井２４３８－３", "緯度": 36.332664, "経度": 138.925328, "url": "https://www.iryou.teikyouseido.mhlw.go.jp/znk-web/juminkanja/S2430/initialize?prefCd=10&kikanCd=3100001095&kikanKbn=3", "url2": null, "内容": "やまぐち歯科クリニック【3:歯科】群馬県安中市岩井２４３８－３" }, "geometry": { "type": "Point", "coordinates": [ 138.925328, 36.332664 ] } },
{ "type": "Feature", "properties": { "ID": 1033100001096, "正式名称": "よつ葉歯科クリニック", "機関区分": 3, "都道府県コード": 10, "市区町村コード": 201, "所在地": "群馬県前橋市岩神町", "緯度": 36.391251, "経度": 139.060848, "url": "https://www.iryou.teikyouseido.mhlw.go.jp/znk-web/juminkanja/S2430/initialize?prefCd=10&kikanCd=3100001096&kikanKbn=3", "url2": "https://yotsuba-shika-clinic.feedhp.jp", "内容": "よつ葉歯科クリニック【3:歯科】群馬県前橋市岩神町" }, "geometry": { "type": "Point", "coordinates": [ 139.060848, 36.391251 ] } },
{ "type": "Feature", "properties": { "ID": 1033100001097, "正式名称": "障害児者さわらび歯科クリニック", "機関区分": 3, "都道府県コード": 10, "市区町村コード": 202, "所在地": "群馬県高崎市大八木町１６８番地１", "緯度": 36.360973, "経度": 138.993112, "url": "https://www.iryou.teikyouseido.mhlw.go.jp/znk-web/juminkanja/S2430/initialize?prefCd=10&kikanCd=3100001097&kikanKbn=3", "url2": "https://shintokai.jp/sawarabi/pages/72/", "内容": "障害児者さわらび歯科クリニック【3:歯科】群馬県高崎市大八木町１６８番地１" }, "geometry": { "type": "Point", "coordinates": [ 138.993112, 36.360973 ] } },
{ "type": "Feature", "properties": { "ID": 1033100001098, "正式名称": "天田デンタルクリニック", "機関区分": 3, "都道府県コード": 10, "市区町村コード": 212, "所在地": "群馬県みどり市笠懸町阿左美１９３４－１", "緯度": 36.406317, "経度": 139.289369, "url": "https://www.iryou.teikyouseido.mhlw.go.jp/znk-web/juminkanja/S2430/initialize?prefCd=10&kikanCd=3100001098&kikanKbn=3", "url2": "https://www.amada-dc.com/", "内容": "天田デンタルクリニック【3:歯科】群馬県みどり市笠懸町阿左美１９３４－１" }, "geometry": { "type": "Point", "coordinates": [ 139.289369, 36.406317 ] } },
{ "type": "Feature", "properties": { "ID": 1033100001099, "正式名称": "高経大前歯科クリニック", "機関区分": 3, "都道府県コード": 10, "市区町村コード": 202, "所在地": "群馬県高崎市下小塙町１３５１－３", "緯度": 36.346137, "経度": 138.979186, "url": "https://www.iryou.teikyouseido.mhlw.go.jp/znk-web/juminkanja/S2430/initialize?prefCd=10&kikanCd=3100001099&kikanKbn=3", "url2": "https://www.tkdm-dc.com/", "内容": "高経大前歯科クリニック【3:歯科】群馬県高崎市下小塙町１３５１－３" }, "geometry": { "type": "Point", "coordinates": [ 138.979186, 36.346137 ] } },
{ "type": "Feature", "properties": { "ID": 1033100001100, "正式名称": "はが歯科医院　高崎", "機関区分": 3, "都道府県コード": 10, "市区町村コード": 202, "所在地": "群馬県高崎市上中居町８２５－１", "緯度": 36.316747, "経度": 139.032433, "url": "https://www.iryou.teikyouseido.mhlw.go.jp/znk-web/juminkanja/S2430/initialize?prefCd=10&kikanCd=3100001100&kikanKbn=3", "url2": "http://www.hagashika-takasaki.com/", "内容": "はが歯科医院　高崎【3:歯科】群馬県高崎市上中居町８２５－１" }, "geometry": { "type": "Point", "coordinates": [ 139.032433, 36.316747 ] } },
{ "type": "Feature", "properties": { "ID": 1033100001101, "正式名称": "かなで歯科クリニック", "機関区分": 3, "都道府県コード": 10, "市区町村コード": 201, "所在地": "群馬県前橋市小屋原町５８２－５", "緯度": 36.354003, "経度": 139.129697, "url": "https://www.iryou.teikyouseido.mhlw.go.jp/znk-web/juminkanja/S2430/initialize?prefCd=10&kikanCd=3100001101&kikanKbn=3", "url2": "https://www.kanade-dc.com", "内容": "かなで歯科クリニック【3:歯科】群馬県前橋市小屋原町５８２－５" }, "geometry": { "type": "Point", "coordinates": [ 139.129697, 36.354003 ] } },
{ "type": "Feature", "properties": { "ID": 1033100001102, "正式名称": "もり歯科クリニック", "機関区分": 3, "都道府県コード": 10, "市区町村コード": 464, "所在地": "群馬県佐波郡玉村町上之手１２８５－２", "緯度": 36.299934, "経度": 139.11747, "url": "https://www.iryou.teikyouseido.mhlw.go.jp/znk-web/juminkanja/S2430/initialize?prefCd=10&kikanCd=3100001102&kikanKbn=3", "url2": "http://www.mori-dclinic.com", "内容": "もり歯科クリニック【3:歯科】群馬県佐波郡玉村町上之手１２８５－２" }, "geometry": { "type": "Point", "coordinates": [ 139.11747, 36.299934 ] } },
{ "type": "Feature", "properties": { "ID": 1033100001104, "正式名称": "須田歯科医院", "機関区分": 3, "都道府県コード": 10, "市区町村コード": 203, "所在地": "群馬県桐生市相生町一丁目４６１－１", "緯度": 36.399372, "経度": 139.31645, "url": "https://www.iryou.teikyouseido.mhlw.go.jp/znk-web/juminkanja/S2430/initialize?prefCd=10&kikanCd=3100001104&kikanKbn=3", "url2": null, "内容": "須田歯科医院【3:歯科】群馬県桐生市相生町一丁目４６１－１" }, "geometry": { "type": "Point", "coordinates": [ 139.31645, 36.399372 ] } },
{ "type": "Feature", "properties": { "ID": 1033100001105, "正式名称": "医療法人社団陽光会高崎むらた歯科", "機関区分": 3, "都道府県コード": 10, "市区町村コード": 202, "所在地": "群馬県高崎市貝沢町７４２－１", "緯度": 36.346014, "経度": 139.020336, "url": "https://www.iryou.teikyouseido.mhlw.go.jp/znk-web/juminkanja/S2430/initialize?prefCd=10&kikanCd=3100001105&kikanKbn=3", "url2": "https://www.takasaki-murata-dc.com", "内容": "医療法人社団陽光会高崎むらた歯科【3:歯科】群馬県高崎市貝沢町７４２－１" }, "geometry": { "type": "Point", "coordinates": [ 139.020336, 36.346014 ] } },
{ "type": "Feature", "properties": { "ID": 1033100001107, "正式名称": "渋川駅前ＳＨＵＮデンタルクリニック", "機関区分": 3, "都道府県コード": 10, "市区町村コード": 208, "所在地": "群馬県渋川市渋川", "緯度": 36.494225, "経度": 139.00517, "url": "https://www.iryou.teikyouseido.mhlw.go.jp/znk-web/juminkanja/S2430/initialize?prefCd=10&kikanCd=3100001107&kikanKbn=3", "url2": "https://shibukawa-shika.jp", "内容": "渋川駅前ＳＨＵＮデンタルクリニック【3:歯科】群馬県渋川市渋川" }, "geometry": { "type": "Point", "coordinates": [ 139.00517, 36.494225 ] } },
{ "type": "Feature", "properties": { "ID": 1033100001108, "正式名称": "エール歯科矯正歯科クリニック", "機関区分": 3, "都道府県コード": 10, "市区町村コード": 201, "所在地": "群馬県前橋市龍蔵寺町２２２－７", "緯度": 36.421973, "経度": 139.071314, "url": "https://www.iryou.teikyouseido.mhlw.go.jp/znk-web/juminkanja/S2430/initialize?prefCd=10&kikanCd=3100001108&kikanKbn=3", "url2": "https://www.aile-dental.com/", "内容": "エール歯科矯正歯科クリニック【3:歯科】群馬県前橋市龍蔵寺町２２２－７" }, "geometry": { "type": "Point", "coordinates": [ 139.071314, 36.421973 ] } },
{ "type": "Feature", "properties": { "ID": 1033100001109, "正式名称": "くわばら歯科クリニック", "機関区分": 3, "都道府県コード": 10, "市区町村コード": 205, "所在地": "群馬県太田市大原町１３５－４", "緯度": 36.348596, "経度": 139.293523, "url": "https://www.iryou.teikyouseido.mhlw.go.jp/znk-web/juminkanja/S2430/initialize?prefCd=10&kikanCd=3100001109&kikanKbn=3", "url2": "https://www.kuwabaradentalclinic.com/", "内容": "くわばら歯科クリニック【3:歯科】群馬県太田市大原町１３５－４" }, "geometry": { "type": "Point", "coordinates": [ 139.293523, 36.348596 ] } },
{ "type": "Feature", "properties": { "ID": 1033100001110, "正式名称": "ほさか歯科", "機関区分": 3, "都道府県コード": 10, "市区町村コード": 201, "所在地": "群馬県前橋市総社町植野４５４", "緯度": 36.391251, "経度": 139.060848, "url": "https://www.iryou.teikyouseido.mhlw.go.jp/znk-web/juminkanja/S2430/initialize?prefCd=10&kikanCd=3100001110&kikanKbn=3", "url2": "https://www.hosaka-perio.com/", "内容": "ほさか歯科【3:歯科】群馬県前橋市総社町植野４５４" }, "geometry": { "type": "Point", "coordinates": [ 139.060848, 36.391251 ] } },
{ "type": "Feature", "properties": { "ID": 1033100001111, "正式名称": "医療法人　緑耀会　野村歯科クリニック", "機関区分": 3, "都道府県コード": 10, "市区町村コード": 205, "所在地": "群馬県太田市新田村田町５１４－２", "緯度": 36.306089, "経度": 139.314392, "url": "https://www.iryou.teikyouseido.mhlw.go.jp/znk-web/juminkanja/S2430/initialize?prefCd=10&kikanCd=3100001111&kikanKbn=3", "url2": "http://www.nomurashika.com/", "内容": "医療法人　緑耀会　野村歯科クリニック【3:歯科】群馬県太田市新田村田町５１４－２" }, "geometry": { "type": "Point", "coordinates": [ 139.314392, 36.306089 ] } },
{ "type": "Feature", "properties": { "ID": 1033100001112, "正式名称": "ふくだ歯科医院・小児・矯正歯科", "機関区分": 3, "都道府県コード": 10, "市区町村コード": 523, "所在地": "群馬県邑楽郡千代田町赤岩１０４３", "緯度": 36.208444, "経度": 139.437543, "url": "https://www.iryou.teikyouseido.mhlw.go.jp/znk-web/juminkanja/S2430/initialize?prefCd=10&kikanCd=3100001112&kikanKbn=3", "url2": "https://fukuda4618.com", "内容": "ふくだ歯科医院・小児・矯正歯科【3:歯科】群馬県邑楽郡千代田町赤岩１０４３" }, "geometry": { "type": "Point", "coordinates": [ 139.437543, 36.208444 ] } },
{ "type": "Feature", "properties": { "ID": 1033100001113, "正式名称": "医療法人星美会星澤歯科医院", "機関区分": 3, "都道府県コード": 10, "市区町村コード": 211, "所在地": "群馬県安中市原市", "緯度": 36.314001, "経度": 138.864108, "url": "https://www.iryou.teikyouseido.mhlw.go.jp/znk-web/juminkanja/S2430/initialize?prefCd=10&kikanCd=3100001113&kikanKbn=3", "url2": "https://www.hoshizawa-dc.com/", "内容": "医療法人星美会星澤歯科医院【3:歯科】群馬県安中市原市" }, "geometry": { "type": "Point", "coordinates": [ 138.864108, 36.314001 ] } },
{ "type": "Feature", "properties": { "ID": 1033100001114, "正式名称": "井上歯科医院", "機関区分": 3, "都道府県コード": 10, "市区町村コード": 211, "所在地": "群馬県安中市安中３ー１８ー１３", "緯度": 36.329014, "経度": 138.89905, "url": "https://www.iryou.teikyouseido.mhlw.go.jp/znk-web/juminkanja/S2430/initialize?prefCd=10&kikanCd=3100001114&kikanKbn=3", "url2": "http://www.inouedental.com", "内容": "井上歯科医院【3:歯科】群馬県安中市安中３ー１８ー１３" }, "geometry": { "type": "Point", "coordinates": [ 138.89905, 36.329014 ] } },
{ "type": "Feature", "properties": { "ID": 1033100001115, "正式名称": "ＭＭ歯科・矯正歯科", "機関区分": 3, "都道府県コード": 10, "市区町村コード": 203, "所在地": "群馬県桐生市広沢町４－１９７０－１０７", "緯度": 36.383336, "経度": 139.345322, "url": "https://www.iryou.teikyouseido.mhlw.go.jp/znk-web/juminkanja/S2430/initialize?prefCd=10&kikanCd=3100001115&kikanKbn=3", "url2": "http://www.mm-dental-ortho.com", "内容": "ＭＭ歯科・矯正歯科【3:歯科】群馬県桐生市広沢町４－１９７０－１０７" }, "geometry": { "type": "Point", "coordinates": [ 139.345322, 36.383336 ] } },
{ "type": "Feature", "properties": { "ID": 1033100001117, "正式名称": "伊勢崎歯科タカミ", "機関区分": 3, "都道府県コード": 10, "市区町村コード": 204, "所在地": "群馬県伊勢崎市東本町１０４－１８", "緯度": 36.317264, "経度": 139.205217, "url": "https://www.iryou.teikyouseido.mhlw.go.jp/znk-web/juminkanja/S2430/initialize?prefCd=10&kikanCd=3100001117&kikanKbn=3", "url2": null, "内容": "伊勢崎歯科タカミ【3:歯科】群馬県伊勢崎市東本町１０４－１８" }, "geometry": { "type": "Point", "coordinates": [ 139.205217, 36.317264 ] } },
{ "type": "Feature", "properties": { "ID": 1033100001118, "正式名称": "エクシア六本木歯科", "機関区分": 3, "都道府県コード": 10, "市区町村コード": 426, "所在地": "群馬県吾妻郡草津町大字草津１１－９", "緯度": 36.616474, "経度": 138.594086, "url": "https://www.iryou.teikyouseido.mhlw.go.jp/znk-web/juminkanja/S2430/initialize?prefCd=10&kikanCd=3100001118&kikanKbn=3", "url2": null, "内容": "エクシア六本木歯科【3:歯科】群馬県吾妻郡草津町大字草津１１－９" }, "geometry": { "type": "Point", "coordinates": [ 138.594086, 36.616474 ] } },
{ "type": "Feature", "properties": { "ID": 1033100001119, "正式名称": "フォルテたかさきモール歯科", "機関区分": 3, "都道府県コード": 10, "市区町村コード": 202, "所在地": "群馬県高崎市下豊岡町８９３－１", "緯度": 36.334436, "経度": 138.985381, "url": "https://www.iryou.teikyouseido.mhlw.go.jp/znk-web/juminkanja/S2430/initialize?prefCd=10&kikanCd=3100001119&kikanKbn=3", "url2": "https://ftdc.jp/", "内容": "フォルテたかさきモール歯科【3:歯科】群馬県高崎市下豊岡町８９３－１" }, "geometry": { "type": "Point", "coordinates": [ 138.985381, 36.334436 ] } },
{ "type": "Feature", "properties": { "ID": 1033100001120, "正式名称": "こじま矯正歯科クリニック", "機関区分": 3, "都道府県コード": 10, "市区町村コード": 202, "所在地": "群馬県高崎市貝沢町１３７６－３", "緯度": 36.349512, "経度": 139.032697, "url": "https://www.iryou.teikyouseido.mhlw.go.jp/znk-web/juminkanja/S2430/initialize?prefCd=10&kikanCd=3100001120&kikanKbn=3", "url2": "https://www.kojima-orthodontic.com", "内容": "こじま矯正歯科クリニック【3:歯科】群馬県高崎市貝沢町１３７６－３" }, "geometry": { "type": "Point", "coordinates": [ 139.032697, 36.349512 ] } },
{ "type": "Feature", "properties": { "ID": 1033100001121, "正式名称": "田島歯科", "機関区分": 3, "都道府県コード": 10, "市区町村コード": 203, "所在地": "群馬県桐生市東４－５－１８", "緯度": 36.408904, "経度": 139.346298, "url": "https://www.iryou.teikyouseido.mhlw.go.jp/znk-web/juminkanja/S2430/initialize?prefCd=10&kikanCd=3100001121&kikanKbn=3", "url2": "http://kiryu-tajimashika.com/", "内容": "田島歯科【3:歯科】群馬県桐生市東４－５－１８" }, "geometry": { "type": "Point", "coordinates": [ 139.346298, 36.408904 ] } },
{ "type": "Feature", "properties": { "ID": 1033100001122, "正式名称": "うえき矯正歯科", "機関区分": 3, "都道府県コード": 10, "市区町村コード": 202, "所在地": "群馬県高崎市東町７０イースト７０ビル１階", "緯度": 36.32625, "経度": 139.014859, "url": "https://www.iryou.teikyouseido.mhlw.go.jp/znk-web/juminkanja/S2430/initialize?prefCd=10&kikanCd=3100001122&kikanKbn=3", "url2": "https://ueki-ortho.com", "内容": "うえき矯正歯科【3:歯科】群馬県高崎市東町７０イースト７０ビル１階" }, "geometry": { "type": "Point", "coordinates": [ 139.014859, 36.32625 ] } },
{ "type": "Feature", "properties": { "ID": 1033100001123, "正式名称": "あきこ歯科医院", "機関区分": 3, "都道府県コード": 10, "市区町村コード": 203, "所在地": "群馬県桐生市新里町新川５８４－７", "緯度": 36.414356, "経度": 139.266261, "url": "https://www.iryou.teikyouseido.mhlw.go.jp/znk-web/juminkanja/S2430/initialize?prefCd=10&kikanCd=3100001123&kikanKbn=3", "url2": "https://www.akiko-shika.com/", "内容": "あきこ歯科医院【3:歯科】群馬県桐生市新里町新川５８４－７" }, "geometry": { "type": "Point", "coordinates": [ 139.266261, 36.414356 ] } },
{ "type": "Feature", "properties": { "ID": 1033100001124, "正式名称": "ふじ医科歯科クリニック", "機関区分": 3, "都道府県コード": 10, "市区町村コード": 205, "所在地": "群馬県太田市藤阿久町７８２－１", "緯度": 36.291375, "経度": 139.356057, "url": "https://www.iryou.teikyouseido.mhlw.go.jp/znk-web/juminkanja/S2430/initialize?prefCd=10&kikanCd=3100001124&kikanKbn=3", "url2": "https://fuji-shika-clinic.fuji-fds.com/", "内容": "ふじ医科歯科クリニック【3:歯科】群馬県太田市藤阿久町７８２－１" }, "geometry": { "type": "Point", "coordinates": [ 139.356057, 36.291375 ] } },
{ "type": "Feature", "properties": { "ID": 1033100001125, "正式名称": "スマイルデンタルオフィス内ケ島", "機関区分": 3, "都道府県コード": 10, "市区町村コード": 205, "所在地": "群馬県太田市内ヶ島町８２７−３", "緯度": 36.301746, "経度": 139.36568, "url": "https://www.iryou.teikyouseido.mhlw.go.jp/znk-web/juminkanja/S2430/initialize?prefCd=10&kikanCd=3100001125&kikanKbn=3", "url2": "https://smiledentaloffice.jp", "内容": "スマイルデンタルオフィス内ケ島【3:歯科】群馬県太田市内ヶ島町８２７−３" }, "geometry": { "type": "Point", "coordinates": [ 139.36568, 36.301746 ] } },
{ "type": "Feature", "properties": { "ID": 1033100001126, "正式名称": "大塚歯科クリニック", "機関区分": 3, "都道府県コード": 10, "市区町村コード": 525, "所在地": "群馬県邑楽郡邑楽町大字中野５１６３－３", "緯度": 36.262425, "経度": 139.476671, "url": "https://www.iryou.teikyouseido.mhlw.go.jp/znk-web/juminkanja/S2430/initialize?prefCd=10&kikanCd=3100001126&kikanKbn=3", "url2": "https://otsuka.dental-net.jp/", "内容": "大塚歯科クリニック【3:歯科】群馬県邑楽郡邑楽町大字中野５１６３－３" }, "geometry": { "type": "Point", "coordinates": [ 139.476671, 36.262425 ] } },
{ "type": "Feature", "properties": { "ID": 1033100001127, "正式名称": "川原町歯科クリニック", "機関区分": 3, "都道府県コード": 10, "市区町村コード": 201, "所在地": "群馬県前橋市川原町２－１６－１３", "緯度": 36.430672, "経度": 139.041186, "url": "https://www.iryou.teikyouseido.mhlw.go.jp/znk-web/juminkanja/S2430/initialize?prefCd=10&kikanCd=3100001127&kikanKbn=3", "url2": "http://kshika.com", "内容": "川原町歯科クリニック【3:歯科】群馬県前橋市川原町２－１６－１３" }, "geometry": { "type": "Point", "coordinates": [ 139.041186, 36.430672 ] } },
{ "type": "Feature", "properties": { "ID": 1033100001128, "正式名称": "高前デンタルクリニック", "機関区分": 3, "都道府県コード": 10, "市区町村コード": 202, "所在地": "群馬県高崎市棟高町１３３８－１　ヴェラルーチェ１号", "緯度": 36.383895, "経度": 139.000247, "url": "https://www.iryou.teikyouseido.mhlw.go.jp/znk-web/juminkanja/S2430/initialize?prefCd=10&kikanCd=3100001128&kikanKbn=3", "url2": null, "内容": "高前デンタルクリニック【3:歯科】群馬県高崎市棟高町１３３８－１　ヴェラルーチェ１号" }, "geometry": { "type": "Point", "coordinates": [ 139.000247, 36.383895 ] } },
{ "type": "Feature", "properties": { "ID": 1033100001129, "正式名称": "医療法人嵩志会　新伊勢崎ＣＯＣＯ歯科医院", "機関区分": 3, "都道府県コード": 10, "市区町村コード": 204, "所在地": "群馬県伊勢崎市下植木町６０１－２", "緯度": 36.316492, "経度": 139.214378, "url": "https://www.iryou.teikyouseido.mhlw.go.jp/znk-web/juminkanja/S2430/initialize?prefCd=10&kikanCd=3100001129&kikanKbn=3", "url2": "http://www.gunma-coco-shika.com/", "内容": "医療法人嵩志会　新伊勢崎ＣＯＣＯ歯科医院【3:歯科】群馬県伊勢崎市下植木町６０１－２" }, "geometry": { "type": "Point", "coordinates": [ 139.214378, 36.316492 ] } },
{ "type": "Feature", "properties": { "ID": 1033100001130, "正式名称": "医療法人社団絆尚会　伊勢崎おとなこども歯科・矯正歯科", "機関区分": 3, "都道府県コード": 10, "市区町村コード": 204, "所在地": "群馬県伊勢崎市西小保方町３６８　スマーク伊勢崎　２階", "緯度": 36.339651, "経度": 139.232647, "url": "https://www.iryou.teikyouseido.mhlw.go.jp/znk-web/juminkanja/S2430/initialize?prefCd=10&kikanCd=3100001130&kikanKbn=3", "url2": "https://www.isesakidental.com/", "内容": "医療法人社団絆尚会　伊勢崎おとなこども歯科・矯正歯科【3:歯科】群馬県伊勢崎市西小保方町３６８　スマーク伊勢崎　２階" }, "geometry": { "type": "Point", "coordinates": [ 139.232647, 36.339651 ] } },
{ "type": "Feature", "properties": { "ID": 1033100001131, "正式名称": "引田歯科　口腔外科", "機関区分": 3, "都道府県コード": 10, "市区町村コード": 212, "所在地": "群馬県みどり市笠懸町鹿２９６８－１", "緯度": 36.397721, "経度": 139.281416, "url": "https://www.iryou.teikyouseido.mhlw.go.jp/znk-web/juminkanja/S2430/initialize?prefCd=10&kikanCd=3100001131&kikanKbn=3", "url2": "https://www.hikida-dent.jp/", "内容": "引田歯科　口腔外科【3:歯科】群馬県みどり市笠懸町鹿２９６８－１" }, "geometry": { "type": "Point", "coordinates": [ 139.281416, 36.397721 ] } },
{ "type": "Feature", "properties": { "ID": 1033100001132, "正式名称": "前橋デンタルケアクリニック", "機関区分": 3, "都道府県コード": 10, "市区町村コード": 201, "所在地": "群馬県前橋市三俣町１－２８－１２", "緯度": 36.394243, "経度": 139.087149, "url": "https://www.iryou.teikyouseido.mhlw.go.jp/znk-web/juminkanja/S2430/initialize?prefCd=10&kikanCd=3100001132&kikanKbn=3", "url2": "https://maebashidentalcareclinic.com/", "内容": "前橋デンタルケアクリニック【3:歯科】群馬県前橋市三俣町１－２８－１２" }, "geometry": { "type": "Point", "coordinates": [ 139.087149, 36.394243 ] } },
{ "type": "Feature", "properties": { "ID": 1033100001133, "正式名称": "おおご歯科クリニック", "機関区分": 3, "都道府県コード": 10, "市区町村コード": 201, "所在地": "群馬県前橋市堀越町３９１－１", "緯度": 36.421331, "経度": 139.150024, "url": "https://www.iryou.teikyouseido.mhlw.go.jp/znk-web/juminkanja/S2430/initialize?prefCd=10&kikanCd=3100001133&kikanKbn=3", "url2": "https://ogo.dental-net.jp/", "内容": "おおご歯科クリニック【3:歯科】群馬県前橋市堀越町３９１－１" }, "geometry": { "type": "Point", "coordinates": [ 139.150024, 36.421331 ] } },
{ "type": "Feature", "properties": { "ID": 1033100001134, "正式名称": "元総社歯科クリニック", "機関区分": 3, "都道府県コード": 10, "市区町村コード": 201, "所在地": "群馬県前橋市総社町総社３６００－１", "緯度": 36.392988, "経度": 139.037848, "url": "https://www.iryou.teikyouseido.mhlw.go.jp/znk-web/juminkanja/S2430/initialize?prefCd=10&kikanCd=3100001134&kikanKbn=3", "url2": "http://www.motosouja-shika.com", "内容": "元総社歯科クリニック【3:歯科】群馬県前橋市総社町総社３６００－１" }, "geometry": { "type": "Point", "coordinates": [ 139.037848, 36.392988 ] } },
{ "type": "Feature", "properties": { "ID": 1033100001135, "正式名称": "Ａｄｉｉ　Ｄｅｎｔａｌ　Ｃｌｉｎｉｃ", "機関区分": 3, "都道府県コード": 10, "市区町村コード": 201, "所在地": "群馬県前橋市下阿内町", "緯度": 36.31884, "経度": 139.10384, "url": "https://www.iryou.teikyouseido.mhlw.go.jp/znk-web/juminkanja/S2430/initialize?prefCd=10&kikanCd=3100001135&kikanKbn=3", "url2": "https://www.ireba-dental-lp.com/", "内容": "Ａｄｉｉ　Ｄｅｎｔａｌ　Ｃｌｉｎｉｃ【3:歯科】群馬県前橋市下阿内町" }, "geometry": { "type": "Point", "coordinates": [ 139.10384, 36.31884 ] } },
{ "type": "Feature", "properties": { "ID": 1033100001136, "正式名称": "加藤デンタルオフィス", "機関区分": 3, "都道府県コード": 10, "市区町村コード": 202, "所在地": "群馬県高崎市八島町２７３", "緯度": 36.32206, "経度": 139.009353, "url": "https://www.iryou.teikyouseido.mhlw.go.jp/znk-web/juminkanja/S2430/initialize?prefCd=10&kikanCd=3100001136&kikanKbn=3", "url2": null, "内容": "加藤デンタルオフィス【3:歯科】群馬県高崎市八島町２７３" }, "geometry": { "type": "Point", "coordinates": [ 139.009353, 36.32206 ] } },
{ "type": "Feature", "properties": { "ID": 1033100001138, "正式名称": "まえばしＭＩ歯科", "機関区分": 3, "都道府県コード": 10, "市区町村コード": 201, "所在地": "群馬県前橋市上泉町", "緯度": 36.40669, "経度": 139.12029, "url": "https://www.iryou.teikyouseido.mhlw.go.jp/znk-web/juminkanja/S2430/initialize?prefCd=10&kikanCd=3100001138&kikanKbn=3", "url2": "https://mmidc.jp/", "内容": "まえばしＭＩ歯科【3:歯科】群馬県前橋市上泉町" }, "geometry": { "type": "Point", "coordinates": [ 139.12029, 36.40669 ] } },
{ "type": "Feature", "properties": { "ID": 1033100001139, "正式名称": "小井土歯科医院", "機関区分": 3, "都道府県コード": 10, "市区町村コード": 201, "所在地": "群馬県前橋市総社町総社３１１１－２", "緯度": 36.436303, "経度": 139.049664, "url": "https://www.iryou.teikyouseido.mhlw.go.jp/znk-web/juminkanja/S2430/initialize?prefCd=10&kikanCd=3100001139&kikanKbn=3", "url2": "https://koido-dc.com", "内容": "小井土歯科医院【3:歯科】群馬県前橋市総社町総社３１１１－２" }, "geometry": { "type": "Point", "coordinates": [ 139.049664, 36.436303 ] } },
{ "type": "Feature", "properties": { "ID": 1033100001142, "正式名称": "医療法人まつい歯科クリニック　北高崎", "機関区分": 3, "都道府県コード": 10, "市区町村コード": 202, "所在地": "群馬県高崎市飯塚町７３９－２５", "緯度": 36.34185, "経度": 139.000783, "url": "https://www.iryou.teikyouseido.mhlw.go.jp/znk-web/juminkanja/S2430/initialize?prefCd=10&kikanCd=3100001142&kikanKbn=3", "url2": "https://www.matsuisikakitatakasaki.com/", "内容": "医療法人まつい歯科クリニック　北高崎【3:歯科】群馬県高崎市飯塚町７３９－２５" }, "geometry": { "type": "Point", "coordinates": [ 139.000783, 36.34185 ] } },
{ "type": "Feature", "properties": { "ID": 1033100001143, "正式名称": "高崎サンシャイン金子歯科", "機関区分": 3, "都道府県コード": 10, "市区町村コード": 202, "所在地": "群馬県高崎市菅谷町２０－２３６", "緯度": 36.381654, "経度": 139.019962, "url": "https://www.iryou.teikyouseido.mhlw.go.jp/znk-web/juminkanja/S2430/initialize?prefCd=10&kikanCd=3100001143&kikanKbn=3", "url2": "http://www.sunshine-dc.jp", "内容": "高崎サンシャイン金子歯科【3:歯科】群馬県高崎市菅谷町２０－２３６" }, "geometry": { "type": "Point", "coordinates": [ 139.019962, 36.381654 ] } },
{ "type": "Feature", "properties": { "ID": 1033100001145, "正式名称": "むらかみ歯科医院", "機関区分": 3, "都道府県コード": 10, "市区町村コード": 201, "所在地": "群馬県　前橋市　二之宮町　４８０－１", "緯度": 36.371085, "経度": 139.173339, "url": "https://www.iryou.teikyouseido.mhlw.go.jp/znk-web/juminkanja/S2430/initialize?prefCd=10&kikanCd=3100001145&kikanKbn=3", "url2": "https://murakami-do.jp", "内容": "むらかみ歯科医院【3:歯科】群馬県　前橋市　二之宮町　４８０－１" }, "geometry": { "type": "Point", "coordinates": [ 139.173339, 36.371085 ] } },
{ "type": "Feature", "properties": { "ID": 1033100001146, "正式名称": "くるみ歯科", "機関区分": 3, "都道府県コード": 10, "市区町村コード": 204, "所在地": "群馬県伊勢崎市境栄７４１", "緯度": 36.274639, "経度": 139.26217, "url": "https://www.iryou.teikyouseido.mhlw.go.jp/znk-web/juminkanja/S2430/initialize?prefCd=10&kikanCd=3100001146&kikanKbn=3", "url2": "http://kurumi.life.coocan.jp/", "内容": "くるみ歯科【3:歯科】群馬県伊勢崎市境栄７４１" }, "geometry": { "type": "Point", "coordinates": [ 139.26217, 36.274639 ] } },
{ "type": "Feature", "properties": { "ID": 1033100001147, "正式名称": "けやき歯科　高崎タワー分院", "機関区分": 3, "都道府県コード": 10, "市区町村コード": 202, "所在地": "群馬県高崎市東町３２－１", "緯度": 36.325042, "経度": 139.013511, "url": "https://www.iryou.teikyouseido.mhlw.go.jp/znk-web/juminkanja/S2430/initialize?prefCd=10&kikanCd=3100001147&kikanKbn=3", "url2": "https://keyakitower-dc.jp/", "内容": "けやき歯科　高崎タワー分院【3:歯科】群馬県高崎市東町３２－１" }, "geometry": { "type": "Point", "coordinates": [ 139.013511, 36.325042 ] } },
{ "type": "Feature", "properties": { "ID": 1033100001148, "正式名称": "さくらぎ群馬いきいき歯科", "機関区分": 3, "都道府県コード": 10, "市区町村コード": 201, "所在地": "群馬県前橋市文京町１ー４５ー１５", "緯度": 36.38083, "経度": 139.082872, "url": "https://www.iryou.teikyouseido.mhlw.go.jp/znk-web/juminkanja/S2430/initialize?prefCd=10&kikanCd=3100001148&kikanKbn=3", "url2": null, "内容": "さくらぎ群馬いきいき歯科【3:歯科】群馬県前橋市文京町１ー４５ー１５" }, "geometry": { "type": "Point", "coordinates": [ 139.082872, 36.38083 ] } },
{ "type": "Feature", "properties": { "ID": 1033100001149, "正式名称": "スマイルきっずデンタルケア新前橋歯科医院", "機関区分": 3, "都道府県コード": 10, "市区町村コード": 201, "所在地": "群馬県前橋市下石倉町３２－４", "緯度": 36.378408, "経度": 139.056459, "url": "https://www.iryou.teikyouseido.mhlw.go.jp/znk-web/juminkanja/S2430/initialize?prefCd=10&kikanCd=3100001149&kikanKbn=3", "url2": "https://www.shinmae-shika.jp", "内容": "スマイルきっずデンタルケア新前橋歯科医院【3:歯科】群馬県前橋市下石倉町３２－４" }, "geometry": { "type": "Point", "coordinates": [ 139.056459, 36.378408 ] } },
{ "type": "Feature", "properties": { "ID": 1033100001150, "正式名称": "福島歯科医院", "機関区分": 3, "都道府県コード": 10, "市区町村コード": 205, "所在地": "群馬県太田市東新町　ハニーライズ４０４号", "緯度": 36.32244, "経度": 139.40627, "url": "https://www.iryou.teikyouseido.mhlw.go.jp/znk-web/juminkanja/S2430/initialize?prefCd=10&kikanCd=3100001150&kikanKbn=3", "url2": "https://hukushima-dental.com/", "内容": "福島歯科医院【3:歯科】群馬県太田市東新町　ハニーライズ４０４号" }, "geometry": { "type": "Point", "coordinates": [ 139.40627, 36.32244 ] } },
{ "type": "Feature", "properties": { "ID": 1033100001151, "正式名称": "かねもと矯正歯科", "機関区分": 3, "都道府県コード": 10, "市区町村コード": 204, "所在地": "群馬県伊勢崎市鹿島町５４７－１　かねもと矯正歯科", "緯度": 36.391251, "経度": 139.060848, "url": "https://www.iryou.teikyouseido.mhlw.go.jp/znk-web/juminkanja/S2430/initialize?prefCd=10&kikanCd=3100001151&kikanKbn=3", "url2": "https://kanemoto-kyousei.com/", "内容": "かねもと矯正歯科【3:歯科】群馬県伊勢崎市鹿島町５４７－１　かねもと矯正歯科" }, "geometry": { "type": "Point", "coordinates": [ 139.060848, 36.391251 ] } },
{ "type": "Feature", "properties": { "ID": 1033100001152, "正式名称": "ココルン歯科クリニックおとなこども矯正歯科", "機関区分": 3, "都道府県コード": 10, "市区町村コード": 201, "所在地": "群馬県前橋市朝日町３－２１－１０", "緯度": 36.38205, "経度": 139.08855, "url": "https://www.iryou.teikyouseido.mhlw.go.jp/znk-web/juminkanja/S2430/initialize?prefCd=10&kikanCd=3100001152&kikanKbn=3", "url2": "http://www.ccrc-dental.com/", "内容": "ココルン歯科クリニックおとなこども矯正歯科【3:歯科】群馬県前橋市朝日町３－２１－１０" }, "geometry": { "type": "Point", "coordinates": [ 139.08855, 36.38205 ] } },
{ "type": "Feature", "properties": { "ID": 1033100001154, "正式名称": "きらきら歯科", "機関区分": 3, "都道府県コード": 10, "市区町村コード": 202, "所在地": "群馬県高崎市南町４番地４　１階", "緯度": 36.319176, "経度": 139.009131, "url": "https://www.iryou.teikyouseido.mhlw.go.jp/znk-web/juminkanja/S2430/initialize?prefCd=10&kikanCd=3100001154&kikanKbn=3", "url2": null, "内容": "きらきら歯科【3:歯科】群馬県高崎市南町４番地４　１階" }, "geometry": { "type": "Point", "coordinates": [ 139.009131, 36.319176 ] } },
{ "type": "Feature", "properties": { "ID": 1033100001155, "正式名称": "あかぼり楓歯科クリニック", "機関区分": 3, "都道府県コード": 10, "市区町村コード": 204, "所在地": "群馬県伊勢崎市市場町２－３６２－２", "緯度": 36.362462, "経度": 139.225232, "url": "https://www.iryou.teikyouseido.mhlw.go.jp/znk-web/juminkanja/S2430/initialize?prefCd=10&kikanCd=3100001155&kikanKbn=3", "url2": null, "内容": "あかぼり楓歯科クリニック【3:歯科】群馬県伊勢崎市市場町２－３６２－２" }, "geometry": { "type": "Point", "coordinates": [ 139.225232, 36.362462 ] } },
{ "type": "Feature", "properties": { "ID": 1033100001156, "正式名称": "太田デンタルクリニック", "機関区分": 3, "都道府県コード": 10, "市区町村コード": 205, "所在地": "群馬県太田市東別所町１３５－１", "緯度": 36.267272, "経度": 139.399203, "url": "https://www.iryou.teikyouseido.mhlw.go.jp/znk-web/juminkanja/S2430/initialize?prefCd=10&kikanCd=3100001156&kikanKbn=3", "url2": null, "内容": "太田デンタルクリニック【3:歯科】群馬県太田市東別所町１３５－１" }, "geometry": { "type": "Point", "coordinates": [ 139.399203, 36.267272 ] } },
{ "type": "Feature", "properties": { "ID": 1033100001157, "正式名称": "あおぞら歯科", "機関区分": 3, "都道府県コード": 10, "市区町村コード": 207, "所在地": "群馬県館林市下三林町４３２−５", "緯度": 36.2206, "経度": 139.508892, "url": "https://www.iryou.teikyouseido.mhlw.go.jp/znk-web/juminkanja/S2430/initialize?prefCd=10&kikanCd=3100001157&kikanKbn=3", "url2": null, "内容": "あおぞら歯科【3:歯科】群馬県館林市下三林町４３２−５" }, "geometry": { "type": "Point", "coordinates": [ 139.508892, 36.2206 ] } },
{ "type": "Feature", "properties": { "ID": 1033100001158, "正式名称": "きずなデンタルクリニック", "機関区分": 3, "都道府県コード": 10, "市区町村コード": 202, "所在地": "群馬県高崎市下之城町２７２－１", "緯度": 36.308071, "経度": 139.030523, "url": "https://www.iryou.teikyouseido.mhlw.go.jp/znk-web/juminkanja/S2430/initialize?prefCd=10&kikanCd=3100001158&kikanKbn=3", "url2": "https://kizuna-dc.net/", "内容": "きずなデンタルクリニック【3:歯科】群馬県高崎市下之城町２７２－１" }, "geometry": { "type": "Point", "coordinates": [ 139.030523, 36.308071 ] } },
{ "type": "Feature", "properties": { "ID": 1033100001159, "正式名称": "はが歯科医院駒形", "機関区分": 3, "都道府県コード": 10, "市区町村コード": 201, "所在地": "群馬県前橋市駒形町１６１－１", "緯度": 36.345911, "経度": 139.133344, "url": "https://www.iryou.teikyouseido.mhlw.go.jp/znk-web/juminkanja/S2430/initialize?prefCd=10&kikanCd=3100001159&kikanKbn=3", "url2": "https://www.hagashika-komagata.com/", "内容": "はが歯科医院駒形【3:歯科】群馬県前橋市駒形町１６１－１" }, "geometry": { "type": "Point", "coordinates": [ 139.133344, 36.345911 ] } },
{ "type": "Feature", "properties": { "ID": 1033100001160, "正式名称": "ゆたか歯科", "機関区分": 3, "都道府県コード": 10, "市区町村コード": 201, "所在地": "群馬県前橋市総社町高井５４７−１", "緯度": 36.407303, "経度": 139.025749, "url": "https://www.iryou.teikyouseido.mhlw.go.jp/znk-web/juminkanja/S2430/initialize?prefCd=10&kikanCd=3100001160&kikanKbn=3", "url2": "https://yutaka-sika.com", "内容": "ゆたか歯科【3:歯科】群馬県前橋市総社町高井５４７−１" }, "geometry": { "type": "Point", "coordinates": [ 139.025749, 36.407303 ] } },
{ "type": "Feature", "properties": { "ID": 1033100001161, "正式名称": "高崎かたおか歯科", "機関区分": 3, "都道府県コード": 10, "市区町村コード": 202, "所在地": "群馬県高崎市片岡町２－１９　２３－２号", "緯度": 36.315554, "経度": 138.994871, "url": "https://www.iryou.teikyouseido.mhlw.go.jp/znk-web/juminkanja/S2430/initialize?prefCd=10&kikanCd=3100001161&kikanKbn=3", "url2": null, "内容": "高崎かたおか歯科【3:歯科】群馬県高崎市片岡町２－１９　２３－２号" }, "geometry": { "type": "Point", "coordinates": [ 138.994871, 36.315554 ] } },
{ "type": "Feature", "properties": { "ID": 1033100001162, "正式名称": "いろどり歯科・訪問歯科", "機関区分": 3, "都道府県コード": 10, "市区町村コード": 211, "所在地": "群馬県安中市原市３１５－４", "緯度": 36.319819, "経度": 138.879325, "url": "https://www.iryou.teikyouseido.mhlw.go.jp/znk-web/juminkanja/S2430/initialize?prefCd=10&kikanCd=3100001162&kikanKbn=3", "url2": null, "内容": "いろどり歯科・訪問歯科【3:歯科】群馬県安中市原市３１５－４" }, "geometry": { "type": "Point", "coordinates": [ 138.879325, 36.319819 ] } },
{ "type": "Feature", "properties": { "ID": 1033100001163, "正式名称": "かわまがりファミリー歯科", "機関区分": 3, "都道府県コード": 10, "市区町村コード": 201, "所在地": "群馬県前橋市川曲町５０１－１", "緯度": 36.35243, "経度": 139.05096, "url": "https://www.iryou.teikyouseido.mhlw.go.jp/znk-web/juminkanja/S2430/initialize?prefCd=10&kikanCd=3100001163&kikanKbn=3", "url2": "https://kawamagari-fdc.com/", "内容": "かわまがりファミリー歯科【3:歯科】群馬県前橋市川曲町５０１－１" }, "geometry": { "type": "Point", "coordinates": [ 139.05096, 36.35243 ] } },
{ "type": "Feature", "properties": { "ID": 1033100001164, "正式名称": "オズデンタルクリニック前橋", "機関区分": 3, "都道府県コード": 10, "市区町村コード": 201, "所在地": "群馬県前橋市荒牧町４ー６ー１", "緯度": 36.42562, "経度": 139.0569, "url": "https://www.iryou.teikyouseido.mhlw.go.jp/znk-web/juminkanja/S2430/initialize?prefCd=10&kikanCd=3100001164&kikanKbn=3", "url2": null, "内容": "オズデンタルクリニック前橋【3:歯科】群馬県前橋市荒牧町４ー６ー１" }, "geometry": { "type": "Point", "coordinates": [ 139.0569, 36.42562 ] } },
{ "type": "Feature", "properties": { "ID": 1033100001165, "正式名称": "高崎ハルナモ歯科", "機関区分": 3, "都道府県コード": 10, "市区町村コード": 202, "所在地": "群馬県高崎市箕郷町上芝５０１ー１", "緯度": 36.389275, "経度": 138.95747, "url": "https://www.iryou.teikyouseido.mhlw.go.jp/znk-web/juminkanja/S2430/initialize?prefCd=10&kikanCd=3100001165&kikanKbn=3", "url2": "https://takasaki-h-dental.com/", "内容": "高崎ハルナモ歯科【3:歯科】群馬県高崎市箕郷町上芝５０１ー１" }, "geometry": { "type": "Point", "coordinates": [ 138.95747, 36.389275 ] } },
{ "type": "Feature", "properties": { "ID": 1033100001166, "正式名称": "ことり歯科クリニック", "機関区分": 3, "都道府県コード": 10, "市区町村コード": 202, "所在地": "群馬県　高崎市　上小鳥町　４０７－１１", "緯度": 36.357338, "経度": 138.991867, "url": "https://www.iryou.teikyouseido.mhlw.go.jp/znk-web/juminkanja/S2430/initialize?prefCd=10&kikanCd=3100001166&kikanKbn=3", "url2": "https://kotori-dental.com", "内容": "ことり歯科クリニック【3:歯科】群馬県　高崎市　上小鳥町　４０７－１１" }, "geometry": { "type": "Point", "coordinates": [ 138.991867, 36.357338 ] } },
{ "type": "Feature", "properties": { "ID": 1033100001167, "正式名称": "ジョイホンパーク吉岡歯科・矯正歯科", "機関区分": 3, "都道府県コード": 10, "市区町村コード": 345, "所在地": "群馬県北群馬郡吉岡町大久保３６４－１", "緯度": 36.439864, "経度": 139.015075, "url": "https://www.iryou.teikyouseido.mhlw.go.jp/znk-web/juminkanja/S2430/initialize?prefCd=10&kikanCd=3100001167&kikanKbn=3", "url2": "https://yjdc.jp/", "内容": "ジョイホンパーク吉岡歯科・矯正歯科【3:歯科】群馬県北群馬郡吉岡町大久保３６４－１" }, "geometry": { "type": "Point", "coordinates": [ 139.015075, 36.439864 ] } },
{ "type": "Feature", "properties": { "ID": 1033100001168, "正式名称": "さくらいろ矯正歯科クリニック", "機関区分": 3, "都道府県コード": 10, "市区町村コード": 202, "所在地": "群馬県高崎市あら町２３３　ドルチェヴィータ高崎２階西", "緯度": 36.322392, "経度": 139.007293, "url": "https://www.iryou.teikyouseido.mhlw.go.jp/znk-web/juminkanja/S2430/initialize?prefCd=10&kikanCd=3100001168&kikanKbn=3", "url2": "https://www.sakurairo-dc.com", "内容": "さくらいろ矯正歯科クリニック【3:歯科】群馬県高崎市あら町２３３　ドルチェヴィータ高崎２階西" }, "geometry": { "type": "Point", "coordinates": [ 139.007293, 36.322392 ] } },
{ "type": "Feature", "properties": { "ID": 1033100001169, "正式名称": "ステラこども歯科", "機関区分": 3, "都道府県コード": 10, "市区町村コード": 202, "所在地": "群馬県高崎市中居町１ー８ー３ベルデＡ", "緯度": 36.31329, "経度": 139.04472, "url": "https://www.iryou.teikyouseido.mhlw.go.jp/znk-web/juminkanja/S2430/initialize?prefCd=10&kikanCd=3100001169&kikanKbn=3", "url2": null, "内容": "ステラこども歯科【3:歯科】群馬県高崎市中居町１ー８ー３ベルデＡ" }, "geometry": { "type": "Point", "coordinates": [ 139.04472, 36.31329 ] } },
{ "type": "Feature", "properties": { "ID": 1033100001171, "正式名称": "けやきの杜矯正歯科", "機関区分": 3, "都道府県コード": 10, "市区町村コード": 202, "所在地": "群馬県高崎市芝塚町２００７－１あさひグランレジデンシア高崎Ⅰー１Ｆ", "緯度": 36.331928, "経度": 139.014068, "url": "https://www.iryou.teikyouseido.mhlw.go.jp/znk-web/juminkanja/S2430/initialize?prefCd=10&kikanCd=3100001171&kikanKbn=3", "url2": "https://www.keyaki-ortho.net/", "内容": "けやきの杜矯正歯科【3:歯科】群馬県高崎市芝塚町２００７－１あさひグランレジデンシア高崎Ⅰー１Ｆ" }, "geometry": { "type": "Point", "coordinates": [ 139.014068, 36.331928 ] } },
{ "type": "Feature", "properties": { "ID": 1033100001172, "正式名称": "迫田歯科医院", "機関区分": 3, "都道府県コード": 10, "市区町村コード": 206, "所在地": "群馬県沼田市坊新田町１０２９－２", "緯度": 36.642751, "経度": 139.044589, "url": "https://www.iryou.teikyouseido.mhlw.go.jp/znk-web/juminkanja/S2430/initialize?prefCd=10&kikanCd=3100001172&kikanKbn=3", "url2": "https://www.sakoda-shika.jp/", "内容": "迫田歯科医院【3:歯科】群馬県沼田市坊新田町１０２９－２" }, "geometry": { "type": "Point", "coordinates": [ 139.044589, 36.642751 ] } },
{ "type": "Feature", "properties": { "ID": 1033100001173, "正式名称": "あかりデンタルクリニック", "機関区分": 3, "都道府県コード": 10, "市区町村コード": 202, "所在地": "群馬県高崎市中尾町６９８－１１１", "緯度": 36.36248, "経度": 139.022817, "url": "https://www.iryou.teikyouseido.mhlw.go.jp/znk-web/juminkanja/S2430/initialize?prefCd=10&kikanCd=3100001173&kikanKbn=3", "url2": "https://akaridc.com/", "内容": "あかりデンタルクリニック【3:歯科】群馬県高崎市中尾町６９８－１１１" }, "geometry": { "type": "Point", "coordinates": [ 139.022817, 36.36248 ] } },
{ "type": "Feature", "properties": { "ID": 1033100001174, "正式名称": "高崎おとなこども歯科・矯正歯科　高崎オーパ院", "機関区分": 3, "都道府県コード": 10, "市区町村コード": 202, "所在地": "群馬県高崎市八島町４６－１高崎オーパ８Ｆ", "緯度": 36.323066, "経度": 139.011095, "url": "https://www.iryou.teikyouseido.mhlw.go.jp/znk-web/juminkanja/S2430/initialize?prefCd=10&kikanCd=3100001174&kikanKbn=3", "url2": "https://www.takasakidental.com/", "内容": "高崎おとなこども歯科・矯正歯科　高崎オーパ院【3:歯科】群馬県高崎市八島町４６－１高崎オーパ８Ｆ" }, "geometry": { "type": "Point", "coordinates": [ 139.011095, 36.323066 ] } },
{ "type": "Feature", "properties": { "ID": 1033100001177, "正式名称": "前橋市休日歯科診療所", "機関区分": 3, "都道府県コード": 10, "市区町村コード": 201, "所在地": "群馬県前橋市朝日町３－２１－１３まえばし医療センター", "緯度": 36.38205, "経度": 139.08855, "url": "https://www.iryou.teikyouseido.mhlw.go.jp/znk-web/juminkanja/S2430/initialize?prefCd=10&kikanCd=3100001177&kikanKbn=3", "url2": null, "内容": "前橋市休日歯科診療所【3:歯科】群馬県前橋市朝日町３－２１－１３まえばし医療センター" }, "geometry": { "type": "Point", "coordinates": [ 139.08855, 36.38205 ] } },
{ "type": "Feature", "properties": { "ID": 1033100001179, "正式名称": "くにみね歯科", "機関区分": 3, "都道府県コード": 10, "市区町村コード": 204, "所在地": "群馬県伊勢崎市茂呂町２丁目２１６６－７", "緯度": 36.300874, "経度": 139.208936, "url": "https://www.iryou.teikyouseido.mhlw.go.jp/znk-web/juminkanja/S2430/initialize?prefCd=10&kikanCd=3100001179&kikanKbn=3", "url2": "kunimine.dentaloffice.jp", "内容": "くにみね歯科【3:歯科】群馬県伊勢崎市茂呂町２丁目２１６６－７" }, "geometry": { "type": "Point", "coordinates": [ 139.208936, 36.300874 ] } },
{ "type": "Feature", "properties": { "ID": 1033100001180, "正式名称": "医療法人　元総社歯科クリニック", "機関区分": 3, "都道府県コード": 10, "市区町村コード": 201, "所在地": "群馬県前橋市総社町総社３６００－１", "緯度": 36.392944, "経度": 139.037899, "url": "https://www.iryou.teikyouseido.mhlw.go.jp/znk-web/juminkanja/S2430/initialize?prefCd=10&kikanCd=3100001180&kikanKbn=3", "url2": "motosouja-shika.com", "内容": "医療法人　元総社歯科クリニック【3:歯科】群馬県前橋市総社町総社３６００－１" }, "geometry": { "type": "Point", "coordinates": [ 139.037899, 36.392944 ] } },
{ "type": "Feature", "properties": { "ID": 1033100001183, "正式名称": "りんごデンタルクリニック", "機関区分": 3, "都道府県コード": 10, "市区町村コード": 525, "所在地": "群馬県邑楽郡邑楽町篠塚１６００－２", "緯度": 36.245745, "経度": 139.448406, "url": "https://www.iryou.teikyouseido.mhlw.go.jp/znk-web/juminkanja/S2430/initialize?prefCd=10&kikanCd=3100001183&kikanKbn=3", "url2": null, "内容": "りんごデンタルクリニック【3:歯科】群馬県邑楽郡邑楽町篠塚１６００－２" }, "geometry": { "type": "Point", "coordinates": [ 139.448406, 36.245745 ] } }
]
}
