{
"type": "FeatureCollection",
"name": "geo_10_居宅介護支援",
"crs": { "type": "name", "properties": { "name": "urn:ogc:def:crs:OGC:1.3:CRS84" } },
"features": [
{ "type": "Feature", "properties": { "内容": "大利根　ろまん亭【居宅介護支援】群馬県前橋市大利根町2-39-9", "url2": "https://www.kaigokensaku.mhlw.go.jp/10/index.php?action_kouhyou_detail_004_kani=true&JigyosyoCd=1070101157-00&ServiceCd=430&Type=search" }, "geometry": { "type": "Point", "coordinates": [ 139.059846099999959, 36.3570551 ] } },
{ "type": "Feature", "properties": { "内容": "居宅介護支援事業所愛（まな）の家【居宅介護支援】群馬県前橋市朝日町四丁目5-5", "url2": "https://www.kaigokensaku.mhlw.go.jp/10/index.php?action_kouhyou_detail_004_kani=true&JigyosyoCd=1070104581-00&ServiceCd=430&Type=search" }, "geometry": { "type": "Point", "coordinates": [ 139.091961699999956, 36.3811276 ] } },
{ "type": "Feature", "properties": { "内容": "ケアプランセンターげんき前橋南町【居宅介護支援】群馬県前橋市南町3-23-6", "url2": "https://www.kaigokensaku.mhlw.go.jp/10/index.php?action_kouhyou_detail_004_kani=true&JigyosyoCd=1070104821-00&ServiceCd=430&Type=search" }, "geometry": { "type": "Point", "coordinates": [ 139.075499348585623, 36.381600817449765 ] } },
{ "type": "Feature", "properties": { "内容": "ケアセンターあかね【居宅介護支援】群馬県前橋市南町3-35-3", "url2": "https://www.kaigokensaku.mhlw.go.jp/10/index.php?action_kouhyou_detail_004_kani=true&JigyosyoCd=1070104011-00&ServiceCd=430&Type=search" }, "geometry": { "type": "Point", "coordinates": [ 139.07273306812283, 36.381115923332921 ] } },
{ "type": "Feature", "properties": { "内容": "居宅介護支援事業所ひまわり【居宅介護支援】表町2-30-3ハーモニービル4F", "url2": "https://www.kaigokensaku.mhlw.go.jp/10/index.php?action_kouhyou_detail_004_kani=true&JigyosyoCd=1070108830-00&ServiceCd=430&Type=search" }, "geometry": { "type": "Point", "coordinates": [ 139.070750700524911, 36.384012556499435 ] } },
{ "type": "Feature", "properties": { "内容": "ケアプランセンター　アズイズ【居宅介護支援】群馬県前橋市上新田町1029-2-A", "url2": "https://www.kaigokensaku.mhlw.go.jp/10/index.php?action_kouhyou_detail_004_kani=true&JigyosyoCd=1070108871-00&ServiceCd=430&Type=search" }, "geometry": { "type": "Point", "coordinates": [ 139.0664961, 36.3642432 ] } },
{ "type": "Feature", "properties": { "内容": "ケアプランセンター音色【居宅介護支援】群馬県前橋市天川大島町３丁目２７－１５", "url2": "https://www.kaigokensaku.mhlw.go.jp/10/index.php?action_kouhyou_detail_004_kani=true&JigyosyoCd=1070108939-00&ServiceCd=430&Type=search" }, "geometry": { "type": "Point", "coordinates": [ 139.1010303, 36.3773347 ] } },
{ "type": "Feature", "properties": { "内容": "ベースヒル居宅介護支援事業所【居宅介護支援】群馬県前橋市鳥取町766-23", "url2": "https://www.kaigokensaku.mhlw.go.jp/10/index.php?action_kouhyou_detail_004_kani=true&JigyosyoCd=1070108947-00&ServiceCd=430&Type=search" }, "geometry": { "type": "Point", "coordinates": [ 139.109337399999987, 36.4214641 ] } },
{ "type": "Feature", "properties": { "内容": "ツクイ前橋（居宅）【居宅介護支援】群馬県前橋市石倉町5-9-10", "url2": "https://www.kaigokensaku.mhlw.go.jp/10/index.php?action_kouhyou_detail_004_kani=true&JigyosyoCd=1070108988-00&ServiceCd=430&Type=search" }, "geometry": { "type": "Point", "coordinates": [ 139.05403709999996, 36.3920325 ] } },
{ "type": "Feature", "properties": { "内容": "居宅介護支援事業所　蒼空sora【居宅介護支援】群馬県前橋市荒子町1599-10", "url2": "https://www.kaigokensaku.mhlw.go.jp/10/index.php?action_kouhyou_detail_004_kani=true&JigyosyoCd=1070109002-00&ServiceCd=430&Type=search" }, "geometry": { "type": "Point", "coordinates": [ 139.1605635, 36.3892997 ] } },
{ "type": "Feature", "properties": { "内容": "おひさま生活相談室【居宅介護支援】群馬県前橋市昭和町三丁目27番地21-1号", "url2": "https://www.kaigokensaku.mhlw.go.jp/10/index.php?action_kouhyou_detail_004_kani=true&JigyosyoCd=1070109028-00&ServiceCd=430&Type=search" }, "geometry": { "type": "Point", "coordinates": [ 139.059165399999983, 36.405116311742191 ] } },
{ "type": "Feature", "properties": { "内容": "おもいやり居宅介護支援事業所【居宅介護支援】群馬県前橋市下細井町187-5リアンB", "url2": "https://www.kaigokensaku.mhlw.go.jp/10/index.php?action_kouhyou_detail_004_kani=true&JigyosyoCd=1070109036-00&ServiceCd=430&Type=search" }, "geometry": { "type": "Point", "coordinates": [ 139.0786938, 36.4127941 ] } },
{ "type": "Feature", "properties": { "内容": "居宅介護支援事業所松陽【居宅介護支援】群馬県前橋市荒牧町二丁目2番地19シャトーロアール２北１０１号室", "url2": "https://www.kaigokensaku.mhlw.go.jp/10/index.php?action_kouhyou_detail_004_kani=true&JigyosyoCd=1070109069-00&ServiceCd=430&Type=search" }, "geometry": { "type": "Point", "coordinates": [ 139.057763200000011, 36.4217279 ] } },
{ "type": "Feature", "properties": { "内容": "inclusivecaremanagement【居宅介護支援】群馬県前橋市三俣町三丁目３番地５アークツインＢ－２号", "url2": "https://www.kaigokensaku.mhlw.go.jp/10/index.php?action_kouhyou_detail_004_kani=true&JigyosyoCd=1070109051-00&ServiceCd=430&Type=search" }, "geometry": { "type": "Point", "coordinates": [ 139.0816632, 36.4047561 ] } },
{ "type": "Feature", "properties": { "内容": "ケアプランさんぼ【居宅介護支援】群馬県前橋市石倉町三丁目10番地19", "url2": "https://www.kaigokensaku.mhlw.go.jp/10/index.php?action_kouhyou_detail_004_kani=true&JigyosyoCd=1070109085-00&ServiceCd=430&Type=search" }, "geometry": { "type": "Point", "coordinates": [ 139.055136, 36.3866667 ] } },
{ "type": "Feature", "properties": { "内容": "ケアプランセンターぽかぽか【居宅介護支援】群馬県前橋市六供町3-36-2ファーストタウン106", "url2": "https://www.kaigokensaku.mhlw.go.jp/10/index.php?action_kouhyou_detail_004_kani=true&JigyosyoCd=1070109077-00&ServiceCd=430&Type=search" }, "geometry": { "type": "Point", "coordinates": [ 139.077059, 36.3653731 ] } },
{ "type": "Feature", "properties": { "内容": "医療法人前橋北病院ほそい居宅介護支援事業所【居宅介護支援】群馬県前橋市下細井町692前橋北病院内", "url2": "https://www.kaigokensaku.mhlw.go.jp/10/index.php?action_kouhyou_detail_004_kani=true&JigyosyoCd=1070102155-00&ServiceCd=430&Type=search" }, "geometry": { "type": "Point", "coordinates": [ 139.083841900000039, 36.4129399 ] } },
{ "type": "Feature", "properties": { "内容": "四季の杜介護相談室【居宅介護支援】群馬県前橋市下小出町1丁目28-19", "url2": "https://www.kaigokensaku.mhlw.go.jp/10/index.php?action_kouhyou_detail_004_kani=true&JigyosyoCd=1070108335-00&ServiceCd=430&Type=search" }, "geometry": { "type": "Point", "coordinates": [ 139.0667724, 36.4092287 ] } },
{ "type": "Feature", "properties": { "内容": "ケア桃太郎前橋営業所【居宅介護支援】群馬県前橋市下小出町1-29-31　コーポ藤205号", "url2": "https://www.kaigokensaku.mhlw.go.jp/10/index.php?action_kouhyou_detail_004_kani=true&JigyosyoCd=1070102502-00&ServiceCd=430&Type=search" }, "geometry": { "type": "Point", "coordinates": [ 139.065997406116907, 36.409715127613794 ] } },
{ "type": "Feature", "properties": { "内容": "ケアサポートますだ【居宅介護支援】群馬県前橋市下増田町１２０２番地２", "url2": "https://www.kaigokensaku.mhlw.go.jp/10/index.php?action_kouhyou_detail_004_kani=true&JigyosyoCd=1070103054-00&ServiceCd=430&Type=search" }, "geometry": { "type": "Point", "coordinates": [ 139.153148699999946, 36.3450657 ] } },
{ "type": "Feature", "properties": { "内容": "けやき苑居宅介護支援センタ－【居宅介護支援】群馬県前橋市下大島町５９６－１", "url2": "https://www.kaigokensaku.mhlw.go.jp/10/index.php?action_kouhyou_detail_004_kani=true&JigyosyoCd=1070100191-00&ServiceCd=430&Type=search" }, "geometry": { "type": "Point", "coordinates": [ 139.115886199999977, 36.3614249 ] } },
{ "type": "Feature", "properties": { "内容": "前橋市在宅介護支援センター　せきね園【居宅介護支援】群馬県前橋市関根町　668番地", "url2": "https://www.kaigokensaku.mhlw.go.jp/10/index.php?action_kouhyou_detail_004_kani=true&JigyosyoCd=1070100142-00&ServiceCd=430&Type=search" }, "geometry": { "type": "Point", "coordinates": [ 139.0462688, 36.438154800000014 ] } },
{ "type": "Feature", "properties": { "内容": "居宅介護支援センターいしかい【居宅介護支援】群馬県前橋市岩神町２丁目３番5号", "url2": "https://www.kaigokensaku.mhlw.go.jp/10/index.php?action_kouhyou_detail_004_kani=true&JigyosyoCd=1070102965-00&ServiceCd=430&Type=search" }, "geometry": { "type": "Point", "coordinates": [ 139.059210816288783, 36.401102837516817 ] } },
{ "type": "Feature", "properties": { "内容": "在宅介護支援センター岩神【居宅介護支援】群馬県前橋市岩神町２－５－５", "url2": "https://www.kaigokensaku.mhlw.go.jp/10/index.php?action_kouhyou_detail_004_kani=true&JigyosyoCd=1070100241-00&ServiceCd=430&Type=search" }, "geometry": { "type": "Point", "coordinates": [ 139.0581171, 36.4016103 ] } },
{ "type": "Feature", "properties": { "内容": "明風園居宅介護支援事業所【居宅介護支援】群馬県前橋市亀泉町１－２６", "url2": "https://www.kaigokensaku.mhlw.go.jp/10/index.php?action_kouhyou_detail_004_kani=true&JigyosyoCd=1070103500-00&ServiceCd=430&Type=search" }, "geometry": { "type": "Point", "coordinates": [ 139.126747499999965, 36.404798 ] } },
{ "type": "Feature", "properties": { "内容": "ほのぼの荘【居宅介護支援】群馬県前橋市金丸町252-1", "url2": "https://www.kaigokensaku.mhlw.go.jp/10/index.php?action_kouhyou_detail_004_kani=true&JigyosyoCd=1070100027-00&ServiceCd=430&Type=search" }, "geometry": { "type": "Point", "coordinates": [ 139.125477300000057, 36.4684755 ] } },
{ "type": "Feature", "properties": { "内容": "エムダブルエス日高元総社【居宅介護支援】群馬県前橋市元総社町1213-2元総社公社賃貸住宅", "url2": "https://www.kaigokensaku.mhlw.go.jp/10/index.php?action_kouhyou_detail_004_kani=true&JigyosyoCd=1070105125-00&ServiceCd=430&Type=search" }, "geometry": { "type": "Point", "coordinates": [ 139.028310044474779, 36.385910807701158 ] } },
{ "type": "Feature", "properties": { "内容": "居宅介護支援事業所　里のうさぎ【居宅介護支援】群馬県前橋市元総社町143番地上信コーポ312号室", "url2": "https://www.kaigokensaku.mhlw.go.jp/10/index.php?action_kouhyou_detail_004_kani=true&JigyosyoCd=1070107519-00&ServiceCd=430&Type=search" }, "geometry": { "type": "Point", "coordinates": [ 139.046099300000037, 36.380963 ] } },
{ "type": "Feature", "properties": { "内容": "前橋川原ケースマネジメント【居宅介護支援】群馬県前橋市元総社町９９２番地１７", "url2": "https://www.kaigokensaku.mhlw.go.jp/10/index.php?action_kouhyou_detail_004_kani=true&JigyosyoCd=1070102825-00&ServiceCd=430&Type=search" }, "geometry": { "type": "Point", "coordinates": [ 139.027584901747105, 36.379916907953501 ] } },
{ "type": "Feature", "properties": { "内容": "株式会社ケア・グループ【居宅介護支援】群馬県前橋市元総社町一丁目７－５", "url2": "https://www.kaigokensaku.mhlw.go.jp/10/index.php?action_kouhyou_detail_004_kani=true&JigyosyoCd=1070101140-00&ServiceCd=430&Type=search" }, "geometry": { "type": "Point", "coordinates": [ 139.043246700000026, 36.3855178 ] } },
{ "type": "Feature", "properties": { "内容": "居宅介護支援事業所コスモス苑【居宅介護支援】群馬県前橋市光が丘町１１番地３", "url2": "https://www.kaigokensaku.mhlw.go.jp/10/index.php?action_kouhyou_detail_004_kani=true&JigyosyoCd=1070104441-00&ServiceCd=430&Type=search" }, "geometry": { "type": "Point", "coordinates": [ 139.057684699999982, 36.371187 ] } },
{ "type": "Feature", "properties": { "内容": "ビハーラ寿苑居宅介護支援センター【居宅介護支援】群馬県前橋市江木町1072", "url2": "https://www.kaigokensaku.mhlw.go.jp/10/index.php?action_kouhyou_detail_004_kani=true&JigyosyoCd=1070101116-00&ServiceCd=430&Type=search" }, "geometry": { "type": "Point", "coordinates": [ 139.138734600000021, 36.3998073 ] } },
{ "type": "Feature", "properties": { "内容": "やすらぎ園居宅介護支援事業所【居宅介護支援】群馬県前橋市江木町1225-1", "url2": "https://www.kaigokensaku.mhlw.go.jp/10/index.php?action_kouhyou_detail_004_kani=true&JigyosyoCd=1070100290-00&ServiceCd=430&Type=search" }, "geometry": { "type": "Point", "coordinates": [ 139.133257599999979, 36.4064396 ] } },
{ "type": "Feature", "properties": { "内容": "居宅介護支援事業所やまと【居宅介護支援】群馬県前橋市江木町76番地", "url2": "https://www.kaigokensaku.mhlw.go.jp/10/index.php?action_kouhyou_detail_004_kani=true&JigyosyoCd=1070107584-00&ServiceCd=430&Type=search" }, "geometry": { "type": "Point", "coordinates": [ 139.131359609786955, 36.387929845456881 ] } },
{ "type": "Feature", "properties": { "内容": "独立行政法人地域医療機能推進機構群馬中央病院附属居宅介護支援センター【居宅介護支援】群馬県前橋市紅雲町一丁目７番13号", "url2": "https://www.kaigokensaku.mhlw.go.jp/10/index.php?action_kouhyou_detail_004_kani=true&JigyosyoCd=1070100282-00&ServiceCd=430&Type=search" }, "geometry": { "type": "Point", "coordinates": [ 139.061063463047503, 36.385968059160113 ] } },
{ "type": "Feature", "properties": { "内容": "パナケア真中㈱前橋居宅介護支援事業所【居宅介護支援】群馬県前橋市荒牧町1-15-4", "url2": "https://www.kaigokensaku.mhlw.go.jp/10/index.php?action_kouhyou_detail_004_kani=true&JigyosyoCd=1070101033-00&ServiceCd=430&Type=search" }, "geometry": { "type": "Point", "coordinates": [ 139.0606682, 36.4269371 ] } },
{ "type": "Feature", "properties": { "内容": "居宅介護支援事業所孫の手・ぐんま中央【居宅介護支援】群馬県前橋市荒牧町1丁目34番地10", "url2": "https://www.kaigokensaku.mhlw.go.jp/10/index.php?action_kouhyou_detail_004_kani=true&JigyosyoCd=1070107238-00&ServiceCd=430&Type=search" }, "geometry": { "type": "Point", "coordinates": [ 139.058096, 36.4292478 ] } },
{ "type": "Feature", "properties": { "内容": "ニコットプラン前橋【居宅介護支援】群馬県前橋市三俣町3丁目30番地33階", "url2": "https://www.kaigokensaku.mhlw.go.jp/10/index.php?action_kouhyou_detail_004_kani=true&JigyosyoCd=1070106693-00&ServiceCd=430&Type=search" }, "geometry": { "type": "Point", "coordinates": [ 139.085160517196641, 36.399651363041514 ] } },
{ "type": "Feature", "properties": { "内容": "介護老人保健施設　山王ライフ【居宅介護支援】群馬県前橋市山王町133番地", "url2": "https://www.kaigokensaku.mhlw.go.jp/10/index.php?action_kouhyou_detail_004_kani=true&JigyosyoCd=1050180098-00&ServiceCd=430&Type=search" }, "geometry": { "type": "Point", "coordinates": [ 139.124543300000028, 36.3500372 ] } },
{ "type": "Feature", "properties": { "内容": "プランセンターあすなろ【居宅介護支援】群馬県前橋市山王町一丁目３番地４", "url2": "https://www.kaigokensaku.mhlw.go.jp/10/index.php?action_kouhyou_detail_004_kani=true&JigyosyoCd=1070104623-00&ServiceCd=430&Type=search" }, "geometry": { "type": "Point", "coordinates": [ 139.115753, 36.3539507 ] } },
{ "type": "Feature", "properties": { "内容": "居宅介護支援事業所ウィル【居宅介護支援】群馬県前橋市山王町二丁目20番地16医療法人　大山クリニック内", "url2": "https://www.kaigokensaku.mhlw.go.jp/10/index.php?action_kouhyou_detail_004_kani=true&JigyosyoCd=1070108343-00&ServiceCd=430&Type=search" }, "geometry": { "type": "Point", "coordinates": [ 139.1275005, 36.3498209 ] } },
{ "type": "Feature", "properties": { "内容": "宮城の里居宅介護支援事業所【居宅介護支援】群馬県前橋市市之関町４０１", "url2": "https://www.kaigokensaku.mhlw.go.jp/10/index.php?action_kouhyou_detail_004_kani=true&JigyosyoCd=1070106578-00&ServiceCd=430&Type=search" }, "geometry": { "type": "Point", "coordinates": [ 139.14839846655903, 36.453119100656224 ] } },
{ "type": "Feature", "properties": { "内容": "株式会社サンケア【居宅介護支援】群馬県前橋市住吉町二丁目２番２号", "url2": "https://www.kaigokensaku.mhlw.go.jp/10/index.php?action_kouhyou_detail_004_kani=true&JigyosyoCd=1070100100-00&ServiceCd=430&Type=search" }, "geometry": { "type": "Point", "coordinates": [ 139.070805, 36.3956198 ] } },
{ "type": "Feature", "properties": { "内容": "居宅介護支援事業所すみよし【居宅介護支援】群馬県前橋市住吉町２丁目６番１１号", "url2": "https://www.kaigokensaku.mhlw.go.jp/10/index.php?action_kouhyou_detail_004_kani=true&JigyosyoCd=1070104565-00&ServiceCd=430&Type=search" }, "geometry": { "type": "Point", "coordinates": [ 139.070552200000066, 36.3963308 ] } },
{ "type": "Feature", "properties": { "内容": "居宅介護支援事業所　きせ【居宅介護支援】群馬県前橋市小屋原町977-3", "url2": "https://www.kaigokensaku.mhlw.go.jp/10/index.php?action_kouhyou_detail_004_kani=true&JigyosyoCd=1070101413-00&ServiceCd=430&Type=search" }, "geometry": { "type": "Point", "coordinates": [ 139.141269, 36.3553565 ] } },
{ "type": "Feature", "properties": { "内容": "老人保健施設一羊館居宅介護支援事業所【居宅介護支援】群馬県前橋市小坂子町1012-5", "url2": "https://www.kaigokensaku.mhlw.go.jp/10/index.php?action_kouhyou_detail_004_kani=true&JigyosyoCd=1070101132-00&ServiceCd=430&Type=search" }, "geometry": { "type": "Point", "coordinates": [ 139.115393400000016, 36.4228755 ] } },
{ "type": "Feature", "properties": { "内容": "ほたか居宅介護支援事業所【居宅介護支援】群馬県前橋市昭和町三丁目11-18", "url2": "https://www.kaigokensaku.mhlw.go.jp/10/index.php?action_kouhyou_detail_004_kani=true&JigyosyoCd=1070102874-00&ServiceCd=430&Type=search" }, "geometry": { "type": "Point", "coordinates": [ 139.010009010836853, 36.405530464339158 ] } },
{ "type": "Feature", "properties": { "内容": "ライフ・リレーション【居宅介護支援】群馬県前橋市昭和町三丁目12-15", "url2": "https://www.kaigokensaku.mhlw.go.jp/10/index.php?action_kouhyou_detail_004_kani=true&JigyosyoCd=1070107022-00&ServiceCd=430&Type=search" }, "geometry": { "type": "Point", "coordinates": [ 139.062438347781267, 36.405891594287823 ] } },
{ "type": "Feature", "properties": { "内容": "在宅介護支援センター春日の里【居宅介護支援】群馬県前橋市上佐鳥町774番地", "url2": "https://www.kaigokensaku.mhlw.go.jp/10/index.php?action_kouhyou_detail_004_kani=true&JigyosyoCd=1070100209-00&ServiceCd=430&Type=search" }, "geometry": { "type": "Point", "coordinates": [ 139.083955, 36.3557527 ] } },
{ "type": "Feature", "properties": { "内容": "介護支援センターおやこ【居宅介護支援】群馬県前橋市上小出町1－33－5", "url2": "https://www.kaigokensaku.mhlw.go.jp/10/index.php?action_kouhyou_detail_004_kani=true&JigyosyoCd=1070107196-00&ServiceCd=430&Type=search" }, "geometry": { "type": "Point", "coordinates": [ 139.061098225157338, 36.413133152897352 ] } },
{ "type": "Feature", "properties": { "内容": "居宅介護支援事業所あずま荘【居宅介護支援】群馬県前橋市上新田町６０３－１", "url2": "https://www.kaigokensaku.mhlw.go.jp/10/index.php?action_kouhyou_detail_004_kani=true&JigyosyoCd=1070100449-00&ServiceCd=430&Type=search" }, "geometry": { "type": "Point", "coordinates": [ 139.060476200000039, 36.3681624 ] } },
{ "type": "Feature", "properties": { "内容": "群馬県看護協会訪問看護ステーション居宅介護支援事業所【居宅介護支援】群馬県前橋市上泉町1858番地7", "url2": "https://www.kaigokensaku.mhlw.go.jp/10/index.php?action_kouhyou_detail_004_kani=true&JigyosyoCd=1070100951-00&ServiceCd=430&Type=search" }, "geometry": { "type": "Point", "coordinates": [ 139.1217871, 36.4079113 ] } },
{ "type": "Feature", "properties": { "内容": "こぐま舘居宅介護支援事業所【居宅介護支援】群馬県前橋市上泉町６７７－２", "url2": "https://www.kaigokensaku.mhlw.go.jp/10/index.php?action_kouhyou_detail_004_kani=true&JigyosyoCd=1070104045-00&ServiceCd=430&Type=search" }, "geometry": { "type": "Point", "coordinates": [ 139.101601399999936, 36.3971315 ] } },
{ "type": "Feature", "properties": { "内容": "ふれんずケアプラン【居宅介護支援】群馬県前橋市上増田町５６６", "url2": "https://www.kaigokensaku.mhlw.go.jp/10/index.php?action_kouhyou_detail_004_kani=true&JigyosyoCd=1070102726-00&ServiceCd=430&Type=search" }, "geometry": { "type": "Point", "coordinates": [ 139.148662599999966, 36.3541456 ] } },
{ "type": "Feature", "properties": { "内容": "上毛の里介護支援センター【居宅介護支援】群馬県前橋市上増田町６００番地", "url2": "https://www.kaigokensaku.mhlw.go.jp/10/index.php?action_kouhyou_detail_004_kani=true&JigyosyoCd=1070100217-00&ServiceCd=430&Type=search" }, "geometry": { "type": "Point", "coordinates": [ 139.149270900000033, 36.3525874 ] } },
{ "type": "Feature", "properties": { "内容": "きずな居宅介護支援事業所【居宅介護支援】群馬県前橋市上大屋町365-19", "url2": "https://www.kaigokensaku.mhlw.go.jp/10/index.php?action_kouhyou_detail_004_kani=true&JigyosyoCd=1070107600-00&ServiceCd=430&Type=search" }, "geometry": { "type": "Point", "coordinates": [ 139.174002599999966, 36.4055281 ] } },
{ "type": "Feature", "properties": { "内容": "ケアプランやよい【居宅介護支援】群馬県前橋市城東町五丁目2番6号", "url2": "https://www.kaigokensaku.mhlw.go.jp/10/index.php?action_kouhyou_detail_004_kani=true&JigyosyoCd=1070108020-00&ServiceCd=430&Type=search" }, "geometry": { "type": "Point", "coordinates": [ 139.0799166, 36.3930479 ] } },
{ "type": "Feature", "properties": { "内容": "県央福祉ケアプラン【居宅介護支援】群馬県前橋市新前橋町18番地48ひいらぎ駅前ビル2Ｆ", "url2": "https://www.kaigokensaku.mhlw.go.jp/10/index.php?action_kouhyou_detail_004_kani=true&JigyosyoCd=1070107667-00&ServiceCd=430&Type=search" }, "geometry": { "type": "Point", "coordinates": [ 139.048255, 36.3788101 ] } },
{ "type": "Feature", "properties": { "内容": "わかば病院居宅介護支援事業所【居宅介護支援】群馬県前橋市新前橋町4-4", "url2": "https://www.kaigokensaku.mhlw.go.jp/10/index.php?action_kouhyou_detail_004_kani=true&JigyosyoCd=1070102817-00&ServiceCd=430&Type=search" }, "geometry": { "type": "Point", "coordinates": [ 139.053348966795312, 36.380683518089846 ] } },
{ "type": "Feature", "properties": { "内容": "居宅介護支援事業所　リハ・エイド【居宅介護支援】群馬県前橋市新堀町819番地2", "url2": "https://www.kaigokensaku.mhlw.go.jp/10/index.php?action_kouhyou_detail_004_kani=true&JigyosyoCd=1070107261-00&ServiceCd=430&Type=search" }, "geometry": { "type": "Point", "coordinates": [ 139.093876799999947, 36.3262555 ] } },
{ "type": "Feature", "properties": { "内容": "有限会社　ケア青い鳥【居宅介護支援】群馬県前橋市西大室町2431-2番地一戸建", "url2": "https://www.kaigokensaku.mhlw.go.jp/10/index.php?action_kouhyou_detail_004_kani=true&JigyosyoCd=1070101611-00&ServiceCd=430&Type=search" }, "geometry": { "type": "Point", "coordinates": [ 139.195353399999959, 36.3847962 ] } },
{ "type": "Feature", "properties": { "内容": "居宅介護支援事業所かりん【居宅介護支援】群馬県前橋市西片貝町1丁目313-5新昇マンション201", "url2": "https://www.kaigokensaku.mhlw.go.jp/10/index.php?action_kouhyou_detail_004_kani=true&JigyosyoCd=1070103856-00&ServiceCd=430&Type=search" }, "geometry": { "type": "Point", "coordinates": [ 139.0948372, 36.3957175 ] } },
{ "type": "Feature", "properties": { "内容": "SOMPOケア　前橋　居宅介護支援【居宅介護支援】群馬県前橋市西片貝町五丁目１９番地６号EAST　STREET　南棟A号室", "url2": "https://www.kaigokensaku.mhlw.go.jp/10/index.php?action_kouhyou_detail_004_kani=true&JigyosyoCd=1070108426-00&ServiceCd=430&Type=search" }, "geometry": { "type": "Point", "coordinates": [ 139.088652687997211, 36.389035299926078 ] } },
{ "type": "Feature", "properties": { "内容": "ケアプランセンターあゆいーね【居宅介護支援】群馬県前橋市西片貝町二丁目１１６番地３藤ハイツB２０２", "url2": "https://www.kaigokensaku.mhlw.go.jp/10/index.php?action_kouhyou_detail_004_kani=true&JigyosyoCd=1070107725-00&ServiceCd=430&Type=search" }, "geometry": { "type": "Point", "coordinates": [ 139.09296130000007, 36.3916959 ] } },
{ "type": "Feature", "properties": { "内容": "ひより居宅介護支援センター【居宅介護支援】群馬県前橋市青柳町379-1", "url2": "https://www.kaigokensaku.mhlw.go.jp/10/index.php?action_kouhyou_detail_004_kani=true&JigyosyoCd=1070105877-00&ServiceCd=430&Type=search" }, "geometry": { "type": "Point", "coordinates": [ 139.059853703293754, 36.423332159147613 ] } },
{ "type": "Feature", "properties": { "内容": "社会福祉法人　清栄会　清里荘【居宅介護支援】群馬県前橋市青梨子町５０３", "url2": "https://www.kaigokensaku.mhlw.go.jp/10/index.php?action_kouhyou_detail_004_kani=true&JigyosyoCd=1070100167-00&ServiceCd=430&Type=search" }, "geometry": { "type": "Point", "coordinates": [ 139.016675699999951, 36.4134354 ] } },
{ "type": "Feature", "properties": { "内容": "まごころハウス【居宅介護支援】群馬県前橋市総社町桜が丘１０３５－３", "url2": "https://www.kaigokensaku.mhlw.go.jp/10/index.php?action_kouhyou_detail_004_kani=true&JigyosyoCd=1070100332-00&ServiceCd=430&Type=search" }, "geometry": { "type": "Point", "coordinates": [ 139.0318867, 36.4233253 ] } },
{ "type": "Feature", "properties": { "内容": "居宅介護支援センターおうみ【居宅介護支援】群馬県前橋市総社町総社２６２８", "url2": "https://www.kaigokensaku.mhlw.go.jp/10/index.php?action_kouhyou_detail_004_kani=true&JigyosyoCd=1070103906-00&ServiceCd=430&Type=search" }, "geometry": { "type": "Point", "coordinates": [ 139.033238293917833, 36.39599606123496 ] } },
{ "type": "Feature", "properties": { "内容": "ケアプランセンター　FIRST【居宅介護支援】群馬県前橋市総社町2丁目8-5リベラパレスB201", "url2": "https://www.kaigokensaku.mhlw.go.jp/10/index.php?action_kouhyou_detail_004_kani=true&JigyosyoCd=1070108368-00&ServiceCd=430&Type=search" }, "geometry": { "type": "Point", "coordinates": [ 139.044879084590434, 36.404801020104671 ] } },
{ "type": "Feature", "properties": { "内容": "ウェルスタイル前橋居宅介護支援事業所【居宅介護支援】群馬県前橋市大渡町１－２２－７", "url2": "https://www.kaigokensaku.mhlw.go.jp/10/index.php?action_kouhyou_detail_004_kani=true&JigyosyoCd=1070104912-00&ServiceCd=430&Type=search" }, "geometry": { "type": "Point", "coordinates": [ 139.048497867706232, 36.40067689938509 ] } },
{ "type": "Feature", "properties": { "内容": "ケアプランセンター老研【居宅介護支援】群馬県前橋市大友町三丁目２２－９", "url2": "https://www.kaigokensaku.mhlw.go.jp/10/index.php?action_kouhyou_detail_004_kani=true&JigyosyoCd=1070100258-00&ServiceCd=430&Type=search" }, "geometry": { "type": "Point", "coordinates": [ 139.041682700000024, 36.3925306 ] } },
{ "type": "Feature", "properties": { "内容": "ケアプランなつめ【居宅介護支援】群馬県前橋市大友町2-10-9", "url2": "https://www.kaigokensaku.mhlw.go.jp/10/index.php?action_kouhyou_detail_004_kani=true&JigyosyoCd=1070107980-00&ServiceCd=430&Type=search" }, "geometry": { "type": "Point", "coordinates": [ 139.048115700000011, 36.3905467 ] } },
{ "type": "Feature", "properties": { "内容": "居宅介護支援事業所クレスト【居宅介護支援】群馬県前橋市大友町2-29-28あさひレジデンス大友201", "url2": "https://www.kaigokensaku.mhlw.go.jp/10/index.php?action_kouhyou_detail_004_kani=true&JigyosyoCd=1070107840-00&ServiceCd=430&Type=search" }, "geometry": { "type": "Point", "coordinates": [ 139.049072183488448, 36.393445100163639 ] } },
{ "type": "Feature", "properties": { "内容": "前橋ケアプラザ【居宅介護支援】群馬県前橋市大利根町1丁目38番地7CIT大利根ビル201", "url2": "https://www.kaigokensaku.mhlw.go.jp/10/index.php?action_kouhyou_detail_004_kani=true&JigyosyoCd=1070108038-00&ServiceCd=430&Type=search" }, "geometry": { "type": "Point", "coordinates": [ 139.0592344, 36.3615914 ] } },
{ "type": "Feature", "properties": { "内容": "居宅介護支援室フルール【居宅介護支援】群馬県前橋市池端町621番地4", "url2": "https://www.kaigokensaku.mhlw.go.jp/10/index.php?action_kouhyou_detail_004_kani=true&JigyosyoCd=1070106347-00&ServiceCd=430&Type=search" }, "geometry": { "type": "Point", "coordinates": [ 139.00775861240308, 36.428394734717912 ] } },
{ "type": "Feature", "properties": { "内容": "ＪＡ前橋市居宅介護支援事業所【居宅介護支援】群馬県前橋市中内町４０－４", "url2": "https://www.kaigokensaku.mhlw.go.jp/10/index.php?action_kouhyou_detail_004_kani=true&JigyosyoCd=1070100464-00&ServiceCd=430&Type=search" }, "geometry": { "type": "Point", "coordinates": [ 139.119954489257793, 36.345290584168175 ] } },
{ "type": "Feature", "properties": { "内容": "在宅介護支援センター朝倉【居宅介護支援】群馬県前橋市朝倉町831-1", "url2": "https://www.kaigokensaku.mhlw.go.jp/10/index.php?action_kouhyou_detail_004_kani=true&JigyosyoCd=1070100084-00&ServiceCd=430&Type=search" }, "geometry": { "type": "Point", "coordinates": [ 139.08546253930939, 36.369714877249159 ] } },
{ "type": "Feature", "properties": { "内容": "居宅介護支援事業所　ほなみ【居宅介護支援】群馬県前橋市朝倉町842-1", "url2": "https://www.kaigokensaku.mhlw.go.jp/10/index.php?action_kouhyou_detail_004_kani=true&JigyosyoCd=1070108442-00&ServiceCd=430&Type=search" }, "geometry": { "type": "Point", "coordinates": [ 139.0869971, 36.3699479 ] } },
{ "type": "Feature", "properties": { "内容": "居宅介護支援事業所　ハンドツーハンド【居宅介護支援】群馬県前橋市朝倉町947番地1", "url2": "https://www.kaigokensaku.mhlw.go.jp/10/index.php?action_kouhyou_detail_004_kani=true&JigyosyoCd=1070103609-00&ServiceCd=430&Type=search" }, "geometry": { "type": "Point", "coordinates": [ 139.087850387188752, 36.367637546679056 ] } },
{ "type": "Feature", "properties": { "内容": "ケアプランゆたか【居宅介護支援】群馬県前橋市天川大島町124-1ひまわりタウンＡ棟２号", "url2": "https://www.kaigokensaku.mhlw.go.jp/10/index.php?action_kouhyou_detail_004_kani=true&JigyosyoCd=1070107220-00&ServiceCd=430&Type=search" }, "geometry": { "type": "Point", "coordinates": [ 139.104310706745878, 36.367986304364003 ] } },
{ "type": "Feature", "properties": { "内容": "かけはし居宅介護支援事業所【居宅介護支援】群馬県前橋市天川大島町５７－１", "url2": "https://www.kaigokensaku.mhlw.go.jp/10/index.php?action_kouhyou_detail_004_kani=true&JigyosyoCd=1070106016-00&ServiceCd=430&Type=search" }, "geometry": { "type": "Point", "coordinates": [ 139.107704989024313, 36.365022545038755 ] } },
{ "type": "Feature", "properties": { "内容": "やまきケアマネジメント【居宅介護支援】群馬県前橋市天川大島町三丁目10番地１", "url2": "https://www.kaigokensaku.mhlw.go.jp/10/index.php?action_kouhyou_detail_004_kani=true&JigyosyoCd=1070105679-00&ServiceCd=430&Type=search" }, "geometry": { "type": "Point", "coordinates": [ 139.102229599999987, 36.3808502 ] } },
{ "type": "Feature", "properties": { "内容": "ケアプランセンターあい【居宅介護支援】群馬県前橋市天川大島町3－17-24", "url2": "https://www.kaigokensaku.mhlw.go.jp/10/index.php?action_kouhyou_detail_004_kani=true&JigyosyoCd=1070106875-00&ServiceCd=430&Type=search" }, "geometry": { "type": "Point", "coordinates": [ 139.103233277909794, 36.377122604951161 ] } },
{ "type": "Feature", "properties": { "内容": "居宅介護支援事業所　えいめい【居宅介護支援】群馬県前橋市天川大島町三丁目７０５番地", "url2": "https://www.kaigokensaku.mhlw.go.jp/10/index.php?action_kouhyou_detail_004_kani=true&JigyosyoCd=1070101322-00&ServiceCd=430&Type=search" }, "geometry": { "type": "Point", "coordinates": [ 139.108023300000013, 36.3770536 ] } },
{ "type": "Feature", "properties": { "内容": "居宅介護支援事業所　　いちか【居宅介護支援】群馬県前橋市東上野町139-1", "url2": "https://www.kaigokensaku.mhlw.go.jp/10/index.php?action_kouhyou_detail_004_kani=true&JigyosyoCd=1070104151-00&ServiceCd=430&Type=search" }, "geometry": { "type": "Point", "coordinates": [ 139.1266564, 36.3829618 ] } },
{ "type": "Feature", "properties": { "内容": "ケアマネジメント片貝【居宅介護支援】群馬県前橋市東片貝町97番地7", "url2": "https://www.kaigokensaku.mhlw.go.jp/10/index.php?action_kouhyou_detail_004_kani=true&JigyosyoCd=1070107097-00&ServiceCd=430&Type=search" }, "geometry": { "type": "Point", "coordinates": [ 139.103116584432968, 36.389379718046627 ] } },
{ "type": "Feature", "properties": { "内容": "ケアサポート栞【居宅介護支援】群馬県前橋市南町３丁目21－3松本ビル２F", "url2": "https://www.kaigokensaku.mhlw.go.jp/10/index.php?action_kouhyou_detail_004_kani=true&JigyosyoCd=1070107790-00&ServiceCd=430&Type=search" }, "geometry": { "type": "Point", "coordinates": [ 139.076351320386152, 36.38188755422064 ] } },
{ "type": "Feature", "properties": { "内容": "接骨師介護センター南部【居宅介護支援】群馬県前橋市南町三丁目39-8", "url2": "https://www.kaigokensaku.mhlw.go.jp/10/index.php?action_kouhyou_detail_004_kani=true&JigyosyoCd=1070102916-00&ServiceCd=430&Type=search" }, "geometry": { "type": "Point", "coordinates": [ 139.070633107754617, 36.381985097173533 ] } },
{ "type": "Feature", "properties": { "内容": "エフビー居宅介護支援事業所前橋【居宅介護支援】群馬県前橋市南町二丁目43番地5シェ・モワ前橋103号", "url2": "https://www.kaigokensaku.mhlw.go.jp/10/index.php?action_kouhyou_detail_004_kani=true&JigyosyoCd=1070106321-00&ServiceCd=430&Type=search" }, "geometry": { "type": "Point", "coordinates": [ 139.06667988220903, 36.375797870444302 ] } },
{ "type": "Feature", "properties": { "内容": "群馬県看護協会前橋南居宅介護支援事業所【居宅介護支援】群馬県前橋市南町2丁目65-13", "url2": "https://www.kaigokensaku.mhlw.go.jp/10/index.php?action_kouhyou_detail_004_kani=true&JigyosyoCd=1070106651-00&ServiceCd=430&Type=search" }, "geometry": { "type": "Point", "coordinates": [ 139.068486399999983, 36.373683899999989 ] } },
{ "type": "Feature", "properties": { "内容": "前橋市社会福祉協議会居宅介護支援事業所【居宅介護支援】群馬県前橋市日吉町2-17-10前橋市総合福祉会館３階", "url2": "https://www.kaigokensaku.mhlw.go.jp/10/index.php?action_kouhyou_detail_004_kani=true&JigyosyoCd=1070100092-00&ServiceCd=430&Type=search" }, "geometry": { "type": "Point", "coordinates": [ 139.079629100000034, 36.3983141 ] } },
{ "type": "Feature", "properties": { "内容": "社会福祉法人　恵風会　恵風園【居宅介護支援】群馬県前橋市日吉町２－２０－１４", "url2": "https://www.kaigokensaku.mhlw.go.jp/10/index.php?action_kouhyou_detail_004_kani=true&JigyosyoCd=1070100225-00&ServiceCd=430&Type=search" }, "geometry": { "type": "Point", "coordinates": [ 139.079490399999941, 36.3951617 ] } },
{ "type": "Feature", "properties": { "内容": "介護支援センター創春館【居宅介護支援】群馬県前橋市日輪寺町342‐1", "url2": "https://www.kaigokensaku.mhlw.go.jp/10/index.php?action_kouhyou_detail_004_kani=true&JigyosyoCd=1070102932-00&ServiceCd=430&Type=search" }, "geometry": { "type": "Point", "coordinates": [ 139.062602892065456, 36.432343714957504 ] } },
{ "type": "Feature", "properties": { "内容": "居宅介護支援事業所あゆみの里【居宅介護支援】群馬県前橋市柏倉町2189-223", "url2": "https://www.kaigokensaku.mhlw.go.jp/10/index.php?action_kouhyou_detail_004_kani=true&JigyosyoCd=1072000605-00&ServiceCd=430&Type=search" }, "geometry": { "type": "Point", "coordinates": [ 139.171544400000016, 36.4608611 ] } },
{ "type": "Feature", "properties": { "内容": "居宅介護支援事業所　元気の郷【居宅介護支援】群馬県前橋市粕川町月田４００番地", "url2": "https://www.kaigokensaku.mhlw.go.jp/10/index.php?action_kouhyou_detail_004_kani=true&JigyosyoCd=1072000795-00&ServiceCd=430&Type=search" }, "geometry": { "type": "Point", "coordinates": [ 139.206026699999939, 36.4313851 ] } },
{ "type": "Feature", "properties": { "内容": "居宅介護支援事業所長屋【居宅介護支援】群馬県前橋市粕川町女渕1115-3", "url2": "https://www.kaigokensaku.mhlw.go.jp/10/index.php?action_kouhyou_detail_004_kani=true&JigyosyoCd=1070104847-00&ServiceCd=430&Type=search" }, "geometry": { "type": "Point", "coordinates": [ 139.203563700000018, 36.4092072 ] } },
{ "type": "Feature", "properties": { "内容": "居宅介護支援事業所明光園【居宅介護支援】群馬県前橋市樋越町19-1明光園", "url2": "https://www.kaigokensaku.mhlw.go.jp/10/index.php?action_kouhyou_detail_004_kani=true&JigyosyoCd=1070107931-00&ServiceCd=430&Type=search" }, "geometry": { "type": "Point", "coordinates": [ 139.181655400000011, 36.4130126 ] } },
{ "type": "Feature", "properties": { "内容": "居宅介護支援事業所　シャリティエまえばし【居宅介護支援】群馬県前橋市表町二丁目18-8", "url2": "https://www.kaigokensaku.mhlw.go.jp/10/index.php?action_kouhyou_detail_004_kani=true&JigyosyoCd=1070101801-00&ServiceCd=430&Type=search" }, "geometry": { "type": "Point", "coordinates": [ 139.0731551, 36.3857878 ] } },
{ "type": "Feature", "properties": { "内容": "居宅介護支援事業所　花びより【居宅介護支援】群馬県前橋市苗ケ島町1552-2", "url2": "https://www.kaigokensaku.mhlw.go.jp/10/index.php?action_kouhyou_detail_004_kani=true&JigyosyoCd=1070106529-00&ServiceCd=430&Type=search" }, "geometry": { "type": "Point", "coordinates": [ 139.1935085, 36.4508852 ] } },
{ "type": "Feature", "properties": { "内容": "居宅介護支援室みゅーず【居宅介護支援】群馬県前橋市富士見町時沢1365番地2", "url2": "https://www.kaigokensaku.mhlw.go.jp/10/index.php?action_kouhyou_detail_004_kani=true&JigyosyoCd=1072000951-00&ServiceCd=430&Type=search" }, "geometry": { "type": "Point", "coordinates": [ 139.095512, 36.428999 ] } },
{ "type": "Feature", "properties": { "内容": "居宅介護支援事業所ミント【居宅介護支援】群馬県前橋市富士見町漆窪16番地", "url2": "https://www.kaigokensaku.mhlw.go.jp/10/index.php?action_kouhyou_detail_004_kani=true&JigyosyoCd=1070105745-00&ServiceCd=430&Type=search" }, "geometry": { "type": "Point", "coordinates": [ 139.070624274868806, 36.459235565224311 ] } },
{ "type": "Feature", "properties": { "内容": "ふじみ居宅介護支援センター【居宅介護支援】群馬県前橋市富士見町小沢117地2", "url2": "https://www.kaigokensaku.mhlw.go.jp/10/index.php?action_kouhyou_detail_004_kani=true&JigyosyoCd=1072000209-00&ServiceCd=430&Type=search" }, "geometry": { "type": "Point", "coordinates": [ 139.085515137434413, 36.455112386131454 ] } },
{ "type": "Feature", "properties": { "内容": "ＪＡ群馬厚生連【居宅介護支援】群馬県前橋市富士見町小沢534番地9", "url2": "https://www.kaigokensaku.mhlw.go.jp/10/index.php?action_kouhyou_detail_004_kani=true&JigyosyoCd=1072000431-00&ServiceCd=430&Type=search" }, "geometry": { "type": "Point", "coordinates": [ 139.076624199999969, 36.4431382 ] } },
{ "type": "Feature", "properties": { "内容": "富士見ケアマネジメント【居宅介護支援】群馬県前橋市富士見町小暮1588番地9", "url2": "https://www.kaigokensaku.mhlw.go.jp/10/index.php?action_kouhyou_detail_004_kani=true&JigyosyoCd=1070108327-00&ServiceCd=430&Type=search" }, "geometry": { "type": "Point", "coordinates": [ 139.0912544, 36.4491939 ] } },
{ "type": "Feature", "properties": { "内容": "ケアプランセンター蒼（そら）【居宅介護支援】群馬県前橋市富士見町石井1034番地7", "url2": "https://www.kaigokensaku.mhlw.go.jp/10/index.php?action_kouhyou_detail_004_kani=true&JigyosyoCd=1070108053-00&ServiceCd=430&Type=search" }, "geometry": { "type": "Point", "coordinates": [ 139.083381538397589, 36.458411321893045 ] } },
{ "type": "Feature", "properties": { "内容": "すみれ荘居宅介護支援事業所【居宅介護支援】群馬県前橋市富田町1180-1", "url2": "https://www.kaigokensaku.mhlw.go.jp/10/index.php?action_kouhyou_detail_004_kani=true&JigyosyoCd=1070100977-00&ServiceCd=430&Type=search" }, "geometry": { "type": "Point", "coordinates": [ 139.146308699999963, 36.3926945 ] } },
{ "type": "Feature", "properties": { "内容": "居宅介護支援事業所桜桃園【居宅介護支援】群馬県前橋市房丸町48-1", "url2": "https://www.kaigokensaku.mhlw.go.jp/10/index.php?action_kouhyou_detail_004_kani=true&JigyosyoCd=1070103229-00&ServiceCd=430&Type=search" }, "geometry": { "type": "Point", "coordinates": [ 139.111950900000011, 36.3388076 ] } },
{ "type": "Feature", "properties": { "内容": "あなたサポート【居宅介護支援】群馬県前橋市北代田町597番地5", "url2": "https://www.kaigokensaku.mhlw.go.jp/10/index.php?action_kouhyou_detail_004_kani=true&JigyosyoCd=1070108046-00&ServiceCd=430&Type=search" }, "geometry": { "type": "Point", "coordinates": [ 139.075612400000011, 36.4088706 ] } },
{ "type": "Feature", "properties": { "内容": "株式会社小池ケアサービス【居宅介護支援】群馬県前橋市本町三丁目1番23号", "url2": "https://www.kaigokensaku.mhlw.go.jp/10/index.php?action_kouhyou_detail_004_kani=true&JigyosyoCd=1070100068-00&ServiceCd=430&Type=search" }, "geometry": { "type": "Point", "coordinates": [ 139.074052874204995, 36.387910067810807 ] } },
{ "type": "Feature", "properties": { "内容": "居宅介護支援事業所あらとがわ【居宅介護支援】群馬県前橋市茂木町1388-1グリーンハイツ6.101号", "url2": "https://www.kaigokensaku.mhlw.go.jp/10/index.php?action_kouhyou_detail_004_kani=true&JigyosyoCd=1070104706-00&ServiceCd=430&Type=search" }, "geometry": { "type": "Point", "coordinates": [ 139.156080426085424, 36.408828553033423 ] } },
{ "type": "Feature", "properties": { "内容": "ニチイケアセンター前橋【居宅介護支援】群馬県前橋市六供町３丁目３４－７", "url2": "https://www.kaigokensaku.mhlw.go.jp/10/index.php?action_kouhyou_detail_004_kani=true&JigyosyoCd=1070102122-00&ServiceCd=430&Type=search" }, "geometry": { "type": "Point", "coordinates": [ 139.075754286508186, 36.365898075553886 ] } },
{ "type": "Feature", "properties": { "内容": "善衆会居宅介護支援事業所【居宅介護支援】群馬県前橋市笂井町54‐1", "url2": "https://www.kaigokensaku.mhlw.go.jp/10/index.php?action_kouhyou_detail_004_kani=true&JigyosyoCd=1070107857-00&ServiceCd=430&Type=search" }, "geometry": { "type": "Point", "coordinates": [ 139.138205031213346, 36.370529715769791 ] } },
{ "type": "Feature", "properties": { "内容": "ケアプランセンターマエバシ【居宅介護支援】群馬県前橋市天川原町2-46-22五十嵐ビル202号室", "url2": "https://www.kaigokensaku.mhlw.go.jp/10/index.php?action_kouhyou_detail_004_kani=true&JigyosyoCd=1070104698-00&ServiceCd=430&Type=search" }, "geometry": { "type": "Point", "coordinates": [ 139.083999907455109, 36.368972719795487 ] } },
{ "type": "Feature", "properties": { "内容": "ケアプランセンタージョウトウ【居宅介護支援】群馬県前橋市城東町5-3-14アッコラファースト101号室", "url2": "https://www.kaigokensaku.mhlw.go.jp/10/index.php?action_kouhyou_detail_004_kani=true&JigyosyoCd=1070109135-00&ServiceCd=430&Type=search" }, "geometry": { "type": "Point", "coordinates": [ 139.08098746441803, 36.39301857264681 ] } },
{ "type": "Feature", "properties": { "内容": "ケアプランセンターもも【居宅介護支援】群馬県前橋市西片貝町5丁目25番地５コーポ石田101号", "url2": "https://www.kaigokensaku.mhlw.go.jp/10/index.php?action_kouhyou_detail_004_kani=true&JigyosyoCd=1070109093-00&ServiceCd=430&Type=search" }, "geometry": { "type": "Point", "coordinates": [ 139.090905600000013, 36.3892402 ] } },
{ "type": "Feature", "properties": { "内容": "ケアプランセンターすまいる【居宅介護支援】群馬県前橋市粕川町深津1938-23", "url2": "https://www.kaigokensaku.mhlw.go.jp/10/index.php?action_kouhyou_detail_004_kani=true&JigyosyoCd=1070108715-00&ServiceCd=430&Type=search" }, "geometry": { "type": "Point", "coordinates": [ 139.1921385, 36.3982917 ] } },
{ "type": "Feature", "properties": { "内容": "ケアプラン太陽【居宅介護支援】群馬県前橋市五代町120-1", "url2": "https://www.kaigokensaku.mhlw.go.jp/10/index.php?action_kouhyou_detail_004_kani=true&JigyosyoCd=1070108806-00&ServiceCd=430&Type=search" }, "geometry": { "type": "Point", "coordinates": [ 139.105811499999987, 36.4076364 ] } },
{ "type": "Feature", "properties": { "内容": "ルル居宅介護支援事業所【居宅介護支援】群馬県前橋市東片貝町５２５－１アンソレイエ三崎101", "url2": "https://www.kaigokensaku.mhlw.go.jp/10/index.php?action_kouhyou_detail_004_kani=true&JigyosyoCd=1070108657-00&ServiceCd=430&Type=search" }, "geometry": { "type": "Point", "coordinates": [ 139.107569899999987, 36.3871507 ] } },
{ "type": "Feature", "properties": { "内容": "ケアプランセンター陽光【居宅介護支援】群馬県前橋市総社町総社３０５１番地４", "url2": "https://www.kaigokensaku.mhlw.go.jp/10/index.php?action_kouhyou_detail_004_kani=true&JigyosyoCd=1070107147-00&ServiceCd=430&Type=search" }, "geometry": { "type": "Point", "coordinates": [ 139.0360693, 36.3940469 ] } },
{ "type": "Feature", "properties": { "内容": "ケアプランセンター南町【居宅介護支援】群馬県前橋市南町二丁目67番地5", "url2": "https://www.kaigokensaku.mhlw.go.jp/10/index.php?action_kouhyou_detail_004_kani=true&JigyosyoCd=1070109010-00&ServiceCd=430&Type=search" }, "geometry": { "type": "Point", "coordinates": [ 139.0672413, 36.3732243 ] } },
{ "type": "Feature", "properties": { "内容": "居宅介護支援事業所　福助【居宅介護支援】群馬県前橋市下増田町745番地20", "url2": "https://www.kaigokensaku.mhlw.go.jp/10/index.php?action_kouhyou_detail_004_kani=true&JigyosyoCd=1070108798-00&ServiceCd=430&Type=search" }, "geometry": { "type": "Point", "coordinates": [ 139.1560475, 36.3437614 ] } },
{ "type": "Feature", "properties": { "内容": "ケアプランセンターゆとり【居宅介護支援】群馬県前橋市富士見町原之郷893-1ジュエルA102", "url2": "https://www.kaigokensaku.mhlw.go.jp/10/index.php?action_kouhyou_detail_004_kani=true&JigyosyoCd=1070108632-00&ServiceCd=430&Type=search" }, "geometry": { "type": "Point", "coordinates": [ 139.0687644, 36.4367447 ] } },
{ "type": "Feature", "properties": { "内容": "ライフケア和の樹【居宅介護支援】群馬県前橋市六供町2-1-1ヴィラ・エスポワール405号", "url2": "https://www.kaigokensaku.mhlw.go.jp/10/index.php?action_kouhyou_detail_004_kani=true&JigyosyoCd=1070108723-00&ServiceCd=430&Type=search" }, "geometry": { "type": "Point", "coordinates": [ 139.0687891, 36.37242 ] } },
{ "type": "Feature", "properties": { "内容": "ケアプランセンターはなことば前橋【居宅介護支援】群馬県前橋市大友町2-25-12YKビル2階", "url2": "https://www.kaigokensaku.mhlw.go.jp/10/index.php?action_kouhyou_detail_004_kani=true&JigyosyoCd=1070106479-00&ServiceCd=430&Type=search" }, "geometry": { "type": "Point", "coordinates": [ 139.046335335581972, 36.393147213587731 ] } },
{ "type": "Feature", "properties": { "内容": "居宅介護支援事業所くるみ【居宅介護支援】群馬県前橋市天川原町２丁目１番地１Ｂ２０１", "url2": "https://www.kaigokensaku.mhlw.go.jp/10/index.php?action_kouhyou_detail_004_kani=true&JigyosyoCd=1070108533-00&ServiceCd=430&Type=search" }, "geometry": { "type": "Point", "coordinates": [ 139.084984504910835, 36.375542515150151 ] } },
{ "type": "Feature", "properties": { "内容": "前橋ケアセンターそよ風【居宅介護支援】群馬県前橋市箱田町428-1", "url2": "https://www.kaigokensaku.mhlw.go.jp/10/index.php?action_kouhyou_detail_004_kani=true&JigyosyoCd=1070102148-00&ServiceCd=430&Type=search" }, "geometry": { "type": "Point", "coordinates": [ 139.049557700000037, 36.3697648 ] } },
{ "type": "Feature", "properties": { "内容": "ケアマネジメント風の音【居宅介護支援】群馬県前橋市若宮町三丁目６番１６号", "url2": "https://www.kaigokensaku.mhlw.go.jp/10/index.php?action_kouhyou_detail_004_kani=true&JigyosyoCd=1070108558-00&ServiceCd=430&Type=search" }, "geometry": { "type": "Point", "coordinates": [ 139.072907373016363, 36.402881895813984 ] } },
{ "type": "Feature", "properties": { "内容": "居宅介護支援事業所かいたく【居宅介護支援】群馬県前橋市上小出町２丁目34-16クイーンローズ101", "url2": "https://www.kaigokensaku.mhlw.go.jp/10/index.php?action_kouhyou_detail_004_kani=true&JigyosyoCd=1070108624-00&ServiceCd=430&Type=search" }, "geometry": { "type": "Point", "coordinates": [ 139.057323700000012, 36.4162497 ] } },
{ "type": "Feature", "properties": { "内容": "居宅介護支援事業所あじさい園【居宅介護支援】群馬県前橋市川曲町536番地", "url2": "https://www.kaigokensaku.mhlw.go.jp/10/index.php?action_kouhyou_detail_004_kani=true&JigyosyoCd=1070109143-00&ServiceCd=430&Type=search" }, "geometry": { "type": "Point", "coordinates": [ 139.0522862, 36.3517298 ] } },
{ "type": "Feature", "properties": { "内容": "いろは居宅介護支援事業所【居宅介護支援】群馬県高崎市元紺屋町12", "url2": "https://www.kaigokensaku.mhlw.go.jp/10/index.php?action_kouhyou_detail_004_kani=true&JigyosyoCd=1070207772-00&ServiceCd=430&Type=search" }, "geometry": { "type": "Point", "coordinates": [ 139.008026, 36.3273942 ] } },
{ "type": "Feature", "properties": { "内容": "ケアプランセンターはればれ【居宅介護支援】群馬県高崎市金古町227番地1西-5", "url2": "https://www.kaigokensaku.mhlw.go.jp/10/index.php?action_kouhyou_detail_004_kani=true&JigyosyoCd=1070207897-00&ServiceCd=430&Type=search" }, "geometry": { "type": "Point", "coordinates": [ 139.0038666, 36.4080331 ] } },
{ "type": "Feature", "properties": { "内容": "居宅介護支援室かぎしっぽ【居宅介護支援】群馬県高崎市箕郷町生原473-4", "url2": "https://www.kaigokensaku.mhlw.go.jp/10/index.php?action_kouhyou_detail_004_kani=true&JigyosyoCd=1070207905-00&ServiceCd=430&Type=search" }, "geometry": { "type": "Point", "coordinates": [ 138.966172300000011, 36.3946197 ] } },
{ "type": "Feature", "properties": { "内容": "居宅介護支援事業所れんげ【居宅介護支援】群馬県高崎市金古町1142", "url2": "https://www.kaigokensaku.mhlw.go.jp/10/index.php?action_kouhyou_detail_004_kani=true&JigyosyoCd=1070207947-00&ServiceCd=430&Type=search" }, "geometry": { "type": "Point", "coordinates": [ 138.996608, 36.4059877 ] } },
{ "type": "Feature", "properties": { "内容": "ケアプランセンターさくら色【居宅介護支援】群馬県高崎市八幡町169-1", "url2": "https://www.kaigokensaku.mhlw.go.jp/10/index.php?action_kouhyou_detail_004_kani=true&JigyosyoCd=1070207962-00&ServiceCd=430&Type=search" }, "geometry": { "type": "Point", "coordinates": [ 138.9529498, 36.3354074 ] } },
{ "type": "Feature", "properties": { "内容": "ケアマネジメントながの【居宅介護支援】群馬県高崎市北新波町371番地4", "url2": "https://www.kaigokensaku.mhlw.go.jp/10/index.php?action_kouhyou_detail_004_kani=true&JigyosyoCd=1070208010-00&ServiceCd=430&Type=search" }, "geometry": { "type": "Point", "coordinates": [ 138.9697251, 36.3677212 ] } },
{ "type": "Feature", "properties": { "内容": "居宅介護支援事業所　のどか【居宅介護支援】群馬県高崎市足門町698-1アンシャンテA　２０４号", "url2": "https://www.kaigokensaku.mhlw.go.jp/10/index.php?action_kouhyou_detail_004_kani=true&JigyosyoCd=1070208002-00&ServiceCd=430&Type=search" }, "geometry": { "type": "Point", "coordinates": [ 138.9938072, 36.3936071 ] } },
{ "type": "Feature", "properties": { "内容": "居宅介護支援事業所　太陽くん【居宅介護支援】群馬県高崎市井野町1040", "url2": "https://www.kaigokensaku.mhlw.go.jp/10/index.php?action_kouhyou_detail_004_kani=true&JigyosyoCd=1070201403-00&ServiceCd=430&Type=search" }, "geometry": { "type": "Point", "coordinates": [ 139.027061377246127, 36.353139989229319 ] } },
{ "type": "Feature", "properties": { "内容": "居宅介護支援事業所　縁【居宅介護支援】群馬県高崎市井野町198-21", "url2": "https://www.kaigokensaku.mhlw.go.jp/10/index.php?action_kouhyou_detail_004_kani=true&JigyosyoCd=1070205560-00&ServiceCd=430&Type=search" }, "geometry": { "type": "Point", "coordinates": [ 139.0203802, 36.3547764 ] } },
{ "type": "Feature", "properties": { "内容": "ケアマネージメント・ミシオン【居宅介護支援】群馬県高崎市井野町376", "url2": "https://www.kaigokensaku.mhlw.go.jp/10/index.php?action_kouhyou_detail_004_kani=true&JigyosyoCd=1070206568-00&ServiceCd=430&Type=search" }, "geometry": { "type": "Point", "coordinates": [ 139.025801799999954, 36.3597733 ] } },
{ "type": "Feature", "properties": { "内容": "居宅介護支援事業所　かけはし【居宅介護支援】群馬県高崎市井野町378-3", "url2": "https://www.kaigokensaku.mhlw.go.jp/10/index.php?action_kouhyou_detail_004_kani=true&JigyosyoCd=1070205669-00&ServiceCd=430&Type=search" }, "geometry": { "type": "Point", "coordinates": [ 139.026777648548915, 36.35906849730744 ] } },
{ "type": "Feature", "properties": { "内容": "居宅介護支援事業所　こはく堂【居宅介護支援】群馬県高崎市井野町８８１－１３", "url2": "https://www.kaigokensaku.mhlw.go.jp/10/index.php?action_kouhyou_detail_004_kani=true&JigyosyoCd=1070201619-00&ServiceCd=430&Type=search" }, "geometry": { "type": "Point", "coordinates": [ 139.031259699999964, 36.3570515 ] } },
{ "type": "Feature", "properties": { "内容": "居宅介護支援センター榛の木【居宅介護支援】群馬県高崎市下室田町965-1", "url2": "https://www.kaigokensaku.mhlw.go.jp/10/index.php?action_kouhyou_detail_004_kani=true&JigyosyoCd=1070204423-00&ServiceCd=430&Type=search" }, "geometry": { "type": "Point", "coordinates": [ 138.8821825, 36.382314 ] } },
{ "type": "Feature", "properties": { "内容": "第一病院居宅介護支援事業所【居宅介護支援】群馬県高崎市下小鳥町１３１７番地ヴィラ室岡　106", "url2": "https://www.kaigokensaku.mhlw.go.jp/10/index.php?action_kouhyou_detail_004_kani=true&JigyosyoCd=1070200181-00&ServiceCd=430&Type=search" }, "geometry": { "type": "Point", "coordinates": [ 138.99972127857356, 36.347869275397287 ] } },
{ "type": "Feature", "properties": { "内容": "居宅介護支援事業所　ケアセンターことり【居宅介護支援】群馬県高崎市下小鳥町４７番地４", "url2": "https://www.kaigokensaku.mhlw.go.jp/10/index.php?action_kouhyou_detail_004_kani=true&JigyosyoCd=1070206725-00&ServiceCd=430&Type=search" }, "geometry": { "type": "Point", "coordinates": [ 138.998592700000017, 36.3504067 ] } },
{ "type": "Feature", "properties": { "内容": "唯信サポート居宅介護支援事業所【居宅介護支援】群馬県高崎市下大類町247番地2", "url2": "https://www.kaigokensaku.mhlw.go.jp/10/index.php?action_kouhyou_detail_004_kani=true&JigyosyoCd=1070205867-00&ServiceCd=430&Type=search" }, "geometry": { "type": "Point", "coordinates": [ 139.0587362, 36.3188353 ] } },
{ "type": "Feature", "properties": { "内容": "居宅支援事業所　いきいき【居宅介護支援】群馬県高崎市下滝町１１番地７号", "url2": "https://www.kaigokensaku.mhlw.go.jp/10/index.php?action_kouhyou_detail_004_kani=true&JigyosyoCd=1070201981-00&ServiceCd=430&Type=search" }, "geometry": { "type": "Point", "coordinates": [ 139.071804400000019, 36.3216523 ] } },
{ "type": "Feature", "properties": { "内容": "トータルケアセンターまなか居宅介護支援事業所【居宅介護支援】群馬県高崎市下中居町109-1", "url2": "https://www.kaigokensaku.mhlw.go.jp/10/index.php?action_kouhyou_detail_004_kani=true&JigyosyoCd=1070201528-00&ServiceCd=430&Type=search" }, "geometry": { "type": "Point", "coordinates": [ 139.036944742327933, 36.309481268432961 ] } },
{ "type": "Feature", "properties": { "内容": "居宅介護支援室まごころ【居宅介護支援】群馬県高崎市下之城町723番地3", "url2": "https://www.kaigokensaku.mhlw.go.jp/10/index.php?action_kouhyou_detail_004_kani=true&JigyosyoCd=1070206758-00&ServiceCd=430&Type=search" }, "geometry": { "type": "Point", "coordinates": [ 139.034439281245426, 36.303195612142552 ] } },
{ "type": "Feature", "properties": { "内容": "居宅介護支援事業所シエル【居宅介護支援】群馬県高崎市下里見町９７８－１", "url2": "https://www.kaigokensaku.mhlw.go.jp/10/index.php?action_kouhyou_detail_004_kani=true&JigyosyoCd=1070206998-00&ServiceCd=430&Type=search" }, "geometry": { "type": "Point", "coordinates": [ 138.9334877, 36.3535272 ] } },
{ "type": "Feature", "properties": { "内容": "特別養護老人ホーム　吉井セピア【居宅介護支援】群馬県高崎市吉井町塩1147", "url2": "https://www.kaigokensaku.mhlw.go.jp/10/index.php?action_kouhyou_detail_004_kani=true&JigyosyoCd=1072300021-00&ServiceCd=430&Type=search" }, "geometry": { "type": "Point", "coordinates": [ 138.97206140000003, 36.2341664 ] } },
{ "type": "Feature", "properties": { "内容": "居宅介護支援事業所ケイアイ【居宅介護支援】群馬県高崎市吉井町岩崎2316-7", "url2": "https://www.kaigokensaku.mhlw.go.jp/10/index.php?action_kouhyou_detail_004_kani=true&JigyosyoCd=1070205776-00&ServiceCd=430&Type=search" }, "geometry": { "type": "Point", "coordinates": [ 138.989301367896786, 36.270802598105192 ] } },
{ "type": "Feature", "properties": { "内容": "吉井町在宅介護支援センター【居宅介護支援】群馬県高崎市吉井町吉井415-1", "url2": "https://www.kaigokensaku.mhlw.go.jp/10/index.php?action_kouhyou_detail_004_kani=true&JigyosyoCd=1072300062-00&ServiceCd=430&Type=search" }, "geometry": { "type": "Point", "coordinates": [ 138.983693, 36.2563809 ] } },
{ "type": "Feature", "properties": { "内容": "居宅介護支援事業所　なのはな【居宅介護支援】群馬県高崎市吉井町長根1415-28", "url2": "https://www.kaigokensaku.mhlw.go.jp/10/index.php?action_kouhyou_detail_004_kani=true&JigyosyoCd=1070203250-00&ServiceCd=430&Type=search" }, "geometry": { "type": "Point", "coordinates": [ 138.967377768786577, 36.255042930931126 ] } },
{ "type": "Feature", "properties": { "内容": "エムダブルエス日高　吉井総合介護センター【居宅介護支援】群馬県高崎市吉井町馬庭1014-1", "url2": "https://www.kaigokensaku.mhlw.go.jp/10/index.php?action_kouhyou_detail_004_kani=true&JigyosyoCd=1072300443-00&ServiceCd=430&Type=search" }, "geometry": { "type": "Point", "coordinates": [ 139.014092, 36.2672935 ] } },
{ "type": "Feature", "properties": { "内容": "居宅介護支援事業所　恵峰園【居宅介護支援】群馬県高崎市京目町1632-1", "url2": "https://www.kaigokensaku.mhlw.go.jp/10/index.php?action_kouhyou_detail_004_kani=true&JigyosyoCd=1070200215-00&ServiceCd=430&Type=search" }, "geometry": { "type": "Point", "coordinates": [ 139.053299700000025, 36.3482974 ] } },
{ "type": "Feature", "properties": { "内容": "居宅介護支援事業所　三愛【居宅介護支援】群馬県高崎市金古町1758", "url2": "https://www.kaigokensaku.mhlw.go.jp/10/index.php?action_kouhyou_detail_004_kani=true&JigyosyoCd=1072100074-00&ServiceCd=430&Type=search" }, "geometry": { "type": "Point", "coordinates": [ 138.988103099999989, 36.4168869 ] } },
{ "type": "Feature", "properties": { "内容": "ケアプランセンター咲愛【居宅介護支援】群馬県高崎市金古町１７６３－１", "url2": "https://www.kaigokensaku.mhlw.go.jp/10/index.php?action_kouhyou_detail_004_kani=true&JigyosyoCd=1070205974-00&ServiceCd=430&Type=search" }, "geometry": { "type": "Point", "coordinates": [ 138.990078060743713, 36.417008565460876 ] } },
{ "type": "Feature", "properties": { "内容": "居宅介護支援事業所エスエス【居宅介護支援】群馬県高崎市金古町582番地6", "url2": "https://www.kaigokensaku.mhlw.go.jp/10/index.php?action_kouhyou_detail_004_kani=true&JigyosyoCd=1070207137-00&ServiceCd=430&Type=search" }, "geometry": { "type": "Point", "coordinates": [ 138.9988318, 36.401361 ] } },
{ "type": "Feature", "properties": { "内容": "ケアプランセンターかえで【居宅介護支援】群馬県高崎市剣崎町361-22", "url2": "https://www.kaigokensaku.mhlw.go.jp/10/index.php?action_kouhyou_detail_004_kani=true&JigyosyoCd=1070206865-00&ServiceCd=430&Type=search" }, "geometry": { "type": "Point", "coordinates": [ 138.952858900000024, 36.3428147 ] } },
{ "type": "Feature", "properties": { "内容": "社会福祉法人希望館　居宅介護支援事業所【居宅介護支援】群馬県高崎市江木町1093-1", "url2": "https://www.kaigokensaku.mhlw.go.jp/10/index.php?action_kouhyou_detail_004_kani=true&JigyosyoCd=1070200124-00&ServiceCd=430&Type=search" }, "geometry": { "type": "Point", "coordinates": [ 139.020414100000039, 36.3367392 ] } },
{ "type": "Feature", "properties": { "内容": "居宅介護支援事業所カーネーション【居宅介護支援】群馬県高崎市江木町1115番地3", "url2": "https://www.kaigokensaku.mhlw.go.jp/10/index.php?action_kouhyou_detail_004_kani=true&JigyosyoCd=1070205115-00&ServiceCd=430&Type=search" }, "geometry": { "type": "Point", "coordinates": [ 139.020955700000059, 36.335342 ] } },
{ "type": "Feature", "properties": { "内容": "ケアプランセンター　ファイン高崎【居宅介護支援】群馬県高崎市江木町１５１１番地", "url2": "https://www.kaigokensaku.mhlw.go.jp/10/index.php?action_kouhyou_detail_004_kani=true&JigyosyoCd=1070204506-00&ServiceCd=430&Type=search" }, "geometry": { "type": "Point", "coordinates": [ 139.026894437434436, 36.333232035520624 ] } },
{ "type": "Feature", "properties": { "内容": "ケアプランセンタータカサキ【居宅介護支援】群馬県高崎市江木町980新井ビル1－E", "url2": "https://www.kaigokensaku.mhlw.go.jp/10/index.php?action_kouhyou_detail_004_kani=true&JigyosyoCd=1070207616-00&ServiceCd=430&Type=search" }, "geometry": { "type": "Point", "coordinates": [ 139.026208699999984, 36.3356125 ] } },
{ "type": "Feature", "properties": { "内容": "居宅介護支援事業所ほほえみ【居宅介護支援】群馬県高崎市高関町511-1", "url2": "https://www.kaigokensaku.mhlw.go.jp/10/index.php?action_kouhyou_detail_004_kani=true&JigyosyoCd=1070201791-00&ServiceCd=430&Type=search" }, "geometry": { "type": "Point", "coordinates": [ 139.032471699999974, 36.3246399 ] } },
{ "type": "Feature", "properties": { "内容": "かのんケアマネジメント【居宅介護支援】群馬県高崎市高砂町60-1ハイラーク高崎1005号", "url2": "https://www.kaigokensaku.mhlw.go.jp/10/index.php?action_kouhyou_detail_004_kani=true&JigyosyoCd=1070205180-00&ServiceCd=430&Type=search" }, "geometry": { "type": "Point", "coordinates": [ 139.009309300000041, 36.3329057 ] } },
{ "type": "Feature", "properties": { "内容": "ケアプランセンターヤマナ【居宅介護支援】群馬県高崎市山名町511-4", "url2": "https://www.kaigokensaku.mhlw.go.jp/10/index.php?action_kouhyou_detail_004_kani=true&JigyosyoCd=1070205412-00&ServiceCd=430&Type=search" }, "geometry": { "type": "Point", "coordinates": [ 139.044401915973253, 36.273549954819757 ] } },
{ "type": "Feature", "properties": { "内容": "特別養護老人ホーム高風園【居宅介護支援】群馬県高崎市寺尾町2412", "url2": "https://www.kaigokensaku.mhlw.go.jp/10/index.php?action_kouhyou_detail_004_kani=true&JigyosyoCd=1070202112-00&ServiceCd=430&Type=search" }, "geometry": { "type": "Point", "coordinates": [ 138.99149280000006, 36.3019653 ] } },
{ "type": "Feature", "properties": { "内容": "居宅介護支援事業所　りぼん【居宅介護支援】群馬県高崎市寺尾町2621-18", "url2": "https://www.kaigokensaku.mhlw.go.jp/10/index.php?action_kouhyou_detail_004_kani=true&JigyosyoCd=1070204084-00&ServiceCd=430&Type=search" }, "geometry": { "type": "Point", "coordinates": [ 139.005365623278749, 36.303720979331416 ] } },
{ "type": "Feature", "properties": { "内容": "ホピ園【居宅介護支援】群馬県高崎市寺尾町621-1", "url2": "https://www.kaigokensaku.mhlw.go.jp/10/index.php?action_kouhyou_detail_004_kani=true&JigyosyoCd=1070200264-00&ServiceCd=430&Type=search" }, "geometry": { "type": "Point", "coordinates": [ 139.012493800000016, 36.296738 ] } },
{ "type": "Feature", "properties": { "内容": "ケアプランかなで【居宅介護支援】群馬県高崎市宿横手町314-5", "url2": "https://www.kaigokensaku.mhlw.go.jp/10/index.php?action_kouhyou_detail_004_kani=true&JigyosyoCd=1070207152-00&ServiceCd=430&Type=search" }, "geometry": { "type": "Point", "coordinates": [ 139.0814953, 36.3240132 ] } },
{ "type": "Feature", "properties": { "内容": "ケアプラン　えにし【居宅介護支援】群馬県高崎市小八木町1454-6ソレイユＤ102号", "url2": "https://www.kaigokensaku.mhlw.go.jp/10/index.php?action_kouhyou_detail_004_kani=true&JigyosyoCd=1070206121-00&ServiceCd=430&Type=search" }, "geometry": { "type": "Point", "coordinates": [ 139.020471600000064, 36.3629423 ] } },
{ "type": "Feature", "properties": { "内容": "居宅介護支援事業所　なでしこ【居宅介護支援】群馬県高崎市小八木町７４８-１０", "url2": "https://www.kaigokensaku.mhlw.go.jp/10/index.php?action_kouhyou_detail_004_kani=true&JigyosyoCd=1070206188-00&ServiceCd=430&Type=search" }, "geometry": { "type": "Point", "coordinates": [ 139.009008499999936, 36.3585313 ] } },
{ "type": "Feature", "properties": { "内容": "サンピエール病院　居宅介護支援事業所【居宅介護支援】群馬県高崎市上佐野町７８６－７", "url2": "https://www.kaigokensaku.mhlw.go.jp/10/index.php?action_kouhyou_detail_004_kani=true&JigyosyoCd=1070202930-00&ServiceCd=430&Type=search" }, "geometry": { "type": "Point", "coordinates": [ 139.027825600000028, 36.3022627 ] } },
{ "type": "Feature", "properties": { "内容": "生活相談室さくら【居宅介護支援】群馬県高崎市上小鳥町335‐11ヤマサコーポ101", "url2": "https://www.kaigokensaku.mhlw.go.jp/10/index.php?action_kouhyou_detail_004_kani=true&JigyosyoCd=1070207475-00&ServiceCd=430&Type=search" }, "geometry": { "type": "Point", "coordinates": [ 138.988037100000014, 36.3562643 ] } },
{ "type": "Feature", "properties": { "内容": "もてき介護福祉センター【居宅介護支援】群馬県高崎市上小塙町５６５-１", "url2": "https://www.kaigokensaku.mhlw.go.jp/10/index.php?action_kouhyou_detail_004_kani=true&JigyosyoCd=1070204258-00&ServiceCd=430&Type=search" }, "geometry": { "type": "Point", "coordinates": [ 138.978815281403513, 36.359929692471617 ] } },
{ "type": "Feature", "properties": { "内容": "上大類在宅ケアセンター【居宅介護支援】群馬県高崎市上大類町759", "url2": "https://www.kaigokensaku.mhlw.go.jp/10/index.php?action_kouhyou_detail_004_kani=true&JigyosyoCd=1070200066-00&ServiceCd=430&Type=search" }, "geometry": { "type": "Point", "coordinates": [ 139.030210500000067, 36.3339895 ] } },
{ "type": "Feature", "properties": { "内容": "居宅介護支援事業所せん【居宅介護支援】群馬県高崎市上滝町935番地", "url2": "https://www.kaigokensaku.mhlw.go.jp/10/index.php?action_kouhyou_detail_004_kani=true&JigyosyoCd=1070206436-00&ServiceCd=430&Type=search" }, "geometry": { "type": "Point", "coordinates": [ 139.073149563244044, 36.321569288270126 ] } },
{ "type": "Feature", "properties": { "内容": "居宅介護支援事業所ようざん【居宅介護支援】群馬県高崎市上並榎町1182", "url2": "https://www.kaigokensaku.mhlw.go.jp/10/index.php?action_kouhyou_detail_004_kani=true&JigyosyoCd=1070205677-00&ServiceCd=430&Type=search" }, "geometry": { "type": "Point", "coordinates": [ 138.982654445724506, 36.342222254483765 ] } },
{ "type": "Feature", "properties": { "内容": "ひなたぼっこ【居宅介護支援】群馬県高崎市上豊岡町827-1", "url2": "https://www.kaigokensaku.mhlw.go.jp/10/index.php?action_kouhyou_detail_004_kani=true&JigyosyoCd=1070200157-00&ServiceCd=430&Type=search" }, "geometry": { "type": "Point", "coordinates": [ 138.966638333126866, 36.343242727931205 ] } },
{ "type": "Feature", "properties": { "内容": "居宅介護支援事業所あいあい【居宅介護支援】群馬県高崎市上豊岡町896-2", "url2": "https://www.kaigokensaku.mhlw.go.jp/10/index.php?action_kouhyou_detail_004_kani=true&JigyosyoCd=1070200025-00&ServiceCd=430&Type=search" }, "geometry": { "type": "Point", "coordinates": [ 138.9686203, 36.3430653 ] } },
{ "type": "Feature", "properties": { "内容": "居宅介護支援センターさとの花【居宅介護支援】群馬県高崎市乗附町208番地", "url2": "https://www.kaigokensaku.mhlw.go.jp/10/index.php?action_kouhyou_detail_004_kani=true&JigyosyoCd=1070201049-00&ServiceCd=430&Type=search" }, "geometry": { "type": "Point", "coordinates": [ 138.98107559999994, 36.326811 ] } },
{ "type": "Feature", "properties": { "内容": "居宅介護支援事業所　花みづき【居宅介護支援】群馬県高崎市新町1863", "url2": "https://www.kaigokensaku.mhlw.go.jp/10/index.php?action_kouhyou_detail_004_kani=true&JigyosyoCd=1072300328-00&ServiceCd=430&Type=search" }, "geometry": { "type": "Point", "coordinates": [ 139.10420046245838, 36.264429208960017 ] } },
{ "type": "Feature", "properties": { "内容": "ケアプランセンター花みづき【居宅介護支援】群馬県高崎市新町2147-15", "url2": "https://www.kaigokensaku.mhlw.go.jp/10/index.php?action_kouhyou_detail_004_kani=true&JigyosyoCd=1070204134-00&ServiceCd=430&Type=search" }, "geometry": { "type": "Point", "coordinates": [ 139.10803872341765, 36.273425570663854 ] } },
{ "type": "Feature", "properties": { "内容": "居宅介護支援事業所　皇【居宅介護支援】群馬県高崎市新町2715-7", "url2": "https://www.kaigokensaku.mhlw.go.jp/10/index.php?action_kouhyou_detail_004_kani=true&JigyosyoCd=1070205016-00&ServiceCd=430&Type=search" }, "geometry": { "type": "Point", "coordinates": [ 139.1121561, 36.271693 ] } },
{ "type": "Feature", "properties": { "内容": "あず居宅介護支援事業所【居宅介護支援】群馬県高崎市新町３１４８番地", "url2": "https://www.kaigokensaku.mhlw.go.jp/10/index.php?action_kouhyou_detail_004_kani=true&JigyosyoCd=1070202989-00&ServiceCd=430&Type=search" }, "geometry": { "type": "Point", "coordinates": [ 139.114695451234411, 36.27730948252681 ] } },
{ "type": "Feature", "properties": { "内容": "新町居宅介護支援センター【居宅介護支援】群馬県高崎市新町333", "url2": "https://www.kaigokensaku.mhlw.go.jp/10/index.php?action_kouhyou_detail_004_kani=true&JigyosyoCd=1072300096-00&ServiceCd=430&Type=search" }, "geometry": { "type": "Point", "coordinates": [ 139.111561599999959, 36.2752678 ] } },
{ "type": "Feature", "properties": { "内容": "居宅介護支援事業所あおぞら【居宅介護支援】群馬県高崎市新保町106-1華梨205号室", "url2": "https://www.kaigokensaku.mhlw.go.jp/10/index.php?action_kouhyou_detail_004_kani=true&JigyosyoCd=1070206915-00&ServiceCd=430&Type=search" }, "geometry": { "type": "Point", "coordinates": [ 139.037088906607096, 36.345801807953634 ] } },
{ "type": "Feature", "properties": { "内容": "エフビー居宅介護支援事業所　高崎【居宅介護支援】群馬県高崎市新保田中町678番地", "url2": "https://www.kaigokensaku.mhlw.go.jp/10/index.php?action_kouhyou_detail_004_kani=true&JigyosyoCd=1070201346-00&ServiceCd=430&Type=search" }, "geometry": { "type": "Point", "coordinates": [ 139.038834482556126, 36.364534224126082 ] } },
{ "type": "Feature", "properties": { "内容": "ハートフル【居宅介護支援】群馬県高崎市石原町3436", "url2": "https://www.kaigokensaku.mhlw.go.jp/10/index.php?action_kouhyou_detail_004_kani=true&JigyosyoCd=1070206295-00&ServiceCd=430&Type=search" }, "geometry": { "type": "Point", "coordinates": [ 139.001997851707614, 36.308041922998186 ] } },
{ "type": "Feature", "properties": { "内容": "居宅介護支援事業所オリオン【居宅介護支援】群馬県高崎市倉賀野町２１１０番地", "url2": "https://www.kaigokensaku.mhlw.go.jp/10/index.php?action_kouhyou_detail_004_kani=true&JigyosyoCd=1070206022-00&ServiceCd=430&Type=search" }, "geometry": { "type": "Point", "coordinates": [ 139.053376299999968, 36.2942225 ] } },
{ "type": "Feature", "properties": { "内容": "居宅介護支援事業所はる【居宅介護支援】群馬県高崎市倉渕町三ノ倉1895", "url2": "https://www.kaigokensaku.mhlw.go.jp/10/index.php?action_kouhyou_detail_004_kani=true&JigyosyoCd=1070207160-00&ServiceCd=430&Type=search" }, "geometry": { "type": "Point", "coordinates": [ 138.81711820000001, 36.3993421 ] } },
{ "type": "Feature", "properties": { "内容": "レグルス居宅介護支援事業所【居宅介護支援】群馬県高崎市倉渕町三ノ倉533番地1", "url2": "https://www.kaigokensaku.mhlw.go.jp/10/index.php?action_kouhyou_detail_004_kani=true&JigyosyoCd=1070202419-00&ServiceCd=430&Type=search" }, "geometry": { "type": "Point", "coordinates": [ 138.798117100000013, 36.4198253 ] } },
{ "type": "Feature", "properties": { "内容": "パナケア真中株式会社群馬町居宅介護支援事業所【居宅介護支援】群馬県高崎市足門町１５０番地１", "url2": "https://www.kaigokensaku.mhlw.go.jp/10/index.php?action_kouhyou_detail_004_kani=true&JigyosyoCd=1072100546-00&ServiceCd=430&Type=search" }, "geometry": { "type": "Point", "coordinates": [ 138.980673799999977, 36.4017635 ] } },
{ "type": "Feature", "properties": { "内容": "二之沢パナケア介護老人保健施設【居宅介護支援】群馬県高崎市足門町158-2", "url2": "https://www.kaigokensaku.mhlw.go.jp/10/index.php?action_kouhyou_detail_004_kani=true&JigyosyoCd=1052180021-00&ServiceCd=430&Type=search" }, "geometry": { "type": "Point", "coordinates": [ 138.981196, 36.402619 ] } },
{ "type": "Feature", "properties": { "内容": "居宅介護支援センター　ルネス二之沢【居宅介護支援】群馬県高崎市足門町１６６－１", "url2": "https://www.kaigokensaku.mhlw.go.jp/10/index.php?action_kouhyou_detail_004_kani=true&JigyosyoCd=1070205388-00&ServiceCd=430&Type=search" }, "geometry": { "type": "Point", "coordinates": [ 138.979554399999984, 36.4023856 ] } },
{ "type": "Feature", "properties": { "内容": "居宅介護支援事業所　幸の会【居宅介護支援】群馬県高崎市足門町985-1", "url2": "https://www.kaigokensaku.mhlw.go.jp/10/index.php?action_kouhyou_detail_004_kani=true&JigyosyoCd=1070203243-00&ServiceCd=430&Type=search" }, "geometry": { "type": "Point", "coordinates": [ 138.990438100000034, 36.3966394 ] } },
{ "type": "Feature", "properties": { "内容": "居宅介護支援センターくろさわ【居宅介護支援】群馬県高崎市中居町3-20-8", "url2": "https://www.kaigokensaku.mhlw.go.jp/10/index.php?action_kouhyou_detail_004_kani=true&JigyosyoCd=1070200108-00&ServiceCd=430&Type=search" }, "geometry": { "type": "Point", "coordinates": [ 139.040321535224052, 36.315058942063104 ] } },
{ "type": "Feature", "properties": { "内容": "居宅介護支援事業所フィリアいこい【居宅介護支援】群馬県高崎市中室田町２２５２", "url2": "https://www.kaigokensaku.mhlw.go.jp/10/index.php?action_kouhyou_detail_004_kani=true&JigyosyoCd=1072100017-00&ServiceCd=430&Type=search" }, "geometry": { "type": "Point", "coordinates": [ 138.859909099999982, 36.3967623 ] } },
{ "type": "Feature", "properties": { "内容": "中泉ケアマネージメント事務所【居宅介護支援】群馬県高崎市中泉町618-5", "url2": "https://www.kaigokensaku.mhlw.go.jp/10/index.php?action_kouhyou_detail_004_kani=true&JigyosyoCd=1070202377-00&ServiceCd=430&Type=search" }, "geometry": { "type": "Point", "coordinates": [ 139.005302900000061, 36.37088 ] } },
{ "type": "Feature", "properties": { "内容": "はちすかケアマネジメント【居宅介護支援】群馬県高崎市中尾町1378-1第2MHハウスI棟201", "url2": "https://www.kaigokensaku.mhlw.go.jp/10/index.php?action_kouhyou_detail_004_kani=true&JigyosyoCd=1070204480-00&ServiceCd=430&Type=search" }, "geometry": { "type": "Point", "coordinates": [ 139.028696613491746, 36.375860229229644 ] } },
{ "type": "Feature", "properties": { "内容": "ケアプラン　心縁【居宅介護支援】群馬県高崎市中尾町168プログレスマンションkanai302", "url2": "https://www.kaigokensaku.mhlw.go.jp/10/index.php?action_kouhyou_detail_004_kani=true&JigyosyoCd=1070207004-00&ServiceCd=430&Type=search" }, "geometry": { "type": "Point", "coordinates": [ 139.031796, 36.3743243 ] } },
{ "type": "Feature", "properties": { "内容": "居宅介護支援事業所通町【居宅介護支援】群馬県高崎市通町143番地-2", "url2": "https://www.kaigokensaku.mhlw.go.jp/10/index.php?action_kouhyou_detail_004_kani=true&JigyosyoCd=1070202997-00&ServiceCd=430&Type=search" }, "geometry": { "type": "Point", "coordinates": [ 139.009604, 36.3259004 ] } },
{ "type": "Feature", "properties": { "内容": "ケアサポートはるかぜ【居宅介護支援】群馬県高崎市東貝沢町4－6－5ヨコヤマハイツC棟202", "url2": "https://www.kaigokensaku.mhlw.go.jp/10/index.php?action_kouhyou_detail_004_kani=true&JigyosyoCd=1070206741-00&ServiceCd=430&Type=search" }, "geometry": { "type": "Point", "coordinates": [ 139.030853596633079, 36.349239770966726 ] } },
{ "type": "Feature", "properties": { "内容": "城東ケアプラザ【居宅介護支援】群馬県高崎市東町172-16共済会館ビル3-3", "url2": "https://www.kaigokensaku.mhlw.go.jp/10/index.php?action_kouhyou_detail_004_kani=true&JigyosyoCd=1070205545-00&ServiceCd=430&Type=search" }, "geometry": { "type": "Point", "coordinates": [ 139.016713281920062, 36.326510618736272 ] } },
{ "type": "Feature", "properties": { "内容": "じゃんけんぽん地域生活支援室【居宅介護支援】群馬県高崎市棟高町954-8", "url2": "https://www.kaigokensaku.mhlw.go.jp/10/index.php?action_kouhyou_detail_004_kani=true&JigyosyoCd=1070203557-00&ServiceCd=430&Type=search" }, "geometry": { "type": "Point", "coordinates": [ 139.002036099999941, 36.3961678 ] } },
{ "type": "Feature", "properties": { "内容": "居宅介護支援　ひので【居宅介護支援】群馬県高崎市南新波町36-2ガーデンハイツ紋谷12号", "url2": "https://www.kaigokensaku.mhlw.go.jp/10/index.php?action_kouhyou_detail_004_kani=true&JigyosyoCd=1070205453-00&ServiceCd=430&Type=search" }, "geometry": { "type": "Point", "coordinates": [ 138.975924599999985, 36.3630689 ] } },
{ "type": "Feature", "properties": { "内容": "ケアプランセンター　悠ゆう【居宅介護支援】群馬県高崎市南大類町1210", "url2": "https://www.kaigokensaku.mhlw.go.jp/10/index.php?action_kouhyou_detail_004_kani=true&JigyosyoCd=1070201858-00&ServiceCd=430&Type=search" }, "geometry": { "type": "Point", "coordinates": [ 139.035179699999958, 36.3273038 ] } },
{ "type": "Feature", "properties": { "内容": "ケアサポートワンツーワン【居宅介護支援】群馬県高崎市南大類町574-4KEYAKI　2階　01号室", "url2": "https://www.kaigokensaku.mhlw.go.jp/10/index.php?action_kouhyou_detail_004_kani=true&JigyosyoCd=1070206626-00&ServiceCd=430&Type=search" }, "geometry": { "type": "Point", "coordinates": [ 139.043204100000025, 36.3238264 ] } },
{ "type": "Feature", "properties": { "内容": "青い鳥【居宅介護支援】群馬県高崎市南大類町７１５－１", "url2": "https://www.kaigokensaku.mhlw.go.jp/10/index.php?action_kouhyou_detail_004_kani=true&JigyosyoCd=1070202872-00&ServiceCd=430&Type=search" }, "geometry": { "type": "Point", "coordinates": [ 139.041251500000044, 36.3247374 ] } },
{ "type": "Feature", "properties": { "内容": "エムダブルエス　日高【居宅介護支援】群馬県高崎市日高町　３４９", "url2": "https://www.kaigokensaku.mhlw.go.jp/10/index.php?action_kouhyou_detail_004_kani=true&JigyosyoCd=1070200082-00&ServiceCd=430&Type=search" }, "geometry": { "type": "Point", "coordinates": [ 139.02977629999998, 36.3657674 ] } },
{ "type": "Feature", "properties": { "内容": "居宅介護支援事業所くらら【居宅介護支援】群馬県高崎市八千代町１丁目１２番地９号　1F", "url2": "https://www.kaigokensaku.mhlw.go.jp/10/index.php?action_kouhyou_detail_004_kani=true&JigyosyoCd=1070201205-00&ServiceCd=430&Type=search" }, "geometry": { "type": "Point", "coordinates": [ 138.992113900000049, 36.3208698 ] } },
{ "type": "Feature", "properties": { "内容": "居宅介護支援事業所　八幡原【居宅介護支援】群馬県高崎市八幡原町３９２番地２", "url2": "https://www.kaigokensaku.mhlw.go.jp/10/index.php?action_kouhyou_detail_004_kani=true&JigyosyoCd=1070205511-00&ServiceCd=430&Type=search" }, "geometry": { "type": "Point", "coordinates": [ 139.088983900000017, 36.3034228 ] } },
{ "type": "Feature", "properties": { "内容": "居宅介護支援事業所ソアレ【居宅介護支援】群馬県高崎市八幡原町980番地1", "url2": "https://www.kaigokensaku.mhlw.go.jp/10/index.php?action_kouhyou_detail_004_kani=true&JigyosyoCd=1070202823-00&ServiceCd=430&Type=search" }, "geometry": { "type": "Point", "coordinates": [ 139.09281390000001, 36.2987345 ] } },
{ "type": "Feature", "properties": { "内容": "居宅介護支援事業所　だいね【居宅介護支援】群馬県高崎市八幡町４２０番地１アサヒホームズ103号", "url2": "https://www.kaigokensaku.mhlw.go.jp/10/index.php?action_kouhyou_detail_004_kani=true&JigyosyoCd=1070203078-00&ServiceCd=430&Type=search" }, "geometry": { "type": "Point", "coordinates": [ 138.94601990000001, 36.341379 ] } },
{ "type": "Feature", "properties": { "内容": "介護支援センターカンナ【居宅介護支援】群馬県高崎市浜川町１７３９－１", "url2": "https://www.kaigokensaku.mhlw.go.jp/10/index.php?action_kouhyou_detail_004_kani=true&JigyosyoCd=1070202971-00&ServiceCd=430&Type=search" }, "geometry": { "type": "Point", "coordinates": [ 138.985121099999986, 36.3618775 ] } },
{ "type": "Feature", "properties": { "内容": "居宅介護支援事業所　えりん【居宅介護支援】群馬県高崎市浜川町836-2", "url2": "https://www.kaigokensaku.mhlw.go.jp/10/index.php?action_kouhyou_detail_004_kani=true&JigyosyoCd=1070200702-00&ServiceCd=430&Type=search" }, "geometry": { "type": "Point", "coordinates": [ 138.9826405, 36.3741816 ] } },
{ "type": "Feature", "properties": { "内容": "プランセンター・ライフ【居宅介護支援】群馬県高崎市福島町750-3ハイツ理歩C-101", "url2": "https://www.kaigokensaku.mhlw.go.jp/10/index.php?action_kouhyou_detail_004_kani=true&JigyosyoCd=1070205693-00&ServiceCd=430&Type=search" }, "geometry": { "type": "Point", "coordinates": [ 138.99976686071318, 36.363552791734712 ] } },
{ "type": "Feature", "properties": { "内容": "パナケア真中株式会社　高崎居宅介護支援事業所【居宅介護支援】群馬県高崎市福島町７５２－１３", "url2": "https://www.kaigokensaku.mhlw.go.jp/10/index.php?action_kouhyou_detail_004_kani=true&JigyosyoCd=1070200736-00&ServiceCd=430&Type=search" }, "geometry": { "type": "Point", "coordinates": [ 138.9983062, 36.3639138 ] } },
{ "type": "Feature", "properties": { "内容": "スマイルケア高崎【居宅介護支援】群馬県高崎市並榎町463－20ハーヴェスト石橋1階", "url2": "https://www.kaigokensaku.mhlw.go.jp/10/index.php?action_kouhyou_detail_004_kani=true&JigyosyoCd=1070202906-00&ServiceCd=430&Type=search" }, "geometry": { "type": "Point", "coordinates": [ 138.992707600000017, 36.3326552 ] } },
{ "type": "Feature", "properties": { "内容": "ケアマネ―ジステーション関越中央【居宅介護支援】群馬県高崎市北原町179-1医療法人関越中央病院　介護・福祉村　北原の里", "url2": "https://www.kaigokensaku.mhlw.go.jp/10/index.php?action_kouhyou_detail_004_kani=true&JigyosyoCd=1072100025-00&ServiceCd=430&Type=search" }, "geometry": { "type": "Point", "coordinates": [ 139.024670746696529, 36.404387986870333 ] } },
{ "type": "Feature", "properties": { "内容": "ケアプランセンターハルナ【居宅介護支援】群馬県高崎市本郷町1082-6", "url2": "https://www.kaigokensaku.mhlw.go.jp/10/index.php?action_kouhyou_detail_004_kani=true&JigyosyoCd=1072100686-00&ServiceCd=430&Type=search" }, "geometry": { "type": "Point", "coordinates": [ 138.943233571164029, 36.362636623476256 ] } },
{ "type": "Feature", "properties": { "内容": "高崎社協中央居宅介護支援センター【居宅介護支援】群馬県高崎市末広町115番地1高崎市総合福祉センター３階", "url2": "https://www.kaigokensaku.mhlw.go.jp/10/index.php?action_kouhyou_detail_004_kani=true&JigyosyoCd=1070200041-00&ServiceCd=430&Type=search" }, "geometry": { "type": "Point", "coordinates": [ 139.008586599999944, 36.3374595 ] } },
{ "type": "Feature", "properties": { "内容": "牧野ケアサービス【居宅介護支援】群馬県高崎市末広町92－7", "url2": "https://www.kaigokensaku.mhlw.go.jp/10/index.php?action_kouhyou_detail_004_kani=true&JigyosyoCd=1070200744-00&ServiceCd=430&Type=search" }, "geometry": { "type": "Point", "coordinates": [ 139.007082647390718, 36.336824241139318 ] } },
{ "type": "Feature", "properties": { "内容": "居宅介護支援センター　みさと【居宅介護支援】群馬県高崎市箕郷町上芝６２８－２", "url2": "https://www.kaigokensaku.mhlw.go.jp/10/index.php?action_kouhyou_detail_004_kani=true&JigyosyoCd=1070202484-00&ServiceCd=430&Type=search" }, "geometry": { "type": "Point", "coordinates": [ 138.956620435581954, 36.382645925032143 ] } },
{ "type": "Feature", "properties": { "内容": "よかよかケアプラン【居宅介護支援】群馬県高崎市箕郷町上芝８０４－３", "url2": "https://www.kaigokensaku.mhlw.go.jp/10/index.php?action_kouhyou_detail_004_kani=true&JigyosyoCd=1070203128-00&ServiceCd=430&Type=search" }, "geometry": { "type": "Point", "coordinates": [ 138.956120100000021, 36.3886592 ] } },
{ "type": "Feature", "properties": { "内容": "居宅介護支援事業所ベルジ箕輪【居宅介護支援】群馬県高崎市上芝845-3グランドホーム箕輪内", "url2": "https://www.kaigokensaku.mhlw.go.jp/10/index.php?action_kouhyou_detail_004_kani=true&JigyosyoCd=1070206063-00&ServiceCd=430&Type=search" }, "geometry": { "type": "Point", "coordinates": [ 138.960961499999939, 36.3849599 ] } },
{ "type": "Feature", "properties": { "内容": "居宅介護支援事業所みのわ【居宅介護支援】群馬県高崎市箕郷町西明屋338ナーシングホームみのわ", "url2": "https://www.kaigokensaku.mhlw.go.jp/10/index.php?action_kouhyou_detail_004_kani=true&JigyosyoCd=1070204886-00&ServiceCd=430&Type=search" }, "geometry": { "type": "Point", "coordinates": [ 138.955070432402067, 36.397416497967981 ] } },
{ "type": "Feature", "properties": { "内容": "ケアプラン　やすらぎ【居宅介護支援】群馬県高崎市箕郷町柏木沢６２６番地１", "url2": "https://www.kaigokensaku.mhlw.go.jp/10/index.php?action_kouhyou_detail_004_kani=true&JigyosyoCd=1070207087-00&ServiceCd=430&Type=search" }, "geometry": { "type": "Point", "coordinates": [ 138.955221599999987, 36.4220307 ] } },
{ "type": "Feature", "properties": { "内容": "特別養護老人ホーム泉の園【居宅介護支援】群馬県高崎市箕郷町矢原12番地1", "url2": "https://www.kaigokensaku.mhlw.go.jp/10/index.php?action_kouhyou_detail_004_kani=true&JigyosyoCd=1072100132-00&ServiceCd=430&Type=search" }, "geometry": { "type": "Point", "coordinates": [ 138.962777800000026, 36.3972831 ] } },
{ "type": "Feature", "properties": { "内容": "居宅介護支援事業所　虹色【居宅介護支援】群馬県高崎市箕郷町矢原394-3", "url2": "https://www.kaigokensaku.mhlw.go.jp/10/index.php?action_kouhyou_detail_004_kani=true&JigyosyoCd=1070202609-00&ServiceCd=430&Type=search" }, "geometry": { "type": "Point", "coordinates": [ 138.965799699999934, 36.4037433 ] } },
{ "type": "Feature", "properties": { "内容": "居宅介護支援事業所しら川【居宅介護支援】群馬県高崎市箕郷町和田山87番地12", "url2": "https://www.kaigokensaku.mhlw.go.jp/10/index.php?action_kouhyou_detail_004_kani=true&JigyosyoCd=1070207459-00&ServiceCd=430&Type=search" }, "geometry": { "type": "Point", "coordinates": [ 138.954702624806174, 36.380268550325518 ] } },
{ "type": "Feature", "properties": { "内容": "居宅介護支援事業所　ふるさと【居宅介護支援】群馬県高崎市綿貫町1369", "url2": "https://www.kaigokensaku.mhlw.go.jp/10/index.php?action_kouhyou_detail_004_kani=true&JigyosyoCd=1070200769-00&ServiceCd=430&Type=search" }, "geometry": { "type": "Point", "coordinates": [ 139.081381800000031, 36.3053142 ] } },
{ "type": "Feature", "properties": { "内容": "アムール居宅介護支援事業所【居宅介護支援】群馬県高崎市問屋町一丁目６番地４アムールタウン高崎　サポートセンター（内）", "url2": "https://www.kaigokensaku.mhlw.go.jp/10/index.php?action_kouhyou_detail_004_kani=true&JigyosyoCd=1070202518-00&ServiceCd=430&Type=search" }, "geometry": { "type": "Point", "coordinates": [ 139.009433177909813, 36.34956126176359 ] } },
{ "type": "Feature", "properties": { "内容": "ツクイ高崎問屋町【居宅介護支援】群馬県高崎市問屋町西２－６－２", "url2": "https://www.kaigokensaku.mhlw.go.jp/10/index.php?action_kouhyou_detail_004_kani=true&JigyosyoCd=1070201494-00&ServiceCd=430&Type=search" }, "geometry": { "type": "Point", "coordinates": [ 139.00443139999993, 36.3472849 ] } },
{ "type": "Feature", "properties": { "内容": "居宅介護支援事業所　明生苑【居宅介護支援】群馬県高崎市矢中町1105-4", "url2": "https://www.kaigokensaku.mhlw.go.jp/10/index.php?action_kouhyou_detail_004_kani=true&JigyosyoCd=1070201080-00&ServiceCd=430&Type=search" }, "geometry": { "type": "Point", "coordinates": [ 139.0515428, 36.3052188 ] } },
{ "type": "Feature", "properties": { "内容": "ホスピスケアマネジメントぷらす【居宅介護支援】群馬県高崎市矢中町20-20SR矢中ビル１F", "url2": "https://www.kaigokensaku.mhlw.go.jp/10/index.php?action_kouhyou_detail_004_kani=true&JigyosyoCd=1070206659-00&ServiceCd=430&Type=search" }, "geometry": { "type": "Point", "coordinates": [ 139.042649, 36.3094157 ] } },
{ "type": "Feature", "properties": { "内容": "居宅介護支援事業所　ぬくもり【居宅介護支援】群馬県高崎市矢中町841", "url2": "https://www.kaigokensaku.mhlw.go.jp/10/index.php?action_kouhyou_detail_004_kani=true&JigyosyoCd=1070200074-00&ServiceCd=430&Type=search" }, "geometry": { "type": "Point", "coordinates": [ 139.051315100000011, 36.3047688 ] } },
{ "type": "Feature", "properties": { "内容": "居宅介護支援事業所　ひかり【居宅介護支援】群馬県高崎市矢島町４４９－２", "url2": "https://www.kaigokensaku.mhlw.go.jp/10/index.php?action_kouhyou_detail_004_kani=true&JigyosyoCd=1070200058-00&ServiceCd=430&Type=search" }, "geometry": { "type": "Point", "coordinates": [ 139.049367, 36.3391454 ] } },
{ "type": "Feature", "properties": { "内容": "居宅介護支援事業所愛ことば【居宅介護支援】群馬県高崎市緑町2-15-6", "url2": "https://www.kaigokensaku.mhlw.go.jp/10/index.php?action_kouhyou_detail_004_kani=true&JigyosyoCd=1070206717-00&ServiceCd=430&Type=search" }, "geometry": { "type": "Point", "coordinates": [ 139.002564600000028, 36.3546287 ] } },
{ "type": "Feature", "properties": { "内容": "居宅介護支援事業所LoveGreen【居宅介護支援】群馬県高崎市緑町1-14-4ｸﾘｴｰﾄﾋﾞﾙ201", "url2": "https://www.kaigokensaku.mhlw.go.jp/10/index.php?action_kouhyou_detail_004_kani=true&JigyosyoCd=1070207558-00&ServiceCd=430&Type=search" }, "geometry": { "type": "Point", "coordinates": [ 139.001204300000012, 36.352679399999985 ] } },
{ "type": "Feature", "properties": { "内容": "居宅介護支援事業所真木【居宅介護支援】群馬県高崎市筑縄町71-1", "url2": "https://www.kaigokensaku.mhlw.go.jp/10/index.php?action_kouhyou_detail_004_kani=true&JigyosyoCd=1070207533-00&ServiceCd=430&Type=search" }, "geometry": { "type": "Point", "coordinates": [ 138.9861702, 36.3483144 ] } },
{ "type": "Feature", "properties": { "内容": "ケアプランみなみかぜ【居宅介護支援】群馬県高崎市三ツ寺町1040－2", "url2": "https://www.kaigokensaku.mhlw.go.jp/10/index.php?action_kouhyou_detail_004_kani=true&JigyosyoCd=1070207699-00&ServiceCd=430&Type=search" }, "geometry": { "type": "Point", "coordinates": [ 138.996820380994166, 36.378688719242291 ] } },
{ "type": "Feature", "properties": { "内容": "居宅介護支援事業所ミモザ【居宅介護支援】群馬県高崎市和田多中町402番地23B館", "url2": "https://www.kaigokensaku.mhlw.go.jp/10/index.php?action_kouhyou_detail_004_kani=true&JigyosyoCd=1070208127-00&ServiceCd=430&Type=search" }, "geometry": { "type": "Point", "coordinates": [ 139.01582, 36.3096633 ] } },
{ "type": "Feature", "properties": { "内容": "ベストライフ高崎居宅介護支援事業所【居宅介護支援】群馬県高崎市問屋町3-7-3", "url2": "https://www.kaigokensaku.mhlw.go.jp/10/index.php?action_kouhyou_detail_004_kani=true&JigyosyoCd=1070207863-00&ServiceCd=430&Type=search" }, "geometry": { "type": "Point", "coordinates": [ 139.013398932540895, 36.347550382597838 ] } },
{ "type": "Feature", "properties": { "内容": "福祉ネットいつの和【居宅介護支援】群馬県高崎市緑町１丁目10-9すとりーむ緑ハイツB202", "url2": "https://www.kaigokensaku.mhlw.go.jp/10/index.php?action_kouhyou_detail_004_kani=true&JigyosyoCd=1070208028-00&ServiceCd=430&Type=search" }, "geometry": { "type": "Point", "coordinates": [ 139.001791074205016, 36.351320620489993 ] } },
{ "type": "Feature", "properties": { "内容": "居宅介護支援事業所えこわ【居宅介護支援】群馬県高崎市剣崎町254-1光マンションⅠ　104号", "url2": "https://www.kaigokensaku.mhlw.go.jp/10/index.php?action_kouhyou_detail_004_kani=true&JigyosyoCd=1070207731-00&ServiceCd=430&Type=search" }, "geometry": { "type": "Point", "coordinates": [ 138.9549088, 36.341152 ] } },
{ "type": "Feature", "properties": { "内容": "居宅介護支援事業所かしの樹【居宅介護支援】群馬県高崎市足門町764-3", "url2": "https://www.kaigokensaku.mhlw.go.jp/10/index.php?action_kouhyou_detail_004_kani=true&JigyosyoCd=1070207665-00&ServiceCd=430&Type=search" }, "geometry": { "type": "Point", "coordinates": [ 138.996196947575527, 36.394108740198675 ] } },
{ "type": "Feature", "properties": { "内容": "居宅介護支援事業所　りっすん【居宅介護支援】群馬県高崎市上並榎町179-5", "url2": "https://www.kaigokensaku.mhlw.go.jp/10/index.php?action_kouhyou_detail_004_kani=true&JigyosyoCd=1070208051-00&ServiceCd=430&Type=search" }, "geometry": { "type": "Point", "coordinates": [ 138.986419, 36.3464053 ] } },
{ "type": "Feature", "properties": { "内容": "けあビジョン高崎【居宅介護支援】群馬県高崎市新田町3－8", "url2": "https://www.kaigokensaku.mhlw.go.jp/10/index.php?action_kouhyou_detail_004_kani=true&JigyosyoCd=1070203839-00&ServiceCd=430&Type=search" }, "geometry": { "type": "Point", "coordinates": [ 139.008487699999932, 36.3200756 ] } },
{ "type": "Feature", "properties": { "内容": "居宅介護支援事業所　サンホープ　ケアプランセンターきりゅう【居宅介護支援】群馬県桐生市相生町5丁目2086番地13", "url2": "https://www.kaigokensaku.mhlw.go.jp/10/index.php?action_kouhyou_detail_004_kani=true&JigyosyoCd=1070300775-00&ServiceCd=430&Type=search" }, "geometry": { "type": "Point", "coordinates": [ 139.292240720393352, 36.415655641634338 ] } },
{ "type": "Feature", "properties": { "内容": "居宅介護支援事業所　シニアの杜・桐生【居宅介護支援】群馬県桐生市宮本町１丁目１２－３８", "url2": "https://www.kaigokensaku.mhlw.go.jp/10/index.php?action_kouhyou_detail_004_kani=true&JigyosyoCd=1070302284-00&ServiceCd=430&Type=search" }, "geometry": { "type": "Point", "coordinates": [ 139.339419899999939, 36.4145202 ] } },
{ "type": "Feature", "properties": { "内容": "有限会社菜の花ケアサービス【居宅介護支援】群馬県桐生市境野町1丁目1138番地", "url2": "https://www.kaigokensaku.mhlw.go.jp/10/index.php?action_kouhyou_detail_004_kani=true&JigyosyoCd=1070301286-00&ServiceCd=430&Type=search" }, "geometry": { "type": "Point", "coordinates": [ 139.35216390000005, 36.3938974 ] } },
{ "type": "Feature", "properties": { "内容": "ケアプランぬくもり【居宅介護支援】群馬県桐生市錦町2丁目10-26錦町ATビル2F-B", "url2": "https://www.kaigokensaku.mhlw.go.jp/10/index.php?action_kouhyou_detail_004_kani=true&JigyosyoCd=1070303324-00&ServiceCd=430&Type=search" }, "geometry": { "type": "Point", "coordinates": [ 139.330716865669643, 36.404281978651134 ] } },
{ "type": "Feature", "properties": { "内容": "居宅介護支援事業所きりゅう【居宅介護支援】群馬県桐生市元宿町18-2桐生メディカルセンターB1F", "url2": "https://www.kaigokensaku.mhlw.go.jp/10/index.php?action_kouhyou_detail_004_kani=true&JigyosyoCd=1070300411-00&ServiceCd=430&Type=search" }, "geometry": { "type": "Point", "coordinates": [ 139.3292765, 36.410509500000018 ] } },
{ "type": "Feature", "properties": { "内容": "介護支援ふたば【居宅介護支援】群馬県桐生市広沢町1丁目2643番地の1", "url2": "https://www.kaigokensaku.mhlw.go.jp/10/index.php?action_kouhyou_detail_004_kani=true&JigyosyoCd=1070300080-00&ServiceCd=430&Type=search" }, "geometry": { "type": "Point", "coordinates": [ 139.333065499999947, 36.3919753 ] } },
{ "type": "Feature", "properties": { "内容": "居宅介護支援センター希望【居宅介護支援】群馬県桐生市広沢町1丁目2725-1", "url2": "https://www.kaigokensaku.mhlw.go.jp/10/index.php?action_kouhyou_detail_004_kani=true&JigyosyoCd=1070302334-00&ServiceCd=430&Type=search" }, "geometry": { "type": "Point", "coordinates": [ 139.330326799999966, 36.3937974 ] } },
{ "type": "Feature", "properties": { "内容": "医療法人　武井内科医院【居宅介護支援】群馬県桐生市広沢町1丁目2684番地", "url2": "https://www.kaigokensaku.mhlw.go.jp/10/index.php?action_kouhyou_detail_004_kani=true&JigyosyoCd=1012410500-00&ServiceCd=430&Type=search" }, "geometry": { "type": "Point", "coordinates": [ 139.326368600000023, 36.3975387 ] } },
{ "type": "Feature", "properties": { "内容": "医療法人社団三思会居宅介護支援事業所クララトーホー【居宅介護支援】群馬県桐生市広沢町２丁目３２４８番地1", "url2": "https://www.kaigokensaku.mhlw.go.jp/10/index.php?action_kouhyou_detail_004_kani=true&JigyosyoCd=1070300858-00&ServiceCd=430&Type=search" }, "geometry": { "type": "Point", "coordinates": [ 139.320280594967699, 36.389504858722589 ] } },
{ "type": "Feature", "properties": { "内容": "さくらんぼ居宅介護支援事業所【居宅介護支援】群馬県桐生市広沢町3丁目4020-1", "url2": "https://www.kaigokensaku.mhlw.go.jp/10/index.php?action_kouhyou_detail_004_kani=true&JigyosyoCd=1070301104-00&ServiceCd=430&Type=search" }, "geometry": { "type": "Point", "coordinates": [ 139.321815564032022, 36.388414601567789 ] } },
{ "type": "Feature", "properties": { "内容": "社会福祉法人　邦知会　ハーモニー広沢【居宅介護支援】群馬県桐生市広沢町6-332-1", "url2": "https://www.kaigokensaku.mhlw.go.jp/10/index.php?action_kouhyou_detail_004_kani=true&JigyosyoCd=1070300833-00&ServiceCd=430&Type=search" }, "geometry": { "type": "Point", "coordinates": [ 139.361092500000041, 36.3702662 ] } },
{ "type": "Feature", "properties": { "内容": "ケアプランセンターかのん【居宅介護支援】群馬県桐生市広沢町６丁目８３８－４３", "url2": "https://www.kaigokensaku.mhlw.go.jp/10/index.php?action_kouhyou_detail_004_kani=true&JigyosyoCd=1070302698-00&ServiceCd=430&Type=search" }, "geometry": { "type": "Point", "coordinates": [ 139.3499736, 36.37259370000001 ] } },
{ "type": "Feature", "properties": { "内容": "社会福祉法人　泰和会　しみずの里【居宅介護支援】群馬県桐生市黒保根町下田沢2565-1", "url2": "https://www.kaigokensaku.mhlw.go.jp/10/index.php?action_kouhyou_detail_004_kani=true&JigyosyoCd=1072000050-00&ServiceCd=430&Type=search" }, "geometry": { "type": "Point", "coordinates": [ 139.276081799999929, 36.5101374 ] } },
{ "type": "Feature", "properties": { "内容": "社会福祉法人桐生市社会福祉協議会【居宅介護支援】群馬県桐生市新宿3-3-19桐生市総合福祉センター", "url2": "https://www.kaigokensaku.mhlw.go.jp/10/index.php?action_kouhyou_detail_004_kani=true&JigyosyoCd=1070300247-00&ServiceCd=430&Type=search" }, "geometry": { "type": "Point", "coordinates": [ 139.344636700000024, 36.3950889 ] } },
{ "type": "Feature", "properties": { "内容": "居宅介護支援事業所アール【居宅介護支援】群馬県桐生市新里町新川1167-1", "url2": "https://www.kaigokensaku.mhlw.go.jp/10/index.php?action_kouhyou_detail_004_kani=true&JigyosyoCd=1070303274-00&ServiceCd=430&Type=search" }, "geometry": { "type": "Point", "coordinates": [ 139.259120200000012, 36.419678 ] } },
{ "type": "Feature", "properties": { "内容": "ケアプランセンターげんき・倶楽部【居宅介護支援】群馬県桐生市新里町新川1312", "url2": "https://www.kaigokensaku.mhlw.go.jp/10/index.php?action_kouhyou_detail_004_kani=true&JigyosyoCd=1070301260-00&ServiceCd=430&Type=search" }, "geometry": { "type": "Point", "coordinates": [ 139.257483699999966, 36.4123917 ] } },
{ "type": "Feature", "properties": { "内容": "居宅介護支援事業所ＯＨＡＮＡ【居宅介護支援】群馬県桐生市新里町新川2036-54", "url2": "https://www.kaigokensaku.mhlw.go.jp/10/index.php?action_kouhyou_detail_004_kani=true&JigyosyoCd=1070302664-00&ServiceCd=430&Type=search" }, "geometry": { "type": "Point", "coordinates": [ 139.257219599999985, 36.4191158 ] } },
{ "type": "Feature", "properties": { "内容": "居宅介護支援事業所　にいさと【居宅介護支援】群馬県桐生市新里町新川２４８８番地", "url2": "https://www.kaigokensaku.mhlw.go.jp/10/index.php?action_kouhyou_detail_004_kani=true&JigyosyoCd=1072000084-00&ServiceCd=430&Type=search" }, "geometry": { "type": "Point", "coordinates": [ 139.250720099999967, 36.4221876 ] } },
{ "type": "Feature", "properties": { "内容": "居宅介護支援事業所ローズヴィレッジ【居宅介護支援】群馬県桐生市新里町新川584-3", "url2": "https://www.kaigokensaku.mhlw.go.jp/10/index.php?action_kouhyou_detail_004_kani=true&JigyosyoCd=1070302912-00&ServiceCd=430&Type=search" }, "geometry": { "type": "Point", "coordinates": [ 139.266121800000064, 36.4141526 ] } },
{ "type": "Feature", "properties": { "内容": "みのりケアマネジメント【居宅介護支援】群馬県桐生市川内町２丁目７３番地の５", "url2": "https://www.kaigokensaku.mhlw.go.jp/10/index.php?action_kouhyou_detail_004_kani=true&JigyosyoCd=1070302417-00&ServiceCd=430&Type=search" }, "geometry": { "type": "Point", "coordinates": [ 139.311417099999971, 36.4246187 ] } },
{ "type": "Feature", "properties": { "内容": "きらぼし【居宅介護支援】群馬県桐生市川内町3丁目339-1", "url2": "https://www.kaigokensaku.mhlw.go.jp/10/index.php?action_kouhyou_detail_004_kani=true&JigyosyoCd=1070301641-00&ServiceCd=430&Type=search" }, "geometry": { "type": "Point", "coordinates": [ 139.302594227755776, 36.431607106645266 ] } },
{ "type": "Feature", "properties": { "内容": "ふれあい苑【居宅介護支援】群馬県桐生市川内町５丁目２６-１", "url2": "https://www.kaigokensaku.mhlw.go.jp/10/index.php?action_kouhyou_detail_004_kani=true&JigyosyoCd=1070300551-00&ServiceCd=430&Type=search" }, "geometry": { "type": "Point", "coordinates": [ 139.307939600000026, 36.4360422 ] } },
{ "type": "Feature", "properties": { "内容": "コープケアあいおい居宅介護支援【居宅介護支援】群馬県桐生市相生町一丁目113番地の1", "url2": "https://www.kaigokensaku.mhlw.go.jp/10/index.php?action_kouhyou_detail_004_kani=true&JigyosyoCd=1070303027-00&ServiceCd=430&Type=search" }, "geometry": { "type": "Point", "coordinates": [ 139.3194608, 36.4057462 ] } },
{ "type": "Feature", "properties": { "内容": "桐生ケアセンターそよ風【居宅介護支援】群馬県桐生市相生町１丁目160-1", "url2": "https://www.kaigokensaku.mhlw.go.jp/10/index.php?action_kouhyou_detail_004_kani=true&JigyosyoCd=1070300577-00&ServiceCd=430&Type=search" }, "geometry": { "type": "Point", "coordinates": [ 139.311842299999967, 36.4029657 ] } },
{ "type": "Feature", "properties": { "内容": "桐生整形外科病院内居宅介護支援事業部【居宅介護支援】群馬県桐生市相生町1丁目253-1医療法人社団明石会　桐生整形外科病院", "url2": "https://www.kaigokensaku.mhlw.go.jp/10/index.php?action_kouhyou_detail_004_kani=true&JigyosyoCd=1070302904-00&ServiceCd=430&Type=search" }, "geometry": { "type": "Point", "coordinates": [ 139.321870280175403, 36.398181847462723 ] } },
{ "type": "Feature", "properties": { "内容": "介護保険プラン・桐生【居宅介護支援】群馬県桐生市相生町１丁目２５１－1", "url2": "https://www.kaigokensaku.mhlw.go.jp/10/index.php?action_kouhyou_detail_004_kani=true&JigyosyoCd=1070302441-00&ServiceCd=430&Type=search" }, "geometry": { "type": "Point", "coordinates": [ 139.322541020766437, 36.397995394847811 ] } },
{ "type": "Feature", "properties": { "内容": "ケア・コスモスプラン【居宅介護支援】群馬県桐生市相生町2-35-3コスモス白滝内", "url2": "https://www.kaigokensaku.mhlw.go.jp/10/index.php?action_kouhyou_detail_004_kani=true&JigyosyoCd=1070303340-00&ServiceCd=430&Type=search" }, "geometry": { "type": "Point", "coordinates": [ 139.3123698, 36.406858 ] } },
{ "type": "Feature", "properties": { "内容": "桐生協立居宅介護センター【居宅介護支援】群馬県桐生市相生町2-554-7", "url2": "https://www.kaigokensaku.mhlw.go.jp/10/index.php?action_kouhyou_detail_004_kani=true&JigyosyoCd=1070300429-00&ServiceCd=430&Type=search" }, "geometry": { "type": "Point", "coordinates": [ 139.296485399999938, 36.4191189 ] } },
{ "type": "Feature", "properties": { "内容": "ケアプランセンターココロ【居宅介護支援】群馬県　桐生市　相生町２丁目２６１－３", "url2": "https://www.kaigokensaku.mhlw.go.jp/10/index.php?action_kouhyou_detail_004_kani=true&JigyosyoCd=1070301765-00&ServiceCd=430&Type=search" }, "geometry": { "type": "Point", "coordinates": [ 139.316175, 36.413309 ] } },
{ "type": "Feature", "properties": { "内容": "縁【居宅介護支援】群馬県桐生市相生町２丁目６６９－１", "url2": "https://www.kaigokensaku.mhlw.go.jp/10/index.php?action_kouhyou_detail_004_kani=true&JigyosyoCd=1070302615-00&ServiceCd=430&Type=search" }, "geometry": { "type": "Point", "coordinates": [ 139.315547400000014, 36.4096261 ] } },
{ "type": "Feature", "properties": { "内容": "居宅介護支援事業所みらい【居宅介護支援】群馬県桐生市相生町2-617-4サービス付き高齢者向け住宅みらい", "url2": "https://www.kaigokensaku.mhlw.go.jp/10/index.php?action_kouhyou_detail_004_kani=true&JigyosyoCd=1070303373-00&ServiceCd=430&Type=search" }, "geometry": { "type": "Point", "coordinates": [ 139.3023939, 36.4139526 ] } },
{ "type": "Feature", "properties": { "内容": "グリーンライフ桐生ケアプランセンター【居宅介護支援】群馬県桐生市相生町3丁目172-9", "url2": "https://www.kaigokensaku.mhlw.go.jp/10/index.php?action_kouhyou_detail_004_kani=true&JigyosyoCd=1070303191-00&ServiceCd=430&Type=search" }, "geometry": { "type": "Point", "coordinates": [ 139.303850799999964, 36.4182661 ] } },
{ "type": "Feature", "properties": { "内容": "居宅介護介護支援事業所　はやぶさ【居宅介護支援】群馬県桐生市相生町3丁目174-22住宅型有料老人ホームばしょう内", "url2": "https://www.kaigokensaku.mhlw.go.jp/10/index.php?action_kouhyou_detail_004_kani=true&JigyosyoCd=1070301856-00&ServiceCd=430&Type=search" }, "geometry": { "type": "Point", "coordinates": [ 139.303381754728889, 36.418785603945508 ] } },
{ "type": "Feature", "properties": { "内容": "のぞみの苑【居宅介護支援】群馬県桐生市相生町5－493", "url2": "https://www.kaigokensaku.mhlw.go.jp/10/index.php?action_kouhyou_detail_004_kani=true&JigyosyoCd=1070300072-00&ServiceCd=430&Type=search" }, "geometry": { "type": "Point", "coordinates": [ 139.2855561, 36.4146192 ] } },
{ "type": "Feature", "properties": { "内容": "ケアマネホーム　みもざ【居宅介護支援】群馬県桐生市堤町1-8-27", "url2": "https://www.kaigokensaku.mhlw.go.jp/10/index.php?action_kouhyou_detail_004_kani=true&JigyosyoCd=1070303423-00&ServiceCd=430&Type=search" }, "geometry": { "type": "Point", "coordinates": [ 139.32592360000001, 36.416425 ] } },
{ "type": "Feature", "properties": { "内容": "居宅介護支援事業所　ピーチ【居宅介護支援】群馬県桐生市堤町３丁目11-18アロマメゾン102", "url2": "https://www.kaigokensaku.mhlw.go.jp/10/index.php?action_kouhyou_detail_004_kani=true&JigyosyoCd=1070303134-00&ServiceCd=430&Type=search" }, "geometry": { "type": "Point", "coordinates": [ 139.322204130296114, 36.417936449378594 ] } },
{ "type": "Feature", "properties": { "内容": "ケアプランセンターびいどろ【居宅介護支援】群馬県桐生市梅田町1丁目228番地の5　ｱｷﾔﾏﾏﾝｼｮﾝ103アキヤママンション103", "url2": "https://www.kaigokensaku.mhlw.go.jp/10/index.php?action_kouhyou_detail_004_kani=true&JigyosyoCd=1070302979-00&ServiceCd=430&Type=search" }, "geometry": { "type": "Point", "coordinates": [ 139.359139599999907, 36.4373563 ] } },
{ "type": "Feature", "properties": { "内容": "ケアプランセンター瀬々らぎの里【居宅介護支援】群馬県桐生市梅田町一丁目字下湯沢724番地1", "url2": "https://www.kaigokensaku.mhlw.go.jp/10/index.php?action_kouhyou_detail_004_kani=true&JigyosyoCd=1070301666-00&ServiceCd=430&Type=search" }, "geometry": { "type": "Point", "coordinates": [ 139.366173538020348, 36.447338286071741 ] } },
{ "type": "Feature", "properties": { "内容": "居宅介護支援センター梅の郷【居宅介護支援】群馬県桐生市梅田町４丁目１７７４－４", "url2": "https://www.kaigokensaku.mhlw.go.jp/10/index.php?action_kouhyou_detail_004_kani=true&JigyosyoCd=1070300163-00&ServiceCd=430&Type=search" }, "geometry": { "type": "Point", "coordinates": [ 139.40640570000005, 36.4741719 ] } },
{ "type": "Feature", "properties": { "内容": "介護支援事業所　ポピー【居宅介護支援】群馬県桐生市菱町１丁目3006-1", "url2": "https://www.kaigokensaku.mhlw.go.jp/10/index.php?action_kouhyou_detail_004_kani=true&JigyosyoCd=1070300510-00&ServiceCd=430&Type=search" }, "geometry": { "type": "Point", "coordinates": [ 139.36148, 36.393128 ] } },
{ "type": "Feature", "properties": { "内容": "アイリスケアプランセンター【居宅介護支援】群馬県桐生市菱町１丁目９９３－１０", "url2": "https://www.kaigokensaku.mhlw.go.jp/10/index.php?action_kouhyou_detail_004_kani=true&JigyosyoCd=1070302755-00&ServiceCd=430&Type=search" }, "geometry": { "type": "Point", "coordinates": [ 139.349316600000066, 36.3992774 ] } },
{ "type": "Feature", "properties": { "内容": "山育会ケアプランセンター【居宅介護支援】群馬県桐生市菱町3丁目2068－10", "url2": "https://www.kaigokensaku.mhlw.go.jp/10/index.php?action_kouhyou_detail_004_kani=true&JigyosyoCd=1070300502-00&ServiceCd=430&Type=search" }, "geometry": { "type": "Point", "coordinates": [ 139.35249339881139, 36.40995361084412 ] } },
{ "type": "Feature", "properties": { "内容": "菱風園居宅介護支援事業所【居宅介護支援】群馬県桐生市浜松町１－３－３地域ケアステーション", "url2": "https://www.kaigokensaku.mhlw.go.jp/10/index.php?action_kouhyou_detail_004_kani=true&JigyosyoCd=1070301799-00&ServiceCd=430&Type=search" }, "geometry": { "type": "Point", "coordinates": [ 139.341003199999932, 36.4046797 ] } },
{ "type": "Feature", "properties": { "内容": "岩下病院ケアサポートエーデルワイス【居宅介護支援】群馬県桐生市本町４丁目３１９番地", "url2": "https://www.kaigokensaku.mhlw.go.jp/10/index.php?action_kouhyou_detail_004_kani=true&JigyosyoCd=1070303084-00&ServiceCd=430&Type=search" }, "geometry": { "type": "Point", "coordinates": [ 139.34061421138955, 36.413653887323271 ] } },
{ "type": "Feature", "properties": { "内容": "居宅介護支援事業所　えがとど【居宅介護支援】群馬県桐生市本町6丁目27番地1プライマリービル1F", "url2": "https://www.kaigokensaku.mhlw.go.jp/10/index.php?action_kouhyou_detail_004_kani=true&JigyosyoCd=1070303175-00&ServiceCd=430&Type=search" }, "geometry": { "type": "Point", "coordinates": [ 139.337819200000013, 36.4086592 ] } },
{ "type": "Feature", "properties": { "内容": "プランニングA【居宅介護支援】群馬県桐生市境野町７丁目４９番地の５", "url2": "https://www.kaigokensaku.mhlw.go.jp/10/index.php?action_kouhyou_detail_004_kani=true&JigyosyoCd=1070301294-00&ServiceCd=430&Type=search" }, "geometry": { "type": "Point", "coordinates": [ 139.364689, 36.3778572 ] } },
{ "type": "Feature", "properties": { "内容": "共創みらいケアステーション桐生桜木【居宅介護支援】群馬県桐生市相生町1丁目209-3", "url2": "https://www.kaigokensaku.mhlw.go.jp/10/index.php?action_kouhyou_detail_004_kani=true&JigyosyoCd=1070303548-00&ServiceCd=430&Type=search" }, "geometry": { "type": "Point", "coordinates": [ 139.321443140475452, 36.400086024456485 ] } },
{ "type": "Feature", "properties": { "内容": "居宅介護支援事業所らぱん【居宅介護支援】群馬県桐生市三吉町1丁目4番1号", "url2": "https://www.kaigokensaku.mhlw.go.jp/10/index.php?action_kouhyou_detail_004_kani=true&JigyosyoCd=1070303555-00&ServiceCd=430&Type=search" }, "geometry": { "type": "Point", "coordinates": [ 139.3359759, 36.3994996 ] } },
{ "type": "Feature", "properties": { "内容": "ケアプランセンターニシキチョウ【居宅介護支援】群馬県桐生市錦町1-9-35", "url2": "https://www.kaigokensaku.mhlw.go.jp/10/index.php?action_kouhyou_detail_004_kani=true&JigyosyoCd=1070303498-00&ServiceCd=430&Type=search" }, "geometry": { "type": "Point", "coordinates": [ 139.333771899999988, 36.4057273 ] } },
{ "type": "Feature", "properties": { "内容": "居宅介護支援事業所スイレン【居宅介護支援】群馬県桐生市錦町２丁目４－２７", "url2": "https://www.kaigokensaku.mhlw.go.jp/10/index.php?action_kouhyou_detail_004_kani=true&JigyosyoCd=1070303522-00&ServiceCd=430&Type=search" }, "geometry": { "type": "Point", "coordinates": [ 139.333345799999989, 36.4049591 ] } },
{ "type": "Feature", "properties": { "内容": "ケアプラン花あかり【居宅介護支援】群馬県桐生市新里町新川715‐11ファミリアイマイE号室", "url2": "https://www.kaigokensaku.mhlw.go.jp/10/index.php?action_kouhyou_detail_004_kani=true&JigyosyoCd=1070303464-00&ServiceCd=430&Type=search" }, "geometry": { "type": "Point", "coordinates": [ 139.272915500000011, 36.4135856 ] } },
{ "type": "Feature", "properties": { "内容": "介護支援センターヒロミ【居宅介護支援】群馬県桐生市菱町３丁目２１０７番地５", "url2": "https://www.kaigokensaku.mhlw.go.jp/10/index.php?action_kouhyou_detail_004_kani=true&JigyosyoCd=1070303506-00&ServiceCd=430&Type=search" }, "geometry": { "type": "Point", "coordinates": [ 139.353500200000013, 36.4126429 ] } },
{ "type": "Feature", "properties": { "内容": "ケアプランセンター晴れるや【居宅介護支援】群馬県伊勢崎市今泉町二丁目４９４番地１０サンシティＣ１０５号室", "url2": "https://www.kaigokensaku.mhlw.go.jp/10/index.php?action_kouhyou_detail_004_kani=true&JigyosyoCd=1070404734-00&ServiceCd=430&Type=search" }, "geometry": { "type": "Point", "coordinates": [ 139.198073219574013, 36.312014204041425 ] } },
{ "type": "Feature", "properties": { "内容": "ケアプランセンターげんき伊勢崎【居宅介護支援】群馬県伊勢崎市昭和町3801-3", "url2": "https://www.kaigokensaku.mhlw.go.jp/10/index.php?action_kouhyou_detail_004_kani=true&JigyosyoCd=1070404882-00&ServiceCd=430&Type=search" }, "geometry": { "type": "Point", "coordinates": [ 139.2108652, 36.32612840000003 ] } },
{ "type": "Feature", "properties": { "内容": "ケアセンターおかげさま【居宅介護支援】群馬県伊勢崎市東小保方町3493番地5", "url2": "https://www.kaigokensaku.mhlw.go.jp/10/index.php?action_kouhyou_detail_004_kani=true&JigyosyoCd=1070404924-00&ServiceCd=430&Type=search" }, "geometry": { "type": "Point", "coordinates": [ 139.24776270000001, 36.3272422 ] } },
{ "type": "Feature", "properties": { "内容": "ケアプランセンター十季のあかりアズマ【居宅介護支援】群馬県伊勢崎市上田町126－2", "url2": "https://www.kaigokensaku.mhlw.go.jp/10/index.php?action_kouhyou_detail_004_kani=true&JigyosyoCd=1070404932-00&ServiceCd=430&Type=search" }, "geometry": { "type": "Point", "coordinates": [ 139.2347749, 36.3539927 ] } },
{ "type": "Feature", "properties": { "内容": "ケアプランGreenRose【居宅介護支援】群馬県伊勢崎市安堀町789-3", "url2": "https://www.kaigokensaku.mhlw.go.jp/10/index.php?action_kouhyou_detail_004_kani=true&JigyosyoCd=1070404163-00&ServiceCd=430&Type=search" }, "geometry": { "type": "Point", "coordinates": [ 139.183317799999941, 36.3364412 ] } },
{ "type": "Feature", "properties": { "内容": "有限会社ケアセンター平成【居宅介護支援】群馬県伊勢崎市安堀町甲１６１５番地１", "url2": "https://www.kaigokensaku.mhlw.go.jp/10/index.php?action_kouhyou_detail_004_kani=true&JigyosyoCd=1070400021-00&ServiceCd=430&Type=search" }, "geometry": { "type": "Point", "coordinates": [ 139.170103686058042, 36.338837389155358 ] } },
{ "type": "Feature", "properties": { "内容": "伊勢崎市社会福祉協議会　磯沼荘事業所【居宅介護支援】群馬県伊勢崎市磯町409番地２", "url2": "https://www.kaigokensaku.mhlw.go.jp/10/index.php?action_kouhyou_detail_004_kani=true&JigyosyoCd=1070401649-00&ServiceCd=430&Type=search" }, "geometry": { "type": "Point", "coordinates": [ 139.231513187696805, 36.397252940178326 ] } },
{ "type": "Feature", "properties": { "内容": "居宅介護支援事業所アミーキ【居宅介護支援】群馬県伊勢崎市磯町435-1", "url2": "https://www.kaigokensaku.mhlw.go.jp/10/index.php?action_kouhyou_detail_004_kani=true&JigyosyoCd=1070402878-00&ServiceCd=430&Type=search" }, "geometry": { "type": "Point", "coordinates": [ 139.230736400000069, 36.399534 ] } },
{ "type": "Feature", "properties": { "内容": "一般社団法人　伊勢崎佐波医師会【居宅介護支援】群馬県伊勢崎市下植木町481番地", "url2": "https://www.kaigokensaku.mhlw.go.jp/10/index.php?action_kouhyou_detail_004_kani=true&JigyosyoCd=1070400070-00&ServiceCd=430&Type=search" }, "geometry": { "type": "Point", "coordinates": [ 139.209443299999947, 36.3160387 ] } },
{ "type": "Feature", "properties": { "内容": "ケアプランセンター花はな【居宅介護支援】群馬県伊勢崎市下植木町867-1マンショングレイトウッド101号室", "url2": "https://www.kaigokensaku.mhlw.go.jp/10/index.php?action_kouhyou_detail_004_kani=true&JigyosyoCd=1070402712-00&ServiceCd=430&Type=search" }, "geometry": { "type": "Point", "coordinates": [ 139.211445463754217, 36.317591695387883 ] } },
{ "type": "Feature", "properties": { "内容": "エフビー居宅介護支援事業所　伊勢崎【居宅介護支援】群馬県伊勢崎市下触町1001-1", "url2": "https://www.kaigokensaku.mhlw.go.jp/10/index.php?action_kouhyou_detail_004_kani=true&JigyosyoCd=1070401169-00&ServiceCd=430&Type=search" }, "geometry": { "type": "Point", "coordinates": [ 139.202659074607794, 36.365178002587129 ] } },
{ "type": "Feature", "properties": { "内容": "ケアプランセンター　ジル【居宅介護支援】群馬県伊勢崎市喜多町9-4", "url2": "https://www.kaigokensaku.mhlw.go.jp/10/index.php?action_kouhyou_detail_004_kani=true&JigyosyoCd=1070404213-00&ServiceCd=430&Type=search" }, "geometry": { "type": "Point", "coordinates": [ 139.196491599999945, 36.3298978 ] } },
{ "type": "Feature", "properties": { "内容": "宮郷介護支援センター【居宅介護支援】群馬県伊勢崎市宮古町128－1", "url2": "https://www.kaigokensaku.mhlw.go.jp/10/index.php?action_kouhyou_detail_004_kani=true&JigyosyoCd=1070401490-00&ServiceCd=430&Type=search" }, "geometry": { "type": "Point", "coordinates": [ 139.15248889999998, 36.3238729 ] } },
{ "type": "Feature", "properties": { "内容": "居宅介護支援事業所かんなの森【居宅介護支援】群馬県伊勢崎市宮子町3467番地18殿様ハイツＡ202", "url2": "https://www.kaigokensaku.mhlw.go.jp/10/index.php?action_kouhyou_detail_004_kani=true&JigyosyoCd=1070403231-00&ServiceCd=430&Type=search" }, "geometry": { "type": "Point", "coordinates": [ 139.154190699999958, 36.3365134 ] } },
{ "type": "Feature", "properties": { "内容": "ケアプランセンターはぁとらんど伊勢崎【居宅介護支援】群馬県伊勢崎市境栄762", "url2": "https://www.kaigokensaku.mhlw.go.jp/10/index.php?action_kouhyou_detail_004_kani=true&JigyosyoCd=1070404437-00&ServiceCd=430&Type=search" }, "geometry": { "type": "Point", "coordinates": [ 139.2615463, 36.2747491 ] } },
{ "type": "Feature", "properties": { "内容": "青空ケアサービス【居宅介護支援】群馬県伊勢崎市境下渕名2463番地2", "url2": "https://www.kaigokensaku.mhlw.go.jp/10/index.php?action_kouhyou_detail_004_kani=true&JigyosyoCd=1070404312-00&ServiceCd=430&Type=search" }, "geometry": { "type": "Point", "coordinates": [ 139.240392503926984, 36.307131202448446 ] } },
{ "type": "Feature", "properties": { "内容": "いこいの里居宅介護支援事業所【居宅介護支援】群馬県伊勢崎市境上武士1017-1特別養護老人ホームいこいの里", "url2": "https://www.kaigokensaku.mhlw.go.jp/10/index.php?action_kouhyou_detail_004_kani=true&JigyosyoCd=1072800079-00&ServiceCd=430&Type=search" }, "geometry": { "type": "Point", "coordinates": [ 139.229617800000028, 36.2780298 ] } },
{ "type": "Feature", "properties": { "内容": "ケアプランセンターいせさき【居宅介護支援】群馬県伊勢崎市境上武士６０３番地３", "url2": "https://www.kaigokensaku.mhlw.go.jp/10/index.php?action_kouhyou_detail_004_kani=true&JigyosyoCd=1070404346-00&ServiceCd=430&Type=search" }, "geometry": { "type": "Point", "coordinates": [ 139.230311199999989, 36.2818063 ] } },
{ "type": "Feature", "properties": { "内容": "ケアサービス鶴谷【居宅介護支援】群馬県伊勢崎市境百々421", "url2": "https://www.kaigokensaku.mhlw.go.jp/10/index.php?action_kouhyou_detail_004_kani=true&JigyosyoCd=1072800053-00&ServiceCd=430&Type=search" }, "geometry": { "type": "Point", "coordinates": [ 139.2539018, 36.2768607 ] } },
{ "type": "Feature", "properties": { "内容": "ケアプランセンターこころの宿【居宅介護支援】群馬県伊勢崎市曲沢町382番地1", "url2": "https://www.kaigokensaku.mhlw.go.jp/10/index.php?action_kouhyou_detail_004_kani=true&JigyosyoCd=1070403793-00&ServiceCd=430&Type=search" }, "geometry": { "type": "Point", "coordinates": [ 139.244035199999985, 36.3748916 ] } },
{ "type": "Feature", "properties": { "内容": "居宅介護支援　星のライフ【居宅介護支援】群馬県伊勢崎市国定町一丁目１１５８番地１", "url2": "https://www.kaigokensaku.mhlw.go.jp/10/index.php?action_kouhyou_detail_004_kani=true&JigyosyoCd=1070403728-00&ServiceCd=430&Type=search" }, "geometry": { "type": "Point", "coordinates": [ 139.255125240892113, 36.368352076757546 ] } },
{ "type": "Feature", "properties": { "内容": "特別養護老人ホームサルビア荘【居宅介護支援】群馬県伊勢崎市国定町2丁目2345番地", "url2": "https://www.kaigokensaku.mhlw.go.jp/10/index.php?action_kouhyou_detail_004_kani=true&JigyosyoCd=1072800020-00&ServiceCd=430&Type=search" }, "geometry": { "type": "Point", "coordinates": [ 139.235369499999933, 36.3630455 ] } },
{ "type": "Feature", "properties": { "内容": "居宅介護支援事業所　ほうしん【居宅介護支援】群馬県伊勢崎市今井町339-3", "url2": "https://www.kaigokensaku.mhlw.go.jp/10/index.php?action_kouhyou_detail_004_kani=true&JigyosyoCd=1070403892-00&ServiceCd=430&Type=search" }, "geometry": { "type": "Point", "coordinates": [ 139.181261532540958, 36.303872857132106 ] } },
{ "type": "Feature", "properties": { "内容": "ケアマネジメントセンターおおいど【居宅介護支援】群馬県伊勢崎市三室町4014-20", "url2": "https://www.kaigokensaku.mhlw.go.jp/10/index.php?action_kouhyou_detail_004_kani=true&JigyosyoCd=1070402365-00&ServiceCd=430&Type=search" }, "geometry": { "type": "Point", "coordinates": [ 139.2450867, 36.3171008 ] } },
{ "type": "Feature", "properties": { "内容": "ケアプランセンターヒノデ【居宅介護支援】群馬県伊勢崎市三室町5322-4イーストビレッジＥ区画", "url2": "https://www.kaigokensaku.mhlw.go.jp/10/index.php?action_kouhyou_detail_004_kani=true&JigyosyoCd=1070403629-00&ServiceCd=430&Type=search" }, "geometry": { "type": "Point", "coordinates": [ 139.234249862758958, 36.330046384902367 ] } },
{ "type": "Feature", "properties": { "内容": "ケアプランかしま【居宅介護支援】群馬県伊勢崎市鹿島町７８３", "url2": "https://www.kaigokensaku.mhlw.go.jp/10/index.php?action_kouhyou_detail_004_kani=true&JigyosyoCd=1070403165-00&ServiceCd=430&Type=search" }, "geometry": { "type": "Point", "coordinates": [ 139.2065371, 36.3414024 ] } },
{ "type": "Feature", "properties": { "内容": "ケアプランセンター銘仙【居宅介護支援】群馬県伊勢崎市寿町155番地3", "url2": "https://www.kaigokensaku.mhlw.go.jp/10/index.php?action_kouhyou_detail_004_kani=true&JigyosyoCd=1072800061-00&ServiceCd=430&Type=search" }, "geometry": { "type": "Point", "coordinates": [ 139.199130197242766, 36.332563981702336 ] } },
{ "type": "Feature", "properties": { "内容": "伊勢崎市社会福祉協議会伊勢崎事業所【居宅介護支援】群馬県伊勢崎市上泉町151番地", "url2": "https://www.kaigokensaku.mhlw.go.jp/10/index.php?action_kouhyou_detail_004_kani=true&JigyosyoCd=1070401003-00&ServiceCd=430&Type=search" }, "geometry": { "type": "Point", "coordinates": [ 139.1920321, 36.3107416 ] } },
{ "type": "Feature", "properties": { "内容": "ケアプランセンターてんとうむし【居宅介護支援】群馬県伊勢崎市上蓮町674-14ルミナスカミハス101", "url2": "https://www.kaigokensaku.mhlw.go.jp/10/index.php?action_kouhyou_detail_004_kani=true&JigyosyoCd=1070404726-00&ServiceCd=430&Type=search" }, "geometry": { "type": "Point", "coordinates": [ 139.213873899999982, 36.2707411 ] } },
{ "type": "Feature", "properties": { "内容": "トータルプランねこのて【居宅介護支援】群馬県伊勢崎市西久保町3丁目762－1", "url2": "https://www.kaigokensaku.mhlw.go.jp/10/index.php?action_kouhyou_detail_004_kani=true&JigyosyoCd=1070404775-00&ServiceCd=430&Type=search" }, "geometry": { "type": "Point", "coordinates": [ 139.233630269975322, 36.370517405112274 ] } },
{ "type": "Feature", "properties": { "内容": "ケアプランセンターこまち【居宅介護支援】群馬県伊勢崎市西田町70-1さくらハイツ103", "url2": "https://www.kaigokensaku.mhlw.go.jp/10/index.php?action_kouhyou_detail_004_kani=true&JigyosyoCd=1070404783-00&ServiceCd=430&Type=search" }, "geometry": { "type": "Point", "coordinates": [ 139.195768600000036, 36.332033799999984 ] } },
{ "type": "Feature", "properties": { "内容": "ケアグローイング【居宅介護支援】群馬県伊勢崎市赤堀今井町1丁目361-4", "url2": "https://www.kaigokensaku.mhlw.go.jp/10/index.php?action_kouhyou_detail_004_kani=true&JigyosyoCd=1070404262-00&ServiceCd=430&Type=search" }, "geometry": { "type": "Point", "coordinates": [ 139.213336982621314, 36.380738808371994 ] } },
{ "type": "Feature", "properties": { "内容": "ケアプランセンターみはら【居宅介護支援】群馬県伊勢崎市太田町427-3", "url2": "https://www.kaigokensaku.mhlw.go.jp/10/index.php?action_kouhyou_detail_004_kani=true&JigyosyoCd=1070401987-00&ServiceCd=430&Type=search" }, "geometry": { "type": "Point", "coordinates": [ 139.180090899999982, 36.3282338 ] } },
{ "type": "Feature", "properties": { "内容": "特別養護老人ホーム愛老園【居宅介護支援】群馬県伊勢崎市太田町686", "url2": "https://www.kaigokensaku.mhlw.go.jp/10/index.php?action_kouhyou_detail_004_kani=true&JigyosyoCd=1070400047-00&ServiceCd=430&Type=search" }, "geometry": { "type": "Point", "coordinates": [ 139.187642899999986, 36.3257425 ] } },
{ "type": "Feature", "properties": { "内容": "居宅介護支援事業所みはら【居宅介護支援】群馬県伊勢崎市大手町1-1", "url2": "https://www.kaigokensaku.mhlw.go.jp/10/index.php?action_kouhyou_detail_004_kani=true&JigyosyoCd=1070400138-00&ServiceCd=430&Type=search" }, "geometry": { "type": "Point", "coordinates": [ 139.194274421270734, 36.325273330812536 ] } },
{ "type": "Feature", "properties": { "内容": "ケアライフ華蔵寺ケアプランセンター【居宅介護支援】群馬県伊勢崎市堤下町72番地1", "url2": "https://www.kaigokensaku.mhlw.go.jp/10/index.php?action_kouhyou_detail_004_kani=true&JigyosyoCd=1070404635-00&ServiceCd=430&Type=search" }, "geometry": { "type": "Point", "coordinates": [ 139.196156686508147, 36.338218837129226 ] } },
{ "type": "Feature", "properties": { "内容": "恵風荘居宅介護支援事業所【居宅介護支援】群馬県伊勢崎市田中町423-1", "url2": "https://www.kaigokensaku.mhlw.go.jp/10/index.php?action_kouhyou_detail_004_kani=true&JigyosyoCd=1070400013-00&ServiceCd=430&Type=search" }, "geometry": { "type": "Point", "coordinates": [ 139.166455, 36.305711 ] } },
{ "type": "Feature", "properties": { "内容": "居宅介護支援　温守【居宅介護支援】群馬県伊勢崎市田部井町2丁目1202番地", "url2": "https://www.kaigokensaku.mhlw.go.jp/10/index.php?action_kouhyou_detail_004_kani=true&JigyosyoCd=1070401821-00&ServiceCd=430&Type=search" }, "geometry": { "type": "Point", "coordinates": [ 139.245668520593199, 36.350797357815125 ] } },
{ "type": "Feature", "properties": { "内容": "居宅介護支援事業所「はるかぜ」【居宅介護支援】群馬県伊勢崎市田部井町三丁目2734番地4", "url2": "https://www.kaigokensaku.mhlw.go.jp/10/index.php?action_kouhyou_detail_004_kani=true&JigyosyoCd=1070401466-00&ServiceCd=430&Type=search" }, "geometry": { "type": "Point", "coordinates": [ 139.264964299999974, 36.3556219 ] } },
{ "type": "Feature", "properties": { "内容": "ケアプラン　くおーれ【居宅介護支援】群馬県伊勢崎市東町2888-1２F棟", "url2": "https://www.kaigokensaku.mhlw.go.jp/10/index.php?action_kouhyou_detail_004_kani=true&JigyosyoCd=1070404353-00&ServiceCd=430&Type=search" }, "geometry": { "type": "Point", "coordinates": [ 139.240451443516605, 36.339070311088122 ] } },
{ "type": "Feature", "properties": { "内容": "ケアプランセンター四つ葉のクローバー南千木【居宅介護支援】群馬県伊勢崎市南千木町1659-2", "url2": "https://www.kaigokensaku.mhlw.go.jp/10/index.php?action_kouhyou_detail_004_kani=true&JigyosyoCd=1070402787-00&ServiceCd=430&Type=search" }, "geometry": { "type": "Point", "coordinates": [ 139.219198300000016, 36.2971302 ] } },
{ "type": "Feature", "properties": { "内容": "ケアプランセンターふじ【居宅介護支援】群馬県伊勢崎市南千木町２３８２番地１", "url2": "https://www.kaigokensaku.mhlw.go.jp/10/index.php?action_kouhyou_detail_004_kani=true&JigyosyoCd=1070402449-00&ServiceCd=430&Type=search" }, "geometry": { "type": "Point", "coordinates": [ 139.215757744844012, 36.298999699672464 ] } },
{ "type": "Feature", "properties": { "内容": "リリーフスティション【居宅介護支援】群馬県伊勢崎市日乃出町４２４番地１", "url2": "https://www.kaigokensaku.mhlw.go.jp/10/index.php?action_kouhyou_detail_004_kani=true&JigyosyoCd=1070401052-00&ServiceCd=430&Type=search" }, "geometry": { "type": "Point", "coordinates": [ 139.224097628558411, 36.319870321310844 ] } },
{ "type": "Feature", "properties": { "内容": "ケアプラン　オレンジ【居宅介護支援】群馬県伊勢崎市日乃出町846-3", "url2": "https://www.kaigokensaku.mhlw.go.jp/10/index.php?action_kouhyou_detail_004_kani=true&JigyosyoCd=1070404197-00&ServiceCd=430&Type=search" }, "geometry": { "type": "Point", "coordinates": [ 139.231730626616155, 36.319729311439922 ] } },
{ "type": "Feature", "properties": { "内容": "ことぶきの郷　居宅介護支援事業所【居宅介護支援】群馬県伊勢崎市波志江町１９７６番地５", "url2": "https://www.kaigokensaku.mhlw.go.jp/10/index.php?action_kouhyou_detail_004_kani=true&JigyosyoCd=1070400039-00&ServiceCd=430&Type=search" }, "geometry": { "type": "Point", "coordinates": [ 139.187667, 36.3473486 ] } },
{ "type": "Feature", "properties": { "内容": "瑞花【居宅介護支援】群馬県伊勢崎市波志江町776番地3", "url2": "https://www.kaigokensaku.mhlw.go.jp/10/index.php?action_kouhyou_detail_004_kani=true&JigyosyoCd=1070401227-00&ServiceCd=430&Type=search" }, "geometry": { "type": "Point", "coordinates": [ 139.173671199999944, 36.349018 ] } },
{ "type": "Feature", "properties": { "内容": "ゆたか【居宅介護支援】群馬県伊勢崎市馬見塚町1196-1", "url2": "https://www.kaigokensaku.mhlw.go.jp/10/index.php?action_kouhyou_detail_004_kani=true&JigyosyoCd=1070400054-00&ServiceCd=430&Type=search" }, "geometry": { "type": "Point", "coordinates": [ 139.211992199999912, 36.2727246 ] } },
{ "type": "Feature", "properties": { "内容": "ケアサービス桑原【居宅介護支援】群馬県伊勢崎市馬見塚町933", "url2": "https://www.kaigokensaku.mhlw.go.jp/10/index.php?action_kouhyou_detail_004_kani=true&JigyosyoCd=1070400716-00&ServiceCd=430&Type=search" }, "geometry": { "type": "Point", "coordinates": [ 139.218876799999947, 36.2839512 ] } },
{ "type": "Feature", "properties": { "内容": "居宅介護支援事業所　優【居宅介護支援】群馬県伊勢崎市八斗島町1595-6", "url2": "https://www.kaigokensaku.mhlw.go.jp/10/index.php?action_kouhyou_detail_004_kani=true&JigyosyoCd=1070401698-00&ServiceCd=430&Type=search" }, "geometry": { "type": "Point", "coordinates": [ 139.189933900000028, 36.2699409 ] } },
{ "type": "Feature", "properties": { "内容": "介護センターななくさ株式会社【居宅介護支援】群馬県伊勢崎市豊城町１８６６番地１", "url2": "https://www.kaigokensaku.mhlw.go.jp/10/index.php?action_kouhyou_detail_004_kani=true&JigyosyoCd=1070401656-00&ServiceCd=430&Type=search" }, "geometry": { "type": "Point", "coordinates": [ 139.224168700000064, 36.3320984 ] } },
{ "type": "Feature", "properties": { "内容": "ロータスヴィレッジケアマネージメント【居宅介護支援】群馬県伊勢崎市豊城町2780-2", "url2": "https://www.kaigokensaku.mhlw.go.jp/10/index.php?action_kouhyou_detail_004_kani=true&JigyosyoCd=1070400088-00&ServiceCd=430&Type=search" }, "geometry": { "type": "Point", "coordinates": [ 139.222293600000057, 36.3400197 ] } },
{ "type": "Feature", "properties": { "内容": "茂呂居宅介護支援事業所【居宅介護支援】群馬県伊勢崎市北千木町１１２６番地", "url2": "https://www.kaigokensaku.mhlw.go.jp/10/index.php?action_kouhyou_detail_004_kani=true&JigyosyoCd=1070400625-00&ServiceCd=430&Type=search" }, "geometry": { "type": "Point", "coordinates": [ 139.219742200000042, 36.306779 ] } },
{ "type": "Feature", "properties": { "内容": "居宅介護支援　ハハコグサ【居宅介護支援】群馬県伊勢崎市北千木町2021-1", "url2": "https://www.kaigokensaku.mhlw.go.jp/10/index.php?action_kouhyou_detail_004_kani=true&JigyosyoCd=1070404056-00&ServiceCd=430&Type=search" }, "geometry": { "type": "Point", "coordinates": [ 139.19799839999996, 36.3016207 ] } },
{ "type": "Feature", "properties": { "内容": "坂東介護支援センター【居宅介護支援】群馬県伊勢崎市堀口町935-1", "url2": "https://www.kaigokensaku.mhlw.go.jp/10/index.php?action_kouhyou_detail_004_kani=true&JigyosyoCd=1070400815-00&ServiceCd=430&Type=search" }, "geometry": { "type": "Point", "coordinates": [ 139.185567399999968, 36.2832947 ] } },
{ "type": "Feature", "properties": { "内容": "ケアフレンド野田【居宅介護支援】群馬県伊勢崎市緑町8-2", "url2": "https://www.kaigokensaku.mhlw.go.jp/10/index.php?action_kouhyou_detail_004_kani=true&JigyosyoCd=1070403306-00&ServiceCd=430&Type=search" }, "geometry": { "type": "Point", "coordinates": [ 139.195380863977306, 36.318316621349489 ] } },
{ "type": "Feature", "properties": { "内容": "シルバーサポート群馬店【居宅介護支援】群馬県伊勢崎市連取元町160番地1", "url2": "https://www.kaigokensaku.mhlw.go.jp/10/index.php?action_kouhyou_detail_004_kani=true&JigyosyoCd=1070402530-00&ServiceCd=430&Type=search" }, "geometry": { "type": "Point", "coordinates": [ 139.1858243, 36.3165991 ] } },
{ "type": "Feature", "properties": { "内容": "ケアステーションあいの森【居宅介護支援】群馬県伊勢崎市連取町２３４１－５", "url2": "https://www.kaigokensaku.mhlw.go.jp/10/index.php?action_kouhyou_detail_004_kani=true&JigyosyoCd=1070400757-00&ServiceCd=430&Type=search" }, "geometry": { "type": "Point", "coordinates": [ 139.18361660000005, 36.3093388 ] } },
{ "type": "Feature", "properties": { "内容": "おおぞらケアプラン【居宅介護支援】群馬県伊勢崎市連取町3049番地30アートメゾン101号", "url2": "https://www.kaigokensaku.mhlw.go.jp/10/index.php?action_kouhyou_detail_004_kani=true&JigyosyoCd=1070403421-00&ServiceCd=430&Type=search" }, "geometry": { "type": "Point", "coordinates": [ 139.1749476, 36.3191653 ] } },
{ "type": "Feature", "properties": { "内容": "ケアプランセンターあい夢【居宅介護支援】群馬県伊勢崎市連取町3347-15グランシャリオ101", "url2": "https://www.kaigokensaku.mhlw.go.jp/10/index.php?action_kouhyou_detail_004_kani=true&JigyosyoCd=1070404007-00&ServiceCd=430&Type=search" }, "geometry": { "type": "Point", "coordinates": [ 139.169764699999973, 36.322276 ] } },
{ "type": "Feature", "properties": { "内容": "ケアプランセンターくれよんあいのや【居宅介護支援】群馬県伊勢崎市間野谷町1115", "url2": "https://www.kaigokensaku.mhlw.go.jp/10/index.php?action_kouhyou_detail_004_kani=true&JigyosyoCd=1070403538-00&ServiceCd=430&Type=search" }, "geometry": { "type": "Point", "coordinates": [ 139.258692200000041, 36.378325 ] } },
{ "type": "Feature", "properties": { "内容": "ケアマネはうす絃【居宅介護支援】群馬県伊勢崎市羽黒町25-16エバラハイツ201", "url2": "https://www.kaigokensaku.mhlw.go.jp/10/index.php?action_kouhyou_detail_004_kani=true&JigyosyoCd=1070404965-00&ServiceCd=430&Type=search" }, "geometry": { "type": "Point", "coordinates": [ 139.217132099999986, 36.2866806 ] } },
{ "type": "Feature", "properties": { "内容": "介護ラボ　タスク【居宅介護支援】群馬県伊勢崎市美茂呂町４５１２番地１", "url2": "https://www.kaigokensaku.mhlw.go.jp/10/index.php?action_kouhyou_detail_004_kani=true&JigyosyoCd=1070404957-00&ServiceCd=430&Type=search" }, "geometry": { "type": "Point", "coordinates": [ 139.206852700000013, 36.296627 ] } },
{ "type": "Feature", "properties": { "内容": "ぷーく・福居宅介護支援事業所【居宅介護支援】群馬県伊勢崎市馬見塚町3279番地2", "url2": "https://www.kaigokensaku.mhlw.go.jp/10/index.php?action_kouhyou_detail_004_kani=true&JigyosyoCd=1070404890-00&ServiceCd=430&Type=search" }, "geometry": { "type": "Point", "coordinates": [ 139.221257400000013, 36.282314 ] } },
{ "type": "Feature", "properties": { "内容": "ケアマネステーションとるて【居宅介護支援】群馬県太田市鳥山下町485-7A棟1-3", "url2": "https://www.kaigokensaku.mhlw.go.jp/10/index.php?action_kouhyou_detail_004_kani=true&JigyosyoCd=1070503956-00&ServiceCd=430&Type=search" }, "geometry": { "type": "Point", "coordinates": [ 139.3529217, 36.3110023 ] } },
{ "type": "Feature", "properties": { "内容": "アイワ居宅介護支援事業所【居宅介護支援】群馬県太田市由良町1614-14　アーバン長根103", "url2": "https://www.kaigokensaku.mhlw.go.jp/10/index.php?action_kouhyou_detail_004_kani=true&JigyosyoCd=1070504202-00&ServiceCd=430&Type=search" }, "geometry": { "type": "Point", "coordinates": [ 139.337855100000013, 36.2943655 ] } },
{ "type": "Feature", "properties": { "内容": "居宅介護支援事業所　ワタナベケアマネジメント【居宅介護支援】群馬県太田市西新町84-22", "url2": "https://www.kaigokensaku.mhlw.go.jp/10/index.php?action_kouhyou_detail_004_kani=true&JigyosyoCd=1070502198-00&ServiceCd=430&Type=search" }, "geometry": { "type": "Point", "coordinates": [ 139.337427400000024, 36.2649939 ] } },
{ "type": "Feature", "properties": { "内容": "居宅介護支援事業所　ささなみ【居宅介護支援】群馬県太田市新田上江田町1149-1", "url2": "https://www.kaigokensaku.mhlw.go.jp/10/index.php?action_kouhyou_detail_004_kani=true&JigyosyoCd=1070504293-00&ServiceCd=430&Type=search" }, "geometry": { "type": "Point", "coordinates": [ 139.2866779, 36.2925763 ] } },
{ "type": "Feature", "properties": { "内容": "ケアプランセンターオオタ【居宅介護支援】群馬県太田市藤阿久町907-11", "url2": "https://www.kaigokensaku.mhlw.go.jp/10/index.php?action_kouhyou_detail_004_kani=true&JigyosyoCd=1070504285-00&ServiceCd=430&Type=search" }, "geometry": { "type": "Point", "coordinates": [ 139.3543487, 36.2964956 ] } },
{ "type": "Feature", "properties": { "内容": "とうもうケアセンター【居宅介護支援】群馬県太田市安養寺町30-1", "url2": "https://www.kaigokensaku.mhlw.go.jp/10/index.php?action_kouhyou_detail_004_kani=true&JigyosyoCd=1070503048-00&ServiceCd=430&Type=search" }, "geometry": { "type": "Point", "coordinates": [ 139.310929680969338, 36.258702802160585 ] } },
{ "type": "Feature", "properties": { "内容": "清和荘居宅介護支援事業所【居宅介護支援】群馬県太田市亀岡町２８０番", "url2": "https://www.kaigokensaku.mhlw.go.jp/10/index.php?action_kouhyou_detail_004_kani=true&JigyosyoCd=1072900051-00&ServiceCd=430&Type=search" }, "geometry": { "type": "Point", "coordinates": [ 139.318168600000035, 36.2552251 ] } },
{ "type": "Feature", "properties": { "内容": "ケアサービス尾島【居宅介護支援】群馬県太田市亀岡町４２０－２", "url2": "https://www.kaigokensaku.mhlw.go.jp/10/index.php?action_kouhyou_detail_004_kani=true&JigyosyoCd=1070501158-00&ServiceCd=430&Type=search" }, "geometry": { "type": "Point", "coordinates": [ 139.315646499999957, 36.2580414 ] } },
{ "type": "Feature", "properties": { "内容": "みづほの里居宅介護支援事業所【居宅介護支援】群馬県太田市牛沢町156-1", "url2": "https://www.kaigokensaku.mhlw.go.jp/10/index.php?action_kouhyou_detail_004_kani=true&JigyosyoCd=1070500101-00&ServiceCd=430&Type=search" }, "geometry": { "type": "Point", "coordinates": [ 139.358120399999962, 36.2620196 ] } },
{ "type": "Feature", "properties": { "内容": "アイリスケアサポート【居宅介護支援】群馬県太田市熊野町38-81", "url2": "https://www.kaigokensaku.mhlw.go.jp/10/index.php?action_kouhyou_detail_004_kani=true&JigyosyoCd=1070503741-00&ServiceCd=430&Type=search" }, "geometry": { "type": "Point", "coordinates": [ 139.384289200000012, 36.3074686 ] } },
{ "type": "Feature", "properties": { "内容": "社会福祉法人至誠会清風園　指定居宅介護支援事業所【居宅介護支援】群馬県太田市熊野町38-81", "url2": "https://www.kaigokensaku.mhlw.go.jp/10/index.php?action_kouhyou_detail_004_kani=true&JigyosyoCd=1070500051-00&ServiceCd=430&Type=search" }, "geometry": { "type": "Point", "coordinates": [ 139.384650506884782, 36.307560597448877 ] } },
{ "type": "Feature", "properties": { "内容": "ケアプランセンターはぴねす【居宅介護支援】群馬県太田市高林南町283番地25", "url2": "https://www.kaigokensaku.mhlw.go.jp/10/index.php?action_kouhyou_detail_004_kani=true&JigyosyoCd=1070503808-00&ServiceCd=430&Type=search" }, "geometry": { "type": "Point", "coordinates": [ 139.371318153442417, 36.252950377344206 ] } },
{ "type": "Feature", "properties": { "内容": "あじさい介護センター【居宅介護支援】群馬県太田市高林南町697-3", "url2": "https://www.kaigokensaku.mhlw.go.jp/10/index.php?action_kouhyou_detail_004_kani=true&JigyosyoCd=1070301021-00&ServiceCd=430&Type=search" }, "geometry": { "type": "Point", "coordinates": [ 139.370963080165353, 36.255638377545239 ] } },
{ "type": "Feature", "properties": { "内容": "支援センターほりえ【居宅介護支援】群馬県太田市高林北町１１７８－１", "url2": "https://www.kaigokensaku.mhlw.go.jp/10/index.php?action_kouhyou_detail_004_kani=true&JigyosyoCd=1070500135-00&ServiceCd=430&Type=search" }, "geometry": { "type": "Point", "coordinates": [ 139.371233299999972, 36.26325 ] } },
{ "type": "Feature", "properties": { "内容": "居宅介護支援センターまごころ【居宅介護支援】群馬県太田市細谷町1769-3", "url2": "https://www.kaigokensaku.mhlw.go.jp/10/index.php?action_kouhyou_detail_004_kani=true&JigyosyoCd=1070502164-00&ServiceCd=430&Type=search" }, "geometry": { "type": "Point", "coordinates": [ 139.35500849999994, 36.277879 ] } },
{ "type": "Feature", "properties": { "内容": "ゆう愛居宅介護支援事業所【居宅介護支援】群馬県太田市寺井町５６５", "url2": "https://www.kaigokensaku.mhlw.go.jp/10/index.php?action_kouhyou_detail_004_kani=true&JigyosyoCd=1070503162-00&ServiceCd=430&Type=search" }, "geometry": { "type": "Point", "coordinates": [ 139.33571470000004, 36.3255955 ] } },
{ "type": "Feature", "properties": { "内容": "ケアプランセンターにらがわの里【居宅介護支援】群馬県太田市上小林町1465-1", "url2": "https://www.kaigokensaku.mhlw.go.jp/10/index.php?action_kouhyou_detail_004_kani=true&JigyosyoCd=1070500127-00&ServiceCd=430&Type=search" }, "geometry": { "type": "Point", "coordinates": [ 139.398549, 36.3152394 ] } },
{ "type": "Feature", "properties": { "内容": "ケアマネステーション利楽【居宅介護支援】群馬県太田市上小林町236-3", "url2": "https://www.kaigokensaku.mhlw.go.jp/10/index.php?action_kouhyou_detail_004_kani=true&JigyosyoCd=1070502644-00&ServiceCd=430&Type=search" }, "geometry": { "type": "Point", "coordinates": [ 139.3984623, 36.314454938049835 ] } },
{ "type": "Feature", "properties": { "内容": "あいホームケアステーション【居宅介護支援】群馬県太田市新井町551-1", "url2": "https://www.kaigokensaku.mhlw.go.jp/10/index.php?action_kouhyou_detail_004_kani=true&JigyosyoCd=1070503691-00&ServiceCd=430&Type=search" }, "geometry": { "type": "Point", "coordinates": [ 139.368696, 36.289561300000017 ] } },
{ "type": "Feature", "properties": { "内容": "居宅介護支援事業所ぐるっぺ【居宅介護支援】群馬県太田市新田市野井町479-4", "url2": "https://www.kaigokensaku.mhlw.go.jp/10/index.php?action_kouhyou_detail_004_kani=true&JigyosyoCd=1070502438-00&ServiceCd=430&Type=search" }, "geometry": { "type": "Point", "coordinates": [ 139.3049684, 36.3018478 ] } },
{ "type": "Feature", "properties": { "内容": "居宅介護支援事業所　花椿【居宅介護支援】群馬県太田市新田上江田町1505-4", "url2": "https://www.kaigokensaku.mhlw.go.jp/10/index.php?action_kouhyou_detail_004_kani=true&JigyosyoCd=1070503709-00&ServiceCd=430&Type=search" }, "geometry": { "type": "Point", "coordinates": [ 139.2887178, 36.3018337 ] } },
{ "type": "Feature", "properties": { "内容": "社会福祉法人愛光会　愛光園居宅介護支援事業所【居宅介護支援】群馬県太田市新田上江田町１５１３－１", "url2": "https://www.kaigokensaku.mhlw.go.jp/10/index.php?action_kouhyou_detail_004_kani=true&JigyosyoCd=1072900028-00&ServiceCd=430&Type=search" }, "geometry": { "type": "Point", "coordinates": [ 139.285048299999971, 36.3016918 ] } },
{ "type": "Feature", "properties": { "内容": "ケアサービス綿打【居宅介護支援】群馬県太田市新田上田中町784-1", "url2": "https://www.kaigokensaku.mhlw.go.jp/10/index.php?action_kouhyou_detail_004_kani=true&JigyosyoCd=1072900671-00&ServiceCd=430&Type=search" }, "geometry": { "type": "Point", "coordinates": [ 139.278181899999936, 36.3053803 ] } },
{ "type": "Feature", "properties": { "内容": "居宅介護支援センターきざきの郷【居宅介護支援】群馬県太田市新田中江田町５８番地１", "url2": "https://www.kaigokensaku.mhlw.go.jp/10/index.php?action_kouhyou_detail_004_kani=true&JigyosyoCd=1070502685-00&ServiceCd=430&Type=search" }, "geometry": { "type": "Point", "coordinates": [ 139.300766899999985, 36.274123 ] } },
{ "type": "Feature", "properties": { "内容": "介護相談処かさはら【居宅介護支援】群馬県太田市世良田町956番地", "url2": "https://www.kaigokensaku.mhlw.go.jp/10/index.php?action_kouhyou_detail_004_kani=true&JigyosyoCd=1070502974-00&ServiceCd=430&Type=search" }, "geometry": { "type": "Point", "coordinates": [ 139.275481844180263, 36.265986052219809 ] } },
{ "type": "Feature", "properties": { "内容": "居宅介護支援事業所　ライフ【居宅介護支援】群馬県太田市西長岡町89", "url2": "https://www.kaigokensaku.mhlw.go.jp/10/index.php?action_kouhyou_detail_004_kani=true&JigyosyoCd=1070503196-00&ServiceCd=430&Type=search" }, "geometry": { "type": "Point", "coordinates": [ 139.331720200000063, 36.3404855 ] } },
{ "type": "Feature", "properties": { "内容": "本島介護センター【居宅介護支援】群馬県太田市西本町10-10", "url2": "https://www.kaigokensaku.mhlw.go.jp/10/index.php?action_kouhyou_detail_004_kani=true&JigyosyoCd=1070500192-00&ServiceCd=430&Type=search" }, "geometry": { "type": "Point", "coordinates": [ 139.367937799999936, 36.2946384 ] } },
{ "type": "Feature", "properties": { "内容": "ケアプランセンターコスモス【居宅介護支援】群馬県太田市西野谷町95-1", "url2": "https://www.kaigokensaku.mhlw.go.jp/10/index.php?action_kouhyou_detail_004_kani=true&JigyosyoCd=1070500911-00&ServiceCd=430&Type=search" }, "geometry": { "type": "Point", "coordinates": [ 139.328960700000039, 36.2831863 ] } },
{ "type": "Feature", "properties": { "内容": "介護支援センター石原【居宅介護支援】群馬県太田市石原町927番地", "url2": "https://www.kaigokensaku.mhlw.go.jp/10/index.php?action_kouhyou_detail_004_kani=true&JigyosyoCd=1070500044-00&ServiceCd=430&Type=search" }, "geometry": { "type": "Point", "coordinates": [ 139.405448400000068, 36.2976998 ] } },
{ "type": "Feature", "properties": { "内容": "エムダブルエス日高　太田デイトレセンター【居宅介護支援】群馬県太田市台之郷町275-1", "url2": "https://www.kaigokensaku.mhlw.go.jp/10/index.php?action_kouhyou_detail_004_kani=true&JigyosyoCd=1070503089-00&ServiceCd=430&Type=search" }, "geometry": { "type": "Point", "coordinates": [ 139.413158399999929, 36.3026465 ] } },
{ "type": "Feature", "properties": { "内容": "ケアプランセンター小泉の杜【居宅介護支援】群馬県太田市大原町2222番地10森尻貸家　Ｃ棟", "url2": "https://www.kaigokensaku.mhlw.go.jp/10/index.php?action_kouhyou_detail_004_kani=true&JigyosyoCd=1070503790-00&ServiceCd=430&Type=search" }, "geometry": { "type": "Point", "coordinates": [ 139.273450209786972, 36.345875966343634 ] } },
{ "type": "Feature", "properties": { "内容": "小春日和ケアプランセンター【居宅介護支援】群馬県太田市大原町464-1尾池マンション103", "url2": "https://www.kaigokensaku.mhlw.go.jp/10/index.php?action_kouhyou_detail_004_kani=true&JigyosyoCd=1070503949-00&ServiceCd=430&Type=search" }, "geometry": { "type": "Point", "coordinates": [ 139.2921905, 36.3555748 ] } },
{ "type": "Feature", "properties": { "内容": "イムスやぶづかロイヤルケアセンター居宅介護支援事業所【居宅介護支援】群馬県太田市大原町531-3", "url2": "https://www.kaigokensaku.mhlw.go.jp/10/index.php?action_kouhyou_detail_004_kani=true&JigyosyoCd=1070502743-00&ServiceCd=430&Type=search" }, "geometry": { "type": "Point", "coordinates": [ 139.296267, 36.3568174 ] } },
{ "type": "Feature", "properties": { "内容": "あいサポートケアプランセンター【居宅介護支援】群馬県太田市大島町1091番地1クリハラコーポＡ-102", "url2": "https://www.kaigokensaku.mhlw.go.jp/10/index.php?action_kouhyou_detail_004_kani=true&JigyosyoCd=1070504020-00&ServiceCd=430&Type=search" }, "geometry": { "type": "Point", "coordinates": [ 139.3645415, 36.3049427 ] } },
{ "type": "Feature", "properties": { "内容": "SUBARU健康保険組合太田記念病院居宅介護支援事業所【居宅介護支援】群馬県太田市大島町455-1", "url2": "https://www.kaigokensaku.mhlw.go.jp/10/index.php?action_kouhyou_detail_004_kani=true&JigyosyoCd=1070502362-00&ServiceCd=430&Type=search" }, "geometry": { "type": "Point", "coordinates": [ 139.360606454631011, 36.298928491524926 ] } },
{ "type": "Feature", "properties": { "内容": "ケアプランセンターふる里【居宅介護支援】群馬県太田市只上町1319-6", "url2": "https://www.kaigokensaku.mhlw.go.jp/10/index.php?action_kouhyou_detail_004_kani=true&JigyosyoCd=1070501182-00&ServiceCd=430&Type=search" }, "geometry": { "type": "Point", "coordinates": [ 139.399934900000062, 36.3340122 ] } },
{ "type": "Feature", "properties": { "内容": "さくらの里居宅介護支援事業所【居宅介護支援】群馬県太田市中根町295-1", "url2": "https://www.kaigokensaku.mhlw.go.jp/10/index.php?action_kouhyou_detail_004_kani=true&JigyosyoCd=1070500549-00&ServiceCd=430&Type=search" }, "geometry": { "type": "Point", "coordinates": [ 139.327226887696838, 36.276227346547159 ] } },
{ "type": "Feature", "properties": { "内容": "ゆうあいリハビリ支援センター【居宅介護支援】群馬県太田市鳥山町553-3", "url2": "https://www.kaigokensaku.mhlw.go.jp/10/index.php?action_kouhyou_detail_004_kani=true&JigyosyoCd=1070502669-00&ServiceCd=430&Type=search" }, "geometry": { "type": "Point", "coordinates": [ 139.357628238794746, 36.311058342218672 ] } },
{ "type": "Feature", "properties": { "内容": "鶴生田園居宅介護支援事業所【居宅介護支援】群馬県太田市鶴生田町1970-53", "url2": "https://www.kaigokensaku.mhlw.go.jp/10/index.php?action_kouhyou_detail_004_kani=true&JigyosyoCd=1070500093-00&ServiceCd=430&Type=search" }, "geometry": { "type": "Point", "coordinates": [ 139.364390500000013, 36.32306 ] } },
{ "type": "Feature", "properties": { "内容": "居宅介護支援事業所　悠悠【居宅介護支援】群馬県太田市天良町121-3", "url2": "https://www.kaigokensaku.mhlw.go.jp/10/index.php?action_kouhyou_detail_004_kani=true&JigyosyoCd=1070500861-00&ServiceCd=430&Type=search" }, "geometry": { "type": "Point", "coordinates": [ 139.334239775786273, 36.332549929895571 ] } },
{ "type": "Feature", "properties": { "内容": "ケアサポートすまいる【居宅介護支援】群馬県太田市天良町73-8", "url2": "https://www.kaigokensaku.mhlw.go.jp/10/index.php?action_kouhyou_detail_004_kani=true&JigyosyoCd=1070502925-00&ServiceCd=430&Type=search" }, "geometry": { "type": "Point", "coordinates": [ 139.336079699999971, 36.332091 ] } },
{ "type": "Feature", "properties": { "内容": "ケアプランセンター紡【居宅介護支援】群馬県太田市東金井町939", "url2": "https://www.kaigokensaku.mhlw.go.jp/10/index.php?action_kouhyou_detail_004_kani=true&JigyosyoCd=1070503519-00&ServiceCd=430&Type=search" }, "geometry": { "type": "Point", "coordinates": [ 139.395702443963046, 36.314435093563226 ] } },
{ "type": "Feature", "properties": { "内容": "居宅介護支援事業所ななみ【居宅介護支援】群馬県太田市東矢島町910-1", "url2": "https://www.kaigokensaku.mhlw.go.jp/10/index.php?action_kouhyou_detail_004_kani=true&JigyosyoCd=1070502271-00&ServiceCd=430&Type=search" }, "geometry": { "type": "Point", "coordinates": [ 139.378554290237048, 36.267824291535646 ] } },
{ "type": "Feature", "properties": { "内容": "支援センターふじあく【居宅介護支援】群馬県太田市藤阿久町345", "url2": "https://www.kaigokensaku.mhlw.go.jp/10/index.php?action_kouhyou_detail_004_kani=true&JigyosyoCd=1070500119-00&ServiceCd=430&Type=search" }, "geometry": { "type": "Point", "coordinates": [ 139.360691299999985, 36.2852643 ] } },
{ "type": "Feature", "properties": { "内容": "アローズ・ケアサポート【居宅介護支援】群馬県太田市内ヶ島町1480番地の1", "url2": "https://www.kaigokensaku.mhlw.go.jp/10/index.php?action_kouhyou_detail_004_kani=true&JigyosyoCd=1070502677-00&ServiceCd=430&Type=search" }, "geometry": { "type": "Point", "coordinates": [ 139.39410168472736, 36.289931887623766 ] } },
{ "type": "Feature", "properties": { "内容": "あすプラスケア居宅介護支援事業所【居宅介護支援】群馬県太田市飯田町1077番地4", "url2": "https://www.kaigokensaku.mhlw.go.jp/10/index.php?action_kouhyou_detail_004_kani=true&JigyosyoCd=1070503386-00&ServiceCd=430&Type=search" }, "geometry": { "type": "Point", "coordinates": [ 139.383529779762313, 36.289880567285167 ] } },
{ "type": "Feature", "properties": { "内容": "あおい訪問看護ステーション太田居宅支援事業所【居宅介護支援】群馬県太田市浜町58－24", "url2": "https://www.kaigokensaku.mhlw.go.jp/10/index.php?action_kouhyou_detail_004_kani=true&JigyosyoCd=1070503865-00&ServiceCd=430&Type=search" }, "geometry": { "type": "Point", "coordinates": [ 139.363527800000014, 36.2914462 ] } },
{ "type": "Feature", "properties": { "内容": "別所ケアセンターそよ風【居宅介護支援】群馬県太田市別所町322-1", "url2": "https://www.kaigokensaku.mhlw.go.jp/10/index.php?action_kouhyou_detail_004_kani=true&JigyosyoCd=1070500507-00&ServiceCd=430&Type=search" }, "geometry": { "type": "Point", "coordinates": [ 139.332607100000018, 36.3006901 ] } },
{ "type": "Feature", "properties": { "内容": "ゆいまーる居宅介護支援事業所【居宅介護支援】群馬県太田市宝町739-2", "url2": "https://www.kaigokensaku.mhlw.go.jp/10/index.php?action_kouhyou_detail_004_kani=true&JigyosyoCd=1070503634-00&ServiceCd=430&Type=search" }, "geometry": { "type": "Point", "coordinates": [ 139.331876400000056, 36.2856931 ] } },
{ "type": "Feature", "properties": { "内容": "ことのは居宅介護【居宅介護支援】群馬県太田市末広町566-25", "url2": "https://www.kaigokensaku.mhlw.go.jp/10/index.php?action_kouhyou_detail_004_kani=true&JigyosyoCd=1070501844-00&ServiceCd=430&Type=search" }, "geometry": { "type": "Point", "coordinates": [ 139.379433523933386, 36.257337797710605 ] } },
{ "type": "Feature", "properties": { "内容": "ゆらの里居宅介護支援事業所【居宅介護支援】群馬県太田市由良町104-7", "url2": "https://www.kaigokensaku.mhlw.go.jp/10/index.php?action_kouhyou_detail_004_kani=true&JigyosyoCd=1070501075-00&ServiceCd=430&Type=search" }, "geometry": { "type": "Point", "coordinates": [ 139.350572599999964, 36.2860613 ] } },
{ "type": "Feature", "properties": { "内容": "居宅介護支援事業所太田はびりす【居宅介護支援】群馬県太田市由良町612", "url2": "https://www.kaigokensaku.mhlw.go.jp/10/index.php?action_kouhyou_detail_004_kani=true&JigyosyoCd=1070502115-00&ServiceCd=430&Type=search" }, "geometry": { "type": "Point", "coordinates": [ 139.345927949710102, 36.284287931686208 ] } },
{ "type": "Feature", "properties": { "内容": "介護支援センター高原園【居宅介護支援】群馬県太田市龍舞町410番地2", "url2": "https://www.kaigokensaku.mhlw.go.jp/10/index.php?action_kouhyou_detail_004_kani=true&JigyosyoCd=1070503402-00&ServiceCd=430&Type=search" }, "geometry": { "type": "Point", "coordinates": [ 139.424697499999979, 36.2749776 ] } },
{ "type": "Feature", "properties": { "内容": "居宅介護支援事業所　宏愛苑【居宅介護支援】群馬県太田市六千石町59", "url2": "https://www.kaigokensaku.mhlw.go.jp/10/index.php?action_kouhyou_detail_004_kani=true&JigyosyoCd=1070503717-00&ServiceCd=430&Type=search" }, "geometry": { "type": "Point", "coordinates": [ 139.288734529360966, 36.335700954452847 ] } },
{ "type": "Feature", "properties": { "内容": "ケアプランセンターたいよう【居宅介護支援】群馬県太田市藪塚町1254-6モンパレス藪塚5号館101号室", "url2": "https://www.kaigokensaku.mhlw.go.jp/10/index.php?action_kouhyou_detail_004_kani=true&JigyosyoCd=1070503592-00&ServiceCd=430&Type=search" }, "geometry": { "type": "Point", "coordinates": [ 139.308684122428872, 36.363658078640562 ] } },
{ "type": "Feature", "properties": { "内容": "居宅介護支援事業所OWL【居宅介護支援】群馬県太田市藪塚町1257-5ハイツジョイフル２－B", "url2": "https://www.kaigokensaku.mhlw.go.jp/10/index.php?action_kouhyou_detail_004_kani=true&JigyosyoCd=1070503824-00&ServiceCd=430&Type=search" }, "geometry": { "type": "Point", "coordinates": [ 139.309133564410615, 36.363690804489906 ] } },
{ "type": "Feature", "properties": { "内容": "居宅介護支援事業所　親孝行の里【居宅介護支援】群馬県太田市藪塚町3922", "url2": "https://www.kaigokensaku.mhlw.go.jp/10/index.php?action_kouhyou_detail_004_kani=true&JigyosyoCd=1072900572-00&ServiceCd=430&Type=search" }, "geometry": { "type": "Point", "coordinates": [ 139.3120401, 36.3764183 ] } },
{ "type": "Feature", "properties": { "内容": "介護支援センター　結【居宅介護支援】群馬県太田市新田市野井町1861番地10", "url2": "https://www.kaigokensaku.mhlw.go.jp/10/index.php?action_kouhyou_detail_004_kani=true&JigyosyoCd=1070504087-00&ServiceCd=430&Type=search" }, "geometry": { "type": "Point", "coordinates": [ 139.305010974868765, 36.318199512604615 ] } },
{ "type": "Feature", "properties": { "内容": "こころば居宅介護支援事業所【居宅介護支援】群馬県太田市台之郷町706番地3", "url2": "https://www.kaigokensaku.mhlw.go.jp/10/index.php?action_kouhyou_detail_004_kani=true&JigyosyoCd=1070504186-00&ServiceCd=430&Type=search" }, "geometry": { "type": "Point", "coordinates": [ 139.4077891, 36.3041519 ] } },
{ "type": "Feature", "properties": { "内容": "ひなた居宅介護支援センター【居宅介護支援】群馬県太田市新田市野井町94-1ソシアルビル新田106", "url2": "https://www.kaigokensaku.mhlw.go.jp/10/index.php?action_kouhyou_detail_004_kani=true&JigyosyoCd=1070504145-00&ServiceCd=430&Type=search" }, "geometry": { "type": "Point", "coordinates": [ 139.308744100000013, 36.3071991 ] } },
{ "type": "Feature", "properties": { "内容": "ケアマネステーション　ファミリィー【居宅介護支援】群馬県太田市新田木崎町1758-8", "url2": "https://www.kaigokensaku.mhlw.go.jp/10/index.php?action_kouhyou_detail_004_kani=true&JigyosyoCd=1070502917-00&ServiceCd=430&Type=search" }, "geometry": { "type": "Point", "coordinates": [ 139.309606678665233, 36.288303348314237 ] } },
{ "type": "Feature", "properties": { "内容": "居宅介護支援事業所　孫の手【居宅介護支援】群馬県太田市大原町156-3", "url2": "https://www.kaigokensaku.mhlw.go.jp/10/index.php?action_kouhyou_detail_004_kani=true&JigyosyoCd=1070501091-00&ServiceCd=430&Type=search" }, "geometry": { "type": "Point", "coordinates": [ 139.296128299999964, 36.3501846 ] } },
{ "type": "Feature", "properties": { "内容": "ききょうの里居宅介護支援事業所【居宅介護支援】群馬県沼田市横塚町９５７番地２", "url2": "https://www.kaigokensaku.mhlw.go.jp/10/index.php?action_kouhyou_detail_004_kani=true&JigyosyoCd=1070600042-00&ServiceCd=430&Type=search" }, "geometry": { "type": "Point", "coordinates": [ 139.100255, 36.6712937 ] } },
{ "type": "Feature", "properties": { "内容": "在宅ケアセンターリズム【居宅介護支援】群馬県沼田市岡谷町1077-2", "url2": "https://www.kaigokensaku.mhlw.go.jp/10/index.php?action_kouhyou_detail_004_kani=true&JigyosyoCd=1070600794-00&ServiceCd=430&Type=search" }, "geometry": { "type": "Point", "coordinates": [ 139.06138390000001, 36.671422199999981 ] } },
{ "type": "Feature", "properties": { "内容": "パース居宅介護支援事業所【居宅介護支援】群馬県沼田市下久屋町９４０－１パース整形外科クリニック　１階", "url2": "https://www.kaigokensaku.mhlw.go.jp/10/index.php?action_kouhyou_detail_004_kani=true&JigyosyoCd=1070600398-00&ServiceCd=430&Type=search" }, "geometry": { "type": "Point", "coordinates": [ 139.085316377640538, 36.659158812093857 ] } },
{ "type": "Feature", "properties": { "内容": "内田居宅介護支援事業所【居宅介護支援】群馬県沼田市久屋原町３４５－１", "url2": "https://www.kaigokensaku.mhlw.go.jp/10/index.php?action_kouhyou_detail_004_kani=true&JigyosyoCd=1070600232-00&ServiceCd=430&Type=search" }, "geometry": { "type": "Point", "coordinates": [ 139.104538291787776, 36.665964674216099 ] } },
{ "type": "Feature", "properties": { "内容": "角田居宅介護支援事業所【居宅介護支援】群馬県沼田市上原町１５５５－３", "url2": "https://www.kaigokensaku.mhlw.go.jp/10/index.php?action_kouhyou_detail_004_kani=true&JigyosyoCd=1070600059-00&ServiceCd=430&Type=search" }, "geometry": { "type": "Point", "coordinates": [ 139.059678800000029, 36.6472327 ] } },
{ "type": "Feature", "properties": { "内容": "ケアプランセンターのっく【居宅介護支援】群馬県沼田市西原新町1372-2スカイハイツA-2", "url2": "https://www.kaigokensaku.mhlw.go.jp/10/index.php?action_kouhyou_detail_004_kani=true&JigyosyoCd=1070601115-00&ServiceCd=430&Type=search" }, "geometry": { "type": "Point", "coordinates": [ 139.05565009999998, 36.6421445 ] } },
{ "type": "Feature", "properties": { "内容": "利根中央病院居宅介護支援事業所【居宅介護支援】群馬県沼田市西原新町1864-2", "url2": "https://www.kaigokensaku.mhlw.go.jp/10/index.php?action_kouhyou_detail_004_kani=true&JigyosyoCd=1070600273-00&ServiceCd=430&Type=search" }, "geometry": { "type": "Point", "coordinates": [ 139.053282660435457, 36.648495811370481 ] } },
{ "type": "Feature", "properties": { "内容": "輝城会重度介護支援センター【居宅介護支援】群馬県沼田市東原新町1442番地7", "url2": "https://www.kaigokensaku.mhlw.go.jp/10/index.php?action_kouhyou_detail_004_kani=true&JigyosyoCd=1070600760-00&ServiceCd=430&Type=search" }, "geometry": { "type": "Point", "coordinates": [ 139.058275260199025, 36.644619754939086 ] } },
{ "type": "Feature", "properties": { "内容": "エムダブルエス日高沼田事業所【居宅介護支援】群馬県沼田市薄根町３３００－１", "url2": "https://www.kaigokensaku.mhlw.go.jp/10/index.php?action_kouhyou_detail_004_kani=true&JigyosyoCd=1070600299-00&ServiceCd=430&Type=search" }, "geometry": { "type": "Point", "coordinates": [ 139.031973099999959, 36.6441351 ] } },
{ "type": "Feature", "properties": { "内容": "沼田市社会福祉協議会居宅介護支援事業所【居宅介護支援】群馬県沼田市利根町大楊１０８５番地３利根保健福祉センター内", "url2": "https://www.kaigokensaku.mhlw.go.jp/10/index.php?action_kouhyou_detail_004_kani=true&JigyosyoCd=1070600448-00&ServiceCd=430&Type=search" }, "geometry": { "type": "Point", "coordinates": [ 139.21201668650815, 36.694509117958226 ] } },
{ "type": "Feature", "properties": { "内容": "居宅介護支援事業所　ピースフル・ケア【居宅介護支援】群馬県沼田市材木町１３２８番地８", "url2": "https://www.kaigokensaku.mhlw.go.jp/10/index.php?action_kouhyou_detail_004_kani=true&JigyosyoCd=1070800386-00&ServiceCd=430&Type=search" }, "geometry": { "type": "Point", "coordinates": [ 139.0539071, 36.6399581 ] } },
{ "type": "Feature", "properties": { "内容": "特別養護老人ホーム東毛光生園【居宅介護支援】群馬県館林市成島町862-4", "url2": "https://www.kaigokensaku.mhlw.go.jp/10/index.php?action_kouhyou_detail_004_kani=true&JigyosyoCd=1070700032-00&ServiceCd=430&Type=search" }, "geometry": { "type": "Point", "coordinates": [ 139.498860400000012, 36.2478574 ] } },
{ "type": "Feature", "properties": { "内容": "居宅介護支援事業所あざみ【居宅介護支援】群馬県館林市大手町８－２５", "url2": "https://www.kaigokensaku.mhlw.go.jp/10/index.php?action_kouhyou_detail_004_kani=true&JigyosyoCd=1070700503-00&ServiceCd=430&Type=search" }, "geometry": { "type": "Point", "coordinates": [ 139.537487599999963, 36.2478867 ] } },
{ "type": "Feature", "properties": { "内容": "一本松介護相談所【居宅介護支援】群馬県館林市緑町2-27-37半田店舗２F３号", "url2": "https://www.kaigokensaku.mhlw.go.jp/10/index.php?action_kouhyou_detail_004_kani=true&JigyosyoCd=1070701576-00&ServiceCd=430&Type=search" }, "geometry": { "type": "Point", "coordinates": [ 139.5374564, 36.2362121 ] } },
{ "type": "Feature", "properties": { "内容": "特別養護老人ホーム　ヴィレージュ【居宅介護支援】群馬県館林市岡野町３３５－１", "url2": "https://www.kaigokensaku.mhlw.go.jp/10/index.php?action_kouhyou_detail_004_kani=true&JigyosyoCd=1070700123-00&ServiceCd=430&Type=search" }, "geometry": { "type": "Point", "coordinates": [ 139.520583, 36.2616008 ] } },
{ "type": "Feature", "properties": { "内容": "居宅介護支援事業所新橋病院【居宅介護支援】群馬県館林市下三林町452番地", "url2": "https://www.kaigokensaku.mhlw.go.jp/10/index.php?action_kouhyou_detail_004_kani=true&JigyosyoCd=1070700230-00&ServiceCd=430&Type=search" }, "geometry": { "type": "Point", "coordinates": [ 139.51111579999997, 36.2211114 ] } },
{ "type": "Feature", "properties": { "内容": "医療法人　社団　昭仁会　小曽根整形外科居宅介護支援事業所【居宅介護支援】群馬県館林市松沼町29-27", "url2": "https://www.kaigokensaku.mhlw.go.jp/10/index.php?action_kouhyou_detail_004_kani=true&JigyosyoCd=1070700719-00&ServiceCd=430&Type=search" }, "geometry": { "type": "Point", "coordinates": [ 139.498190900000054, 36.2512541 ] } },
{ "type": "Feature", "properties": { "内容": "介護老人保健施設虹の郷すわ【居宅介護支援】群馬県館林市諏訪町1509", "url2": "https://www.kaigokensaku.mhlw.go.jp/10/index.php?action_kouhyou_detail_004_kani=true&JigyosyoCd=1050780038-00&ServiceCd=430&Type=search" }, "geometry": { "type": "Point", "coordinates": [ 139.5172814, 36.2321466 ] } },
{ "type": "Feature", "properties": { "内容": "マイホーム四つ葉【居宅介護支援】群馬県館林市西本町6番22号", "url2": "https://www.kaigokensaku.mhlw.go.jp/10/index.php?action_kouhyou_detail_004_kani=true&JigyosyoCd=1070700263-00&ServiceCd=430&Type=search" }, "geometry": { "type": "Point", "coordinates": [ 139.532193499999948, 36.2506556 ] } },
{ "type": "Feature", "properties": { "内容": "ケアセンターナーシング【居宅介護支援】群馬県館林市赤生田町1865-1", "url2": "https://www.kaigokensaku.mhlw.go.jp/10/index.php?action_kouhyou_detail_004_kani=true&JigyosyoCd=1070700024-00&ServiceCd=430&Type=search" }, "geometry": { "type": "Point", "coordinates": [ 139.563347099999987, 36.2271847 ] } },
{ "type": "Feature", "properties": { "内容": "館林記念病院居宅介護支援事業所【居宅介護支援】群馬県館林市城町8-35大名小路マンション103", "url2": "https://www.kaigokensaku.mhlw.go.jp/10/index.php?action_kouhyou_detail_004_kani=true&JigyosyoCd=1070700180-00&ServiceCd=430&Type=search" }, "geometry": { "type": "Point", "coordinates": [ 139.5420386914017, 36.247341236288193 ] } },
{ "type": "Feature", "properties": { "内容": "いちご居宅介護支援事業所【居宅介護支援】群馬県館林市大手町６-３８", "url2": "https://www.kaigokensaku.mhlw.go.jp/10/index.php?action_kouhyou_detail_004_kani=true&JigyosyoCd=1070700495-00&ServiceCd=430&Type=search" }, "geometry": { "type": "Point", "coordinates": [ 139.539562499999988, 36.2464731 ] } },
{ "type": "Feature", "properties": { "内容": "クローバー荘【居宅介護支援】群馬県館林市田谷町１１８７－１", "url2": "https://www.kaigokensaku.mhlw.go.jp/10/index.php?action_kouhyou_detail_004_kani=true&JigyosyoCd=1070700016-00&ServiceCd=430&Type=search" }, "geometry": { "type": "Point", "coordinates": [ 139.5785899, 36.2579698 ] } },
{ "type": "Feature", "properties": { "内容": "いこいの広場ひなた【居宅介護支援】群馬県館林市日向町７３７－１第１有料老人ホーム", "url2": "https://www.kaigokensaku.mhlw.go.jp/10/index.php?action_kouhyou_detail_004_kani=true&JigyosyoCd=1070701410-00&ServiceCd=430&Type=search" }, "geometry": { "type": "Point", "coordinates": [ 139.504762825131223, 36.278547258588929 ] } },
{ "type": "Feature", "properties": { "内容": "館林市社会福祉協議会居宅介護支援事業所【居宅介護支援】群馬県館林市苗木町２４５２－１", "url2": "https://www.kaigokensaku.mhlw.go.jp/10/index.php?action_kouhyou_detail_004_kani=true&JigyosyoCd=1070700040-00&ServiceCd=430&Type=search" }, "geometry": { "type": "Point", "coordinates": [ 139.508199, 36.2314794 ] } },
{ "type": "Feature", "properties": { "内容": "ケアーズ館林西居宅介護支援事業所【居宅介護支援】群馬県館林市富士見町18-45", "url2": "https://www.kaigokensaku.mhlw.go.jp/10/index.php?action_kouhyou_detail_004_kani=true&JigyosyoCd=1070701279-00&ServiceCd=430&Type=search" }, "geometry": { "type": "Point", "coordinates": [ 139.52061690000005, 36.2420621 ] } },
{ "type": "Feature", "properties": { "内容": "居宅介護支援事業所ちよだ【居宅介護支援】群馬県館林市富士見町８－２１", "url2": "https://www.kaigokensaku.mhlw.go.jp/10/index.php?action_kouhyou_detail_004_kani=true&JigyosyoCd=1070700735-00&ServiceCd=430&Type=search" }, "geometry": { "type": "Point", "coordinates": [ 139.520989, 36.2456449 ] } },
{ "type": "Feature", "properties": { "内容": "ふじうらら【居宅介護支援】群馬県館林市富士原町１１７４－１１", "url2": "https://www.kaigokensaku.mhlw.go.jp/10/index.php?action_kouhyou_detail_004_kani=true&JigyosyoCd=1070701071-00&ServiceCd=430&Type=search" }, "geometry": { "type": "Point", "coordinates": [ 139.5157398, 36.235685 ] } },
{ "type": "Feature", "properties": { "内容": "ケアプラン介護相談の喜楽【居宅介護支援】群馬県館林市北成島町1809-6", "url2": "https://www.kaigokensaku.mhlw.go.jp/10/index.php?action_kouhyou_detail_004_kani=true&JigyosyoCd=1070700743-00&ServiceCd=430&Type=search" }, "geometry": { "type": "Point", "coordinates": [ 139.51959439999996, 36.2534826 ] } },
{ "type": "Feature", "properties": { "内容": "居宅介護支援事業所ほたる【居宅介護支援】群馬県館林市北成島町６５１－１", "url2": "https://www.kaigokensaku.mhlw.go.jp/10/index.php?action_kouhyou_detail_004_kani=true&JigyosyoCd=1070700768-00&ServiceCd=430&Type=search" }, "geometry": { "type": "Point", "coordinates": [ 139.511409, 36.2570789 ] } },
{ "type": "Feature", "properties": { "内容": "多々良居宅介護支援事業所【居宅介護支援】群馬県館林市木戸町５３９", "url2": "https://www.kaigokensaku.mhlw.go.jp/10/index.php?action_kouhyou_detail_004_kani=true&JigyosyoCd=1070700321-00&ServiceCd=430&Type=search" }, "geometry": { "type": "Point", "coordinates": [ 139.515910699999949, 36.27696 ] } },
{ "type": "Feature", "properties": { "内容": "フリージアケアプランセンター【居宅介護支援】群馬県館林市木戸町５９６番地の１", "url2": "https://www.kaigokensaku.mhlw.go.jp/10/index.php?action_kouhyou_detail_004_kani=true&JigyosyoCd=1070700081-00&ServiceCd=430&Type=search" }, "geometry": { "type": "Point", "coordinates": [ 139.51698, 36.2782793 ] } },
{ "type": "Feature", "properties": { "内容": "居宅介護支援事業所マツシマ【居宅介護支援】群馬県館林市本町一丁目２－１０", "url2": "https://www.kaigokensaku.mhlw.go.jp/10/index.php?action_kouhyou_detail_004_kani=true&JigyosyoCd=1070700891-00&ServiceCd=430&Type=search" }, "geometry": { "type": "Point", "coordinates": [ 139.534272041664025, 36.249065790746435 ] } },
{ "type": "Feature", "properties": { "内容": "伊藤居宅介護支援事業所【居宅介護支援】群馬県館林市大島町５１７番地の３", "url2": "https://www.kaigokensaku.mhlw.go.jp/10/index.php?action_kouhyou_detail_004_kani=true&JigyosyoCd=1070701105-00&ServiceCd=430&Type=search" }, "geometry": { "type": "Point", "coordinates": [ 139.570834900000023, 36.2649435 ] } },
{ "type": "Feature", "properties": { "内容": "ケアプランセンターまいしん【居宅介護支援】群馬県渋川市有馬417-1第2戸塚ハイツ122号室", "url2": "https://www.kaigokensaku.mhlw.go.jp/10/index.php?action_kouhyou_detail_004_kani=true&JigyosyoCd=1070801947-00&ServiceCd=430&Type=search" }, "geometry": { "type": "Point", "coordinates": [ 139.0099443, 36.466001 ] } },
{ "type": "Feature", "properties": { "内容": "ケアプランセンターひいらぎ【居宅介護支援】群馬県渋川市金井917-16", "url2": "https://www.kaigokensaku.mhlw.go.jp/10/index.php?action_kouhyou_detail_004_kani=true&JigyosyoCd=1070801970-00&ServiceCd=430&Type=search" }, "geometry": { "type": "Point", "coordinates": [ 139.003206095106492, 36.507149157145342 ] } },
{ "type": "Feature", "properties": { "内容": "はるかぜ居宅介護支援事業所【居宅介護支援】群馬県渋川市阿久津134番地3", "url2": "https://www.kaigokensaku.mhlw.go.jp/10/index.php?action_kouhyou_detail_004_kani=true&JigyosyoCd=1070801368-00&ServiceCd=430&Type=search" }, "geometry": { "type": "Point", "coordinates": [ 139.004452899999933, 36.5048468 ] } },
{ "type": "Feature", "properties": { "内容": "ケアプランセンター明月【居宅介護支援】群馬県渋川市伊香保町伊香保525-202", "url2": "https://www.kaigokensaku.mhlw.go.jp/10/index.php?action_kouhyou_detail_004_kani=true&JigyosyoCd=1070800659-00&ServiceCd=430&Type=search" }, "geometry": { "type": "Point", "coordinates": [ 138.93252060185236, 36.505489272703777 ] } },
{ "type": "Feature", "properties": { "内容": "居宅介護支援事業所ゆめ【居宅介護支援】群馬県渋川市行幸田324-7", "url2": "https://www.kaigokensaku.mhlw.go.jp/10/index.php?action_kouhyou_detail_004_kani=true&JigyosyoCd=1070801145-00&ServiceCd=430&Type=search" }, "geometry": { "type": "Point", "coordinates": [ 139.002726068070132, 36.473540478938759 ] } },
{ "type": "Feature", "properties": { "内容": "ケアプランセンターまめ太郎【居宅介護支援】群馬県渋川市渋川1305番", "url2": "https://www.kaigokensaku.mhlw.go.jp/10/index.php?action_kouhyou_detail_004_kani=true&JigyosyoCd=1070801822-00&ServiceCd=430&Type=search" }, "geometry": { "type": "Point", "coordinates": [ 139.007119463754265, 36.495085875093416 ] } },
{ "type": "Feature", "properties": { "内容": "あおぞらケアサービス【居宅介護支援】群馬県渋川市渋川1521-1", "url2": "https://www.kaigokensaku.mhlw.go.jp/10/index.php?action_kouhyou_detail_004_kani=true&JigyosyoCd=1070800899-00&ServiceCd=430&Type=search" }, "geometry": { "type": "Point", "coordinates": [ 139.010594500000025, 36.4895318 ] } },
{ "type": "Feature", "properties": { "内容": "ＪＡ北群渋川福祉センター【居宅介護支援】群馬県渋川市渋川１９８１－３", "url2": "https://www.kaigokensaku.mhlw.go.jp/10/index.php?action_kouhyou_detail_004_kani=true&JigyosyoCd=1072200197-00&ServiceCd=430&Type=search" }, "geometry": { "type": "Point", "coordinates": [ 139.008919399999968, 36.4968171 ] } },
{ "type": "Feature", "properties": { "内容": "居宅介護支援事業所ふぁん【居宅介護支援】群馬県渋川市渋川2316", "url2": "https://www.kaigokensaku.mhlw.go.jp/10/index.php?action_kouhyou_detail_004_kani=true&JigyosyoCd=1070801681-00&ServiceCd=430&Type=search" }, "geometry": { "type": "Point", "coordinates": [ 138.999302300000011, 36.4959267 ] } },
{ "type": "Feature", "properties": { "内容": "居宅介護支援事業所　シオンの丘【居宅介護支援】群馬県渋川市渋川3653-1", "url2": "https://www.kaigokensaku.mhlw.go.jp/10/index.php?action_kouhyou_detail_004_kani=true&JigyosyoCd=1070801533-00&ServiceCd=430&Type=search" }, "geometry": { "type": "Point", "coordinates": [ 138.951164, 36.4919497 ] } },
{ "type": "Feature", "properties": { "内容": "かがやきケアプランセンター【居宅介護支援】群馬県渋川市渋川４１４３－１", "url2": "https://www.kaigokensaku.mhlw.go.jp/10/index.php?action_kouhyou_detail_004_kani=true&JigyosyoCd=1072200395-00&ServiceCd=430&Type=search" }, "geometry": { "type": "Point", "coordinates": [ 138.9587656, 36.4998186 ] } },
{ "type": "Feature", "properties": { "内容": "居宅介護支援事業所なないろ【居宅介護支援】群馬県渋川市渋川903-22コーポ長谷川1　101", "url2": "https://www.kaigokensaku.mhlw.go.jp/10/index.php?action_kouhyou_detail_004_kani=true&JigyosyoCd=1070801889-00&ServiceCd=430&Type=search" }, "geometry": { "type": "Point", "coordinates": [ 139.006271440189352, 36.50078914422707 ] } },
{ "type": "Feature", "properties": { "内容": "ケアプランセンターほくもう【居宅介護支援】群馬県渋川市渋川908-22", "url2": "https://www.kaigokensaku.mhlw.go.jp/10/index.php?action_kouhyou_detail_004_kani=true&JigyosyoCd=1070800048-00&ServiceCd=430&Type=search" }, "geometry": { "type": "Point", "coordinates": [ 139.005678, 36.4995585 ] } },
{ "type": "Feature", "properties": { "内容": "渋川市社協ケアプランセンター【居宅介護支援】群馬県渋川市吹屋６５８番地２０", "url2": "https://www.kaigokensaku.mhlw.go.jp/10/index.php?action_kouhyou_detail_004_kani=true&JigyosyoCd=1070800527-00&ServiceCd=430&Type=search" }, "geometry": { "type": "Point", "coordinates": [ 139.01455169999997, 36.5161235 ] } },
{ "type": "Feature", "properties": { "内容": "居宅介護支援事業所いまる【居宅介護支援】群馬県渋川市石原1100番地１", "url2": "https://www.kaigokensaku.mhlw.go.jp/10/index.php?action_kouhyou_detail_004_kani=true&JigyosyoCd=1070801673-00&ServiceCd=430&Type=search" }, "geometry": { "type": "Point", "coordinates": [ 138.997035704893477, 36.489512612520947 ] } },
{ "type": "Feature", "properties": { "内容": "居宅介護支援事業所スローライフ【居宅介護支援】群馬県渋川市石原1269番地１", "url2": "https://www.kaigokensaku.mhlw.go.jp/10/index.php?action_kouhyou_detail_004_kani=true&JigyosyoCd=1070800261-00&ServiceCd=430&Type=search" }, "geometry": { "type": "Point", "coordinates": [ 138.994584900000063, 36.4861014 ] } },
{ "type": "Feature", "properties": { "内容": "渋川中央病院【居宅介護支援】群馬県渋川市石原５０８－１", "url2": "https://www.kaigokensaku.mhlw.go.jp/10/index.php?action_kouhyou_detail_004_kani=true&JigyosyoCd=1011110226-00&ServiceCd=430&Type=search" }, "geometry": { "type": "Point", "coordinates": [ 139.006645, 36.4865293 ] } },
{ "type": "Feature", "properties": { "内容": "居宅介護支援事業所　銀玲【居宅介護支援】群馬県渋川市石原５６４－１", "url2": "https://www.kaigokensaku.mhlw.go.jp/10/index.php?action_kouhyou_detail_004_kani=true&JigyosyoCd=1070801434-00&ServiceCd=430&Type=search" }, "geometry": { "type": "Point", "coordinates": [ 139.004248, 36.48486 ] } },
{ "type": "Feature", "properties": { "内容": "あいケアサポート【居宅介護支援】群馬県渋川市赤城町津久田２５６７番地１", "url2": "https://www.kaigokensaku.mhlw.go.jp/10/index.php?action_kouhyou_detail_004_kani=true&JigyosyoCd=1070801376-00&ServiceCd=430&Type=search" }, "geometry": { "type": "Point", "coordinates": [ 139.0446227, 36.5585691 ] } },
{ "type": "Feature", "properties": { "内容": "居宅介護支援事業所ひなたぼっこ【居宅介護支援】群馬県渋川市赤城町敷島61-1", "url2": "https://www.kaigokensaku.mhlw.go.jp/10/index.php?action_kouhyou_detail_004_kani=true&JigyosyoCd=1070801335-00&ServiceCd=430&Type=search" }, "geometry": { "type": "Point", "coordinates": [ 139.030107340058862, 36.540296855836445 ] } },
{ "type": "Feature", "properties": { "内容": "居宅介護支援事業所　赤城苑【居宅介護支援】群馬県渋川市赤城町北赤城山１０５５－１", "url2": "https://www.kaigokensaku.mhlw.go.jp/10/index.php?action_kouhyou_detail_004_kani=true&JigyosyoCd=1070800683-00&ServiceCd=430&Type=search" }, "geometry": { "type": "Point", "coordinates": [ 139.067188200000032, 36.5403991 ] } },
{ "type": "Feature", "properties": { "内容": "居宅介護支援事業所春日園【居宅介護支援】群馬県渋川市中郷2399-7", "url2": "https://www.kaigokensaku.mhlw.go.jp/10/index.php?action_kouhyou_detail_004_kani=true&JigyosyoCd=1070801723-00&ServiceCd=430&Type=search" }, "geometry": { "type": "Point", "coordinates": [ 139.0094341, 36.5378668 ] } },
{ "type": "Feature", "properties": { "内容": "ケアプランオフィスＵＮＩＣＯＲＮ【居宅介護支援】群馬県渋川市八木原619", "url2": "https://www.kaigokensaku.mhlw.go.jp/10/index.php?action_kouhyou_detail_004_kani=true&JigyosyoCd=1070801699-00&ServiceCd=430&Type=search" }, "geometry": { "type": "Point", "coordinates": [ 139.0130507, 36.4653071 ] } },
{ "type": "Feature", "properties": { "内容": "居宅介護支援事業所いくとせ【居宅介護支援】群馬県渋川市半田1858-4", "url2": "https://www.kaigokensaku.mhlw.go.jp/10/index.php?action_kouhyou_detail_004_kani=true&JigyosyoCd=1070801863-00&ServiceCd=430&Type=search" }, "geometry": { "type": "Point", "coordinates": [ 139.0214182, 36.4727605 ] } },
{ "type": "Feature", "properties": { "内容": "居宅介護支援事業所ベルジ渋川【居宅介護支援】群馬県渋川市半田2726-1", "url2": "https://www.kaigokensaku.mhlw.go.jp/10/index.php?action_kouhyou_detail_004_kani=true&JigyosyoCd=1070801061-00&ServiceCd=430&Type=search" }, "geometry": { "type": "Point", "coordinates": [ 139.031343317095889, 36.465441274717904 ] } },
{ "type": "Feature", "properties": { "内容": "居宅介護支援事業所永光荘【居宅介護支援】群馬県渋川市半田７８５－５", "url2": "https://www.kaigokensaku.mhlw.go.jp/10/index.php?action_kouhyou_detail_004_kani=true&JigyosyoCd=1070800030-00&ServiceCd=430&Type=search" }, "geometry": { "type": "Point", "coordinates": [ 139.0204893, 36.4590134 ] } },
{ "type": "Feature", "properties": { "内容": "居宅介護支援事業所一休【居宅介護支援】群馬県渋川市半田８１５－８", "url2": "https://www.kaigokensaku.mhlw.go.jp/10/index.php?action_kouhyou_detail_004_kani=true&JigyosyoCd=1070801137-00&ServiceCd=430&Type=search" }, "geometry": { "type": "Point", "coordinates": [ 139.023102900000026, 36.4595633 ] } },
{ "type": "Feature", "properties": { "内容": "つどい支援事業所渋川【居宅介護支援】群馬県渋川市北橘町八崎2334-3", "url2": "https://www.kaigokensaku.mhlw.go.jp/10/index.php?action_kouhyou_detail_004_kani=true&JigyosyoCd=1070800741-00&ServiceCd=430&Type=search" }, "geometry": { "type": "Point", "coordinates": [ 139.038655699999907, 36.4956927 ] } },
{ "type": "Feature", "properties": { "内容": "社会福祉法人　橘風会　ケアプランセンターねむの丘【居宅介護支援】群馬県渋川市北橘町八崎２３６５番地１", "url2": "https://www.kaigokensaku.mhlw.go.jp/10/index.php?action_kouhyou_detail_004_kani=true&JigyosyoCd=1072000076-00&ServiceCd=430&Type=search" }, "geometry": { "type": "Point", "coordinates": [ 139.040105600000061, 36.4945318 ] } },
{ "type": "Feature", "properties": { "内容": "居宅介護支援事業所　いろは【居宅介護支援】群馬県渋川市有馬234番地1薬師堂気功センター　２階", "url2": "https://www.kaigokensaku.mhlw.go.jp/10/index.php?action_kouhyou_detail_004_kani=true&JigyosyoCd=1070801327-00&ServiceCd=430&Type=search" }, "geometry": { "type": "Point", "coordinates": [ 139.0060899, 36.472453 ] } },
{ "type": "Feature", "properties": { "内容": "ケアプランセンターひかりの里【居宅介護支援】群馬県渋川市渋川2216-1", "url2": "https://www.kaigokensaku.mhlw.go.jp/10/index.php?action_kouhyou_detail_004_kani=true&JigyosyoCd=1070801988-00&ServiceCd=430&Type=search" }, "geometry": { "type": "Point", "coordinates": [ 138.9882016, 36.5013202 ] } },
{ "type": "Feature", "properties": { "内容": "居宅介護支援事業所　菜の花【居宅介護支援】群馬県渋川市渋川1826-26", "url2": "https://www.kaigokensaku.mhlw.go.jp/10/index.php?action_kouhyou_detail_004_kani=true&JigyosyoCd=1070801665-00&ServiceCd=430&Type=search" }, "geometry": { "type": "Point", "coordinates": [ 139.007447342939599, 36.491835259867891 ] } },
{ "type": "Feature", "properties": { "内容": "ケアマネオフィスのどか【居宅介護支援】群馬県渋川市北橘町上箱田４０２番地2", "url2": "https://www.kaigokensaku.mhlw.go.jp/10/index.php?action_kouhyou_detail_004_kani=true&JigyosyoCd=1070801897-00&ServiceCd=430&Type=search" }, "geometry": { "type": "Point", "coordinates": [ 139.062590101781467, 36.483335648913247 ] } },
{ "type": "Feature", "properties": { "内容": "居宅介護支援センター　花ぐるま【居宅介護支援】群馬県藤岡市白石1259-2", "url2": "https://www.kaigokensaku.mhlw.go.jp/10/index.php?action_kouhyou_detail_004_kani=true&JigyosyoCd=1070900897-00&ServiceCd=430&Type=search" }, "geometry": { "type": "Point", "coordinates": [ 139.039006299999983, 36.2595033 ] } },
{ "type": "Feature", "properties": { "内容": "居宅介護支援事業所　かなう家【居宅介護支援】群馬県藤岡市金井265-1", "url2": "https://www.kaigokensaku.mhlw.go.jp/10/index.php?action_kouhyou_detail_004_kani=true&JigyosyoCd=1070901606-00&ServiceCd=430&Type=search" }, "geometry": { "type": "Point", "coordinates": [ 139.0301383, 36.2159734 ] } },
{ "type": "Feature", "properties": { "内容": "居宅介護支援センター和み【居宅介護支援】群馬県藤岡市上戸塚1-10コスモスハイツ102", "url2": "https://www.kaigokensaku.mhlw.go.jp/10/index.php?action_kouhyou_detail_004_kani=true&JigyosyoCd=1070901622-00&ServiceCd=430&Type=search" }, "geometry": { "type": "Point", "coordinates": [ 139.0860166, 36.2521003 ] } },
{ "type": "Feature", "properties": { "内容": "社会福祉法人伸和会つどい（岡の郷）【居宅介護支援】群馬県藤岡市岡之郷１２番地４", "url2": "https://www.kaigokensaku.mhlw.go.jp/10/index.php?action_kouhyou_detail_004_kani=true&JigyosyoCd=1070900053-00&ServiceCd=430&Type=search" }, "geometry": { "type": "Point", "coordinates": [ 139.088325700000041, 36.2743531 ] } },
{ "type": "Feature", "properties": { "内容": "居宅介護支援事業所こでまり【居宅介護支援】群馬県藤岡市岡之郷５５６－２A105号", "url2": "https://www.kaigokensaku.mhlw.go.jp/10/index.php?action_kouhyou_detail_004_kani=true&JigyosyoCd=1070901077-00&ServiceCd=430&Type=search" }, "geometry": { "type": "Point", "coordinates": [ 139.098357800000031, 36.272848 ] } },
{ "type": "Feature", "properties": { "内容": "居宅介護支援事業所　すみれ【居宅介護支援】群馬県藤岡市下栗須953-1倉沢住宅　7号棟倉沢住宅7号棟", "url2": "https://www.kaigokensaku.mhlw.go.jp/10/index.php?action_kouhyou_detail_004_kani=true&JigyosyoCd=1070901291-00&ServiceCd=430&Type=search" }, "geometry": { "type": "Point", "coordinates": [ 139.088612095106527, 36.26078985617545 ] } },
{ "type": "Feature", "properties": { "内容": "八塩温泉　湯ざくらケアプランセンター【居宅介護支援】群馬県藤岡市鬼石１０２９－２サービス付き高齢者向け住宅　湯ざくら八塩", "url2": "https://www.kaigokensaku.mhlw.go.jp/10/index.php?action_kouhyou_detail_004_kani=true&JigyosyoCd=1070900681-00&ServiceCd=430&Type=search" }, "geometry": { "type": "Point", "coordinates": [ 139.054772288360596, 36.172339126396253 ] } },
{ "type": "Feature", "properties": { "内容": "藤岡市介護老人保健施設鬼石【居宅介護支援】群馬県藤岡市鬼石１３９番地１", "url2": "https://www.kaigokensaku.mhlw.go.jp/10/index.php?action_kouhyou_detail_004_kani=true&JigyosyoCd=1050980000-00&ServiceCd=430&Type=search" }, "geometry": { "type": "Point", "coordinates": [ 139.061234499999955, 36.1574244 ] } },
{ "type": "Feature", "properties": { "内容": "ケアプランセンターオアシス【居宅介護支援】群馬県藤岡市三波川215-2", "url2": "https://www.kaigokensaku.mhlw.go.jp/10/index.php?action_kouhyou_detail_004_kani=true&JigyosyoCd=1072300344-00&ServiceCd=430&Type=search" }, "geometry": { "type": "Point", "coordinates": [ 139.040162003704864, 36.158273335466816 ] } },
{ "type": "Feature", "properties": { "内容": "医療法人　育生会【居宅介護支援】群馬県藤岡市篠塚103-4サービス付き高齢者住宅フォレスト　2F", "url2": "https://www.kaigokensaku.mhlw.go.jp/10/index.php?action_kouhyou_detail_004_kani=true&JigyosyoCd=1070900111-00&ServiceCd=430&Type=search" }, "geometry": { "type": "Point", "coordinates": [ 139.062533691401626, 36.254746770787165 ] } },
{ "type": "Feature", "properties": { "内容": "リバティハウス　ふじおか【居宅介護支援】群馬県藤岡市上戸塚　101－3", "url2": "https://www.kaigokensaku.mhlw.go.jp/10/index.php?action_kouhyou_detail_004_kani=true&JigyosyoCd=1070900087-00&ServiceCd=430&Type=search" }, "geometry": { "type": "Point", "coordinates": [ 139.0874986, 36.249947 ] } },
{ "type": "Feature", "properties": { "内容": "在宅介護藤岡　居宅介護支援【居宅介護支援】群馬県藤岡市森351-2", "url2": "https://www.kaigokensaku.mhlw.go.jp/10/index.php?action_kouhyou_detail_004_kani=true&JigyosyoCd=1070900566-00&ServiceCd=430&Type=search" }, "geometry": { "type": "Point", "coordinates": [ 139.0769904, 36.2694432 ] } },
{ "type": "Feature", "properties": { "内容": "居宅介護支援事業所ナイスデイ【居宅介護支援】群馬県藤岡市中栗須238-1", "url2": "https://www.kaigokensaku.mhlw.go.jp/10/index.php?action_kouhyou_detail_004_kani=true&JigyosyoCd=1070900285-00&ServiceCd=430&Type=search" }, "geometry": { "type": "Point", "coordinates": [ 139.076369, 36.258821 ] } },
{ "type": "Feature", "properties": { "内容": "社会福祉法人藤岡市社会福祉協議会栗須【居宅介護支援】群馬県藤岡市中栗須531番地", "url2": "https://www.kaigokensaku.mhlw.go.jp/10/index.php?action_kouhyou_detail_004_kani=true&JigyosyoCd=1070900012-00&ServiceCd=430&Type=search" }, "geometry": { "type": "Point", "coordinates": [ 139.079124099999945, 36.266012 ] } },
{ "type": "Feature", "properties": { "内容": "社会福祉法人みやび会　ふじの里【居宅介護支援】群馬県藤岡市中大塚８８０番地", "url2": "https://www.kaigokensaku.mhlw.go.jp/10/index.php?action_kouhyou_detail_004_kani=true&JigyosyoCd=1070900046-00&ServiceCd=430&Type=search" }, "geometry": { "type": "Point", "coordinates": [ 139.051988299999948, 36.246808 ] } },
{ "type": "Feature", "properties": { "内容": "居宅介護支援センター花あかり【居宅介護支援】群馬県藤岡市藤岡1415－1", "url2": "https://www.kaigokensaku.mhlw.go.jp/10/index.php?action_kouhyou_detail_004_kani=true&JigyosyoCd=1070900277-00&ServiceCd=430&Type=search" }, "geometry": { "type": "Point", "coordinates": [ 139.081298, 36.2563088 ] } },
{ "type": "Feature", "properties": { "内容": "きびな介護支援センター【居宅介護支援】群馬県藤岡市藤岡２１２９－７", "url2": "https://www.kaigokensaku.mhlw.go.jp/10/index.php?action_kouhyou_detail_004_kani=true&JigyosyoCd=1070900772-00&ServiceCd=430&Type=search" }, "geometry": { "type": "Point", "coordinates": [ 139.064914899999962, 36.2395395 ] } },
{ "type": "Feature", "properties": { "内容": "社会福祉法人山紫会音和の園介護支援サービスセンター【居宅介護支援】群馬県藤岡市藤岡2874-2", "url2": "https://www.kaigokensaku.mhlw.go.jp/10/index.php?action_kouhyou_detail_004_kani=true&JigyosyoCd=1070900020-00&ServiceCd=430&Type=search" }, "geometry": { "type": "Point", "coordinates": [ 139.058679699999971, 36.2236164 ] } },
{ "type": "Feature", "properties": { "内容": "居宅介護支援事業所　もも【居宅介護支援】群馬県藤岡市藤岡２９８７", "url2": "https://www.kaigokensaku.mhlw.go.jp/10/index.php?action_kouhyou_detail_004_kani=true&JigyosyoCd=1070900913-00&ServiceCd=430&Type=search" }, "geometry": { "type": "Point", "coordinates": [ 139.069384200000059, 36.2269021 ] } },
{ "type": "Feature", "properties": { "内容": "医療法人社団　三思医光会　くすの木病院【居宅介護支援】群馬県藤岡市藤岡611－1", "url2": "https://www.kaigokensaku.mhlw.go.jp/10/index.php?action_kouhyou_detail_004_kani=true&JigyosyoCd=1011210091-00&ServiceCd=430&Type=search" }, "geometry": { "type": "Point", "coordinates": [ 139.082601553581299, 36.249711742555533 ] } },
{ "type": "Feature", "properties": { "内容": "居宅介護支援事業所まほろば【居宅介護支援】群馬県藤岡市藤岡1019-2", "url2": "https://www.kaigokensaku.mhlw.go.jp/10/index.php?action_kouhyou_detail_004_kani=true&JigyosyoCd=1070900541-00&ServiceCd=430&Type=search" }, "geometry": { "type": "Point", "coordinates": [ 139.068281, 36.2550684 ] } },
{ "type": "Feature", "properties": { "内容": "居宅介護支援センター　彩加【居宅介護支援】群馬県藤岡市藤岡88-1松野屋ビルC-1号", "url2": "https://www.kaigokensaku.mhlw.go.jp/10/index.php?action_kouhyou_detail_004_kani=true&JigyosyoCd=1070901580-00&ServiceCd=430&Type=search" }, "geometry": { "type": "Point", "coordinates": [ 139.088192099999986, 36.2481508 ] } },
{ "type": "Feature", "properties": { "内容": "ケアサポート・オリーブ【居宅介護支援】群馬県藤岡市藤岡1452-7", "url2": "https://www.kaigokensaku.mhlw.go.jp/10/index.php?action_kouhyou_detail_004_kani=true&JigyosyoCd=1070901499-00&ServiceCd=430&Type=search" }, "geometry": { "type": "Point", "coordinates": [ 139.0666871, 36.2452323 ] } },
{ "type": "Feature", "properties": { "内容": "介護老人保健施設ミドルホーム富岡居宅介護支援事業所【居宅介護支援】群馬県富岡市岡本965", "url2": "https://www.kaigokensaku.mhlw.go.jp/10/index.php?action_kouhyou_detail_004_kani=true&JigyosyoCd=1071000150-00&ServiceCd=430&Type=search" }, "geometry": { "type": "Point", "coordinates": [ 138.8886781, 36.2381682 ] } },
{ "type": "Feature", "properties": { "内容": "鏑泉苑居宅介護支援事業所【居宅介護支援】群馬県富岡市下高瀬７２４番地", "url2": "https://www.kaigokensaku.mhlw.go.jp/10/index.php?action_kouhyou_detail_004_kani=true&JigyosyoCd=1071000135-00&ServiceCd=430&Type=search" }, "geometry": { "type": "Point", "coordinates": [ 138.886503, 36.2421844 ] } },
{ "type": "Feature", "properties": { "内容": "ＪＡ甘楽富岡ふれあい福祉サービス【居宅介護支援】群馬県富岡市下高尾４６２番地２", "url2": "https://www.kaigokensaku.mhlw.go.jp/10/index.php?action_kouhyou_detail_004_kani=true&JigyosyoCd=1071000044-00&ServiceCd=430&Type=search" }, "geometry": { "type": "Point", "coordinates": [ 138.917156100000057, 36.2843492 ] } },
{ "type": "Feature", "properties": { "内容": "居宅介護支援事業所ふれあい【居宅介護支援】群馬県富岡市黒川1380番地", "url2": "https://www.kaigokensaku.mhlw.go.jp/10/index.php?action_kouhyou_detail_004_kani=true&JigyosyoCd=1071000226-00&ServiceCd=430&Type=search" }, "geometry": { "type": "Point", "coordinates": [ 138.879610400000047, 36.2682868 ] } },
{ "type": "Feature", "properties": { "内容": "こうない医院居宅介護支援事業所【居宅介護支援】群馬県富岡市七日市555-1", "url2": "https://www.kaigokensaku.mhlw.go.jp/10/index.php?action_kouhyou_detail_004_kani=true&JigyosyoCd=1071000408-00&ServiceCd=430&Type=search" }, "geometry": { "type": "Point", "coordinates": [ 138.882891100000052, 36.2616015 ] } },
{ "type": "Feature", "properties": { "内容": "富岡地域居宅介護支援事業所【居宅介護支援】群馬県富岡市七日市６４３", "url2": "https://www.kaigokensaku.mhlw.go.jp/10/index.php?action_kouhyou_detail_004_kani=true&JigyosyoCd=1071000051-00&ServiceCd=430&Type=search" }, "geometry": { "type": "Point", "coordinates": [ 138.883721700000024, 36.2586352 ] } },
{ "type": "Feature", "properties": { "内容": "社会福祉法人大桐会天の間園【居宅介護支援】群馬県富岡市上高瀬1390", "url2": "https://www.kaigokensaku.mhlw.go.jp/10/index.php?action_kouhyou_detail_004_kani=true&JigyosyoCd=1071000101-00&ServiceCd=430&Type=search" }, "geometry": { "type": "Point", "coordinates": [ 138.887821900000063, 36.249147500000014 ] } },
{ "type": "Feature", "properties": { "内容": "居宅介護支援事業所さとやま【居宅介護支援】群馬県富岡市上高尾909-5", "url2": "https://www.kaigokensaku.mhlw.go.jp/10/index.php?action_kouhyou_detail_004_kani=true&JigyosyoCd=1071000945-00&ServiceCd=430&Type=search" }, "geometry": { "type": "Point", "coordinates": [ 138.907443400000034, 36.2816689 ] } },
{ "type": "Feature", "properties": { "内容": "ケアプランセンターきこえ【居宅介護支援】群馬県富岡市曽木96番地3ハイツフレンド富岡204", "url2": "https://www.kaigokensaku.mhlw.go.jp/10/index.php?action_kouhyou_detail_004_kani=true&JigyosyoCd=1071001083-00&ServiceCd=430&Type=search" }, "geometry": { "type": "Point", "coordinates": [ 138.907828200000012, 36.2596491 ] } },
{ "type": "Feature", "properties": { "内容": "介護老人保健施設こまち居宅介護支援事業所【居宅介護支援】群馬県富岡市相野田469", "url2": "https://www.kaigokensaku.mhlw.go.jp/10/index.php?action_kouhyou_detail_004_kani=true&JigyosyoCd=1051080024-00&ServiceCd=430&Type=search" }, "geometry": { "type": "Point", "coordinates": [ 138.925469300000032, 36.2833772 ] } },
{ "type": "Feature", "properties": { "内容": "メリィたかせ居宅介護支援事業所【居宅介護支援】群馬県富岡市中高瀬675", "url2": "https://www.kaigokensaku.mhlw.go.jp/10/index.php?action_kouhyou_detail_004_kani=true&JigyosyoCd=1071001034-00&ServiceCd=430&Type=search" }, "geometry": { "type": "Point", "coordinates": [ 138.879284501544163, 36.246977549149165 ] } },
{ "type": "Feature", "properties": { "内容": "あすなろ居宅介護支援事業所【居宅介護支援】群馬県富岡市田島6-6", "url2": "https://www.kaigokensaku.mhlw.go.jp/10/index.php?action_kouhyou_detail_004_kani=true&JigyosyoCd=1071000853-00&ServiceCd=430&Type=search" }, "geometry": { "type": "Point", "coordinates": [ 138.857982864418091, 36.247312917457883 ] } },
{ "type": "Feature", "properties": { "内容": "かやの木【居宅介護支援】群馬県富岡市内匠448番地", "url2": "https://www.kaigokensaku.mhlw.go.jp/10/index.php?action_kouhyou_detail_004_kani=true&JigyosyoCd=1071000424-00&ServiceCd=430&Type=search" }, "geometry": { "type": "Point", "coordinates": [ 138.903517599999986, 36.2461006 ] } },
{ "type": "Feature", "properties": { "内容": "社会福祉法人　富岡市社会福祉協議会【居宅介護支援】群馬県富岡市富岡1439-1", "url2": "https://www.kaigokensaku.mhlw.go.jp/10/index.php?action_kouhyou_detail_004_kani=true&JigyosyoCd=1071000432-00&ServiceCd=430&Type=search" }, "geometry": { "type": "Point", "coordinates": [ 138.89165980000007, 36.2597934 ] } },
{ "type": "Feature", "properties": { "内容": "介護いろいろ相談処　福よか【居宅介護支援】群馬県富岡市富岡１８３８－１吉田アパート４号", "url2": "https://www.kaigokensaku.mhlw.go.jp/10/index.php?action_kouhyou_detail_004_kani=true&JigyosyoCd=1071001125-00&ServiceCd=430&Type=search" }, "geometry": { "type": "Point", "coordinates": [ 138.89875296627045, 36.260382012847344 ] } },
{ "type": "Feature", "properties": { "内容": "妙義会居宅介護支援事業所【居宅介護支援】群馬県富岡市妙義町上高田1208-2", "url2": "https://www.kaigokensaku.mhlw.go.jp/10/index.php?action_kouhyou_detail_004_kani=true&JigyosyoCd=1071000564-00&ServiceCd=430&Type=search" }, "geometry": { "type": "Point", "coordinates": [ 138.816185099999984, 36.2868261 ] } },
{ "type": "Feature", "properties": { "内容": "居宅介護支援事業所ふれ愛【居宅介護支援】群馬県安中市安中1-17-11", "url2": "https://www.kaigokensaku.mhlw.go.jp/10/index.php?action_kouhyou_detail_004_kani=true&JigyosyoCd=1071100588-00&ServiceCd=430&Type=search" }, "geometry": { "type": "Point", "coordinates": [ 138.887938722020749, 36.321658770525353 ] } },
{ "type": "Feature", "properties": { "内容": "居宅介護支援事業所　のどの荘【居宅介護支援】群馬県安中市野殿1599-1", "url2": "https://www.kaigokensaku.mhlw.go.jp/10/index.php?action_kouhyou_detail_004_kani=true&JigyosyoCd=1071101016-00&ServiceCd=430&Type=search" }, "geometry": { "type": "Point", "coordinates": [ 138.91476590000002, 36.3190715 ] } },
{ "type": "Feature", "properties": { "内容": "居宅介護支援事業所　こかげ【居宅介護支援】群馬県安中市安中3-25-13", "url2": "https://www.kaigokensaku.mhlw.go.jp/10/index.php?action_kouhyou_detail_004_kani=true&JigyosyoCd=1071100018-00&ServiceCd=430&Type=search" }, "geometry": { "type": "Point", "coordinates": [ 138.90023640000004, 36.3287816 ] } },
{ "type": "Feature", "properties": { "内容": "居宅介護支援事業所昴【居宅介護支援】群馬県安中市磯部1-7-36", "url2": "https://www.kaigokensaku.mhlw.go.jp/10/index.php?action_kouhyou_detail_004_kani=true&JigyosyoCd=1071100901-00&ServiceCd=430&Type=search" }, "geometry": { "type": "Point", "coordinates": [ 138.844414799999981, 36.2997858 ] } },
{ "type": "Feature", "properties": { "内容": "居宅介護支援事業所フォレスト【居宅介護支援】群馬県安中市岩井2423番地3", "url2": "https://www.kaigokensaku.mhlw.go.jp/10/index.php?action_kouhyou_detail_004_kani=true&JigyosyoCd=1071100810-00&ServiceCd=430&Type=search" }, "geometry": { "type": "Point", "coordinates": [ 138.927350199999978, 36.3326765 ] } },
{ "type": "Feature", "properties": { "内容": "安中市居宅介護支援事業所【居宅介護支援】群馬県安中市原市1丁目9-10", "url2": "https://www.kaigokensaku.mhlw.go.jp/10/index.php?action_kouhyou_detail_004_kani=true&JigyosyoCd=1071100448-00&ServiceCd=430&Type=search" }, "geometry": { "type": "Point", "coordinates": [ 138.858208383467172, 36.316798317414722 ] } },
{ "type": "Feature", "properties": { "内容": "ケアサポーター　ほのか【居宅介護支援】群馬県安中市原市二丁目5番41号3", "url2": "https://www.kaigokensaku.mhlw.go.jp/10/index.php?action_kouhyou_detail_004_kani=true&JigyosyoCd=1071100414-00&ServiceCd=430&Type=search" }, "geometry": { "type": "Point", "coordinates": [ 138.860609899999986, 36.3125459 ] } },
{ "type": "Feature", "properties": { "内容": "やまと【居宅介護支援】群馬県安中市原市3533-5アートリューム原市101室", "url2": "https://www.kaigokensaku.mhlw.go.jp/10/index.php?action_kouhyou_detail_004_kani=true&JigyosyoCd=1071100471-00&ServiceCd=430&Type=search" }, "geometry": { "type": "Point", "coordinates": [ 138.856911569219307, 36.31776621131992 ] } },
{ "type": "Feature", "properties": { "内容": "居宅介護支援事業所フレンズ【居宅介護支援】群馬県安中市鷺宮２０５－１", "url2": "https://www.kaigokensaku.mhlw.go.jp/10/index.php?action_kouhyou_detail_004_kani=true&JigyosyoCd=1071100026-00&ServiceCd=430&Type=search" }, "geometry": { "type": "Point", "coordinates": [ 138.89696570000001, 36.3051779 ] } },
{ "type": "Feature", "properties": { "内容": "居宅介護支援事業所　なゆた【居宅介護支援】群馬県安中市鷺宮389", "url2": "https://www.kaigokensaku.mhlw.go.jp/10/index.php?action_kouhyou_detail_004_kani=true&JigyosyoCd=1071100521-00&ServiceCd=430&Type=search" }, "geometry": { "type": "Point", "coordinates": [ 138.894021599999974, 36.3053529 ] } },
{ "type": "Feature", "properties": { "内容": "妙義会居宅介護支援事業所あんなか【居宅介護支援】群馬県安中市秋間みのりが丘２５３８－１", "url2": "https://www.kaigokensaku.mhlw.go.jp/10/index.php?action_kouhyou_detail_004_kani=true&JigyosyoCd=1071101131-00&ServiceCd=430&Type=search" }, "geometry": { "type": "Point", "coordinates": [ 138.851168370639044, 36.361645350803251 ] } },
{ "type": "Feature", "properties": { "内容": "松井田町在宅介護支援センターうすいの里【居宅介護支援】群馬県安中市松井田町高梨子1491-1", "url2": "https://www.kaigokensaku.mhlw.go.jp/10/index.php?action_kouhyou_detail_004_kani=true&JigyosyoCd=1072500026-00&ServiceCd=430&Type=search" }, "geometry": { "type": "Point", "coordinates": [ 138.795482, 36.3298489 ] } },
{ "type": "Feature", "properties": { "内容": "松井田居宅介護支援事業所　せせらぎ【居宅介護支援】群馬県安中市松井田町新堀1300番地1号", "url2": "https://www.kaigokensaku.mhlw.go.jp/10/index.php?action_kouhyou_detail_004_kani=true&JigyosyoCd=1072500059-00&ServiceCd=430&Type=search" }, "geometry": { "type": "Point", "coordinates": [ 138.792669, 36.3183193 ] } },
{ "type": "Feature", "properties": { "内容": "安中市社会福祉協議会【居宅介護支援】群馬県安中市松井田町新堀245番地", "url2": "https://www.kaigokensaku.mhlw.go.jp/10/index.php?action_kouhyou_detail_004_kani=true&JigyosyoCd=1071100539-00&ServiceCd=430&Type=search" }, "geometry": { "type": "Point", "coordinates": [ 138.790341668122892, 36.31442170147745 ] } },
{ "type": "Feature", "properties": { "内容": "ケアプランセンター　ピース安中【居宅介護支援】群馬県安中市中宿2180-2", "url2": "https://www.kaigokensaku.mhlw.go.jp/10/index.php?action_kouhyou_detail_004_kani=true&JigyosyoCd=1071100281-00&ServiceCd=430&Type=search" }, "geometry": { "type": "Point", "coordinates": [ 138.923878458058169, 36.335318905595457 ] } },
{ "type": "Feature", "properties": { "内容": "居宅介護支援事業所　アースブリッジ【居宅介護支援】群馬県安中市板鼻3322番地4", "url2": "https://www.kaigokensaku.mhlw.go.jp/10/index.php?action_kouhyou_detail_004_kani=true&JigyosyoCd=1071101164-00&ServiceCd=430&Type=search" }, "geometry": { "type": "Point", "coordinates": [ 138.924435, 36.3408834 ] } },
{ "type": "Feature", "properties": { "内容": "特別養護老人ホーム明嶺荘【居宅介護支援】群馬県安中市嶺２４０", "url2": "https://www.kaigokensaku.mhlw.go.jp/10/index.php?action_kouhyou_detail_004_kani=true&JigyosyoCd=1071100042-00&ServiceCd=430&Type=search" }, "geometry": { "type": "Point", "coordinates": [ 138.849919, 36.3188618 ] } },
{ "type": "Feature", "properties": { "内容": "居宅介護支援事業所いっしん【居宅介護支援】群馬県安中市原市字一里山４０１番２の１", "url2": "https://www.kaigokensaku.mhlw.go.jp/10/index.php?action_kouhyou_detail_004_kani=true&JigyosyoCd=1071101214-00&ServiceCd=430&Type=search" }, "geometry": { "type": "Point", "coordinates": [ 138.8604942, 36.316073 ] } },
{ "type": "Feature", "properties": { "内容": "居宅介護支援事業所蒼星【居宅介護支援】群馬県安中市下磯部６番地５", "url2": "https://www.kaigokensaku.mhlw.go.jp/10/index.php?action_kouhyou_detail_004_kani=true&JigyosyoCd=1071101206-00&ServiceCd=430&Type=search" }, "geometry": { "type": "Point", "coordinates": [ 138.867473499999988, 36.3079713 ] } },
{ "type": "Feature", "properties": { "内容": "居宅介護支援センター　クレイン東邦【居宅介護支援】群馬県みどり市笠懸町阿左美3276-5", "url2": "https://www.kaigokensaku.mhlw.go.jp/10/index.php?action_kouhyou_detail_004_kani=true&JigyosyoCd=1071200545-00&ServiceCd=430&Type=search" }, "geometry": { "type": "Point", "coordinates": [ 139.310603799999967, 36.3908947 ] } },
{ "type": "Feature", "properties": { "内容": "ケアプランけあもん【居宅介護支援】群馬県みどり市笠懸町阿左美1226番地12", "url2": "https://www.kaigokensaku.mhlw.go.jp/10/index.php?action_kouhyou_detail_004_kani=true&JigyosyoCd=1071201162-00&ServiceCd=430&Type=search" }, "geometry": { "type": "Point", "coordinates": [ 139.3053861, 36.3882561 ] } },
{ "type": "Feature", "properties": { "内容": "ケアプランセンターカサガケ【居宅介護支援】群馬県みどり市笠懸町阿左美1058", "url2": "https://www.kaigokensaku.mhlw.go.jp/10/index.php?action_kouhyou_detail_004_kani=true&JigyosyoCd=1072900812-00&ServiceCd=430&Type=search" }, "geometry": { "type": "Point", "coordinates": [ 139.306371737812043, 36.386059297177034 ] } },
{ "type": "Feature", "properties": { "内容": "HappyStart【居宅介護支援】群馬県みどり市笠懸町阿左美1814−8", "url2": "https://www.kaigokensaku.mhlw.go.jp/10/index.php?action_kouhyou_detail_004_kani=true&JigyosyoCd=1071201097-00&ServiceCd=430&Type=search" }, "geometry": { "type": "Point", "coordinates": [ 139.2851431, 36.4093297 ] } },
{ "type": "Feature", "properties": { "内容": "オアシス介護センター【居宅介護支援】群馬県みどり市笠懸町阿左美3375-7", "url2": "https://www.kaigokensaku.mhlw.go.jp/10/index.php?action_kouhyou_detail_004_kani=true&JigyosyoCd=1072900820-00&ServiceCd=430&Type=search" }, "geometry": { "type": "Point", "coordinates": [ 139.312935381614665, 36.387167840515723 ] } },
{ "type": "Feature", "properties": { "内容": "ケアプランセンターさいとうさんち【居宅介護支援】群馬県みどり市笠懸町阿左美497-7", "url2": "https://www.kaigokensaku.mhlw.go.jp/10/index.php?action_kouhyou_detail_004_kani=true&JigyosyoCd=1071200883-00&ServiceCd=430&Type=search" }, "geometry": { "type": "Point", "coordinates": [ 139.298285800000031, 36.3754572 ] } },
{ "type": "Feature", "properties": { "内容": "居宅介護支援事業所　サンホープケアプランセンターかさかけ【居宅介護支援】群馬県みどり市笠懸町阿左美574番地3", "url2": "https://www.kaigokensaku.mhlw.go.jp/10/index.php?action_kouhyou_detail_004_kani=true&JigyosyoCd=1072900358-00&ServiceCd=430&Type=search" }, "geometry": { "type": "Point", "coordinates": [ 139.298621899999944, 36.3763488 ] } },
{ "type": "Feature", "properties": { "内容": "ケアプランセンターいずみ【居宅介護支援】群馬県みどり市笠懸町久宮299-8", "url2": "https://www.kaigokensaku.mhlw.go.jp/10/index.php?action_kouhyou_detail_004_kani=true&JigyosyoCd=1071200297-00&ServiceCd=430&Type=search" }, "geometry": { "type": "Point", "coordinates": [ 139.27946529999997, 36.3764455 ] } },
{ "type": "Feature", "properties": { "内容": "かさかけの里【居宅介護支援】群馬県みどり市笠懸町鹿３０３３－１かさかけの里", "url2": "https://www.kaigokensaku.mhlw.go.jp/10/index.php?action_kouhyou_detail_004_kani=true&JigyosyoCd=1072900077-00&ServiceCd=430&Type=search" }, "geometry": { "type": "Point", "coordinates": [ 139.277337799999941, 36.397546100000014 ] } },
{ "type": "Feature", "properties": { "内容": "たんぽぽ介護センター【居宅介護支援】群馬県みどり市笠懸町鹿3133-7", "url2": "https://www.kaigokensaku.mhlw.go.jp/10/index.php?action_kouhyou_detail_004_kani=true&JigyosyoCd=1072900630-00&ServiceCd=430&Type=search" }, "geometry": { "type": "Point", "coordinates": [ 139.27726830000006, 36.3937881 ] } },
{ "type": "Feature", "properties": { "内容": "ケアプランセンター旭ヶ丘【居宅介護支援】群馬県みどり市笠懸町鹿4265-3ローズガーデンⅠＡ号室", "url2": "https://www.kaigokensaku.mhlw.go.jp/10/index.php?action_kouhyou_detail_004_kani=true&JigyosyoCd=1071201048-00&ServiceCd=430&Type=search" }, "geometry": { "type": "Point", "coordinates": [ 139.272949381614694, 36.383398125867664 ] } },
{ "type": "Feature", "properties": { "内容": "居宅介護支援事業所　塩原【居宅介護支援】群馬県みどり市大間々町塩原204番地７", "url2": "https://www.kaigokensaku.mhlw.go.jp/10/index.php?action_kouhyou_detail_004_kani=true&JigyosyoCd=1071200958-00&ServiceCd=430&Type=search" }, "geometry": { "type": "Point", "coordinates": [ 139.2726338, 36.455605299999966 ] } },
{ "type": "Feature", "properties": { "内容": "サニーヒル居宅介護支援事業所【居宅介護支援】群馬県みどり市大間々町桐原１４７６－１", "url2": "https://www.kaigokensaku.mhlw.go.jp/10/index.php?action_kouhyou_detail_004_kani=true&JigyosyoCd=1073000059-00&ServiceCd=430&Type=search" }, "geometry": { "type": "Point", "coordinates": [ 139.2636824, 36.437633 ] } },
{ "type": "Feature", "properties": { "内容": "水平線【居宅介護支援】群馬県みどり市大間々町桐原220番地3", "url2": "https://www.kaigokensaku.mhlw.go.jp/10/index.php?action_kouhyou_detail_004_kani=true&JigyosyoCd=1071201113-00&ServiceCd=430&Type=search" }, "geometry": { "type": "Point", "coordinates": [ 139.26982689999997, 36.436204699999983 ] } },
{ "type": "Feature", "properties": { "内容": "ケアアシスト知音【居宅介護支援】群馬県みどり市大間々町桐原970-2", "url2": "https://www.kaigokensaku.mhlw.go.jp/10/index.php?action_kouhyou_detail_004_kani=true&JigyosyoCd=1071200214-00&ServiceCd=430&Type=search" }, "geometry": { "type": "Point", "coordinates": [ 139.281200500000068, 36.4291035 ] } },
{ "type": "Feature", "properties": { "内容": "みどり市社会福祉協議会　居宅介護支援事業所【居宅介護支援】群馬県みどり市大間々町大間々１５１１番地", "url2": "https://www.kaigokensaku.mhlw.go.jp/10/index.php?action_kouhyou_detail_004_kani=true&JigyosyoCd=1071200024-00&ServiceCd=430&Type=search" }, "geometry": { "type": "Point", "coordinates": [ 139.2698987, 36.4299118 ] } },
{ "type": "Feature", "properties": { "内容": "アリスプラン【居宅介護支援】群馬県みどり市大間々町大間々675-2ターミナスAKAGI-103", "url2": "https://www.kaigokensaku.mhlw.go.jp/10/index.php?action_kouhyou_detail_004_kani=true&JigyosyoCd=1071200859-00&ServiceCd=430&Type=search" }, "geometry": { "type": "Point", "coordinates": [ 139.275419454301755, 36.425871080498602 ] } },
{ "type": "Feature", "properties": { "内容": "居宅介護支援事業所　さち【居宅介護支援】群馬県みどり市大間々町大間々418番地5", "url2": "https://www.kaigokensaku.mhlw.go.jp/10/index.php?action_kouhyou_detail_004_kani=true&JigyosyoCd=1071201196-00&ServiceCd=430&Type=search" }, "geometry": { "type": "Point", "coordinates": [ 139.2896288, 36.4175903 ] } },
{ "type": "Feature", "properties": { "内容": "社会福祉法人榛東村社会福祉協議会【居宅介護支援】群馬県北群馬郡榛東村大字新井507番地3", "url2": "https://www.kaigokensaku.mhlw.go.jp/10/index.php?action_kouhyou_detail_004_kani=true&JigyosyoCd=1072200072-00&ServiceCd=430&Type=search" }, "geometry": { "type": "Point", "coordinates": [ 138.968242499999974, 36.4383059 ] } },
{ "type": "Feature", "properties": { "内容": "ケアマネハウスおりーぶ【居宅介護支援】群馬県北群馬郡榛東村新井2385番地1", "url2": "https://www.kaigokensaku.mhlw.go.jp/10/index.php?action_kouhyou_detail_004_kani=true&JigyosyoCd=1072201153-00&ServiceCd=430&Type=search" }, "geometry": { "type": "Point", "coordinates": [ 138.988290371163941, 36.426430414230971 ] } },
{ "type": "Feature", "properties": { "内容": "居宅介護支援事業所しんとう苑【居宅介護支援】群馬県北群馬郡榛東村広馬場1797－1", "url2": "https://www.kaigokensaku.mhlw.go.jp/10/index.php?action_kouhyou_detail_004_kani=true&JigyosyoCd=1072200338-00&ServiceCd=430&Type=search" }, "geometry": { "type": "Point", "coordinates": [ 138.966096200000038, 36.4200497 ] } },
{ "type": "Feature", "properties": { "内容": "居宅介護支援事業所　喜望峰【居宅介護支援】群馬県北群馬郡榛東村山子田2547-1", "url2": "https://www.kaigokensaku.mhlw.go.jp/10/index.php?action_kouhyou_detail_004_kani=true&JigyosyoCd=1072200452-00&ServiceCd=430&Type=search" }, "geometry": { "type": "Point", "coordinates": [ 138.966487, 36.4401668 ] } },
{ "type": "Feature", "properties": { "内容": "合同会社　さくら介護サービス【居宅介護支援】群馬県北群馬郡榛東村新井2481-4", "url2": "https://www.kaigokensaku.mhlw.go.jp/10/index.php?action_kouhyou_detail_004_kani=true&JigyosyoCd=1072200494-00&ServiceCd=430&Type=search" }, "geometry": { "type": "Point", "coordinates": [ 138.994082599999956, 36.4243556 ] } },
{ "type": "Feature", "properties": { "内容": "タカギツネカワリゾート市役所通りケアわん【居宅介護支援】群馬県北群馬郡榛東村長岡878善養寺ハイツA101", "url2": "https://www.kaigokensaku.mhlw.go.jp/10/index.php?action_kouhyou_detail_004_kani=true&JigyosyoCd=1070801467-00&ServiceCd=430&Type=search" }, "geometry": { "type": "Point", "coordinates": [ 138.987551100000019, 36.4511578 ] } },
{ "type": "Feature", "properties": { "内容": "居宅介護支援事業所　ひばり【居宅介護支援】群馬県北群馬郡吉岡町大字上野田140", "url2": "https://www.kaigokensaku.mhlw.go.jp/10/index.php?action_kouhyou_detail_004_kani=true&JigyosyoCd=1072201138-00&ServiceCd=430&Type=search" }, "geometry": { "type": "Point", "coordinates": [ 139.0041819, 36.4546186 ] } },
{ "type": "Feature", "properties": { "内容": "ケアプランセンターラポール【居宅介護支援】群馬県北群馬郡吉岡町大字小倉５５８番地テラスハウス渡辺", "url2": "https://www.kaigokensaku.mhlw.go.jp/10/index.php?action_kouhyou_detail_004_kani=true&JigyosyoCd=1072201096-00&ServiceCd=430&Type=search" }, "geometry": { "type": "Point", "coordinates": [ 139.001705500000014, 36.4603562 ] } },
{ "type": "Feature", "properties": { "内容": "ふなお居宅介護支援事業所【居宅介護支援】群馬県北群馬郡吉岡町上野田２１３５番地", "url2": "https://www.kaigokensaku.mhlw.go.jp/10/index.php?action_kouhyou_detail_004_kani=true&JigyosyoCd=1072200049-00&ServiceCd=430&Type=search" }, "geometry": { "type": "Point", "coordinates": [ 138.9669053, 36.4687384 ] } },
{ "type": "Feature", "properties": { "内容": "居宅介護支援事業所　みずき【居宅介護支援】群馬県北群馬郡吉岡町大字陣場９８番地", "url2": "https://www.kaigokensaku.mhlw.go.jp/10/index.php?action_kouhyou_detail_004_kani=true&JigyosyoCd=1072200064-00&ServiceCd=430&Type=search" }, "geometry": { "type": "Point", "coordinates": [ 139.00536109140171, 36.43152621343728 ] } },
{ "type": "Feature", "properties": { "内容": "ケアプランセンターくくる【居宅介護支援】群馬県北群馬郡吉岡町大字大久保130番地7", "url2": "https://www.kaigokensaku.mhlw.go.jp/10/index.php?action_kouhyou_detail_004_kani=true&JigyosyoCd=1072201070-00&ServiceCd=430&Type=search" }, "geometry": { "type": "Point", "coordinates": [ 139.010854811639405, 36.436750487248354 ] } },
{ "type": "Feature", "properties": { "内容": "居宅介護支援事業所神奈備【居宅介護支援】群馬県北群馬郡吉岡町大字大久保1719番地", "url2": "https://www.kaigokensaku.mhlw.go.jp/10/index.php?action_kouhyou_detail_004_kani=true&JigyosyoCd=1072200478-00&ServiceCd=430&Type=search" }, "geometry": { "type": "Point", "coordinates": [ 139.027665399999933, 36.4304863 ] } },
{ "type": "Feature", "properties": { "内容": "社会福祉法人　上野村社会福祉協議会【居宅介護支援】群馬県多野郡上野村大字乙父６３０番地の１", "url2": "https://www.kaigokensaku.mhlw.go.jp/10/index.php?action_kouhyou_detail_004_kani=true&JigyosyoCd=1072300039-00&ServiceCd=430&Type=search" }, "geometry": { "type": "Point", "coordinates": [ 138.750936, 36.0844952 ] } },
{ "type": "Feature", "properties": { "内容": "社会福祉法人　神流町社会福祉協議会【居宅介護支援】群馬県多野郡神流町大字神ヶ原430番地1", "url2": "https://www.kaigokensaku.mhlw.go.jp/10/index.php?action_kouhyou_detail_004_kani=true&JigyosyoCd=1072300294-00&ServiceCd=430&Type=search" }, "geometry": { "type": "Point", "coordinates": [ 138.82828470000004, 36.0911488 ] } },
{ "type": "Feature", "properties": { "内容": "居宅介護支援センターやまの花【居宅介護支援】群馬県多野郡神流町大字万場２０７", "url2": "https://www.kaigokensaku.mhlw.go.jp/10/index.php?action_kouhyou_detail_004_kani=true&JigyosyoCd=1072300120-00&ServiceCd=430&Type=search" }, "geometry": { "type": "Point", "coordinates": [ 138.915208300000018, 36.1181303 ] } },
{ "type": "Feature", "properties": { "内容": "居宅介護支援事業所　かぶらの里【居宅介護支援】群馬県甘楽郡下仁田町大字下小坂８７７", "url2": "https://www.kaigokensaku.mhlw.go.jp/10/index.php?action_kouhyou_detail_004_kani=true&JigyosyoCd=1072400227-00&ServiceCd=430&Type=search" }, "geometry": { "type": "Point", "coordinates": [ 138.759340400000042, 36.2286876 ] } },
{ "type": "Feature", "properties": { "内容": "ケアプランあいりす【居宅介護支援】群馬県甘楽郡下仁田町大字下小坂218-8", "url2": "https://www.kaigokensaku.mhlw.go.jp/10/index.php?action_kouhyou_detail_004_kani=true&JigyosyoCd=1072400706-00&ServiceCd=430&Type=search" }, "geometry": { "type": "Point", "coordinates": [ 138.777400266635112, 36.221557181177246 ] } },
{ "type": "Feature", "properties": { "内容": "ケアプラン優【居宅介護支援】群馬県甘楽郡下仁田町大字下仁田159", "url2": "https://www.kaigokensaku.mhlw.go.jp/10/index.php?action_kouhyou_detail_004_kani=true&JigyosyoCd=1071000770-00&ServiceCd=430&Type=search" }, "geometry": { "type": "Point", "coordinates": [ 138.784180900000024, 36.213567300000015 ] } },
{ "type": "Feature", "properties": { "内容": "しもにたプラン【居宅介護支援】群馬県甘楽郡下仁田町大字下仁田４２９番地９", "url2": "https://www.kaigokensaku.mhlw.go.jp/10/index.php?action_kouhyou_detail_004_kani=true&JigyosyoCd=1072400318-00&ServiceCd=430&Type=search" }, "geometry": { "type": "Point", "coordinates": [ 138.787325199999941, 36.2115926 ] } },
{ "type": "Feature", "properties": { "内容": "あいらいふケアマネジメント【居宅介護支援】群馬県甘楽郡下仁田町大字吉崎１６０ー２", "url2": "https://www.kaigokensaku.mhlw.go.jp/10/index.php?action_kouhyou_detail_004_kani=true&JigyosyoCd=1072400664-00&ServiceCd=430&Type=search" }, "geometry": { "type": "Point", "coordinates": [ 138.78876, 36.2072647 ] } },
{ "type": "Feature", "properties": { "内容": "社会福祉法人下仁田町社会福祉協議会【居宅介護支援】群馬県甘楽郡下仁田町大字本宿3725", "url2": "https://www.kaigokensaku.mhlw.go.jp/10/index.php?action_kouhyou_detail_004_kani=true&JigyosyoCd=1072400011-00&ServiceCd=430&Type=search" }, "geometry": { "type": "Point", "coordinates": [ 138.707962263975986, 36.244488875066232 ] } },
{ "type": "Feature", "properties": { "内容": "さわやかホーム【居宅介護支援】群馬県甘楽郡南牧村大字大日向９２６", "url2": "https://www.kaigokensaku.mhlw.go.jp/10/index.php?action_kouhyou_detail_004_kani=true&JigyosyoCd=1072400060-00&ServiceCd=430&Type=search" }, "geometry": { "type": "Point", "coordinates": [ 138.70374860000004, 36.1576448 ] } },
{ "type": "Feature", "properties": { "内容": "甘楽町在宅介護支援センター・シルク【居宅介護支援】群馬県甘楽郡甘楽町大字白倉１３８４－１", "url2": "https://www.kaigokensaku.mhlw.go.jp/10/index.php?action_kouhyou_detail_004_kani=true&JigyosyoCd=1072400045-00&ServiceCd=430&Type=search" }, "geometry": { "type": "Point", "coordinates": [ 138.93449190000004, 36.242613 ] } },
{ "type": "Feature", "properties": { "内容": "社会福祉法人　甘楽町社会福祉協議会【居宅介護支援】群馬県甘楽郡甘楽町大字白倉1395-1", "url2": "https://www.kaigokensaku.mhlw.go.jp/10/index.php?action_kouhyou_detail_004_kani=true&JigyosyoCd=1072400102-00&ServiceCd=430&Type=search" }, "geometry": { "type": "Point", "coordinates": [ 138.934561799999983, 36.2413707 ] } },
{ "type": "Feature", "properties": { "内容": "居宅介護支援事業所エプロンの会【居宅介護支援】群馬県吾妻郡中之条町大字西中条２４１", "url2": "https://www.kaigokensaku.mhlw.go.jp/10/index.php?action_kouhyou_detail_004_kani=true&JigyosyoCd=1072600842-00&ServiceCd=430&Type=search" }, "geometry": { "type": "Point", "coordinates": [ 138.8324371, 36.5880508 ] } },
{ "type": "Feature", "properties": { "内容": "介護相談室　せきぐち【居宅介護支援】群馬県吾妻郡吾妻郡中之条町伊勢町987-1関口接骨院併設", "url2": "https://www.kaigokensaku.mhlw.go.jp/10/index.php?action_kouhyou_detail_004_kani=true&JigyosyoCd=1072601287-00&ServiceCd=430&Type=search" }, "geometry": { "type": "Point", "coordinates": [ 138.848370771593181, 36.587683960418147 ] } },
{ "type": "Feature", "properties": { "内容": "居宅介護支援事業所はなまる【居宅介護支援】群馬県吾妻郡中之条町大字下沢渡１５８０番地の２", "url2": "https://www.kaigokensaku.mhlw.go.jp/10/index.php?action_kouhyou_detail_004_kani=true&JigyosyoCd=1072600719-00&ServiceCd=430&Type=search" }, "geometry": { "type": "Point", "coordinates": [ 138.7930235, 36.616552100000014 ] } },
{ "type": "Feature", "properties": { "内容": "めぐみ居宅介護支援事業所【居宅介護支援】群馬県吾妻郡中之条町大字中之条町129-2", "url2": "https://www.kaigokensaku.mhlw.go.jp/10/index.php?action_kouhyou_detail_004_kani=true&JigyosyoCd=1072600982-00&ServiceCd=430&Type=search" }, "geometry": { "type": "Point", "coordinates": [ 138.834462256036431, 36.584387872984841 ] } },
{ "type": "Feature", "properties": { "内容": "たじま居宅介護支援事業所【居宅介護支援】群馬県吾妻郡中之条町大字中之条町1784番地2", "url2": "https://www.kaigokensaku.mhlw.go.jp/10/index.php?action_kouhyou_detail_004_kani=true&JigyosyoCd=1072600503-00&ServiceCd=430&Type=search" }, "geometry": { "type": "Point", "coordinates": [ 138.8423752, 36.5871956 ] } },
{ "type": "Feature", "properties": { "内容": "ケアサザン【居宅介護支援】群馬県吾妻郡中之条町大字中之条町７１４－１", "url2": "https://www.kaigokensaku.mhlw.go.jp/10/index.php?action_kouhyou_detail_004_kani=true&JigyosyoCd=1072600727-00&ServiceCd=430&Type=search" }, "geometry": { "type": "Point", "coordinates": [ 138.832481700000017, 36.5837013 ] } },
{ "type": "Feature", "properties": { "内容": "一会ケア事務所【居宅介護支援】群馬県吾妻郡中之条町大字折田2239番地1", "url2": "https://www.kaigokensaku.mhlw.go.jp/10/index.php?action_kouhyou_detail_004_kani=true&JigyosyoCd=1072601550-00&ServiceCd=430&Type=search" }, "geometry": { "type": "Point", "coordinates": [ 138.8096148, 36.5968559 ] } },
{ "type": "Feature", "properties": { "内容": "西吾妻福祉病院　居宅介護支援事業所　えがお【居宅介護支援】群馬県吾妻郡長野原町大字大津７４６－４", "url2": "https://www.kaigokensaku.mhlw.go.jp/10/index.php?action_kouhyou_detail_004_kani=true&JigyosyoCd=1072601048-00&ServiceCd=430&Type=search" }, "geometry": { "type": "Point", "coordinates": [ 138.605337041525189, 36.556478969803834 ] } },
{ "type": "Feature", "properties": { "内容": "からまつ荘居宅介護支援事業所【居宅介護支援】群馬県吾妻郡長野原町大字与喜屋1624", "url2": "https://www.kaigokensaku.mhlw.go.jp/10/index.php?action_kouhyou_detail_004_kani=true&JigyosyoCd=1072600081-00&ServiceCd=430&Type=search" }, "geometry": { "type": "Point", "coordinates": [ 138.618579100000034, 36.546954 ] } },
{ "type": "Feature", "properties": { "内容": "ケアマネステーションかんばら【居宅介護支援】群馬県吾妻郡嬬恋村大字鎌原545番地4", "url2": "https://www.kaigokensaku.mhlw.go.jp/10/index.php?action_kouhyou_detail_004_kani=true&JigyosyoCd=1072601394-00&ServiceCd=430&Type=search" }, "geometry": { "type": "Point", "coordinates": [ 138.550656987156657, 36.51936948778917 ] } },
{ "type": "Feature", "properties": { "内容": "社会福祉法人嬬恋村社会福祉協議会【居宅介護支援】群馬県吾妻郡嬬恋村大字大前1110番地の1", "url2": "https://www.kaigokensaku.mhlw.go.jp/10/index.php?action_kouhyou_detail_004_kani=true&JigyosyoCd=1072600032-00&ServiceCd=430&Type=search" }, "geometry": { "type": "Point", "coordinates": [ 138.5319819, 36.515188 ] } },
{ "type": "Feature", "properties": { "内容": "ひだまりの森白樺荘居宅介護支援事業所【居宅介護支援】群馬県吾妻郡嬬恋村大字田代９３８－８", "url2": "https://www.kaigokensaku.mhlw.go.jp/10/index.php?action_kouhyou_detail_004_kani=true&JigyosyoCd=1072600461-00&ServiceCd=430&Type=search" }, "geometry": { "type": "Point", "coordinates": [ 138.461639099999957, 36.4843484 ] } },
{ "type": "Feature", "properties": { "内容": "あかりケアサービス【居宅介護支援】群馬県吾妻郡草津町草津246-26", "url2": "https://www.kaigokensaku.mhlw.go.jp/10/index.php?action_kouhyou_detail_004_kani=true&JigyosyoCd=1072601378-00&ServiceCd=430&Type=search" }, "geometry": { "type": "Point", "coordinates": [ 138.601210499999979, 36.6178486 ] } },
{ "type": "Feature", "properties": { "内容": "居宅介護支援事業所　幸のいえ【居宅介護支援】群馬県吾妻郡草津町大字前口１９－１サービス付き高齢者向け住宅　こまくさホーム　オランチ草津", "url2": "https://www.kaigokensaku.mhlw.go.jp/10/index.php?action_kouhyou_detail_004_kani=true&JigyosyoCd=1072601113-00&ServiceCd=430&Type=search" }, "geometry": { "type": "Point", "coordinates": [ 138.584661631816061, 36.595843083662288 ] } },
{ "type": "Feature", "properties": { "内容": "草津町在宅介護サービスセンター【居宅介護支援】群馬県吾妻郡草津町大字草津464-28", "url2": "https://www.kaigokensaku.mhlw.go.jp/10/index.php?action_kouhyou_detail_004_kani=true&JigyosyoCd=1072600131-00&ServiceCd=430&Type=search" }, "geometry": { "type": "Point", "coordinates": [ 138.59072279999998, 36.6205949 ] } },
{ "type": "Feature", "properties": { "内容": "りんどうの里ケアセンター【居宅介護支援】群馬県吾妻郡高山村大字中山２７１５番地２", "url2": "https://www.kaigokensaku.mhlw.go.jp/10/index.php?action_kouhyou_detail_004_kani=true&JigyosyoCd=1072600362-00&ServiceCd=430&Type=search" }, "geometry": { "type": "Point", "coordinates": [ 138.951940199999967, 36.6226336 ] } },
{ "type": "Feature", "properties": { "内容": "介護相談　ゆい【居宅介護支援】群馬県吾妻郡東吾妻町大字岩井850番地１", "url2": "https://www.kaigokensaku.mhlw.go.jp/10/index.php?action_kouhyou_detail_004_kani=true&JigyosyoCd=1072601493-00&ServiceCd=430&Type=search" }, "geometry": { "type": "Point", "coordinates": [ 138.8528446, 36.5743939 ] } },
{ "type": "Feature", "properties": { "内容": "かがやき在宅ケアセンター【居宅介護支援】群馬県吾妻郡東吾妻町大字原町705-1", "url2": "https://www.kaigokensaku.mhlw.go.jp/10/index.php?action_kouhyou_detail_004_kani=true&JigyosyoCd=1072601212-00&ServiceCd=430&Type=search" }, "geometry": { "type": "Point", "coordinates": [ 138.826036714175586, 36.573347354100207 ] } },
{ "type": "Feature", "properties": { "内容": "在宅介護支援　つむぎ【居宅介護支援】群馬県吾妻郡東吾妻町大字植栗521番地3", "url2": "https://www.kaigokensaku.mhlw.go.jp/10/index.php?action_kouhyou_detail_004_kani=true&JigyosyoCd=1072601444-00&ServiceCd=430&Type=search" }, "geometry": { "type": "Point", "coordinates": [ 138.8569774, 36.5692586 ] } },
{ "type": "Feature", "properties": { "内容": "社会福祉法人　東吾妻町社会福祉協議会【居宅介護支援】群馬県吾妻郡東吾妻町大字原町5015番地", "url2": "https://www.kaigokensaku.mhlw.go.jp/10/index.php?action_kouhyou_detail_004_kani=true&JigyosyoCd=1072600677-00&ServiceCd=430&Type=search" }, "geometry": { "type": "Point", "coordinates": [ 138.819527327933713, 36.569887234300978 ] } },
{ "type": "Feature", "properties": { "内容": "おおど介護支援センター【居宅介護支援】群馬県吾妻郡東吾妻町大字大戸１５－１", "url2": "https://www.kaigokensaku.mhlw.go.jp/10/index.php?action_kouhyou_detail_004_kani=true&JigyosyoCd=1072600628-00&ServiceCd=430&Type=search" }, "geometry": { "type": "Point", "coordinates": [ 138.760877298147534, 36.512527173223681 ] } },
{ "type": "Feature", "properties": { "内容": "居宅支援あいりプランニング【居宅介護支援】群馬県吾妻郡東吾妻町大字大戸２９０７－４", "url2": "https://www.kaigokensaku.mhlw.go.jp/10/index.php?action_kouhyou_detail_004_kani=true&JigyosyoCd=1072601055-00&ServiceCd=430&Type=search" }, "geometry": { "type": "Point", "coordinates": [ 138.771862599999963, 36.510825 ] } },
{ "type": "Feature", "properties": { "内容": "片品村社会福祉協議会【居宅介護支援】群馬県利根郡片品村鎌田４０５１－４ふれあい館", "url2": "https://www.kaigokensaku.mhlw.go.jp/10/index.php?action_kouhyou_detail_004_kani=true&JigyosyoCd=1072700154-00&ServiceCd=430&Type=search" }, "geometry": { "type": "Point", "coordinates": [ 139.227574972352642, 36.770570304688235 ] } },
{ "type": "Feature", "properties": { "内容": "桜花苑居宅介護支援事業所【居宅介護支援】群馬県利根郡片品村大字摺淵340番地", "url2": "https://www.kaigokensaku.mhlw.go.jp/10/index.php?action_kouhyou_detail_004_kani=true&JigyosyoCd=1072700113-00&ServiceCd=430&Type=search" }, "geometry": { "type": "Point", "coordinates": [ 139.221508500000027, 36.7375758 ] } },
{ "type": "Feature", "properties": { "内容": "なましな居宅介護支援事業所【居宅介護支援】群馬県利根郡川場村生品1103", "url2": "https://www.kaigokensaku.mhlw.go.jp/10/index.php?action_kouhyou_detail_004_kani=true&JigyosyoCd=1072700832-00&ServiceCd=430&Type=search" }, "geometry": { "type": "Point", "coordinates": [ 139.087830899999972, 36.6784206 ] } },
{ "type": "Feature", "properties": { "内容": "川場たやの家居宅介護支援事業所【居宅介護支援】群馬県利根郡川場村生品1823番地1", "url2": "https://www.kaigokensaku.mhlw.go.jp/10/index.php?action_kouhyou_detail_004_kani=true&JigyosyoCd=1072700725-00&ServiceCd=430&Type=search" }, "geometry": { "type": "Point", "coordinates": [ 139.0783543, 36.6675886 ] } },
{ "type": "Feature", "properties": { "内容": "社会福祉法人　川場村社会福祉協議会【居宅介護支援】群馬県利根郡川場村大字谷地３０８６－１", "url2": "https://www.kaigokensaku.mhlw.go.jp/10/index.php?action_kouhyou_detail_004_kani=true&JigyosyoCd=1072700139-00&ServiceCd=430&Type=search" }, "geometry": { "type": "Point", "coordinates": [ 139.101209899999958, 36.6909999 ] } },
{ "type": "Feature", "properties": { "内容": "訪問看護ステーションまつかぜ【居宅介護支援】群馬県利根郡昭和村糸井1223番地", "url2": "https://www.kaigokensaku.mhlw.go.jp/10/index.php?action_kouhyou_detail_004_kani=true&JigyosyoCd=1060690029-00&ServiceCd=430&Type=search" }, "geometry": { "type": "Point", "coordinates": [ 139.0727662, 36.6407856 ] } },
{ "type": "Feature", "properties": { "内容": "居宅介護支援事業所ゆずりは【居宅介護支援】群馬県利根郡昭和村大字糸井２２７６", "url2": "https://www.kaigokensaku.mhlw.go.jp/10/index.php?action_kouhyou_detail_004_kani=true&JigyosyoCd=1072700782-00&ServiceCd=430&Type=search" }, "geometry": { "type": "Point", "coordinates": [ 139.072779820501779, 36.640071789780954 ] } },
{ "type": "Feature", "properties": { "内容": "昭和村社会福祉協議会　昭和の里【居宅介護支援】群馬県利根郡昭和村大字糸井６２４番地", "url2": "https://www.kaigokensaku.mhlw.go.jp/10/index.php?action_kouhyou_detail_004_kani=true&JigyosyoCd=1072700022-00&ServiceCd=430&Type=search" }, "geometry": { "type": "Point", "coordinates": [ 139.066622763754253, 36.641311105935351 ] } },
{ "type": "Feature", "properties": { "内容": "水上居宅介護支援事業所【居宅介護支援】群馬県利根郡みなかみ町阿能川1059-1", "url2": "https://www.kaigokensaku.mhlw.go.jp/10/index.php?action_kouhyou_detail_004_kani=true&JigyosyoCd=1072700659-00&ServiceCd=430&Type=search" }, "geometry": { "type": "Point", "coordinates": [ 138.944330539811745, 36.775533807933165 ] } },
{ "type": "Feature", "properties": { "内容": "みなかみ社協ケアプランセンター【居宅介護支援】群馬県利根郡みなかみ町新巻３０１番地の１", "url2": "https://www.kaigokensaku.mhlw.go.jp/10/index.php?action_kouhyou_detail_004_kani=true&JigyosyoCd=1072700667-00&ServiceCd=430&Type=search" }, "geometry": { "type": "Point", "coordinates": [ 138.929198, 36.6877147 ] } },
{ "type": "Feature", "properties": { "内容": "月夜野病院総合介護センター【居宅介護支援】群馬県利根郡みなかみ町真庭３７７番地５", "url2": "https://www.kaigokensaku.mhlw.go.jp/10/index.php?action_kouhyou_detail_004_kani=true&JigyosyoCd=1072700063-00&ServiceCd=430&Type=search" }, "geometry": { "type": "Point", "coordinates": [ 139.004258841664068, 36.675185334292912 ] } },
{ "type": "Feature", "properties": { "内容": "つくし　居宅介護支援事業所【居宅介護支援】群馬県　利根郡みなかみ町　真庭441有料老人ホーム　つくし", "url2": "https://www.kaigokensaku.mhlw.go.jp/10/index.php?action_kouhyou_detail_004_kani=true&JigyosyoCd=1072700840-00&ServiceCd=430&Type=search" }, "geometry": { "type": "Point", "coordinates": [ 139.002633581059285, 36.673060812380605 ] } },
{ "type": "Feature", "properties": { "内容": "西嶺の郷居宅介護支援事業所【居宅介護支援】群馬県利根郡みなかみ町西峰須川472-1", "url2": "https://www.kaigokensaku.mhlw.go.jp/10/index.php?action_kouhyou_detail_004_kani=true&JigyosyoCd=1072700451-00&ServiceCd=430&Type=search" }, "geometry": { "type": "Point", "coordinates": [ 138.909780700000027, 36.6870728 ] } },
{ "type": "Feature", "properties": { "内容": "ケアマネジャー事業所いちじく【居宅介護支援】群馬県佐波郡玉村町南玉574デイサービスいちじく", "url2": "https://www.kaigokensaku.mhlw.go.jp/10/index.php?action_kouhyou_detail_004_kani=true&JigyosyoCd=1072801143-00&ServiceCd=430&Type=search" }, "geometry": { "type": "Point", "coordinates": [ 139.131146699999988, 36.3104563 ] } },
{ "type": "Feature", "properties": { "内容": "ケアオフィスえんじ【居宅介護支援】群馬県佐波郡玉村町下新田４２８番地３", "url2": "https://www.kaigokensaku.mhlw.go.jp/10/index.php?action_kouhyou_detail_004_kani=true&JigyosyoCd=1072801077-00&ServiceCd=430&Type=search" }, "geometry": { "type": "Point", "coordinates": [ 139.112683, 36.3038601 ] } },
{ "type": "Feature", "properties": { "内容": "社会福祉法人玉村町社会福祉協議会ひだまり【居宅介護支援】群馬県佐波郡玉村町大字下新田６０２番地", "url2": "https://www.kaigokensaku.mhlw.go.jp/10/index.php?action_kouhyou_detail_004_kani=true&JigyosyoCd=1072800012-00&ServiceCd=430&Type=search" }, "geometry": { "type": "Point", "coordinates": [ 139.114070659958088, 36.30281348586032 ] } },
{ "type": "Feature", "properties": { "内容": "ケアプランセンター南玉【居宅介護支援】群馬県佐波郡玉村町大字下之宮157-1", "url2": "https://www.kaigokensaku.mhlw.go.jp/10/index.php?action_kouhyou_detail_004_kani=true&JigyosyoCd=1072800848-00&ServiceCd=430&Type=search" }, "geometry": { "type": "Point", "coordinates": [ 139.141910300000063, 36.3062467 ] } },
{ "type": "Feature", "properties": { "内容": "居宅介護支援あねすと【居宅介護支援】群馬県佐波郡玉村町大字角渕4639番地1", "url2": "https://www.kaigokensaku.mhlw.go.jp/10/index.php?action_kouhyou_detail_004_kani=true&JigyosyoCd=1072800939-00&ServiceCd=430&Type=search" }, "geometry": { "type": "Point", "coordinates": [ 139.12297650000005, 36.2883896 ] } },
{ "type": "Feature", "properties": { "内容": "居宅介護支援たまむら【居宅介護支援】群馬県佐波郡玉村町大字上新田675-4", "url2": "https://www.kaigokensaku.mhlw.go.jp/10/index.php?action_kouhyou_detail_004_kani=true&JigyosyoCd=1072800038-00&ServiceCd=430&Type=search" }, "geometry": { "type": "Point", "coordinates": [ 139.098073900000031, 36.3110924 ] } },
{ "type": "Feature", "properties": { "内容": "居宅介護支援事業所ゆるり【居宅介護支援】群馬県佐波郡玉村町字上之手1511-6", "url2": "https://www.kaigokensaku.mhlw.go.jp/10/index.php?action_kouhyou_detail_004_kani=true&JigyosyoCd=1072801036-00&ServiceCd=430&Type=search" }, "geometry": { "type": "Point", "coordinates": [ 139.117178591283988, 36.298701063200525 ] } },
{ "type": "Feature", "properties": { "内容": "居宅介護支援事業所　プラムの森【居宅介護支援】群馬県佐波郡玉村町川井2119-1", "url2": "https://www.kaigokensaku.mhlw.go.jp/10/index.php?action_kouhyou_detail_004_kani=true&JigyosyoCd=1072800624-00&ServiceCd=430&Type=search" }, "geometry": { "type": "Point", "coordinates": [ 139.148893700000031, 36.287565 ] } },
{ "type": "Feature", "properties": { "内容": "玉村町居宅介護支援にしきの園【居宅介護支援】群馬県佐波郡玉村町大字飯倉５９", "url2": "https://www.kaigokensaku.mhlw.go.jp/10/index.php?action_kouhyou_detail_004_kani=true&JigyosyoCd=1072800103-00&ServiceCd=430&Type=search" }, "geometry": { "type": "Point", "coordinates": [ 139.151282300000048, 36.2891288 ] } },
{ "type": "Feature", "properties": { "内容": "ミモザ荘【居宅介護支援】群馬県邑楽郡板倉町細谷２１７", "url2": "https://www.kaigokensaku.mhlw.go.jp/10/index.php?action_kouhyou_detail_004_kani=true&JigyosyoCd=1073100016-00&ServiceCd=430&Type=search" }, "geometry": { "type": "Point", "coordinates": [ 139.625201800000013, 36.2480335 ] } },
{ "type": "Feature", "properties": { "内容": "サクラ居宅介護支援事業所【居宅介護支援】群馬県邑楽郡板倉町西岡新田163-1", "url2": "https://www.kaigokensaku.mhlw.go.jp/10/index.php?action_kouhyou_detail_004_kani=true&JigyosyoCd=1073101436-00&ServiceCd=430&Type=search" }, "geometry": { "type": "Point", "coordinates": [ 139.6109054, 36.262006400000018 ] } },
{ "type": "Feature", "properties": { "内容": "社会福祉法人　板倉町社会福祉協議会【居宅介護支援】群馬県邑楽郡板倉町大字板倉3411番地の1417", "url2": "https://www.kaigokensaku.mhlw.go.jp/10/index.php?action_kouhyou_detail_004_kani=true&JigyosyoCd=1073100081-00&ServiceCd=430&Type=search" }, "geometry": { "type": "Point", "coordinates": [ 139.624966800000038, 36.222733 ] } },
{ "type": "Feature", "properties": { "内容": "明和町社会福祉協議会居宅介護支援事業所【居宅介護支援】群馬県邑楽郡明和町新里３１１番地１明和町デイサービスセンター内", "url2": "https://www.kaigokensaku.mhlw.go.jp/10/index.php?action_kouhyou_detail_004_kani=true&JigyosyoCd=1073100099-00&ServiceCd=430&Type=search" }, "geometry": { "type": "Point", "coordinates": [ 139.537735800000064, 36.2102666 ] } },
{ "type": "Feature", "properties": { "内容": "めいわＣＯＭハウス　居宅介護支援事業所【居宅介護支援】群馬県邑楽郡明和町大輪１７６８番地", "url2": "https://www.kaigokensaku.mhlw.go.jp/10/index.php?action_kouhyou_detail_004_kani=true&JigyosyoCd=1073100859-00&ServiceCd=430&Type=search" }, "geometry": { "type": "Point", "coordinates": [ 139.493119, 36.1970465 ] } },
{ "type": "Feature", "properties": { "内容": "特別養護老人ホーム和の郷【居宅介護支援】群馬県邑楽郡明和町南大島２５３－１", "url2": "https://www.kaigokensaku.mhlw.go.jp/10/index.php?action_kouhyou_detail_004_kani=true&JigyosyoCd=1073100271-00&ServiceCd=430&Type=search" }, "geometry": { "type": "Point", "coordinates": [ 139.530091900000031, 36.214507499999989 ] } },
{ "type": "Feature", "properties": { "内容": "とくめい介護相談所【居宅介護支援】群馬県邑楽郡明和町梅原1012-1", "url2": "https://www.kaigokensaku.mhlw.go.jp/10/index.php?action_kouhyou_detail_004_kani=true&JigyosyoCd=1073101089-00&ServiceCd=430&Type=search" }, "geometry": { "type": "Point", "coordinates": [ 139.53382525829349, 36.199907588352723 ] } },
{ "type": "Feature", "properties": { "内容": "こでまり居宅介護支援事業所【居宅介護支援】群馬県邑楽郡千代田町大字萱野1180番地1", "url2": "https://www.kaigokensaku.mhlw.go.jp/10/index.php?action_kouhyou_detail_004_kani=true&JigyosyoCd=1073100818-00&ServiceCd=430&Type=search" }, "geometry": { "type": "Point", "coordinates": [ 139.4623527, 36.2064999 ] } },
{ "type": "Feature", "properties": { "内容": "ケアプランセンター　藤の花【居宅介護支援】群馬県邑楽郡千代田町上五箇833-1", "url2": "https://www.kaigokensaku.mhlw.go.jp/10/index.php?action_kouhyou_detail_004_kani=true&JigyosyoCd=1073101493-00&ServiceCd=430&Type=search" }, "geometry": { "type": "Point", "coordinates": [ 139.4601906, 36.1968291 ] } },
{ "type": "Feature", "properties": { "内容": "居宅介護支援事業所みどりの風【居宅介護支援】群馬県邑楽郡千代田町大字瀬戸井３８６", "url2": "https://www.kaigokensaku.mhlw.go.jp/10/index.php?action_kouhyou_detail_004_kani=true&JigyosyoCd=1073100693-00&ServiceCd=430&Type=search" }, "geometry": { "type": "Point", "coordinates": [ 139.45559, 36.1991867 ] } },
{ "type": "Feature", "properties": { "内容": "ちよだＣＯＭハウス【居宅介護支援】群馬県邑楽郡千代田町赤岩２１１４－２", "url2": "https://www.kaigokensaku.mhlw.go.jp/10/index.php?action_kouhyou_detail_004_kani=true&JigyosyoCd=1073100040-00&ServiceCd=430&Type=search" }, "geometry": { "type": "Point", "coordinates": [ 139.448475700000017, 36.2182814 ] } },
{ "type": "Feature", "properties": { "内容": "あんしんケア居宅介護支援事業所【居宅介護支援】群馬県邑楽郡千代田町大字赤岩975番地", "url2": "https://www.kaigokensaku.mhlw.go.jp/10/index.php?action_kouhyou_detail_004_kani=true&JigyosyoCd=1073100305-00&ServiceCd=430&Type=search" }, "geometry": { "type": "Point", "coordinates": [ 139.441737900000021, 36.2096573 ] } },
{ "type": "Feature", "properties": { "内容": "居宅介護支援事業所真央【居宅介護支援】群馬県邑楽郡千代田町大字福島857番地の6", "url2": "https://www.kaigokensaku.mhlw.go.jp/10/index.php?action_kouhyou_detail_004_kani=true&JigyosyoCd=1073101477-00&ServiceCd=430&Type=search" }, "geometry": { "type": "Point", "coordinates": [ 139.440067199999987, 36.2342436 ] } },
{ "type": "Feature", "properties": { "内容": "フルハート【居宅介護支援】群馬県邑楽郡大泉町大字寄木戸1596番地3", "url2": "https://www.kaigokensaku.mhlw.go.jp/10/index.php?action_kouhyou_detail_004_kani=true&JigyosyoCd=1073101329-00&ServiceCd=430&Type=search" }, "geometry": { "type": "Point", "coordinates": [ 139.385201061936527, 36.258955076831512 ] } },
{ "type": "Feature", "properties": { "内容": "ケアプランたちばな【居宅介護支援】群馬県邑楽郡大泉町大字寄木戸1638番地の2", "url2": "https://www.kaigokensaku.mhlw.go.jp/10/index.php?action_kouhyou_detail_004_kani=true&JigyosyoCd=1073101097-00&ServiceCd=430&Type=search" }, "geometry": { "type": "Point", "coordinates": [ 139.385415796295177, 36.257641659583761 ] } },
{ "type": "Feature", "properties": { "内容": "大泉町社会福祉協議会【居宅介護支援】群馬県邑楽郡大泉町吉田2465番地大泉町保健福祉総合センター内", "url2": "https://www.kaigokensaku.mhlw.go.jp/10/index.php?action_kouhyou_detail_004_kani=true&JigyosyoCd=1073100032-00&ServiceCd=430&Type=search" }, "geometry": { "type": "Point", "coordinates": [ 139.406160179098464, 36.246174022749265 ] } },
{ "type": "Feature", "properties": { "内容": "大泉園居宅介護支援事業所【居宅介護支援】群馬県邑楽郡大泉町古海2001番地", "url2": "https://www.kaigokensaku.mhlw.go.jp/10/index.php?action_kouhyou_detail_004_kani=true&JigyosyoCd=1073100065-00&ServiceCd=430&Type=search" }, "geometry": { "type": "Point", "coordinates": [ 139.414314399999967, 36.2290569 ] } },
{ "type": "Feature", "properties": { "内容": "つどい支援事業所古海【居宅介護支援】群馬県邑楽郡大泉町古海２７３", "url2": "https://www.kaigokensaku.mhlw.go.jp/10/index.php?action_kouhyou_detail_004_kani=true&JigyosyoCd=1073100966-00&ServiceCd=430&Type=search" }, "geometry": { "type": "Point", "coordinates": [ 139.417511600000012, 36.2240909 ] } },
{ "type": "Feature", "properties": { "内容": "居宅介護支援事業所　マゼンタ【居宅介護支援】群馬県邑楽郡大泉町住吉５４－１１", "url2": "https://www.kaigokensaku.mhlw.go.jp/10/index.php?action_kouhyou_detail_004_kani=true&JigyosyoCd=1073100396-00&ServiceCd=430&Type=search" }, "geometry": { "type": "Point", "coordinates": [ 139.407344599999988, 36.2536376 ] } },
{ "type": "Feature", "properties": { "内容": "いずみの里居宅介護支援事業所【居宅介護支援】群馬県邑楽郡大泉町北小泉一丁目26番1号", "url2": "https://www.kaigokensaku.mhlw.go.jp/10/index.php?action_kouhyou_detail_004_kani=true&JigyosyoCd=1073100230-00&ServiceCd=430&Type=search" }, "geometry": { "type": "Point", "coordinates": [ 139.421701100000064, 36.2652008 ] } },
{ "type": "Feature", "properties": { "内容": "居宅介護支援センター　おうらの光【居宅介護支援】群馬県邑楽郡邑楽町篠塚3233-1", "url2": "https://www.kaigokensaku.mhlw.go.jp/10/index.php?action_kouhyou_detail_004_kani=true&JigyosyoCd=1070503881-00&ServiceCd=430&Type=search" }, "geometry": { "type": "Point", "coordinates": [ 139.433076309262049, 36.255101869352686 ] } },
{ "type": "Feature", "properties": { "内容": "訪問看護ステーションかがやき【居宅介護支援】群馬県邑楽郡邑楽町大字篠塚３０７０－１", "url2": "https://www.kaigokensaku.mhlw.go.jp/10/index.php?action_kouhyou_detail_004_kani=true&JigyosyoCd=1063190001-00&ServiceCd=430&Type=search" }, "geometry": { "type": "Point", "coordinates": [ 139.431969900000013, 36.2508634 ] } },
{ "type": "Feature", "properties": { "内容": "居宅介護支援センターほほえみ【居宅介護支援】群馬県邑楽郡邑楽町大字石打１４５４－１", "url2": "https://www.kaigokensaku.mhlw.go.jp/10/index.php?action_kouhyou_detail_004_kani=true&JigyosyoCd=1073100602-00&ServiceCd=430&Type=search" }, "geometry": { "type": "Point", "coordinates": [ 139.437408081020351, 36.276252728891095 ] } },
{ "type": "Feature", "properties": { "内容": "ヴィラ居宅介護支援事業所【居宅介護支援】群馬県邑楽郡邑楽町赤堀8", "url2": "https://www.kaigokensaku.mhlw.go.jp/10/index.php?action_kouhyou_detail_004_kani=true&JigyosyoCd=1073100495-00&ServiceCd=430&Type=search" }, "geometry": { "type": "Point", "coordinates": [ 139.479596600000036, 36.2269563 ] } },
{ "type": "Feature", "properties": { "内容": "居宅介護支援事業所まがたまの里【居宅介護支援】群馬県邑楽郡邑楽町大字狸塚1040-1", "url2": "https://www.kaigokensaku.mhlw.go.jp/10/index.php?action_kouhyou_detail_004_kani=true&JigyosyoCd=1073101303-00&ServiceCd=430&Type=search" }, "geometry": { "type": "Point", "coordinates": [ 139.461861296958887, 36.235119309800481 ] } },
{ "type": "Feature", "properties": { "内容": "トータルケアサービス【居宅介護支援】群馬県邑楽郡邑楽町大字狸塚２５５０－１", "url2": "https://www.kaigokensaku.mhlw.go.jp/10/index.php?action_kouhyou_detail_004_kani=true&JigyosyoCd=1063190050-00&ServiceCd=430&Type=search" }, "geometry": { "type": "Point", "coordinates": [ 139.477623900000026, 36.2410768 ] } },
{ "type": "Feature", "properties": { "内容": "社会福祉法人邑楽町社会福祉協議会【居宅介護支援】群馬県邑楽郡邑楽町中野1341-1", "url2": "https://www.kaigokensaku.mhlw.go.jp/10/index.php?action_kouhyou_detail_004_kani=true&JigyosyoCd=1073100073-00&ServiceCd=430&Type=search" }, "geometry": { "type": "Point", "coordinates": [ 139.448214499999949, 36.2695088 ] } },
{ "type": "Feature", "properties": { "内容": "家族の家ひまわり館林居宅介護支援事業所【居宅介護支援】群馬県邑楽郡邑楽町中野2144ルミエールB201号室", "url2": "https://www.kaigokensaku.mhlw.go.jp/10/index.php?action_kouhyou_detail_004_kani=true&JigyosyoCd=1073101501-00&ServiceCd=430&Type=search" }, "geometry": { "type": "Point", "coordinates": [ 139.460761600000012, 36.2620135 ] } },
{ "type": "Feature", "properties": { "内容": "つむぎの里　居宅介護支援事業所【居宅介護支援】群馬県邑楽郡邑楽町中野２２０４－９", "url2": "https://www.kaigokensaku.mhlw.go.jp/10/index.php?action_kouhyou_detail_004_kani=true&JigyosyoCd=1073100321-00&ServiceCd=430&Type=search" }, "geometry": { "type": "Point", "coordinates": [ 139.454867640475413, 36.261077160895958 ] } },
{ "type": "Feature", "properties": { "内容": "邑楽町在宅介護支援センターやまつつじ【居宅介護支援】群馬県邑楽郡邑楽町中野２１８－１", "url2": "https://www.kaigokensaku.mhlw.go.jp/10/index.php?action_kouhyou_detail_004_kani=true&JigyosyoCd=1073100222-00&ServiceCd=430&Type=search" }, "geometry": { "type": "Point", "coordinates": [ 139.449209, 36.2664036 ] } }
]
}
