{
  "type": "FeatureCollection",
  "features": [
    {
      "type": "Feature",
      "geometry": {
        "type": "Point",
        "coordinates": [
          138.4337952,
          36.4588513
        ]
      },
      "properties": {
        "内容": "バス停: 休暇村前",
        "name": "休暇村前",
        "operator": "事業者不明",
        "ref": "",
        "url": "",
        "url2": ""
      }
    },
    {
      "type": "Feature",
      "geometry": {
        "type": "Point",
        "coordinates": [
          138.7798782,
          36.4680307
        ]
      },
      "properties": {
        "内容": "バス停: 相満入口 (関越交通)",
        "name": "相満入口",
        "operator": "関越交通",
        "ref": "",
        "url": "",
        "url2": ""
      }
    },
    {
      "type": "Feature",
      "geometry": {
        "type": "Point",
        "coordinates": [
          138.8575284,
          36.3867606
        ]
      },
      "properties": {
        "内容": "バス停: 鳴沢 (群馬バス)",
        "name": "鳴沢",
        "operator": "群馬バス",
        "ref": "",
        "url": "",
        "url2": ""
      }
    },
    {
      "type": "Feature",
      "geometry": {
        "type": "Point",
        "coordinates": [
          138.8363836,
          36.3889855
        ]
      },
      "properties": {
        "内容": "バス停: 発電所入口 (群馬バス)",
        "name": "発電所入口",
        "operator": "群馬バス",
        "ref": "",
        "url": "",
        "url2": ""
      }
    },
    {
      "type": "Feature",
      "geometry": {
        "type": "Point",
        "coordinates": [
          138.8341213,
          36.3894271
        ]
      },
      "properties": {
        "内容": "バス停: 本庄 (群馬バス)",
        "name": "本庄",
        "operator": "群馬バス",
        "ref": "",
        "url": "",
        "url2": ""
      }
    },
    {
      "type": "Feature",
      "geometry": {
        "type": "Point",
        "coordinates": [
          138.8049804,
          36.4087844
        ]
      },
      "properties": {
        "内容": "バス停: 高野谷戸 (群馬バス)",
        "name": "高野谷戸",
        "operator": "群馬バス",
        "ref": "",
        "url": "",
        "url2": ""
      }
    },
    {
      "type": "Feature",
      "geometry": {
        "type": "Point",
        "coordinates": [
          138.8013752,
          36.4126386
        ]
      },
      "properties": {
        "内容": "バス停: 森下 (群馬バス)",
        "name": "森下",
        "operator": "群馬バス",
        "ref": "",
        "url": "",
        "url2": ""
      }
    },
    {
      "type": "Feature",
      "geometry": {
        "type": "Point",
        "coordinates": [
          138.787391,
          36.4291523
        ]
      },
      "properties": {
        "内容": "バス停: 十一屋前 (群馬バス)",
        "name": "十一屋前",
        "operator": "群馬バス",
        "ref": "",
        "url": "",
        "url2": ""
      }
    },
    {
      "type": "Feature",
      "geometry": {
        "type": "Point",
        "coordinates": [
          138.786277,
          36.2107012
        ]
      },
      "properties": {
        "内容": "バス停: 下仁田",
        "name": "下仁田",
        "operator": "事業者不明",
        "ref": "",
        "url": "",
        "url2": ""
      }
    },
    {
      "type": "Feature",
      "geometry": {
        "type": "Point",
        "coordinates": [
          138.9808876,
          36.1182282
        ]
      },
      "properties": {
        "内容": "バス停: 扇屋",
        "name": "扇屋",
        "operator": "事業者不明",
        "ref": "",
        "url": "",
        "url2": ""
      }
    },
    {
      "type": "Feature",
      "geometry": {
        "type": "Point",
        "coordinates": [
          139.0271828,
          36.136224
        ]
      },
      "properties": {
        "内容": "バス停: 下久保",
        "name": "下久保",
        "operator": "事業者不明",
        "ref": "",
        "url": "",
        "url2": ""
      }
    },
    {
      "type": "Feature",
      "geometry": {
        "type": "Point",
        "coordinates": [
          138.9755934,
          36.1195326
        ]
      },
      "properties": {
        "内容": "バス停: 太田部入口",
        "name": "太田部入口",
        "operator": "事業者不明",
        "ref": "",
        "url": "",
        "url2": ""
      }
    },
    {
      "type": "Feature",
      "geometry": {
        "type": "Point",
        "coordinates": [
          138.9943298,
          36.1297277
        ]
      },
      "properties": {
        "内容": "バス停: 元坂原",
        "name": "元坂原",
        "operator": "事業者不明",
        "ref": "",
        "url": "",
        "url2": ""
      }
    },
    {
      "type": "Feature",
      "geometry": {
        "type": "Point",
        "coordinates": [
          139.0329606,
          36.1300316
        ]
      },
      "properties": {
        "内容": "バス停: 栢ヶ舞",
        "name": "栢ヶ舞",
        "operator": "事業者不明",
        "ref": "",
        "url": "",
        "url2": ""
      }
    },
    {
      "type": "Feature",
      "geometry": {
        "type": "Point",
        "coordinates": [
          138.9903144,
          36.1258051
        ]
      },
      "properties": {
        "内容": "バス停: 高瀬入口",
        "name": "高瀬入口",
        "operator": "事業者不明",
        "ref": "",
        "url": "",
        "url2": ""
      }
    },
    {
      "type": "Feature",
      "geometry": {
        "type": "Point",
        "coordinates": [
          138.773497,
          36.4549375
        ]
      },
      "properties": {
        "内容": "バス停: 長井 (関越交通)",
        "name": "長井",
        "operator": "関越交通",
        "ref": "",
        "url": "",
        "url2": ""
      }
    },
    {
      "type": "Feature",
      "geometry": {
        "type": "Point",
        "coordinates": [
          138.8155857,
          36.3997446
        ]
      },
      "properties": {
        "内容": "バス停: 石上 (群馬バス)",
        "name": "石上",
        "operator": "群馬バス",
        "ref": "",
        "url": "",
        "url2": ""
      }
    },
    {
      "type": "Feature",
      "geometry": {
        "type": "Point",
        "coordinates": [
          138.9748041,
          36.1224149
        ]
      },
      "properties": {
        "内容": "バス停: 露久保",
        "name": "露久保",
        "operator": "事業者不明",
        "ref": "",
        "url": "",
        "url2": ""
      }
    },
    {
      "type": "Feature",
      "geometry": {
        "type": "Point",
        "coordinates": [
          138.9992751,
          36.1323871
        ]
      },
      "properties": {
        "内容": "バス停: 神坂トンネル",
        "name": "神坂トンネル",
        "operator": "事業者不明",
        "ref": "",
        "url": "",
        "url2": ""
      }
    },
    {
      "type": "Feature",
      "geometry": {
        "type": "Point",
        "coordinates": [
          139.2453532,
          36.8369509
        ]
      },
      "properties": {
        "内容": "バス停: 戸倉宿",
        "name": "戸倉宿",
        "operator": "事業者不明",
        "ref": "",
        "url": "",
        "url2": ""
      }
    },
    {
      "type": "Feature",
      "geometry": {
        "type": "Point",
        "coordinates": [
          138.9633104,
          36.6830434
        ]
      },
      "properties": {
        "内容": "バス停: 羽場 (関越交通)",
        "name": "羽場",
        "operator": "関越交通",
        "ref": "",
        "url": "",
        "url2": ""
      }
    },
    {
      "type": "Feature",
      "geometry": {
        "type": "Point",
        "coordinates": [
          138.9239369,
          36.6887859
        ]
      },
      "properties": {
        "内容": "バス停: 新治中学校 (関越交通)",
        "name": "新治中学校",
        "operator": "関越交通",
        "ref": "",
        "url": "",
        "url2": ""
      }
    },
    {
      "type": "Feature",
      "geometry": {
        "type": "Point",
        "coordinates": [
          138.918727,
          36.692708
        ]
      },
      "properties": {
        "内容": "バス停: 新布橋 (関越交通)",
        "name": "新布橋",
        "operator": "関越交通",
        "ref": "",
        "url": "",
        "url2": ""
      }
    },
    {
      "type": "Feature",
      "geometry": {
        "type": "Point",
        "coordinates": [
          138.9129783,
          36.6996507
        ]
      },
      "properties": {
        "内容": "バス停: 湯宿温泉 (関越交通)",
        "name": "湯宿温泉",
        "operator": "関越交通",
        "ref": "",
        "url": "",
        "url2": ""
      }
    },
    {
      "type": "Feature",
      "geometry": {
        "type": "Point",
        "coordinates": [
          138.908496,
          36.70423
        ]
      },
      "properties": {
        "内容": "バス停: 十二河原",
        "name": "十二河原",
        "operator": "事業者不明",
        "ref": "",
        "url": "",
        "url2": ""
      }
    },
    {
      "type": "Feature",
      "geometry": {
        "type": "Point",
        "coordinates": [
          138.90233,
          36.711816
        ]
      },
      "properties": {
        "内容": "バス停: 大峯橋",
        "name": "大峯橋",
        "operator": "事業者不明",
        "ref": "",
        "url": "",
        "url2": ""
      }
    },
    {
      "type": "Feature",
      "geometry": {
        "type": "Point",
        "coordinates": [
          138.8963425,
          36.7143394
        ]
      },
      "properties": {
        "内容": "バス停: 逆桜",
        "name": "逆桜",
        "operator": "事業者不明",
        "ref": "",
        "url": "",
        "url2": ""
      }
    },
    {
      "type": "Feature",
      "geometry": {
        "type": "Point",
        "coordinates": [
          138.894543,
          36.721434
        ]
      },
      "properties": {
        "内容": "バス停: 名称不明バス停",
        "name": "名称不明バス停",
        "operator": "事業者不明",
        "ref": "",
        "url": "",
        "url2": ""
      }
    },
    {
      "type": "Feature",
      "geometry": {
        "type": "Point",
        "coordinates": [
          138.8931522,
          36.7295334
        ]
      },
      "properties": {
        "内容": "バス停: 猿ヶ京温泉",
        "name": "猿ヶ京温泉",
        "operator": "事業者不明",
        "ref": "",
        "url": "",
        "url2": ""
      }
    },
    {
      "type": "Feature",
      "geometry": {
        "type": "Point",
        "coordinates": [
          138.889813,
          36.727815
        ]
      },
      "properties": {
        "内容": "バス停: 見晴下",
        "name": "見晴下",
        "operator": "事業者不明",
        "ref": "",
        "url": "",
        "url2": ""
      }
    },
    {
      "type": "Feature",
      "geometry": {
        "type": "Point",
        "coordinates": [
          138.888181,
          36.726031
        ]
      },
      "properties": {
        "内容": "バス停: 関所跡",
        "name": "関所跡",
        "operator": "事業者不明",
        "ref": "",
        "url": "",
        "url2": ""
      }
    },
    {
      "type": "Feature",
      "geometry": {
        "type": "Point",
        "coordinates": [
          138.889618,
          36.727871
        ]
      },
      "properties": {
        "内容": "バス停: 見晴下",
        "name": "見晴下",
        "operator": "事業者不明",
        "ref": "",
        "url": "",
        "url2": ""
      }
    },
    {
      "type": "Feature",
      "geometry": {
        "type": "Point",
        "coordinates": [
          138.8933412,
          36.7296524
        ]
      },
      "properties": {
        "内容": "バス停: 猿ヶ京温泉",
        "name": "猿ヶ京温泉",
        "operator": "事業者不明",
        "ref": "",
        "url": "",
        "url2": ""
      }
    },
    {
      "type": "Feature",
      "geometry": {
        "type": "Point",
        "coordinates": [
          138.894024,
          36.726745
        ]
      },
      "properties": {
        "内容": "バス停: 名称不明バス停",
        "name": "名称不明バス停",
        "operator": "事業者不明",
        "ref": "",
        "url": "",
        "url2": ""
      }
    },
    {
      "type": "Feature",
      "geometry": {
        "type": "Point",
        "coordinates": [
          138.896234,
          36.714625
        ]
      },
      "properties": {
        "内容": "バス停: 逆桜",
        "name": "逆桜",
        "operator": "事業者不明",
        "ref": "",
        "url": "",
        "url2": ""
      }
    },
    {
      "type": "Feature",
      "geometry": {
        "type": "Point",
        "coordinates": [
          138.908436,
          36.704512
        ]
      },
      "properties": {
        "内容": "バス停: 十二河原",
        "name": "十二河原",
        "operator": "事業者不明",
        "ref": "",
        "url": "",
        "url2": ""
      }
    },
    {
      "type": "Feature",
      "geometry": {
        "type": "Point",
        "coordinates": [
          138.912345,
          36.7009488
        ]
      },
      "properties": {
        "内容": "バス停: 湯宿温泉上 (関越交通)",
        "name": "湯宿温泉上",
        "operator": "関越交通",
        "ref": "",
        "url": "",
        "url2": ""
      }
    },
    {
      "type": "Feature",
      "geometry": {
        "type": "Point",
        "coordinates": [
          138.914271,
          36.698162
        ]
      },
      "properties": {
        "内容": "バス停: 湯宿温泉下 (関越交通)",
        "name": "湯宿温泉下",
        "operator": "関越交通",
        "ref": "",
        "url": "",
        "url2": ""
      }
    },
    {
      "type": "Feature",
      "geometry": {
        "type": "Point",
        "coordinates": [
          138.9185703,
          36.6930122
        ]
      },
      "properties": {
        "内容": "バス停: 新布橋 (関越交通)",
        "name": "新布橋",
        "operator": "関越交通",
        "ref": "",
        "url": "",
        "url2": ""
      }
    },
    {
      "type": "Feature",
      "geometry": {
        "type": "Point",
        "coordinates": [
          138.9241225,
          36.6887723
        ]
      },
      "properties": {
        "内容": "バス停: 新治中学校 (関越交通)",
        "name": "新治中学校",
        "operator": "関越交通",
        "ref": "",
        "url": "",
        "url2": ""
      }
    },
    {
      "type": "Feature",
      "geometry": {
        "type": "Point",
        "coordinates": [
          138.9284006,
          36.6863755
        ]
      },
      "properties": {
        "内容": "バス停: 新治支所入口 (関越交通)",
        "name": "新治支所入口",
        "operator": "関越交通",
        "ref": "",
        "url": "",
        "url2": ""
      }
    },
    {
      "type": "Feature",
      "geometry": {
        "type": "Point",
        "coordinates": [
          138.9281616,
          36.6863189
        ]
      },
      "properties": {
        "内容": "バス停: 新治支所入口 (関越交通)",
        "name": "新治支所入口",
        "operator": "関越交通",
        "ref": "",
        "url": "",
        "url2": ""
      }
    },
    {
      "type": "Feature",
      "geometry": {
        "type": "Point",
        "coordinates": [
          138.9311371,
          36.6838099
        ]
      },
      "properties": {
        "内容": "バス停: 布施河原 (関越交通)",
        "name": "布施河原",
        "operator": "関越交通",
        "ref": "",
        "url": "",
        "url2": ""
      }
    },
    {
      "type": "Feature",
      "geometry": {
        "type": "Point",
        "coordinates": [
          138.939843,
          36.68114
        ]
      },
      "properties": {
        "内容": "バス停: 徳巌寺前 (関越交通)",
        "name": "徳巌寺前",
        "operator": "関越交通",
        "ref": "",
        "url": "",
        "url2": ""
      }
    },
    {
      "type": "Feature",
      "geometry": {
        "type": "Point",
        "coordinates": [
          138.94776,
          36.679862
        ]
      },
      "properties": {
        "内容": "バス停: 諏訪の木 (関越交通)",
        "name": "諏訪の木",
        "operator": "関越交通",
        "ref": "",
        "url": "",
        "url2": ""
      }
    },
    {
      "type": "Feature",
      "geometry": {
        "type": "Point",
        "coordinates": [
          138.9602744,
          36.6825219
        ]
      },
      "properties": {
        "内容": "バス停: 押出 (関越交通)",
        "name": "押出",
        "operator": "関越交通",
        "ref": "",
        "url": "",
        "url2": ""
      }
    },
    {
      "type": "Feature",
      "geometry": {
        "type": "Point",
        "coordinates": [
          139.0397557,
          36.1303717
        ]
      },
      "properties": {
        "内容": "バス停: 今里",
        "name": "今里",
        "operator": "事業者不明",
        "ref": "",
        "url": "",
        "url2": ""
      }
    },
    {
      "type": "Feature",
      "geometry": {
        "type": "Point",
        "coordinates": [
          139.0107546,
          36.1391169
        ]
      },
      "properties": {
        "内容": "バス停: 保美濃山",
        "name": "保美濃山",
        "operator": "事業者不明",
        "ref": "",
        "url": "",
        "url2": ""
      }
    },
    {
      "type": "Feature",
      "geometry": {
        "type": "Point",
        "coordinates": [
          139.0185438,
          36.1370289
        ]
      },
      "properties": {
        "内容": "バス停: ダムサイト入口",
        "name": "ダムサイト入口",
        "operator": "事業者不明",
        "ref": "",
        "url": "",
        "url2": ""
      }
    },
    {
      "type": "Feature",
      "geometry": {
        "type": "Point",
        "coordinates": [
          139.016764,
          36.1395919
        ]
      },
      "properties": {
        "内容": "バス停: 坂元",
        "name": "坂元",
        "operator": "事業者不明",
        "ref": "",
        "url": "",
        "url2": ""
      }
    },
    {
      "type": "Feature",
      "geometry": {
        "type": "Point",
        "coordinates": [
          139.0096623,
          36.1376695
        ]
      },
      "properties": {
        "内容": "バス停: 活用センター入口",
        "name": "活用センター入口",
        "operator": "事業者不明",
        "ref": "",
        "url": "",
        "url2": ""
      }
    },
    {
      "type": "Feature",
      "geometry": {
        "type": "Point",
        "coordinates": [
          139.0046983,
          36.1366055
        ]
      },
      "properties": {
        "内容": "バス停: 犬目",
        "name": "犬目",
        "operator": "事業者不明",
        "ref": "",
        "url": "",
        "url2": ""
      }
    },
    {
      "type": "Feature",
      "geometry": {
        "type": "Point",
        "coordinates": [
          138.9912429,
          36.1311397
        ]
      },
      "properties": {
        "内容": "バス停: 長井屋前",
        "name": "長井屋前",
        "operator": "事業者不明",
        "ref": "",
        "url": "",
        "url2": ""
      }
    },
    {
      "type": "Feature",
      "geometry": {
        "type": "Point",
        "coordinates": [
          138.8507474,
          36.58564
        ]
      },
      "properties": {
        "内容": "バス停: 中之条駅",
        "name": "中之条駅",
        "operator": "事業者不明",
        "ref": "",
        "url": "",
        "url2": ""
      }
    },
    {
      "type": "Feature",
      "geometry": {
        "type": "Point",
        "coordinates": [
          138.8505966,
          36.5857817
        ]
      },
      "properties": {
        "内容": "バス停: 中之条駅",
        "name": "中之条駅",
        "operator": "事業者不明",
        "ref": "",
        "url": "",
        "url2": ""
      }
    },
    {
      "type": "Feature",
      "geometry": {
        "type": "Point",
        "coordinates": [
          138.8506514,
          36.5858955
        ]
      },
      "properties": {
        "内容": "バス停: 中之条駅",
        "name": "中之条駅",
        "operator": "事業者不明",
        "ref": "",
        "url": "",
        "url2": ""
      }
    },
    {
      "type": "Feature",
      "geometry": {
        "type": "Point",
        "coordinates": [
          138.7762367,
          36.683882
        ]
      },
      "properties": {
        "内容": "バス停: 四万局前",
        "name": "四万局前",
        "operator": "事業者不明",
        "ref": "",
        "url": "",
        "url2": ""
      }
    },
    {
      "type": "Feature",
      "geometry": {
        "type": "Point",
        "coordinates": [
          138.7761547,
          36.6840278
        ]
      },
      "properties": {
        "内容": "バス停: 四万局前",
        "name": "四万局前",
        "operator": "事業者不明",
        "ref": "",
        "url": "",
        "url2": ""
      }
    },
    {
      "type": "Feature",
      "geometry": {
        "type": "Point",
        "coordinates": [
          138.7743845,
          36.6857315
        ]
      },
      "properties": {
        "内容": "バス停: 四万温泉",
        "name": "四万温泉",
        "operator": "事業者不明",
        "ref": "",
        "url": "",
        "url2": ""
      }
    },
    {
      "type": "Feature",
      "geometry": {
        "type": "Point",
        "coordinates": [
          138.736868,
          36.572237
        ]
      },
      "properties": {
        "内容": "バス停: 川中温泉口",
        "name": "川中温泉口",
        "operator": "事業者不明",
        "ref": "",
        "url": "",
        "url2": ""
      }
    },
    {
      "type": "Feature",
      "geometry": {
        "type": "Point",
        "coordinates": [
          139.0736664,
          36.2727149
        ]
      },
      "properties": {
        "内容": "バス停: 名称不明バス停",
        "name": "名称不明バス停",
        "operator": "事業者不明",
        "ref": "",
        "url": "",
        "url2": ""
      }
    },
    {
      "type": "Feature",
      "geometry": {
        "type": "Point",
        "coordinates": [
          139.0739037,
          36.2727195
        ]
      },
      "properties": {
        "内容": "バス停: 名称不明バス停",
        "name": "名称不明バス停",
        "operator": "事業者不明",
        "ref": "",
        "url": "",
        "url2": ""
      }
    },
    {
      "type": "Feature",
      "geometry": {
        "type": "Point",
        "coordinates": [
          139.0735428,
          36.2728807
        ]
      },
      "properties": {
        "内容": "バス停: 名称不明バス停",
        "name": "名称不明バス停",
        "operator": "事業者不明",
        "ref": "",
        "url": "",
        "url2": ""
      }
    },
    {
      "type": "Feature",
      "geometry": {
        "type": "Point",
        "coordinates": [
          139.0737628,
          36.272992
        ]
      },
      "properties": {
        "内容": "バス停: 名称不明バス停",
        "name": "名称不明バス停",
        "operator": "事業者不明",
        "ref": "",
        "url": "",
        "url2": ""
      }
    },
    {
      "type": "Feature",
      "geometry": {
        "type": "Point",
        "coordinates": [
          139.0739468,
          36.2729931
        ]
      },
      "properties": {
        "内容": "バス停: 名称不明バス停",
        "name": "名称不明バス停",
        "operator": "事業者不明",
        "ref": "",
        "url": "",
        "url2": ""
      }
    },
    {
      "type": "Feature",
      "geometry": {
        "type": "Point",
        "coordinates": [
          138.7697656,
          36.5138689
        ]
      },
      "properties": {
        "内容": "バス停: 大戸",
        "name": "大戸",
        "operator": "事業者不明",
        "ref": "",
        "url": "",
        "url2": ""
      }
    },
    {
      "type": "Feature",
      "geometry": {
        "type": "Point",
        "coordinates": [
          139.2128749,
          36.4153176
        ]
      },
      "properties": {
        "内容": "バス停: 保険センター前",
        "name": "保険センター前",
        "operator": "事業者不明",
        "ref": "",
        "url": "",
        "url2": ""
      }
    },
    {
      "type": "Feature",
      "geometry": {
        "type": "Point",
        "coordinates": [
          139.2110547,
          36.4142896
        ]
      },
      "properties": {
        "内容": "バス停: 粕川役場東",
        "name": "粕川役場東",
        "operator": "事業者不明",
        "ref": "",
        "url": "",
        "url2": ""
      }
    },
    {
      "type": "Feature",
      "geometry": {
        "type": "Point",
        "coordinates": [
          139.04784,
          36.4319397
        ]
      },
      "properties": {
        "内容": "バス停: 群馬大学荒牧 (関越交通株式会社)",
        "name": "群馬大学荒牧",
        "operator": "関越交通株式会社",
        "ref": "",
        "url": "",
        "url2": ""
      }
    },
    {
      "type": "Feature",
      "geometry": {
        "type": "Point",
        "coordinates": [
          138.894698,
          36.721725
        ]
      },
      "properties": {
        "内容": "バス停: 相保",
        "name": "相保",
        "operator": "事業者不明",
        "ref": "",
        "url": "",
        "url2": ""
      }
    },
    {
      "type": "Feature",
      "geometry": {
        "type": "Point",
        "coordinates": [
          138.916672,
          36.695945
        ]
      },
      "properties": {
        "内容": "バス停: 保健センター前 (関越交通)",
        "name": "保健センター前",
        "operator": "関越交通",
        "ref": "",
        "url": "",
        "url2": ""
      }
    },
    {
      "type": "Feature",
      "geometry": {
        "type": "Point",
        "coordinates": [
          138.9309686,
          36.6838102
        ]
      },
      "properties": {
        "内容": "バス停: 布施河原 (関越交通)",
        "name": "布施河原",
        "operator": "関越交通",
        "ref": "",
        "url": "",
        "url2": ""
      }
    },
    {
      "type": "Feature",
      "geometry": {
        "type": "Point",
        "coordinates": [
          138.7361644,
          36.3363126
        ]
      },
      "properties": {
        "内容": "バス停: 横川駅 (ジェイアールバス関東)",
        "name": "横川駅",
        "operator": "ジェイアールバス関東",
        "ref": "",
        "url": "",
        "url2": ""
      }
    },
    {
      "type": "Feature",
      "geometry": {
        "type": "Point",
        "coordinates": [
          139.1060596,
          36.4232737
        ]
      },
      "properties": {
        "内容": "バス停: 芳賀小前 (永井運輸株式会社)",
        "name": "芳賀小前",
        "operator": "永井運輸株式会社",
        "ref": "",
        "url": "",
        "url2": ""
      }
    },
    {
      "type": "Feature",
      "geometry": {
        "type": "Point",
        "coordinates": [
          139.0093691,
          36.3260195
        ]
      },
      "properties": {
        "内容": "バス停: 通町 (ぐるりん)",
        "name": "通町",
        "operator": "ぐるりん",
        "ref": "",
        "url": "",
        "url2": ""
      }
    },
    {
      "type": "Feature",
      "geometry": {
        "type": "Point",
        "coordinates": [
          138.9866739,
          36.4034319
        ]
      },
      "properties": {
        "内容": "バス停: フランシスコ前",
        "name": "フランシスコ前",
        "operator": "事業者不明",
        "ref": "",
        "url": "",
        "url2": ""
      }
    },
    {
      "type": "Feature",
      "geometry": {
        "type": "Point",
        "coordinates": [
          138.9867657,
          36.4035375
        ]
      },
      "properties": {
        "内容": "バス停: フランシスコ前",
        "name": "フランシスコ前",
        "operator": "事業者不明",
        "ref": "",
        "url": "",
        "url2": ""
      }
    },
    {
      "type": "Feature",
      "geometry": {
        "type": "Point",
        "coordinates": [
          138.9812272,
          36.4020514
        ]
      },
      "properties": {
        "内容": "バス停: 二の沢",
        "name": "二の沢",
        "operator": "事業者不明",
        "ref": "",
        "url": "",
        "url2": ""
      }
    },
    {
      "type": "Feature",
      "geometry": {
        "type": "Point",
        "coordinates": [
          138.9814783,
          36.4021707
        ]
      },
      "properties": {
        "内容": "バス停: 二の沢",
        "name": "二の沢",
        "operator": "事業者不明",
        "ref": "",
        "url": "",
        "url2": ""
      }
    },
    {
      "type": "Feature",
      "geometry": {
        "type": "Point",
        "coordinates": [
          138.9696911,
          36.3975471
        ]
      },
      "properties": {
        "内容": "バス停: 東小入口",
        "name": "東小入口",
        "operator": "事業者不明",
        "ref": "",
        "url": "",
        "url2": ""
      }
    },
    {
      "type": "Feature",
      "geometry": {
        "type": "Point",
        "coordinates": [
          138.9701249,
          36.3976434
        ]
      },
      "properties": {
        "内容": "バス停: 東小入口",
        "name": "東小入口",
        "operator": "事業者不明",
        "ref": "",
        "url": "",
        "url2": ""
      }
    },
    {
      "type": "Feature",
      "geometry": {
        "type": "Point",
        "coordinates": [
          138.973549,
          36.3989981
        ]
      },
      "properties": {
        "内容": "バス停: 生原",
        "name": "生原",
        "operator": "事業者不明",
        "ref": "",
        "url": "",
        "url2": ""
      }
    },
    {
      "type": "Feature",
      "geometry": {
        "type": "Point",
        "coordinates": [
          138.9747115,
          36.3995219
        ]
      },
      "properties": {
        "内容": "バス停: 生原",
        "name": "生原",
        "operator": "事業者不明",
        "ref": "",
        "url": "",
        "url2": ""
      }
    },
    {
      "type": "Feature",
      "geometry": {
        "type": "Point",
        "coordinates": [
          138.9641522,
          36.3955809
        ]
      },
      "properties": {
        "内容": "バス停: 箕郷中学校前",
        "name": "箕郷中学校前",
        "operator": "事業者不明",
        "ref": "",
        "url": "",
        "url2": ""
      }
    },
    {
      "type": "Feature",
      "geometry": {
        "type": "Point",
        "coordinates": [
          138.9638803,
          36.3955902
        ]
      },
      "properties": {
        "内容": "バス停: 箕郷中学校前",
        "name": "箕郷中学校前",
        "operator": "事業者不明",
        "ref": "",
        "url": "",
        "url2": ""
      }
    },
    {
      "type": "Feature",
      "geometry": {
        "type": "Point",
        "coordinates": [
          138.9616033,
          36.3952097
        ]
      },
      "properties": {
        "内容": "バス停: 群馬バス 箕郷営業所",
        "name": "群馬バス 箕郷営業所",
        "operator": "事業者不明",
        "ref": "",
        "url": "",
        "url2": ""
      }
    },
    {
      "type": "Feature",
      "geometry": {
        "type": "Point",
        "coordinates": [
          138.799295,
          36.4168732
        ]
      },
      "properties": {
        "内容": "バス停: 三の倉会館前 (群馬バス)",
        "name": "三の倉会館前",
        "operator": "群馬バス",
        "ref": "",
        "url": "",
        "url2": ""
      }
    },
    {
      "type": "Feature",
      "geometry": {
        "type": "Point",
        "coordinates": [
          138.7797157,
          36.438025
        ]
      },
      "properties": {
        "内容": "バス停: 大番道 (群馬バス)",
        "name": "大番道",
        "operator": "群馬バス",
        "ref": "",
        "url": "",
        "url2": ""
      }
    },
    {
      "type": "Feature",
      "geometry": {
        "type": "Point",
        "coordinates": [
          138.79521,
          36.4221216
        ]
      },
      "properties": {
        "内容": "バス停: 太陽誘電三ノ倉工場前 (群馬バス)",
        "name": "太陽誘電三ノ倉工場前",
        "operator": "群馬バス",
        "ref": "",
        "url": "",
        "url2": ""
      }
    },
    {
      "type": "Feature",
      "geometry": {
        "type": "Point",
        "coordinates": [
          138.776966,
          36.4565032
        ]
      },
      "properties": {
        "内容": "バス停: 本田 (関越交通)",
        "name": "本田",
        "operator": "関越交通",
        "ref": "",
        "url": "",
        "url2": ""
      }
    },
    {
      "type": "Feature",
      "geometry": {
        "type": "Point",
        "coordinates": [
          138.778592,
          36.4408189
        ]
      },
      "properties": {
        "内容": "バス停: 椿名神社 (群馬バス)",
        "name": "椿名神社",
        "operator": "群馬バス",
        "ref": "",
        "url": "",
        "url2": ""
      }
    },
    {
      "type": "Feature",
      "geometry": {
        "type": "Point",
        "coordinates": [
          138.7742453,
          36.4443077
        ]
      },
      "properties": {
        "内容": "バス停: 権田寺前 (群馬バス)",
        "name": "権田寺前",
        "operator": "群馬バス",
        "ref": "",
        "url": "",
        "url2": ""
      }
    },
    {
      "type": "Feature",
      "geometry": {
        "type": "Point",
        "coordinates": [
          138.7706411,
          36.448733
        ]
      },
      "properties": {
        "内容": "バス停: 権田車庫 (群馬バス)",
        "name": "権田車庫",
        "operator": "群馬バス",
        "ref": "",
        "url": "",
        "url2": ""
      }
    },
    {
      "type": "Feature",
      "geometry": {
        "type": "Point",
        "coordinates": [
          138.7704724,
          36.4489342
        ]
      },
      "properties": {
        "内容": "バス停: 権田車庫 (関越交通)",
        "name": "権田車庫",
        "operator": "関越交通",
        "ref": "",
        "url": "",
        "url2": ""
      }
    },
    {
      "type": "Feature",
      "geometry": {
        "type": "Point",
        "coordinates": [
          138.771673,
          36.4464398
        ]
      },
      "properties": {
        "内容": "バス停: 権田館前 (群馬バス)",
        "name": "権田館前",
        "operator": "群馬バス",
        "ref": "",
        "url": "",
        "url2": ""
      }
    },
    {
      "type": "Feature",
      "geometry": {
        "type": "Point",
        "coordinates": [
          138.7986698,
          36.4185346
        ]
      },
      "properties": {
        "内容": "バス停: 水沼入口 (群馬バス)",
        "name": "水沼入口",
        "operator": "群馬バス",
        "ref": "",
        "url": "",
        "url2": ""
      }
    },
    {
      "type": "Feature",
      "geometry": {
        "type": "Point",
        "coordinates": [
          138.7759932,
          36.4430302
        ]
      },
      "properties": {
        "内容": "バス停: 火の見下 (群馬バス)",
        "name": "火の見下",
        "operator": "群馬バス",
        "ref": "",
        "url": "",
        "url2": ""
      }
    },
    {
      "type": "Feature",
      "geometry": {
        "type": "Point",
        "coordinates": [
          138.7896689,
          36.4271077
        ]
      },
      "properties": {
        "内容": "バス停: 石津 (群馬バス)",
        "name": "石津",
        "operator": "群馬バス",
        "ref": "",
        "url": "",
        "url2": ""
      }
    },
    {
      "type": "Feature",
      "geometry": {
        "type": "Point",
        "coordinates": [
          138.7922164,
          36.4248141
        ]
      },
      "properties": {
        "内容": "バス停: 総合庁舎前 (群馬バス)",
        "name": "総合庁舎前",
        "operator": "群馬バス",
        "ref": "",
        "url": "",
        "url2": ""
      }
    },
    {
      "type": "Feature",
      "geometry": {
        "type": "Point",
        "coordinates": [
          138.7731953,
          36.4529544
        ]
      },
      "properties": {
        "内容": "バス停: 長井下宿 (関越交通)",
        "name": "長井下宿",
        "operator": "関越交通",
        "ref": "",
        "url": "",
        "url2": ""
      }
    },
    {
      "type": "Feature",
      "geometry": {
        "type": "Point",
        "coordinates": [
          138.7999455,
          36.4155023
        ]
      },
      "properties": {
        "内容": "バス停: 三ノ倉下宿 (群馬バス)",
        "name": "三ノ倉下宿",
        "operator": "群馬バス",
        "ref": "",
        "url": "",
        "url2": ""
      }
    },
    {
      "type": "Feature",
      "geometry": {
        "type": "Point",
        "coordinates": [
          138.8088627,
          36.4052315
        ]
      },
      "properties": {
        "内容": "バス停: 兎橋 (群馬バス)",
        "name": "兎橋",
        "operator": "群馬バス",
        "ref": "",
        "url": "",
        "url2": ""
      }
    },
    {
      "type": "Feature",
      "geometry": {
        "type": "Point",
        "coordinates": [
          138.8117496,
          36.4026092
        ]
      },
      "properties": {
        "内容": "バス停: 島山入口 (群馬バス)",
        "name": "島山入口",
        "operator": "群馬バス",
        "ref": "",
        "url": "",
        "url2": ""
      }
    },
    {
      "type": "Feature",
      "geometry": {
        "type": "Point",
        "coordinates": [
          138.8177494,
          36.3976915
        ]
      },
      "properties": {
        "内容": "バス停: 田畑 (群馬バス)",
        "name": "田畑",
        "operator": "群馬バス",
        "ref": "",
        "url": "",
        "url2": ""
      }
    },
    {
      "type": "Feature",
      "geometry": {
        "type": "Point",
        "coordinates": [
          138.8267841,
          36.3898797
        ]
      },
      "properties": {
        "内容": "バス停: 落合 (群馬バス)",
        "name": "落合",
        "operator": "群馬バス",
        "ref": "",
        "url": "",
        "url2": ""
      }
    },
    {
      "type": "Feature",
      "geometry": {
        "type": "Point",
        "coordinates": [
          138.8307709,
          36.3898813
        ]
      },
      "properties": {
        "内容": "バス停: 雨堤入口 (群馬バス)",
        "name": "雨堤入口",
        "operator": "群馬バス",
        "ref": "",
        "url": "",
        "url2": ""
      }
    },
    {
      "type": "Feature",
      "geometry": {
        "type": "Point",
        "coordinates": [
          138.8492171,
          36.388404
        ]
      },
      "properties": {
        "内容": "バス停: 天上橋 (群馬バス)",
        "name": "天上橋",
        "operator": "群馬バス",
        "ref": "",
        "url": "",
        "url2": ""
      }
    },
    {
      "type": "Feature",
      "geometry": {
        "type": "Point",
        "coordinates": [
          138.8440643,
          36.3899033
        ]
      },
      "properties": {
        "内容": "バス停: 天神橋 (群馬バス)",
        "name": "天神橋",
        "operator": "群馬バス",
        "ref": "",
        "url": "",
        "url2": ""
      }
    },
    {
      "type": "Feature",
      "geometry": {
        "type": "Point",
        "coordinates": [
          138.8730155,
          36.3840042
        ]
      },
      "properties": {
        "内容": "バス停: 宮谷戸 (群馬バス)",
        "name": "宮谷戸",
        "operator": "群馬バス",
        "ref": "",
        "url": "",
        "url2": ""
      }
    },
    {
      "type": "Feature",
      "geometry": {
        "type": "Point",
        "coordinates": [
          138.8692398,
          36.3839285
        ]
      },
      "properties": {
        "内容": "バス停: 木戸原入口 (群馬バス)",
        "name": "木戸原入口",
        "operator": "群馬バス",
        "ref": "",
        "url": "",
        "url2": ""
      }
    },
    {
      "type": "Feature",
      "geometry": {
        "type": "Point",
        "coordinates": [
          138.8542141,
          36.3889464
        ]
      },
      "properties": {
        "内容": "バス停: 菖蒲沢入口 (群馬バス)",
        "name": "菖蒲沢入口",
        "operator": "群馬バス",
        "ref": "",
        "url": "",
        "url2": ""
      }
    },
    {
      "type": "Feature",
      "geometry": {
        "type": "Point",
        "coordinates": [
          139.0177099,
          36.3217883
        ]
      },
      "properties": {
        "内容": "バス停: 高崎バスセンター (日本中央バス)",
        "name": "高崎バスセンター",
        "operator": "日本中央バス",
        "ref": "",
        "url": "",
        "url2": ""
      }
    },
    {
      "type": "Feature",
      "geometry": {
        "type": "Point",
        "coordinates": [
          138.9205259,
          36.4974683
        ]
      },
      "properties": {
        "内容": "バス停: 伊香保バスターミナル",
        "name": "伊香保バスターミナル",
        "operator": "事業者不明",
        "ref": "",
        "url": "",
        "url2": "Q85876324"
      }
    },
    {
      "type": "Feature",
      "geometry": {
        "type": "Point",
        "coordinates": [
          138.9259109,
          36.4998945
        ]
      },
      "properties": {
        "内容": "バス停: 伊香保温泉 (JR Kanto Highway Bus)",
        "name": "伊香保温泉",
        "operator": "JR Kanto Highway Bus",
        "ref": "",
        "url": "",
        "url2": ""
      }
    },
    {
      "type": "Feature",
      "geometry": {
        "type": "Point",
        "coordinates": [
          138.9260477,
          36.4998445
        ]
      },
      "properties": {
        "内容": "バス停: 見晴下",
        "name": "見晴下",
        "operator": "事業者不明",
        "ref": "",
        "url": "",
        "url2": ""
      }
    },
    {
      "type": "Feature",
      "geometry": {
        "type": "Point",
        "coordinates": [
          138.9173517,
          36.499462
        ]
      },
      "properties": {
        "内容": "バス停: 伊香保石段街 (JR Kanto Highway Bus)",
        "name": "伊香保石段街",
        "operator": "JR Kanto Highway Bus",
        "ref": "",
        "url": "",
        "url2": ""
      }
    },
    {
      "type": "Feature",
      "geometry": {
        "type": "Point",
        "coordinates": [
          138.9174535,
          36.4994769
        ]
      },
      "properties": {
        "内容": "バス停: 石段街口 (群馬バス)",
        "name": "石段街口",
        "operator": "群馬バス",
        "ref": "",
        "url": "",
        "url2": ""
      }
    },
    {
      "type": "Feature",
      "geometry": {
        "type": "Point",
        "coordinates": [
          138.9457703,
          36.4811
        ]
      },
      "properties": {
        "内容": "バス停: 水沢観音",
        "name": "水沢観音",
        "operator": "事業者不明",
        "ref": "",
        "url": "",
        "url2": ""
      }
    },
    {
      "type": "Feature",
      "geometry": {
        "type": "Point",
        "coordinates": [
          138.9478063,
          36.4794115
        ]
      },
      "properties": {
        "内容": "バス停: 水沢",
        "name": "水沢",
        "operator": "事業者不明",
        "ref": "",
        "url": "",
        "url2": ""
      }
    },
    {
      "type": "Feature",
      "geometry": {
        "type": "Point",
        "coordinates": [
          139.01052,
          36.323065
        ]
      },
      "properties": {
        "内容": "バス停: 八島町",
        "name": "八島町",
        "operator": "事業者不明",
        "ref": "",
        "url": "",
        "url2": ""
      }
    },
    {
      "type": "Feature",
      "geometry": {
        "type": "Point",
        "coordinates": [
          139.0769882,
          36.3793651
        ]
      },
      "properties": {
        "内容": "バス停: けやきウォーク前橋",
        "name": "けやきウォーク前橋",
        "operator": "事業者不明",
        "ref": "西33",
        "url": "",
        "url2": ""
      }
    },
    {
      "type": "Feature",
      "geometry": {
        "type": "Point",
        "coordinates": [
          138.8957826,
          36.2510498
        ]
      },
      "properties": {
        "内容": "バス停: 富岡実業",
        "name": "富岡実業",
        "operator": "事業者不明",
        "ref": "",
        "url": "",
        "url2": ""
      }
    },
    {
      "type": "Feature",
      "geometry": {
        "type": "Point",
        "coordinates": [
          139.0475409,
          36.3790329
        ]
      },
      "properties": {
        "内容": "バス停: 名称不明バス停",
        "name": "名称不明バス停",
        "operator": "事業者不明",
        "ref": "",
        "url": "",
        "url2": ""
      }
    },
    {
      "type": "Feature",
      "geometry": {
        "type": "Point",
        "coordinates": [
          138.916527,
          36.695838
        ]
      },
      "properties": {
        "内容": "バス停: 保健センター前 (関越交通)",
        "name": "保健センター前",
        "operator": "関越交通",
        "ref": "",
        "url": "",
        "url2": ""
      }
    },
    {
      "type": "Feature",
      "geometry": {
        "type": "Point",
        "coordinates": [
          138.86502,
          36.731419
        ]
      },
      "properties": {
        "内容": "バス停: 吹路",
        "name": "吹路",
        "operator": "事業者不明",
        "ref": "",
        "url": "",
        "url2": ""
      }
    },
    {
      "type": "Feature",
      "geometry": {
        "type": "Point",
        "coordinates": [
          138.878241,
          36.729703
        ]
      },
      "properties": {
        "内容": "バス停: 西原",
        "name": "西原",
        "operator": "事業者不明",
        "ref": "",
        "url": "",
        "url2": ""
      }
    },
    {
      "type": "Feature",
      "geometry": {
        "type": "Point",
        "coordinates": [
          138.885316,
          36.725538
        ]
      },
      "properties": {
        "内容": "バス停: 猿ヶ京",
        "name": "猿ヶ京",
        "operator": "事業者不明",
        "ref": "",
        "url": "",
        "url2": ""
      }
    },
    {
      "type": "Feature",
      "geometry": {
        "type": "Point",
        "coordinates": [
          138.894162,
          36.724157
        ]
      },
      "properties": {
        "内容": "バス停: 学校入口",
        "name": "学校入口",
        "operator": "事業者不明",
        "ref": "",
        "url": "",
        "url2": ""
      }
    },
    {
      "type": "Feature",
      "geometry": {
        "type": "Point",
        "coordinates": [
          138.894018,
          36.724132
        ]
      },
      "properties": {
        "内容": "バス停: 学校入口",
        "name": "学校入口",
        "operator": "事業者不明",
        "ref": "",
        "url": "",
        "url2": ""
      }
    },
    {
      "type": "Feature",
      "geometry": {
        "type": "Point",
        "coordinates": [
          138.902109,
          36.712225
        ]
      },
      "properties": {
        "内容": "バス停: 大峯橋",
        "name": "大峯橋",
        "operator": "事業者不明",
        "ref": "",
        "url": "",
        "url2": ""
      }
    },
    {
      "type": "Feature",
      "geometry": {
        "type": "Point",
        "coordinates": [
          138.952861,
          36.6789675
        ]
      },
      "properties": {
        "内容": "バス停: 廻戸 (関越交通)",
        "name": "廻戸",
        "operator": "関越交通",
        "ref": "",
        "url": "",
        "url2": ""
      }
    },
    {
      "type": "Feature",
      "geometry": {
        "type": "Point",
        "coordinates": [
          138.9591417,
          36.6824989
        ]
      },
      "properties": {
        "内容": "バス停: 押出 (関越交通)",
        "name": "押出",
        "operator": "関越交通",
        "ref": "",
        "url": "",
        "url2": ""
      }
    },
    {
      "type": "Feature",
      "geometry": {
        "type": "Point",
        "coordinates": [
          138.9784461,
          36.346216
        ]
      },
      "properties": {
        "内容": "バス停: 経大前 (群馬バス)",
        "name": "経大前",
        "operator": "群馬バス",
        "ref": "",
        "url": "",
        "url2": ""
      }
    },
    {
      "type": "Feature",
      "geometry": {
        "type": "Point",
        "coordinates": [
          138.9790672,
          36.345797
        ]
      },
      "properties": {
        "内容": "バス停: 経大前 (群馬バス)",
        "name": "経大前",
        "operator": "群馬バス",
        "ref": "",
        "url": "",
        "url2": ""
      }
    },
    {
      "type": "Feature",
      "geometry": {
        "type": "Point",
        "coordinates": [
          139.3767877,
          36.2625432
        ]
      },
      "properties": {
        "内容": "バス停: 堀江病院 (朝日自動車)",
        "name": "堀江病院",
        "operator": "朝日自動車",
        "ref": "",
        "url": "",
        "url2": ""
      }
    },
    {
      "type": "Feature",
      "geometry": {
        "type": "Point",
        "coordinates": [
          139.3769557,
          36.2618883
        ]
      },
      "properties": {
        "内容": "バス停: 堀江病院 (朝日自動車)",
        "name": "堀江病院",
        "operator": "朝日自動車",
        "ref": "",
        "url": "",
        "url2": ""
      }
    },
    {
      "type": "Feature",
      "geometry": {
        "type": "Point",
        "coordinates": [
          139.377114,
          36.259028
        ]
      },
      "properties": {
        "内容": "バス停: 高林 (朝日自動車)",
        "name": "高林",
        "operator": "朝日自動車",
        "ref": "",
        "url": "",
        "url2": ""
      }
    },
    {
      "type": "Feature",
      "geometry": {
        "type": "Point",
        "coordinates": [
          139.377899,
          36.255647
        ]
      },
      "properties": {
        "内容": "バス停: 太田南小学校入口 (朝日自動車)",
        "name": "太田南小学校入口",
        "operator": "朝日自動車",
        "ref": "",
        "url": "",
        "url2": ""
      }
    },
    {
      "type": "Feature",
      "geometry": {
        "type": "Point",
        "coordinates": [
          139.379267,
          36.249104
        ]
      },
      "properties": {
        "内容": "バス停: 古戸神社前 (朝日自動車)",
        "name": "古戸神社前",
        "operator": "朝日自動車",
        "ref": "",
        "url": "",
        "url2": ""
      }
    },
    {
      "type": "Feature",
      "geometry": {
        "type": "Point",
        "coordinates": [
          139.3806592,
          36.2449095
        ]
      },
      "properties": {
        "内容": "バス停: 古戸川岸 (朝日自動車)",
        "name": "古戸川岸",
        "operator": "朝日自動車",
        "ref": "",
        "url": "",
        "url2": ""
      }
    },
    {
      "type": "Feature",
      "geometry": {
        "type": "Point",
        "coordinates": [
          139.3804377,
          36.2448955
        ]
      },
      "properties": {
        "内容": "バス停: 古戸川岸 (朝日自動車)",
        "name": "古戸川岸",
        "operator": "朝日自動車",
        "ref": "",
        "url": "",
        "url2": ""
      }
    },
    {
      "type": "Feature",
      "geometry": {
        "type": "Point",
        "coordinates": [
          139.377006,
          36.258828
        ]
      },
      "properties": {
        "内容": "バス停: 高林 (朝日自動車)",
        "name": "高林",
        "operator": "朝日自動車",
        "ref": "",
        "url": "",
        "url2": ""
      }
    },
    {
      "type": "Feature",
      "geometry": {
        "type": "Point",
        "coordinates": [
          139.3778131,
          36.255312
        ]
      },
      "properties": {
        "内容": "バス停: 太田南小学校入口 (朝日自動車)",
        "name": "太田南小学校入口",
        "operator": "朝日自動車",
        "ref": "",
        "url": "",
        "url2": ""
      }
    },
    {
      "type": "Feature",
      "geometry": {
        "type": "Point",
        "coordinates": [
          139.378948,
          36.24982
        ]
      },
      "properties": {
        "内容": "バス停: 古戸神社前 (朝日自動車)",
        "name": "古戸神社前",
        "operator": "朝日自動車",
        "ref": "",
        "url": "",
        "url2": ""
      }
    },
    {
      "type": "Feature",
      "geometry": {
        "type": "Point",
        "coordinates": [
          138.8799653,
          36.3848875
        ]
      },
      "properties": {
        "内容": "バス停: 室田営業所",
        "name": "室田営業所",
        "operator": "事業者不明",
        "ref": "",
        "url": "",
        "url2": ""
      }
    },
    {
      "type": "Feature",
      "geometry": {
        "type": "Point",
        "coordinates": [
          139.377119,
          36.265896
        ]
      },
      "properties": {
        "内容": "バス停: 矢崎化工前 (朝日自動車)",
        "name": "矢崎化工前",
        "operator": "朝日自動車",
        "ref": "",
        "url": "",
        "url2": ""
      }
    },
    {
      "type": "Feature",
      "geometry": {
        "type": "Point",
        "coordinates": [
          139.377329,
          36.272778
        ]
      },
      "properties": {
        "内容": "バス停: 西矢島 (朝日自動車)",
        "name": "西矢島",
        "operator": "朝日自動車",
        "ref": "",
        "url": "",
        "url2": ""
      }
    },
    {
      "type": "Feature",
      "geometry": {
        "type": "Point",
        "coordinates": [
          139.3771419,
          36.2761011
        ]
      },
      "properties": {
        "内容": "バス停: 中学校入口 (朝日自動車)",
        "name": "中学校入口",
        "operator": "朝日自動車",
        "ref": "",
        "url": "",
        "url2": ""
      }
    },
    {
      "type": "Feature",
      "geometry": {
        "type": "Point",
        "coordinates": [
          139.377006,
          36.281822
        ]
      },
      "properties": {
        "内容": "バス停: 城山病院入口 (朝日自動車)",
        "name": "城山病院入口",
        "operator": "朝日自動車",
        "ref": "",
        "url": "",
        "url2": ""
      }
    },
    {
      "type": "Feature",
      "geometry": {
        "type": "Point",
        "coordinates": [
          139.376412,
          36.291088
        ]
      },
      "properties": {
        "内容": "バス停: 太田市役所前 (朝日自動車)",
        "name": "太田市役所前",
        "operator": "朝日自動車",
        "ref": "",
        "url": "",
        "url2": ""
      }
    },
    {
      "type": "Feature",
      "geometry": {
        "type": "Point",
        "coordinates": [
          139.3771,
          36.27158
        ]
      },
      "properties": {
        "内容": "バス停: 西矢島 (朝日自動車)",
        "name": "西矢島",
        "operator": "朝日自動車",
        "ref": "",
        "url": "",
        "url2": ""
      }
    },
    {
      "type": "Feature",
      "geometry": {
        "type": "Point",
        "coordinates": [
          139.376689,
          36.286729
        ]
      },
      "properties": {
        "内容": "バス停: 飯田 (朝日自動車)",
        "name": "飯田",
        "operator": "朝日自動車",
        "ref": "",
        "url": "",
        "url2": ""
      }
    },
    {
      "type": "Feature",
      "geometry": {
        "type": "Point",
        "coordinates": [
          139.0155642,
          36.3501276
        ]
      },
      "properties": {
        "内容": "バス停: 名称不明バス停",
        "name": "名称不明バス停",
        "operator": "事業者不明",
        "ref": "",
        "url": "",
        "url2": ""
      }
    },
    {
      "type": "Feature",
      "geometry": {
        "type": "Point",
        "coordinates": [
          139.0156746,
          36.3501445
        ]
      },
      "properties": {
        "内容": "バス停: 名称不明バス停",
        "name": "名称不明バス停",
        "operator": "事業者不明",
        "ref": "",
        "url": "",
        "url2": ""
      }
    },
    {
      "type": "Feature",
      "geometry": {
        "type": "Point",
        "coordinates": [
          138.6553093,
          36.6927218
        ]
      },
      "properties": {
        "内容": "バス停: 野反峠バス停 (ローズクィーン交通(株))",
        "name": "野反峠バス停",
        "operator": "ローズクィーン交通(株)",
        "ref": "",
        "url": "",
        "url2": ""
      }
    },
    {
      "type": "Feature",
      "geometry": {
        "type": "Point",
        "coordinates": [
          139.0810023,
          36.2822709
        ]
      },
      "properties": {
        "内容": "バス停: 北藤岡駅",
        "name": "北藤岡駅",
        "operator": "事業者不明",
        "ref": "",
        "url": "",
        "url2": ""
      }
    },
    {
      "type": "Feature",
      "geometry": {
        "type": "Point",
        "coordinates": [
          139.3083933,
          36.4671517
        ]
      },
      "properties": {
        "内容": "バス停: 名称不明バス停",
        "name": "名称不明バス停",
        "operator": "事業者不明",
        "ref": "",
        "url": "",
        "url2": ""
      }
    },
    {
      "type": "Feature",
      "geometry": {
        "type": "Point",
        "coordinates": [
          138.878226,
          36.729505
        ]
      },
      "properties": {
        "内容": "バス停: 西原",
        "name": "西原",
        "operator": "事業者不明",
        "ref": "",
        "url": "",
        "url2": ""
      }
    },
    {
      "type": "Feature",
      "geometry": {
        "type": "Point",
        "coordinates": [
          138.887941,
          36.726111
        ]
      },
      "properties": {
        "内容": "バス停: 関所跡",
        "name": "関所跡",
        "operator": "事業者不明",
        "ref": "",
        "url": "",
        "url2": ""
      }
    },
    {
      "type": "Feature",
      "geometry": {
        "type": "Point",
        "coordinates": [
          139.0278847,
          36.3738366
        ]
      },
      "properties": {
        "内容": "バス停: 名称不明バス停",
        "name": "名称不明バス停",
        "operator": "事業者不明",
        "ref": "",
        "url": "",
        "url2": ""
      }
    },
    {
      "type": "Feature",
      "geometry": {
        "type": "Point",
        "coordinates": [
          139.446862,
          36.2565488
        ]
      },
      "properties": {
        "内容": "バス停: 篠塚駅 (邑楽町コミュニティバス)",
        "name": "篠塚駅",
        "operator": "邑楽町コミュニティバス",
        "ref": "",
        "url": "",
        "url2": ""
      }
    },
    {
      "type": "Feature",
      "geometry": {
        "type": "Point",
        "coordinates": [
          139.4493997,
          36.2615512
        ]
      },
      "properties": {
        "内容": "バス停: セブンイレブン邑楽蛭沼店 (邑楽町コミュニティバス)",
        "name": "セブンイレブン邑楽蛭沼店",
        "operator": "邑楽町コミュニティバス",
        "ref": "",
        "url": "",
        "url2": ""
      }
    },
    {
      "type": "Feature",
      "geometry": {
        "type": "Point",
        "coordinates": [
          139.4427511,
          36.2474036
        ]
      },
      "properties": {
        "内容": "バス停: 篠塚南 (邑楽町コミュニティバス)",
        "name": "篠塚南",
        "operator": "邑楽町コミュニティバス",
        "ref": "",
        "url": "",
        "url2": ""
      }
    },
    {
      "type": "Feature",
      "geometry": {
        "type": "Point",
        "coordinates": [
          139.4428361,
          36.2474049
        ]
      },
      "properties": {
        "内容": "バス停: 篠塚南 (邑楽町コミュニティバス)",
        "name": "篠塚南",
        "operator": "邑楽町コミュニティバス",
        "ref": "",
        "url": "",
        "url2": ""
      }
    },
    {
      "type": "Feature",
      "geometry": {
        "type": "Point",
        "coordinates": [
          139.4960346,
          36.2401318
        ]
      },
      "properties": {
        "内容": "バス停: 近藤町 (館林市外四町広域公共路線バス)",
        "name": "近藤町",
        "operator": "館林市外四町広域公共路線バス",
        "ref": "",
        "url": "",
        "url2": ""
      }
    },
    {
      "type": "Feature",
      "geometry": {
        "type": "Point",
        "coordinates": [
          139.4574041,
          36.239473
        ]
      },
      "properties": {
        "内容": "バス停: 長柄小学校前 (邑楽町コミュニティバス)",
        "name": "長柄小学校前",
        "operator": "邑楽町コミュニティバス",
        "ref": "",
        "url": "",
        "url2": ""
      }
    },
    {
      "type": "Feature",
      "geometry": {
        "type": "Point",
        "coordinates": [
          139.4574924,
          36.269551
        ]
      },
      "properties": {
        "内容": "バス停: 新栄自動車前 (邑楽町コミュニティバス)",
        "name": "新栄自動車前",
        "operator": "邑楽町コミュニティバス",
        "ref": "",
        "url": "",
        "url2": ""
      }
    },
    {
      "type": "Feature",
      "geometry": {
        "type": "Point",
        "coordinates": [
          139.5196216,
          36.2482403
        ]
      },
      "properties": {
        "内容": "バス停: 厚生病院前 (館林市外四町広域公共路線バス)",
        "name": "厚生病院前",
        "operator": "館林市外四町広域公共路線バス",
        "ref": "",
        "url": "",
        "url2": ""
      }
    },
    {
      "type": "Feature",
      "geometry": {
        "type": "Point",
        "coordinates": [
          139.0279812,
          36.3758453
        ]
      },
      "properties": {
        "内容": "バス停: 名称不明バス停",
        "name": "名称不明バス停",
        "operator": "事業者不明",
        "ref": "",
        "url": "",
        "url2": ""
      }
    },
    {
      "type": "Feature",
      "geometry": {
        "type": "Point",
        "coordinates": [
          139.4443273,
          36.2521968
        ]
      },
      "properties": {
        "内容": "バス停: 篠塚北 (邑楽町コミュニティバス)",
        "name": "篠塚北",
        "operator": "邑楽町コミュニティバス",
        "ref": "",
        "url": "",
        "url2": ""
      }
    },
    {
      "type": "Feature",
      "geometry": {
        "type": "Point",
        "coordinates": [
          139.4444294,
          36.2521717
        ]
      },
      "properties": {
        "内容": "バス停: 篠塚北 (邑楽町コミュニティバス)",
        "name": "篠塚北",
        "operator": "邑楽町コミュニティバス",
        "ref": "",
        "url": "",
        "url2": ""
      }
    },
    {
      "type": "Feature",
      "geometry": {
        "type": "Point",
        "coordinates": [
          139.4494796,
          36.2615366
        ]
      },
      "properties": {
        "内容": "バス停: セブンイレブン邑楽蛭沼店 (邑楽町コミュニティバス)",
        "name": "セブンイレブン邑楽蛭沼店",
        "operator": "邑楽町コミュニティバス",
        "ref": "",
        "url": "",
        "url2": ""
      }
    },
    {
      "type": "Feature",
      "geometry": {
        "type": "Point",
        "coordinates": [
          139.4479792,
          36.243038
        ]
      },
      "properties": {
        "内容": "バス停: 孫兵衛橋 (邑楽町コミュニティバス)",
        "name": "孫兵衛橋",
        "operator": "邑楽町コミュニティバス",
        "ref": "",
        "url": "",
        "url2": ""
      }
    },
    {
      "type": "Feature",
      "geometry": {
        "type": "Point",
        "coordinates": [
          139.4578033,
          36.2392496
        ]
      },
      "properties": {
        "内容": "バス停: 長柄小学校前 (邑楽町コミュニティバス)",
        "name": "長柄小学校前",
        "operator": "邑楽町コミュニティバス",
        "ref": "",
        "url": "",
        "url2": ""
      }
    },
    {
      "type": "Feature",
      "geometry": {
        "type": "Point",
        "coordinates": [
          139.5234949,
          36.2474509
        ]
      },
      "properties": {
        "内容": "バス停: 栄町住宅前 (館林市外四町広域公共路線バス)",
        "name": "栄町住宅前",
        "operator": "館林市外四町広域公共路線バス",
        "ref": "",
        "url": "",
        "url2": ""
      }
    },
    {
      "type": "Feature",
      "geometry": {
        "type": "Point",
        "coordinates": [
          139.5287192,
          36.2461274
        ]
      },
      "properties": {
        "内容": "バス停: 館林駅東口 (館林市外四町広域公共路線バス)",
        "name": "館林駅東口",
        "operator": "館林市外四町広域公共路線バス",
        "ref": "",
        "url": "",
        "url2": ""
      }
    },
    {
      "type": "Feature",
      "geometry": {
        "type": "Point",
        "coordinates": [
          139.0471328,
          36.4472338
        ]
      },
      "properties": {
        "内容": "バス停: 田口 (関越交通株式会社)",
        "name": "田口",
        "operator": "関越交通株式会社",
        "ref": "",
        "url": "",
        "url2": ""
      }
    },
    {
      "type": "Feature",
      "geometry": {
        "type": "Point",
        "coordinates": [
          139.0469343,
          36.4473535
        ]
      },
      "properties": {
        "内容": "バス停: 田口 (関越交通株式会社)",
        "name": "田口",
        "operator": "関越交通株式会社",
        "ref": "",
        "url": "",
        "url2": ""
      }
    },
    {
      "type": "Feature",
      "geometry": {
        "type": "Point",
        "coordinates": [
          138.4445249,
          36.4802312
        ]
      },
      "properties": {
        "内容": "バス停: 名称不明バス停",
        "name": "名称不明バス停",
        "operator": "事業者不明",
        "ref": "",
        "url": "",
        "url2": ""
      }
    },
    {
      "type": "Feature",
      "geometry": {
        "type": "Point",
        "coordinates": [
          138.9598136,
          36.3757097
        ]
      },
      "properties": {
        "内容": "バス停: 名称不明バス停",
        "name": "名称不明バス停",
        "operator": "事業者不明",
        "ref": "",
        "url": "",
        "url2": ""
      }
    },
    {
      "type": "Feature",
      "geometry": {
        "type": "Point",
        "coordinates": [
          139.0684142,
          36.3494385
        ]
      },
      "properties": {
        "内容": "バス停: 名称不明バス停",
        "name": "名称不明バス停",
        "operator": "事業者不明",
        "ref": "",
        "url": "",
        "url2": ""
      }
    },
    {
      "type": "Feature",
      "geometry": {
        "type": "Point",
        "coordinates": [
          139.0680332,
          36.3494743
        ]
      },
      "properties": {
        "内容": "バス停: 名称不明バス停",
        "name": "名称不明バス停",
        "operator": "事業者不明",
        "ref": "",
        "url": "",
        "url2": ""
      }
    },
    {
      "type": "Feature",
      "geometry": {
        "type": "Point",
        "coordinates": [
          138.7846509,
          36.6751191
        ]
      },
      "properties": {
        "内容": "バス停: 清流の湯入口",
        "name": "清流の湯入口",
        "operator": "事業者不明",
        "ref": "",
        "url": "",
        "url2": ""
      }
    },
    {
      "type": "Feature",
      "geometry": {
        "type": "Point",
        "coordinates": [
          138.7845676,
          36.6750794
        ]
      },
      "properties": {
        "内容": "バス停: 清流の湯入口",
        "name": "清流の湯入口",
        "operator": "事業者不明",
        "ref": "",
        "url": "",
        "url2": ""
      }
    },
    {
      "type": "Feature",
      "geometry": {
        "type": "Point",
        "coordinates": [
          138.84023,
          36.5881423
        ]
      },
      "properties": {
        "内容": "バス停: 上之町",
        "name": "上之町",
        "operator": "事業者不明",
        "ref": "",
        "url": "",
        "url2": ""
      }
    },
    {
      "type": "Feature",
      "geometry": {
        "type": "Point",
        "coordinates": [
          138.8402943,
          36.5880271
        ]
      },
      "properties": {
        "内容": "バス停: 上之町",
        "name": "上之町",
        "operator": "事業者不明",
        "ref": "",
        "url": "",
        "url2": ""
      }
    },
    {
      "type": "Feature",
      "geometry": {
        "type": "Point",
        "coordinates": [
          138.5010496,
          36.5016891
        ]
      },
      "properties": {
        "内容": "バス停: 名称不明バス停",
        "name": "名称不明バス停",
        "operator": "事業者不明",
        "ref": "",
        "url": "",
        "url2": ""
      }
    },
    {
      "type": "Feature",
      "geometry": {
        "type": "Point",
        "coordinates": [
          138.9910226,
          36.12941
        ]
      },
      "properties": {
        "内容": "バス停: 新高瀬橋",
        "name": "新高瀬橋",
        "operator": "事業者不明",
        "ref": "",
        "url": "",
        "url2": ""
      }
    },
    {
      "type": "Feature",
      "geometry": {
        "type": "Point",
        "coordinates": [
          139.0763308,
          36.3832434
        ]
      },
      "properties": {
        "内容": "バス停: 南口改良住宅前",
        "name": "南口改良住宅前",
        "operator": "事業者不明",
        "ref": "南23;東30;西35-1",
        "url": "",
        "url2": ""
      }
    },
    {
      "type": "Feature",
      "geometry": {
        "type": "Point",
        "coordinates": [
          139.0606721,
          36.8466316
        ]
      },
      "properties": {
        "内容": "バス停: 明川",
        "name": "明川",
        "operator": "事業者不明",
        "ref": "",
        "url": "",
        "url2": ""
      }
    },
    {
      "type": "Feature",
      "geometry": {
        "type": "Point",
        "coordinates": [
          139.6481542,
          36.2219208
        ]
      },
      "properties": {
        "内容": "バス停: 板倉東洋大前駅西口 (館林市外四町広域公共路線バス;板倉町コミュニティバス)",
        "name": "板倉東洋大前駅西口",
        "operator": "館林市外四町広域公共路線バス;板倉町コミュニティバス",
        "ref": "",
        "url": "",
        "url2": ""
      }
    },
    {
      "type": "Feature",
      "geometry": {
        "type": "Point",
        "coordinates": [
          139.4624613,
          36.252203
        ]
      },
      "properties": {
        "内容": "バス停: 邑楽町役場 (邑楽町コミュニティバス)",
        "name": "邑楽町役場",
        "operator": "邑楽町コミュニティバス",
        "ref": "",
        "url": "",
        "url2": ""
      }
    },
    {
      "type": "Feature",
      "geometry": {
        "type": "Point",
        "coordinates": [
          138.6983034,
          36.3574173
        ]
      },
      "properties": {
        "内容": "バス停: めがね橋",
        "name": "めがね橋",
        "operator": "事業者不明",
        "ref": "",
        "url": "",
        "url2": ""
      }
    },
    {
      "type": "Feature",
      "geometry": {
        "type": "Point",
        "coordinates": [
          138.647823,
          36.5467111
        ]
      },
      "properties": {
        "内容": "バス停: 長野原草津口",
        "name": "長野原草津口",
        "operator": "事業者不明",
        "ref": "2",
        "url": "",
        "url2": ""
      }
    },
    {
      "type": "Feature",
      "geometry": {
        "type": "Point",
        "coordinates": [
          138.6479102,
          36.5466808
        ]
      },
      "properties": {
        "内容": "バス停: 長野原草津口",
        "name": "長野原草津口",
        "operator": "事業者不明",
        "ref": "1",
        "url": "",
        "url2": ""
      }
    },
    {
      "type": "Feature",
      "geometry": {
        "type": "Point",
        "coordinates": [
          138.6143551,
          36.5549102
        ]
      },
      "properties": {
        "内容": "バス停: 上大津",
        "name": "上大津",
        "operator": "事業者不明",
        "ref": "",
        "url": "",
        "url2": ""
      }
    },
    {
      "type": "Feature",
      "geometry": {
        "type": "Point",
        "coordinates": [
          138.6021598,
          36.5637128
        ]
      },
      "properties": {
        "内容": "バス停: 湯窪入口",
        "name": "湯窪入口",
        "operator": "事業者不明",
        "ref": "",
        "url": "",
        "url2": ""
      }
    },
    {
      "type": "Feature",
      "geometry": {
        "type": "Point",
        "coordinates": [
          138.6094192,
          36.5587253
        ]
      },
      "properties": {
        "内容": "バス停: 二軒屋橋",
        "name": "二軒屋橋",
        "operator": "事業者不明",
        "ref": "",
        "url": "",
        "url2": ""
      }
    },
    {
      "type": "Feature",
      "geometry": {
        "type": "Point",
        "coordinates": [
          138.6031971,
          36.5603988
        ]
      },
      "properties": {
        "内容": "バス停: 吾妻立石",
        "name": "吾妻立石",
        "operator": "事業者不明",
        "ref": "",
        "url": "",
        "url2": ""
      }
    },
    {
      "type": "Feature",
      "geometry": {
        "type": "Point",
        "coordinates": [
          138.5867733,
          36.6121497
        ]
      },
      "properties": {
        "内容": "バス停: 名称不明バス停",
        "name": "名称不明バス停",
        "operator": "事業者不明",
        "ref": "",
        "url": "",
        "url2": ""
      }
    },
    {
      "type": "Feature",
      "geometry": {
        "type": "Point",
        "coordinates": [
          138.5835788,
          36.6087048
        ]
      },
      "properties": {
        "内容": "バス停: 名称不明バス停",
        "name": "名称不明バス停",
        "operator": "事業者不明",
        "ref": "",
        "url": "",
        "url2": ""
      }
    },
    {
      "type": "Feature",
      "geometry": {
        "type": "Point",
        "coordinates": [
          138.5834956,
          36.60875
        ]
      },
      "properties": {
        "内容": "バス停: 名称不明バス停",
        "name": "名称不明バス停",
        "operator": "事業者不明",
        "ref": "",
        "url": "",
        "url2": ""
      }
    },
    {
      "type": "Feature",
      "geometry": {
        "type": "Point",
        "coordinates": [
          138.5834795,
          36.6039356
        ]
      },
      "properties": {
        "内容": "バス停: 名称不明バス停",
        "name": "名称不明バス停",
        "operator": "事業者不明",
        "ref": "",
        "url": "",
        "url2": ""
      }
    },
    {
      "type": "Feature",
      "geometry": {
        "type": "Point",
        "coordinates": [
          138.5864293,
          36.5938364
        ]
      },
      "properties": {
        "内容": "バス停: 草津谷所",
        "name": "草津谷所",
        "operator": "事業者不明",
        "ref": "",
        "url": "",
        "url2": ""
      }
    },
    {
      "type": "Feature",
      "geometry": {
        "type": "Point",
        "coordinates": [
          138.5869127,
          36.5847707
        ]
      },
      "properties": {
        "内容": "バス停: 名称不明バス停",
        "name": "名称不明バス停",
        "operator": "事業者不明",
        "ref": "",
        "url": "",
        "url2": ""
      }
    },
    {
      "type": "Feature",
      "geometry": {
        "type": "Point",
        "coordinates": [
          138.5925172,
          36.6166331
        ]
      },
      "properties": {
        "内容": "バス停: 名称不明バス停",
        "name": "名称不明バス停",
        "operator": "事業者不明",
        "ref": "",
        "url": "",
        "url2": ""
      }
    },
    {
      "type": "Feature",
      "geometry": {
        "type": "Point",
        "coordinates": [
          138.5870817,
          36.5845413
        ]
      },
      "properties": {
        "内容": "バス停: 井堀",
        "name": "井堀",
        "operator": "事業者不明",
        "ref": "",
        "url": "",
        "url2": ""
      }
    },
    {
      "type": "Feature",
      "geometry": {
        "type": "Point",
        "coordinates": [
          138.5835814,
          36.6040669
        ]
      },
      "properties": {
        "内容": "バス停: 赤仁田",
        "name": "赤仁田",
        "operator": "事業者不明",
        "ref": "",
        "url": "",
        "url2": ""
      }
    },
    {
      "type": "Feature",
      "geometry": {
        "type": "Point",
        "coordinates": [
          138.5925179,
          36.616322
        ]
      },
      "properties": {
        "内容": "バス停: 草津入口",
        "name": "草津入口",
        "operator": "事業者不明",
        "ref": "",
        "url": "",
        "url2": ""
      }
    },
    {
      "type": "Feature",
      "geometry": {
        "type": "Point",
        "coordinates": [
          138.5925105,
          36.6163037
        ]
      },
      "properties": {
        "内容": "バス停: 運動茶屋",
        "name": "運動茶屋",
        "operator": "事業者不明",
        "ref": "",
        "url": "",
        "url2": ""
      }
    },
    {
      "type": "Feature",
      "geometry": {
        "type": "Point",
        "coordinates": [
          138.8243003,
          36.5719214
        ]
      },
      "properties": {
        "内容": "バス停: 名称不明バス停",
        "name": "名称不明バス停",
        "operator": "事業者不明",
        "ref": "",
        "url": "",
        "url2": ""
      }
    },
    {
      "type": "Feature",
      "geometry": {
        "type": "Point",
        "coordinates": [
          139.0476096,
          36.5528525
        ]
      },
      "properties": {
        "内容": "バス停: 名称不明バス停",
        "name": "名称不明バス停",
        "operator": "事業者不明",
        "ref": "",
        "url": "",
        "url2": ""
      }
    },
    {
      "type": "Feature",
      "geometry": {
        "type": "Point",
        "coordinates": [
          138.5092937,
          36.6343284
        ]
      },
      "properties": {
        "内容": "バス停: 万座バスターミナル",
        "name": "万座バスターミナル",
        "operator": "事業者不明",
        "ref": "",
        "url": "",
        "url2": ""
      }
    },
    {
      "type": "Feature",
      "geometry": {
        "type": "Point",
        "coordinates": [
          138.7766329,
          36.6208766
        ]
      },
      "properties": {
        "内容": "バス停: 名称不明バス停",
        "name": "名称不明バス停",
        "operator": "事業者不明",
        "ref": "",
        "url": "",
        "url2": ""
      }
    },
    {
      "type": "Feature",
      "geometry": {
        "type": "Point",
        "coordinates": [
          139.2317626,
          36.3405577
        ]
      },
      "properties": {
        "内容": "バス停: 名称不明バス停",
        "name": "名称不明バス停",
        "operator": "事業者不明",
        "ref": "",
        "url": "",
        "url2": ""
      }
    },
    {
      "type": "Feature",
      "geometry": {
        "type": "Point",
        "coordinates": [
          139.2006766,
          36.8900074
        ]
      },
      "properties": {
        "内容": "バス停: 乗合タクシー",
        "name": "乗合タクシー",
        "operator": "事業者不明",
        "ref": "",
        "url": "",
        "url2": ""
      }
    },
    {
      "type": "Feature",
      "geometry": {
        "type": "Point",
        "coordinates": [
          139.3319982,
          36.4114416
        ]
      },
      "properties": {
        "内容": "バス停: 名称不明バス停",
        "name": "名称不明バス停",
        "operator": "事業者不明",
        "ref": "",
        "url": "",
        "url2": ""
      }
    },
    {
      "type": "Feature",
      "geometry": {
        "type": "Point",
        "coordinates": [
          139.3171577,
          36.4053721
        ]
      },
      "properties": {
        "内容": "バス停: 名称不明バス停",
        "name": "名称不明バス停",
        "operator": "事業者不明",
        "ref": "",
        "url": "",
        "url2": ""
      }
    },
    {
      "type": "Feature",
      "geometry": {
        "type": "Point",
        "coordinates": [
          139.3203739,
          36.3950113
        ]
      },
      "properties": {
        "内容": "バス停: 名称不明バス停",
        "name": "名称不明バス停",
        "operator": "事業者不明",
        "ref": "",
        "url": "",
        "url2": ""
      }
    },
    {
      "type": "Feature",
      "geometry": {
        "type": "Point",
        "coordinates": [
          139.394007,
          36.4657355
        ]
      },
      "properties": {
        "内容": "バス停: 名称不明バス停",
        "name": "名称不明バス停",
        "operator": "事業者不明",
        "ref": "",
        "url": "",
        "url2": ""
      }
    },
    {
      "type": "Feature",
      "geometry": {
        "type": "Point",
        "coordinates": [
          139.3875176,
          36.4605208
        ]
      },
      "properties": {
        "内容": "バス停: 名称不明バス停",
        "name": "名称不明バス停",
        "operator": "事業者不明",
        "ref": "",
        "url": "",
        "url2": ""
      }
    },
    {
      "type": "Feature",
      "geometry": {
        "type": "Point",
        "coordinates": [
          139.3826544,
          36.4568335
        ]
      },
      "properties": {
        "内容": "バス停: 名称不明バス停",
        "name": "名称不明バス停",
        "operator": "事業者不明",
        "ref": "",
        "url": "",
        "url2": ""
      }
    },
    {
      "type": "Feature",
      "geometry": {
        "type": "Point",
        "coordinates": [
          139.3569463,
          36.4353519
        ]
      },
      "properties": {
        "内容": "バス停: 名称不明バス停",
        "name": "名称不明バス停",
        "operator": "事業者不明",
        "ref": "",
        "url": "",
        "url2": ""
      }
    },
    {
      "type": "Feature",
      "geometry": {
        "type": "Point",
        "coordinates": [
          139.356798,
          36.43539
        ]
      },
      "properties": {
        "内容": "バス停: 名称不明バス停",
        "name": "名称不明バス停",
        "operator": "事業者不明",
        "ref": "",
        "url": "",
        "url2": ""
      }
    },
    {
      "type": "Feature",
      "geometry": {
        "type": "Point",
        "coordinates": [
          139.3329331,
          36.4119716
        ]
      },
      "properties": {
        "内容": "バス停: 名称不明バス停",
        "name": "名称不明バス停",
        "operator": "事業者不明",
        "ref": "",
        "url": "",
        "url2": ""
      }
    },
    {
      "type": "Feature",
      "geometry": {
        "type": "Point",
        "coordinates": [
          138.6485207,
          36.5464793
        ]
      },
      "properties": {
        "内容": "バス停: 長野原草津口駅",
        "name": "長野原草津口駅",
        "operator": "事業者不明",
        "ref": "",
        "url": "",
        "url2": ""
      }
    },
    {
      "type": "Feature",
      "geometry": {
        "type": "Point",
        "coordinates": [
          139.4262457,
          36.3254293
        ]
      },
      "properties": {
        "内容": "バス停: 中川町 (足利市生活路線バス)",
        "name": "中川町",
        "operator": "足利市生活路線バス",
        "ref": "",
        "url": "",
        "url2": ""
      }
    },
    {
      "type": "Feature",
      "geometry": {
        "type": "Point",
        "coordinates": [
          139.4264388,
          36.3257621
        ]
      },
      "properties": {
        "内容": "バス停: 中川町 (足利市生活路線バス)",
        "name": "中川町",
        "operator": "足利市生活路線バス",
        "ref": "",
        "url": "",
        "url2": ""
      }
    },
    {
      "type": "Feature",
      "geometry": {
        "type": "Point",
        "coordinates": [
          139.008043,
          36.4906451
        ]
      },
      "properties": {
        "内容": "バス停: 渋川駅",
        "name": "渋川駅",
        "operator": "事業者不明",
        "ref": "",
        "url": "",
        "url2": ""
      }
    },
    {
      "type": "Feature",
      "geometry": {
        "type": "Point",
        "coordinates": [
          139.0078371,
          36.4903822
        ]
      },
      "properties": {
        "内容": "バス停: 渋川駅",
        "name": "渋川駅",
        "operator": "事業者不明",
        "ref": "",
        "url": "",
        "url2": ""
      }
    },
    {
      "type": "Feature",
      "geometry": {
        "type": "Point",
        "coordinates": [
          139.0078123,
          36.490301
        ]
      },
      "properties": {
        "内容": "バス停: 渋川駅",
        "name": "渋川駅",
        "operator": "事業者不明",
        "ref": "",
        "url": "",
        "url2": ""
      }
    },
    {
      "type": "Feature",
      "geometry": {
        "type": "Point",
        "coordinates": [
          138.9231614,
          36.4993726
        ]
      },
      "properties": {
        "内容": "バス停: 名称不明バス停",
        "name": "名称不明バス停",
        "operator": "事業者不明",
        "ref": "",
        "url": "",
        "url2": ""
      }
    },
    {
      "type": "Feature",
      "geometry": {
        "type": "Point",
        "coordinates": [
          138.8729722,
          36.4811827
        ]
      },
      "properties": {
        "内容": "バス停: 名称不明バス停",
        "name": "名称不明バス停",
        "operator": "事業者不明",
        "ref": "",
        "url": "",
        "url2": ""
      }
    },
    {
      "type": "Feature",
      "geometry": {
        "type": "Point",
        "coordinates": [
          138.9149833,
          36.497828
        ]
      },
      "properties": {
        "内容": "バス停: 伊香保案内所 (群馬バス)",
        "name": "伊香保案内所",
        "operator": "群馬バス",
        "ref": "",
        "url": "",
        "url2": ""
      }
    },
    {
      "type": "Feature",
      "geometry": {
        "type": "Point",
        "coordinates": [
          138.9656896,
          36.4660464
        ]
      },
      "properties": {
        "内容": "バス停: 名称不明バス停",
        "name": "名称不明バス停",
        "operator": "事業者不明",
        "ref": "",
        "url": "",
        "url2": ""
      }
    },
    {
      "type": "Feature",
      "geometry": {
        "type": "Point",
        "coordinates": [
          139.0470826,
          36.3540272
        ]
      },
      "properties": {
        "内容": "バス停: 群馬医療福祉大学前 (日本中央バス株式会社)",
        "name": "群馬医療福祉大学前",
        "operator": "日本中央バス株式会社",
        "ref": "",
        "url": "",
        "url2": ""
      }
    },
    {
      "type": "Feature",
      "geometry": {
        "type": "Point",
        "coordinates": [
          139.0532706,
          36.3415601
        ]
      },
      "properties": {
        "内容": "バス停: 群南団地",
        "name": "群南団地",
        "operator": "事業者不明",
        "ref": "",
        "url": "",
        "url2": ""
      }
    },
    {
      "type": "Feature",
      "geometry": {
        "type": "Point",
        "coordinates": [
          139.0538143,
          36.3413137
        ]
      },
      "properties": {
        "内容": "バス停: 群南団地",
        "name": "群南団地",
        "operator": "事業者不明",
        "ref": "",
        "url": "",
        "url2": ""
      }
    },
    {
      "type": "Feature",
      "geometry": {
        "type": "Point",
        "coordinates": [
          139.1077502,
          36.3607343
        ]
      },
      "properties": {
        "内容": "バス停: 群銀広瀬支店前 (日本中央バス株式会社)",
        "name": "群銀広瀬支店前",
        "operator": "日本中央バス株式会社",
        "ref": "",
        "url": "",
        "url2": ""
      }
    },
    {
      "type": "Feature",
      "geometry": {
        "type": "Point",
        "coordinates": [
          139.063029,
          36.4067641
        ]
      },
      "properties": {
        "内容": "バス停: 群大病院",
        "name": "群大病院",
        "operator": "事業者不明",
        "ref": "",
        "url": "",
        "url2": ""
      }
    },
    {
      "type": "Feature",
      "geometry": {
        "type": "Point",
        "coordinates": [
          139.0299574,
          36.442221
        ]
      },
      "properties": {
        "内容": "バス停: くわばら整形外科前 (日本中央バス株式会社)",
        "name": "くわばら整形外科前",
        "operator": "日本中央バス株式会社",
        "ref": "",
        "url": "",
        "url2": ""
      }
    },
    {
      "type": "Feature",
      "geometry": {
        "type": "Point",
        "coordinates": [
          139.1077273,
          36.3609242
        ]
      },
      "properties": {
        "内容": "バス停: 群銀広瀬支店前 (日本中央バス株式会社)",
        "name": "群銀広瀬支店前",
        "operator": "日本中央バス株式会社",
        "ref": "",
        "url": "",
        "url2": ""
      }
    },
    {
      "type": "Feature",
      "geometry": {
        "type": "Point",
        "coordinates": [
          138.9832086,
          36.443121
        ]
      },
      "properties": {
        "内容": "バス停: 倉海戸 (日本中央バス株式会社)",
        "name": "倉海戸",
        "operator": "日本中央バス株式会社",
        "ref": "",
        "url": "",
        "url2": ""
      }
    },
    {
      "type": "Feature",
      "geometry": {
        "type": "Point",
        "coordinates": [
          139.0302215,
          36.4423181
        ]
      },
      "properties": {
        "内容": "バス停: くわばら整形外科前 (日本中央バス株式会社)",
        "name": "くわばら整形外科前",
        "operator": "日本中央バス株式会社",
        "ref": "",
        "url": "",
        "url2": ""
      }
    },
    {
      "type": "Feature",
      "geometry": {
        "type": "Point",
        "coordinates": [
          138.9832577,
          36.4433489
        ]
      },
      "properties": {
        "内容": "バス停: 倉海戸 (日本中央バス株式会社)",
        "name": "倉海戸",
        "operator": "日本中央バス株式会社",
        "ref": "",
        "url": "",
        "url2": ""
      }
    },
    {
      "type": "Feature",
      "geometry": {
        "type": "Point",
        "coordinates": [
          139.0044235,
          36.4197388
        ]
      },
      "properties": {
        "内容": "バス停: 清野 (日本中央バス株式会社)",
        "name": "清野",
        "operator": "日本中央バス株式会社",
        "ref": "",
        "url": "",
        "url2": ""
      }
    },
    {
      "type": "Feature",
      "geometry": {
        "type": "Point",
        "coordinates": [
          139.0131807,
          36.4162237
        ]
      },
      "properties": {
        "内容": "バス停: 清里小学校前 (日本中央バス株式会社)",
        "name": "清里小学校前",
        "operator": "日本中央バス株式会社",
        "ref": "",
        "url": "",
        "url2": ""
      }
    },
    {
      "type": "Feature",
      "geometry": {
        "type": "Point",
        "coordinates": [
          139.003138,
          36.4199133
        ]
      },
      "properties": {
        "内容": "バス停: 清野 (日本中央バス株式会社)",
        "name": "清野",
        "operator": "日本中央バス株式会社",
        "ref": "",
        "url": "",
        "url2": ""
      }
    },
    {
      "type": "Feature",
      "geometry": {
        "type": "Point",
        "coordinates": [
          139.0941807,
          36.3888082
        ]
      },
      "properties": {
        "内容": "バス停: 玉蔵院東 (日本中央バス株式会社)",
        "name": "玉蔵院東",
        "operator": "日本中央バス株式会社",
        "ref": "",
        "url": "",
        "url2": ""
      }
    },
    {
      "type": "Feature",
      "geometry": {
        "type": "Point",
        "coordinates": [
          139.0131656,
          36.4161532
        ]
      },
      "properties": {
        "内容": "バス停: 清里小学校前 (日本中央バス株式会社)",
        "name": "清里小学校前",
        "operator": "日本中央バス株式会社",
        "ref": "",
        "url": "",
        "url2": ""
      }
    },
    {
      "type": "Feature",
      "geometry": {
        "type": "Point",
        "coordinates": [
          139.0933913,
          36.3898086
        ]
      },
      "properties": {
        "内容": "バス停: 玉蔵院 (日本中央バス株式会社)",
        "name": "玉蔵院",
        "operator": "日本中央バス株式会社",
        "ref": "",
        "url": "",
        "url2": ""
      }
    },
    {
      "type": "Feature",
      "geometry": {
        "type": "Point",
        "coordinates": [
          139.0940746,
          36.388982
        ]
      },
      "properties": {
        "内容": "バス停: 玉蔵院東 (日本中央バス株式会社)",
        "name": "玉蔵院東",
        "operator": "日本中央バス株式会社",
        "ref": "",
        "url": "",
        "url2": ""
      }
    },
    {
      "type": "Feature",
      "geometry": {
        "type": "Point",
        "coordinates": [
          139.0643316,
          36.3412167
        ]
      },
      "properties": {
        "内容": "バス停: 京目町 (日本中央バス株式会社)",
        "name": "京目町",
        "operator": "日本中央バス株式会社",
        "ref": "",
        "url": "",
        "url2": ""
      }
    },
    {
      "type": "Feature",
      "geometry": {
        "type": "Point",
        "coordinates": [
          139.0933188,
          36.3898347
        ]
      },
      "properties": {
        "内容": "バス停: 玉蔵院 (日本中央バス株式会社)",
        "name": "玉蔵院",
        "operator": "日本中央バス株式会社",
        "ref": "",
        "url": "",
        "url2": ""
      }
    },
    {
      "type": "Feature",
      "geometry": {
        "type": "Point",
        "coordinates": [
          139.0832866,
          36.4622948
        ]
      },
      "properties": {
        "内容": "バス停: 行根 (日本中央バス株式会社)",
        "name": "行根",
        "operator": "日本中央バス株式会社",
        "ref": "",
        "url": "",
        "url2": ""
      }
    },
    {
      "type": "Feature",
      "geometry": {
        "type": "Point",
        "coordinates": [
          139.0642218,
          36.3413806
        ]
      },
      "properties": {
        "内容": "バス停: 京目町 (日本中央バス株式会社)",
        "name": "京目町",
        "operator": "日本中央バス株式会社",
        "ref": "",
        "url": "",
        "url2": ""
      }
    },
    {
      "type": "Feature",
      "geometry": {
        "type": "Point",
        "coordinates": [
          139.0831668,
          36.4623023
        ]
      },
      "properties": {
        "内容": "バス停: 行根 (日本中央バス株式会社)",
        "name": "行根",
        "operator": "日本中央バス株式会社",
        "ref": "",
        "url": "",
        "url2": ""
      }
    },
    {
      "type": "Feature",
      "geometry": {
        "type": "Point",
        "coordinates": [
          139.0853717,
          36.3842064
        ]
      },
      "properties": {
        "内容": "バス停: ココルンシティ入口",
        "name": "ココルンシティ入口",
        "operator": "事業者不明",
        "ref": "",
        "url": "",
        "url2": ""
      }
    },
    {
      "type": "Feature",
      "geometry": {
        "type": "Point",
        "coordinates": [
          139.0848844,
          36.3853303
        ]
      },
      "properties": {
        "内容": "バス停: 旧日赤入口",
        "name": "旧日赤入口",
        "operator": "事業者不明",
        "ref": "東16",
        "url": "",
        "url2": ""
      }
    },
    {
      "type": "Feature",
      "geometry": {
        "type": "Point",
        "coordinates": [
          139.0863618,
          36.3841627
        ]
      },
      "properties": {
        "内容": "バス停: ココルンシティ入口",
        "name": "ココルンシティ入口",
        "operator": "事業者不明",
        "ref": "",
        "url": "",
        "url2": ""
      }
    },
    {
      "type": "Feature",
      "geometry": {
        "type": "Point",
        "coordinates": [
          138.9819066,
          36.4405607
        ]
      },
      "properties": {
        "内容": "バス停: 旧榛東村役場前 (日本中央バス株式会社)",
        "name": "旧榛東村役場前",
        "operator": "日本中央バス株式会社",
        "ref": "",
        "url": "",
        "url2": ""
      }
    },
    {
      "type": "Feature",
      "geometry": {
        "type": "Point",
        "coordinates": [
          139.0847335,
          36.3849837
        ]
      },
      "properties": {
        "内容": "バス停: 旧日赤入口",
        "name": "旧日赤入口",
        "operator": "事業者不明",
        "ref": "東16",
        "url": "",
        "url2": ""
      }
    },
    {
      "type": "Feature",
      "geometry": {
        "type": "Point",
        "coordinates": [
          138.9556369,
          36.4412788
        ]
      },
      "properties": {
        "内容": "バス停: 旧十二柱神社前 (日本中央バス株式会社)",
        "name": "旧十二柱神社前",
        "operator": "日本中央バス株式会社",
        "ref": "",
        "url": "",
        "url2": ""
      }
    },
    {
      "type": "Feature",
      "geometry": {
        "type": "Point",
        "coordinates": [
          138.9816814,
          36.440307
        ]
      },
      "properties": {
        "内容": "バス停: 旧榛東村役場前 (日本中央バス株式会社)",
        "name": "旧榛東村役場前",
        "operator": "日本中央バス株式会社",
        "ref": "",
        "url": "",
        "url2": ""
      }
    },
    {
      "type": "Feature",
      "geometry": {
        "type": "Point",
        "coordinates": [
          138.9555011,
          36.4412708
        ]
      },
      "properties": {
        "内容": "バス停: 旧十二柱神社前 (日本中央バス株式会社)",
        "name": "旧十二柱神社前",
        "operator": "日本中央バス株式会社",
        "ref": "",
        "url": "",
        "url2": ""
      }
    },
    {
      "type": "Feature",
      "geometry": {
        "type": "Point",
        "coordinates": [
          139.0416549,
          36.4303403
        ]
      },
      "properties": {
        "内容": "バス停: 川原町北 (関越交通株式会社)",
        "name": "川原町北",
        "operator": "関越交通株式会社",
        "ref": "",
        "url": "",
        "url2": ""
      }
    },
    {
      "type": "Feature",
      "geometry": {
        "type": "Point",
        "coordinates": [
          139.1347437,
          36.3931025
        ]
      },
      "properties": {
        "内容": "バス停: 萱野団地 (日本中央バス株式会社)",
        "name": "萱野団地",
        "operator": "日本中央バス株式会社",
        "ref": "",
        "url": "",
        "url2": ""
      }
    },
    {
      "type": "Feature",
      "geometry": {
        "type": "Point",
        "coordinates": [
          139.0418377,
          36.4292215
        ]
      },
      "properties": {
        "内容": "バス停: 川原町北 (関越交通株式会社)",
        "name": "川原町北",
        "operator": "関越交通株式会社",
        "ref": "",
        "url": "",
        "url2": ""
      }
    },
    {
      "type": "Feature",
      "geometry": {
        "type": "Point",
        "coordinates": [
          139.1352403,
          36.3959116
        ]
      },
      "properties": {
        "内容": "バス停: 萱野県営住宅 (日本中央バス株式会社)",
        "name": "萱野県営住宅",
        "operator": "日本中央バス株式会社",
        "ref": "",
        "url": "",
        "url2": ""
      }
    },
    {
      "type": "Feature",
      "geometry": {
        "type": "Point",
        "coordinates": [
          139.1347915,
          36.393729
        ]
      },
      "properties": {
        "内容": "バス停: 萱野団地 (日本中央バス株式会社)",
        "name": "萱野団地",
        "operator": "日本中央バス株式会社",
        "ref": "",
        "url": "",
        "url2": ""
      }
    },
    {
      "type": "Feature",
      "geometry": {
        "type": "Point",
        "coordinates": [
          139.1351687,
          36.3959076
        ]
      },
      "properties": {
        "内容": "バス停: 萱野県営住宅 (日本中央バス株式会社)",
        "name": "萱野県営住宅",
        "operator": "日本中央バス株式会社",
        "ref": "",
        "url": "",
        "url2": ""
      }
    },
    {
      "type": "Feature",
      "geometry": {
        "type": "Point",
        "coordinates": [
          139.1240596,
          36.3942137
        ]
      },
      "properties": {
        "内容": "バス停: 亀泉 (日本中央バス株式会社)",
        "name": "亀泉",
        "operator": "日本中央バス株式会社",
        "ref": "",
        "url": "",
        "url2": ""
      }
    },
    {
      "type": "Feature",
      "geometry": {
        "type": "Point",
        "coordinates": [
          138.9895147,
          36.4547277
        ]
      },
      "properties": {
        "内容": "バス停: 上野田四つ角 (日本中央バス株式会社)",
        "name": "上野田四つ角",
        "operator": "日本中央バス株式会社",
        "ref": "",
        "url": "",
        "url2": ""
      }
    },
    {
      "type": "Feature",
      "geometry": {
        "type": "Point",
        "coordinates": [
          139.1241189,
          36.3942849
        ]
      },
      "properties": {
        "内容": "バス停: 亀泉 (日本中央バス株式会社)",
        "name": "亀泉",
        "operator": "日本中央バス株式会社",
        "ref": "",
        "url": "",
        "url2": ""
      }
    },
    {
      "type": "Feature",
      "geometry": {
        "type": "Point",
        "coordinates": [
          138.999057,
          36.451603
        ]
      },
      "properties": {
        "内容": "バス停: 上野田上町 (日本中央バス株式会社)",
        "name": "上野田上町",
        "operator": "日本中央バス株式会社",
        "ref": "",
        "url": "",
        "url2": ""
      }
    },
    {
      "type": "Feature",
      "geometry": {
        "type": "Point",
        "coordinates": [
          138.9991198,
          36.4516574
        ]
      },
      "properties": {
        "内容": "バス停: 上野田上町 (日本中央バス株式会社)",
        "name": "上野田上町",
        "operator": "日本中央バス株式会社",
        "ref": "",
        "url": "",
        "url2": ""
      }
    },
    {
      "type": "Feature",
      "geometry": {
        "type": "Point",
        "coordinates": [
          139.0246639,
          36.3218989
        ]
      },
      "properties": {
        "内容": "バス停: 上中居西",
        "name": "上中居西",
        "operator": "事業者不明",
        "ref": "",
        "url": "",
        "url2": ""
      }
    },
    {
      "type": "Feature",
      "geometry": {
        "type": "Point",
        "coordinates": [
          139.0246494,
          36.3216982
        ]
      },
      "properties": {
        "内容": "バス停: 上中居西",
        "name": "上中居西",
        "operator": "事業者不明",
        "ref": "",
        "url": "",
        "url2": ""
      }
    },
    {
      "type": "Feature",
      "geometry": {
        "type": "Point",
        "coordinates": [
          139.0298841,
          36.3215986
        ]
      },
      "properties": {
        "内容": "バス停: 上中居北",
        "name": "上中居北",
        "operator": "事業者不明",
        "ref": "",
        "url": "",
        "url2": ""
      }
    },
    {
      "type": "Feature",
      "geometry": {
        "type": "Point",
        "coordinates": [
          139.029999,
          36.3213717
        ]
      },
      "properties": {
        "内容": "バス停: 上中居北",
        "name": "上中居北",
        "operator": "事業者不明",
        "ref": "",
        "url": "",
        "url2": ""
      }
    },
    {
      "type": "Feature",
      "geometry": {
        "type": "Point",
        "coordinates": [
          139.0410979,
          36.4065776
        ]
      },
      "properties": {
        "内容": "バス停: ぐんまみらい信用組合前 (日本中央バス株式会社)",
        "name": "ぐんまみらい信用組合前",
        "operator": "日本中央バス株式会社",
        "ref": "",
        "url": "",
        "url2": ""
      }
    },
    {
      "type": "Feature",
      "geometry": {
        "type": "Point",
        "coordinates": [
          139.0421171,
          36.4063473
        ]
      },
      "properties": {
        "内容": "バス停: ぐんまみらい信用組合前 (日本中央バス株式会社)",
        "name": "ぐんまみらい信用組合前",
        "operator": "日本中央バス株式会社",
        "ref": "",
        "url": "",
        "url2": ""
      }
    },
    {
      "type": "Feature",
      "geometry": {
        "type": "Point",
        "coordinates": [
          139.1115007,
          36.3965909
        ]
      },
      "properties": {
        "内容": "バス停: 上泉 (日本中央バス株式会社)",
        "name": "上泉",
        "operator": "日本中央バス株式会社",
        "ref": "",
        "url": "",
        "url2": ""
      }
    },
    {
      "type": "Feature",
      "geometry": {
        "type": "Point",
        "coordinates": [
          139.1116254,
          36.3965258
        ]
      },
      "properties": {
        "内容": "バス停: 上泉 (日本中央バス株式会社)",
        "name": "上泉",
        "operator": "日本中央バス株式会社",
        "ref": "",
        "url": "",
        "url2": ""
      }
    },
    {
      "type": "Feature",
      "geometry": {
        "type": "Point",
        "coordinates": [
          139.1085513,
          36.3873873
        ]
      },
      "properties": {
        "内容": "バス停: 片貝神社入口 (日本中央バス株式会社)",
        "name": "片貝神社入口",
        "operator": "日本中央バス株式会社",
        "ref": "",
        "url": "",
        "url2": ""
      }
    },
    {
      "type": "Feature",
      "geometry": {
        "type": "Point",
        "coordinates": [
          139.1084068,
          36.3873105
        ]
      },
      "properties": {
        "内容": "バス停: 片貝神社入口 (日本中央バス株式会社)",
        "name": "片貝神社入口",
        "operator": "日本中央バス株式会社",
        "ref": "",
        "url": "",
        "url2": ""
      }
    },
    {
      "type": "Feature",
      "geometry": {
        "type": "Point",
        "coordinates": [
          139.0967477,
          36.3950475
        ]
      },
      "properties": {
        "内容": "バス停: 片貝 (日本中央バス株式会社)",
        "name": "片貝",
        "operator": "日本中央バス株式会社",
        "ref": "",
        "url": "",
        "url2": ""
      }
    },
    {
      "type": "Feature",
      "geometry": {
        "type": "Point",
        "coordinates": [
          139.0965468,
          36.3948499
        ]
      },
      "properties": {
        "内容": "バス停: 片貝 (日本中央バス株式会社)",
        "name": "片貝",
        "operator": "日本中央バス株式会社",
        "ref": "",
        "url": "",
        "url2": ""
      }
    },
    {
      "type": "Feature",
      "geometry": {
        "type": "Point",
        "coordinates": [
          138.9927686,
          36.4262616
        ]
      },
      "properties": {
        "内容": "バス停: 柿の木坂 (日本中央バス株式会社)",
        "name": "柿の木坂",
        "operator": "日本中央バス株式会社",
        "ref": "",
        "url": "",
        "url2": ""
      }
    },
    {
      "type": "Feature",
      "geometry": {
        "type": "Point",
        "coordinates": [
          138.9921909,
          36.4269158
        ]
      },
      "properties": {
        "内容": "バス停: 柿の木坂 (日本中央バス株式会社)",
        "name": "柿の木坂",
        "operator": "日本中央バス株式会社",
        "ref": "",
        "url": "",
        "url2": ""
      }
    },
    {
      "type": "Feature",
      "geometry": {
        "type": "Point",
        "coordinates": [
          139.1032562,
          36.396501
        ]
      },
      "properties": {
        "内容": "バス停: 桂萱農協前 (日本中央バス株式会社)",
        "name": "桂萱農協前",
        "operator": "日本中央バス株式会社",
        "ref": "",
        "url": "",
        "url2": ""
      }
    },
    {
      "type": "Feature",
      "geometry": {
        "type": "Point",
        "coordinates": [
          139.1021569,
          36.3961216
        ]
      },
      "properties": {
        "内容": "バス停: 桂萱農協前 (日本中央バス株式会社)",
        "name": "桂萱農協前",
        "operator": "日本中央バス株式会社",
        "ref": "",
        "url": "",
        "url2": ""
      }
    },
    {
      "type": "Feature",
      "geometry": {
        "type": "Point",
        "coordinates": [
          139.1065799,
          36.3966429
        ]
      },
      "properties": {
        "内容": "バス停: 桂萱小学校前 (日本中央バス株式会社)",
        "name": "桂萱小学校前",
        "operator": "日本中央バス株式会社",
        "ref": "",
        "url": "",
        "url2": ""
      }
    },
    {
      "type": "Feature",
      "geometry": {
        "type": "Point",
        "coordinates": [
          139.1064588,
          36.3965965
        ]
      },
      "properties": {
        "内容": "バス停: 桂萱小学校前 (日本中央バス株式会社)",
        "name": "桂萱小学校前",
        "operator": "日本中央バス株式会社",
        "ref": "",
        "url": "",
        "url2": ""
      }
    },
    {
      "type": "Feature",
      "geometry": {
        "type": "Point",
        "coordinates": [
          139.0726678,
          36.3872453
        ]
      },
      "properties": {
        "内容": "バス停: 表町",
        "name": "表町",
        "operator": "事業者不明",
        "ref": "東2",
        "url": "",
        "url2": ""
      }
    },
    {
      "type": "Feature",
      "geometry": {
        "type": "Point",
        "coordinates": [
          139.072422,
          36.3871855
        ]
      },
      "properties": {
        "内容": "バス停: 表町",
        "name": "表町",
        "operator": "事業者不明",
        "ref": "南26;東2",
        "url": "",
        "url2": ""
      }
    },
    {
      "type": "Feature",
      "geometry": {
        "type": "Point",
        "coordinates": [
          139.0806804,
          36.4703441
        ]
      },
      "properties": {
        "内容": "バス停: 小原目 (日本中央バス株式会社)",
        "name": "小原目",
        "operator": "日本中央バス株式会社",
        "ref": "",
        "url": "",
        "url2": ""
      }
    },
    {
      "type": "Feature",
      "geometry": {
        "type": "Point",
        "coordinates": [
          139.0808413,
          36.4703163
        ]
      },
      "properties": {
        "内容": "バス停: 小原目 (日本中央バス株式会社)",
        "name": "小原目",
        "operator": "日本中央バス株式会社",
        "ref": "",
        "url": "",
        "url2": ""
      }
    },
    {
      "type": "Feature",
      "geometry": {
        "type": "Point",
        "coordinates": [
          139.0459006,
          36.406634
        ]
      },
      "properties": {
        "内容": "バス停: 大渡橋西詰 (日本中央バス株式会社)",
        "name": "大渡橋西詰",
        "operator": "日本中央バス株式会社",
        "ref": "",
        "url": "",
        "url2": ""
      }
    },
    {
      "type": "Feature",
      "geometry": {
        "type": "Point",
        "coordinates": [
          139.0536655,
          36.405972
        ]
      },
      "properties": {
        "内容": "バス停: 大渡橋 (日本中央バス株式会社)",
        "name": "大渡橋",
        "operator": "日本中央バス株式会社",
        "ref": "",
        "url": "",
        "url2": ""
      }
    },
    {
      "type": "Feature",
      "geometry": {
        "type": "Point",
        "coordinates": [
          139.0450873,
          36.4064354
        ]
      },
      "properties": {
        "内容": "バス停: 大渡橋西詰 (日本中央バス株式会社)",
        "name": "大渡橋西詰",
        "operator": "日本中央バス株式会社",
        "ref": "",
        "url": "",
        "url2": ""
      }
    },
    {
      "type": "Feature",
      "geometry": {
        "type": "Point",
        "coordinates": [
          139.0468376,
          36.3934745
        ]
      },
      "properties": {
        "内容": "バス停: 大渡温水プール前 (日本中央バス株式会社)",
        "name": "大渡温水プール前",
        "operator": "日本中央バス株式会社",
        "ref": "",
        "url": "",
        "url2": ""
      }
    },
    {
      "type": "Feature",
      "geometry": {
        "type": "Point",
        "coordinates": [
          139.0537793,
          36.4060004
        ]
      },
      "properties": {
        "内容": "バス停: 大渡橋 (日本中央バス株式会社)",
        "name": "大渡橋",
        "operator": "日本中央バス株式会社",
        "ref": "",
        "url": "",
        "url2": ""
      }
    },
    {
      "type": "Feature",
      "geometry": {
        "type": "Point",
        "coordinates": [
          139.0471509,
          36.3933625
        ]
      },
      "properties": {
        "内容": "バス停: 大渡温水プール前 (日本中央バス株式会社)",
        "name": "大渡温水プール前",
        "operator": "日本中央バス株式会社",
        "ref": "",
        "url": "",
        "url2": ""
      }
    },
    {
      "type": "Feature",
      "geometry": {
        "type": "Point",
        "coordinates": [
          139.0344525,
          36.402956
        ]
      },
      "properties": {
        "内容": "バス停: 大屋敷入口 (日本中央バス株式会社)",
        "name": "大屋敷入口",
        "operator": "日本中央バス株式会社",
        "ref": "",
        "url": "",
        "url2": ""
      }
    },
    {
      "type": "Feature",
      "geometry": {
        "type": "Point",
        "coordinates": [
          139.0341191,
          36.4030533
        ]
      },
      "properties": {
        "内容": "バス停: 大屋敷入口 (日本中央バス株式会社)",
        "name": "大屋敷入口",
        "operator": "日本中央バス株式会社",
        "ref": "",
        "url": "",
        "url2": ""
      }
    },
    {
      "type": "Feature",
      "geometry": {
        "type": "Point",
        "coordinates": [
          138.9483452,
          36.4453086
        ]
      },
      "properties": {
        "内容": "バス停: 大平口 (日本中央バス株式会社)",
        "name": "大平口",
        "operator": "日本中央バス株式会社",
        "ref": "",
        "url": "",
        "url2": ""
      }
    },
    {
      "type": "Feature",
      "geometry": {
        "type": "Point",
        "coordinates": [
          138.9483836,
          36.445331
        ]
      },
      "properties": {
        "内容": "バス停: 大平口 (日本中央バス株式会社)",
        "name": "大平口",
        "operator": "日本中央バス株式会社",
        "ref": "",
        "url": "",
        "url2": ""
      }
    },
    {
      "type": "Feature",
      "geometry": {
        "type": "Point",
        "coordinates": [
          139.1341602,
          36.391177
        ]
      },
      "properties": {
        "内容": "バス停: 江木町 (日本中央バス株式会社)",
        "name": "江木町",
        "operator": "日本中央バス株式会社",
        "ref": "",
        "url": "",
        "url2": ""
      }
    },
    {
      "type": "Feature",
      "geometry": {
        "type": "Point",
        "coordinates": [
          139.0756567,
          36.3844128
        ]
      },
      "properties": {
        "内容": "バス停: 永寿寺前 (日本中央バス株式会社)",
        "name": "永寿寺前",
        "operator": "日本中央バス株式会社",
        "ref": "南24;東31;西35",
        "url": "",
        "url2": ""
      }
    },
    {
      "type": "Feature",
      "geometry": {
        "type": "Point",
        "coordinates": [
          139.1340719,
          36.3911971
        ]
      },
      "properties": {
        "内容": "バス停: 江木町 (日本中央バス株式会社)",
        "name": "江木町",
        "operator": "日本中央バス株式会社",
        "ref": "",
        "url": "",
        "url2": ""
      }
    },
    {
      "type": "Feature",
      "geometry": {
        "type": "Point",
        "coordinates": [
          139.0749416,
          36.3844762
        ]
      },
      "properties": {
        "内容": "バス停: 永寿寺前",
        "name": "永寿寺前",
        "operator": "事業者不明",
        "ref": "東31;西35",
        "url": "",
        "url2": ""
      }
    },
    {
      "type": "Feature",
      "geometry": {
        "type": "Point",
        "coordinates": [
          139.0215836,
          36.3218797
        ]
      },
      "properties": {
        "内容": "バス停: 岩押郵便局前",
        "name": "岩押郵便局前",
        "operator": "事業者不明",
        "ref": "",
        "url": "",
        "url2": ""
      }
    },
    {
      "type": "Feature",
      "geometry": {
        "type": "Point",
        "coordinates": [
          139.0214344,
          36.3220966
        ]
      },
      "properties": {
        "内容": "バス停: 岩押郵便局前",
        "name": "岩押郵便局前",
        "operator": "事業者不明",
        "ref": "",
        "url": "",
        "url2": ""
      }
    },
    {
      "type": "Feature",
      "geometry": {
        "type": "Point",
        "coordinates": [
          139.1194816,
          36.3872892
        ]
      },
      "properties": {
        "内容": "バス停: 石関町南 (日本中央バス株式会社)",
        "name": "石関町南",
        "operator": "日本中央バス株式会社",
        "ref": "",
        "url": "",
        "url2": ""
      }
    },
    {
      "type": "Feature",
      "geometry": {
        "type": "Point",
        "coordinates": [
          139.0827554,
          36.4655819
        ]
      },
      "properties": {
        "内容": "バス停: 石井 (日本中央バス株式会社)",
        "name": "石井",
        "operator": "日本中央バス株式会社",
        "ref": "",
        "url": "",
        "url2": ""
      }
    },
    {
      "type": "Feature",
      "geometry": {
        "type": "Point",
        "coordinates": [
          139.0828584,
          36.4654795
        ]
      },
      "properties": {
        "内容": "バス停: 石井 (日本中央バス株式会社)",
        "name": "石井",
        "operator": "日本中央バス株式会社",
        "ref": "",
        "url": "",
        "url2": ""
      }
    },
    {
      "type": "Feature",
      "geometry": {
        "type": "Point",
        "coordinates": [
          139.1058668,
          36.3622977
        ]
      },
      "properties": {
        "内容": "バス停: 飯玉 (日本中央バス株式会社)",
        "name": "飯玉",
        "operator": "日本中央バス株式会社",
        "ref": "",
        "url": "",
        "url2": ""
      }
    },
    {
      "type": "Feature",
      "geometry": {
        "type": "Point",
        "coordinates": [
          139.1057852,
          36.3622037
        ]
      },
      "properties": {
        "内容": "バス停: 飯玉 (日本中央バス株式会社)",
        "name": "飯玉",
        "operator": "日本中央バス株式会社",
        "ref": "",
        "url": "",
        "url2": ""
      }
    },
    {
      "type": "Feature",
      "geometry": {
        "type": "Point",
        "coordinates": [
          139.0838061,
          36.3804786
        ]
      },
      "properties": {
        "内容": "バス停: ふれあい公園北 (日本中央バス株式会社)",
        "name": "ふれあい公園北",
        "operator": "日本中央バス株式会社",
        "ref": "",
        "url": "",
        "url2": ""
      }
    },
    {
      "type": "Feature",
      "geometry": {
        "type": "Point",
        "coordinates": [
          139.0837881,
          36.3803654
        ]
      },
      "properties": {
        "内容": "バス停: ふれあい公園北 (日本中央バス株式会社)",
        "name": "ふれあい公園北",
        "operator": "日本中央バス株式会社",
        "ref": "",
        "url": "",
        "url2": ""
      }
    },
    {
      "type": "Feature",
      "geometry": {
        "type": "Point",
        "coordinates": [
          139.0492847,
          36.377248
        ]
      },
      "properties": {
        "内容": "バス停: アニバーサリーコートラシーネ",
        "name": "アニバーサリーコートラシーネ",
        "operator": "事業者不明",
        "ref": "",
        "url": "",
        "url2": ""
      }
    },
    {
      "type": "Feature",
      "geometry": {
        "type": "Point",
        "coordinates": [
          139.0491488,
          36.3771413
        ]
      },
      "properties": {
        "内容": "バス停: アニバーサリーコートラシーネ",
        "name": "アニバーサリーコートラシーネ",
        "operator": "事業者不明",
        "ref": "",
        "url": "",
        "url2": ""
      }
    },
    {
      "type": "Feature",
      "geometry": {
        "type": "Point",
        "coordinates": [
          139.0494146,
          36.3667314
        ]
      },
      "properties": {
        "内容": "バス停: 公民館入口 (日本中央バス株式会社)",
        "name": "公民館入口",
        "operator": "日本中央バス株式会社",
        "ref": "",
        "url": "",
        "url2": ""
      }
    },
    {
      "type": "Feature",
      "geometry": {
        "type": "Point",
        "coordinates": [
          139.0492171,
          36.3667964
        ]
      },
      "properties": {
        "内容": "バス停: 公民館入口 (日本中央バス株式会社)",
        "name": "公民館入口",
        "operator": "日本中央バス株式会社",
        "ref": "",
        "url": "",
        "url2": ""
      }
    },
    {
      "type": "Feature",
      "geometry": {
        "type": "Point",
        "coordinates": [
          139.0873154,
          36.3863271
        ]
      },
      "properties": {
        "内容": "バス停: 朝日町県営住宅前",
        "name": "朝日町県営住宅前",
        "operator": "事業者不明",
        "ref": "東14",
        "url": "",
        "url2": ""
      }
    },
    {
      "type": "Feature",
      "geometry": {
        "type": "Point",
        "coordinates": [
          139.0875044,
          36.3861848
        ]
      },
      "properties": {
        "内容": "バス停: 朝日町県営住宅前",
        "name": "朝日町県営住宅前",
        "operator": "事業者不明",
        "ref": "東14",
        "url": "",
        "url2": ""
      }
    },
    {
      "type": "Feature",
      "geometry": {
        "type": "Point",
        "coordinates": [
          139.0928476,
          36.3714756
        ]
      },
      "properties": {
        "内容": "バス停: 朝倉町２丁目 (日本中央バス株式会社)",
        "name": "朝倉町２丁目",
        "operator": "日本中央バス株式会社",
        "ref": "",
        "url": "",
        "url2": ""
      }
    },
    {
      "type": "Feature",
      "geometry": {
        "type": "Point",
        "coordinates": [
          139.0927099,
          36.3720757
        ]
      },
      "properties": {
        "内容": "バス停: 朝倉町２丁目 (日本中央バス株式会社)",
        "name": "朝倉町２丁目",
        "operator": "日本中央バス株式会社",
        "ref": "",
        "url": "",
        "url2": ""
      }
    },
    {
      "type": "Feature",
      "geometry": {
        "type": "Point",
        "coordinates": [
          139.1173455,
          36.3977927
        ]
      },
      "properties": {
        "内容": "バス停: 赤坂電停 (日本中央バス株式会社)",
        "name": "赤坂電停",
        "operator": "日本中央バス株式会社",
        "ref": "",
        "url": "",
        "url2": ""
      }
    },
    {
      "type": "Feature",
      "geometry": {
        "type": "Point",
        "coordinates": [
          139.1171848,
          36.3977127
        ]
      },
      "properties": {
        "内容": "バス停: 赤坂電停 (日本中央バス株式会社)",
        "name": "赤坂電停",
        "operator": "日本中央バス株式会社",
        "ref": "",
        "url": "",
        "url2": ""
      }
    },
    {
      "type": "Feature",
      "geometry": {
        "type": "Point",
        "coordinates": [
          139.1147586,
          36.3967524
        ]
      },
      "properties": {
        "内容": "バス停: 赤坂 (日本中央バス株式会社)",
        "name": "赤坂",
        "operator": "日本中央バス株式会社",
        "ref": "",
        "url": "",
        "url2": ""
      }
    },
    {
      "type": "Feature",
      "geometry": {
        "type": "Point",
        "coordinates": [
          139.1158843,
          36.3970434
        ]
      },
      "properties": {
        "内容": "バス停: 赤坂 (日本中央バス株式会社)",
        "name": "赤坂",
        "operator": "日本中央バス株式会社",
        "ref": "",
        "url": "",
        "url2": ""
      }
    },
    {
      "type": "Feature",
      "geometry": {
        "type": "Point",
        "coordinates": [
          139.0713117,
          36.4134526
        ]
      },
      "properties": {
        "内容": "バス停: 青柳大師入口 (日本中央バス株式会社)",
        "name": "青柳大師入口",
        "operator": "日本中央バス株式会社",
        "ref": "",
        "url": "",
        "url2": ""
      }
    },
    {
      "type": "Feature",
      "geometry": {
        "type": "Point",
        "coordinates": [
          139.0714163,
          36.4134278
        ]
      },
      "properties": {
        "内容": "バス停: 青柳大師入口 (日本中央バス株式会社)",
        "name": "青柳大師入口",
        "operator": "日本中央バス株式会社",
        "ref": "",
        "url": "",
        "url2": ""
      }
    },
    {
      "type": "Feature",
      "geometry": {
        "type": "Point",
        "coordinates": [
          139.0682637,
          36.4212917
        ]
      },
      "properties": {
        "内容": "バス停: 青柳 (日本中央バス株式会社)",
        "name": "青柳",
        "operator": "日本中央バス株式会社",
        "ref": "",
        "url": "",
        "url2": ""
      }
    },
    {
      "type": "Feature",
      "geometry": {
        "type": "Point",
        "coordinates": [
          139.0684226,
          36.4213642
        ]
      },
      "properties": {
        "内容": "バス停: 青柳 (日本中央バス株式会社)",
        "name": "青柳",
        "operator": "日本中央バス株式会社",
        "ref": "",
        "url": "",
        "url2": ""
      }
    },
    {
      "type": "Feature",
      "geometry": {
        "type": "Point",
        "coordinates": [
          139.0189204,
          36.4163464
        ]
      },
      "properties": {
        "内容": "バス停: 青梨子 (日本中央バス株式会社)",
        "name": "青梨子",
        "operator": "日本中央バス株式会社",
        "ref": "",
        "url": "",
        "url2": ""
      }
    },
    {
      "type": "Feature",
      "geometry": {
        "type": "Point",
        "coordinates": [
          139.0189258,
          36.416402
        ]
      },
      "properties": {
        "内容": "バス停: 青梨子 (日本中央バス株式会社)",
        "name": "青梨子",
        "operator": "日本中央バス株式会社",
        "ref": "",
        "url": "",
        "url2": ""
      }
    },
    {
      "type": "Feature",
      "geometry": {
        "type": "Point",
        "coordinates": [
          139.0468821,
          36.3472439
        ]
      },
      "properties": {
        "内容": "バス停: 日本中央タクシー前 (日本中央バス株式会社)",
        "name": "日本中央タクシー前",
        "operator": "日本中央バス株式会社",
        "ref": "",
        "url": "",
        "url2": ""
      }
    },
    {
      "type": "Feature",
      "geometry": {
        "type": "Point",
        "coordinates": [
          139.1943009,
          36.3260044
        ]
      },
      "properties": {
        "内容": "バス停: 伊勢崎駅南口 (日本中央バス;JRバス関東)",
        "name": "伊勢崎駅南口",
        "operator": "日本中央バス;JRバス関東",
        "ref": "",
        "url": "",
        "url2": ""
      }
    },
    {
      "type": "Feature",
      "geometry": {
        "type": "Point",
        "coordinates": [
          138.8016388,
          36.3131389
        ]
      },
      "properties": {
        "内容": "バス停: 松井田仲町 (のりば) (日本中央バス株式会社)",
        "name": "松井田仲町 (のりば)",
        "operator": "日本中央バス株式会社",
        "ref": "",
        "url": "",
        "url2": ""
      }
    },
    {
      "type": "Feature",
      "geometry": {
        "type": "Point",
        "coordinates": [
          138.8013072,
          36.3133807
        ]
      },
      "properties": {
        "内容": "バス停: 松井田仲町 (おりば) (日本中央バス株式会社)",
        "name": "松井田仲町 (おりば)",
        "operator": "日本中央バス株式会社",
        "ref": "",
        "url": "",
        "url2": ""
      }
    },
    {
      "type": "Feature",
      "geometry": {
        "type": "Point",
        "coordinates": [
          138.8469492,
          36.3078403
        ]
      },
      "properties": {
        "内容": "バス停: 磯部温泉入口 (のりば) (日本中央バス株式会社)",
        "name": "磯部温泉入口 (のりば)",
        "operator": "日本中央バス株式会社",
        "ref": "",
        "url": "",
        "url2": ""
      }
    },
    {
      "type": "Feature",
      "geometry": {
        "type": "Point",
        "coordinates": [
          138.8485782,
          36.3084302
        ]
      },
      "properties": {
        "内容": "バス停: 磯部温泉入口 (おりば) (日本中央バス株式会社)",
        "name": "磯部温泉入口 (おりば)",
        "operator": "日本中央バス株式会社",
        "ref": "",
        "url": "",
        "url2": ""
      }
    },
    {
      "type": "Feature",
      "geometry": {
        "type": "Point",
        "coordinates": [
          138.887959,
          36.3260425
        ]
      },
      "properties": {
        "内容": "バス停: 安中市役所 (日本中央バス株式会社)",
        "name": "安中市役所",
        "operator": "日本中央バス株式会社",
        "ref": "",
        "url": "",
        "url2": ""
      }
    },
    {
      "type": "Feature",
      "geometry": {
        "type": "Point",
        "coordinates": [
          139.0735227,
          36.2729046
        ]
      },
      "properties": {
        "内容": "バス停: 藤岡インター (４番のりば) (日本中央バス株式会社)",
        "name": "藤岡インター (４番のりば)",
        "operator": "日本中央バス株式会社",
        "ref": "",
        "url": "",
        "url2": ""
      }
    },
    {
      "type": "Feature",
      "geometry": {
        "type": "Point",
        "coordinates": [
          138.8840334,
          36.2576632
        ]
      },
      "properties": {
        "内容": "バス停: 日本中央タクシー富岡営業所 (日本中央バス株式会社)",
        "name": "日本中央タクシー富岡営業所",
        "operator": "日本中央バス株式会社",
        "ref": "",
        "url": "",
        "url2": ""
      }
    },
    {
      "type": "Feature",
      "geometry": {
        "type": "Point",
        "coordinates": [
          139.014224,
          36.322727
        ]
      },
      "properties": {
        "内容": "バス停: 高崎駅東口",
        "name": "高崎駅東口",
        "operator": "事業者不明",
        "ref": "",
        "url": "",
        "url2": ""
      }
    },
    {
      "type": "Feature",
      "geometry": {
        "type": "Point",
        "coordinates": [
          139.0736879,
          36.2726893
        ]
      },
      "properties": {
        "内容": "バス停: 藤岡インター (３番のりば) (日本中央バス株式会社)",
        "name": "藤岡インター (３番のりば)",
        "operator": "日本中央バス株式会社",
        "ref": "",
        "url": "",
        "url2": ""
      }
    },
    {
      "type": "Feature",
      "geometry": {
        "type": "Point",
        "coordinates": [
          139.01372,
          36.322772
        ]
      },
      "properties": {
        "内容": "バス停: 高崎駅東口",
        "name": "高崎駅東口",
        "operator": "事業者不明",
        "ref": "",
        "url": "",
        "url2": ""
      }
    },
    {
      "type": "Feature",
      "geometry": {
        "type": "Point",
        "coordinates": [
          139.013955,
          36.322776
        ]
      },
      "properties": {
        "内容": "バス停: 高崎駅東口",
        "name": "高崎駅東口",
        "operator": "事業者不明",
        "ref": "",
        "url": "",
        "url2": ""
      }
    },
    {
      "type": "Feature",
      "geometry": {
        "type": "Point",
        "coordinates": [
          139.0350237,
          36.3649173
        ]
      },
      "properties": {
        "内容": "バス停: Nパーキング日高 (日本中央バス株式会社)",
        "name": "Nパーキング日高",
        "operator": "日本中央バス株式会社",
        "ref": "",
        "url": "",
        "url2": ""
      }
    },
    {
      "type": "Feature",
      "geometry": {
        "type": "Point",
        "coordinates": [
          139.0526882,
          36.3803333
        ]
      },
      "properties": {
        "内容": "バス停: Nパーキング新前橋 (のりばＢ) (日本中央バス株式会社)",
        "name": "Nパーキング新前橋 (のりばＢ)",
        "operator": "日本中央バス株式会社",
        "ref": "",
        "url": "",
        "url2": ""
      }
    },
    {
      "type": "Feature",
      "geometry": {
        "type": "Point",
        "coordinates": [
          139.0478895,
          36.3788606
        ]
      },
      "properties": {
        "内容": "バス停: 新前橋駅",
        "name": "新前橋駅",
        "operator": "事業者不明",
        "ref": "",
        "url": "",
        "url2": ""
      }
    },
    {
      "type": "Feature",
      "geometry": {
        "type": "Point",
        "coordinates": [
          139.0720125,
          36.3826225
        ]
      },
      "properties": {
        "内容": "バス停: 前橋駅南口",
        "name": "前橋駅南口",
        "operator": "事業者不明",
        "ref": "",
        "url": "",
        "url2": ""
      }
    },
    {
      "type": "Feature",
      "geometry": {
        "type": "Point",
        "coordinates": [
          139.0526822,
          36.3801946
        ]
      },
      "properties": {
        "内容": "バス停: Nパーキング新前橋 (のりばＡ) (日本中央バス株式会社)",
        "name": "Nパーキング新前橋 (のりばＡ)",
        "operator": "日本中央バス株式会社",
        "ref": "",
        "url": "",
        "url2": ""
      }
    },
    {
      "type": "Feature",
      "geometry": {
        "type": "Point",
        "coordinates": [
          139.0987156,
          36.3448085
        ]
      },
      "properties": {
        "内容": "バス停: 前橋バスセンター (日本中央バス株式会社)",
        "name": "前橋バスセンター",
        "operator": "日本中央バス株式会社",
        "ref": "",
        "url": "",
        "url2": ""
      }
    },
    {
      "type": "Feature",
      "geometry": {
        "type": "Point",
        "coordinates": [
          139.0750803,
          36.4056935
        ]
      },
      "properties": {
        "内容": "バス停: 若宮町十字路",
        "name": "若宮町十字路",
        "operator": "事業者不明",
        "ref": "",
        "url": "",
        "url2": ""
      }
    },
    {
      "type": "Feature",
      "geometry": {
        "type": "Point",
        "coordinates": [
          139.074259,
          36.4035604
        ]
      },
      "properties": {
        "内容": "バス停: 若宮町三丁目",
        "name": "若宮町三丁目",
        "operator": "事業者不明",
        "ref": "",
        "url": "",
        "url2": ""
      }
    },
    {
      "type": "Feature",
      "geometry": {
        "type": "Point",
        "coordinates": [
          139.0749704,
          36.4057018
        ]
      },
      "properties": {
        "内容": "バス停: 若宮町十字路",
        "name": "若宮町十字路",
        "operator": "事業者不明",
        "ref": "",
        "url": "",
        "url2": ""
      }
    },
    {
      "type": "Feature",
      "geometry": {
        "type": "Point",
        "coordinates": [
          139.0722342,
          36.3986829
        ]
      },
      "properties": {
        "内容": "バス停: 若宮町一丁目 (日本中央バス株式会社)",
        "name": "若宮町一丁目",
        "operator": "日本中央バス株式会社",
        "ref": "",
        "url": "",
        "url2": ""
      }
    },
    {
      "type": "Feature",
      "geometry": {
        "type": "Point",
        "coordinates": [
          139.0740788,
          36.4033829
        ]
      },
      "properties": {
        "内容": "バス停: 若宮町三丁目",
        "name": "若宮町三丁目",
        "operator": "事業者不明",
        "ref": "",
        "url": "",
        "url2": ""
      }
    },
    {
      "type": "Feature",
      "geometry": {
        "type": "Point",
        "coordinates": [
          139.0720918,
          36.3988613
        ]
      },
      "properties": {
        "内容": "バス停: 若宮町一丁目 (日本中央バス株式会社)",
        "name": "若宮町一丁目",
        "operator": "日本中央バス株式会社",
        "ref": "",
        "url": "",
        "url2": ""
      }
    },
    {
      "type": "Feature",
      "geometry": {
        "type": "Point",
        "coordinates": [
          139.0541898,
          36.3804127
        ]
      },
      "properties": {
        "内容": "バス停: わかば病院前 (日本中央バス株式会社)",
        "name": "わかば病院前",
        "operator": "日本中央バス株式会社",
        "ref": "",
        "url": "",
        "url2": ""
      }
    },
    {
      "type": "Feature",
      "geometry": {
        "type": "Point",
        "coordinates": [
          139.096269,
          36.3675178
        ]
      },
      "properties": {
        "内容": "バス停: わかば小前 (日本中央バス株式会社)",
        "name": "わかば小前",
        "operator": "日本中央バス株式会社",
        "ref": "",
        "url": "",
        "url2": ""
      }
    },
    {
      "type": "Feature",
      "geometry": {
        "type": "Point",
        "coordinates": [
          139.0543622,
          36.3803117
        ]
      },
      "properties": {
        "内容": "バス停: わかば病院前 (日本中央バス株式会社)",
        "name": "わかば病院前",
        "operator": "日本中央バス株式会社",
        "ref": "",
        "url": "",
        "url2": ""
      }
    },
    {
      "type": "Feature",
      "geometry": {
        "type": "Point",
        "coordinates": [
          139.1400289,
          36.3959693
        ]
      },
      "properties": {
        "内容": "バス停: ローズタウン東 (日本中央バス株式会社)",
        "name": "ローズタウン東",
        "operator": "日本中央バス株式会社",
        "ref": "",
        "url": "",
        "url2": ""
      }
    },
    {
      "type": "Feature",
      "geometry": {
        "type": "Point",
        "coordinates": [
          139.0961262,
          36.3676819
        ]
      },
      "properties": {
        "内容": "バス停: わかば小前 (日本中央バス株式会社)",
        "name": "わかば小前",
        "operator": "日本中央バス株式会社",
        "ref": "",
        "url": "",
        "url2": ""
      }
    },
    {
      "type": "Feature",
      "geometry": {
        "type": "Point",
        "coordinates": [
          139.1310578,
          36.391619
        ]
      },
      "properties": {
        "内容": "バス停: ローズタウン西 (日本中央バス株式会社)",
        "name": "ローズタウン西",
        "operator": "日本中央バス株式会社",
        "ref": "",
        "url": "",
        "url2": ""
      }
    },
    {
      "type": "Feature",
      "geometry": {
        "type": "Point",
        "coordinates": [
          139.1402735,
          36.3947787
        ]
      },
      "properties": {
        "内容": "バス停: ローズタウン東 (日本中央バス株式会社)",
        "name": "ローズタウン東",
        "operator": "日本中央バス株式会社",
        "ref": "",
        "url": "",
        "url2": ""
      }
    },
    {
      "type": "Feature",
      "geometry": {
        "type": "Point",
        "coordinates": [
          139.1375157,
          36.396651
        ]
      },
      "properties": {
        "内容": "バス停: ローズタウン中央公園入口 (日本中央バス株式会社)",
        "name": "ローズタウン中央公園入口",
        "operator": "日本中央バス株式会社",
        "ref": "",
        "url": "",
        "url2": ""
      }
    },
    {
      "type": "Feature",
      "geometry": {
        "type": "Point",
        "coordinates": [
          139.1314309,
          36.3914604
        ]
      },
      "properties": {
        "内容": "バス停: ローズタウン西 (日本中央バス株式会社)",
        "name": "ローズタウン西",
        "operator": "日本中央バス株式会社",
        "ref": "",
        "url": "",
        "url2": ""
      }
    },
    {
      "type": "Feature",
      "geometry": {
        "type": "Point",
        "coordinates": [
          139.0422568,
          36.3933293
        ]
      },
      "properties": {
        "内容": "バス停: 老年病研究所前 (日本中央バス株式会社)",
        "name": "老年病研究所前",
        "operator": "日本中央バス株式会社",
        "ref": "",
        "url": "",
        "url2": ""
      }
    },
    {
      "type": "Feature",
      "geometry": {
        "type": "Point",
        "coordinates": [
          139.137729,
          36.3968254
        ]
      },
      "properties": {
        "内容": "バス停: ローズタウン中央公園入口 (日本中央バス株式会社)",
        "name": "ローズタウン中央公園入口",
        "operator": "日本中央バス株式会社",
        "ref": "",
        "url": "",
        "url2": ""
      }
    },
    {
      "type": "Feature",
      "geometry": {
        "type": "Point",
        "coordinates": [
          138.97519,
          36.4405906
        ]
      },
      "properties": {
        "内容": "バス停: 柳沢寺 (日本中央バス株式会社)",
        "name": "柳沢寺",
        "operator": "日本中央バス株式会社",
        "ref": "",
        "url": "",
        "url2": ""
      }
    },
    {
      "type": "Feature",
      "geometry": {
        "type": "Point",
        "coordinates": [
          139.0421465,
          36.3931542
        ]
      },
      "properties": {
        "内容": "バス停: 老年病研究所前 (日本中央バス株式会社)",
        "name": "老年病研究所前",
        "operator": "日本中央バス株式会社",
        "ref": "",
        "url": "",
        "url2": ""
      }
    },
    {
      "type": "Feature",
      "geometry": {
        "type": "Point",
        "coordinates": [
          139.0683983,
          36.4180151
        ]
      },
      "properties": {
        "内容": "バス停: 龍蔵寺町 (日本中央バス株式会社)",
        "name": "龍蔵寺町",
        "operator": "日本中央バス株式会社",
        "ref": "",
        "url": "",
        "url2": ""
      }
    },
    {
      "type": "Feature",
      "geometry": {
        "type": "Point",
        "coordinates": [
          138.9752689,
          36.4405111
        ]
      },
      "properties": {
        "内容": "バス停: 柳沢寺 (日本中央バス株式会社)",
        "name": "柳沢寺",
        "operator": "日本中央バス株式会社",
        "ref": "",
        "url": "",
        "url2": ""
      }
    },
    {
      "type": "Feature",
      "geometry": {
        "type": "Point",
        "coordinates": [
          139.0684111,
          36.417696
        ]
      },
      "properties": {
        "内容": "バス停: 龍蔵寺町 (日本中央バス株式会社)",
        "name": "龍蔵寺町",
        "operator": "日本中央バス株式会社",
        "ref": "",
        "url": "",
        "url2": ""
      }
    },
    {
      "type": "Feature",
      "geometry": {
        "type": "Point",
        "coordinates": [
          139.008749,
          36.4456926
        ]
      },
      "properties": {
        "内容": "バス停: 吉岡町役場入口 (日本中央バス株式会社)",
        "name": "吉岡町役場入口",
        "operator": "日本中央バス株式会社",
        "ref": "",
        "url": "",
        "url2": ""
      }
    },
    {
      "type": "Feature",
      "geometry": {
        "type": "Point",
        "coordinates": [
          139.0347531,
          36.4410994
        ]
      },
      "properties": {
        "内容": "バス停: よしおか温泉 (日本中央バス株式会社)",
        "name": "よしおか温泉",
        "operator": "日本中央バス株式会社",
        "ref": "",
        "url": "",
        "url2": ""
      }
    },
    {
      "type": "Feature",
      "geometry": {
        "type": "Point",
        "coordinates": [
          139.0087618,
          36.4456216
        ]
      },
      "properties": {
        "内容": "バス停: 吉岡町役場入口 (日本中央バス株式会社)",
        "name": "吉岡町役場入口",
        "operator": "日本中央バス株式会社",
        "ref": "",
        "url": "",
        "url2": ""
      }
    },
    {
      "type": "Feature",
      "geometry": {
        "type": "Point",
        "coordinates": [
          138.9501875,
          36.4438345
        ]
      },
      "properties": {
        "内容": "バス停: 横道 (日本中央バス株式会社)",
        "name": "横道",
        "operator": "日本中央バス株式会社",
        "ref": "",
        "url": "",
        "url2": ""
      }
    },
    {
      "type": "Feature",
      "geometry": {
        "type": "Point",
        "coordinates": [
          138.9502273,
          36.443882
        ]
      },
      "properties": {
        "内容": "バス停: 横道 (日本中央バス株式会社)",
        "name": "横道",
        "operator": "日本中央バス株式会社",
        "ref": "",
        "url": "",
        "url2": ""
      }
    },
    {
      "type": "Feature",
      "geometry": {
        "type": "Point",
        "coordinates": [
          139.0660771,
          36.3942939
        ]
      },
      "properties": {
        "内容": "バス停: 遊園地坂下 (日本中央バス株式会社)",
        "name": "遊園地坂下",
        "operator": "日本中央バス株式会社",
        "ref": "",
        "url": "",
        "url2": ""
      }
    },
    {
      "type": "Feature",
      "geometry": {
        "type": "Point",
        "coordinates": [
          139.0667226,
          36.3943097
        ]
      },
      "properties": {
        "内容": "バス停: 遊園地坂下 (日本中央バス株式会社)",
        "name": "遊園地坂下",
        "operator": "日本中央バス株式会社",
        "ref": "",
        "url": "",
        "url2": ""
      }
    },
    {
      "type": "Feature",
      "geometry": {
        "type": "Point",
        "coordinates": [
          138.979936,
          36.4399993
        ]
      },
      "properties": {
        "内容": "バス停: 山子田 (日本中央バス株式会社)",
        "name": "山子田",
        "operator": "日本中央バス株式会社",
        "ref": "",
        "url": "",
        "url2": ""
      }
    },
    {
      "type": "Feature",
      "geometry": {
        "type": "Point",
        "coordinates": [
          138.9798589,
          36.4399695
        ]
      },
      "properties": {
        "内容": "バス停: 山子田 (日本中央バス株式会社)",
        "name": "山子田",
        "operator": "日本中央バス株式会社",
        "ref": "",
        "url": "",
        "url2": ""
      }
    },
    {
      "type": "Feature",
      "geometry": {
        "type": "Point",
        "coordinates": [
          139.1395925,
          36.391557
        ]
      },
      "properties": {
        "内容": "バス停: 柳原 (日本中央バス株式会社)",
        "name": "柳原",
        "operator": "日本中央バス株式会社",
        "ref": "",
        "url": "",
        "url2": ""
      }
    },
    {
      "type": "Feature",
      "geometry": {
        "type": "Point",
        "coordinates": [
          138.9573877,
          36.4404279
        ]
      },
      "properties": {
        "内容": "バス停: 桃泉三叉路 (日本中央バス株式会社)",
        "name": "桃泉三叉路",
        "operator": "日本中央バス株式会社",
        "ref": "",
        "url": "",
        "url2": ""
      }
    },
    {
      "type": "Feature",
      "geometry": {
        "type": "Point",
        "coordinates": [
          139.1396943,
          36.3915659
        ]
      },
      "properties": {
        "内容": "バス停: 柳原 (日本中央バス株式会社)",
        "name": "柳原",
        "operator": "日本中央バス株式会社",
        "ref": "",
        "url": "",
        "url2": ""
      }
    },
    {
      "type": "Feature",
      "geometry": {
        "type": "Point",
        "coordinates": [
          138.9485288,
          36.4476321
        ]
      },
      "properties": {
        "内容": "バス停: 桃泉 (日本中央バス株式会社)",
        "name": "桃泉",
        "operator": "日本中央バス株式会社",
        "ref": "",
        "url": "",
        "url2": ""
      }
    },
    {
      "type": "Feature",
      "geometry": {
        "type": "Point",
        "coordinates": [
          138.9572393,
          36.440432
        ]
      },
      "properties": {
        "内容": "バス停: 桃泉三叉路 (日本中央バス株式会社)",
        "name": "桃泉三叉路",
        "operator": "日本中央バス株式会社",
        "ref": "",
        "url": "",
        "url2": ""
      }
    },
    {
      "type": "Feature",
      "geometry": {
        "type": "Point",
        "coordinates": [
          139.038225,
          36.39582
        ]
      },
      "properties": {
        "内容": "バス停: 元中入口 (日本中央バス株式会社)",
        "name": "元中入口",
        "operator": "日本中央バス株式会社",
        "ref": "",
        "url": "",
        "url2": ""
      }
    },
    {
      "type": "Feature",
      "geometry": {
        "type": "Point",
        "coordinates": [
          139.038281,
          36.3958311
        ]
      },
      "properties": {
        "内容": "バス停: 元中入口 (日本中央バス株式会社)",
        "name": "元中入口",
        "operator": "日本中央バス株式会社",
        "ref": "",
        "url": "",
        "url2": ""
      }
    },
    {
      "type": "Feature",
      "geometry": {
        "type": "Point",
        "coordinates": [
          139.0392495,
          36.3931762
        ]
      },
      "properties": {
        "内容": "バス停: 元総社二丁目 (日本中央バス株式会社)",
        "name": "元総社二丁目",
        "operator": "日本中央バス株式会社",
        "ref": "",
        "url": "",
        "url2": ""
      }
    },
    {
      "type": "Feature",
      "geometry": {
        "type": "Point",
        "coordinates": [
          139.0390564,
          36.3933437
        ]
      },
      "properties": {
        "内容": "バス停: 元総社二丁目 (日本中央バス株式会社)",
        "name": "元総社二丁目",
        "operator": "日本中央バス株式会社",
        "ref": "",
        "url": "",
        "url2": ""
      }
    },
    {
      "type": "Feature",
      "geometry": {
        "type": "Point",
        "coordinates": [
          139.0670547,
          36.4466428
        ]
      },
      "properties": {
        "内容": "バス停: 弥勒寺 (日本中央バス株式会社)",
        "name": "弥勒寺",
        "operator": "日本中央バス株式会社",
        "ref": "",
        "url": "",
        "url2": ""
      }
    },
    {
      "type": "Feature",
      "geometry": {
        "type": "Point",
        "coordinates": [
          139.0670998,
          36.4468133
        ]
      },
      "properties": {
        "内容": "バス停: 弥勒寺 (日本中央バス株式会社)",
        "name": "弥勒寺",
        "operator": "日本中央バス株式会社",
        "ref": "",
        "url": "",
        "url2": ""
      }
    },
    {
      "type": "Feature",
      "geometry": {
        "type": "Point",
        "coordinates": [
          138.9663919,
          36.4404142
        ]
      },
      "properties": {
        "内容": "バス停: 南野 (日本中央バス株式会社)",
        "name": "南野",
        "operator": "日本中央バス株式会社",
        "ref": "",
        "url": "",
        "url2": ""
      }
    },
    {
      "type": "Feature",
      "geometry": {
        "type": "Point",
        "coordinates": [
          138.9663126,
          36.4404456
        ]
      },
      "properties": {
        "内容": "バス停: 南野 (日本中央バス株式会社)",
        "name": "南野",
        "operator": "日本中央バス株式会社",
        "ref": "",
        "url": "",
        "url2": ""
      }
    },
    {
      "type": "Feature",
      "geometry": {
        "type": "Point",
        "coordinates": [
          138.9762932,
          36.4320658
        ]
      },
      "properties": {
        "内容": "バス停: 南新井 (日本中央バス株式会社)",
        "name": "南新井",
        "operator": "日本中央バス株式会社",
        "ref": "",
        "url": "",
        "url2": ""
      }
    },
    {
      "type": "Feature",
      "geometry": {
        "type": "Point",
        "coordinates": [
          138.9745521,
          36.4321043
        ]
      },
      "properties": {
        "内容": "バス停: 南新井 (日本中央バス株式会社)",
        "name": "南新井",
        "operator": "日本中央バス株式会社",
        "ref": "",
        "url": "",
        "url2": ""
      }
    },
    {
      "type": "Feature",
      "geometry": {
        "type": "Point",
        "coordinates": [
          138.976264,
          36.4330413
        ]
      },
      "properties": {
        "内容": "バス停: 南新井 (日本中央バス株式会社)",
        "name": "南新井",
        "operator": "日本中央バス株式会社",
        "ref": "",
        "url": "",
        "url2": ""
      }
    },
    {
      "type": "Feature",
      "geometry": {
        "type": "Point",
        "coordinates": [
          138.9847879,
          36.4461805
        ]
      },
      "properties": {
        "内容": "バス停: 三つ家 (日本中央バス株式会社)",
        "name": "三つ家",
        "operator": "日本中央バス株式会社",
        "ref": "",
        "url": "",
        "url2": ""
      }
    },
    {
      "type": "Feature",
      "geometry": {
        "type": "Point",
        "coordinates": [
          139.0785196,
          36.3853464
        ]
      },
      "properties": {
        "内容": "バス停: 三河町 (日本中央バス株式会社)",
        "name": "三河町",
        "operator": "日本中央バス株式会社",
        "ref": "",
        "url": "",
        "url2": ""
      }
    },
    {
      "type": "Feature",
      "geometry": {
        "type": "Point",
        "coordinates": [
          138.9845198,
          36.4458088
        ]
      },
      "properties": {
        "内容": "バス停: 三つ家 (日本中央バス株式会社)",
        "name": "三つ家",
        "operator": "日本中央バス株式会社",
        "ref": "",
        "url": "",
        "url2": ""
      }
    },
    {
      "type": "Feature",
      "geometry": {
        "type": "Point",
        "coordinates": [
          139.0788088,
          36.3854201
        ]
      },
      "properties": {
        "内容": "バス停: 三河町 (日本中央バス株式会社)",
        "name": "三河町",
        "operator": "日本中央バス株式会社",
        "ref": "",
        "url": "",
        "url2": ""
      }
    },
    {
      "type": "Feature",
      "geometry": {
        "type": "Point",
        "coordinates": [
          139.0064454,
          36.4188317
        ]
      },
      "properties": {
        "内容": "バス停: 前橋西高等学校 (日本中央バス株式会社)",
        "name": "前橋西高等学校",
        "operator": "日本中央バス株式会社",
        "ref": "",
        "url": "",
        "url2": ""
      }
    },
    {
      "type": "Feature",
      "geometry": {
        "type": "Point",
        "coordinates": [
          139.0067925,
          36.4187182
        ]
      },
      "properties": {
        "内容": "バス停: 前橋西高等学校 (日本中央バス株式会社)",
        "name": "前橋西高等学校",
        "operator": "日本中央バス株式会社",
        "ref": "",
        "url": "",
        "url2": ""
      }
    },
    {
      "type": "Feature",
      "geometry": {
        "type": "Point",
        "coordinates": [
          139.0620042,
          36.3932976
        ]
      },
      "properties": {
        "内容": "バス停: 前橋公園前",
        "name": "前橋公園前",
        "operator": "事業者不明",
        "ref": "北9",
        "url": "",
        "url2": ""
      }
    },
    {
      "type": "Feature",
      "geometry": {
        "type": "Point",
        "coordinates": [
          139.0625072,
          36.3934468
        ]
      },
      "properties": {
        "内容": "バス停: 前橋公園前",
        "name": "前橋公園前",
        "operator": "事業者不明",
        "ref": "",
        "url": "",
        "url2": ""
      }
    },
    {
      "type": "Feature",
      "geometry": {
        "type": "Point",
        "coordinates": [
          139.0592219,
          36.3970066
        ]
      },
      "properties": {
        "内容": "バス停: 前橋公園",
        "name": "前橋公園",
        "operator": "事業者不明",
        "ref": "",
        "url": "",
        "url2": ""
      }
    },
    {
      "type": "Feature",
      "geometry": {
        "type": "Point",
        "coordinates": [
          139.0589891,
          36.3965977
        ]
      },
      "properties": {
        "内容": "バス停: 前橋公園",
        "name": "前橋公園",
        "operator": "事業者不明",
        "ref": "",
        "url": "",
        "url2": ""
      }
    },
    {
      "type": "Feature",
      "geometry": {
        "type": "Point",
        "coordinates": [
          139.0743726,
          36.3833565
        ]
      },
      "properties": {
        "内容": "バス停: 前橋駅南口入口 (日本中央バス株式会社)",
        "name": "前橋駅南口入口",
        "operator": "日本中央バス株式会社",
        "ref": "",
        "url": "",
        "url2": ""
      }
    },
    {
      "type": "Feature",
      "geometry": {
        "type": "Point",
        "coordinates": [
          139.0592608,
          36.3958128
        ]
      },
      "properties": {
        "内容": "バス停: 前橋公園",
        "name": "前橋公園",
        "operator": "事業者不明",
        "ref": "",
        "url": "",
        "url2": ""
      }
    },
    {
      "type": "Feature",
      "geometry": {
        "type": "Point",
        "coordinates": [
          139.0728699,
          36.3837173
        ]
      },
      "properties": {
        "内容": "バス停: 前橋駅 （おりば）",
        "name": "前橋駅 （おりば）",
        "operator": "事業者不明",
        "ref": "",
        "url": "",
        "url2": ""
      }
    },
    {
      "type": "Feature",
      "geometry": {
        "type": "Point",
        "coordinates": [
          139.074552,
          36.383418
        ]
      },
      "properties": {
        "内容": "バス停: 前橋駅南口入口 (日本中央バス株式会社)",
        "name": "前橋駅南口入口",
        "operator": "日本中央バス株式会社",
        "ref": "",
        "url": "",
        "url2": ""
      }
    },
    {
      "type": "Feature",
      "geometry": {
        "type": "Point",
        "coordinates": [
          139.0721791,
          36.3839449
        ]
      },
      "properties": {
        "内容": "バス停: 前橋駅",
        "name": "前橋駅",
        "operator": "事業者不明",
        "ref": "",
        "url": "",
        "url2": ""
      }
    },
    {
      "type": "Feature",
      "geometry": {
        "type": "Point",
        "coordinates": [
          139.0723068,
          36.384094
        ]
      },
      "properties": {
        "内容": "バス停: 前橋駅",
        "name": "前橋駅",
        "operator": "事業者不明",
        "ref": "",
        "url": "",
        "url2": ""
      }
    },
    {
      "type": "Feature",
      "geometry": {
        "type": "Point",
        "coordinates": [
          139.0722034,
          36.3836083
        ]
      },
      "properties": {
        "内容": "バス停: 前橋駅",
        "name": "前橋駅",
        "operator": "事業者不明",
        "ref": "南25;東1;西36",
        "url": "",
        "url2": ""
      }
    },
    {
      "type": "Feature",
      "geometry": {
        "type": "Point",
        "coordinates": [
          139.0721904,
          36.3837755
        ]
      },
      "properties": {
        "内容": "バス停: 前橋駅",
        "name": "前橋駅",
        "operator": "事業者不明",
        "ref": "",
        "url": "",
        "url2": ""
      }
    },
    {
      "type": "Feature",
      "geometry": {
        "type": "Point",
        "coordinates": [
          139.0729127,
          36.3835959
        ]
      },
      "properties": {
        "内容": "バス停: 前橋駅",
        "name": "前橋駅",
        "operator": "事業者不明",
        "ref": "",
        "url": "",
        "url2": ""
      }
    },
    {
      "type": "Feature",
      "geometry": {
        "type": "Point",
        "coordinates": [
          139.0491016,
          36.3639618
        ]
      },
      "properties": {
        "内容": "バス停: 前箱田団地 (日本中央バス株式会社)",
        "name": "前箱田団地",
        "operator": "日本中央バス株式会社",
        "ref": "",
        "url": "",
        "url2": ""
      }
    },
    {
      "type": "Feature",
      "geometry": {
        "type": "Point",
        "coordinates": [
          139.0694315,
          36.3902072
        ]
      },
      "properties": {
        "内容": "バス停: 本町",
        "name": "本町",
        "operator": "事業者不明",
        "ref": "",
        "url": "",
        "url2": ""
      }
    },
    {
      "type": "Feature",
      "geometry": {
        "type": "Point",
        "coordinates": [
          139.0492732,
          36.3640165
        ]
      },
      "properties": {
        "内容": "バス停: 前箱田団地 (日本中央バス株式会社)",
        "name": "前箱田団地",
        "operator": "日本中央バス株式会社",
        "ref": "",
        "url": "",
        "url2": ""
      }
    },
    {
      "type": "Feature",
      "geometry": {
        "type": "Point",
        "coordinates": [
          139.0687287,
          36.4357095
        ]
      },
      "properties": {
        "内容": "バス停: 堀の内 (日本中央バス株式会社)",
        "name": "堀の内",
        "operator": "日本中央バス株式会社",
        "ref": "",
        "url": "",
        "url2": ""
      }
    },
    {
      "type": "Feature",
      "geometry": {
        "type": "Point",
        "coordinates": [
          139.0701568,
          36.3900656
        ]
      },
      "properties": {
        "内容": "バス停: 本町",
        "name": "本町",
        "operator": "事業者不明",
        "ref": "東4",
        "url": "",
        "url2": ""
      }
    },
    {
      "type": "Feature",
      "geometry": {
        "type": "Point",
        "coordinates": [
          139.0902057,
          36.3862344
        ]
      },
      "properties": {
        "内容": "バス停: 保健センター入口 (日本中央バス株式会社)",
        "name": "保健センター入口",
        "operator": "日本中央バス株式会社",
        "ref": "",
        "url": "",
        "url2": ""
      }
    },
    {
      "type": "Feature",
      "geometry": {
        "type": "Point",
        "coordinates": [
          139.0686036,
          36.4355235
        ]
      },
      "properties": {
        "内容": "バス停: 堀の内 (日本中央バス株式会社)",
        "name": "堀の内",
        "operator": "日本中央バス株式会社",
        "ref": "",
        "url": "",
        "url2": ""
      }
    },
    {
      "type": "Feature",
      "geometry": {
        "type": "Point",
        "coordinates": [
          139.0591684,
          36.4025779
        ]
      },
      "properties": {
        "内容": "バス停: 保育園入口 (日本中央バス株式会社)",
        "name": "保育園入口",
        "operator": "日本中央バス株式会社",
        "ref": "",
        "url": "",
        "url2": ""
      }
    },
    {
      "type": "Feature",
      "geometry": {
        "type": "Point",
        "coordinates": [
          139.0897801,
          36.3860618
        ]
      },
      "properties": {
        "内容": "バス停: 保健センター入口 (日本中央バス株式会社)",
        "name": "保健センター入口",
        "operator": "日本中央バス株式会社",
        "ref": "",
        "url": "",
        "url2": ""
      }
    },
    {
      "type": "Feature",
      "geometry": {
        "type": "Point",
        "coordinates": [
          139.056755,
          36.3805986
        ]
      },
      "properties": {
        "内容": "バス停: 平成大橋西詰 (日本中央バス株式会社)",
        "name": "平成大橋西詰",
        "operator": "日本中央バス株式会社",
        "ref": "",
        "url": "",
        "url2": ""
      }
    },
    {
      "type": "Feature",
      "geometry": {
        "type": "Point",
        "coordinates": [
          139.0583616,
          36.4029033
        ]
      },
      "properties": {
        "内容": "バス停: 保育園入口 (日本中央バス株式会社)",
        "name": "保育園入口",
        "operator": "日本中央バス株式会社",
        "ref": "",
        "url": "",
        "url2": ""
      }
    },
    {
      "type": "Feature",
      "geometry": {
        "type": "Point",
        "coordinates": [
          139.0566967,
          36.3804483
        ]
      },
      "properties": {
        "内容": "バス停: 平成大橋西詰 (日本中央バス株式会社)",
        "name": "平成大橋西詰",
        "operator": "日本中央バス株式会社",
        "ref": "",
        "url": "",
        "url2": ""
      }
    },
    {
      "type": "Feature",
      "geometry": {
        "type": "Point",
        "coordinates": [
          139.0502568,
          36.375083
        ]
      },
      "properties": {
        "内容": "バス停: 古市町南 (日本中央バス株式会社)",
        "name": "古市町南",
        "operator": "日本中央バス株式会社",
        "ref": "",
        "url": "",
        "url2": ""
      }
    },
    {
      "type": "Feature",
      "geometry": {
        "type": "Point",
        "coordinates": [
          139.0503523,
          36.3747358
        ]
      },
      "properties": {
        "内容": "バス停: 古市町南 (日本中央バス株式会社)",
        "name": "古市町南",
        "operator": "日本中央バス株式会社",
        "ref": "",
        "url": "",
        "url2": ""
      }
    },
    {
      "type": "Feature",
      "geometry": {
        "type": "Point",
        "coordinates": [
          139.0730433,
          36.4009706
        ]
      },
      "properties": {
        "内容": "バス停: 附属小学校前",
        "name": "附属小学校前",
        "operator": "事業者不明",
        "ref": "",
        "url": "",
        "url2": ""
      }
    },
    {
      "type": "Feature",
      "geometry": {
        "type": "Point",
        "coordinates": [
          139.0748517,
          36.4556459
        ]
      },
      "properties": {
        "内容": "バス停: 富士見支所 (日本中央バス株式会社)",
        "name": "富士見支所",
        "operator": "日本中央バス株式会社",
        "ref": "",
        "url": "",
        "url2": ""
      }
    },
    {
      "type": "Feature",
      "geometry": {
        "type": "Point",
        "coordinates": [
          139.0730419,
          36.4012354
        ]
      },
      "properties": {
        "内容": "バス停: 附属小学校前",
        "name": "附属小学校前",
        "operator": "事業者不明",
        "ref": "",
        "url": "",
        "url2": ""
      }
    },
    {
      "type": "Feature",
      "geometry": {
        "type": "Point",
        "coordinates": [
          139.0783874,
          36.4591733
        ]
      },
      "properties": {
        "内容": "バス停: 富士見公民館 (日本中央バス株式会社)",
        "name": "富士見公民館",
        "operator": "日本中央バス株式会社",
        "ref": "",
        "url": "",
        "url2": ""
      }
    },
    {
      "type": "Feature",
      "geometry": {
        "type": "Point",
        "coordinates": [
          139.0747923,
          36.4556829
        ]
      },
      "properties": {
        "内容": "バス停: 富士見支所 (日本中央バス株式会社)",
        "name": "富士見支所",
        "operator": "日本中央バス株式会社",
        "ref": "",
        "url": "",
        "url2": ""
      }
    },
    {
      "type": "Feature",
      "geometry": {
        "type": "Point",
        "coordinates": [
          139.0941916,
          36.4687992
        ]
      },
      "properties": {
        "内容": "バス停: 富士見温泉 (日本中央バス株式会社)",
        "name": "富士見温泉",
        "operator": "日本中央バス株式会社",
        "ref": "",
        "url": "",
        "url2": ""
      }
    },
    {
      "type": "Feature",
      "geometry": {
        "type": "Point",
        "coordinates": [
          139.0784521,
          36.4594185
        ]
      },
      "properties": {
        "内容": "バス停: 富士見公民館 (日本中央バス株式会社)",
        "name": "富士見公民館",
        "operator": "日本中央バス株式会社",
        "ref": "",
        "url": "",
        "url2": ""
      }
    },
    {
      "type": "Feature",
      "geometry": {
        "type": "Point",
        "coordinates": [
          139.0678888,
          36.4395273
        ]
      },
      "properties": {
        "内容": "バス停: 富士塚十字路 (日本中央バス株式会社)",
        "name": "富士塚十字路",
        "operator": "日本中央バス株式会社",
        "ref": "",
        "url": "",
        "url2": ""
      }
    },
    {
      "type": "Feature",
      "geometry": {
        "type": "Point",
        "coordinates": [
          139.0679604,
          36.4400242
        ]
      },
      "properties": {
        "内容": "バス停: 富士塚十字路 (日本中央バス株式会社)",
        "name": "富士塚十字路",
        "operator": "日本中央バス株式会社",
        "ref": "",
        "url": "",
        "url2": ""
      }
    },
    {
      "type": "Feature",
      "geometry": {
        "type": "Point",
        "coordinates": [
          139.067196,
          36.450134
        ]
      },
      "properties": {
        "内容": "バス停: 吹上坂 (日本中央バス株式会社)",
        "name": "吹上坂",
        "operator": "日本中央バス株式会社",
        "ref": "",
        "url": "",
        "url2": ""
      }
    },
    {
      "type": "Feature",
      "geometry": {
        "type": "Point",
        "coordinates": [
          139.0672332,
          36.450005
        ]
      },
      "properties": {
        "内容": "バス停: 吹上坂 (日本中央バス株式会社)",
        "name": "吹上坂",
        "operator": "日本中央バス株式会社",
        "ref": "",
        "url": "",
        "url2": ""
      }
    },
    {
      "type": "Feature",
      "geometry": {
        "type": "Point",
        "coordinates": [
          139.0606258,
          36.4018178
        ]
      },
      "properties": {
        "内容": "バス停: 広瀬橋",
        "name": "広瀬橋",
        "operator": "事業者不明",
        "ref": "北14",
        "url": "",
        "url2": ""
      }
    },
    {
      "type": "Feature",
      "geometry": {
        "type": "Point",
        "coordinates": [
          139.0604667,
          36.4019534
        ]
      },
      "properties": {
        "内容": "バス停: 広瀬橋",
        "name": "広瀬橋",
        "operator": "事業者不明",
        "ref": "",
        "url": "",
        "url2": ""
      }
    },
    {
      "type": "Feature",
      "geometry": {
        "type": "Point",
        "coordinates": [
          139.113258,
          36.3568015
        ]
      },
      "properties": {
        "内容": "バス停: 広瀬小学校前 (日本中央バス株式会社)",
        "name": "広瀬小学校前",
        "operator": "日本中央バス株式会社",
        "ref": "",
        "url": "",
        "url2": ""
      }
    },
    {
      "type": "Feature",
      "geometry": {
        "type": "Point",
        "coordinates": [
          139.1131622,
          36.3567199
        ]
      },
      "properties": {
        "内容": "バス停: 広瀬小学校前 (日本中央バス株式会社)",
        "name": "広瀬小学校前",
        "operator": "日本中央バス株式会社",
        "ref": "",
        "url": "",
        "url2": ""
      }
    },
    {
      "type": "Feature",
      "geometry": {
        "type": "Point",
        "coordinates": [
          139.119373,
          36.3522584
        ]
      },
      "properties": {
        "内容": "バス停: 広瀬山王町一丁目 (日本中央バス株式会社)",
        "name": "広瀬山王町一丁目",
        "operator": "日本中央バス株式会社",
        "ref": "",
        "url": "",
        "url2": ""
      }
    },
    {
      "type": "Feature",
      "geometry": {
        "type": "Point",
        "coordinates": [
          139.1191938,
          36.3522258
        ]
      },
      "properties": {
        "内容": "バス停: 広瀬山王町一丁目 (日本中央バス株式会社)",
        "name": "広瀬山王町一丁目",
        "operator": "日本中央バス株式会社",
        "ref": "",
        "url": "",
        "url2": ""
      }
    },
    {
      "type": "Feature",
      "geometry": {
        "type": "Point",
        "coordinates": [
          139.1218942,
          36.3521372
        ]
      },
      "properties": {
        "内容": "バス停: 広瀬 (日本中央バス株式会社)",
        "name": "広瀬",
        "operator": "日本中央バス株式会社",
        "ref": "",
        "url": "",
        "url2": ""
      }
    },
    {
      "type": "Feature",
      "geometry": {
        "type": "Point",
        "coordinates": [
          139.1219055,
          36.3520764
        ]
      },
      "properties": {
        "内容": "バス停: 広瀬 (日本中央バス株式会社)",
        "name": "広瀬",
        "operator": "日本中央バス株式会社",
        "ref": "",
        "url": "",
        "url2": ""
      }
    },
    {
      "type": "Feature",
      "geometry": {
        "type": "Point",
        "coordinates": [
          139.1025676,
          36.3874596
        ]
      },
      "properties": {
        "内容": "バス停: 東片貝 (日本中央バス株式会社)",
        "name": "東片貝",
        "operator": "日本中央バス株式会社",
        "ref": "",
        "url": "",
        "url2": ""
      }
    },
    {
      "type": "Feature",
      "geometry": {
        "type": "Point",
        "coordinates": [
          138.9978514,
          36.4229948
        ]
      },
      "properties": {
        "内容": "バス停: 判塚 (日本中央バス株式会社)",
        "name": "判塚",
        "operator": "日本中央バス株式会社",
        "ref": "",
        "url": "",
        "url2": ""
      }
    },
    {
      "type": "Feature",
      "geometry": {
        "type": "Point",
        "coordinates": [
          139.1025817,
          36.3875303
        ]
      },
      "properties": {
        "内容": "バス停: 東片貝 (日本中央バス株式会社)",
        "name": "東片貝",
        "operator": "日本中央バス株式会社",
        "ref": "",
        "url": "",
        "url2": ""
      }
    },
    {
      "type": "Feature",
      "geometry": {
        "type": "Point",
        "coordinates": [
          139.0683258,
          36.4310498
        ]
      },
      "properties": {
        "内容": "バス停: 原之郷入口 (日本中央バス株式会社)",
        "name": "原之郷入口",
        "operator": "日本中央バス株式会社",
        "ref": "",
        "url": "",
        "url2": ""
      }
    },
    {
      "type": "Feature",
      "geometry": {
        "type": "Point",
        "coordinates": [
          138.9979621,
          36.4227466
        ]
      },
      "properties": {
        "内容": "バス停: 判塚 (日本中央バス株式会社)",
        "name": "判塚",
        "operator": "日本中央バス株式会社",
        "ref": "",
        "url": "",
        "url2": ""
      }
    },
    {
      "type": "Feature",
      "geometry": {
        "type": "Point",
        "coordinates": [
          139.0670441,
          36.4423788
        ]
      },
      "properties": {
        "内容": "バス停: 原神社 (日本中央バス株式会社)",
        "name": "原神社",
        "operator": "日本中央バス株式会社",
        "ref": "",
        "url": "",
        "url2": ""
      }
    },
    {
      "type": "Feature",
      "geometry": {
        "type": "Point",
        "coordinates": [
          139.0683231,
          36.4313269
        ]
      },
      "properties": {
        "内容": "バス停: 原之郷入口 (日本中央バス株式会社)",
        "name": "原之郷入口",
        "operator": "日本中央バス株式会社",
        "ref": "",
        "url": "",
        "url2": ""
      }
    },
    {
      "type": "Feature",
      "geometry": {
        "type": "Point",
        "coordinates": [
          139.0997738,
          36.3666738
        ]
      },
      "properties": {
        "内容": "バス停: 八幡山 (日本中央バス株式会社)",
        "name": "八幡山",
        "operator": "日本中央バス株式会社",
        "ref": "",
        "url": "",
        "url2": ""
      }
    },
    {
      "type": "Feature",
      "geometry": {
        "type": "Point",
        "coordinates": [
          139.0670097,
          36.442265
        ]
      },
      "properties": {
        "内容": "バス停: 原神社 (日本中央バス株式会社)",
        "name": "原神社",
        "operator": "日本中央バス株式会社",
        "ref": "",
        "url": "",
        "url2": ""
      }
    },
    {
      "type": "Feature",
      "geometry": {
        "type": "Point",
        "coordinates": [
          138.9771445,
          36.435317
        ]
      },
      "properties": {
        "内容": "バス停: 八幡橋 (日本中央バス株式会社)",
        "name": "八幡橋",
        "operator": "日本中央バス株式会社",
        "ref": "",
        "url": "",
        "url2": ""
      }
    },
    {
      "type": "Feature",
      "geometry": {
        "type": "Point",
        "coordinates": [
          139.0998104,
          36.3668006
        ]
      },
      "properties": {
        "内容": "バス停: 八幡山 (日本中央バス株式会社)",
        "name": "八幡山",
        "operator": "日本中央バス株式会社",
        "ref": "",
        "url": "",
        "url2": ""
      }
    },
    {
      "type": "Feature",
      "geometry": {
        "type": "Point",
        "coordinates": [
          139.0089772,
          36.4170715
        ]
      },
      "properties": {
        "内容": "バス停: 八幡神社前 (日本中央バス株式会社)",
        "name": "八幡神社前",
        "operator": "日本中央バス株式会社",
        "ref": "",
        "url": "",
        "url2": ""
      }
    },
    {
      "type": "Feature",
      "geometry": {
        "type": "Point",
        "coordinates": [
          138.9770835,
          36.4353442
        ]
      },
      "properties": {
        "内容": "バス停: 八幡橋 (日本中央バス株式会社)",
        "name": "八幡橋",
        "operator": "日本中央バス株式会社",
        "ref": "",
        "url": "",
        "url2": ""
      }
    },
    {
      "type": "Feature",
      "geometry": {
        "type": "Point",
        "coordinates": [
          139.049366,
          36.3706944
        ]
      },
      "properties": {
        "内容": "バス停: 箱田町南 (日本中央バス株式会社)",
        "name": "箱田町南",
        "operator": "日本中央バス株式会社",
        "ref": "",
        "url": "",
        "url2": ""
      }
    },
    {
      "type": "Feature",
      "geometry": {
        "type": "Point",
        "coordinates": [
          139.0091772,
          36.416964
        ]
      },
      "properties": {
        "内容": "バス停: 八幡神社前 (日本中央バス株式会社)",
        "name": "八幡神社前",
        "operator": "日本中央バス株式会社",
        "ref": "",
        "url": "",
        "url2": ""
      }
    },
    {
      "type": "Feature",
      "geometry": {
        "type": "Point",
        "coordinates": [
          139.049428,
          36.3718616
        ]
      },
      "properties": {
        "内容": "バス停: 箱田町北 (日本中央バス株式会社)",
        "name": "箱田町北",
        "operator": "日本中央バス株式会社",
        "ref": "",
        "url": "",
        "url2": ""
      }
    },
    {
      "type": "Feature",
      "geometry": {
        "type": "Point",
        "coordinates": [
          139.0494849,
          36.370121
        ]
      },
      "properties": {
        "内容": "バス停: 箱田町南 (日本中央バス株式会社)",
        "name": "箱田町南",
        "operator": "日本中央バス株式会社",
        "ref": "",
        "url": "",
        "url2": ""
      }
    },
    {
      "type": "Feature",
      "geometry": {
        "type": "Point",
        "coordinates": [
          139.0489631,
          36.3617014
        ]
      },
      "properties": {
        "内容": "バス停: 箱田中前 (日本中央バス株式会社)",
        "name": "箱田中前",
        "operator": "日本中央バス株式会社",
        "ref": "",
        "url": "",
        "url2": ""
      }
    },
    {
      "type": "Feature",
      "geometry": {
        "type": "Point",
        "coordinates": [
          139.0496157,
          36.3717903
        ]
      },
      "properties": {
        "内容": "バス停: 箱田町北 (日本中央バス株式会社)",
        "name": "箱田町北",
        "operator": "日本中央バス株式会社",
        "ref": "",
        "url": "",
        "url2": ""
      }
    },
    {
      "type": "Feature",
      "geometry": {
        "type": "Point",
        "coordinates": [
          139.0492819,
          36.3685674
        ]
      },
      "properties": {
        "内容": "バス停: 箱田新橋入口 (日本中央バス株式会社)",
        "name": "箱田新橋入口",
        "operator": "日本中央バス株式会社",
        "ref": "",
        "url": "",
        "url2": ""
      }
    },
    {
      "type": "Feature",
      "geometry": {
        "type": "Point",
        "coordinates": [
          139.0491584,
          36.3616801
        ]
      },
      "properties": {
        "内容": "バス停: 箱田中前 (日本中央バス株式会社)",
        "name": "箱田中前",
        "operator": "日本中央バス株式会社",
        "ref": "",
        "url": "",
        "url2": ""
      }
    },
    {
      "type": "Feature",
      "geometry": {
        "type": "Point",
        "coordinates": [
          139.0494285,
          36.3685341
        ]
      },
      "properties": {
        "内容": "バス停: 箱田新橋入口 (日本中央バス株式会社)",
        "name": "箱田新橋入口",
        "operator": "日本中央バス株式会社",
        "ref": "",
        "url": "",
        "url2": ""
      }
    },
    {
      "type": "Feature",
      "geometry": {
        "type": "Point",
        "coordinates": [
          139.0468853,
          36.3472429
        ]
      },
      "properties": {
        "内容": "バス停: 日本中央タクシー前 (日本中央バス株式会社)",
        "name": "日本中央タクシー前",
        "operator": "日本中央バス株式会社",
        "ref": "",
        "url": "",
        "url2": ""
      }
    },
    {
      "type": "Feature",
      "geometry": {
        "type": "Point",
        "coordinates": [
          139.0022144,
          36.450696
        ]
      },
      "properties": {
        "内容": "バス停: 新田 (日本中央バス株式会社)",
        "name": "新田",
        "operator": "日本中央バス株式会社",
        "ref": "",
        "url": "",
        "url2": ""
      }
    },
    {
      "type": "Feature",
      "geometry": {
        "type": "Point",
        "coordinates": [
          139.0023092,
          36.4506725
        ]
      },
      "properties": {
        "内容": "バス停: 新田 (日本中央バス株式会社)",
        "name": "新田",
        "operator": "日本中央バス株式会社",
        "ref": "",
        "url": "",
        "url2": ""
      }
    },
    {
      "type": "Feature",
      "geometry": {
        "type": "Point",
        "coordinates": [
          139.0663136,
          36.3910255
        ]
      },
      "properties": {
        "内容": "バス停: 日銀前",
        "name": "日銀前",
        "operator": "事業者不明",
        "ref": "",
        "url": "",
        "url2": ""
      }
    },
    {
      "type": "Feature",
      "geometry": {
        "type": "Point",
        "coordinates": [
          139.0968559,
          36.358728
        ]
      },
      "properties": {
        "内容": "バス停: 日赤病院",
        "name": "日赤病院",
        "operator": "事業者不明",
        "ref": "",
        "url": "",
        "url2": ""
      }
    },
    {
      "type": "Feature",
      "geometry": {
        "type": "Point",
        "coordinates": [
          139.094583,
          36.3930044
        ]
      },
      "properties": {
        "内容": "バス停: 西片貝二丁目 (日本中央バス株式会社)",
        "name": "西片貝二丁目",
        "operator": "日本中央バス株式会社",
        "ref": "",
        "url": "",
        "url2": ""
      }
    },
    {
      "type": "Feature",
      "geometry": {
        "type": "Point",
        "coordinates": [
          139.0944967,
          36.3926392
        ]
      },
      "properties": {
        "内容": "バス停: 西片貝二丁目 (日本中央バス株式会社)",
        "name": "西片貝二丁目",
        "operator": "日本中央バス株式会社",
        "ref": "",
        "url": "",
        "url2": ""
      }
    },
    {
      "type": "Feature",
      "geometry": {
        "type": "Point",
        "coordinates": [
          139.0978202,
          36.3878411
        ]
      },
      "properties": {
        "内容": "バス停: 西片貝三丁目 (日本中央バス株式会社)",
        "name": "西片貝三丁目",
        "operator": "日本中央バス株式会社",
        "ref": "",
        "url": "",
        "url2": ""
      }
    },
    {
      "type": "Feature",
      "geometry": {
        "type": "Point",
        "coordinates": [
          139.0979156,
          36.387796
        ]
      },
      "properties": {
        "内容": "バス停: 西片貝三丁目 (日本中央バス株式会社)",
        "name": "西片貝三丁目",
        "operator": "日本中央バス株式会社",
        "ref": "",
        "url": "",
        "url2": ""
      }
    },
    {
      "type": "Feature",
      "geometry": {
        "type": "Point",
        "coordinates": [
          139.0908774,
          36.3894547
        ]
      },
      "properties": {
        "内容": "バス停: 西片貝五丁目",
        "name": "西片貝五丁目",
        "operator": "事業者不明",
        "ref": "東12",
        "url": "",
        "url2": ""
      }
    },
    {
      "type": "Feature",
      "geometry": {
        "type": "Point",
        "coordinates": [
          139.0906159,
          36.3894793
        ]
      },
      "properties": {
        "内容": "バス停: 西片貝五丁目",
        "name": "西片貝五丁目",
        "operator": "事業者不明",
        "ref": "東12",
        "url": "",
        "url2": ""
      }
    },
    {
      "type": "Feature",
      "geometry": {
        "type": "Point",
        "coordinates": [
          139.0723946,
          36.4087896
        ]
      },
      "properties": {
        "内容": "バス停: 中屋敷 (日本中央バス株式会社)",
        "name": "中屋敷",
        "operator": "日本中央バス株式会社",
        "ref": "",
        "url": "",
        "url2": ""
      }
    },
    {
      "type": "Feature",
      "geometry": {
        "type": "Point",
        "coordinates": [
          139.0724844,
          36.4091517
        ]
      },
      "properties": {
        "内容": "バス停: 中屋敷 (日本中央バス株式会社)",
        "name": "中屋敷",
        "operator": "日本中央バス株式会社",
        "ref": "",
        "url": "",
        "url2": ""
      }
    },
    {
      "type": "Feature",
      "geometry": {
        "type": "Point",
        "coordinates": [
          139.0186226,
          36.4388708
        ]
      },
      "properties": {
        "内容": "バス停: 中島 (日本中央バス株式会社)",
        "name": "中島",
        "operator": "日本中央バス株式会社",
        "ref": "",
        "url": "",
        "url2": ""
      }
    },
    {
      "type": "Feature",
      "geometry": {
        "type": "Point",
        "coordinates": [
          139.0187829,
          36.4390265
        ]
      },
      "properties": {
        "内容": "バス停: 中島 (日本中央バス株式会社)",
        "name": "中島",
        "operator": "日本中央バス株式会社",
        "ref": "",
        "url": "",
        "url2": ""
      }
    },
    {
      "type": "Feature",
      "geometry": {
        "type": "Point",
        "coordinates": [
          138.9863388,
          36.4502506
        ]
      },
      "properties": {
        "内容": "バス停: 長岡 (日本中央バス株式会社)",
        "name": "長岡",
        "operator": "日本中央バス株式会社",
        "ref": "",
        "url": "",
        "url2": ""
      }
    },
    {
      "type": "Feature",
      "geometry": {
        "type": "Point",
        "coordinates": [
          138.9864585,
          36.4503882
        ]
      },
      "properties": {
        "内容": "バス停: 長岡 (日本中央バス株式会社)",
        "name": "長岡",
        "operator": "日本中央バス株式会社",
        "ref": "",
        "url": "",
        "url2": ""
      }
    },
    {
      "type": "Feature",
      "geometry": {
        "type": "Point",
        "coordinates": [
          139.0382254,
          36.3982287
        ]
      },
      "properties": {
        "内容": "バス停: 問屋町二丁目 (日本中央バス株式会社)",
        "name": "問屋町二丁目",
        "operator": "日本中央バス株式会社",
        "ref": "",
        "url": "",
        "url2": ""
      }
    },
    {
      "type": "Feature",
      "geometry": {
        "type": "Point",
        "coordinates": [
          139.0382766,
          36.3982324
        ]
      },
      "properties": {
        "内容": "バス停: 問屋町二丁目 (日本中央バス株式会社)",
        "name": "問屋町二丁目",
        "operator": "日本中央バス株式会社",
        "ref": "",
        "url": "",
        "url2": ""
      }
    },
    {
      "type": "Feature",
      "geometry": {
        "type": "Point",
        "coordinates": [
          139.1477913,
          36.3904446
        ]
      },
      "properties": {
        "内容": "バス停: 富田 (日本中央バス株式会社)",
        "name": "富田",
        "operator": "日本中央バス株式会社",
        "ref": "",
        "url": "",
        "url2": ""
      }
    },
    {
      "type": "Feature",
      "geometry": {
        "type": "Point",
        "coordinates": [
          139.147926,
          36.3903166
        ]
      },
      "properties": {
        "内容": "バス停: 富田 (日本中央バス株式会社)",
        "name": "富田",
        "operator": "日本中央バス株式会社",
        "ref": "",
        "url": "",
        "url2": ""
      }
    },
    {
      "type": "Feature",
      "geometry": {
        "type": "Point",
        "coordinates": [
          139.0610873,
          36.3845164
        ]
      },
      "properties": {
        "内容": "バス停: 利根橋 (日本中央バス株式会社)",
        "name": "利根橋",
        "operator": "日本中央バス株式会社",
        "ref": "",
        "url": "",
        "url2": ""
      }
    },
    {
      "type": "Feature",
      "geometry": {
        "type": "Point",
        "coordinates": [
          139.0609782,
          36.3844197
        ]
      },
      "properties": {
        "内容": "バス停: 利根橋 (日本中央バス株式会社)",
        "name": "利根橋",
        "operator": "日本中央バス株式会社",
        "ref": "",
        "url": "",
        "url2": ""
      }
    },
    {
      "type": "Feature",
      "geometry": {
        "type": "Point",
        "coordinates": [
          139.1021835,
          36.3650367
        ]
      },
      "properties": {
        "内容": "バス停: 天神山 (日本中央バス株式会社)",
        "name": "天神山",
        "operator": "日本中央バス株式会社",
        "ref": "",
        "url": "",
        "url2": ""
      }
    },
    {
      "type": "Feature",
      "geometry": {
        "type": "Point",
        "coordinates": [
          139.1019741,
          36.3650231
        ]
      },
      "properties": {
        "内容": "バス停: 天神山 (日本中央バス株式会社)",
        "name": "天神山",
        "operator": "日本中央バス株式会社",
        "ref": "",
        "url": "",
        "url2": ""
      }
    },
    {
      "type": "Feature",
      "geometry": {
        "type": "Point",
        "coordinates": [
          139.1100395,
          36.3592146
        ]
      },
      "properties": {
        "内容": "バス停: 鶴巻 (日本中央バス株式会社)",
        "name": "鶴巻",
        "operator": "日本中央バス株式会社",
        "ref": "",
        "url": "",
        "url2": ""
      }
    },
    {
      "type": "Feature",
      "geometry": {
        "type": "Point",
        "coordinates": [
          139.1099947,
          36.3590644
        ]
      },
      "properties": {
        "内容": "バス停: 鶴巻 (日本中央バス株式会社)",
        "name": "鶴巻",
        "operator": "日本中央バス株式会社",
        "ref": "",
        "url": "",
        "url2": ""
      }
    },
    {
      "type": "Feature",
      "geometry": {
        "type": "Point",
        "coordinates": [
          139.1608001,
          36.3841621
        ]
      },
      "properties": {
        "内容": "バス停: 鶴が谷団地 (日本中央バス株式会社)",
        "name": "鶴が谷団地",
        "operator": "日本中央バス株式会社",
        "ref": "",
        "url": "",
        "url2": ""
      }
    },
    {
      "type": "Feature",
      "geometry": {
        "type": "Point",
        "coordinates": [
          139.1607102,
          36.3840753
        ]
      },
      "properties": {
        "内容": "バス停: 鶴が谷団地 (日本中央バス株式会社)",
        "name": "鶴が谷団地",
        "operator": "日本中央バス株式会社",
        "ref": "",
        "url": "",
        "url2": ""
      }
    },
    {
      "type": "Feature",
      "geometry": {
        "type": "Point",
        "coordinates": [
          139.1608632,
          36.3826201
        ]
      },
      "properties": {
        "内容": "バス停: 鶴が谷公民館 (日本中央バス株式会社)",
        "name": "鶴が谷公民館",
        "operator": "日本中央バス株式会社",
        "ref": "",
        "url": "",
        "url2": ""
      }
    },
    {
      "type": "Feature",
      "geometry": {
        "type": "Point",
        "coordinates": [
          139.1607697,
          36.3827108
        ]
      },
      "properties": {
        "内容": "バス停: 鶴が谷公民館 (日本中央バス株式会社)",
        "name": "鶴が谷公民館",
        "operator": "日本中央バス株式会社",
        "ref": "",
        "url": "",
        "url2": ""
      }
    },
    {
      "type": "Feature",
      "geometry": {
        "type": "Point",
        "coordinates": [
          139.1277153,
          36.3927484
        ]
      },
      "properties": {
        "内容": "バス停: 堤 (日本中央バス株式会社)",
        "name": "堤",
        "operator": "日本中央バス株式会社",
        "ref": "",
        "url": "",
        "url2": ""
      }
    },
    {
      "type": "Feature",
      "geometry": {
        "type": "Point",
        "coordinates": [
          139.1278132,
          36.3925839
        ]
      },
      "properties": {
        "内容": "バス停: 堤 (日本中央バス株式会社)",
        "name": "堤",
        "operator": "日本中央バス株式会社",
        "ref": "",
        "url": "",
        "url2": ""
      }
    },
    {
      "type": "Feature",
      "geometry": {
        "type": "Point",
        "coordinates": [
          139.1584404,
          36.3901579
        ]
      },
      "properties": {
        "内容": "バス停: 辻 (日本中央バス株式会社)",
        "name": "辻",
        "operator": "日本中央バス株式会社",
        "ref": "",
        "url": "",
        "url2": ""
      }
    },
    {
      "type": "Feature",
      "geometry": {
        "type": "Point",
        "coordinates": [
          139.1583332,
          36.390141
        ]
      },
      "properties": {
        "内容": "バス停: 辻 (日本中央バス株式会社)",
        "name": "辻",
        "operator": "日本中央バス株式会社",
        "ref": "",
        "url": "",
        "url2": ""
      }
    },
    {
      "type": "Feature",
      "geometry": {
        "type": "Point",
        "coordinates": [
          139.0683317,
          36.3946083
        ]
      },
      "properties": {
        "内容": "バス停: 千代田町三丁目",
        "name": "千代田町三丁目",
        "operator": "事業者不明",
        "ref": "",
        "url": "",
        "url2": ""
      }
    },
    {
      "type": "Feature",
      "geometry": {
        "type": "Point",
        "coordinates": [
          139.0685309,
          36.3946771
        ]
      },
      "properties": {
        "内容": "バス停: 千代田町三丁目",
        "name": "千代田町三丁目",
        "operator": "事業者不明",
        "ref": "",
        "url": "",
        "url2": ""
      }
    },
    {
      "type": "Feature",
      "geometry": {
        "type": "Point",
        "coordinates": [
          139.0744919,
          36.3921685
        ]
      },
      "properties": {
        "内容": "バス停: 中央前橋駅",
        "name": "中央前橋駅",
        "operator": "事業者不明",
        "ref": "",
        "url": "",
        "url2": ""
      }
    },
    {
      "type": "Feature",
      "geometry": {
        "type": "Point",
        "coordinates": [
          139.0746049,
          36.3912327
        ]
      },
      "properties": {
        "内容": "バス停: 中央前橋駅 (日本中央バス株式会社)",
        "name": "中央前橋駅",
        "operator": "日本中央バス株式会社",
        "ref": "",
        "url": "",
        "url2": ""
      }
    },
    {
      "type": "Feature",
      "geometry": {
        "type": "Point",
        "coordinates": [
          139.0620366,
          36.3864676
        ]
      },
      "properties": {
        "内容": "バス停: 中央病院前 (日本中央バス株式会社)",
        "name": "中央病院前",
        "operator": "日本中央バス株式会社",
        "ref": "",
        "url": "",
        "url2": ""
      }
    },
    {
      "type": "Feature",
      "geometry": {
        "type": "Point",
        "coordinates": [
          139.0743529,
          36.3921581
        ]
      },
      "properties": {
        "内容": "バス停: 中央前橋駅",
        "name": "中央前橋駅",
        "operator": "事業者不明",
        "ref": "",
        "url": "",
        "url2": ""
      }
    },
    {
      "type": "Feature",
      "geometry": {
        "type": "Point",
        "coordinates": [
          139.1167311,
          36.3540609
        ]
      },
      "properties": {
        "内容": "バス停: 団地南 (日本中央バス株式会社)",
        "name": "団地南",
        "operator": "日本中央バス株式会社",
        "ref": "",
        "url": "",
        "url2": ""
      }
    },
    {
      "type": "Feature",
      "geometry": {
        "type": "Point",
        "coordinates": [
          139.0621723,
          36.3866075
        ]
      },
      "properties": {
        "内容": "バス停: 中央病院前 (日本中央バス株式会社)",
        "name": "中央病院前",
        "operator": "日本中央バス株式会社",
        "ref": "南10",
        "url": "",
        "url2": ""
      }
    },
    {
      "type": "Feature",
      "geometry": {
        "type": "Point",
        "coordinates": [
          139.1168053,
          36.354161
        ]
      },
      "properties": {
        "内容": "バス停: 団地南 (日本中央バス株式会社)",
        "name": "団地南",
        "operator": "日本中央バス株式会社",
        "ref": "",
        "url": "",
        "url2": ""
      }
    },
    {
      "type": "Feature",
      "geometry": {
        "type": "Point",
        "coordinates": [
          139.0686037,
          36.4268313
        ]
      },
      "properties": {
        "内容": "バス停: 団地入口 (日本中央バス株式会社)",
        "name": "団地入口",
        "operator": "日本中央バス株式会社",
        "ref": "",
        "url": "",
        "url2": ""
      }
    },
    {
      "type": "Feature",
      "geometry": {
        "type": "Point",
        "coordinates": [
          139.0684848,
          36.4269143
        ]
      },
      "properties": {
        "内容": "バス停: 団地入口 (日本中央バス株式会社)",
        "name": "団地入口",
        "operator": "日本中央バス株式会社",
        "ref": "",
        "url": "",
        "url2": ""
      }
    },
    {
      "type": "Feature",
      "geometry": {
        "type": "Point",
        "coordinates": [
          139.0337737,
          36.4129715
        ]
      },
      "properties": {
        "内容": "バス停: 立石 (日本中央バス株式会社)",
        "name": "立石",
        "operator": "日本中央バス株式会社",
        "ref": "",
        "url": "",
        "url2": ""
      }
    },
    {
      "type": "Feature",
      "geometry": {
        "type": "Point",
        "coordinates": [
          139.0729297,
          36.4542042
        ]
      },
      "properties": {
        "内容": "バス停: 田島十字路 (日本中央バス株式会社)",
        "name": "田島十字路",
        "operator": "日本中央バス株式会社",
        "ref": "",
        "url": "",
        "url2": ""
      }
    },
    {
      "type": "Feature",
      "geometry": {
        "type": "Point",
        "coordinates": [
          139.0337499,
          36.4129182
        ]
      },
      "properties": {
        "内容": "バス停: 立石 (日本中央バス株式会社)",
        "name": "立石",
        "operator": "日本中央バス株式会社",
        "ref": "",
        "url": "",
        "url2": ""
      }
    },
    {
      "type": "Feature",
      "geometry": {
        "type": "Point",
        "coordinates": [
          139.0727908,
          36.4541935
        ]
      },
      "properties": {
        "内容": "バス停: 田島十字路 (日本中央バス株式会社)",
        "name": "田島十字路",
        "operator": "日本中央バス株式会社",
        "ref": "",
        "url": "",
        "url2": ""
      }
    },
    {
      "type": "Feature",
      "geometry": {
        "type": "Point",
        "coordinates": [
          139.0136089,
          36.3225693
        ]
      },
      "properties": {
        "内容": "バス停: 高崎駅東口",
        "name": "高崎駅東口",
        "operator": "事業者不明",
        "ref": "",
        "url": "",
        "url2": ""
      }
    },
    {
      "type": "Feature",
      "geometry": {
        "type": "Point",
        "coordinates": [
          139.0287476,
          36.4140392
        ]
      },
      "properties": {
        "内容": "バス停: 高井 (日本中央バス株式会社)",
        "name": "高井",
        "operator": "日本中央バス株式会社",
        "ref": "",
        "url": "",
        "url2": ""
      }
    },
    {
      "type": "Feature",
      "geometry": {
        "type": "Point",
        "coordinates": [
          139.0300063,
          36.4140454
        ]
      },
      "properties": {
        "内容": "バス停: 高井 (日本中央バス株式会社)",
        "name": "高井",
        "operator": "日本中央バス株式会社",
        "ref": "",
        "url": "",
        "url2": ""
      }
    },
    {
      "type": "Feature",
      "geometry": {
        "type": "Point",
        "coordinates": [
          138.9857529,
          36.4484439
        ]
      },
      "properties": {
        "内容": "バス停: 第１区コミセン前 (日本中央バス株式会社)",
        "name": "第１区コミセン前",
        "operator": "日本中央バス株式会社",
        "ref": "",
        "url": "",
        "url2": ""
      }
    },
    {
      "type": "Feature",
      "geometry": {
        "type": "Point",
        "coordinates": [
          138.985851,
          36.4485245
        ]
      },
      "properties": {
        "内容": "バス停: 第１区コミセン前 (日本中央バス株式会社)",
        "name": "第１区コミセン前",
        "operator": "日本中央バス株式会社",
        "ref": "",
        "url": "",
        "url2": ""
      }
    },
    {
      "type": "Feature",
      "geometry": {
        "type": "Point",
        "coordinates": [
          139.0404944,
          36.4093292
        ]
      },
      "properties": {
        "内容": "バス停: 総社郵便局前 (日本中央バス株式会社)",
        "name": "総社郵便局前",
        "operator": "日本中央バス株式会社",
        "ref": "",
        "url": "",
        "url2": ""
      }
    },
    {
      "type": "Feature",
      "geometry": {
        "type": "Point",
        "coordinates": [
          139.0408625,
          36.4082871
        ]
      },
      "properties": {
        "内容": "バス停: 総社郵便局前 (日本中央バス株式会社)",
        "name": "総社郵便局前",
        "operator": "日本中央バス株式会社",
        "ref": "",
        "url": "",
        "url2": ""
      }
    },
    {
      "type": "Feature",
      "geometry": {
        "type": "Point",
        "coordinates": [
          139.0251901,
          36.4149878
        ]
      },
      "properties": {
        "内容": "バス停: 総社高井 (日本中央バス株式会社)",
        "name": "総社高井",
        "operator": "日本中央バス株式会社",
        "ref": "",
        "url": "",
        "url2": ""
      }
    },
    {
      "type": "Feature",
      "geometry": {
        "type": "Point",
        "coordinates": [
          139.0243719,
          36.4154313
        ]
      },
      "properties": {
        "内容": "バス停: 総社高井 (日本中央バス株式会社)",
        "name": "総社高井",
        "operator": "日本中央バス株式会社",
        "ref": "",
        "url": "",
        "url2": ""
      }
    },
    {
      "type": "Feature",
      "geometry": {
        "type": "Point",
        "coordinates": [
          139.0366933,
          36.4011679
        ]
      },
      "properties": {
        "内容": "バス停: 総社山王 (日本中央バス株式会社)",
        "name": "総社山王",
        "operator": "日本中央バス株式会社",
        "ref": "",
        "url": "",
        "url2": ""
      }
    },
    {
      "type": "Feature",
      "geometry": {
        "type": "Point",
        "coordinates": [
          139.0367853,
          36.4012499
        ]
      },
      "properties": {
        "内容": "バス停: 総社山王 (日本中央バス株式会社)",
        "name": "総社山王",
        "operator": "日本中央バス株式会社",
        "ref": "",
        "url": "",
        "url2": ""
      }
    },
    {
      "type": "Feature",
      "geometry": {
        "type": "Point",
        "coordinates": [
          139.0407178,
          36.4342909
        ]
      },
      "properties": {
        "内容": "バス停: 関根町三丁目 (関越交通株式会社)",
        "name": "関根町三丁目",
        "operator": "関越交通株式会社",
        "ref": "",
        "url": "",
        "url2": ""
      }
    },
    {
      "type": "Feature",
      "geometry": {
        "type": "Point",
        "coordinates": [
          139.0411354,
          36.4396629
        ]
      },
      "properties": {
        "内容": "バス停: 総合スポーツセンター (関越交通株式会社)",
        "name": "総合スポーツセンター",
        "operator": "関越交通株式会社",
        "ref": "",
        "url": "",
        "url2": ""
      }
    },
    {
      "type": "Feature",
      "geometry": {
        "type": "Point",
        "coordinates": [
          139.0764066,
          36.3816167
        ]
      },
      "properties": {
        "内容": "バス停: 静和幼稚園前",
        "name": "静和幼稚園前",
        "operator": "事業者不明",
        "ref": "南22;西34",
        "url": "",
        "url2": ""
      }
    },
    {
      "type": "Feature",
      "geometry": {
        "type": "Point",
        "coordinates": [
          139.0407505,
          36.4337727
        ]
      },
      "properties": {
        "内容": "バス停: 関根町三丁目 (関越交通株式会社)",
        "name": "関根町三丁目",
        "operator": "関越交通株式会社",
        "ref": "",
        "url": "",
        "url2": ""
      }
    },
    {
      "type": "Feature",
      "geometry": {
        "type": "Point",
        "coordinates": [
          139.0682065,
          36.3982879
        ]
      },
      "properties": {
        "内容": "バス停: 住吉町交番前 (日本中央バス株式会社)",
        "name": "住吉町交番前",
        "operator": "日本中央バス株式会社",
        "ref": "",
        "url": "",
        "url2": ""
      }
    },
    {
      "type": "Feature",
      "geometry": {
        "type": "Point",
        "coordinates": [
          139.077159,
          36.3807607
        ]
      },
      "properties": {
        "内容": "バス停: 静和幼稚園前 (日本中央バス株式会社)",
        "name": "静和幼稚園前",
        "operator": "日本中央バス株式会社",
        "ref": "",
        "url": "",
        "url2": ""
      }
    },
    {
      "type": "Feature",
      "geometry": {
        "type": "Point",
        "coordinates": [
          139.0558942,
          36.4041385
        ]
      },
      "properties": {
        "内容": "バス停: 信用金庫前 (日本中央バス株式会社)",
        "name": "信用金庫前",
        "operator": "日本中央バス株式会社",
        "ref": "",
        "url": "",
        "url2": ""
      }
    },
    {
      "type": "Feature",
      "geometry": {
        "type": "Point",
        "coordinates": [
          139.0687375,
          36.3969086
        ]
      },
      "properties": {
        "内容": "バス停: 住吉町交番前",
        "name": "住吉町交番前",
        "operator": "事業者不明",
        "ref": "",
        "url": "",
        "url2": ""
      }
    },
    {
      "type": "Feature",
      "geometry": {
        "type": "Point",
        "coordinates": [
          139.0475079,
          36.3789817
        ]
      },
      "properties": {
        "内容": "バス停: 新前橋駅",
        "name": "新前橋駅",
        "operator": "事業者不明",
        "ref": "西0",
        "url": "",
        "url2": ""
      }
    },
    {
      "type": "Feature",
      "geometry": {
        "type": "Point",
        "coordinates": [
          139.0560994,
          36.4039721
        ]
      },
      "properties": {
        "内容": "バス停: 信用金庫前 (日本中央バス株式会社)",
        "name": "信用金庫前",
        "operator": "日本中央バス株式会社",
        "ref": "",
        "url": "",
        "url2": ""
      }
    },
    {
      "type": "Feature",
      "geometry": {
        "type": "Point",
        "coordinates": [
          138.9686294,
          36.4383042
        ]
      },
      "properties": {
        "内容": "バス停: しんとう温泉 (日本中央バス株式会社)",
        "name": "しんとう温泉",
        "operator": "日本中央バス株式会社",
        "ref": "",
        "url": "",
        "url2": ""
      }
    },
    {
      "type": "Feature",
      "geometry": {
        "type": "Point",
        "coordinates": [
          138.9673589,
          36.4386715
        ]
      },
      "properties": {
        "内容": "バス停: 榛東村役場 (日本中央バス株式会社)",
        "name": "榛東村役場",
        "operator": "日本中央バス株式会社",
        "ref": "",
        "url": "",
        "url2": ""
      }
    },
    {
      "type": "Feature",
      "geometry": {
        "type": "Point",
        "coordinates": [
          138.9730063,
          36.4404247
        ]
      },
      "properties": {
        "内容": "バス停: 神田 (日本中央バス株式会社)",
        "name": "神田",
        "operator": "日本中央バス株式会社",
        "ref": "",
        "url": "",
        "url2": ""
      }
    },
    {
      "type": "Feature",
      "geometry": {
        "type": "Point",
        "coordinates": [
          138.9728418,
          36.4404988
        ]
      },
      "properties": {
        "内容": "バス停: 神田 (日本中央バス株式会社)",
        "name": "神田",
        "operator": "日本中央バス株式会社",
        "ref": "",
        "url": "",
        "url2": ""
      }
    },
    {
      "type": "Feature",
      "geometry": {
        "type": "Point",
        "coordinates": [
          139.0639201,
          36.4061009
        ]
      },
      "properties": {
        "内容": "バス停: 昭和町三丁目",
        "name": "昭和町三丁目",
        "operator": "事業者不明",
        "ref": "",
        "url": "",
        "url2": ""
      }
    },
    {
      "type": "Feature",
      "geometry": {
        "type": "Point",
        "coordinates": [
          139.0633184,
          36.4062518
        ]
      },
      "properties": {
        "内容": "バス停: 昭和町三丁目",
        "name": "昭和町三丁目",
        "operator": "事業者不明",
        "ref": "",
        "url": "",
        "url2": ""
      }
    },
    {
      "type": "Feature",
      "geometry": {
        "type": "Point",
        "coordinates": [
          139.0419571,
          36.4272001
        ]
      },
      "properties": {
        "内容": "バス停: 上毛大橋東 (日本中央バス株式会社)",
        "name": "上毛大橋東",
        "operator": "日本中央バス株式会社",
        "ref": "",
        "url": "",
        "url2": ""
      }
    },
    {
      "type": "Feature",
      "geometry": {
        "type": "Point",
        "coordinates": [
          139.0414856,
          36.4271417
        ]
      },
      "properties": {
        "内容": "バス停: 上毛大橋東 (日本中央バス株式会社)",
        "name": "上毛大橋東",
        "operator": "日本中央バス株式会社",
        "ref": "",
        "url": "",
        "url2": ""
      }
    },
    {
      "type": "Feature",
      "geometry": {
        "type": "Point",
        "coordinates": [
          139.1446217,
          36.3908441
        ]
      },
      "properties": {
        "内容": "バス停: 城南病院 (日本中央バス株式会社)",
        "name": "城南病院",
        "operator": "日本中央バス株式会社",
        "ref": "",
        "url": "",
        "url2": ""
      }
    },
    {
      "type": "Feature",
      "geometry": {
        "type": "Point",
        "coordinates": [
          139.1447949,
          36.3907976
        ]
      },
      "properties": {
        "内容": "バス停: 城南病院 (日本中央バス株式会社)",
        "name": "城南病院",
        "operator": "日本中央バス株式会社",
        "ref": "",
        "url": "",
        "url2": ""
      }
    },
    {
      "type": "Feature",
      "geometry": {
        "type": "Point",
        "coordinates": [
          139.1607061,
          36.3794542
        ]
      },
      "properties": {
        "内容": "バス停: 城南運動公園 (日本中央バス株式会社)",
        "name": "城南運動公園",
        "operator": "日本中央バス株式会社",
        "ref": "",
        "url": "",
        "url2": ""
      }
    },
    {
      "type": "Feature",
      "geometry": {
        "type": "Point",
        "coordinates": [
          139.0737951,
          36.3937632
        ]
      },
      "properties": {
        "内容": "バス停: 城東町二丁目 (日本中央バス株式会社)",
        "name": "城東町二丁目",
        "operator": "日本中央バス株式会社",
        "ref": "",
        "url": "",
        "url2": ""
      }
    },
    {
      "type": "Feature",
      "geometry": {
        "type": "Point",
        "coordinates": [
          139.0730576,
          36.3954277
        ]
      },
      "properties": {
        "内容": "バス停: 城東町一丁目 (日本中央バス株式会社)",
        "name": "城東町一丁目",
        "operator": "日本中央バス株式会社",
        "ref": "",
        "url": "",
        "url2": ""
      }
    },
    {
      "type": "Feature",
      "geometry": {
        "type": "Point",
        "coordinates": [
          139.0737557,
          36.3935262
        ]
      },
      "properties": {
        "内容": "バス停: 城東町二丁目 (日本中央バス株式会社)",
        "name": "城東町二丁目",
        "operator": "日本中央バス株式会社",
        "ref": "",
        "url": "",
        "url2": ""
      }
    },
    {
      "type": "Feature",
      "geometry": {
        "type": "Point",
        "coordinates": [
          139.0731502,
          36.3948738
        ]
      },
      "properties": {
        "内容": "バス停: 城東町一丁目 (日本中央バス株式会社)",
        "name": "城東町一丁目",
        "operator": "日本中央バス株式会社",
        "ref": "",
        "url": "",
        "url2": ""
      }
    },
    {
      "type": "Feature",
      "geometry": {
        "type": "Point",
        "coordinates": [
          139.0412401,
          36.4320567
        ]
      },
      "properties": {
        "内容": "バス停: 商工連会館前 (関越交通株式会社)",
        "name": "商工連会館前",
        "operator": "関越交通株式会社",
        "ref": "",
        "url": "",
        "url2": ""
      }
    },
    {
      "type": "Feature",
      "geometry": {
        "type": "Point",
        "coordinates": [
          139.0412255,
          36.4317193
        ]
      },
      "properties": {
        "内容": "バス停: 商工連会館前 (関越交通株式会社)",
        "name": "商工連会館前",
        "operator": "関越交通株式会社",
        "ref": "",
        "url": "",
        "url2": ""
      }
    },
    {
      "type": "Feature",
      "geometry": {
        "type": "Point",
        "coordinates": [
          138.9831348,
          36.4300326
        ]
      },
      "properties": {
        "内容": "バス停: 十二沢 (日本中央バス株式会社)",
        "name": "十二沢",
        "operator": "日本中央バス株式会社",
        "ref": "",
        "url": "",
        "url2": ""
      }
    },
    {
      "type": "Feature",
      "geometry": {
        "type": "Point",
        "coordinates": [
          139.0644745,
          36.3906368
        ]
      },
      "properties": {
        "内容": "バス停: 市役所・合庁前",
        "name": "市役所・合庁前",
        "operator": "事業者不明",
        "ref": "",
        "url": "",
        "url2": ""
      }
    },
    {
      "type": "Feature",
      "geometry": {
        "type": "Point",
        "coordinates": [
          138.9838731,
          36.4299154
        ]
      },
      "properties": {
        "内容": "バス停: 十二沢 (日本中央バス株式会社)",
        "name": "十二沢",
        "operator": "日本中央バス株式会社",
        "ref": "",
        "url": "",
        "url2": ""
      }
    },
    {
      "type": "Feature",
      "geometry": {
        "type": "Point",
        "coordinates": [
          139.0634729,
          36.3907039
        ]
      },
      "properties": {
        "内容": "バス停: 市役所・合庁前",
        "name": "市役所・合庁前",
        "operator": "事業者不明",
        "ref": "",
        "url": "",
        "url2": ""
      }
    },
    {
      "type": "Feature",
      "geometry": {
        "type": "Point",
        "coordinates": [
          139.0509182,
          36.3801298
        ]
      },
      "properties": {
        "内容": "バス停: 社会福祉総合センター前 (日本中央バス株式会社)",
        "name": "社会福祉総合センター前",
        "operator": "日本中央バス株式会社",
        "ref": "",
        "url": "",
        "url2": ""
      }
    },
    {
      "type": "Feature",
      "geometry": {
        "type": "Point",
        "coordinates": [
          139.0059007,
          36.447431
        ]
      },
      "properties": {
        "内容": "バス停: 下野田 (日本中央バス株式会社)",
        "name": "下野田",
        "operator": "日本中央バス株式会社",
        "ref": "",
        "url": "",
        "url2": ""
      }
    },
    {
      "type": "Feature",
      "geometry": {
        "type": "Point",
        "coordinates": [
          139.0509553,
          36.3800254
        ]
      },
      "properties": {
        "内容": "バス停: 社会福祉総合センター前 (日本中央バス株式会社)",
        "name": "社会福祉総合センター前",
        "operator": "日本中央バス株式会社",
        "ref": "",
        "url": "",
        "url2": ""
      }
    },
    {
      "type": "Feature",
      "geometry": {
        "type": "Point",
        "coordinates": [
          139.0058369,
          36.447399
        ]
      },
      "properties": {
        "内容": "バス停: 下野田 (日本中央バス株式会社)",
        "name": "下野田",
        "operator": "日本中央バス株式会社",
        "ref": "",
        "url": "",
        "url2": ""
      }
    },
    {
      "type": "Feature",
      "geometry": {
        "type": "Point",
        "coordinates": [
          138.9887398,
          36.4285161
        ]
      },
      "properties": {
        "内容": "バス停: 下新井 (日本中央バス株式会社)",
        "name": "下新井",
        "operator": "日本中央バス株式会社",
        "ref": "",
        "url": "",
        "url2": ""
      }
    },
    {
      "type": "Feature",
      "geometry": {
        "type": "Point",
        "coordinates": [
          138.9889719,
          36.4285379
        ]
      },
      "properties": {
        "内容": "バス停: 下新井 (日本中央バス株式会社)",
        "name": "下新井",
        "operator": "日本中央バス株式会社",
        "ref": "",
        "url": "",
        "url2": ""
      }
    },
    {
      "type": "Feature",
      "geometry": {
        "type": "Point",
        "coordinates": [
          139.0132634,
          36.4428457
        ]
      },
      "properties": {
        "内容": "バス停: 児童館入口 (日本中央バス株式会社)",
        "name": "児童館入口",
        "operator": "日本中央バス株式会社",
        "ref": "",
        "url": "",
        "url2": ""
      }
    },
    {
      "type": "Feature",
      "geometry": {
        "type": "Point",
        "coordinates": [
          139.0132169,
          36.4429579
        ]
      },
      "properties": {
        "内容": "バス停: 児童館入口 (日本中央バス株式会社)",
        "name": "児童館入口",
        "operator": "日本中央バス株式会社",
        "ref": "",
        "url": "",
        "url2": ""
      }
    },
    {
      "type": "Feature",
      "geometry": {
        "type": "Point",
        "coordinates": [
          138.9700729,
          36.4330036
        ]
      },
      "properties": {
        "内容": "バス停: 自衛隊前 (日本中央バス株式会社)",
        "name": "自衛隊前",
        "operator": "日本中央バス株式会社",
        "ref": "",
        "url": "",
        "url2": ""
      }
    },
    {
      "type": "Feature",
      "geometry": {
        "type": "Point",
        "coordinates": [
          139.0527142,
          36.410201
        ]
      },
      "properties": {
        "内容": "バス停: 敷島公園バスターミナル",
        "name": "敷島公園バスターミナル",
        "operator": "事業者不明",
        "ref": "",
        "url": "",
        "url2": ""
      }
    },
    {
      "type": "Feature",
      "geometry": {
        "type": "Point",
        "coordinates": [
          139.0158786,
          36.4416301
        ]
      },
      "properties": {
        "内容": "バス停: 三宮住宅入口 (日本中央バス株式会社)",
        "name": "三宮住宅入口",
        "operator": "日本中央バス株式会社",
        "ref": "",
        "url": "",
        "url2": ""
      }
    },
    {
      "type": "Feature",
      "geometry": {
        "type": "Point",
        "coordinates": [
          139.0158072,
          36.4417355
        ]
      },
      "properties": {
        "内容": "バス停: 三宮住宅入口 (日本中央バス株式会社)",
        "name": "三宮住宅入口",
        "operator": "日本中央バス株式会社",
        "ref": "",
        "url": "",
        "url2": ""
      }
    },
    {
      "type": "Feature",
      "geometry": {
        "type": "Point",
        "coordinates": [
          139.0628954,
          36.4007207
        ]
      },
      "properties": {
        "内容": "バス停: 三中前",
        "name": "三中前",
        "operator": "事業者不明",
        "ref": "北13",
        "url": "",
        "url2": ""
      }
    },
    {
      "type": "Feature",
      "geometry": {
        "type": "Point",
        "coordinates": [
          139.0641365,
          36.4002249
        ]
      },
      "properties": {
        "内容": "バス停: 三中前",
        "name": "三中前",
        "operator": "事業者不明",
        "ref": "",
        "url": "",
        "url2": ""
      }
    },
    {
      "type": "Feature",
      "geometry": {
        "type": "Point",
        "coordinates": [
          139.0849505,
          36.4701256
        ]
      },
      "properties": {
        "内容": "バス停: 珊瑚寺入口 (日本中央バス株式会社)",
        "name": "珊瑚寺入口",
        "operator": "日本中央バス株式会社",
        "ref": "",
        "url": "",
        "url2": ""
      }
    },
    {
      "type": "Feature",
      "geometry": {
        "type": "Point",
        "coordinates": [
          139.084865,
          36.4701132
        ]
      },
      "properties": {
        "内容": "バス停: 珊瑚寺入口 (日本中央バス株式会社)",
        "name": "珊瑚寺入口",
        "operator": "日本中央バス株式会社",
        "ref": "",
        "url": "",
        "url2": ""
      }
    },
    {
      "type": "Feature",
      "geometry": {
        "type": "Point",
        "coordinates": [
          139.0318026,
          36.4058604
        ]
      },
      "properties": {
        "内容": "バス停: 蚕業試験場東 (日本中央バス株式会社)",
        "name": "蚕業試験場東",
        "operator": "日本中央バス株式会社",
        "ref": "",
        "url": "",
        "url2": ""
      }
    },
    {
      "type": "Feature",
      "geometry": {
        "type": "Point",
        "coordinates": [
          139.0318884,
          36.4059628
        ]
      },
      "properties": {
        "内容": "バス停: 蚕業試験場東 (日本中央バス株式会社)",
        "name": "蚕業試験場東",
        "operator": "日本中央バス株式会社",
        "ref": "",
        "url": "",
        "url2": ""
      }
    },
    {
      "type": "Feature",
      "geometry": {
        "type": "Point",
        "coordinates": [
          139.0002254,
          36.4213133
        ]
      },
      "properties": {
        "内容": "バス停: 笹熊公会堂前 (日本中央バス株式会社)",
        "name": "笹熊公会堂前",
        "operator": "日本中央バス株式会社",
        "ref": "",
        "url": "",
        "url2": ""
      }
    },
    {
      "type": "Feature",
      "geometry": {
        "type": "Point",
        "coordinates": [
          139.0002224,
          36.421379
        ]
      },
      "properties": {
        "内容": "バス停: 笹熊公会堂前 (日本中央バス株式会社)",
        "name": "笹熊公会堂前",
        "operator": "日本中央バス株式会社",
        "ref": "",
        "url": "",
        "url2": ""
      }
    },
    {
      "type": "Feature",
      "geometry": {
        "type": "Point",
        "coordinates": [
          139.0729756,
          36.3897146
        ]
      },
      "properties": {
        "内容": "バス停: 坂下",
        "name": "坂下",
        "operator": "事業者不明",
        "ref": "南27;東5",
        "url": "",
        "url2": ""
      }
    },
    {
      "type": "Feature",
      "geometry": {
        "type": "Point",
        "coordinates": [
          139.0731252,
          36.3896458
        ]
      },
      "properties": {
        "内容": "バス停: 坂下",
        "name": "坂下",
        "operator": "事業者不明",
        "ref": "東5",
        "url": "",
        "url2": ""
      }
    },
    {
      "type": "Feature",
      "geometry": {
        "type": "Point",
        "coordinates": [
          139.0815604,
          36.3849619
        ]
      },
      "properties": {
        "内容": "バス停: 境橋 (日本中央バス株式会社)",
        "name": "境橋",
        "operator": "日本中央バス株式会社",
        "ref": "",
        "url": "",
        "url2": ""
      }
    },
    {
      "type": "Feature",
      "geometry": {
        "type": "Point",
        "coordinates": [
          139.0816414,
          36.3848441
        ]
      },
      "properties": {
        "内容": "バス停: 境橋 (日本中央バス株式会社)",
        "name": "境橋",
        "operator": "日本中央バス株式会社",
        "ref": "",
        "url": "",
        "url2": ""
      }
    },
    {
      "type": "Feature",
      "geometry": {
        "type": "Point",
        "coordinates": [
          139.0209043,
          36.437759
        ]
      },
      "properties": {
        "内容": "バス停: 駒寄診療所 (日本中央バス株式会社)",
        "name": "駒寄診療所",
        "operator": "日本中央バス株式会社",
        "ref": "",
        "url": "",
        "url2": ""
      }
    },
    {
      "type": "Feature",
      "geometry": {
        "type": "Point",
        "coordinates": [
          139.0209641,
          36.4378106
        ]
      },
      "properties": {
        "内容": "バス停: 駒寄診療所 (日本中央バス株式会社)",
        "name": "駒寄診療所",
        "operator": "日本中央バス株式会社",
        "ref": "",
        "url": "",
        "url2": ""
      }
    },
    {
      "type": "Feature",
      "geometry": {
        "type": "Point",
        "coordinates": [
          139.0259665,
          36.438207
        ]
      },
      "properties": {
        "内容": "バス停: 駒寄小学校前 (日本中央バス株式会社)",
        "name": "駒寄小学校前",
        "operator": "日本中央バス株式会社",
        "ref": "",
        "url": "",
        "url2": ""
      }
    },
    {
      "type": "Feature",
      "geometry": {
        "type": "Point",
        "coordinates": [
          139.0253902,
          36.4377566
        ]
      },
      "properties": {
        "内容": "バス停: 駒寄小学校前 (日本中央バス株式会社)",
        "name": "駒寄小学校前",
        "operator": "日本中央バス株式会社",
        "ref": "",
        "url": "",
        "url2": ""
      }
    },
    {
      "type": "Feature",
      "geometry": {
        "type": "Point",
        "coordinates": [
          139.0239502,
          36.4377515
        ]
      },
      "properties": {
        "内容": "バス停: 駒寄 (日本中央バス株式会社)",
        "name": "駒寄",
        "operator": "日本中央バス株式会社",
        "ref": "",
        "url": "",
        "url2": ""
      }
    },
    {
      "type": "Feature",
      "geometry": {
        "type": "Point",
        "coordinates": [
          139.0239027,
          36.437801
        ]
      },
      "properties": {
        "内容": "バス停: 駒寄 (日本中央バス株式会社)",
        "name": "駒寄",
        "operator": "日本中央バス株式会社",
        "ref": "",
        "url": "",
        "url2": ""
      }
    },
    {
      "type": "Feature",
      "geometry": {
        "type": "Point",
        "coordinates": [
          139.0518188,
          36.3943933
        ]
      },
      "properties": {
        "内容": "バス停: 公社ビル入口",
        "name": "公社ビル入口",
        "operator": "事業者不明",
        "ref": "",
        "url": "",
        "url2": ""
      }
    },
    {
      "type": "Feature",
      "geometry": {
        "type": "Point",
        "coordinates": [
          138.9541195,
          36.4420017
        ]
      },
      "properties": {
        "内容": "バス停: 公会堂前 (日本中央バス株式会社)",
        "name": "公会堂前",
        "operator": "日本中央バス株式会社",
        "ref": "",
        "url": "",
        "url2": ""
      }
    },
    {
      "type": "Feature",
      "geometry": {
        "type": "Point",
        "coordinates": [
          139.0518575,
          36.3942186
        ]
      },
      "properties": {
        "内容": "バス停: 公社ビル入口",
        "name": "公社ビル入口",
        "operator": "事業者不明",
        "ref": "",
        "url": "",
        "url2": ""
      }
    },
    {
      "type": "Feature",
      "geometry": {
        "type": "Point",
        "coordinates": [
          138.9540415,
          36.4419722
        ]
      },
      "properties": {
        "内容": "バス停: 公会堂前 (日本中央バス株式会社)",
        "name": "公会堂前",
        "operator": "日本中央バス株式会社",
        "ref": "",
        "url": "",
        "url2": ""
      }
    },
    {
      "type": "Feature",
      "geometry": {
        "type": "Point",
        "coordinates": [
          139.0724964,
          36.396699
        ]
      },
      "properties": {
        "内容": "バス停: 県民会館前 (日本中央バス株式会社)",
        "name": "県民会館前",
        "operator": "日本中央バス株式会社",
        "ref": "",
        "url": "",
        "url2": ""
      }
    },
    {
      "type": "Feature",
      "geometry": {
        "type": "Point",
        "coordinates": [
          139.0620982,
          36.3893457
        ]
      },
      "properties": {
        "内容": "バス停: 県庁前",
        "name": "県庁前",
        "operator": "事業者不明",
        "ref": "南9",
        "url": "",
        "url2": ""
      }
    },
    {
      "type": "Feature",
      "geometry": {
        "type": "Point",
        "coordinates": [
          139.0722123,
          36.3970229
        ]
      },
      "properties": {
        "内容": "バス停: 県民会館前 (日本中央バス株式会社)",
        "name": "県民会館前",
        "operator": "日本中央バス株式会社",
        "ref": "",
        "url": "",
        "url2": ""
      }
    },
    {
      "type": "Feature",
      "geometry": {
        "type": "Point",
        "coordinates": [
          139.0617375,
          36.3909575
        ]
      },
      "properties": {
        "内容": "バス停: 県庁前",
        "name": "県庁前",
        "operator": "事業者不明",
        "ref": "",
        "url": "",
        "url2": ""
      }
    },
    {
      "type": "Feature",
      "geometry": {
        "type": "Point",
        "coordinates": [
          139.0619196,
          36.3894695
        ]
      },
      "properties": {
        "内容": "バス停: 県庁前",
        "name": "県庁前",
        "operator": "事業者不明",
        "ref": "",
        "url": "",
        "url2": ""
      }
    },
    {
      "type": "Feature",
      "geometry": {
        "type": "Point",
        "coordinates": [
          139.0619148,
          36.3909691
        ]
      },
      "properties": {
        "内容": "バス停: 県庁前",
        "name": "県庁前",
        "operator": "事業者不明",
        "ref": "",
        "url": "",
        "url2": ""
      }
    },
    {
      "type": "Feature",
      "geometry": {
        "type": "Point",
        "coordinates": [
          139.0400073,
          36.4119093
        ]
      },
      "properties": {
        "内容": "バス停: 元景寺 (日本中央バス株式会社)",
        "name": "元景寺",
        "operator": "日本中央バス株式会社",
        "ref": "",
        "url": "",
        "url2": ""
      }
    },
    {
      "type": "Feature",
      "geometry": {
        "type": "Point",
        "coordinates": [
          139.0399127,
          36.4119929
        ]
      },
      "properties": {
        "内容": "バス停: 元景寺 (日本中央バス株式会社)",
        "name": "元景寺",
        "operator": "日本中央バス株式会社",
        "ref": "",
        "url": "",
        "url2": ""
      }
    },
    {
      "type": "Feature",
      "geometry": {
        "type": "Point",
        "coordinates": [
          139.0788604,
          36.3805652
        ]
      },
      "properties": {
        "内容": "バス停: けやきウォーク前橋北 (日本中央バス株式会社)",
        "name": "けやきウォーク前橋北",
        "operator": "日本中央バス株式会社",
        "ref": "",
        "url": "",
        "url2": ""
      }
    },
    {
      "type": "Feature",
      "geometry": {
        "type": "Point",
        "coordinates": [
          139.0325608,
          36.4159251
        ]
      },
      "properties": {
        "内容": "バス停: 群馬総社駅 (日本中央バス株式会社)",
        "name": "群馬総社駅",
        "operator": "日本中央バス株式会社",
        "ref": "",
        "url": "",
        "url2": ""
      }
    },
    {
      "type": "Feature",
      "geometry": {
        "type": "Point",
        "coordinates": [
          139.0794731,
          36.3806409
        ]
      },
      "properties": {
        "内容": "バス停: けやきウォーク前橋北 (日本中央バス株式会社)",
        "name": "けやきウォーク前橋北",
        "operator": "日本中央バス株式会社",
        "ref": "",
        "url": "",
        "url2": ""
      }
    },
    {
      "type": "Feature",
      "geometry": {
        "type": "Point",
        "coordinates": [
          139.3797527,
          36.2925647
        ]
      },
      "properties": {
        "内容": "バス停: 太田駅南口",
        "name": "太田駅南口",
        "operator": "事業者不明",
        "ref": "",
        "url": "",
        "url2": ""
      }
    },
    {
      "type": "Feature",
      "geometry": {
        "type": "Point",
        "coordinates": [
          139.1892765,
          36.2781746
        ]
      },
      "properties": {
        "内容": "バス停: 市民プラザ北 (十王自動車)",
        "name": "市民プラザ北",
        "operator": "十王自動車",
        "ref": "",
        "url": "",
        "url2": ""
      }
    },
    {
      "type": "Feature",
      "geometry": {
        "type": "Point",
        "coordinates": [
          139.1897954,
          36.2780624
        ]
      },
      "properties": {
        "内容": "バス停: 市民プラザ北 (十王自動車)",
        "name": "市民プラザ北",
        "operator": "十王自動車",
        "ref": "",
        "url": "",
        "url2": ""
      }
    },
    {
      "type": "Feature",
      "geometry": {
        "type": "Point",
        "coordinates": [
          138.7921125,
          36.3167245
        ]
      },
      "properties": {
        "内容": "バス停: 松井田病院入口",
        "name": "松井田病院入口",
        "operator": "事業者不明",
        "ref": "",
        "url": "",
        "url2": ""
      }
    },
    {
      "type": "Feature",
      "geometry": {
        "type": "Point",
        "coordinates": [
          138.8129358,
          36.309992
        ]
      },
      "properties": {
        "内容": "バス停: 国土交通省前",
        "name": "国土交通省前",
        "operator": "事業者不明",
        "ref": "",
        "url": "",
        "url2": ""
      }
    },
    {
      "type": "Feature",
      "geometry": {
        "type": "Point",
        "coordinates": [
          138.8128687,
          36.309911
        ]
      },
      "properties": {
        "内容": "バス停: 国土交通省前",
        "name": "国土交通省前",
        "operator": "事業者不明",
        "ref": "",
        "url": "",
        "url2": ""
      }
    },
    {
      "type": "Feature",
      "geometry": {
        "type": "Point",
        "coordinates": [
          138.8035601,
          36.312403
        ]
      },
      "properties": {
        "内容": "バス停: 田口医院前",
        "name": "田口医院前",
        "operator": "事業者不明",
        "ref": "",
        "url": "",
        "url2": ""
      }
    },
    {
      "type": "Feature",
      "geometry": {
        "type": "Point",
        "coordinates": [
          138.8033321,
          36.3123717
        ]
      },
      "properties": {
        "内容": "バス停: 田口医院前",
        "name": "田口医院前",
        "operator": "事業者不明",
        "ref": "",
        "url": "",
        "url2": ""
      }
    },
    {
      "type": "Feature",
      "geometry": {
        "type": "Point",
        "coordinates": [
          138.7998734,
          36.3139829
        ]
      },
      "properties": {
        "内容": "バス停: 藤巻医院前",
        "name": "藤巻医院前",
        "operator": "事業者不明",
        "ref": "",
        "url": "",
        "url2": ""
      }
    },
    {
      "type": "Feature",
      "geometry": {
        "type": "Point",
        "coordinates": [
          138.7986396,
          36.3143482
        ]
      },
      "properties": {
        "内容": "バス停: 藤巻医院前",
        "name": "藤巻医院前",
        "operator": "事業者不明",
        "ref": "",
        "url": "",
        "url2": ""
      }
    },
    {
      "type": "Feature",
      "geometry": {
        "type": "Point",
        "coordinates": [
          138.7966843,
          36.3150814
        ]
      },
      "properties": {
        "内容": "バス停: 商工会館前",
        "name": "商工会館前",
        "operator": "事業者不明",
        "ref": "",
        "url": "",
        "url2": ""
      }
    },
    {
      "type": "Feature",
      "geometry": {
        "type": "Point",
        "coordinates": [
          138.7966374,
          36.315016
        ]
      },
      "properties": {
        "内容": "バス停: 商工会館前",
        "name": "商工会館前",
        "operator": "事業者不明",
        "ref": "",
        "url": "",
        "url2": ""
      }
    },
    {
      "type": "Feature",
      "geometry": {
        "type": "Point",
        "coordinates": [
          138.7942938,
          36.3158616
        ]
      },
      "properties": {
        "内容": "バス停: 旧役場前",
        "name": "旧役場前",
        "operator": "事業者不明",
        "ref": "",
        "url": "",
        "url2": ""
      }
    },
    {
      "type": "Feature",
      "geometry": {
        "type": "Point",
        "coordinates": [
          138.8548346,
          36.3132621
        ]
      },
      "properties": {
        "内容": "バス停: 名称不明バス停",
        "name": "名称不明バス停",
        "operator": "事業者不明",
        "ref": "",
        "url": "",
        "url2": ""
      }
    },
    {
      "type": "Feature",
      "geometry": {
        "type": "Point",
        "coordinates": [
          138.8550585,
          36.3132286
        ]
      },
      "properties": {
        "内容": "バス停: 名称不明バス停",
        "name": "名称不明バス停",
        "operator": "事業者不明",
        "ref": "",
        "url": "",
        "url2": ""
      }
    },
    {
      "type": "Feature",
      "geometry": {
        "type": "Point",
        "coordinates": [
          138.8516709,
          36.3123338
        ]
      },
      "properties": {
        "内容": "バス停: 上天前",
        "name": "上天前",
        "operator": "事業者不明",
        "ref": "",
        "url": "",
        "url2": ""
      }
    },
    {
      "type": "Feature",
      "geometry": {
        "type": "Point",
        "coordinates": [
          138.8518453,
          36.3123025
        ]
      },
      "properties": {
        "内容": "バス停: 上天前",
        "name": "上天前",
        "operator": "事業者不明",
        "ref": "",
        "url": "",
        "url2": ""
      }
    },
    {
      "type": "Feature",
      "geometry": {
        "type": "Point",
        "coordinates": [
          138.8481183,
          36.3114207
        ]
      },
      "properties": {
        "内容": "バス停: 原市四区公会堂前",
        "name": "原市四区公会堂前",
        "operator": "事業者不明",
        "ref": "",
        "url": "",
        "url2": ""
      }
    },
    {
      "type": "Feature",
      "geometry": {
        "type": "Point",
        "coordinates": [
          138.8479923,
          36.3113029
        ]
      },
      "properties": {
        "内容": "バス停: 原市四区公会堂前",
        "name": "原市四区公会堂前",
        "operator": "事業者不明",
        "ref": "",
        "url": "",
        "url2": ""
      }
    },
    {
      "type": "Feature",
      "geometry": {
        "type": "Point",
        "coordinates": [
          138.8451827,
          36.3103368
        ]
      },
      "properties": {
        "内容": "バス停: 原市保育所前",
        "name": "原市保育所前",
        "operator": "事業者不明",
        "ref": "",
        "url": "",
        "url2": ""
      }
    },
    {
      "type": "Feature",
      "geometry": {
        "type": "Point",
        "coordinates": [
          138.8445161,
          36.3101368
        ]
      },
      "properties": {
        "内容": "バス停: 原市保育所前",
        "name": "原市保育所前",
        "operator": "事業者不明",
        "ref": "",
        "url": "",
        "url2": ""
      }
    },
    {
      "type": "Feature",
      "geometry": {
        "type": "Point",
        "coordinates": [
          138.8416877,
          36.3089632
        ]
      },
      "properties": {
        "内容": "バス停: 郷原東",
        "name": "郷原東",
        "operator": "事業者不明",
        "ref": "",
        "url": "",
        "url2": ""
      }
    },
    {
      "type": "Feature",
      "geometry": {
        "type": "Point",
        "coordinates": [
          138.8417172,
          36.3088627
        ]
      },
      "properties": {
        "内容": "バス停: 郷原東",
        "name": "郷原東",
        "operator": "事業者不明",
        "ref": "",
        "url": "",
        "url2": ""
      }
    },
    {
      "type": "Feature",
      "geometry": {
        "type": "Point",
        "coordinates": [
          138.8388996,
          36.3080575
        ]
      },
      "properties": {
        "内容": "バス停: 番匠屋敷",
        "name": "番匠屋敷",
        "operator": "事業者不明",
        "ref": "",
        "url": "",
        "url2": ""
      }
    },
    {
      "type": "Feature",
      "geometry": {
        "type": "Point",
        "coordinates": [
          138.8391544,
          36.3080651
        ]
      },
      "properties": {
        "内容": "バス停: 番匠屋敷",
        "name": "番匠屋敷",
        "operator": "事業者不明",
        "ref": "",
        "url": "",
        "url2": ""
      }
    },
    {
      "type": "Feature",
      "geometry": {
        "type": "Point",
        "coordinates": [
          138.8368651,
          36.3068958
        ]
      },
      "properties": {
        "内容": "バス停: 日枝神社前",
        "name": "日枝神社前",
        "operator": "事業者不明",
        "ref": "",
        "url": "",
        "url2": ""
      }
    },
    {
      "type": "Feature",
      "geometry": {
        "type": "Point",
        "coordinates": [
          138.8369416,
          36.3068201
        ]
      },
      "properties": {
        "内容": "バス停: 日枝神社前",
        "name": "日枝神社前",
        "operator": "事業者不明",
        "ref": "",
        "url": "",
        "url2": ""
      }
    },
    {
      "type": "Feature",
      "geometry": {
        "type": "Point",
        "coordinates": [
          138.8333306,
          36.3063684
        ]
      },
      "properties": {
        "内容": "バス停: 郷原分校前",
        "name": "郷原分校前",
        "operator": "事業者不明",
        "ref": "",
        "url": "",
        "url2": ""
      }
    },
    {
      "type": "Feature",
      "geometry": {
        "type": "Point",
        "coordinates": [
          138.8327942,
          36.3062851
        ]
      },
      "properties": {
        "内容": "バス停: 郷原分校前",
        "name": "郷原分校前",
        "operator": "事業者不明",
        "ref": "",
        "url": "",
        "url2": ""
      }
    },
    {
      "type": "Feature",
      "geometry": {
        "type": "Point",
        "coordinates": [
          138.889541,
          36.3244423
        ]
      },
      "properties": {
        "内容": "バス停: 市役所入口",
        "name": "市役所入口",
        "operator": "事業者不明",
        "ref": "",
        "url": "",
        "url2": ""
      }
    },
    {
      "type": "Feature",
      "geometry": {
        "type": "Point",
        "coordinates": [
          138.8811001,
          36.3218474
        ]
      },
      "properties": {
        "内容": "バス停: 安中総合学園高校前",
        "name": "安中総合学園高校前",
        "operator": "事業者不明",
        "ref": "",
        "url": "",
        "url2": ""
      }
    },
    {
      "type": "Feature",
      "geometry": {
        "type": "Point",
        "coordinates": [
          138.8808762,
          36.3216843
        ]
      },
      "properties": {
        "内容": "バス停: 安中総合学園高校前",
        "name": "安中総合学園高校前",
        "operator": "事業者不明",
        "ref": "",
        "url": "",
        "url2": ""
      }
    },
    {
      "type": "Feature",
      "geometry": {
        "type": "Point",
        "coordinates": [
          138.940737,
          36.3363625
        ]
      },
      "properties": {
        "内容": "バス停: 板鼻下町入口 (群馬バス)",
        "name": "板鼻下町入口",
        "operator": "群馬バス",
        "ref": "",
        "url": "",
        "url2": ""
      }
    },
    {
      "type": "Feature",
      "geometry": {
        "type": "Point",
        "coordinates": [
          138.9406995,
          36.3362625
        ]
      },
      "properties": {
        "内容": "バス停: 板鼻下町入口 (群馬バス)",
        "name": "板鼻下町入口",
        "operator": "群馬バス",
        "ref": "",
        "url": "",
        "url2": ""
      }
    },
    {
      "type": "Feature",
      "geometry": {
        "type": "Point",
        "coordinates": [
          138.9933217,
          36.3324844
        ]
      },
      "properties": {
        "内容": "バス停: 並榎坂下 (ぐるりん)",
        "name": "並榎坂下",
        "operator": "ぐるりん",
        "ref": "",
        "url": "",
        "url2": ""
      }
    },
    {
      "type": "Feature",
      "geometry": {
        "type": "Point",
        "coordinates": [
          138.9860241,
          36.3328994
        ]
      },
      "properties": {
        "内容": "バス停: 君が代橋西 (群馬バス)",
        "name": "君が代橋西",
        "operator": "群馬バス",
        "ref": "",
        "url": "",
        "url2": ""
      }
    },
    {
      "type": "Feature",
      "geometry": {
        "type": "Point",
        "coordinates": [
          138.9861985,
          36.3329361
        ]
      },
      "properties": {
        "内容": "バス停: 君が代橋西 (群馬バス)",
        "name": "君が代橋西",
        "operator": "群馬バス",
        "ref": "",
        "url": "",
        "url2": ""
      }
    },
    {
      "type": "Feature",
      "geometry": {
        "type": "Point",
        "coordinates": [
          138.9827186,
          36.3346812
        ]
      },
      "properties": {
        "内容": "バス停: 下豊岡 (群馬バス)",
        "name": "下豊岡",
        "operator": "群馬バス",
        "ref": "",
        "url": "",
        "url2": ""
      }
    },
    {
      "type": "Feature",
      "geometry": {
        "type": "Point",
        "coordinates": [
          138.9784938,
          36.3342039
        ]
      },
      "properties": {
        "内容": "バス停: 中豊岡町 (ぐるりん)",
        "name": "中豊岡町",
        "operator": "ぐるりん",
        "ref": "",
        "url": "",
        "url2": ""
      }
    },
    {
      "type": "Feature",
      "geometry": {
        "type": "Point",
        "coordinates": [
          138.9782906,
          36.3341316
        ]
      },
      "properties": {
        "内容": "バス停: 中豊岡町 (ぐるりん)",
        "name": "中豊岡町",
        "operator": "ぐるりん",
        "ref": "",
        "url": "",
        "url2": ""
      }
    },
    {
      "type": "Feature",
      "geometry": {
        "type": "Point",
        "coordinates": [
          138.9735351,
          36.3339998
        ]
      },
      "properties": {
        "内容": "バス停: 豊岡小学校入口 (ぐるりん)",
        "name": "豊岡小学校入口",
        "operator": "ぐるりん",
        "ref": "",
        "url": "",
        "url2": ""
      }
    },
    {
      "type": "Feature",
      "geometry": {
        "type": "Point",
        "coordinates": [
          138.9736062,
          36.3339257
        ]
      },
      "properties": {
        "内容": "バス停: 豊岡小学校入口 (ぐるりん)",
        "name": "豊岡小学校入口",
        "operator": "ぐるりん",
        "ref": "",
        "url": "",
        "url2": ""
      }
    },
    {
      "type": "Feature",
      "geometry": {
        "type": "Point",
        "coordinates": [
          138.9581881,
          36.3332457
        ]
      },
      "properties": {
        "内容": "バス停: 名称不明バス停 (群馬バス)",
        "name": "名称不明バス停",
        "operator": "群馬バス",
        "ref": "",
        "url": "",
        "url2": ""
      }
    },
    {
      "type": "Feature",
      "geometry": {
        "type": "Point",
        "coordinates": [
          138.9532511,
          36.3337368
        ]
      },
      "properties": {
        "内容": "バス停: 八幡大門前 (群馬バス)",
        "name": "八幡大門前",
        "operator": "群馬バス",
        "ref": "",
        "url": "",
        "url2": ""
      }
    },
    {
      "type": "Feature",
      "geometry": {
        "type": "Point",
        "coordinates": [
          139.0073937,
          36.323528
        ]
      },
      "properties": {
        "内容": "バス停: あら町銀行前",
        "name": "あら町銀行前",
        "operator": "事業者不明",
        "ref": "",
        "url": "",
        "url2": ""
      }
    },
    {
      "type": "Feature",
      "geometry": {
        "type": "Point",
        "coordinates": [
          139.0071331,
          36.3252716
        ]
      },
      "properties": {
        "内容": "バス停: 連雀町",
        "name": "連雀町",
        "operator": "事業者不明",
        "ref": "",
        "url": "",
        "url2": ""
      }
    },
    {
      "type": "Feature",
      "geometry": {
        "type": "Point",
        "coordinates": [
          139.0067649,
          36.3275635
        ]
      },
      "properties": {
        "内容": "バス停: 田町",
        "name": "田町",
        "operator": "事業者不明",
        "ref": "",
        "url": "",
        "url2": ""
      }
    },
    {
      "type": "Feature",
      "geometry": {
        "type": "Point",
        "coordinates": [
          139.0065902,
          36.3278822
        ]
      },
      "properties": {
        "内容": "バス停: 田町",
        "name": "田町",
        "operator": "事業者不明",
        "ref": "",
        "url": "",
        "url2": ""
      }
    },
    {
      "type": "Feature",
      "geometry": {
        "type": "Point",
        "coordinates": [
          139.0033807,
          36.3304242
        ]
      },
      "properties": {
        "内容": "バス停: 本町二丁目",
        "name": "本町二丁目",
        "operator": "事業者不明",
        "ref": "",
        "url": "",
        "url2": ""
      }
    },
    {
      "type": "Feature",
      "geometry": {
        "type": "Point",
        "coordinates": [
          138.9982677,
          36.3295291
        ]
      },
      "properties": {
        "内容": "バス停: 常磐町 (ぐるりん少林山線 豊岡・群馬八幡コース上り)",
        "name": "常磐町",
        "operator": "ぐるりん少林山線 豊岡・群馬八幡コース上り",
        "ref": "",
        "url": "",
        "url2": ""
      }
    },
    {
      "type": "Feature",
      "geometry": {
        "type": "Point",
        "coordinates": [
          138.9976032,
          36.3292709
        ]
      },
      "properties": {
        "内容": "バス停: 名称不明バス停 (ぐるりん)",
        "name": "名称不明バス停",
        "operator": "ぐるりん",
        "ref": "",
        "url": "",
        "url2": ""
      }
    },
    {
      "type": "Feature",
      "geometry": {
        "type": "Point",
        "coordinates": [
          138.9954481,
          36.3308868
        ]
      },
      "properties": {
        "内容": "バス停: 歌川町パークレーン前 (ぐるりん少林山線２)",
        "name": "歌川町パークレーン前",
        "operator": "ぐるりん少林山線２",
        "ref": "",
        "url": "",
        "url2": ""
      }
    },
    {
      "type": "Feature",
      "geometry": {
        "type": "Point",
        "coordinates": [
          138.9947614,
          36.3313296
        ]
      },
      "properties": {
        "内容": "バス停: 歌川町パークレーン前 (ぐるりん少林山線２)",
        "name": "歌川町パークレーン前",
        "operator": "ぐるりん少林山線２",
        "ref": "",
        "url": "",
        "url2": ""
      }
    },
    {
      "type": "Feature",
      "geometry": {
        "type": "Point",
        "coordinates": [
          138.9934485,
          36.3322722
        ]
      },
      "properties": {
        "内容": "バス停: 並榎坂下 (ぐるりん)",
        "name": "並榎坂下",
        "operator": "ぐるりん",
        "ref": "",
        "url": "",
        "url2": ""
      }
    },
    {
      "type": "Feature",
      "geometry": {
        "type": "Point",
        "coordinates": [
          139.075001,
          36.2932286
        ]
      },
      "properties": {
        "内容": "バス停: 岩鼻町",
        "name": "岩鼻町",
        "operator": "事業者不明",
        "ref": "",
        "url": "",
        "url2": ""
      }
    },
    {
      "type": "Feature",
      "geometry": {
        "type": "Point",
        "coordinates": [
          139.0629539,
          36.2940653
        ]
      },
      "properties": {
        "内容": "バス停: 三条機械前",
        "name": "三条機械前",
        "operator": "事業者不明",
        "ref": "",
        "url": "",
        "url2": ""
      }
    },
    {
      "type": "Feature",
      "geometry": {
        "type": "Point",
        "coordinates": [
          139.0555644,
          36.2947743
        ]
      },
      "properties": {
        "内容": "バス停: 名称不明バス停",
        "name": "名称不明バス停",
        "operator": "事業者不明",
        "ref": "",
        "url": "",
        "url2": ""
      }
    },
    {
      "type": "Feature",
      "geometry": {
        "type": "Point",
        "coordinates": [
          139.0541697,
          36.2953818
        ]
      },
      "properties": {
        "内容": "バス停: 名称不明バス停",
        "name": "名称不明バス停",
        "operator": "事業者不明",
        "ref": "",
        "url": "",
        "url2": ""
      }
    },
    {
      "type": "Feature",
      "geometry": {
        "type": "Point",
        "coordinates": [
          139.0506479,
          36.2959785
        ]
      },
      "properties": {
        "内容": "バス停: 倉賀野中町",
        "name": "倉賀野中町",
        "operator": "事業者不明",
        "ref": "",
        "url": "",
        "url2": ""
      }
    },
    {
      "type": "Feature",
      "geometry": {
        "type": "Point",
        "coordinates": [
          139.0503153,
          36.296119
        ]
      },
      "properties": {
        "内容": "バス停: 倉賀野中町",
        "name": "倉賀野中町",
        "operator": "事業者不明",
        "ref": "",
        "url": "",
        "url2": ""
      }
    },
    {
      "type": "Feature",
      "geometry": {
        "type": "Point",
        "coordinates": [
          139.0464261,
          36.2968269
        ]
      },
      "properties": {
        "内容": "バス停: 倉賀野上町",
        "name": "倉賀野上町",
        "operator": "事業者不明",
        "ref": "",
        "url": "",
        "url2": ""
      }
    },
    {
      "type": "Feature",
      "geometry": {
        "type": "Point",
        "coordinates": [
          139.0440738,
          36.2972647
        ]
      },
      "properties": {
        "内容": "バス停: 倉賀野神社入口",
        "name": "倉賀野神社入口",
        "operator": "事業者不明",
        "ref": "",
        "url": "",
        "url2": ""
      }
    },
    {
      "type": "Feature",
      "geometry": {
        "type": "Point",
        "coordinates": [
          139.0414426,
          36.2978268
        ]
      },
      "properties": {
        "内容": "バス停: 倉賀野中学校入口",
        "name": "倉賀野中学校入口",
        "operator": "事業者不明",
        "ref": "",
        "url": "",
        "url2": ""
      }
    },
    {
      "type": "Feature",
      "geometry": {
        "type": "Point",
        "coordinates": [
          139.036168,
          36.2994524
        ]
      },
      "properties": {
        "内容": "バス停: フレッセイ倉賀野西店前",
        "name": "フレッセイ倉賀野西店前",
        "operator": "事業者不明",
        "ref": "",
        "url": "",
        "url2": ""
      }
    },
    {
      "type": "Feature",
      "geometry": {
        "type": "Point",
        "coordinates": [
          139.0332001,
          36.3008337
        ]
      },
      "properties": {
        "内容": "バス停: 倉賀野町西上正六",
        "name": "倉賀野町西上正六",
        "operator": "事業者不明",
        "ref": "",
        "url": "",
        "url2": ""
      }
    },
    {
      "type": "Feature",
      "geometry": {
        "type": "Point",
        "coordinates": [
          139.028226,
          36.3045938
        ]
      },
      "properties": {
        "内容": "バス停: 倉賀野町西上正六",
        "name": "倉賀野町西上正六",
        "operator": "事業者不明",
        "ref": "",
        "url": "",
        "url2": ""
      }
    },
    {
      "type": "Feature",
      "geometry": {
        "type": "Point",
        "coordinates": [
          139.02477,
          36.3072881
        ]
      },
      "properties": {
        "内容": "バス停: 佐野小学校入口",
        "name": "佐野小学校入口",
        "operator": "事業者不明",
        "ref": "",
        "url": "",
        "url2": ""
      }
    },
    {
      "type": "Feature",
      "geometry": {
        "type": "Point",
        "coordinates": [
          139.0236622,
          36.3076836
        ]
      },
      "properties": {
        "内容": "バス停: 佐野小学校入口",
        "name": "佐野小学校入口",
        "operator": "事業者不明",
        "ref": "",
        "url": "",
        "url2": ""
      }
    },
    {
      "type": "Feature",
      "geometry": {
        "type": "Point",
        "coordinates": [
          139.0206042,
          36.3092322
        ]
      },
      "properties": {
        "内容": "バス停: 上佐野町北 (12)",
        "name": "上佐野町北",
        "operator": "12",
        "ref": "",
        "url": "",
        "url2": ""
      }
    },
    {
      "type": "Feature",
      "geometry": {
        "type": "Point",
        "coordinates": [
          139.0205215,
          36.30943
        ]
      },
      "properties": {
        "内容": "バス停: 上佐野町北 (12)",
        "name": "上佐野町北",
        "operator": "12",
        "ref": "",
        "url": "",
        "url2": ""
      }
    },
    {
      "type": "Feature",
      "geometry": {
        "type": "Point",
        "coordinates": [
          139.0174522,
          36.3113137
        ]
      },
      "properties": {
        "内容": "バス停: 和田多中町 (11; 16)",
        "name": "和田多中町",
        "operator": "11; 16",
        "ref": "",
        "url": "",
        "url2": ""
      }
    },
    {
      "type": "Feature",
      "geometry": {
        "type": "Point",
        "coordinates": [
          139.0172625,
          36.3113472
        ]
      },
      "properties": {
        "内容": "バス停: 和田多中町 (11; 16)",
        "name": "和田多中町",
        "operator": "11; 16",
        "ref": "",
        "url": "",
        "url2": ""
      }
    },
    {
      "type": "Feature",
      "geometry": {
        "type": "Point",
        "coordinates": [
          139.111125,
          36.2741458
        ]
      },
      "properties": {
        "内容": "バス停: 新町郵便局前",
        "name": "新町郵便局前",
        "operator": "事業者不明",
        "ref": "",
        "url": "",
        "url2": ""
      }
    },
    {
      "type": "Feature",
      "geometry": {
        "type": "Point",
        "coordinates": [
          139.0087854,
          36.3140803
        ]
      },
      "properties": {
        "内容": "バス停: 名称不明バス停",
        "name": "名称不明バス停",
        "operator": "事業者不明",
        "ref": "",
        "url": "",
        "url2": ""
      }
    },
    {
      "type": "Feature",
      "geometry": {
        "type": "Point",
        "coordinates": [
          139.0761356,
          36.6564529
        ]
      },
      "properties": {
        "内容": "バス停: 沼田インター入り口（土橋）",
        "name": "沼田インター入り口（土橋）",
        "operator": "事業者不明",
        "ref": "",
        "url": "",
        "url2": ""
      }
    },
    {
      "type": "Feature",
      "geometry": {
        "type": "Point",
        "coordinates": [
          139.0765889,
          36.6568445
        ]
      },
      "properties": {
        "内容": "バス停: 沼田インター入り口（土橋）",
        "name": "沼田インター入り口（土橋）",
        "operator": "事業者不明",
        "ref": "",
        "url": "",
        "url2": ""
      }
    },
    {
      "type": "Feature",
      "geometry": {
        "type": "Point",
        "coordinates": [
          139.2084966,
          36.699893
        ]
      },
      "properties": {
        "内容": "バス停: 吹割の滝",
        "name": "吹割の滝",
        "operator": "事業者不明",
        "ref": "",
        "url": "",
        "url2": ""
      }
    },
    {
      "type": "Feature",
      "geometry": {
        "type": "Point",
        "coordinates": [
          139.2086267,
          36.6999618
        ]
      },
      "properties": {
        "内容": "バス停: 吹割の滝",
        "name": "吹割の滝",
        "operator": "事業者不明",
        "ref": "",
        "url": "",
        "url2": ""
      }
    },
    {
      "type": "Feature",
      "geometry": {
        "type": "Point",
        "coordinates": [
          139.2180312,
          36.7213169
        ]
      },
      "properties": {
        "内容": "バス停: 名称不明バス停",
        "name": "名称不明バス停",
        "operator": "事業者不明",
        "ref": "",
        "url": "",
        "url2": ""
      }
    },
    {
      "type": "Feature",
      "geometry": {
        "type": "Point",
        "coordinates": [
          139.2176208,
          36.7215469
        ]
      },
      "properties": {
        "内容": "バス停: 切通し;花咲入口",
        "name": "切通し;花咲入口",
        "operator": "事業者不明",
        "ref": "",
        "url": "",
        "url2": ""
      }
    },
    {
      "type": "Feature",
      "geometry": {
        "type": "Point",
        "coordinates": [
          139.2179748,
          36.7222306
        ]
      },
      "properties": {
        "内容": "バス停: 切通し;花咲入口",
        "name": "切通し;花咲入口",
        "operator": "事業者不明",
        "ref": "",
        "url": "",
        "url2": ""
      }
    },
    {
      "type": "Feature",
      "geometry": {
        "type": "Point",
        "coordinates": [
          139.2260644,
          36.7699555
        ]
      },
      "properties": {
        "内容": "バス停: 鎌田",
        "name": "鎌田",
        "operator": "事業者不明",
        "ref": "",
        "url": "",
        "url2": ""
      }
    },
    {
      "type": "Feature",
      "geometry": {
        "type": "Point",
        "coordinates": [
          139.2371325,
          36.8107557
        ]
      },
      "properties": {
        "内容": "バス停: 土出温泉",
        "name": "土出温泉",
        "operator": "事業者不明",
        "ref": "",
        "url": "",
        "url2": ""
      }
    },
    {
      "type": "Feature",
      "geometry": {
        "type": "Point",
        "coordinates": [
          139.2372143,
          36.8107783
        ]
      },
      "properties": {
        "内容": "バス停: 土出温泉",
        "name": "土出温泉",
        "operator": "事業者不明",
        "ref": "",
        "url": "",
        "url2": ""
      }
    },
    {
      "type": "Feature",
      "geometry": {
        "type": "Point",
        "coordinates": [
          139.2484286,
          36.8390278
        ]
      },
      "properties": {
        "内容": "バス停: 尾瀬戸倉",
        "name": "尾瀬戸倉",
        "operator": "事業者不明",
        "ref": "",
        "url": "",
        "url2": ""
      }
    },
    {
      "type": "Feature",
      "geometry": {
        "type": "Point",
        "coordinates": [
          139.3077323,
          36.8762703
        ]
      },
      "properties": {
        "内容": "バス停: 大清水駐車場",
        "name": "大清水駐車場",
        "operator": "事業者不明",
        "ref": "",
        "url": "",
        "url2": ""
      }
    },
    {
      "type": "Feature",
      "geometry": {
        "type": "Point",
        "coordinates": [
          139.4010276,
          36.2943984
        ]
      },
      "properties": {
        "内容": "バス停: イオンモール太田東口 (矢島タクシー)",
        "name": "イオンモール太田東口",
        "operator": "矢島タクシー",
        "ref": "",
        "url": "",
        "url2": ""
      }
    },
    {
      "type": "Feature",
      "geometry": {
        "type": "Point",
        "coordinates": [
          138.5511633,
          36.531663
        ]
      },
      "properties": {
        "内容": "バス停: 万座・鹿沢口駅 (西武観光バス)",
        "name": "万座・鹿沢口駅",
        "operator": "西武観光バス",
        "ref": "",
        "url": "",
        "url2": ""
      }
    },
    {
      "type": "Feature",
      "geometry": {
        "type": "Point",
        "coordinates": [
          139.6112994,
          36.2211191
        ]
      },
      "properties": {
        "内容": "バス停: 旧役場入口 (館林市外四町広域公共路線バス)",
        "name": "旧役場入口",
        "operator": "館林市外四町広域公共路線バス",
        "ref": "",
        "url": "",
        "url2": ""
      }
    },
    {
      "type": "Feature",
      "geometry": {
        "type": "Point",
        "coordinates": [
          139.6112215,
          36.2212186
        ]
      },
      "properties": {
        "内容": "バス停: 旧役場入口 (館林市外四町広域公共路線バス)",
        "name": "旧役場入口",
        "operator": "館林市外四町広域公共路線バス",
        "ref": "",
        "url": "",
        "url2": ""
      }
    },
    {
      "type": "Feature",
      "geometry": {
        "type": "Point",
        "coordinates": [
          139.6129757,
          36.2209654
        ]
      },
      "properties": {
        "内容": "バス停: 商工会館前 (館林市外四町広域公共路線バス)",
        "name": "商工会館前",
        "operator": "館林市外四町広域公共路線バス",
        "ref": "",
        "url": "",
        "url2": ""
      }
    },
    {
      "type": "Feature",
      "geometry": {
        "type": "Point",
        "coordinates": [
          139.612788,
          36.2209005
        ]
      },
      "properties": {
        "内容": "バス停: 商工会館前 (館林市外四町広域公共路線バス)",
        "name": "商工会館前",
        "operator": "館林市外四町広域公共路線バス",
        "ref": "",
        "url": "",
        "url2": ""
      }
    },
    {
      "type": "Feature",
      "geometry": {
        "type": "Point",
        "coordinates": [
          139.6154943,
          36.2208161
        ]
      },
      "properties": {
        "内容": "バス停: 板倉郵便局前 (館林市外四町広域公共路線バス)",
        "name": "板倉郵便局前",
        "operator": "館林市外四町広域公共路線バス",
        "ref": "",
        "url": "",
        "url2": ""
      }
    },
    {
      "type": "Feature",
      "geometry": {
        "type": "Point",
        "coordinates": [
          139.6162507,
          36.2204158
        ]
      },
      "properties": {
        "内容": "バス停: 板倉郵便局前 (館林市外四町広域公共路線バス)",
        "name": "板倉郵便局前",
        "operator": "館林市外四町広域公共路線バス",
        "ref": "",
        "url": "",
        "url2": ""
      }
    },
    {
      "type": "Feature",
      "geometry": {
        "type": "Point",
        "coordinates": [
          139.6190643,
          36.2190223
        ]
      },
      "properties": {
        "内容": "バス停: 旧板倉変電所前 (館林市外四町広域公共路線バス)",
        "name": "旧板倉変電所前",
        "operator": "館林市外四町広域公共路線バス",
        "ref": "",
        "url": "",
        "url2": ""
      }
    },
    {
      "type": "Feature",
      "geometry": {
        "type": "Point",
        "coordinates": [
          139.6191797,
          36.2190526
        ]
      },
      "properties": {
        "内容": "バス停: 旧板倉変電所前 (館林市外四町広域公共路線バス)",
        "name": "旧板倉変電所前",
        "operator": "館林市外四町広域公共路線バス",
        "ref": "",
        "url": "",
        "url2": ""
      }
    },
    {
      "type": "Feature",
      "geometry": {
        "type": "Point",
        "coordinates": [
          139.6218874,
          36.2177153
        ]
      },
      "properties": {
        "内容": "バス停: 板倉ゴルフ場前 (館林市外四町広域公共路線バス)",
        "name": "板倉ゴルフ場前",
        "operator": "館林市外四町広域公共路線バス",
        "ref": "",
        "url": "",
        "url2": ""
      }
    },
    {
      "type": "Feature",
      "geometry": {
        "type": "Point",
        "coordinates": [
          139.6218243,
          36.217619
        ]
      },
      "properties": {
        "内容": "バス停: 板倉ゴルフ場前 (館林市外四町広域公共路線バス)",
        "name": "板倉ゴルフ場前",
        "operator": "館林市外四町広域公共路線バス",
        "ref": "",
        "url": "",
        "url2": ""
      }
    },
    {
      "type": "Feature",
      "geometry": {
        "type": "Point",
        "coordinates": [
          139.6310779,
          36.2152137
        ]
      },
      "properties": {
        "内容": "バス停: 小保呂 (館林市外四町広域公共路線バス)",
        "name": "小保呂",
        "operator": "館林市外四町広域公共路線バス",
        "ref": "",
        "url": "",
        "url2": ""
      }
    },
    {
      "type": "Feature",
      "geometry": {
        "type": "Point",
        "coordinates": [
          139.631153,
          36.2151574
        ]
      },
      "properties": {
        "内容": "バス停: 小保呂 (館林市外四町広域公共路線バス)",
        "name": "小保呂",
        "operator": "館林市外四町広域公共路線バス",
        "ref": "",
        "url": "",
        "url2": ""
      }
    },
    {
      "type": "Feature",
      "geometry": {
        "type": "Point",
        "coordinates": [
          139.635053,
          36.2160371
        ]
      },
      "properties": {
        "内容": "バス停: 中新田 (館林市外四町広域公共路線バス)",
        "name": "中新田",
        "operator": "館林市外四町広域公共路線バス",
        "ref": "",
        "url": "",
        "url2": ""
      }
    },
    {
      "type": "Feature",
      "geometry": {
        "type": "Point",
        "coordinates": [
          139.6350718,
          36.2161312
        ]
      },
      "properties": {
        "内容": "バス停: 中新田 (館林市外四町広域公共路線バス)",
        "name": "中新田",
        "operator": "館林市外四町広域公共路線バス",
        "ref": "",
        "url": "",
        "url2": ""
      }
    },
    {
      "type": "Feature",
      "geometry": {
        "type": "Point",
        "coordinates": [
          139.6388268,
          36.2190288
        ]
      },
      "properties": {
        "内容": "バス停: 花公園前 (館林市外四町広域公共路線バス)",
        "name": "花公園前",
        "operator": "館林市外四町広域公共路線バス",
        "ref": "",
        "url": "",
        "url2": ""
      }
    },
    {
      "type": "Feature",
      "geometry": {
        "type": "Point",
        "coordinates": [
          139.6387222,
          36.2190807
        ]
      },
      "properties": {
        "内容": "バス停: 花公園前 (館林市外四町広域公共路線バス)",
        "name": "花公園前",
        "operator": "館林市外四町広域公共路線バス",
        "ref": "",
        "url": "",
        "url2": ""
      }
    },
    {
      "type": "Feature",
      "geometry": {
        "type": "Point",
        "coordinates": [
          139.5868778,
          36.2243626
        ]
      },
      "properties": {
        "内容": "バス停: 岩田 (館林市外四町広域公共路線バス)",
        "name": "岩田",
        "operator": "館林市外四町広域公共路線バス",
        "ref": "",
        "url": "",
        "url2": ""
      }
    },
    {
      "type": "Feature",
      "geometry": {
        "type": "Point",
        "coordinates": [
          139.5880902,
          36.2243691
        ]
      },
      "properties": {
        "内容": "バス停: 岩田 (館林市外四町広域公共路線バス)",
        "name": "岩田",
        "operator": "館林市外四町広域公共路線バス",
        "ref": "",
        "url": "",
        "url2": ""
      }
    },
    {
      "type": "Feature",
      "geometry": {
        "type": "Point",
        "coordinates": [
          139.5923495,
          36.2240965
        ]
      },
      "properties": {
        "内容": "バス停: 原宿上 (館林市外四町広域公共路線バス)",
        "name": "原宿上",
        "operator": "館林市外四町広域公共路線バス",
        "ref": "",
        "url": "",
        "url2": ""
      }
    },
    {
      "type": "Feature",
      "geometry": {
        "type": "Point",
        "coordinates": [
          139.5922798,
          36.2240251
        ]
      },
      "properties": {
        "内容": "バス停: 原宿上 (館林市外四町広域公共路線バス)",
        "name": "原宿上",
        "operator": "館林市外四町広域公共路線バス",
        "ref": "",
        "url": "",
        "url2": ""
      }
    },
    {
      "type": "Feature",
      "geometry": {
        "type": "Point",
        "coordinates": [
          139.6411979,
          36.2213614
        ]
      },
      "properties": {
        "内容": "バス停: 東洋大前 (館林市外四町広域公共路線バス)",
        "name": "東洋大前",
        "operator": "館林市外四町広域公共路線バス",
        "ref": "",
        "url": "",
        "url2": ""
      }
    },
    {
      "type": "Feature",
      "geometry": {
        "type": "Point",
        "coordinates": [
          139.6410799,
          36.2214566
        ]
      },
      "properties": {
        "内容": "バス停: 東洋大前 (館林市外四町広域公共路線バス)",
        "name": "東洋大前",
        "operator": "館林市外四町広域公共路線バス",
        "ref": "",
        "url": "",
        "url2": ""
      }
    },
    {
      "type": "Feature",
      "geometry": {
        "type": "Point",
        "coordinates": [
          139.6442556,
          36.2214047
        ]
      },
      "properties": {
        "内容": "バス停: 朝日野一丁目 (館林市外四町広域公共路線バス)",
        "name": "朝日野一丁目",
        "operator": "館林市外四町広域公共路線バス",
        "ref": "",
        "url": "",
        "url2": ""
      }
    },
    {
      "type": "Feature",
      "geometry": {
        "type": "Point",
        "coordinates": [
          139.6442476,
          36.2215475
        ]
      },
      "properties": {
        "内容": "バス停: 朝日野一丁目 (館林市外四町広域公共路線バス)",
        "name": "朝日野一丁目",
        "operator": "館林市外四町広域公共路線バス",
        "ref": "",
        "url": "",
        "url2": ""
      }
    },
    {
      "type": "Feature",
      "geometry": {
        "type": "Point",
        "coordinates": [
          139.6020953,
          36.2259713
        ]
      },
      "properties": {
        "内容": "バス停: 板倉町役場前 (館林市外四町広域公共路線バス)",
        "name": "板倉町役場前",
        "operator": "館林市外四町広域公共路線バス",
        "ref": "",
        "url": "",
        "url2": ""
      }
    },
    {
      "type": "Feature",
      "geometry": {
        "type": "Point",
        "coordinates": [
          139.5979285,
          36.2234127
        ]
      },
      "properties": {
        "内容": "バス停: 西小学校前 (館林市外四町広域公共路線バス)",
        "name": "西小学校前",
        "operator": "館林市外四町広域公共路線バス",
        "ref": "",
        "url": "",
        "url2": ""
      }
    },
    {
      "type": "Feature",
      "geometry": {
        "type": "Point",
        "coordinates": [
          139.5973626,
          36.2235707
        ]
      },
      "properties": {
        "内容": "バス停: 西小学校前 (館林市外四町広域公共路線バス)",
        "name": "西小学校前",
        "operator": "館林市外四町広域公共路線バス",
        "ref": "",
        "url": "",
        "url2": ""
      }
    },
    {
      "type": "Feature",
      "geometry": {
        "type": "Point",
        "coordinates": [
          139.6006215,
          36.2231942
        ]
      },
      "properties": {
        "内容": "バス停: 原宿下 (館林市外四町広域公共路線バス)",
        "name": "原宿下",
        "operator": "館林市外四町広域公共路線バス",
        "ref": "",
        "url": "",
        "url2": ""
      }
    },
    {
      "type": "Feature",
      "geometry": {
        "type": "Point",
        "coordinates": [
          139.6010345,
          36.2230643
        ]
      },
      "properties": {
        "内容": "バス停: 原宿下 (館林市外四町広域公共路線バス)",
        "name": "原宿下",
        "operator": "館林市外四町広域公共路線バス",
        "ref": "",
        "url": "",
        "url2": ""
      }
    },
    {
      "type": "Feature",
      "geometry": {
        "type": "Point",
        "coordinates": [
          139.6046743,
          36.2224931
        ]
      },
      "properties": {
        "内容": "バス停: 板倉高校前 (館林市外四町広域公共路線バス)",
        "name": "板倉高校前",
        "operator": "館林市外四町広域公共路線バス",
        "ref": "",
        "url": "",
        "url2": ""
      }
    },
    {
      "type": "Feature",
      "geometry": {
        "type": "Point",
        "coordinates": [
          139.605318,
          36.2224087
        ]
      },
      "properties": {
        "内容": "バス停: 板倉高校前 (館林市外四町広域公共路線バス)",
        "name": "板倉高校前",
        "operator": "館林市外四町広域公共路線バス",
        "ref": "",
        "url": "",
        "url2": ""
      }
    },
    {
      "type": "Feature",
      "geometry": {
        "type": "Point",
        "coordinates": [
          139.5287101,
          36.24606
        ]
      },
      "properties": {
        "内容": "バス停: 館林駅東口 (館林市外四町広域公共路線バス)",
        "name": "館林駅東口",
        "operator": "館林市外四町広域公共路線バス",
        "ref": "",
        "url": "",
        "url2": ""
      }
    },
    {
      "type": "Feature",
      "geometry": {
        "type": "Point",
        "coordinates": [
          139.5323592,
          36.2454802
        ]
      },
      "properties": {
        "内容": "バス停: 本町二丁目南 (館林市外四町広域公共路線バス)",
        "name": "本町二丁目南",
        "operator": "館林市外四町広域公共路線バス",
        "ref": "",
        "url": "",
        "url2": ""
      }
    },
    {
      "type": "Feature",
      "geometry": {
        "type": "Point",
        "coordinates": [
          139.5324317,
          36.2456057
        ]
      },
      "properties": {
        "内容": "バス停: 本町二丁目南 (館林市外四町広域公共路線バス)",
        "name": "本町二丁目南",
        "operator": "館林市外四町広域公共路線バス",
        "ref": "",
        "url": "",
        "url2": ""
      }
    },
    {
      "type": "Feature",
      "geometry": {
        "type": "Point",
        "coordinates": [
          139.5348671,
          36.2454976
        ]
      },
      "properties": {
        "内容": "バス停: 第二小学校西 (館林市外四町広域公共路線バス)",
        "name": "第二小学校西",
        "operator": "館林市外四町広域公共路線バス",
        "ref": "",
        "url": "",
        "url2": ""
      }
    },
    {
      "type": "Feature",
      "geometry": {
        "type": "Point",
        "coordinates": [
          139.5351058,
          36.2453959
        ]
      },
      "properties": {
        "内容": "バス停: 第二小学校西 (館林市外四町広域公共路線バス)",
        "name": "第二小学校西",
        "operator": "館林市外四町広域公共路線バス",
        "ref": "",
        "url": "",
        "url2": ""
      }
    },
    {
      "type": "Feature",
      "geometry": {
        "type": "Point",
        "coordinates": [
          139.5423907,
          36.2445641
        ]
      },
      "properties": {
        "内容": "バス停: 館林市役所",
        "name": "館林市役所",
        "operator": "事業者不明",
        "ref": "",
        "url": "",
        "url2": ""
      }
    },
    {
      "type": "Feature",
      "geometry": {
        "type": "Point",
        "coordinates": [
          139.5423572,
          36.2445641
        ]
      },
      "properties": {
        "内容": "バス停: 館林市役所",
        "name": "館林市役所",
        "operator": "事業者不明",
        "ref": "",
        "url": "",
        "url2": ""
      }
    },
    {
      "type": "Feature",
      "geometry": {
        "type": "Point",
        "coordinates": [
          139.5423129,
          36.2445652
        ]
      },
      "properties": {
        "内容": "バス停: 館林市役所前 (館林市外四町広域公共路線バス)",
        "name": "館林市役所前",
        "operator": "館林市外四町広域公共路線バス",
        "ref": "",
        "url": "",
        "url2": ""
      }
    },
    {
      "type": "Feature",
      "geometry": {
        "type": "Point",
        "coordinates": [
          139.542329,
          36.2446366
        ]
      },
      "properties": {
        "内容": "バス停: 館林市役所前 (館林市外四町広域公共路線バス)",
        "name": "館林市役所前",
        "operator": "館林市外四町広域公共路線バス",
        "ref": "",
        "url": "",
        "url2": ""
      }
    },
    {
      "type": "Feature",
      "geometry": {
        "type": "Point",
        "coordinates": [
          139.5479429,
          36.2396243
        ]
      },
      "properties": {
        "内容": "バス停: つつじ町 (館林市外四町広域公共路線バス)",
        "name": "つつじ町",
        "operator": "館林市外四町広域公共路線バス",
        "ref": "",
        "url": "",
        "url2": ""
      }
    },
    {
      "type": "Feature",
      "geometry": {
        "type": "Point",
        "coordinates": [
          139.5478195,
          36.2395854
        ]
      },
      "properties": {
        "内容": "バス停: つつじ町 (館林市外四町広域公共路線バス)",
        "name": "つつじ町",
        "operator": "館林市外四町広域公共路線バス",
        "ref": "",
        "url": "",
        "url2": ""
      }
    },
    {
      "type": "Feature",
      "geometry": {
        "type": "Point",
        "coordinates": [
          139.5478705,
          36.237991
        ]
      },
      "properties": {
        "内容": "バス停: 城沼体育館前 (館林市外四町広域公共路線バス)",
        "name": "城沼体育館前",
        "operator": "館林市外四町広域公共路線バス",
        "ref": "",
        "url": "",
        "url2": ""
      }
    },
    {
      "type": "Feature",
      "geometry": {
        "type": "Point",
        "coordinates": [
          139.5479214,
          36.2380948
        ]
      },
      "properties": {
        "内容": "バス停: 城沼体育館前 (館林市外四町広域公共路線バス)",
        "name": "城沼体育館前",
        "operator": "館林市外四町広域公共路線バス",
        "ref": "",
        "url": "",
        "url2": ""
      }
    },
    {
      "type": "Feature",
      "geometry": {
        "type": "Point",
        "coordinates": [
          139.5446169,
          36.2445155
        ]
      },
      "properties": {
        "内容": "バス停: 子ども科学館前 (館林市外四町広域公共路線バス)",
        "name": "子ども科学館前",
        "operator": "館林市外四町広域公共路線バス",
        "ref": "",
        "url": "",
        "url2": ""
      }
    },
    {
      "type": "Feature",
      "geometry": {
        "type": "Point",
        "coordinates": [
          139.5446545,
          36.2443965
        ]
      },
      "properties": {
        "内容": "バス停: 子ども科学館前 (館林市外四町広域公共路線バス)",
        "name": "子ども科学館前",
        "operator": "館林市外四町広域公共路線バス",
        "ref": "",
        "url": "",
        "url2": ""
      }
    },
    {
      "type": "Feature",
      "geometry": {
        "type": "Point",
        "coordinates": [
          139.5515558,
          36.2408509
        ]
      },
      "properties": {
        "内容": "バス停: つつじが岡公園 (館林市外四町広域公共路線バス)",
        "name": "つつじが岡公園",
        "operator": "館林市外四町広域公共路線バス",
        "ref": "",
        "url": "",
        "url2": ""
      }
    },
    {
      "type": "Feature",
      "geometry": {
        "type": "Point",
        "coordinates": [
          139.5536131,
          36.2378006
        ]
      },
      "properties": {
        "内容": "バス停: 花山町西 (館林市外四町広域公共路線バス)",
        "name": "花山町西",
        "operator": "館林市外四町広域公共路線バス",
        "ref": "",
        "url": "",
        "url2": ""
      }
    },
    {
      "type": "Feature",
      "geometry": {
        "type": "Point",
        "coordinates": [
          139.5535862,
          36.2376535
        ]
      },
      "properties": {
        "内容": "バス停: 花山町西 (館林市外四町広域公共路線バス)",
        "name": "花山町西",
        "operator": "館林市外四町広域公共路線バス",
        "ref": "",
        "url": "",
        "url2": ""
      }
    },
    {
      "type": "Feature",
      "geometry": {
        "type": "Point",
        "coordinates": [
          139.5568988,
          36.2378958
        ]
      },
      "properties": {
        "内容": "バス停: 花山町 (館林市外四町広域公共路線バス)",
        "name": "花山町",
        "operator": "館林市外四町広域公共路線バス",
        "ref": "",
        "url": "",
        "url2": ""
      }
    },
    {
      "type": "Feature",
      "geometry": {
        "type": "Point",
        "coordinates": [
          139.5560431,
          36.2378741
        ]
      },
      "properties": {
        "内容": "バス停: 花山町 (館林市外四町広域公共路線バス)",
        "name": "花山町",
        "operator": "館林市外四町広域公共路線バス",
        "ref": "",
        "url": "",
        "url2": ""
      }
    },
    {
      "type": "Feature",
      "geometry": {
        "type": "Point",
        "coordinates": [
          139.5589051,
          36.2374891
        ]
      },
      "properties": {
        "内容": "バス停: 花山町東 (館林市外四町広域公共路線バス)",
        "name": "花山町東",
        "operator": "館林市外四町広域公共路線バス",
        "ref": "",
        "url": "",
        "url2": ""
      }
    },
    {
      "type": "Feature",
      "geometry": {
        "type": "Point",
        "coordinates": [
          139.5604688,
          36.2373852
        ]
      },
      "properties": {
        "内容": "バス停: 花山町東 (館林市外四町広域公共路線バス)",
        "name": "花山町東",
        "operator": "館林市外四町広域公共路線バス",
        "ref": "",
        "url": "",
        "url2": ""
      }
    },
    {
      "type": "Feature",
      "geometry": {
        "type": "Point",
        "coordinates": [
          139.5647603,
          36.2382398
        ]
      },
      "properties": {
        "内容": "バス停: 楠町西 (館林市外四町広域公共路線バス)",
        "name": "楠町西",
        "operator": "館林市外四町広域公共路線バス",
        "ref": "",
        "url": "",
        "url2": ""
      }
    },
    {
      "type": "Feature",
      "geometry": {
        "type": "Point",
        "coordinates": [
          139.5647415,
          36.2383739
        ]
      },
      "properties": {
        "内容": "バス停: 楠町西 (館林市外四町広域公共路線バス)",
        "name": "楠町西",
        "operator": "館林市外四町広域公共路線バス",
        "ref": "",
        "url": "",
        "url2": ""
      }
    },
    {
      "type": "Feature",
      "geometry": {
        "type": "Point",
        "coordinates": [
          139.5695561,
          36.2400678
        ]
      },
      "properties": {
        "内容": "バス停: アゼリアモール前 (館林市外四町広域公共路線バス;板倉町コミュニティバス)",
        "name": "アゼリアモール前",
        "operator": "館林市外四町広域公共路線バス;板倉町コミュニティバス",
        "ref": "",
        "url": "",
        "url2": ""
      }
    },
    {
      "type": "Feature",
      "geometry": {
        "type": "Point",
        "coordinates": [
          139.5699584,
          36.2402582
        ]
      },
      "properties": {
        "内容": "バス停: アゼリアモール前 (館林市外四町広域公共路線バス;板倉町コミュニティバス)",
        "name": "アゼリアモール前",
        "operator": "館林市外四町広域公共路線バス;板倉町コミュニティバス",
        "ref": "",
        "url": "",
        "url2": ""
      }
    },
    {
      "type": "Feature",
      "geometry": {
        "type": "Point",
        "coordinates": [
          139.5690465,
          36.2363554
        ]
      },
      "properties": {
        "内容": "バス停: 東部市営住宅入口 (館林市外四町広域公共路線バス)",
        "name": "東部市営住宅入口",
        "operator": "館林市外四町広域公共路線バス",
        "ref": "",
        "url": "",
        "url2": ""
      }
    },
    {
      "type": "Feature",
      "geometry": {
        "type": "Point",
        "coordinates": [
          139.5691779,
          36.2363511
        ]
      },
      "properties": {
        "内容": "バス停: 東部市営住宅入口 (館林市外四町広域公共路線バス)",
        "name": "東部市営住宅入口",
        "operator": "館林市外四町広域公共路線バス",
        "ref": "",
        "url": "",
        "url2": ""
      }
    },
    {
      "type": "Feature",
      "geometry": {
        "type": "Point",
        "coordinates": [
          139.5674559,
          36.2311609
        ]
      },
      "properties": {
        "内容": "バス停: 羽附八坂神社西 (館林市外四町広域公共路線バス)",
        "name": "羽附八坂神社西",
        "operator": "館林市外四町広域公共路線バス",
        "ref": "",
        "url": "",
        "url2": ""
      }
    },
    {
      "type": "Feature",
      "geometry": {
        "type": "Point",
        "coordinates": [
          139.5675498,
          36.2310722
        ]
      },
      "properties": {
        "内容": "バス停: 羽附八坂神社西 (館林市外四町広域公共路線バス)",
        "name": "羽附八坂神社西",
        "operator": "館林市外四町広域公共路線バス",
        "ref": "",
        "url": "",
        "url2": ""
      }
    },
    {
      "type": "Feature",
      "geometry": {
        "type": "Point",
        "coordinates": [
          139.5695668,
          36.2297091
        ]
      },
      "properties": {
        "内容": "バス停: 羽附町東 (館林市外四町広域公共路線バス)",
        "name": "羽附町東",
        "operator": "館林市外四町広域公共路線バス",
        "ref": "",
        "url": "",
        "url2": ""
      }
    },
    {
      "type": "Feature",
      "geometry": {
        "type": "Point",
        "coordinates": [
          139.5699048,
          36.2296723
        ]
      },
      "properties": {
        "内容": "バス停: 羽附町東 (館林市外四町広域公共路線バス)",
        "name": "羽附町東",
        "operator": "館林市外四町広域公共路線バス",
        "ref": "",
        "url": "",
        "url2": ""
      }
    },
    {
      "type": "Feature",
      "geometry": {
        "type": "Point",
        "coordinates": [
          139.5729303,
          36.2279089
        ]
      },
      "properties": {
        "内容": "バス停: 館林インター前 (館林市外四町広域公共路線バス)",
        "name": "館林インター前",
        "operator": "館林市外四町広域公共路線バス",
        "ref": "",
        "url": "",
        "url2": ""
      }
    },
    {
      "type": "Feature",
      "geometry": {
        "type": "Point",
        "coordinates": [
          139.5754945,
          36.227738
        ]
      },
      "properties": {
        "内容": "バス停: 館林インター前 (館林市外四町広域公共路線バス)",
        "name": "館林インター前",
        "operator": "館林市外四町広域公共路線バス",
        "ref": "",
        "url": "",
        "url2": ""
      }
    },
    {
      "type": "Feature",
      "geometry": {
        "type": "Point",
        "coordinates": [
          139.5813283,
          36.2268963
        ]
      },
      "properties": {
        "内容": "バス停: 岩田観音前 (館林市外四町広域公共路線バス)",
        "name": "岩田観音前",
        "operator": "館林市外四町広域公共路線バス",
        "ref": "",
        "url": "",
        "url2": ""
      }
    },
    {
      "type": "Feature",
      "geometry": {
        "type": "Point",
        "coordinates": [
          139.5813605,
          36.2268098
        ]
      },
      "properties": {
        "内容": "バス停: 岩田観音前 (館林市外四町広域公共路線バス)",
        "name": "岩田観音前",
        "operator": "館林市外四町広域公共路線バス",
        "ref": "",
        "url": "",
        "url2": ""
      }
    },
    {
      "type": "Feature",
      "geometry": {
        "type": "Point",
        "coordinates": [
          139.6099797,
          36.2228718
        ]
      },
      "properties": {
        "内容": "バス停: 旧板倉町役場前 (館林市外四町広域公共路線バス)",
        "name": "旧板倉町役場前",
        "operator": "館林市外四町広域公共路線バス",
        "ref": "",
        "url": "",
        "url2": ""
      }
    },
    {
      "type": "Feature",
      "geometry": {
        "type": "Point",
        "coordinates": [
          139.6100494,
          36.2225234
        ]
      },
      "properties": {
        "内容": "バス停: 旧板倉町役場前 (館林市外四町広域公共路線バス)",
        "name": "旧板倉町役場前",
        "operator": "館林市外四町広域公共路線バス",
        "ref": "",
        "url": "",
        "url2": ""
      }
    },
    {
      "type": "Feature",
      "geometry": {
        "type": "Point",
        "coordinates": [
          139.6083489,
          36.2278332
        ]
      },
      "properties": {
        "内容": "バス停: 雷電神社前 (館林市外四町広域公共路線バス)",
        "name": "雷電神社前",
        "operator": "館林市外四町広域公共路線バス",
        "ref": "",
        "url": "",
        "url2": ""
      }
    },
    {
      "type": "Feature",
      "geometry": {
        "type": "Point",
        "coordinates": [
          139.608416,
          36.2278873
        ]
      },
      "properties": {
        "内容": "バス停: 雷電神社前 (館林市外四町広域公共路線バス)",
        "name": "雷電神社前",
        "operator": "館林市外四町広域公共路線バス",
        "ref": "",
        "url": "",
        "url2": ""
      }
    },
    {
      "type": "Feature",
      "geometry": {
        "type": "Point",
        "coordinates": [
          139.6008548,
          36.2294127
        ]
      },
      "properties": {
        "内容": "バス停: 板倉中学校前 (館林市外四町広域公共路線バス)",
        "name": "板倉中学校前",
        "operator": "館林市外四町広域公共路線バス",
        "ref": "",
        "url": "",
        "url2": ""
      }
    },
    {
      "type": "Feature",
      "geometry": {
        "type": "Point",
        "coordinates": [
          139.6011552,
          36.2295014
        ]
      },
      "properties": {
        "内容": "バス停: 板倉中学校前 (館林市外四町広域公共路線バス)",
        "name": "板倉中学校前",
        "operator": "館林市外四町広域公共路線バス",
        "ref": "",
        "url": "",
        "url2": ""
      }
    },
    {
      "type": "Feature",
      "geometry": {
        "type": "Point",
        "coordinates": [
          139.5963031,
          36.230237
        ]
      },
      "properties": {
        "内容": "バス停: 石塚 (館林市外四町広域公共路線バス)",
        "name": "石塚",
        "operator": "館林市外四町広域公共路線バス",
        "ref": "",
        "url": "",
        "url2": ""
      }
    },
    {
      "type": "Feature",
      "geometry": {
        "type": "Point",
        "coordinates": [
          139.5964023,
          36.2301591
        ]
      },
      "properties": {
        "内容": "バス停: 石塚 (館林市外四町広域公共路線バス)",
        "name": "石塚",
        "operator": "館林市外四町広域公共路線バス",
        "ref": "",
        "url": "",
        "url2": ""
      }
    },
    {
      "type": "Feature",
      "geometry": {
        "type": "Point",
        "coordinates": [
          139.5896324,
          36.231665
        ]
      },
      "properties": {
        "内容": "バス停: 籾谷・浮戸北 (館林市外四町広域公共路線バス)",
        "name": "籾谷・浮戸北",
        "operator": "館林市外四町広域公共路線バス",
        "ref": "",
        "url": "",
        "url2": ""
      }
    },
    {
      "type": "Feature",
      "geometry": {
        "type": "Point",
        "coordinates": [
          139.5897773,
          36.2316909
        ]
      },
      "properties": {
        "内容": "バス停: 籾谷・浮戸北 (館林市外四町広域公共路線バス)",
        "name": "籾谷・浮戸北",
        "operator": "館林市外四町広域公共路線バス",
        "ref": "",
        "url": "",
        "url2": ""
      }
    },
    {
      "type": "Feature",
      "geometry": {
        "type": "Point",
        "coordinates": [
          139.5829377,
          36.2395637
        ]
      },
      "properties": {
        "内容": "バス停: 長柄神社北 (館林市外四町広域公共路線バス;板倉町コミュニティバス)",
        "name": "長柄神社北",
        "operator": "館林市外四町広域公共路線バス;板倉町コミュニティバス",
        "ref": "",
        "url": "",
        "url2": ""
      }
    },
    {
      "type": "Feature",
      "geometry": {
        "type": "Point",
        "coordinates": [
          139.583002,
          36.2396632
        ]
      },
      "properties": {
        "内容": "バス停: 長柄神社北 (館林市外四町広域公共路線バス;板倉町コミュニティバス)",
        "name": "長柄神社北",
        "operator": "館林市外四町広域公共路線バス;板倉町コミュニティバス",
        "ref": "",
        "url": "",
        "url2": ""
      }
    },
    {
      "type": "Feature",
      "geometry": {
        "type": "Point",
        "coordinates": [
          139.5909119,
          36.2364593
        ]
      },
      "properties": {
        "内容": "バス停: 内蔵新田 (館林市外四町広域公共路線バス)",
        "name": "内蔵新田",
        "operator": "館林市外四町広域公共路線バス",
        "ref": "",
        "url": "",
        "url2": ""
      }
    },
    {
      "type": "Feature",
      "geometry": {
        "type": "Point",
        "coordinates": [
          139.5907938,
          36.2365285
        ]
      },
      "properties": {
        "内容": "バス停: 内蔵新田 (館林市外四町広域公共路線バス)",
        "name": "内蔵新田",
        "operator": "館林市外四町広域公共路線バス",
        "ref": "",
        "url": "",
        "url2": ""
      }
    },
    {
      "type": "Feature",
      "geometry": {
        "type": "Point",
        "coordinates": [
          139.5521352,
          36.2339951
        ]
      },
      "properties": {
        "内容": "バス停: 慶友整形外科クリニック西 (館林市外四町広域公共路線バス)",
        "name": "慶友整形外科クリニック西",
        "operator": "館林市外四町広域公共路線バス",
        "ref": "",
        "url": "",
        "url2": ""
      }
    },
    {
      "type": "Feature",
      "geometry": {
        "type": "Point",
        "coordinates": [
          139.5520359,
          36.2340405
        ]
      },
      "properties": {
        "内容": "バス停: 慶友整形外科クリニック西 (館林市外四町広域公共路線バス)",
        "name": "慶友整形外科クリニック西",
        "operator": "館林市外四町広域公共路線バス",
        "ref": "",
        "url": "",
        "url2": ""
      }
    },
    {
      "type": "Feature",
      "geometry": {
        "type": "Point",
        "coordinates": [
          139.5438927,
          36.236098
        ]
      },
      "properties": {
        "内容": "バス停: 松原二丁目 (館林市外四町広域公共路線バス)",
        "name": "松原二丁目",
        "operator": "館林市外四町広域公共路線バス",
        "ref": "",
        "url": "",
        "url2": ""
      }
    },
    {
      "type": "Feature",
      "geometry": {
        "type": "Point",
        "coordinates": [
          139.5438069,
          36.2360374
        ]
      },
      "properties": {
        "内容": "バス停: 松原二丁目 (館林市外四町広域公共路線バス)",
        "name": "松原二丁目",
        "operator": "館林市外四町広域公共路線バス",
        "ref": "",
        "url": "",
        "url2": ""
      }
    },
    {
      "type": "Feature",
      "geometry": {
        "type": "Point",
        "coordinates": [
          139.5393571,
          36.2392111
        ]
      },
      "properties": {
        "内容": "バス停: 松原一丁目南 (館林市外四町広域公共路線バス)",
        "name": "松原一丁目南",
        "operator": "館林市外四町広域公共路線バス",
        "ref": "",
        "url": "",
        "url2": ""
      }
    },
    {
      "type": "Feature",
      "geometry": {
        "type": "Point",
        "coordinates": [
          139.5398775,
          36.2385751
        ]
      },
      "properties": {
        "内容": "バス停: 松原一丁目南 (館林市外四町広域公共路線バス)",
        "name": "松原一丁目南",
        "operator": "館林市外四町広域公共路線バス",
        "ref": "",
        "url": "",
        "url2": ""
      }
    },
    {
      "type": "Feature",
      "geometry": {
        "type": "Point",
        "coordinates": [
          139.5381394,
          36.2410932
        ]
      },
      "properties": {
        "内容": "バス停: 松原緑地北 (館林市外四町広域公共路線バス)",
        "name": "松原緑地北",
        "operator": "館林市外四町広域公共路線バス",
        "ref": "",
        "url": "",
        "url2": ""
      }
    },
    {
      "type": "Feature",
      "geometry": {
        "type": "Point",
        "coordinates": [
          139.5379919,
          36.2411862
        ]
      },
      "properties": {
        "内容": "バス停: 松原緑地北 (館林市外四町広域公共路線バス)",
        "name": "松原緑地北",
        "operator": "館林市外四町広域公共路線バス",
        "ref": "",
        "url": "",
        "url2": ""
      }
    },
    {
      "type": "Feature",
      "geometry": {
        "type": "Point",
        "coordinates": [
          139.5433912,
          36.2505116
        ]
      },
      "properties": {
        "内容": "バス停: 瀬戸谷町南 (館林市外四町広域公共路線バス)",
        "name": "瀬戸谷町南",
        "operator": "館林市外四町広域公共路線バス",
        "ref": "",
        "url": "",
        "url2": ""
      }
    },
    {
      "type": "Feature",
      "geometry": {
        "type": "Point",
        "coordinates": [
          139.5432812,
          36.2505224
        ]
      },
      "properties": {
        "内容": "バス停: 瀬戸谷町南 (館林市外四町広域公共路線バス)",
        "name": "瀬戸谷町南",
        "operator": "館林市外四町広域公共路線バス",
        "ref": "",
        "url": "",
        "url2": ""
      }
    },
    {
      "type": "Feature",
      "geometry": {
        "type": "Point",
        "coordinates": [
          139.533754,
          36.2475461
        ]
      },
      "properties": {
        "内容": "バス停: 本町二丁目北 (館林市外四町広域公共路線バス)",
        "name": "本町二丁目北",
        "operator": "館林市外四町広域公共路線バス",
        "ref": "",
        "url": "",
        "url2": ""
      }
    },
    {
      "type": "Feature",
      "geometry": {
        "type": "Point",
        "coordinates": [
          139.5336574,
          36.2477083
        ]
      },
      "properties": {
        "内容": "バス停: 本町二丁目北 (館林市外四町広域公共路線バス)",
        "name": "本町二丁目北",
        "operator": "館林市外四町広域公共路線バス",
        "ref": "",
        "url": "",
        "url2": ""
      }
    },
    {
      "type": "Feature",
      "geometry": {
        "type": "Point",
        "coordinates": [
          139.5960268,
          36.2629611
        ]
      },
      "properties": {
        "内容": "バス停: 岡里区民館入口 (館林市外四町広域公共路線バス)",
        "name": "岡里区民館入口",
        "operator": "館林市外四町広域公共路線バス",
        "ref": "",
        "url": "",
        "url2": ""
      }
    },
    {
      "type": "Feature",
      "geometry": {
        "type": "Point",
        "coordinates": [
          139.5890745,
          36.2646631
        ]
      },
      "properties": {
        "内容": "バス停: 大島神社 (館林市外四町広域公共路線バス)",
        "name": "大島神社",
        "operator": "館林市外四町広域公共路線バス",
        "ref": "",
        "url": "",
        "url2": ""
      }
    },
    {
      "type": "Feature",
      "geometry": {
        "type": "Point",
        "coordinates": [
          139.5836029,
          36.2653552
        ]
      },
      "properties": {
        "内容": "バス停: 大島本郷 (館林市外四町広域公共路線バス)",
        "name": "大島本郷",
        "operator": "館林市外四町広域公共路線バス",
        "ref": "",
        "url": "",
        "url2": ""
      }
    },
    {
      "type": "Feature",
      "geometry": {
        "type": "Point",
        "coordinates": [
          139.5813914,
          36.2638694
        ]
      },
      "properties": {
        "内容": "バス停: 第四小学校前 (館林市外四町広域公共路線バス)",
        "name": "第四小学校前",
        "operator": "館林市外四町広域公共路線バス",
        "ref": "",
        "url": "",
        "url2": ""
      }
    },
    {
      "type": "Feature",
      "geometry": {
        "type": "Point",
        "coordinates": [
          139.581272,
          36.2637873
        ]
      },
      "properties": {
        "内容": "バス停: 第四小学校前 (館林市外四町広域公共路線バス)",
        "name": "第四小学校前",
        "operator": "館林市外四町広域公共路線バス",
        "ref": "",
        "url": "",
        "url2": ""
      }
    },
    {
      "type": "Feature",
      "geometry": {
        "type": "Point",
        "coordinates": [
          139.5697466,
          36.261577
        ]
      },
      "properties": {
        "内容": "バス停: 正儀内東 (館林市外四町広域公共路線バス)",
        "name": "正儀内東",
        "operator": "館林市外四町広域公共路線バス",
        "ref": "",
        "url": "",
        "url2": ""
      }
    },
    {
      "type": "Feature",
      "geometry": {
        "type": "Point",
        "coordinates": [
          139.5701703,
          36.2617586
        ]
      },
      "properties": {
        "内容": "バス停: 正儀内東 (館林市外四町広域公共路線バス)",
        "name": "正儀内東",
        "operator": "館林市外四町広域公共路線バス",
        "ref": "",
        "url": "",
        "url2": ""
      }
    },
    {
      "type": "Feature",
      "geometry": {
        "type": "Point",
        "coordinates": [
          139.5646396,
          36.2604394
        ]
      },
      "properties": {
        "内容": "バス停: 県営住宅前 (館林市外四町広域公共路線バス)",
        "name": "県営住宅前",
        "operator": "館林市外四町広域公共路線バス",
        "ref": "",
        "url": "",
        "url2": ""
      }
    },
    {
      "type": "Feature",
      "geometry": {
        "type": "Point",
        "coordinates": [
          139.5646128,
          36.2603528
        ]
      },
      "properties": {
        "内容": "バス停: 県営住宅前 (館林市外四町広域公共路線バス)",
        "name": "県営住宅前",
        "operator": "館林市外四町広域公共路線バス",
        "ref": "",
        "url": "",
        "url2": ""
      }
    },
    {
      "type": "Feature",
      "geometry": {
        "type": "Point",
        "coordinates": [
          139.5592993,
          36.2585837
        ]
      },
      "properties": {
        "内容": "バス停: 細内町 (館林市外四町広域公共路線バス)",
        "name": "細内町",
        "operator": "館林市外四町広域公共路線バス",
        "ref": "",
        "url": "",
        "url2": ""
      }
    },
    {
      "type": "Feature",
      "geometry": {
        "type": "Point",
        "coordinates": [
          139.5591357,
          36.2585707
        ]
      },
      "properties": {
        "内容": "バス停: 細内町 (館林市外四町広域公共路線バス)",
        "name": "細内町",
        "operator": "館林市外四町広域公共路線バス",
        "ref": "",
        "url": "",
        "url2": ""
      }
    },
    {
      "type": "Feature",
      "geometry": {
        "type": "Point",
        "coordinates": [
          139.5517838,
          36.2529991
        ]
      },
      "properties": {
        "内容": "バス停: 若宮住宅東 (館林市外四町広域公共路線バス)",
        "name": "若宮住宅東",
        "operator": "館林市外四町広域公共路線バス",
        "ref": "",
        "url": "",
        "url2": ""
      }
    },
    {
      "type": "Feature",
      "geometry": {
        "type": "Point",
        "coordinates": [
          139.552221,
          36.2534036
        ]
      },
      "properties": {
        "内容": "バス停: 若宮住宅東 (館林市外四町広域公共路線バス)",
        "name": "若宮住宅東",
        "operator": "館林市外四町広域公共路線バス",
        "ref": "",
        "url": "",
        "url2": ""
      }
    },
    {
      "type": "Feature",
      "geometry": {
        "type": "Point",
        "coordinates": [
          139.5491981,
          36.25118
        ]
      },
      "properties": {
        "内容": "バス停: 第二中学校西 (館林市外四町広域公共路線バス)",
        "name": "第二中学校西",
        "operator": "館林市外四町広域公共路線バス",
        "ref": "",
        "url": "",
        "url2": ""
      }
    },
    {
      "type": "Feature",
      "geometry": {
        "type": "Point",
        "coordinates": [
          139.5490506,
          36.2511779
        ]
      },
      "properties": {
        "内容": "バス停: 第二中学校西 (館林市外四町広域公共路線バス)",
        "name": "第二中学校西",
        "operator": "館林市外四町広域公共路線バス",
        "ref": "",
        "url": "",
        "url2": ""
      }
    },
    {
      "type": "Feature",
      "geometry": {
        "type": "Point",
        "coordinates": [
          139.5446733,
          36.2480457
        ]
      },
      "properties": {
        "内容": "バス停: 第三小学校前 (館林市外四町広域公共路線バス)",
        "name": "第三小学校前",
        "operator": "館林市外四町広域公共路線バス",
        "ref": "",
        "url": "",
        "url2": ""
      }
    },
    {
      "type": "Feature",
      "geometry": {
        "type": "Point",
        "coordinates": [
          139.5446008,
          36.2480955
        ]
      },
      "properties": {
        "内容": "バス停: 第三小学校前 (館林市外四町広域公共路線バス)",
        "name": "第三小学校前",
        "operator": "館林市外四町広域公共路線バス",
        "ref": "",
        "url": "",
        "url2": ""
      }
    },
    {
      "type": "Feature",
      "geometry": {
        "type": "Point",
        "coordinates": [
          139.6445775,
          36.2259443
        ]
      },
      "properties": {
        "内容": "バス停: 海老瀬下新田 (館林市外四町広域公共路線バス)",
        "name": "海老瀬下新田",
        "operator": "館林市外四町広域公共路線バス",
        "ref": "",
        "url": "",
        "url2": ""
      }
    },
    {
      "type": "Feature",
      "geometry": {
        "type": "Point",
        "coordinates": [
          139.6444568,
          36.2258599
        ]
      },
      "properties": {
        "内容": "バス停: 海老瀬下新田 (館林市外四町広域公共路線バス)",
        "name": "海老瀬下新田",
        "operator": "館林市外四町広域公共路線バス",
        "ref": "",
        "url": "",
        "url2": ""
      }
    },
    {
      "type": "Feature",
      "geometry": {
        "type": "Point",
        "coordinates": [
          139.6444286,
          36.2306535
        ]
      },
      "properties": {
        "内容": "バス停: 邑楽土地改良区前 (板倉町コミュニティバス)",
        "name": "邑楽土地改良区前",
        "operator": "板倉町コミュニティバス",
        "ref": "",
        "url": "",
        "url2": ""
      }
    },
    {
      "type": "Feature",
      "geometry": {
        "type": "Point",
        "coordinates": [
          139.6443495,
          36.2306492
        ]
      },
      "properties": {
        "内容": "バス停: 邑楽土地改良区前 (板倉町コミュニティバス)",
        "name": "邑楽土地改良区前",
        "operator": "板倉町コミュニティバス",
        "ref": "",
        "url": "",
        "url2": ""
      }
    },
    {
      "type": "Feature",
      "geometry": {
        "type": "Point",
        "coordinates": [
          139.6365684,
          36.2438763
        ]
      },
      "properties": {
        "内容": "バス停: 離集会所前 (館林市外四町広域公共路線バス)",
        "name": "離集会所前",
        "operator": "館林市外四町広域公共路線バス",
        "ref": "",
        "url": "",
        "url2": ""
      }
    },
    {
      "type": "Feature",
      "geometry": {
        "type": "Point",
        "coordinates": [
          139.6365054,
          36.2438568
        ]
      },
      "properties": {
        "内容": "バス停: 離集会所前 (館林市外四町広域公共路線バス)",
        "name": "離集会所前",
        "operator": "館林市外四町広域公共路線バス",
        "ref": "",
        "url": "",
        "url2": ""
      }
    },
    {
      "type": "Feature",
      "geometry": {
        "type": "Point",
        "coordinates": [
          139.6295437,
          36.2513963
        ]
      },
      "properties": {
        "内容": "バス停: 細谷・離バス停 (館林市外四町広域公共路線バス)",
        "name": "細谷・離バス停",
        "operator": "館林市外四町広域公共路線バス",
        "ref": "",
        "url": "",
        "url2": ""
      }
    },
    {
      "type": "Feature",
      "geometry": {
        "type": "Point",
        "coordinates": [
          139.6296,
          36.2514655
        ]
      },
      "properties": {
        "内容": "バス停: 細谷・離バス停 (館林市外四町広域公共路線バス)",
        "name": "細谷・離バス停",
        "operator": "館林市外四町広域公共路線バス",
        "ref": "",
        "url": "",
        "url2": ""
      }
    },
    {
      "type": "Feature",
      "geometry": {
        "type": "Point",
        "coordinates": [
          139.6234336,
          36.2488309
        ]
      },
      "properties": {
        "内容": "バス停: ミモザ荘北 (館林市外四町広域公共路線バス)",
        "name": "ミモザ荘北",
        "operator": "館林市外四町広域公共路線バス",
        "ref": "",
        "url": "",
        "url2": ""
      }
    },
    {
      "type": "Feature",
      "geometry": {
        "type": "Point",
        "coordinates": [
          139.6235088,
          36.2487888
        ]
      },
      "properties": {
        "内容": "バス停: ミモザ荘北 (館林市外四町広域公共路線バス)",
        "name": "ミモザ荘北",
        "operator": "館林市外四町広域公共路線バス",
        "ref": "",
        "url": "",
        "url2": ""
      }
    },
    {
      "type": "Feature",
      "geometry": {
        "type": "Point",
        "coordinates": [
          139.6207675,
          36.2480198
        ]
      },
      "properties": {
        "内容": "バス停: 細谷集会所前 (館林市外四町広域公共路線バス)",
        "name": "細谷集会所前",
        "operator": "館林市外四町広域公共路線バス",
        "ref": "",
        "url": "",
        "url2": ""
      }
    },
    {
      "type": "Feature",
      "geometry": {
        "type": "Point",
        "coordinates": [
          139.6206629,
          36.2481777
        ]
      },
      "properties": {
        "内容": "バス停: 細谷集会所前 (館林市外四町広域公共路線バス)",
        "name": "細谷集会所前",
        "operator": "館林市外四町広域公共路線バス",
        "ref": "",
        "url": "",
        "url2": ""
      }
    },
    {
      "type": "Feature",
      "geometry": {
        "type": "Point",
        "coordinates": [
          139.6189973,
          36.2504121
        ]
      },
      "properties": {
        "内容": "バス停: 細谷中妻 (館林市外四町広域公共路線バス)",
        "name": "細谷中妻",
        "operator": "館林市外四町広域公共路線バス",
        "ref": "",
        "url": "",
        "url2": ""
      }
    },
    {
      "type": "Feature",
      "geometry": {
        "type": "Point",
        "coordinates": [
          139.6189114,
          36.2504532
        ]
      },
      "properties": {
        "内容": "バス停: 細谷中妻 (館林市外四町広域公共路線バス)",
        "name": "細谷中妻",
        "operator": "館林市外四町広域公共路線バス",
        "ref": "",
        "url": "",
        "url2": ""
      }
    },
    {
      "type": "Feature",
      "geometry": {
        "type": "Point",
        "coordinates": [
          139.6218418,
          36.2606069
        ]
      },
      "properties": {
        "内容": "バス停: 西谷田郵便局前 (館林市外四町広域公共路線バス)",
        "name": "西谷田郵便局前",
        "operator": "館林市外四町広域公共路線バス",
        "ref": "",
        "url": "",
        "url2": ""
      }
    },
    {
      "type": "Feature",
      "geometry": {
        "type": "Point",
        "coordinates": [
          139.6217224,
          36.2605064
        ]
      },
      "properties": {
        "内容": "バス停: 西谷田郵便局前 (館林市外四町広域公共路線バス)",
        "name": "西谷田郵便局前",
        "operator": "館林市外四町広域公共路線バス",
        "ref": "",
        "url": "",
        "url2": ""
      }
    },
    {
      "type": "Feature",
      "geometry": {
        "type": "Point",
        "coordinates": [
          139.6243939,
          36.2624831
        ]
      },
      "properties": {
        "内容": "バス停: 花蔵院東 (板倉町コミュニティバス)",
        "name": "花蔵院東",
        "operator": "板倉町コミュニティバス",
        "ref": "",
        "url": "",
        "url2": ""
      }
    },
    {
      "type": "Feature",
      "geometry": {
        "type": "Point",
        "coordinates": [
          139.6061978,
          36.2640662
        ]
      },
      "properties": {
        "内容": "バス停: 西岡新田区民会館前 (板倉町コミュニティバス)",
        "name": "西岡新田区民会館前",
        "operator": "板倉町コミュニティバス",
        "ref": "",
        "url": "",
        "url2": ""
      }
    },
    {
      "type": "Feature",
      "geometry": {
        "type": "Point",
        "coordinates": [
          139.6080807,
          36.2620484
        ]
      },
      "properties": {
        "内容": "バス停: 西岡新田前 (館林市外四町広域公共路線バス;板倉町コミュニティバス)",
        "name": "西岡新田前",
        "operator": "館林市外四町広域公共路線バス;板倉町コミュニティバス",
        "ref": "",
        "url": "",
        "url2": ""
      }
    },
    {
      "type": "Feature",
      "geometry": {
        "type": "Point",
        "coordinates": [
          139.60807,
          36.2619771
        ]
      },
      "properties": {
        "内容": "バス停: 西岡新田前 (館林市外四町広域公共路線バス;板倉町コミュニティバス)",
        "name": "西岡新田前",
        "operator": "館林市外四町広域公共路線バス;板倉町コミュニティバス",
        "ref": "",
        "url": "",
        "url2": ""
      }
    },
    {
      "type": "Feature",
      "geometry": {
        "type": "Point",
        "coordinates": [
          139.60417,
          36.2489586
        ]
      },
      "properties": {
        "内容": "バス停: 大曲倉庫前 (館林市外四町広域公共路線バス)",
        "name": "大曲倉庫前",
        "operator": "館林市外四町広域公共路線バス",
        "ref": "",
        "url": "",
        "url2": ""
      }
    },
    {
      "type": "Feature",
      "geometry": {
        "type": "Point",
        "coordinates": [
          139.6041673,
          36.2488591
        ]
      },
      "properties": {
        "内容": "バス停: 大曲倉庫前 (館林市外四町広域公共路線バス)",
        "name": "大曲倉庫前",
        "operator": "館林市外四町広域公共路線バス",
        "ref": "",
        "url": "",
        "url2": ""
      }
    },
    {
      "type": "Feature",
      "geometry": {
        "type": "Point",
        "coordinates": [
          139.6012089,
          36.2547792
        ]
      },
      "properties": {
        "内容": "バス停: 観音入口 (館林市外四町広域公共路線バス)",
        "name": "観音入口",
        "operator": "館林市外四町広域公共路線バス",
        "ref": "",
        "url": "",
        "url2": ""
      }
    },
    {
      "type": "Feature",
      "geometry": {
        "type": "Point",
        "coordinates": [
          139.6001708,
          36.2604826
        ]
      },
      "properties": {
        "内容": "バス停: 東部工業団地西 (館林市外四町広域公共路線バス)",
        "name": "東部工業団地西",
        "operator": "館林市外四町広域公共路線バス",
        "ref": "",
        "url": "",
        "url2": ""
      }
    },
    {
      "type": "Feature",
      "geometry": {
        "type": "Point",
        "coordinates": [
          139.5792443,
          36.2584366
        ]
      },
      "properties": {
        "内容": "バス停: クローバー荘東 (館林市外四町広域公共路線バス)",
        "name": "クローバー荘東",
        "operator": "館林市外四町広域公共路線バス",
        "ref": "",
        "url": "",
        "url2": ""
      }
    },
    {
      "type": "Feature",
      "geometry": {
        "type": "Point",
        "coordinates": [
          139.5759103,
          36.2492852
        ]
      },
      "properties": {
        "内容": "バス停: 四ツ谷町 (館林市外四町広域公共路線バス)",
        "name": "四ツ谷町",
        "operator": "館林市外四町広域公共路線バス",
        "ref": "",
        "url": "",
        "url2": ""
      }
    },
    {
      "type": "Feature",
      "geometry": {
        "type": "Point",
        "coordinates": [
          139.5758003,
          36.2492744
        ]
      },
      "properties": {
        "内容": "バス停: 四ツ谷町 (館林市外四町広域公共路線バス)",
        "name": "四ツ谷町",
        "operator": "館林市外四町広域公共路線バス",
        "ref": "",
        "url": "",
        "url2": ""
      }
    },
    {
      "type": "Feature",
      "geometry": {
        "type": "Point",
        "coordinates": [
          139.5796626,
          36.2343175
        ]
      },
      "properties": {
        "内容": "バス停: 安勝寺前 (板倉町コミュニティバス)",
        "name": "安勝寺前",
        "operator": "板倉町コミュニティバス",
        "ref": "",
        "url": "",
        "url2": ""
      }
    },
    {
      "type": "Feature",
      "geometry": {
        "type": "Point",
        "coordinates": [
          139.5797082,
          36.234391
        ]
      },
      "properties": {
        "内容": "バス停: 安勝寺前 (板倉町コミュニティバス)",
        "name": "安勝寺前",
        "operator": "板倉町コミュニティバス",
        "ref": "",
        "url": "",
        "url2": ""
      }
    },
    {
      "type": "Feature",
      "geometry": {
        "type": "Point",
        "coordinates": [
          139.5777154,
          36.2378136
        ]
      },
      "properties": {
        "内容": "バス停: 籾谷松崎 (板倉町コミュニティバス)",
        "name": "籾谷松崎",
        "operator": "板倉町コミュニティバス",
        "ref": "",
        "url": "",
        "url2": ""
      }
    },
    {
      "type": "Feature",
      "geometry": {
        "type": "Point",
        "coordinates": [
          139.5778253,
          36.2378135
        ]
      },
      "properties": {
        "内容": "バス停: 籾谷松崎 (板倉町コミュニティバス)",
        "name": "籾谷松崎",
        "operator": "板倉町コミュニティバス",
        "ref": "",
        "url": "",
        "url2": ""
      }
    },
    {
      "type": "Feature",
      "geometry": {
        "type": "Point",
        "coordinates": [
          139.5542836,
          36.2225104
        ]
      },
      "properties": {
        "内容": "バス停: 大林集会所前 (館林市外四町広域公共路線バス)",
        "name": "大林集会所前",
        "operator": "館林市外四町広域公共路線バス",
        "ref": "",
        "url": "",
        "url2": ""
      }
    },
    {
      "type": "Feature",
      "geometry": {
        "type": "Point",
        "coordinates": [
          139.5544097,
          36.2225061
        ]
      },
      "properties": {
        "内容": "バス停: 大林集会所前 (館林市外四町広域公共路線バス)",
        "name": "大林集会所前",
        "operator": "館林市外四町広域公共路線バス",
        "ref": "",
        "url": "",
        "url2": ""
      }
    },
    {
      "type": "Feature",
      "geometry": {
        "type": "Point",
        "coordinates": [
          139.5531008,
          36.2244405
        ]
      },
      "properties": {
        "内容": "バス停: 赤生田本町 (館林市外四町広域公共路線バス)",
        "name": "赤生田本町",
        "operator": "館林市外四町広域公共路線バス",
        "ref": "",
        "url": "",
        "url2": ""
      }
    },
    {
      "type": "Feature",
      "geometry": {
        "type": "Point",
        "coordinates": [
          139.5531061,
          36.2247521
        ]
      },
      "properties": {
        "内容": "バス停: 赤生田本町 (館林市外四町広域公共路線バス)",
        "name": "赤生田本町",
        "operator": "館林市外四町広域公共路線バス",
        "ref": "",
        "url": "",
        "url2": ""
      }
    },
    {
      "type": "Feature",
      "geometry": {
        "type": "Point",
        "coordinates": [
          139.5493779,
          36.2285537
        ]
      },
      "properties": {
        "内容": "バス停: 上赤生田町 (館林市外四町広域公共路線バス)",
        "name": "上赤生田町",
        "operator": "館林市外四町広域公共路線バス",
        "ref": "",
        "url": "",
        "url2": ""
      }
    },
    {
      "type": "Feature",
      "geometry": {
        "type": "Point",
        "coordinates": [
          139.5498446,
          36.2283049
        ]
      },
      "properties": {
        "内容": "バス停: 上赤生田町 (館林市外四町広域公共路線バス)",
        "name": "上赤生田町",
        "operator": "館林市外四町広域公共路線バス",
        "ref": "",
        "url": "",
        "url2": ""
      }
    },
    {
      "type": "Feature",
      "geometry": {
        "type": "Point",
        "coordinates": [
          139.5448664,
          36.2315179
        ]
      },
      "properties": {
        "内容": "バス停: 第四中学校北 (館林市外四町広域公共路線バス)",
        "name": "第四中学校北",
        "operator": "館林市外四町広域公共路線バス",
        "ref": "",
        "url": "",
        "url2": ""
      }
    },
    {
      "type": "Feature",
      "geometry": {
        "type": "Point",
        "coordinates": [
          139.5451668,
          36.231401
        ]
      },
      "properties": {
        "内容": "バス停: 第四中学校北 (館林市外四町広域公共路線バス)",
        "name": "第四中学校北",
        "operator": "館林市外四町広域公共路線バス",
        "ref": "",
        "url": "",
        "url2": ""
      }
    },
    {
      "type": "Feature",
      "geometry": {
        "type": "Point",
        "coordinates": [
          139.5441878,
          36.2345879
        ]
      },
      "properties": {
        "内容": "バス停: 松原三丁目東 (館林市外四町広域公共路線バス)",
        "name": "松原三丁目東",
        "operator": "館林市外四町広域公共路線バス",
        "ref": "",
        "url": "",
        "url2": ""
      }
    },
    {
      "type": "Feature",
      "geometry": {
        "type": "Point",
        "coordinates": [
          139.5440054,
          36.2345533
        ]
      },
      "properties": {
        "内容": "バス停: 松原三丁目東 (館林市外四町広域公共路線バス)",
        "name": "松原三丁目東",
        "operator": "館林市外四町広域公共路線バス",
        "ref": "",
        "url": "",
        "url2": ""
      }
    },
    {
      "type": "Feature",
      "geometry": {
        "type": "Point",
        "coordinates": [
          139.5411354,
          36.2373138
        ]
      },
      "properties": {
        "内容": "バス停: 松原 (館林市外四町広域公共路線バス)",
        "name": "松原",
        "operator": "館林市外四町広域公共路線バス",
        "ref": "",
        "url": "",
        "url2": ""
      }
    },
    {
      "type": "Feature",
      "geometry": {
        "type": "Point",
        "coordinates": [
          139.5410281,
          36.2373073
        ]
      },
      "properties": {
        "内容": "バス停: 松原 (館林市外四町広域公共路線バス)",
        "name": "松原",
        "operator": "館林市外四町広域公共路線バス",
        "ref": "",
        "url": "",
        "url2": ""
      }
    },
    {
      "type": "Feature",
      "geometry": {
        "type": "Point",
        "coordinates": [
          139.5367715,
          36.2407795
        ]
      },
      "properties": {
        "内容": "バス停: 松原一丁目 (館林市外四町広域公共路線バス)",
        "name": "松原一丁目",
        "operator": "館林市外四町広域公共路線バス",
        "ref": "",
        "url": "",
        "url2": ""
      }
    },
    {
      "type": "Feature",
      "geometry": {
        "type": "Point",
        "coordinates": [
          139.5368305,
          36.2406324
        ]
      },
      "properties": {
        "内容": "バス停: 松原一丁目 (館林市外四町広域公共路線バス)",
        "name": "松原一丁目",
        "operator": "館林市外四町広域公共路線バス",
        "ref": "",
        "url": "",
        "url2": ""
      }
    },
    {
      "type": "Feature",
      "geometry": {
        "type": "Point",
        "coordinates": [
          139.5339739,
          36.2417552
        ]
      },
      "properties": {
        "内容": "バス停: 本町四丁目 (館林市外四町広域公共路線バス)",
        "name": "本町四丁目",
        "operator": "館林市外四町広域公共路線バス",
        "ref": "",
        "url": "",
        "url2": ""
      }
    },
    {
      "type": "Feature",
      "geometry": {
        "type": "Point",
        "coordinates": [
          139.533982,
          36.2418806
        ]
      },
      "properties": {
        "内容": "バス停: 本町四丁目 (館林市外四町広域公共路線バス)",
        "name": "本町四丁目",
        "operator": "館林市外四町広域公共路線バス",
        "ref": "",
        "url": "",
        "url2": ""
      }
    },
    {
      "type": "Feature",
      "geometry": {
        "type": "Point",
        "coordinates": [
          139.5328286,
          36.2446085
        ]
      },
      "properties": {
        "内容": "バス停: 本町郵便局前 (館林市外四町広域公共路線バス)",
        "name": "本町郵便局前",
        "operator": "館林市外四町広域公共路線バス",
        "ref": "",
        "url": "",
        "url2": ""
      }
    },
    {
      "type": "Feature",
      "geometry": {
        "type": "Point",
        "coordinates": [
          139.5329332,
          36.2444051
        ]
      },
      "properties": {
        "内容": "バス停: 本町郵便局前 (館林市外四町広域公共路線バス)",
        "name": "本町郵便局前",
        "operator": "館林市外四町広域公共路線バス",
        "ref": "",
        "url": "",
        "url2": ""
      }
    },
    {
      "type": "Feature",
      "geometry": {
        "type": "Point",
        "coordinates": [
          139.5896566,
          36.230726
        ]
      },
      "properties": {
        "内容": "バス停: 籾谷浮戸信号南 (板倉町コミュニティバス)",
        "name": "籾谷浮戸信号南",
        "operator": "板倉町コミュニティバス",
        "ref": "",
        "url": "",
        "url2": ""
      }
    },
    {
      "type": "Feature",
      "geometry": {
        "type": "Point",
        "coordinates": [
          139.5897907,
          36.2307281
        ]
      },
      "properties": {
        "内容": "バス停: 籾谷浮戸信号南 (板倉町コミュニティバス)",
        "name": "籾谷浮戸信号南",
        "operator": "板倉町コミュニティバス",
        "ref": "",
        "url": "",
        "url2": ""
      }
    },
    {
      "type": "Feature",
      "geometry": {
        "type": "Point",
        "coordinates": [
          139.5847294,
          36.2323855
        ]
      },
      "properties": {
        "内容": "バス停: 籾谷宿 (板倉町コミュニティバス)",
        "name": "籾谷宿",
        "operator": "板倉町コミュニティバス",
        "ref": "",
        "url": "",
        "url2": ""
      }
    },
    {
      "type": "Feature",
      "geometry": {
        "type": "Point",
        "coordinates": [
          139.5847696,
          36.2324568
        ]
      },
      "properties": {
        "内容": "バス停: 籾谷宿 (板倉町コミュニティバス)",
        "name": "籾谷宿",
        "operator": "板倉町コミュニティバス",
        "ref": "",
        "url": "",
        "url2": ""
      }
    },
    {
      "type": "Feature",
      "geometry": {
        "type": "Point",
        "coordinates": [
          139.6458059,
          36.2168086
        ]
      },
      "properties": {
        "内容": "バス停: 朝日野三丁目 (板倉町コミュニティバス)",
        "name": "朝日野三丁目",
        "operator": "板倉町コミュニティバス",
        "ref": "",
        "url": "",
        "url2": ""
      }
    },
    {
      "type": "Feature",
      "geometry": {
        "type": "Point",
        "coordinates": [
          139.6457684,
          36.2169254
        ]
      },
      "properties": {
        "内容": "バス停: 朝日野三丁目 (板倉町コミュニティバス)",
        "name": "朝日野三丁目",
        "operator": "板倉町コミュニティバス",
        "ref": "",
        "url": "",
        "url2": ""
      }
    },
    {
      "type": "Feature",
      "geometry": {
        "type": "Point",
        "coordinates": [
          139.639492,
          36.2140559
        ]
      },
      "properties": {
        "内容": "バス停: 季楽里 (板倉町コミュニティバス)",
        "name": "季楽里",
        "operator": "板倉町コミュニティバス",
        "ref": "",
        "url": "",
        "url2": ""
      }
    },
    {
      "type": "Feature",
      "geometry": {
        "type": "Point",
        "coordinates": [
          139.6395161,
          36.2139693
        ]
      },
      "properties": {
        "内容": "バス停: 季楽里 (板倉町コミュニティバス)",
        "name": "季楽里",
        "operator": "板倉町コミュニティバス",
        "ref": "",
        "url": "",
        "url2": ""
      }
    },
    {
      "type": "Feature",
      "geometry": {
        "type": "Point",
        "coordinates": [
          139.6487457,
          36.2062823
        ]
      },
      "properties": {
        "内容": "バス停: 金蔵院前 (板倉町コミュニティバス)",
        "name": "金蔵院前",
        "operator": "板倉町コミュニティバス",
        "ref": "",
        "url": "",
        "url2": ""
      }
    },
    {
      "type": "Feature",
      "geometry": {
        "type": "Point",
        "coordinates": [
          139.6487001,
          36.206107
        ]
      },
      "properties": {
        "内容": "バス停: 金蔵院前 (板倉町コミュニティバス)",
        "name": "金蔵院前",
        "operator": "板倉町コミュニティバス",
        "ref": "",
        "url": "",
        "url2": ""
      }
    },
    {
      "type": "Feature",
      "geometry": {
        "type": "Point",
        "coordinates": [
          139.6494377,
          36.2031311
        ]
      },
      "properties": {
        "内容": "バス停: 小合地 (板倉町コミュニティバス)",
        "name": "小合地",
        "operator": "板倉町コミュニティバス",
        "ref": "",
        "url": "",
        "url2": ""
      }
    },
    {
      "type": "Feature",
      "geometry": {
        "type": "Point",
        "coordinates": [
          139.6493465,
          36.2030834
        ]
      },
      "properties": {
        "内容": "バス停: 小合地 (板倉町コミュニティバス)",
        "name": "小合地",
        "operator": "板倉町コミュニティバス",
        "ref": "",
        "url": "",
        "url2": ""
      }
    },
    {
      "type": "Feature",
      "geometry": {
        "type": "Point",
        "coordinates": [
          139.6477774,
          36.196878
        ]
      },
      "properties": {
        "内容": "バス停: 普光寺前 (板倉町コミュニティバス)",
        "name": "普光寺前",
        "operator": "板倉町コミュニティバス",
        "ref": "",
        "url": "",
        "url2": ""
      }
    },
    {
      "type": "Feature",
      "geometry": {
        "type": "Point",
        "coordinates": [
          139.6477827,
          36.1969429
        ]
      },
      "properties": {
        "内容": "バス停: 普光寺前 (板倉町コミュニティバス)",
        "name": "普光寺前",
        "operator": "板倉町コミュニティバス",
        "ref": "",
        "url": "",
        "url2": ""
      }
    },
    {
      "type": "Feature",
      "geometry": {
        "type": "Point",
        "coordinates": [
          139.6412703,
          36.1976442
        ]
      },
      "properties": {
        "内容": "バス停: 下五箇中妻 (板倉町コミュニティバス)",
        "name": "下五箇中妻",
        "operator": "板倉町コミュニティバス",
        "ref": "",
        "url": "",
        "url2": ""
      }
    },
    {
      "type": "Feature",
      "geometry": {
        "type": "Point",
        "coordinates": [
          139.6412596,
          36.1975771
        ]
      },
      "properties": {
        "内容": "バス停: 下五箇中妻 (板倉町コミュニティバス)",
        "name": "下五箇中妻",
        "operator": "板倉町コミュニティバス",
        "ref": "",
        "url": "",
        "url2": ""
      }
    },
    {
      "type": "Feature",
      "geometry": {
        "type": "Point",
        "coordinates": [
          139.6339667,
          36.1972849
        ]
      },
      "properties": {
        "内容": "バス停: 上五箇 (板倉町コミュニティバス)",
        "name": "上五箇",
        "operator": "板倉町コミュニティバス",
        "ref": "",
        "url": "",
        "url2": ""
      }
    },
    {
      "type": "Feature",
      "geometry": {
        "type": "Point",
        "coordinates": [
          139.6339184,
          36.1973282
        ]
      },
      "properties": {
        "内容": "バス停: 上五箇 (板倉町コミュニティバス)",
        "name": "上五箇",
        "operator": "板倉町コミュニティバス",
        "ref": "",
        "url": "",
        "url2": ""
      }
    },
    {
      "type": "Feature",
      "geometry": {
        "type": "Point",
        "coordinates": [
          139.6267194,
          36.1973455
        ]
      },
      "properties": {
        "内容": "バス停: 宇奈根 (板倉町コミュニティバス)",
        "name": "宇奈根",
        "operator": "板倉町コミュニティバス",
        "ref": "",
        "url": "",
        "url2": ""
      }
    },
    {
      "type": "Feature",
      "geometry": {
        "type": "Point",
        "coordinates": [
          139.6263573,
          36.1973477
        ]
      },
      "properties": {
        "内容": "バス停: 宇奈根 (板倉町コミュニティバス)",
        "name": "宇奈根",
        "operator": "板倉町コミュニティバス",
        "ref": "",
        "url": "",
        "url2": ""
      }
    },
    {
      "type": "Feature",
      "geometry": {
        "type": "Point",
        "coordinates": [
          139.6238784,
          36.2000829
        ]
      },
      "properties": {
        "内容": "バス停: 宇那根農村公園前 (板倉町コミュニティバス)",
        "name": "宇那根農村公園前",
        "operator": "板倉町コミュニティバス",
        "ref": "",
        "url": "",
        "url2": ""
      }
    },
    {
      "type": "Feature",
      "geometry": {
        "type": "Point",
        "coordinates": [
          139.6239471,
          36.2000921
        ]
      },
      "properties": {
        "内容": "バス停: 宇那根農村公園前 (板倉町コミュニティバス)",
        "name": "宇那根農村公園前",
        "operator": "板倉町コミュニティバス",
        "ref": "",
        "url": "",
        "url2": ""
      }
    },
    {
      "type": "Feature",
      "geometry": {
        "type": "Point",
        "coordinates": [
          139.6209392,
          36.2043517
        ]
      },
      "properties": {
        "内容": "バス停: 旧南小学校前 (板倉町コミュニティバス)",
        "name": "旧南小学校前",
        "operator": "板倉町コミュニティバス",
        "ref": "",
        "url": "",
        "url2": ""
      }
    },
    {
      "type": "Feature",
      "geometry": {
        "type": "Point",
        "coordinates": [
          139.620856,
          36.2043085
        ]
      },
      "properties": {
        "内容": "バス停: 旧南小学校前 (板倉町コミュニティバス)",
        "name": "旧南小学校前",
        "operator": "板倉町コミュニティバス",
        "ref": "",
        "url": "",
        "url2": ""
      }
    },
    {
      "type": "Feature",
      "geometry": {
        "type": "Point",
        "coordinates": [
          139.6169078,
          36.2067065
        ]
      },
      "properties": {
        "内容": "バス停: 南部公民館入口 (板倉町コミュニティバス)",
        "name": "南部公民館入口",
        "operator": "板倉町コミュニティバス",
        "ref": "",
        "url": "",
        "url2": ""
      }
    },
    {
      "type": "Feature",
      "geometry": {
        "type": "Point",
        "coordinates": [
          139.6169883,
          36.2067714
        ]
      },
      "properties": {
        "内容": "バス停: 南部公民館入口 (板倉町コミュニティバス)",
        "name": "南部公民館入口",
        "operator": "板倉町コミュニティバス",
        "ref": "",
        "url": "",
        "url2": ""
      }
    },
    {
      "type": "Feature",
      "geometry": {
        "type": "Point",
        "coordinates": [
          139.6114576,
          36.209046
        ]
      },
      "properties": {
        "内容": "バス停: 飯野辻 (板倉町コミュニティバス)",
        "name": "飯野辻",
        "operator": "板倉町コミュニティバス",
        "ref": "",
        "url": "",
        "url2": ""
      }
    },
    {
      "type": "Feature",
      "geometry": {
        "type": "Point",
        "coordinates": [
          139.6114737,
          36.2091174
        ]
      },
      "properties": {
        "内容": "バス停: 飯野辻 (板倉町コミュニティバス)",
        "name": "飯野辻",
        "operator": "板倉町コミュニティバス",
        "ref": "",
        "url": "",
        "url2": ""
      }
    },
    {
      "type": "Feature",
      "geometry": {
        "type": "Point",
        "coordinates": [
          139.6071526,
          36.2104397
        ]
      },
      "properties": {
        "内容": "バス停: 地蔵院前 (板倉町コミュニティバス)",
        "name": "地蔵院前",
        "operator": "板倉町コミュニティバス",
        "ref": "",
        "url": "",
        "url2": ""
      }
    },
    {
      "type": "Feature",
      "geometry": {
        "type": "Point",
        "coordinates": [
          139.6072116,
          36.2105047
        ]
      },
      "properties": {
        "内容": "バス停: 地蔵院前 (板倉町コミュニティバス)",
        "name": "地蔵院前",
        "operator": "板倉町コミュニティバス",
        "ref": "",
        "url": "",
        "url2": ""
      }
    },
    {
      "type": "Feature",
      "geometry": {
        "type": "Point",
        "coordinates": [
          139.603242,
          36.211933
        ]
      },
      "properties": {
        "内容": "バス停: 中新田 (板倉町コミュニティバス)",
        "name": "中新田",
        "operator": "板倉町コミュニティバス",
        "ref": "",
        "url": "",
        "url2": ""
      }
    },
    {
      "type": "Feature",
      "geometry": {
        "type": "Point",
        "coordinates": [
          139.6032447,
          36.2120433
        ]
      },
      "properties": {
        "内容": "バス停: 中新田 (板倉町コミュニティバス)",
        "name": "中新田",
        "operator": "板倉町コミュニティバス",
        "ref": "",
        "url": "",
        "url2": ""
      }
    },
    {
      "type": "Feature",
      "geometry": {
        "type": "Point",
        "coordinates": [
          139.5966196,
          36.2121083
        ]
      },
      "properties": {
        "内容": "バス停: 新村 (板倉町コミュニティバス)",
        "name": "新村",
        "operator": "板倉町コミュニティバス",
        "ref": "",
        "url": "",
        "url2": ""
      }
    },
    {
      "type": "Feature",
      "geometry": {
        "type": "Point",
        "coordinates": [
          139.5966357,
          36.2121905
        ]
      },
      "properties": {
        "内容": "バス停: 新村 (板倉町コミュニティバス)",
        "name": "新村",
        "operator": "板倉町コミュニティバス",
        "ref": "",
        "url": "",
        "url2": ""
      }
    },
    {
      "type": "Feature",
      "geometry": {
        "type": "Point",
        "coordinates": [
          139.5923656,
          36.2132271
        ]
      },
      "properties": {
        "内容": "バス停: 排水機場東 (板倉町コミュニティバス)",
        "name": "排水機場東",
        "operator": "板倉町コミュニティバス",
        "ref": "",
        "url": "",
        "url2": ""
      }
    },
    {
      "type": "Feature",
      "geometry": {
        "type": "Point",
        "coordinates": [
          139.5924112,
          36.2133158
        ]
      },
      "properties": {
        "内容": "バス停: 排水機場東 (板倉町コミュニティバス)",
        "name": "排水機場東",
        "operator": "板倉町コミュニティバス",
        "ref": "",
        "url": "",
        "url2": ""
      }
    },
    {
      "type": "Feature",
      "geometry": {
        "type": "Point",
        "coordinates": [
          139.5875296,
          36.2238152
        ]
      },
      "properties": {
        "内容": "バス停: 岩田 (板倉町コミュニティバス)",
        "name": "岩田",
        "operator": "板倉町コミュニティバス",
        "ref": "",
        "url": "",
        "url2": ""
      }
    },
    {
      "type": "Feature",
      "geometry": {
        "type": "Point",
        "coordinates": [
          139.5873741,
          36.223865
        ]
      },
      "properties": {
        "内容": "バス停: 岩田 (板倉町コミュニティバス)",
        "name": "岩田",
        "operator": "板倉町コミュニティバス",
        "ref": "",
        "url": "",
        "url2": ""
      }
    },
    {
      "type": "Feature",
      "geometry": {
        "type": "Point",
        "coordinates": [
          139.589442,
          36.2280691
        ]
      },
      "properties": {
        "内容": "バス停: 岩田下山浦 (館林市外四町広域公共路線バス)",
        "name": "岩田下山浦",
        "operator": "館林市外四町広域公共路線バス",
        "ref": "",
        "url": "",
        "url2": ""
      }
    },
    {
      "type": "Feature",
      "geometry": {
        "type": "Point",
        "coordinates": [
          139.5896136,
          36.2280344
        ]
      },
      "properties": {
        "内容": "バス停: 岩田下山浦 (館林市外四町広域公共路線バス)",
        "name": "岩田下山浦",
        "operator": "館林市外四町広域公共路線バス",
        "ref": "",
        "url": "",
        "url2": ""
      }
    },
    {
      "type": "Feature",
      "geometry": {
        "type": "Point",
        "coordinates": [
          139.5230198,
          36.2475958
        ]
      },
      "properties": {
        "内容": "バス停: 栄町住宅前 (館林市外四町広域公共路線バス)",
        "name": "栄町住宅前",
        "operator": "館林市外四町広域公共路線バス",
        "ref": "",
        "url": "",
        "url2": ""
      }
    },
    {
      "type": "Feature",
      "geometry": {
        "type": "Point",
        "coordinates": [
          139.5270398,
          36.2517694
        ]
      },
      "properties": {
        "内容": "バス停: 大街道一丁目南 (館林市外四町広域公共路線バス)",
        "name": "大街道一丁目南",
        "operator": "館林市外四町広域公共路線バス",
        "ref": "",
        "url": "",
        "url2": ""
      }
    },
    {
      "type": "Feature",
      "geometry": {
        "type": "Point",
        "coordinates": [
          139.5270699,
          36.2517597
        ]
      },
      "properties": {
        "内容": "バス停: 大街道一丁目南 (館林市外四町広域公共路線バス)",
        "name": "大街道一丁目南",
        "operator": "館林市外四町広域公共路線バス",
        "ref": "",
        "url": "",
        "url2": ""
      }
    },
    {
      "type": "Feature",
      "geometry": {
        "type": "Point",
        "coordinates": [
          139.5271437,
          36.2517986
        ]
      },
      "properties": {
        "内容": "バス停: 大街道一丁目南 (館林市外四町広域公共路線バス)",
        "name": "大街道一丁目南",
        "operator": "館林市外四町広域公共路線バス",
        "ref": "",
        "url": "",
        "url2": ""
      }
    },
    {
      "type": "Feature",
      "geometry": {
        "type": "Point",
        "coordinates": [
          139.5271127,
          36.2518104
        ]
      },
      "properties": {
        "内容": "バス停: 大街道一丁目南 (館林市外四町広域公共路線バス)",
        "name": "大街道一丁目南",
        "operator": "館林市外四町広域公共路線バス",
        "ref": "",
        "url": "",
        "url2": ""
      }
    },
    {
      "type": "Feature",
      "geometry": {
        "type": "Point",
        "coordinates": [
          139.4613987,
          36.2202687
        ]
      },
      "properties": {
        "内容": "バス停: 中天神原 (館林市外四町広域公共路線バス)",
        "name": "中天神原",
        "operator": "館林市外四町広域公共路線バス",
        "ref": "",
        "url": "",
        "url2": ""
      }
    },
    {
      "type": "Feature",
      "geometry": {
        "type": "Point",
        "coordinates": [
          139.4614631,
          36.2204277
        ]
      },
      "properties": {
        "内容": "バス停: 中天神原 (館林市外四町広域公共路線バス)",
        "name": "中天神原",
        "operator": "館林市外四町広域公共路線バス",
        "ref": "",
        "url": "",
        "url2": ""
      }
    },
    {
      "type": "Feature",
      "geometry": {
        "type": "Point",
        "coordinates": [
          139.4565278,
          36.2139867
        ]
      },
      "properties": {
        "内容": "バス停: 木崎 (館林市外四町広域公共路線バス)",
        "name": "木崎",
        "operator": "館林市外四町広域公共路線バス",
        "ref": "",
        "url": "",
        "url2": ""
      }
    },
    {
      "type": "Feature",
      "geometry": {
        "type": "Point",
        "coordinates": [
          139.4566244,
          36.2137833
        ]
      },
      "properties": {
        "内容": "バス停: 木崎 (館林市外四町広域公共路線バス)",
        "name": "木崎",
        "operator": "館林市外四町広域公共路線バス",
        "ref": "",
        "url": "",
        "url2": ""
      }
    },
    {
      "type": "Feature",
      "geometry": {
        "type": "Point",
        "coordinates": [
          139.4530436,
          36.2150341
        ]
      },
      "properties": {
        "内容": "バス停: 鍋谷 (館林市外四町広域公共路線バス)",
        "name": "鍋谷",
        "operator": "館林市外四町広域公共路線バス",
        "ref": "",
        "url": "",
        "url2": ""
      }
    },
    {
      "type": "Feature",
      "geometry": {
        "type": "Point",
        "coordinates": [
          139.4427091,
          36.2174534
        ]
      },
      "properties": {
        "内容": "バス停: 千代田町役場前 (広域公共バスあおぞら;館林市外四町広域公共路線バス)",
        "name": "千代田町役場前",
        "operator": "広域公共バスあおぞら;館林市外四町広域公共路線バス",
        "ref": "",
        "url": "",
        "url2": ""
      }
    },
    {
      "type": "Feature",
      "geometry": {
        "type": "Point",
        "coordinates": [
          139.4387019,
          36.2116084
        ]
      },
      "properties": {
        "内容": "バス停: 熊野 (広域公共バスあおぞら;館林市外四町広域公共路線バス)",
        "name": "熊野",
        "operator": "広域公共バスあおぞら;館林市外四町広域公共路線バス",
        "ref": "",
        "url": "",
        "url2": ""
      }
    },
    {
      "type": "Feature",
      "geometry": {
        "type": "Point",
        "coordinates": [
          139.4386053,
          36.2116473
        ]
      },
      "properties": {
        "内容": "バス停: 熊野 (広域公共バスあおぞら;館林市外四町広域公共路線バス)",
        "name": "熊野",
        "operator": "広域公共バスあおぞら;館林市外四町広域公共路線バス",
        "ref": "",
        "url": "",
        "url2": ""
      }
    },
    {
      "type": "Feature",
      "geometry": {
        "type": "Point",
        "coordinates": [
          139.4369289,
          36.2087798
        ]
      },
      "properties": {
        "内容": "バス停: JA永楽支所前 (広域公共バスあおぞら;館林市外四町広域公共路線バス)",
        "name": "JA永楽支所前",
        "operator": "広域公共バスあおぞら;館林市外四町広域公共路線バス",
        "ref": "",
        "url": "",
        "url2": ""
      }
    },
    {
      "type": "Feature",
      "geometry": {
        "type": "Point",
        "coordinates": [
          139.4364408,
          36.2083708
        ]
      },
      "properties": {
        "内容": "バス停: JA永楽支所前 (広域公共バスあおぞら;館林市外四町広域公共路線バス)",
        "name": "JA永楽支所前",
        "operator": "広域公共バスあおぞら;館林市外四町広域公共路線バス",
        "ref": "",
        "url": "",
        "url2": ""
      }
    },
    {
      "type": "Feature",
      "geometry": {
        "type": "Point",
        "coordinates": [
          139.4348797,
          36.2066957
        ]
      },
      "properties": {
        "内容": "バス停: 赤岩渡船 (館林市外四町広域公共路線バス)",
        "name": "赤岩渡船",
        "operator": "館林市外四町広域公共路線バス",
        "ref": "",
        "url": "",
        "url2": ""
      }
    },
    {
      "type": "Feature",
      "geometry": {
        "type": "Point",
        "coordinates": [
          139.4526574,
          36.2150146
        ]
      },
      "properties": {
        "内容": "バス停: 鍋谷 (館林市外四町広域公共路線バス)",
        "name": "鍋谷",
        "operator": "館林市外四町広域公共路線バス",
        "ref": "",
        "url": "",
        "url2": ""
      }
    },
    {
      "type": "Feature",
      "geometry": {
        "type": "Point",
        "coordinates": [
          139.4459921,
          36.2142312
        ]
      },
      "properties": {
        "内容": "バス停: 下桧内 (館林市外四町広域公共路線バス)",
        "name": "下桧内",
        "operator": "館林市外四町広域公共路線バス",
        "ref": "",
        "url": "",
        "url2": ""
      }
    },
    {
      "type": "Feature",
      "geometry": {
        "type": "Point",
        "coordinates": [
          139.445858,
          36.2142723
        ]
      },
      "properties": {
        "内容": "バス停: 下桧内 (館林市外四町広域公共路線バス)",
        "name": "下桧内",
        "operator": "館林市外四町広域公共路線バス",
        "ref": "",
        "url": "",
        "url2": ""
      }
    },
    {
      "type": "Feature",
      "geometry": {
        "type": "Point",
        "coordinates": [
          139.4522411,
          36.1990519
        ]
      },
      "properties": {
        "内容": "バス停: 瀬戸井東 (館林市外四町広域公共路線バス)",
        "name": "瀬戸井東",
        "operator": "館林市外四町広域公共路線バス",
        "ref": "",
        "url": "",
        "url2": ""
      }
    },
    {
      "type": "Feature",
      "geometry": {
        "type": "Point",
        "coordinates": [
          139.4524735,
          36.1988765
        ]
      },
      "properties": {
        "内容": "バス停: 瀬戸井東 (館林市外四町広域公共路線バス)",
        "name": "瀬戸井東",
        "operator": "館林市外四町広域公共路線バス",
        "ref": "",
        "url": "",
        "url2": ""
      }
    },
    {
      "type": "Feature",
      "geometry": {
        "type": "Point",
        "coordinates": [
          139.4608429,
          36.1975278
        ]
      },
      "properties": {
        "内容": "バス停: 上五箇三橋神社 (館林市外四町広域公共路線バス)",
        "name": "上五箇三橋神社",
        "operator": "館林市外四町広域公共路線バス",
        "ref": "",
        "url": "",
        "url2": ""
      }
    },
    {
      "type": "Feature",
      "geometry": {
        "type": "Point",
        "coordinates": [
          139.4608334,
          36.1976021
        ]
      },
      "properties": {
        "内容": "バス停: 上五箇三橋神社 (館林市外四町広域公共路線バス)",
        "name": "上五箇三橋神社",
        "operator": "館林市外四町広域公共路線バス",
        "ref": "",
        "url": "",
        "url2": ""
      }
    },
    {
      "type": "Feature",
      "geometry": {
        "type": "Point",
        "coordinates": [
          139.4646522,
          36.1975945
        ]
      },
      "properties": {
        "内容": "バス停: 上五箇 (館林市外四町広域公共路線バス)",
        "name": "上五箇",
        "operator": "館林市外四町広域公共路線バス",
        "ref": "",
        "url": "",
        "url2": ""
      }
    },
    {
      "type": "Feature",
      "geometry": {
        "type": "Point",
        "coordinates": [
          139.4647622,
          36.2025185
        ]
      },
      "properties": {
        "内容": "バス停: 東部運動公園 (館林市外四町広域公共路線バス)",
        "name": "東部運動公園",
        "operator": "館林市外四町広域公共路線バス",
        "ref": "",
        "url": "",
        "url2": ""
      }
    },
    {
      "type": "Feature",
      "geometry": {
        "type": "Point",
        "coordinates": [
          139.4646522,
          36.2025683
        ]
      },
      "properties": {
        "内容": "バス停: 東部運動公園 (館林市外四町広域公共路線バス)",
        "name": "東部運動公園",
        "operator": "館林市外四町広域公共路線バス",
        "ref": "",
        "url": "",
        "url2": ""
      }
    },
    {
      "type": "Feature",
      "geometry": {
        "type": "Point",
        "coordinates": [
          139.4657305,
          36.2042414
        ]
      },
      "properties": {
        "内容": "バス停: 萱野 (館林市外四町広域公共路線バス)",
        "name": "萱野",
        "operator": "館林市外四町広域公共路線バス",
        "ref": "",
        "url": "",
        "url2": ""
      }
    },
    {
      "type": "Feature",
      "geometry": {
        "type": "Point",
        "coordinates": [
          139.4659692,
          36.2042998
        ]
      },
      "properties": {
        "内容": "バス停: 萱野 (館林市外四町広域公共路線バス)",
        "name": "萱野",
        "operator": "館林市外四町広域公共路線バス",
        "ref": "",
        "url": "",
        "url2": ""
      }
    },
    {
      "type": "Feature",
      "geometry": {
        "type": "Point",
        "coordinates": [
          139.4731495,
          36.2046807
        ]
      },
      "properties": {
        "内容": "バス停: ジョイフル本田千代田店 (館林市外四町広域公共路線バス)",
        "name": "ジョイフル本田千代田店",
        "operator": "館林市外四町広域公共路線バス",
        "ref": "",
        "url": "",
        "url2": ""
      }
    },
    {
      "type": "Feature",
      "geometry": {
        "type": "Point",
        "coordinates": [
          139.4731173,
          36.2047413
        ]
      },
      "properties": {
        "内容": "バス停: ジョイフル本田千代田店 (館林市外四町広域公共路線バス)",
        "name": "ジョイフル本田千代田店",
        "operator": "館林市外四町広域公共路線バス",
        "ref": "",
        "url": "",
        "url2": ""
      }
    },
    {
      "type": "Feature",
      "geometry": {
        "type": "Point",
        "coordinates": [
          139.518275,
          36.2077345
        ]
      },
      "properties": {
        "内容": "バス停: 大佐貫 (館林市外四町広域公共路線バス)",
        "name": "大佐貫",
        "operator": "館林市外四町広域公共路線バス",
        "ref": "",
        "url": "",
        "url2": ""
      }
    },
    {
      "type": "Feature",
      "geometry": {
        "type": "Point",
        "coordinates": [
          139.5179397,
          36.2075592
        ]
      },
      "properties": {
        "内容": "バス停: 大佐貫 (館林市外四町広域公共路線バス)",
        "name": "大佐貫",
        "operator": "館林市外四町広域公共路線バス",
        "ref": "",
        "url": "",
        "url2": ""
      }
    },
    {
      "type": "Feature",
      "geometry": {
        "type": "Point",
        "coordinates": [
          139.5128408,
          36.1999884
        ]
      },
      "properties": {
        "内容": "バス停: 明和西小学校前 (館林市外四町広域公共路線バス)",
        "name": "明和西小学校前",
        "operator": "館林市外四町広域公共路線バス",
        "ref": "",
        "url": "",
        "url2": ""
      }
    },
    {
      "type": "Feature",
      "geometry": {
        "type": "Point",
        "coordinates": [
          139.5131144,
          36.2000728
        ]
      },
      "properties": {
        "内容": "バス停: 明和西小学校前 (館林市外四町広域公共路線バス)",
        "name": "明和西小学校前",
        "operator": "館林市外四町広域公共路線バス",
        "ref": "",
        "url": "",
        "url2": ""
      }
    },
    {
      "type": "Feature",
      "geometry": {
        "type": "Point",
        "coordinates": [
          139.5094444,
          36.2000714
        ]
      },
      "properties": {
        "内容": "バス停: 須賀 (館林市外四町広域公共路線バス)",
        "name": "須賀",
        "operator": "館林市外四町広域公共路線バス",
        "ref": "",
        "url": "",
        "url2": ""
      }
    },
    {
      "type": "Feature",
      "geometry": {
        "type": "Point",
        "coordinates": [
          139.5094065,
          36.1999905
        ]
      },
      "properties": {
        "内容": "バス停: 須賀 (館林市外四町広域公共路線バス)",
        "name": "須賀",
        "operator": "館林市外四町広域公共路線バス",
        "ref": "",
        "url": "",
        "url2": ""
      }
    },
    {
      "type": "Feature",
      "geometry": {
        "type": "Point",
        "coordinates": [
          139.5025438,
          36.2006225
        ]
      },
      "properties": {
        "内容": "バス停: 大輪東 (館林市外四町広域公共路線バス)",
        "name": "大輪東",
        "operator": "館林市外四町広域公共路線バス",
        "ref": "",
        "url": "",
        "url2": ""
      }
    },
    {
      "type": "Feature",
      "geometry": {
        "type": "Point",
        "coordinates": [
          139.5018518,
          36.2007676
        ]
      },
      "properties": {
        "内容": "バス停: 大輪東 (館林市外四町広域公共路線バス)",
        "name": "大輪東",
        "operator": "館林市外四町広域公共路線バス",
        "ref": "",
        "url": "",
        "url2": ""
      }
    },
    {
      "type": "Feature",
      "geometry": {
        "type": "Point",
        "coordinates": [
          139.4952402,
          36.1993477
        ]
      },
      "properties": {
        "内容": "バス停: 大輪西 (館林市外四町広域公共路線バス)",
        "name": "大輪西",
        "operator": "館林市外四町広域公共路線バス",
        "ref": "",
        "url": "",
        "url2": ""
      }
    },
    {
      "type": "Feature",
      "geometry": {
        "type": "Point",
        "coordinates": [
          139.4952676,
          36.1994115
        ]
      },
      "properties": {
        "内容": "バス停: 大輪西 (館林市外四町広域公共路線バス)",
        "name": "大輪西",
        "operator": "館林市外四町広域公共路線バス",
        "ref": "",
        "url": "",
        "url2": ""
      }
    },
    {
      "type": "Feature",
      "geometry": {
        "type": "Point",
        "coordinates": [
          139.4716315,
          36.1971542
        ]
      },
      "properties": {
        "内容": "バス停: 富永郵便局前 (館林市外四町広域公共路線バス)",
        "name": "富永郵便局前",
        "operator": "館林市外四町広域公共路線バス",
        "ref": "",
        "url": "",
        "url2": ""
      }
    },
    {
      "type": "Feature",
      "geometry": {
        "type": "Point",
        "coordinates": [
          139.4715232,
          36.1972731
        ]
      },
      "properties": {
        "内容": "バス停: 富永郵便局前 (館林市外四町広域公共路線バス)",
        "name": "富永郵便局前",
        "operator": "館林市外四町広域公共路線バス",
        "ref": "",
        "url": "",
        "url2": ""
      }
    },
    {
      "type": "Feature",
      "geometry": {
        "type": "Point",
        "coordinates": [
          139.4423605,
          36.2140883
        ]
      },
      "properties": {
        "内容": "バス停: コスメ・ニスト千代田町プラザ前 (館林市外四町広域公共路線バス)",
        "name": "コスメ・ニスト千代田町プラザ前",
        "operator": "館林市外四町広域公共路線バス",
        "ref": "",
        "url": "",
        "url2": ""
      }
    },
    {
      "type": "Feature",
      "geometry": {
        "type": "Point",
        "coordinates": [
          139.4423252,
          36.214027
        ]
      },
      "properties": {
        "内容": "バス停: コスメ・ニスト千代田町プラザ前 (館林市外四町広域公共路線バス)",
        "name": "コスメ・ニスト千代田町プラザ前",
        "operator": "館林市外四町広域公共路線バス",
        "ref": "",
        "url": "",
        "url2": ""
      }
    },
    {
      "type": "Feature",
      "geometry": {
        "type": "Point",
        "coordinates": [
          139.4417515,
          36.2116257
        ]
      },
      "properties": {
        "内容": "バス停: 五反田 (館林市外四町広域公共路線バス)",
        "name": "五反田",
        "operator": "館林市外四町広域公共路線バス",
        "ref": "",
        "url": "",
        "url2": ""
      }
    },
    {
      "type": "Feature",
      "geometry": {
        "type": "Point",
        "coordinates": [
          139.4415155,
          36.2116213
        ]
      },
      "properties": {
        "内容": "バス停: 五反田 (館林市外四町広域公共路線バス)",
        "name": "五反田",
        "operator": "館林市外四町広域公共路線バス",
        "ref": "",
        "url": "",
        "url2": ""
      }
    },
    {
      "type": "Feature",
      "geometry": {
        "type": "Point",
        "coordinates": [
          139.4382003,
          36.2085071
        ]
      },
      "properties": {
        "内容": "バス停: 熊野南 (館林市外四町広域公共路線バス)",
        "name": "熊野南",
        "operator": "館林市外四町広域公共路線バス",
        "ref": "",
        "url": "",
        "url2": ""
      }
    },
    {
      "type": "Feature",
      "geometry": {
        "type": "Point",
        "coordinates": [
          139.4380474,
          36.2083686
        ]
      },
      "properties": {
        "内容": "バス停: 熊野南 (館林市外四町広域公共路線バス)",
        "name": "熊野南",
        "operator": "館林市外四町広域公共路線バス",
        "ref": "",
        "url": "",
        "url2": ""
      }
    },
    {
      "type": "Feature",
      "geometry": {
        "type": "Point",
        "coordinates": [
          139.4394529,
          36.2060962
        ]
      },
      "properties": {
        "内容": "バス停: 赤岩下宿 (館林市外四町広域公共路線バス)",
        "name": "赤岩下宿",
        "operator": "館林市外四町広域公共路線バス",
        "ref": "",
        "url": "",
        "url2": ""
      }
    },
    {
      "type": "Feature",
      "geometry": {
        "type": "Point",
        "coordinates": [
          139.4394153,
          36.2061936
        ]
      },
      "properties": {
        "内容": "バス停: 赤岩下宿 (館林市外四町広域公共路線バス)",
        "name": "赤岩下宿",
        "operator": "館林市外四町広域公共路線バス",
        "ref": "",
        "url": "",
        "url2": ""
      }
    },
    {
      "type": "Feature",
      "geometry": {
        "type": "Point",
        "coordinates": [
          139.4438302,
          36.2035639
        ]
      },
      "properties": {
        "内容": "バス停: 里東 (館林市外四町広域公共路線バス)",
        "name": "里東",
        "operator": "館林市外四町広域公共路線バス",
        "ref": "",
        "url": "",
        "url2": ""
      }
    },
    {
      "type": "Feature",
      "geometry": {
        "type": "Point",
        "coordinates": [
          139.4439,
          36.2032371
        ]
      },
      "properties": {
        "内容": "バス停: 里東 (館林市外四町広域公共路線バス)",
        "name": "里東",
        "operator": "館林市外四町広域公共路線バス",
        "ref": "",
        "url": "",
        "url2": ""
      }
    },
    {
      "type": "Feature",
      "geometry": {
        "type": "Point",
        "coordinates": [
          139.448211,
          36.2003573
        ]
      },
      "properties": {
        "内容": "バス停: 瀬戸井永徳橋 (館林市外四町広域公共路線バス)",
        "name": "瀬戸井永徳橋",
        "operator": "館林市外四町広域公共路線バス",
        "ref": "",
        "url": "",
        "url2": ""
      }
    },
    {
      "type": "Feature",
      "geometry": {
        "type": "Point",
        "coordinates": [
          139.448588,
          36.2001479
        ]
      },
      "properties": {
        "内容": "バス停: 瀬戸井永徳橋 (館林市外四町広域公共路線バス)",
        "name": "瀬戸井永徳橋",
        "operator": "館林市外四町広域公共路線バス",
        "ref": "",
        "url": "",
        "url2": ""
      }
    },
    {
      "type": "Feature",
      "geometry": {
        "type": "Point",
        "coordinates": [
          139.4891408,
          36.1984516
        ]
      },
      "properties": {
        "内容": "バス停: 下中森東 (館林市外四町広域公共路線バス)",
        "name": "下中森東",
        "operator": "館林市外四町広域公共路線バス",
        "ref": "",
        "url": "",
        "url2": ""
      }
    },
    {
      "type": "Feature",
      "geometry": {
        "type": "Point",
        "coordinates": [
          139.489976,
          36.1983854
        ]
      },
      "properties": {
        "内容": "バス停: 下中森東 (館林市外四町広域公共路線バス)",
        "name": "下中森東",
        "operator": "館林市外四町広域公共路線バス",
        "ref": "",
        "url": "",
        "url2": ""
      }
    },
    {
      "type": "Feature",
      "geometry": {
        "type": "Point",
        "coordinates": [
          139.4842976,
          36.1977716
        ]
      },
      "properties": {
        "内容": "バス停: 下中森西 (館林市外四町広域公共路線バス)",
        "name": "下中森西",
        "operator": "館林市外四町広域公共路線バス",
        "ref": "",
        "url": "",
        "url2": ""
      }
    },
    {
      "type": "Feature",
      "geometry": {
        "type": "Point",
        "coordinates": [
          139.4842739,
          36.197688
        ]
      },
      "properties": {
        "内容": "バス停: 下中森西 (館林市外四町広域公共路線バス)",
        "name": "下中森西",
        "operator": "館林市外四町広域公共路線バス",
        "ref": "",
        "url": "",
        "url2": ""
      }
    },
    {
      "type": "Feature",
      "geometry": {
        "type": "Point",
        "coordinates": [
          139.4768704,
          36.1962102
        ]
      },
      "properties": {
        "内容": "バス停: 上中森東 (館林市外四町広域公共路線バス)",
        "name": "上中森東",
        "operator": "館林市外四町広域公共路線バス",
        "ref": "",
        "url": "",
        "url2": ""
      }
    },
    {
      "type": "Feature",
      "geometry": {
        "type": "Point",
        "coordinates": [
          139.4769428,
          36.1961072
        ]
      },
      "properties": {
        "内容": "バス停: 上中森東 (館林市外四町広域公共路線バス)",
        "name": "上中森東",
        "operator": "館林市外四町広域公共路線バス",
        "ref": "",
        "url": "",
        "url2": ""
      }
    },
    {
      "type": "Feature",
      "geometry": {
        "type": "Point",
        "coordinates": [
          139.5375466,
          36.2394361
        ]
      },
      "properties": {
        "内容": "バス停: 緑町北 (館林市外四町広域公共路線バス)",
        "name": "緑町北",
        "operator": "館林市外四町広域公共路線バス",
        "ref": "",
        "url": "",
        "url2": ""
      }
    },
    {
      "type": "Feature",
      "geometry": {
        "type": "Point",
        "coordinates": [
          139.5373508,
          36.2393647
        ]
      },
      "properties": {
        "内容": "バス停: 緑町北 (館林市外四町広域公共路線バス)",
        "name": "緑町北",
        "operator": "館林市外四町広域公共路線バス",
        "ref": "",
        "url": "",
        "url2": ""
      }
    },
    {
      "type": "Feature",
      "geometry": {
        "type": "Point",
        "coordinates": [
          139.5363665,
          36.2366843
        ]
      },
      "properties": {
        "内容": "バス停: 緑町南 (館林市外四町広域公共路線バス)",
        "name": "緑町南",
        "operator": "館林市外四町広域公共路線バス",
        "ref": "",
        "url": "",
        "url2": ""
      }
    },
    {
      "type": "Feature",
      "geometry": {
        "type": "Point",
        "coordinates": [
          139.5365596,
          36.2367622
        ]
      },
      "properties": {
        "内容": "バス停: 緑町南 (館林市外四町広域公共路線バス)",
        "name": "緑町南",
        "operator": "館林市外四町広域公共路線バス",
        "ref": "",
        "url": "",
        "url2": ""
      }
    },
    {
      "type": "Feature",
      "geometry": {
        "type": "Point",
        "coordinates": [
          139.5362163,
          36.2346095
        ]
      },
      "properties": {
        "内容": "バス停: 美園町 (館林市外四町広域公共路線バス)",
        "name": "美園町",
        "operator": "館林市外四町広域公共路線バス",
        "ref": "",
        "url": "",
        "url2": ""
      }
    },
    {
      "type": "Feature",
      "geometry": {
        "type": "Point",
        "coordinates": [
          139.5360929,
          36.2345965
        ]
      },
      "properties": {
        "内容": "バス停: 美園町 (館林市外四町広域公共路線バス)",
        "name": "美園町",
        "operator": "館林市外四町広域公共路線バス",
        "ref": "",
        "url": "",
        "url2": ""
      }
    },
    {
      "type": "Feature",
      "geometry": {
        "type": "Point",
        "coordinates": [
          139.5369928,
          36.2314216
        ]
      },
      "properties": {
        "内容": "バス停: 水質管理センター入口 (館林市外四町広域公共路線バス)",
        "name": "水質管理センター入口",
        "operator": "館林市外四町広域公共路線バス",
        "ref": "",
        "url": "",
        "url2": ""
      }
    },
    {
      "type": "Feature",
      "geometry": {
        "type": "Point",
        "coordinates": [
          139.5368814,
          36.2313815
        ]
      },
      "properties": {
        "内容": "バス停: 水質管理センター入口 (館林市外四町広域公共路線バス)",
        "name": "水質管理センター入口",
        "operator": "館林市外四町広域公共路線バス",
        "ref": "",
        "url": "",
        "url2": ""
      }
    },
    {
      "type": "Feature",
      "geometry": {
        "type": "Point",
        "coordinates": [
          139.5403764,
          36.2259443
        ]
      },
      "properties": {
        "内容": "バス停: 大原公民館 (館林市外四町広域公共路線バス)",
        "name": "大原公民館",
        "operator": "館林市外四町広域公共路線バス",
        "ref": "",
        "url": "",
        "url2": ""
      }
    },
    {
      "type": "Feature",
      "geometry": {
        "type": "Point",
        "coordinates": [
          139.5402986,
          36.2259357
        ]
      },
      "properties": {
        "内容": "バス停: 大原公民館 (館林市外四町広域公共路線バス)",
        "name": "大原公民館",
        "operator": "館林市外四町広域公共路線バス",
        "ref": "",
        "url": "",
        "url2": ""
      }
    },
    {
      "type": "Feature",
      "geometry": {
        "type": "Point",
        "coordinates": [
          139.5408538,
          36.224302
        ]
      },
      "properties": {
        "内容": "バス停: 堀工町南 (館林市外四町広域公共路線バス)",
        "name": "堀工町南",
        "operator": "館林市外四町広域公共路線バス",
        "ref": "",
        "url": "",
        "url2": ""
      }
    },
    {
      "type": "Feature",
      "geometry": {
        "type": "Point",
        "coordinates": [
          139.5408002,
          36.224222
        ]
      },
      "properties": {
        "内容": "バス停: 堀工町南 (館林市外四町広域公共路線バス)",
        "name": "堀工町南",
        "operator": "館林市外四町広域公共路線バス",
        "ref": "",
        "url": "",
        "url2": ""
      }
    },
    {
      "type": "Feature",
      "geometry": {
        "type": "Point",
        "coordinates": [
          139.541342,
          36.2190915
        ]
      },
      "properties": {
        "内容": "バス停: 本郷橋 (館林市外四町広域公共路線バス)",
        "name": "本郷橋",
        "operator": "館林市外四町広域公共路線バス",
        "ref": "",
        "url": "",
        "url2": ""
      }
    },
    {
      "type": "Feature",
      "geometry": {
        "type": "Point",
        "coordinates": [
          139.5412347,
          36.2190915
        ]
      },
      "properties": {
        "内容": "バス停: 本郷橋 (館林市外四町広域公共路線バス)",
        "name": "本郷橋",
        "operator": "館林市外四町広域公共路線バス",
        "ref": "",
        "url": "",
        "url2": ""
      }
    },
    {
      "type": "Feature",
      "geometry": {
        "type": "Point",
        "coordinates": [
          139.5352748,
          36.2164991
        ]
      },
      "properties": {
        "内容": "バス停: 館林商工高校前 (館林市外四町広域公共路線バス)",
        "name": "館林商工高校前",
        "operator": "館林市外四町広域公共路線バス",
        "ref": "",
        "url": "",
        "url2": ""
      }
    },
    {
      "type": "Feature",
      "geometry": {
        "type": "Point",
        "coordinates": [
          139.5350897,
          36.2164234
        ]
      },
      "properties": {
        "内容": "バス停: 館林商工高校前 (館林市外四町広域公共路線バス)",
        "name": "館林商工高校前",
        "operator": "館林市外四町広域公共路線バス",
        "ref": "",
        "url": "",
        "url2": ""
      }
    },
    {
      "type": "Feature",
      "geometry": {
        "type": "Point",
        "coordinates": [
          139.5347598,
          36.2112816
        ]
      },
      "properties": {
        "内容": "バス停: 明和町役場前 (館林市外四町広域公共路線バス)",
        "name": "明和町役場前",
        "operator": "館林市外四町広域公共路線バス",
        "ref": "",
        "url": "",
        "url2": ""
      }
    },
    {
      "type": "Feature",
      "geometry": {
        "type": "Point",
        "coordinates": [
          139.5314768,
          36.2083383
        ]
      },
      "properties": {
        "内容": "バス停: 新里 (館林市外四町広域公共路線バス)",
        "name": "新里",
        "operator": "館林市外四町広域公共路線バス",
        "ref": "",
        "url": "",
        "url2": ""
      }
    },
    {
      "type": "Feature",
      "geometry": {
        "type": "Point",
        "coordinates": [
          139.5314822,
          36.2084097
        ]
      },
      "properties": {
        "内容": "バス停: 新里 (館林市外四町広域公共路線バス)",
        "name": "新里",
        "operator": "館林市外四町広域公共路線バス",
        "ref": "",
        "url": "",
        "url2": ""
      }
    },
    {
      "type": "Feature",
      "geometry": {
        "type": "Point",
        "coordinates": [
          139.5258664,
          36.2087549
        ]
      },
      "properties": {
        "内容": "バス停: 川俣駅西口 (館林市外四町広域公共路線バス)",
        "name": "川俣駅西口",
        "operator": "館林市外四町広域公共路線バス",
        "ref": "",
        "url": "",
        "url2": ""
      }
    },
    {
      "type": "Feature",
      "geometry": {
        "type": "Point",
        "coordinates": [
          139.530656,
          36.2412857
        ]
      },
      "properties": {
        "内容": "バス停: 六郷公民館前 (館林市外四町広域公共路線バス)",
        "name": "六郷公民館前",
        "operator": "館林市外四町広域公共路線バス",
        "ref": "",
        "url": "",
        "url2": ""
      }
    },
    {
      "type": "Feature",
      "geometry": {
        "type": "Point",
        "coordinates": [
          139.530715,
          36.241236
        ]
      },
      "properties": {
        "内容": "バス停: 六郷公民館前 (館林市外四町広域公共路線バス)",
        "name": "六郷公民館前",
        "operator": "館林市外四町広域公共路線バス",
        "ref": "",
        "url": "",
        "url2": ""
      }
    },
    {
      "type": "Feature",
      "geometry": {
        "type": "Point",
        "coordinates": [
          139.5266086,
          36.236641
        ]
      },
      "properties": {
        "内容": "バス停: 第六小学校前 (館林市外四町広域公共路線バス)",
        "name": "第六小学校前",
        "operator": "館林市外四町広域公共路線バス",
        "ref": "",
        "url": "",
        "url2": ""
      }
    },
    {
      "type": "Feature",
      "geometry": {
        "type": "Point",
        "coordinates": [
          139.5265067,
          36.2366843
        ]
      },
      "properties": {
        "内容": "バス停: 第六小学校前 (館林市外四町広域公共路線バス)",
        "name": "第六小学校前",
        "operator": "館林市外四町広域公共路線バス",
        "ref": "",
        "url": "",
        "url2": ""
      }
    },
    {
      "type": "Feature",
      "geometry": {
        "type": "Point",
        "coordinates": [
          139.5229983,
          36.2325261
        ]
      },
      "properties": {
        "内容": "バス停: 諏訪町 (館林市外四町広域公共路線バス)",
        "name": "諏訪町",
        "operator": "館林市外四町広域公共路線バス",
        "ref": "",
        "url": "",
        "url2": ""
      }
    },
    {
      "type": "Feature",
      "geometry": {
        "type": "Point",
        "coordinates": [
          139.5226255,
          36.2322535
        ]
      },
      "properties": {
        "内容": "バス停: 諏訪町 (館林市外四町広域公共路線バス)",
        "name": "諏訪町",
        "operator": "館林市外四町広域公共路線バス",
        "ref": "",
        "url": "",
        "url2": ""
      }
    },
    {
      "type": "Feature",
      "geometry": {
        "type": "Point",
        "coordinates": [
          139.520115,
          36.2287117
        ]
      },
      "properties": {
        "内容": "バス停: 青柳町 (館林市外四町広域公共路線バス)",
        "name": "青柳町",
        "operator": "館林市外四町広域公共路線バス",
        "ref": "",
        "url": "",
        "url2": ""
      }
    },
    {
      "type": "Feature",
      "geometry": {
        "type": "Point",
        "coordinates": [
          139.5199031,
          36.2285602
        ]
      },
      "properties": {
        "内容": "バス停: 青柳町 (館林市外四町広域公共路線バス)",
        "name": "青柳町",
        "operator": "館林市外四町広域公共路線バス",
        "ref": "",
        "url": "",
        "url2": ""
      }
    },
    {
      "type": "Feature",
      "geometry": {
        "type": "Point",
        "coordinates": [
          139.515,
          36.2244145
        ]
      },
      "properties": {
        "内容": "バス停: 第三中学校前 (館林市外四町広域公共路線バス)",
        "name": "第三中学校前",
        "operator": "館林市外四町広域公共路線バス",
        "ref": "",
        "url": "",
        "url2": ""
      }
    },
    {
      "type": "Feature",
      "geometry": {
        "type": "Point",
        "coordinates": [
          139.5150483,
          36.2243453
        ]
      },
      "properties": {
        "内容": "バス停: 第三中学校前 (館林市外四町広域公共路線バス)",
        "name": "第三中学校前",
        "operator": "館林市外四町広域公共路線バス",
        "ref": "",
        "url": "",
        "url2": ""
      }
    },
    {
      "type": "Feature",
      "geometry": {
        "type": "Point",
        "coordinates": [
          139.5091501,
          36.2211212
        ]
      },
      "properties": {
        "内容": "バス停: 下三林 (館林市外四町広域公共路線バス)",
        "name": "下三林",
        "operator": "館林市外四町広域公共路線バス",
        "ref": "",
        "url": "",
        "url2": ""
      }
    },
    {
      "type": "Feature",
      "geometry": {
        "type": "Point",
        "coordinates": [
          139.5094693,
          36.2211861
        ]
      },
      "properties": {
        "内容": "バス停: 下三林 (館林市外四町広域公共路線バス)",
        "name": "下三林",
        "operator": "館林市外四町広域公共路線バス",
        "ref": "",
        "url": "",
        "url2": ""
      }
    },
    {
      "type": "Feature",
      "geometry": {
        "type": "Point",
        "coordinates": [
          139.5030293,
          36.2198575
        ]
      },
      "properties": {
        "内容": "バス停: 下三林長良神社前 (館林市外四町広域公共路線バス)",
        "name": "下三林長良神社前",
        "operator": "館林市外四町広域公共路線バス",
        "ref": "",
        "url": "",
        "url2": ""
      }
    },
    {
      "type": "Feature",
      "geometry": {
        "type": "Point",
        "coordinates": [
          139.5030802,
          36.2197731
        ]
      },
      "properties": {
        "内容": "バス停: 下三林長良神社前 (館林市外四町広域公共路線バス)",
        "name": "下三林長良神社前",
        "operator": "館林市外四町広域公共路線バス",
        "ref": "",
        "url": "",
        "url2": ""
      }
    },
    {
      "type": "Feature",
      "geometry": {
        "type": "Point",
        "coordinates": [
          139.4944382,
          36.2188838
        ]
      },
      "properties": {
        "内容": "バス停: 上三林 (館林市外四町広域公共路線バス)",
        "name": "上三林",
        "operator": "館林市外四町広域公共路線バス",
        "ref": "",
        "url": "",
        "url2": ""
      }
    },
    {
      "type": "Feature",
      "geometry": {
        "type": "Point",
        "coordinates": [
          139.4943094,
          36.2187864
        ]
      },
      "properties": {
        "内容": "バス停: 上三林 (館林市外四町広域公共路線バス)",
        "name": "上三林",
        "operator": "館林市外四町広域公共路線バス",
        "ref": "",
        "url": "",
        "url2": ""
      }
    },
    {
      "type": "Feature",
      "geometry": {
        "type": "Point",
        "coordinates": [
          139.486295,
          36.2191608
        ]
      },
      "properties": {
        "内容": "バス停: 特別支援学校前 (館林市外四町広域公共路線バス)",
        "name": "特別支援学校前",
        "operator": "館林市外四町広域公共路線バス",
        "ref": "",
        "url": "",
        "url2": ""
      }
    },
    {
      "type": "Feature",
      "geometry": {
        "type": "Point",
        "coordinates": [
          139.4862655,
          36.2190893
        ]
      },
      "properties": {
        "内容": "バス停: 特別支援学校前 (館林市外四町広域公共路線バス)",
        "name": "特別支援学校前",
        "operator": "館林市外四町広域公共路線バス",
        "ref": "",
        "url": "",
        "url2": ""
      }
    },
    {
      "type": "Feature",
      "geometry": {
        "type": "Point",
        "coordinates": [
          139.4828939,
          36.2197623
        ]
      },
      "properties": {
        "内容": "バス停: 上三林郵便局前 (館林市外四町広域公共路線バス)",
        "name": "上三林郵便局前",
        "operator": "館林市外四町広域公共路線バス",
        "ref": "",
        "url": "",
        "url2": ""
      }
    },
    {
      "type": "Feature",
      "geometry": {
        "type": "Point",
        "coordinates": [
          139.4829529,
          36.2198381
        ]
      },
      "properties": {
        "内容": "バス停: 上三林郵便局前 (館林市外四町広域公共路線バス)",
        "name": "上三林郵便局前",
        "operator": "館林市外四町広域公共路線バス",
        "ref": "",
        "url": "",
        "url2": ""
      }
    },
    {
      "type": "Feature",
      "geometry": {
        "type": "Point",
        "coordinates": [
          139.4734123,
          36.2177261
        ]
      },
      "properties": {
        "内容": "バス停: 野辺東 (館林市外四町広域公共路線バス)",
        "name": "野辺東",
        "operator": "館林市外四町広域公共路線バス",
        "ref": "",
        "url": "",
        "url2": ""
      }
    },
    {
      "type": "Feature",
      "geometry": {
        "type": "Point",
        "coordinates": [
          139.4736564,
          36.2176049
        ]
      },
      "properties": {
        "内容": "バス停: 野辺東 (館林市外四町広域公共路線バス)",
        "name": "野辺東",
        "operator": "館林市外四町広域公共路線バス",
        "ref": "",
        "url": "",
        "url2": ""
      }
    },
    {
      "type": "Feature",
      "geometry": {
        "type": "Point",
        "coordinates": [
          139.4693944,
          36.2185505
        ]
      },
      "properties": {
        "内容": "バス停: 野辺集会所 (館林市外四町広域公共路線バス)",
        "name": "野辺集会所",
        "operator": "館林市外四町広域公共路線バス",
        "ref": "",
        "url": "",
        "url2": ""
      }
    },
    {
      "type": "Feature",
      "geometry": {
        "type": "Point",
        "coordinates": [
          139.4701347,
          36.2184294
        ]
      },
      "properties": {
        "内容": "バス停: 野辺集会所 (館林市外四町広域公共路線バス)",
        "name": "野辺集会所",
        "operator": "館林市外四町広域公共路線バス",
        "ref": "",
        "url": "",
        "url2": ""
      }
    },
    {
      "type": "Feature",
      "geometry": {
        "type": "Point",
        "coordinates": [
          139.4642848,
          36.2204851
        ]
      },
      "properties": {
        "内容": "バス停: 野辺町信号 (館林市外四町広域公共路線バス)",
        "name": "野辺町信号",
        "operator": "館林市外四町広域公共路線バス",
        "ref": "",
        "url": "",
        "url2": ""
      }
    },
    {
      "type": "Feature",
      "geometry": {
        "type": "Point",
        "coordinates": [
          139.4641185,
          36.2206582
        ]
      },
      "properties": {
        "内容": "バス停: 野辺町信号 (館林市外四町広域公共路線バス)",
        "name": "野辺町信号",
        "operator": "館林市外四町広域公共路線バス",
        "ref": "",
        "url": "",
        "url2": ""
      }
    },
    {
      "type": "Feature",
      "geometry": {
        "type": "Point",
        "coordinates": [
          139.5243944,
          36.2428919
        ]
      },
      "properties": {
        "内容": "バス停: 富士見町 (館林市外四町広域公共路線バス)",
        "name": "富士見町",
        "operator": "館林市外四町広域公共路線バス",
        "ref": "",
        "url": "",
        "url2": ""
      }
    },
    {
      "type": "Feature",
      "geometry": {
        "type": "Point",
        "coordinates": [
          139.5244896,
          36.242733
        ]
      },
      "properties": {
        "内容": "バス停: 富士見町 (館林市外四町広域公共路線バス)",
        "name": "富士見町",
        "operator": "館林市外四町広域公共路線バス",
        "ref": "",
        "url": "",
        "url2": ""
      }
    },
    {
      "type": "Feature",
      "geometry": {
        "type": "Point",
        "coordinates": [
          139.523913,
          36.2403122
        ]
      },
      "properties": {
        "内容": "バス停: 新宿二丁目 (館林市外四町広域公共路線バス)",
        "name": "新宿二丁目",
        "operator": "館林市外四町広域公共路線バス",
        "ref": "",
        "url": "",
        "url2": ""
      }
    },
    {
      "type": "Feature",
      "geometry": {
        "type": "Point",
        "coordinates": [
          139.5237708,
          36.2403122
        ]
      },
      "properties": {
        "内容": "バス停: 新宿二丁目 (館林市外四町広域公共路線バス)",
        "name": "新宿二丁目",
        "operator": "館林市外四町広域公共路線バス",
        "ref": "",
        "url": "",
        "url2": ""
      }
    },
    {
      "type": "Feature",
      "geometry": {
        "type": "Point",
        "coordinates": [
          139.5219845,
          36.2388563
        ]
      },
      "properties": {
        "内容": "バス停: 富士獄神社東 (館林市外四町広域公共路線バス)",
        "name": "富士獄神社東",
        "operator": "館林市外四町広域公共路線バス",
        "ref": "",
        "url": "",
        "url2": ""
      }
    },
    {
      "type": "Feature",
      "geometry": {
        "type": "Point",
        "coordinates": [
          139.5222017,
          36.2387979
        ]
      },
      "properties": {
        "内容": "バス停: 富士獄神社東 (館林市外四町広域公共路線バス)",
        "name": "富士獄神社東",
        "operator": "館林市外四町広域公共路線バス",
        "ref": "",
        "url": "",
        "url2": ""
      }
    },
    {
      "type": "Feature",
      "geometry": {
        "type": "Point",
        "coordinates": [
          139.5199755,
          36.2374718
        ]
      },
      "properties": {
        "内容": "バス停: 富士原町 (館林市外四町広域公共路線バス)",
        "name": "富士原町",
        "operator": "館林市外四町広域公共路線バス",
        "ref": "",
        "url": "",
        "url2": ""
      }
    },
    {
      "type": "Feature",
      "geometry": {
        "type": "Point",
        "coordinates": [
          139.5200935,
          36.2372013
        ]
      },
      "properties": {
        "内容": "バス停: 富士原町 (館林市外四町広域公共路線バス)",
        "name": "富士原町",
        "operator": "館林市外四町広域公共路線バス",
        "ref": "",
        "url": "",
        "url2": ""
      }
    },
    {
      "type": "Feature",
      "geometry": {
        "type": "Point",
        "coordinates": [
          139.5203,
          36.2324179
        ]
      },
      "properties": {
        "内容": "バス停: 小桑原町 (館林市外四町広域公共路線バス)",
        "name": "小桑原町",
        "operator": "館林市外四町広域公共路線バス",
        "ref": "",
        "url": "",
        "url2": ""
      }
    },
    {
      "type": "Feature",
      "geometry": {
        "type": "Point",
        "coordinates": [
          139.5201927,
          36.2321669
        ]
      },
      "properties": {
        "内容": "バス停: 小桑原町 (館林市外四町広域公共路線バス)",
        "name": "小桑原町",
        "operator": "館林市外四町広域公共路線バス",
        "ref": "",
        "url": "",
        "url2": ""
      }
    },
    {
      "type": "Feature",
      "geometry": {
        "type": "Point",
        "coordinates": [
          139.5267883,
          36.2465467
        ]
      },
      "properties": {
        "内容": "バス停: 館林駅西口 (館林市外四町広域公共路線バス)",
        "name": "館林駅西口",
        "operator": "館林市外四町広域公共路線バス",
        "ref": "",
        "url": "",
        "url2": ""
      }
    },
    {
      "type": "Feature",
      "geometry": {
        "type": "Point",
        "coordinates": [
          139.5251656,
          36.2544634
        ]
      },
      "properties": {
        "内容": "バス停: 大街道会館前 (館林市外四町広域公共路線バス)",
        "name": "大街道会館前",
        "operator": "館林市外四町広域公共路線バス",
        "ref": "",
        "url": "",
        "url2": ""
      }
    },
    {
      "type": "Feature",
      "geometry": {
        "type": "Point",
        "coordinates": [
          139.5220569,
          36.2556984
        ]
      },
      "properties": {
        "内容": "バス停: 大街道二丁目 (館林市外四町広域公共路線バス)",
        "name": "大街道二丁目",
        "operator": "館林市外四町広域公共路線バス",
        "ref": "",
        "url": "",
        "url2": ""
      }
    },
    {
      "type": "Feature",
      "geometry": {
        "type": "Point",
        "coordinates": [
          139.518975,
          36.2575542
        ]
      },
      "properties": {
        "内容": "バス停: 高根跨線橋下 (館林市外四町広域公共路線バス)",
        "name": "高根跨線橋下",
        "operator": "館林市外四町広域公共路線バス",
        "ref": "",
        "url": "",
        "url2": ""
      }
    },
    {
      "type": "Feature",
      "geometry": {
        "type": "Point",
        "coordinates": [
          139.5165342,
          36.2597429
        ]
      },
      "properties": {
        "内容": "バス停: 西高根町南 (館林市外四町広域公共路線バス)",
        "name": "西高根町南",
        "operator": "館林市外四町広域公共路線バス",
        "ref": "",
        "url": "",
        "url2": ""
      }
    },
    {
      "type": "Feature",
      "geometry": {
        "type": "Point",
        "coordinates": [
          139.5125484,
          36.2646696
        ]
      },
      "properties": {
        "内容": "バス停: 県立館林美術館入口 (館林市外四町広域公共路線バス)",
        "name": "県立館林美術館入口",
        "operator": "館林市外四町広域公共路線バス",
        "ref": "",
        "url": "",
        "url2": ""
      }
    },
    {
      "type": "Feature",
      "geometry": {
        "type": "Point",
        "coordinates": [
          139.5054942,
          36.2647886
        ]
      },
      "properties": {
        "内容": "バス停: 県立館林美術館前 (館林市外四町広域公共路線バス)",
        "name": "県立館林美術館前",
        "operator": "館林市外四町広域公共路線バス",
        "ref": "",
        "url": "",
        "url2": ""
      }
    },
    {
      "type": "Feature",
      "geometry": {
        "type": "Point",
        "coordinates": [
          139.5137635,
          36.2614342
        ]
      },
      "properties": {
        "内容": "バス停: 西高根町 (館林市外四町広域公共路線バス)",
        "name": "西高根町",
        "operator": "館林市外四町広域公共路線バス",
        "ref": "",
        "url": "",
        "url2": ""
      }
    },
    {
      "type": "Feature",
      "geometry": {
        "type": "Point",
        "coordinates": [
          139.5098984,
          36.258787
        ]
      },
      "properties": {
        "内容": "バス停: 多々良中学校入口 (館林市外四町広域公共路線バス)",
        "name": "多々良中学校入口",
        "operator": "館林市外四町広域公共路線バス",
        "ref": "",
        "url": "",
        "url2": ""
      }
    },
    {
      "type": "Feature",
      "geometry": {
        "type": "Point",
        "coordinates": [
          139.5021442,
          36.2542558
        ]
      },
      "properties": {
        "内容": "バス停: 松沼町 (館林市外四町広域公共路線バス)",
        "name": "松沼町",
        "operator": "館林市外四町広域公共路線バス",
        "ref": "",
        "url": "",
        "url2": ""
      }
    },
    {
      "type": "Feature",
      "geometry": {
        "type": "Point",
        "coordinates": [
          139.4983005,
          36.2520647
        ]
      },
      "properties": {
        "内容": "バス停: 障がい者総合支援センター前 (館林市外四町広域公共路線バス)",
        "name": "障がい者総合支援センター前",
        "operator": "館林市外四町広域公共路線バス",
        "ref": "",
        "url": "",
        "url2": ""
      }
    },
    {
      "type": "Feature",
      "geometry": {
        "type": "Point",
        "coordinates": [
          139.4957685,
          36.2497762
        ]
      },
      "properties": {
        "内容": "バス停: 成島町 (館林市外四町広域公共路線バス)",
        "name": "成島町",
        "operator": "館林市外四町広域公共路線バス",
        "ref": "",
        "url": "",
        "url2": ""
      }
    },
    {
      "type": "Feature",
      "geometry": {
        "type": "Point",
        "coordinates": [
          139.4904175,
          36.2455646
        ]
      },
      "properties": {
        "内容": "バス停: 大志辺 (館林市外四町広域公共路線バス)",
        "name": "大志辺",
        "operator": "館林市外四町広域公共路線バス",
        "ref": "",
        "url": "",
        "url2": ""
      }
    },
    {
      "type": "Feature",
      "geometry": {
        "type": "Point",
        "coordinates": [
          139.5124921,
          36.2433322
        ]
      },
      "properties": {
        "内容": "バス停: 館林高校前 (館林市外四町広域公共路線バス)",
        "name": "館林高校前",
        "operator": "館林市外四町広域公共路線バス",
        "ref": "",
        "url": "",
        "url2": ""
      }
    },
    {
      "type": "Feature",
      "geometry": {
        "type": "Point",
        "coordinates": [
          139.5125779,
          36.243436
        ]
      },
      "properties": {
        "内容": "バス停: 館林高校前 (館林市外四町広域公共路線バス)",
        "name": "館林高校前",
        "operator": "館林市外四町広域公共路線バス",
        "ref": "",
        "url": "",
        "url2": ""
      }
    },
    {
      "type": "Feature",
      "geometry": {
        "type": "Point",
        "coordinates": [
          139.5171618,
          36.243992
        ]
      },
      "properties": {
        "内容": "バス停: サニータウン館林入口 (館林市外四町広域公共路線バス)",
        "name": "サニータウン館林入口",
        "operator": "館林市外四町広域公共路線バス",
        "ref": "",
        "url": "",
        "url2": ""
      }
    },
    {
      "type": "Feature",
      "geometry": {
        "type": "Point",
        "coordinates": [
          139.5169848,
          36.2440828
        ]
      },
      "properties": {
        "内容": "バス停: サニータウン館林入口 (館林市外四町広域公共路線バス)",
        "name": "サニータウン館林入口",
        "operator": "館林市外四町広域公共路線バス",
        "ref": "",
        "url": "",
        "url2": ""
      }
    },
    {
      "type": "Feature",
      "geometry": {
        "type": "Point",
        "coordinates": [
          139.5080396,
          36.2316704
        ]
      },
      "properties": {
        "内容": "バス停: 総合福祉センター (館林市外四町広域公共路線バス)",
        "name": "総合福祉センター",
        "operator": "館林市外四町広域公共路線バス",
        "ref": "",
        "url": "",
        "url2": ""
      }
    },
    {
      "type": "Feature",
      "geometry": {
        "type": "Point",
        "coordinates": [
          139.5070258,
          36.2331903
        ]
      },
      "properties": {
        "内容": "バス停: 市斎場前 (館林市外四町広域公共路線バス)",
        "name": "市斎場前",
        "operator": "館林市外四町広域公共路線バス",
        "ref": "",
        "url": "",
        "url2": ""
      }
    },
    {
      "type": "Feature",
      "geometry": {
        "type": "Point",
        "coordinates": [
          139.5070741,
          36.2333222
        ]
      },
      "properties": {
        "内容": "バス停: 市斎場前 (館林市外四町広域公共路線バス)",
        "name": "市斎場前",
        "operator": "館林市外四町広域公共路線バス",
        "ref": "",
        "url": "",
        "url2": ""
      }
    },
    {
      "type": "Feature",
      "geometry": {
        "type": "Point",
        "coordinates": [
          139.5005429,
          36.241753
        ]
      },
      "properties": {
        "内容": "バス停: 関東学園南 (館林市外四町広域公共路線バス)",
        "name": "関東学園南",
        "operator": "館林市外四町広域公共路線バス",
        "ref": "",
        "url": "",
        "url2": ""
      }
    },
    {
      "type": "Feature",
      "geometry": {
        "type": "Point",
        "coordinates": [
          139.5005992,
          36.241872
        ]
      },
      "properties": {
        "内容": "バス停: 関東学園南 (館林市外四町広域公共路線バス)",
        "name": "関東学園南",
        "operator": "館林市外四町広域公共路線バス",
        "ref": "",
        "url": "",
        "url2": ""
      }
    },
    {
      "type": "Feature",
      "geometry": {
        "type": "Point",
        "coordinates": [
          139.5036676,
          36.242469
        ]
      },
      "properties": {
        "内容": "バス停: 第十小学校西 (館林市外四町広域公共路線バス)",
        "name": "第十小学校西",
        "operator": "館林市外四町広域公共路線バス",
        "ref": "",
        "url": "",
        "url2": ""
      }
    },
    {
      "type": "Feature",
      "geometry": {
        "type": "Point",
        "coordinates": [
          139.5035872,
          36.2425534
        ]
      },
      "properties": {
        "内容": "バス停: 第十小学校西 (館林市外四町広域公共路線バス)",
        "name": "第十小学校西",
        "operator": "館林市外四町広域公共路線バス",
        "ref": "",
        "url": "",
        "url2": ""
      }
    },
    {
      "type": "Feature",
      "geometry": {
        "type": "Point",
        "coordinates": [
          139.5327267,
          36.2605324
        ]
      },
      "properties": {
        "内容": "バス停: 岡野町東 (館林市外四町広域公共路線バス)",
        "name": "岡野町東",
        "operator": "館林市外四町広域公共路線バス",
        "ref": "",
        "url": "",
        "url2": ""
      }
    },
    {
      "type": "Feature",
      "geometry": {
        "type": "Point",
        "coordinates": [
          139.5405319,
          36.2604048
        ]
      },
      "properties": {
        "内容": "バス停: 小新田集会所 (館林市外四町広域公共路線バス)",
        "name": "小新田集会所",
        "operator": "館林市外四町広域公共路線バス",
        "ref": "",
        "url": "",
        "url2": ""
      }
    },
    {
      "type": "Feature",
      "geometry": {
        "type": "Point",
        "coordinates": [
          139.5351005,
          36.2605864
        ]
      },
      "properties": {
        "内容": "バス停: 渡瀬駅南 (館林市外四町広域公共路線バス)",
        "name": "渡瀬駅南",
        "operator": "館林市外四町広域公共路線バス",
        "ref": "",
        "url": "",
        "url2": ""
      }
    },
    {
      "type": "Feature",
      "geometry": {
        "type": "Point",
        "coordinates": [
          139.5427314,
          36.2560012
        ]
      },
      "properties": {
        "内容": "バス停: JA北支所前 (館林市外四町広域公共路線バス)",
        "name": "JA北支所前",
        "operator": "館林市外四町広域公共路線バス",
        "ref": "",
        "url": "",
        "url2": ""
      }
    },
    {
      "type": "Feature",
      "geometry": {
        "type": "Point",
        "coordinates": [
          139.5382064,
          36.2566306
        ]
      },
      "properties": {
        "内容": "バス停: 広内町南 (館林市外四町広域公共路線バス)",
        "name": "広内町南",
        "operator": "館林市外四町広域公共路線バス",
        "ref": "",
        "url": "",
        "url2": ""
      }
    },
    {
      "type": "Feature",
      "geometry": {
        "type": "Point",
        "coordinates": [
          139.5278317,
          36.2532111
        ]
      },
      "properties": {
        "内容": "バス停: 大街道一丁目 (館林市外四町広域公共路線バス)",
        "name": "大街道一丁目",
        "operator": "館林市外四町広域公共路線バス",
        "ref": "",
        "url": "",
        "url2": ""
      }
    },
    {
      "type": "Feature",
      "geometry": {
        "type": "Point",
        "coordinates": [
          139.5282876,
          36.2531072
        ]
      },
      "properties": {
        "内容": "バス停: 大街道一丁目 (館林市外四町広域公共路線バス)",
        "name": "大街道一丁目",
        "operator": "館林市外四町広域公共路線バス",
        "ref": "",
        "url": "",
        "url2": ""
      }
    },
    {
      "type": "Feature",
      "geometry": {
        "type": "Point",
        "coordinates": [
          139.5284781,
          36.2490299
        ]
      },
      "properties": {
        "内容": "バス停: 仲町西 (館林市外四町広域公共路線バス)",
        "name": "仲町西",
        "operator": "館林市外四町広域公共路線バス",
        "ref": "",
        "url": "",
        "url2": ""
      }
    },
    {
      "type": "Feature",
      "geometry": {
        "type": "Point",
        "coordinates": [
          139.5286632,
          36.2491078
        ]
      },
      "properties": {
        "内容": "バス停: 仲町西 (館林市外四町広域公共路線バス)",
        "name": "仲町西",
        "operator": "館林市外四町広域公共路線バス",
        "ref": "",
        "url": "",
        "url2": ""
      }
    },
    {
      "type": "Feature",
      "geometry": {
        "type": "Point",
        "coordinates": [
          139.5280517,
          36.2608546
        ]
      },
      "properties": {
        "内容": "バス停: 岡野町会館前 (館林市外四町広域公共路線バス)",
        "name": "岡野町会館前",
        "operator": "館林市外四町広域公共路線バス",
        "ref": "",
        "url": "",
        "url2": ""
      }
    },
    {
      "type": "Feature",
      "geometry": {
        "type": "Point",
        "coordinates": [
          139.5217162,
          36.2620484
        ]
      },
      "properties": {
        "内容": "バス停: 川島脳神経外科医院前 (館林市外四町広域公共路線バス)",
        "name": "川島脳神経外科医院前",
        "operator": "館林市外四町広域公共路線バス",
        "ref": "",
        "url": "",
        "url2": ""
      }
    },
    {
      "type": "Feature",
      "geometry": {
        "type": "Point",
        "coordinates": [
          139.5191332,
          36.2650156
        ]
      },
      "properties": {
        "内容": "バス停: 高根町南 (館林市外四町広域公共路線バス)",
        "name": "高根町南",
        "operator": "館林市外四町広域公共路線バス",
        "ref": "",
        "url": "",
        "url2": ""
      }
    },
    {
      "type": "Feature",
      "geometry": {
        "type": "Point",
        "coordinates": [
          139.5171591,
          36.2660731
        ]
      },
      "properties": {
        "内容": "バス停: 高根区民会館前 (館林市外四町広域公共路線バス)",
        "name": "高根区民会館前",
        "operator": "館林市外四町広域公共路線バス",
        "ref": "",
        "url": "",
        "url2": ""
      }
    },
    {
      "type": "Feature",
      "geometry": {
        "type": "Point",
        "coordinates": [
          139.5153138,
          36.2654806
        ]
      },
      "properties": {
        "内容": "バス停: 高根町 (館林市外四町広域公共路線バス)",
        "name": "高根町",
        "operator": "館林市外四町広域公共路線バス",
        "ref": "",
        "url": "",
        "url2": ""
      }
    },
    {
      "type": "Feature",
      "geometry": {
        "type": "Point",
        "coordinates": [
          139.5138654,
          36.268292
        ]
      },
      "properties": {
        "内容": "バス停: つつじ野団地 (館林市外四町広域公共路線バス)",
        "name": "つつじ野団地",
        "operator": "館林市外四町広域公共路線バス",
        "ref": "",
        "url": "",
        "url2": ""
      }
    },
    {
      "type": "Feature",
      "geometry": {
        "type": "Point",
        "coordinates": [
          139.5171074,
          36.2702872
        ]
      },
      "properties": {
        "内容": "バス停: つつじ野団地東 (館林市外四町広域公共路線バス)",
        "name": "つつじ野団地東",
        "operator": "館林市外四町広域公共路線バス",
        "ref": "",
        "url": "",
        "url2": ""
      }
    },
    {
      "type": "Feature",
      "geometry": {
        "type": "Point",
        "coordinates": [
          139.5168695,
          36.2755426
        ]
      },
      "properties": {
        "内容": "バス停: 木戸町 (館林市外四町広域公共路線バス)",
        "name": "木戸町",
        "operator": "館林市外四町広域公共路線バス",
        "ref": "",
        "url": "",
        "url2": ""
      }
    },
    {
      "type": "Feature",
      "geometry": {
        "type": "Point",
        "coordinates": [
          139.5279175,
          36.2790964
        ]
      },
      "properties": {
        "内容": "バス停: 傍示塚町 (館林市外四町広域公共路線バス)",
        "name": "傍示塚町",
        "operator": "館林市外四町広域公共路線バス",
        "ref": "",
        "url": "",
        "url2": ""
      }
    },
    {
      "type": "Feature",
      "geometry": {
        "type": "Point",
        "coordinates": [
          139.5327375,
          36.2773146
        ]
      },
      "properties": {
        "内容": "バス停: 上早川田町西 (館林市外四町広域公共路線バス)",
        "name": "上早川田町西",
        "operator": "館林市外四町広域公共路線バス",
        "ref": "",
        "url": "",
        "url2": ""
      }
    },
    {
      "type": "Feature",
      "geometry": {
        "type": "Point",
        "coordinates": [
          139.5467882,
          36.2717585
        ]
      },
      "properties": {
        "内容": "バス停: 下早川田町西 (館林市外四町広域公共路線バス)",
        "name": "下早川田町西",
        "operator": "館林市外四町広域公共路線バス",
        "ref": "",
        "url": "",
        "url2": ""
      }
    },
    {
      "type": "Feature",
      "geometry": {
        "type": "Point",
        "coordinates": [
          139.5356664,
          36.2750626
        ]
      },
      "properties": {
        "内容": "バス停: 上早川田町東 (館林市外四町広域公共路線バス)",
        "name": "上早川田町東",
        "operator": "館林市外四町広域公共路線バス",
        "ref": "",
        "url": "",
        "url2": ""
      }
    },
    {
      "type": "Feature",
      "geometry": {
        "type": "Point",
        "coordinates": [
          139.5326248,
          36.2700653
        ]
      },
      "properties": {
        "内容": "バス停: 渡瀬公民館東 (館林市外四町広域公共路線バス)",
        "name": "渡瀬公民館東",
        "operator": "館林市外四町広域公共路線バス",
        "ref": "",
        "url": "",
        "url2": ""
      }
    },
    {
      "type": "Feature",
      "geometry": {
        "type": "Point",
        "coordinates": [
          139.533813,
          36.2651324
        ]
      },
      "properties": {
        "内容": "バス停: 足次町会館前 (館林市外四町広域公共路線バス)",
        "name": "足次町会館前",
        "operator": "館林市外四町広域公共路線バス",
        "ref": "",
        "url": "",
        "url2": ""
      }
    },
    {
      "type": "Feature",
      "geometry": {
        "type": "Point",
        "coordinates": [
          139.543072,
          36.2522658
        ]
      },
      "properties": {
        "内容": "バス停: 瀬戸谷町 (館林市外四町広域公共路線バス)",
        "name": "瀬戸谷町",
        "operator": "館林市外四町広域公共路線バス",
        "ref": "",
        "url": "",
        "url2": ""
      }
    },
    {
      "type": "Feature",
      "geometry": {
        "type": "Point",
        "coordinates": [
          139.5716724,
          36.2637278
        ]
      },
      "properties": {
        "内容": "バス停: リバーサイドおおしま東 (館林市外四町広域公共路線バス)",
        "name": "リバーサイドおおしま東",
        "operator": "館林市外四町広域公共路線バス",
        "ref": "",
        "url": "",
        "url2": ""
      }
    },
    {
      "type": "Feature",
      "geometry": {
        "type": "Point",
        "coordinates": [
          139.5668659,
          36.2649962
        ]
      },
      "properties": {
        "内容": "バス停: リバーサイドおおしま西 (館林市外四町広域公共路線バス)",
        "name": "リバーサイドおおしま西",
        "operator": "館林市外四町広域公共路線バス",
        "ref": "",
        "url": "",
        "url2": ""
      }
    },
    {
      "type": "Feature",
      "geometry": {
        "type": "Point",
        "coordinates": [
          139.5502,
          36.2699269
        ]
      },
      "properties": {
        "内容": "バス停: 下早川田町東 (館林市外四町広域公共路線バス)",
        "name": "下早川田町東",
        "operator": "館林市外四町広域公共路線バス",
        "ref": "",
        "url": "",
        "url2": ""
      }
    },
    {
      "type": "Feature",
      "geometry": {
        "type": "Point",
        "coordinates": [
          139.5343521,
          36.2569745
        ]
      },
      "properties": {
        "内容": "バス停: 坂下町 (館林市外四町広域公共路線バス)",
        "name": "坂下町",
        "operator": "館林市外四町広域公共路線バス",
        "ref": "",
        "url": "",
        "url2": ""
      }
    },
    {
      "type": "Feature",
      "geometry": {
        "type": "Point",
        "coordinates": [
          139.5371604,
          36.2565506
        ]
      },
      "properties": {
        "内容": "バス停: 広内町南 (館林市外四町広域公共路線バス)",
        "name": "広内町南",
        "operator": "館林市外四町広域公共路線バス",
        "ref": "",
        "url": "",
        "url2": ""
      }
    },
    {
      "type": "Feature",
      "geometry": {
        "type": "Point",
        "coordinates": [
          139.5403361,
          36.2560445
        ]
      },
      "properties": {
        "内容": "バス停: 広内町東 (館林市外四町広域公共路線バス)",
        "name": "広内町東",
        "operator": "館林市外四町広域公共路線バス",
        "ref": "",
        "url": "",
        "url2": ""
      }
    },
    {
      "type": "Feature",
      "geometry": {
        "type": "Point",
        "coordinates": [
          139.5403898,
          36.2527525
        ]
      },
      "properties": {
        "内容": "バス停: 朝日町公園前 (館林市外四町広域公共路線バス)",
        "name": "朝日町公園前",
        "operator": "館林市外四町広域公共路線バス",
        "ref": "",
        "url": "",
        "url2": ""
      }
    },
    {
      "type": "Feature",
      "geometry": {
        "type": "Point",
        "coordinates": [
          139.540371,
          36.2528931
        ]
      },
      "properties": {
        "内容": "バス停: 朝日町公園前 (館林市外四町広域公共路線バス)",
        "name": "朝日町公園前",
        "operator": "館林市外四町広域公共路線バス",
        "ref": "",
        "url": "",
        "url2": ""
      }
    },
    {
      "type": "Feature",
      "geometry": {
        "type": "Point",
        "coordinates": [
          139.5353955,
          36.2530986
        ]
      },
      "properties": {
        "内容": "バス停: 第一小学校東 (館林市外四町広域公共路線バス)",
        "name": "第一小学校東",
        "operator": "館林市外四町広域公共路線バス",
        "ref": "",
        "url": "",
        "url2": ""
      }
    },
    {
      "type": "Feature",
      "geometry": {
        "type": "Point",
        "coordinates": [
          139.5353043,
          36.2532457
        ]
      },
      "properties": {
        "内容": "バス停: 第一小学校東 (館林市外四町広域公共路線バス)",
        "name": "第一小学校東",
        "operator": "館林市外四町広域公共路線バス",
        "ref": "",
        "url": "",
        "url2": ""
      }
    },
    {
      "type": "Feature",
      "geometry": {
        "type": "Point",
        "coordinates": [
          139.5346512,
          36.2502921
        ]
      },
      "properties": {
        "内容": "バス停: 館林郵便局前 (館林市外四町広域公共路線バス)",
        "name": "館林郵便局前",
        "operator": "館林市外四町広域公共路線バス",
        "ref": "",
        "url": "",
        "url2": ""
      }
    },
    {
      "type": "Feature",
      "geometry": {
        "type": "Point",
        "coordinates": [
          139.5344111,
          36.2499622
        ]
      },
      "properties": {
        "内容": "バス停: 館林郵便局前 (館林市外四町広域公共路線バス)",
        "name": "館林郵便局前",
        "operator": "館林市外四町広域公共路線バス",
        "ref": "",
        "url": "",
        "url2": ""
      }
    },
    {
      "type": "Feature",
      "geometry": {
        "type": "Point",
        "coordinates": [
          139.5550454,
          36.2552702
        ]
      },
      "properties": {
        "内容": "バス停: 細内町東 (館林市外四町広域公共路線バス)",
        "name": "細内町東",
        "operator": "館林市外四町広域公共路線バス",
        "ref": "",
        "url": "",
        "url2": ""
      }
    },
    {
      "type": "Feature",
      "geometry": {
        "type": "Point",
        "coordinates": [
          139.4575095,
          36.269477
        ]
      },
      "properties": {
        "内容": "バス停: 新栄自動車前 (邑楽町コミュニティバス)",
        "name": "新栄自動車前",
        "operator": "邑楽町コミュニティバス",
        "ref": "",
        "url": "",
        "url2": ""
      }
    },
    {
      "type": "Feature",
      "geometry": {
        "type": "Point",
        "coordinates": [
          139.4595802,
          36.2695938
        ]
      },
      "properties": {
        "内容": "バス停: 高正寺南 (邑楽町コミュニティバス)",
        "name": "高正寺南",
        "operator": "邑楽町コミュニティバス",
        "ref": "",
        "url": "",
        "url2": ""
      }
    },
    {
      "type": "Feature",
      "geometry": {
        "type": "Point",
        "coordinates": [
          139.4595748,
          36.2696674
        ]
      },
      "properties": {
        "内容": "バス停: 高正寺南 (邑楽町コミュニティバス)",
        "name": "高正寺南",
        "operator": "邑楽町コミュニティバス",
        "ref": "",
        "url": "",
        "url2": ""
      }
    },
    {
      "type": "Feature",
      "geometry": {
        "type": "Point",
        "coordinates": [
          139.4960783,
          36.2400754
        ]
      },
      "properties": {
        "内容": "バス停: 近藤町 (館林市外四町広域公共路線バス)",
        "name": "近藤町",
        "operator": "館林市外四町広域公共路線バス",
        "ref": "",
        "url": "",
        "url2": ""
      }
    },
    {
      "type": "Feature",
      "geometry": {
        "type": "Point",
        "coordinates": [
          139.4613156,
          36.2481063
        ]
      },
      "properties": {
        "内容": "バス停: 南保育園前 (邑楽町コミュニティバス)",
        "name": "南保育園前",
        "operator": "邑楽町コミュニティバス",
        "ref": "",
        "url": "",
        "url2": ""
      }
    },
    {
      "type": "Feature",
      "geometry": {
        "type": "Point",
        "coordinates": [
          139.4615436,
          36.2482988
        ]
      },
      "properties": {
        "内容": "バス停: 南保育園前 (邑楽町コミュニティバス)",
        "name": "南保育園前",
        "operator": "邑楽町コミュニティバス",
        "ref": "",
        "url": "",
        "url2": ""
      }
    },
    {
      "type": "Feature",
      "geometry": {
        "type": "Point",
        "coordinates": [
          139.4480333,
          36.2431094
        ]
      },
      "properties": {
        "内容": "バス停: 孫兵衛橋 (邑楽町コミュニティバス)",
        "name": "孫兵衛橋",
        "operator": "邑楽町コミュニティバス",
        "ref": "",
        "url": "",
        "url2": ""
      }
    },
    {
      "type": "Feature",
      "geometry": {
        "type": "Point",
        "coordinates": [
          139.444828,
          36.2443511
        ]
      },
      "properties": {
        "内容": "バス停: 中島集会所前 (邑楽町コミュニティバス)",
        "name": "中島集会所前",
        "operator": "邑楽町コミュニティバス",
        "ref": "",
        "url": "",
        "url2": ""
      }
    },
    {
      "type": "Feature",
      "geometry": {
        "type": "Point",
        "coordinates": [
          139.445284,
          36.2440958
        ]
      },
      "properties": {
        "内容": "バス停: 中島集会所前 (邑楽町コミュニティバス)",
        "name": "中島集会所前",
        "operator": "邑楽町コミュニティバス",
        "ref": "",
        "url": "",
        "url2": ""
      }
    },
    {
      "type": "Feature",
      "geometry": {
        "type": "Point",
        "coordinates": [
          139.4513941,
          36.2663586
        ]
      },
      "properties": {
        "内容": "バス停: 田沼整形外科医院前 (邑楽町コミュニティバス)",
        "name": "田沼整形外科医院前",
        "operator": "邑楽町コミュニティバス",
        "ref": "",
        "url": "",
        "url2": ""
      }
    },
    {
      "type": "Feature",
      "geometry": {
        "type": "Point",
        "coordinates": [
          139.4512894,
          36.2663889
        ]
      },
      "properties": {
        "内容": "バス停: 田沼整形外科医院前 (邑楽町コミュニティバス)",
        "name": "田沼整形外科医院前",
        "operator": "邑楽町コミュニティバス",
        "ref": "",
        "url": "",
        "url2": ""
      }
    },
    {
      "type": "Feature",
      "geometry": {
        "type": "Point",
        "coordinates": [
          139.4473815,
          36.2184618
        ]
      },
      "properties": {
        "内容": "バス停: 福祉センター前 (広域公共バスあおぞら;館林市外四町広域公共路線バス)",
        "name": "福祉センター前",
        "operator": "広域公共バスあおぞら;館林市外四町広域公共路線バス",
        "ref": "",
        "url": "",
        "url2": ""
      }
    },
    {
      "type": "Feature",
      "geometry": {
        "type": "Point",
        "coordinates": [
          139.4475639,
          36.2184791
        ]
      },
      "properties": {
        "内容": "バス停: 福祉センター前 (広域公共バスあおぞら;館林市外四町広域公共路線バス)",
        "name": "福祉センター前",
        "operator": "広域公共バスあおぞら;館林市外四町広域公共路線バス",
        "ref": "",
        "url": "",
        "url2": ""
      }
    },
    {
      "type": "Feature",
      "geometry": {
        "type": "Point",
        "coordinates": [
          139.4493234,
          36.2228588
        ]
      },
      "properties": {
        "内容": "バス停: 前天神原 (広域公共バスあおぞら;館林市外四町広域公共路線バス)",
        "name": "前天神原",
        "operator": "広域公共バスあおぞら;館林市外四町広域公共路線バス",
        "ref": "",
        "url": "",
        "url2": ""
      }
    },
    {
      "type": "Feature",
      "geometry": {
        "type": "Point",
        "coordinates": [
          139.4489023,
          36.2231271
        ]
      },
      "properties": {
        "内容": "バス停: 前天神原 (広域公共バスあおぞら;館林市外四町広域公共路線バス)",
        "name": "前天神原",
        "operator": "広域公共バスあおぞら;館林市外四町広域公共路線バス",
        "ref": "",
        "url": "",
        "url2": ""
      }
    },
    {
      "type": "Feature",
      "geometry": {
        "type": "Point",
        "coordinates": [
          139.4535747,
          36.2224671
        ]
      },
      "properties": {
        "内容": "バス停: 中天JA倉庫 (広域公共バスあおぞら;館林市外四町広域公共路線バス)",
        "name": "中天JA倉庫",
        "operator": "広域公共バスあおぞら;館林市外四町広域公共路線バス",
        "ref": "",
        "url": "",
        "url2": ""
      }
    },
    {
      "type": "Feature",
      "geometry": {
        "type": "Point",
        "coordinates": [
          139.4535828,
          36.2225559
        ]
      },
      "properties": {
        "内容": "バス停: 中天JA倉庫 (広域公共バスあおぞら;館林市外四町広域公共路線バス)",
        "name": "中天JA倉庫",
        "operator": "広域公共バスあおぞら;館林市外四町広域公共路線バス",
        "ref": "",
        "url": "",
        "url2": ""
      }
    },
    {
      "type": "Feature",
      "geometry": {
        "type": "Point",
        "coordinates": [
          139.4260418,
          36.2327446
        ]
      },
      "properties": {
        "内容": "バス停: 新福寺公民館西 (広域公共バスあおぞら)",
        "name": "新福寺公民館西",
        "operator": "広域公共バスあおぞら",
        "ref": "",
        "url": "",
        "url2": ""
      }
    },
    {
      "type": "Feature",
      "geometry": {
        "type": "Point",
        "coordinates": [
          139.4261867,
          36.2328311
        ]
      },
      "properties": {
        "内容": "バス停: 新福寺公民館西 (広域公共バスあおぞら)",
        "name": "新福寺公民館西",
        "operator": "広域公共バスあおぞら",
        "ref": "",
        "url": "",
        "url2": ""
      }
    },
    {
      "type": "Feature",
      "geometry": {
        "type": "Point",
        "coordinates": [
          139.4344667,
          36.2300466
        ]
      },
      "properties": {
        "内容": "バス停: 福島西 (広域公共バスあおぞら)",
        "name": "福島西",
        "operator": "広域公共バスあおぞら",
        "ref": "",
        "url": "",
        "url2": ""
      }
    },
    {
      "type": "Feature",
      "geometry": {
        "type": "Point",
        "coordinates": [
          139.4345686,
          36.2300747
        ]
      },
      "properties": {
        "内容": "バス停: 福島西 (広域公共バスあおぞら)",
        "name": "福島西",
        "operator": "広域公共バスあおぞら",
        "ref": "",
        "url": "",
        "url2": ""
      }
    },
    {
      "type": "Feature",
      "geometry": {
        "type": "Point",
        "coordinates": [
          139.4394529,
          36.2274654
        ]
      },
      "properties": {
        "内容": "バス停: 福島 (広域公共バスあおぞら)",
        "name": "福島",
        "operator": "広域公共バスあおぞら",
        "ref": "",
        "url": "",
        "url2": ""
      }
    },
    {
      "type": "Feature",
      "geometry": {
        "type": "Point",
        "coordinates": [
          139.4395012,
          36.2275216
        ]
      },
      "properties": {
        "内容": "バス停: 福島 (広域公共バスあおぞら)",
        "name": "福島",
        "operator": "広域公共バスあおぞら",
        "ref": "",
        "url": "",
        "url2": ""
      }
    },
    {
      "type": "Feature",
      "geometry": {
        "type": "Point",
        "coordinates": [
          139.4080912,
          36.2570048
        ]
      },
      "properties": {
        "内容": "バス停: 西小泉駅前バスターミナル (広域公共バスあおぞら)",
        "name": "西小泉駅前バスターミナル",
        "operator": "広域公共バスあおぞら",
        "ref": "",
        "url": "",
        "url2": ""
      }
    },
    {
      "type": "Feature",
      "geometry": {
        "type": "Point",
        "coordinates": [
          139.4085394,
          36.257931
        ]
      },
      "properties": {
        "内容": "バス停: 西小泉駅 (朝日自動車)",
        "name": "西小泉駅",
        "operator": "朝日自動車",
        "ref": "",
        "url": "",
        "url2": ""
      }
    },
    {
      "type": "Feature",
      "geometry": {
        "type": "Point",
        "coordinates": [
          139.406797,
          36.2548116
        ]
      },
      "properties": {
        "内容": "バス停: 松原新道 (朝日自動車;広域公共バスあおぞら)",
        "name": "松原新道",
        "operator": "朝日自動車;広域公共バスあおぞら",
        "ref": "",
        "url": "",
        "url2": ""
      }
    },
    {
      "type": "Feature",
      "geometry": {
        "type": "Point",
        "coordinates": [
          139.4064832,
          36.2536523
        ]
      },
      "properties": {
        "内容": "バス停: 松原新道 (朝日自動車;広域公共バスあおぞら)",
        "name": "松原新道",
        "operator": "朝日自動車;広域公共バスあおぞら",
        "ref": "",
        "url": "",
        "url2": ""
      }
    },
    {
      "type": "Feature",
      "geometry": {
        "type": "Point",
        "coordinates": [
          139.4054264,
          36.2515326
        ]
      },
      "properties": {
        "内容": "バス停: 住吉 (朝日自動車)",
        "name": "住吉",
        "operator": "朝日自動車",
        "ref": "",
        "url": "",
        "url2": ""
      }
    },
    {
      "type": "Feature",
      "geometry": {
        "type": "Point",
        "coordinates": [
          139.4054264,
          36.2511476
        ]
      },
      "properties": {
        "内容": "バス停: 住吉 (朝日自動車)",
        "name": "住吉",
        "operator": "朝日自動車",
        "ref": "",
        "url": "",
        "url2": ""
      }
    },
    {
      "type": "Feature",
      "geometry": {
        "type": "Point",
        "coordinates": [
          139.4044849,
          36.2493133
        ]
      },
      "properties": {
        "内容": "バス停: 大泉町役場入口 (朝日自動車)",
        "name": "大泉町役場入口",
        "operator": "朝日自動車",
        "ref": "",
        "url": "",
        "url2": ""
      }
    },
    {
      "type": "Feature",
      "geometry": {
        "type": "Point",
        "coordinates": [
          139.4046324,
          36.249283
        ]
      },
      "properties": {
        "内容": "バス停: 大泉町役場入口 (朝日自動車)",
        "name": "大泉町役場入口",
        "operator": "朝日自動車",
        "ref": "",
        "url": "",
        "url2": ""
      }
    },
    {
      "type": "Feature",
      "geometry": {
        "type": "Point",
        "coordinates": [
          139.4055471,
          36.2476283
        ]
      },
      "properties": {
        "内容": "バス停: 大泉町役場前",
        "name": "大泉町役場前",
        "operator": "事業者不明",
        "ref": "",
        "url": "",
        "url2": ""
      }
    },
    {
      "type": "Feature",
      "geometry": {
        "type": "Point",
        "coordinates": [
          139.4079074,
          36.2400959
        ]
      },
      "properties": {
        "内容": "バス停: 吉田郵便局前 (広域公共バスあおぞら)",
        "name": "吉田郵便局前",
        "operator": "広域公共バスあおぞら",
        "ref": "",
        "url": "",
        "url2": ""
      }
    },
    {
      "type": "Feature",
      "geometry": {
        "type": "Point",
        "coordinates": [
          139.4080764,
          36.2401673
        ]
      },
      "properties": {
        "内容": "バス停: 吉田郵便局前 (広域公共バスあおぞら)",
        "name": "吉田郵便局前",
        "operator": "広域公共バスあおぞら",
        "ref": "",
        "url": "",
        "url2": ""
      }
    },
    {
      "type": "Feature",
      "geometry": {
        "type": "Point",
        "coordinates": [
          139.4072573,
          36.2359549
        ]
      },
      "properties": {
        "内容": "バス停: 大利根工業団地 (広域公共バスあおぞら)",
        "name": "大利根工業団地",
        "operator": "広域公共バスあおぞら",
        "ref": "",
        "url": "",
        "url2": ""
      }
    },
    {
      "type": "Feature",
      "geometry": {
        "type": "Point",
        "coordinates": [
          139.4071196,
          36.2361069
        ]
      },
      "properties": {
        "内容": "バス停: 大利根工業団地 (広域公共バスあおぞら)",
        "name": "大利根工業団地",
        "operator": "広域公共バスあおぞら",
        "ref": "",
        "url": "",
        "url2": ""
      }
    },
    {
      "type": "Feature",
      "geometry": {
        "type": "Point",
        "coordinates": [
          139.4077975,
          36.2312095
        ]
      },
      "properties": {
        "内容": "バス停: 古海西公民館前 (広域公共バスあおぞら)",
        "name": "古海西公民館前",
        "operator": "広域公共バスあおぞら",
        "ref": "",
        "url": "",
        "url2": ""
      }
    },
    {
      "type": "Feature",
      "geometry": {
        "type": "Point",
        "coordinates": [
          139.407839,
          36.2312863
        ]
      },
      "properties": {
        "内容": "バス停: 古海西公民館前 (広域公共バスあおぞら)",
        "name": "古海西公民館前",
        "operator": "広域公共バスあおぞら",
        "ref": "",
        "url": "",
        "url2": ""
      }
    },
    {
      "type": "Feature",
      "geometry": {
        "type": "Point",
        "coordinates": [
          139.4117054,
          36.2305659
        ]
      },
      "properties": {
        "内容": "バス停: 大泉園入口 (広域公共バスあおぞら)",
        "name": "大泉園入口",
        "operator": "広域公共バスあおぞら",
        "ref": "",
        "url": "",
        "url2": ""
      }
    },
    {
      "type": "Feature",
      "geometry": {
        "type": "Point",
        "coordinates": [
          139.4115821,
          36.2305853
        ]
      },
      "properties": {
        "内容": "バス停: 大泉園入口 (広域公共バスあおぞら)",
        "name": "大泉園入口",
        "operator": "広域公共バスあおぞら",
        "ref": "",
        "url": "",
        "url2": ""
      }
    },
    {
      "type": "Feature",
      "geometry": {
        "type": "Point",
        "coordinates": [
          139.4186389,
          36.2327338
        ]
      },
      "properties": {
        "内容": "バス停: 新福寺辻 (広域公共バスあおぞら)",
        "name": "新福寺辻",
        "operator": "広域公共バスあおぞら",
        "ref": "",
        "url": "",
        "url2": ""
      }
    },
    {
      "type": "Feature",
      "geometry": {
        "type": "Point",
        "coordinates": [
          139.4186255,
          36.2328181
        ]
      },
      "properties": {
        "内容": "バス停: 新福寺辻 (広域公共バスあおぞら)",
        "name": "新福寺辻",
        "operator": "広域公共バスあおぞら",
        "ref": "",
        "url": "",
        "url2": ""
      }
    },
    {
      "type": "Feature",
      "geometry": {
        "type": "Point",
        "coordinates": [
          139.4239283,
          36.2262213
        ]
      },
      "properties": {
        "内容": "バス停: 中島 (広域公共バスあおぞら)",
        "name": "中島",
        "operator": "広域公共バスあおぞら",
        "ref": "",
        "url": "",
        "url2": ""
      }
    },
    {
      "type": "Feature",
      "geometry": {
        "type": "Point",
        "coordinates": [
          139.4236037,
          36.2264549
        ]
      },
      "properties": {
        "内容": "バス停: 中島 (広域公共バスあおぞら)",
        "name": "中島",
        "operator": "広域公共バスあおぞら",
        "ref": "",
        "url": "",
        "url2": ""
      }
    },
    {
      "type": "Feature",
      "geometry": {
        "type": "Point",
        "coordinates": [
          139.4285578,
          36.2192516
        ]
      },
      "properties": {
        "内容": "バス停: 第一三共なかさと公園北 (広域公共バスあおぞら)",
        "name": "第一三共なかさと公園北",
        "operator": "広域公共バスあおぞら",
        "ref": "",
        "url": "",
        "url2": ""
      }
    },
    {
      "type": "Feature",
      "geometry": {
        "type": "Point",
        "coordinates": [
          139.4283995,
          36.2193469
        ]
      },
      "properties": {
        "内容": "バス停: 第一三共なかさと公園北 (広域公共バスあおぞら)",
        "name": "第一三共なかさと公園北",
        "operator": "広域公共バスあおぞら",
        "ref": "",
        "url": "",
        "url2": ""
      }
    },
    {
      "type": "Feature",
      "geometry": {
        "type": "Point",
        "coordinates": [
          139.4307169,
          36.2146294
        ]
      },
      "properties": {
        "内容": "バス停: 舞木中 (広域公共バスあおぞら)",
        "name": "舞木中",
        "operator": "広域公共バスあおぞら",
        "ref": "",
        "url": "",
        "url2": ""
      }
    },
    {
      "type": "Feature",
      "geometry": {
        "type": "Point",
        "coordinates": [
          139.4305935,
          36.2148934
        ]
      },
      "properties": {
        "内容": "バス停: 舞木中 (広域公共バスあおぞら)",
        "name": "舞木中",
        "operator": "広域公共バスあおぞら",
        "ref": "",
        "url": "",
        "url2": ""
      }
    },
    {
      "type": "Feature",
      "geometry": {
        "type": "Point",
        "coordinates": [
          139.4325891,
          36.209323
        ]
      },
      "properties": {
        "内容": "バス停: 舞木南 (広域公共バスあおぞら)",
        "name": "舞木南",
        "operator": "広域公共バスあおぞら",
        "ref": "",
        "url": "",
        "url2": ""
      }
    },
    {
      "type": "Feature",
      "geometry": {
        "type": "Point",
        "coordinates": [
          139.4328788,
          36.2089724
        ]
      },
      "properties": {
        "内容": "バス停: 舞木南 (広域公共バスあおぞら)",
        "name": "舞木南",
        "operator": "広域公共バスあおぞら",
        "ref": "",
        "url": "",
        "url2": ""
      }
    },
    {
      "type": "Feature",
      "geometry": {
        "type": "Point",
        "coordinates": [
          139.403758,
          36.2476564
        ]
      },
      "properties": {
        "内容": "バス停: 日の出西 (朝日自動車)",
        "name": "日の出西",
        "operator": "朝日自動車",
        "ref": "",
        "url": "",
        "url2": ""
      }
    },
    {
      "type": "Feature",
      "geometry": {
        "type": "Point",
        "coordinates": [
          139.4034576,
          36.2463931
        ]
      },
      "properties": {
        "内容": "バス停: 日の出西 (朝日自動車)",
        "name": "日の出西",
        "operator": "朝日自動車",
        "ref": "",
        "url": "",
        "url2": ""
      }
    },
    {
      "type": "Feature",
      "geometry": {
        "type": "Point",
        "coordinates": [
          139.4082105,
          36.257831
        ]
      },
      "properties": {
        "内容": "バス停: 西小泉駅 (朝日自動車)",
        "name": "西小泉駅",
        "operator": "朝日自動車",
        "ref": "",
        "url": "",
        "url2": ""
      }
    },
    {
      "type": "Feature",
      "geometry": {
        "type": "Point",
        "coordinates": [
          139.3803732,
          36.2933713
        ]
      },
      "properties": {
        "内容": "バス停: 太田駅南口 (矢島タクシー)",
        "name": "太田駅南口",
        "operator": "矢島タクシー",
        "ref": "",
        "url": "",
        "url2": ""
      }
    },
    {
      "type": "Feature",
      "geometry": {
        "type": "Point",
        "coordinates": [
          139.3805087,
          36.2932005
        ]
      },
      "properties": {
        "内容": "バス停: 太田駅南口 (朝日自動車)",
        "name": "太田駅南口",
        "operator": "朝日自動車",
        "ref": "",
        "url": "",
        "url2": ""
      }
    },
    {
      "type": "Feature",
      "geometry": {
        "type": "Point",
        "coordinates": [
          139.380508,
          36.2930416
        ]
      },
      "properties": {
        "内容": "バス停: 太田駅南口",
        "name": "太田駅南口",
        "operator": "事業者不明",
        "ref": "",
        "url": "",
        "url2": ""
      }
    },
    {
      "type": "Feature",
      "geometry": {
        "type": "Point",
        "coordinates": [
          139.3775743,
          36.2918504
        ]
      },
      "properties": {
        "内容": "バス停: 市役所東 (シティライナーおおた)",
        "name": "市役所東",
        "operator": "シティライナーおおた",
        "ref": "",
        "url": "",
        "url2": ""
      }
    },
    {
      "type": "Feature",
      "geometry": {
        "type": "Point",
        "coordinates": [
          139.377577,
          36.2919477
        ]
      },
      "properties": {
        "内容": "バス停: 市役所東 (シティライナーおおた)",
        "name": "市役所東",
        "operator": "シティライナーおおた",
        "ref": "",
        "url": "",
        "url2": ""
      }
    },
    {
      "type": "Feature",
      "geometry": {
        "type": "Point",
        "coordinates": [
          139.3766114,
          36.2909781
        ]
      },
      "properties": {
        "内容": "バス停: 太田市役所前 (朝日自動車)",
        "name": "太田市役所前",
        "operator": "朝日自動車",
        "ref": "",
        "url": "",
        "url2": ""
      }
    },
    {
      "type": "Feature",
      "geometry": {
        "type": "Point",
        "coordinates": [
          139.3768394,
          36.2874692
        ]
      },
      "properties": {
        "内容": "バス停: 飯田 (朝日自動車)",
        "name": "飯田",
        "operator": "朝日自動車",
        "ref": "",
        "url": "",
        "url2": ""
      }
    },
    {
      "type": "Feature",
      "geometry": {
        "type": "Point",
        "coordinates": [
          139.3771934,
          36.2818867
        ]
      },
      "properties": {
        "内容": "バス停: 城山病院入口 (朝日自動車)",
        "name": "城山病院入口",
        "operator": "朝日自動車",
        "ref": "",
        "url": "",
        "url2": ""
      }
    },
    {
      "type": "Feature",
      "geometry": {
        "type": "Point",
        "coordinates": [
          139.3773209,
          36.2759945
        ]
      },
      "properties": {
        "内容": "バス停: 中学校入口 (朝日自動車)",
        "name": "中学校入口",
        "operator": "朝日自動車",
        "ref": "",
        "url": "",
        "url2": ""
      }
    },
    {
      "type": "Feature",
      "geometry": {
        "type": "Point",
        "coordinates": [
          139.3769145,
          36.2663781
        ]
      },
      "properties": {
        "内容": "バス停: 矢崎化工前 (朝日自動車)",
        "name": "矢崎化工前",
        "operator": "朝日自動車",
        "ref": "",
        "url": "",
        "url2": ""
      }
    },
    {
      "type": "Feature",
      "geometry": {
        "type": "Point",
        "coordinates": [
          139.3822155,
          36.2445072
        ]
      },
      "properties": {
        "内容": "バス停: 古戸川岸 (朝日自動車)",
        "name": "古戸川岸",
        "operator": "朝日自動車",
        "ref": "",
        "url": "",
        "url2": ""
      }
    },
    {
      "type": "Feature",
      "geometry": {
        "type": "Point",
        "coordinates": [
          139.3819491,
          36.2448155
        ]
      },
      "properties": {
        "内容": "バス停: 古戸川岸 (朝日自動車)",
        "name": "古戸川岸",
        "operator": "朝日自動車",
        "ref": "",
        "url": "",
        "url2": ""
      }
    },
    {
      "type": "Feature",
      "geometry": {
        "type": "Point",
        "coordinates": [
          139.3888208,
          36.2443532
        ]
      },
      "properties": {
        "内容": "バス停: 丘山住宅前 (朝日自動車)",
        "name": "丘山住宅前",
        "operator": "朝日自動車",
        "ref": "",
        "url": "",
        "url2": ""
      }
    },
    {
      "type": "Feature",
      "geometry": {
        "type": "Point",
        "coordinates": [
          139.3896711,
          36.244403
        ]
      },
      "properties": {
        "内容": "バス停: 丘山住宅前 (朝日自動車)",
        "name": "丘山住宅前",
        "operator": "朝日自動車",
        "ref": "",
        "url": "",
        "url2": ""
      }
    },
    {
      "type": "Feature",
      "geometry": {
        "type": "Point",
        "coordinates": [
          139.4019744,
          36.242733
        ]
      },
      "properties": {
        "内容": "バス停: 大泉南小学校前 (朝日自動車)",
        "name": "大泉南小学校前",
        "operator": "朝日自動車",
        "ref": "",
        "url": "",
        "url2": ""
      }
    },
    {
      "type": "Feature",
      "geometry": {
        "type": "Point",
        "coordinates": [
          139.4021112,
          36.2425794
        ]
      },
      "properties": {
        "内容": "バス停: 大泉南小学校前 (朝日自動車)",
        "name": "大泉南小学校前",
        "operator": "朝日自動車",
        "ref": "",
        "url": "",
        "url2": ""
      }
    },
    {
      "type": "Feature",
      "geometry": {
        "type": "Point",
        "coordinates": [
          139.3963605,
          36.2430856
        ]
      },
      "properties": {
        "内容": "バス停: 仙石 (朝日自動車)",
        "name": "仙石",
        "operator": "朝日自動車",
        "ref": "",
        "url": "",
        "url2": ""
      }
    },
    {
      "type": "Feature",
      "geometry": {
        "type": "Point",
        "coordinates": [
          139.3965429,
          36.2431483
        ]
      },
      "properties": {
        "内容": "バス停: 仙石 (朝日自動車)",
        "name": "仙石",
        "operator": "朝日自動車",
        "ref": "",
        "url": "",
        "url2": ""
      }
    },
    {
      "type": "Feature",
      "geometry": {
        "type": "Point",
        "coordinates": [
          139.3789183,
          36.2945469
        ]
      },
      "properties": {
        "内容": "バス停: 太田駅北口 (太田市営バス;おうらタウンバス)",
        "name": "太田駅北口",
        "operator": "太田市営バス;おうらタウンバス",
        "ref": "",
        "url": "",
        "url2": ""
      }
    },
    {
      "type": "Feature",
      "geometry": {
        "type": "Point",
        "coordinates": [
          139.3763083,
          36.2958444
        ]
      },
      "properties": {
        "内容": "バス停: 太田二丁目 (太田市営バス;おうらタウンバス)",
        "name": "太田二丁目",
        "operator": "太田市営バス;おうらタウンバス",
        "ref": "",
        "url": "",
        "url2": ""
      }
    },
    {
      "type": "Feature",
      "geometry": {
        "type": "Point",
        "coordinates": [
          139.3761098,
          36.2959914
        ]
      },
      "properties": {
        "内容": "バス停: 太田二丁目 (太田市営バス;おうらタウンバス)",
        "name": "太田二丁目",
        "operator": "太田市営バス;おうらタウンバス",
        "ref": "",
        "url": "",
        "url2": ""
      }
    },
    {
      "type": "Feature",
      "geometry": {
        "type": "Point",
        "coordinates": [
          139.373433,
          36.2960022
        ]
      },
      "properties": {
        "内容": "バス停: 太田三丁目 (太田市営バス;おうらタウンバス)",
        "name": "太田三丁目",
        "operator": "太田市営バス;おうらタウンバス",
        "ref": "",
        "url": "",
        "url2": ""
      }
    },
    {
      "type": "Feature",
      "geometry": {
        "type": "Point",
        "coordinates": [
          139.3735993,
          36.296119
        ]
      },
      "properties": {
        "内容": "バス停: 太田三丁目 (太田市営バス;おうらタウンバス)",
        "name": "太田三丁目",
        "operator": "太田市営バス;おうらタウンバス",
        "ref": "",
        "url": "",
        "url2": ""
      }
    },
    {
      "type": "Feature",
      "geometry": {
        "type": "Point",
        "coordinates": [
          139.3716815,
          36.2960368
        ]
      },
      "properties": {
        "内容": "バス停: 大門入口 (太田市営バス;おうらタウンバス)",
        "name": "大門入口",
        "operator": "太田市営バス;おうらタウンバス",
        "ref": "",
        "url": "",
        "url2": ""
      }
    },
    {
      "type": "Feature",
      "geometry": {
        "type": "Point",
        "coordinates": [
          139.3716976,
          36.29616
        ]
      },
      "properties": {
        "内容": "バス停: 大門入口 (太田市営バス;おうらタウンバス)",
        "name": "大門入口",
        "operator": "太田市営バス;おうらタウンバス",
        "ref": "",
        "url": "",
        "url2": ""
      }
    },
    {
      "type": "Feature",
      "geometry": {
        "type": "Point",
        "coordinates": [
          139.3608588,
          36.2976387
        ]
      },
      "properties": {
        "内容": "バス停: 太田記念病院南 (太田市営バス;広域公共バスあおぞら;おうらタウンバス)",
        "name": "太田記念病院南",
        "operator": "太田市営バス;広域公共バスあおぞら;おうらタウンバス",
        "ref": "",
        "url": "",
        "url2": ""
      }
    },
    {
      "type": "Feature",
      "geometry": {
        "type": "Point",
        "coordinates": [
          139.3603331,
          36.2987995
        ]
      },
      "properties": {
        "内容": "バス停: 太田記念病院 (太田市営バス;広域公共バスあおぞら;おうらタウンバス)",
        "name": "太田記念病院",
        "operator": "太田市営バス;広域公共バスあおぞら;おうらタウンバス",
        "ref": "",
        "url": "",
        "url2": ""
      }
    },
    {
      "type": "Feature",
      "geometry": {
        "type": "Point",
        "coordinates": [
          139.3665826,
          36.2960455
        ]
      },
      "properties": {
        "内容": "バス停: 太田六丁目 (太田市営バス;広域公共バスあおぞら;おうらタウンバス)",
        "name": "太田六丁目",
        "operator": "太田市営バス;広域公共バスあおぞら;おうらタウンバス",
        "ref": "",
        "url": "",
        "url2": ""
      }
    },
    {
      "type": "Feature",
      "geometry": {
        "type": "Point",
        "coordinates": [
          139.3653515,
          36.2961514
        ]
      },
      "properties": {
        "内容": "バス停: 太田六丁目 (太田市営バス;広域公共バスあおぞら;おうらタウンバス)",
        "name": "太田六丁目",
        "operator": "太田市営バス;広域公共バスあおぞら;おうらタウンバス",
        "ref": "",
        "url": "",
        "url2": ""
      }
    },
    {
      "type": "Feature",
      "geometry": {
        "type": "Point",
        "coordinates": [
          139.3691736,
          36.2961968
        ]
      },
      "properties": {
        "内容": "バス停: 本島病院前 (太田市営バス;広域公共バスあおぞら;おうらタウンバス)",
        "name": "本島病院前",
        "operator": "太田市営バス;広域公共バスあおぞら;おうらタウンバス",
        "ref": "",
        "url": "",
        "url2": ""
      }
    },
    {
      "type": "Feature",
      "geometry": {
        "type": "Point",
        "coordinates": [
          139.3693292,
          36.2960649
        ]
      },
      "properties": {
        "内容": "バス停: 本島病院前 (太田市営バス;広域公共バスあおぞら;おうらタウンバス)",
        "name": "本島病院前",
        "operator": "太田市営バス;広域公共バスあおぞら;おうらタウンバス",
        "ref": "",
        "url": "",
        "url2": ""
      }
    },
    {
      "type": "Feature",
      "geometry": {
        "type": "Point",
        "coordinates": [
          139.3798166,
          36.2902712
        ]
      },
      "properties": {
        "内容": "バス停: 南一番街 (矢島タクシー;太田市営バス;広域公共バスあおぞら)",
        "name": "南一番街",
        "operator": "矢島タクシー;太田市営バス;広域公共バスあおぞら",
        "ref": "",
        "url": "",
        "url2": ""
      }
    },
    {
      "type": "Feature",
      "geometry": {
        "type": "Point",
        "coordinates": [
          139.3796664,
          36.2900766
        ]
      },
      "properties": {
        "内容": "バス停: 南一番街 (矢島タクシー;太田市営バス;広域公共バスあおぞら)",
        "name": "南一番街",
        "operator": "矢島タクシー;太田市営バス;広域公共バスあおぞら",
        "ref": "",
        "url": "",
        "url2": ""
      }
    },
    {
      "type": "Feature",
      "geometry": {
        "type": "Point",
        "coordinates": [
          139.3798247,
          36.2801418
        ]
      },
      "properties": {
        "内容": "バス停: 城山病院前 (太田市営バス;矢島タクシー;広域公共バスあおぞら)",
        "name": "城山病院前",
        "operator": "太田市営バス;矢島タクシー;広域公共バスあおぞら",
        "ref": "",
        "url": "",
        "url2": ""
      }
    },
    {
      "type": "Feature",
      "geometry": {
        "type": "Point",
        "coordinates": [
          139.379704,
          36.2802261
        ]
      },
      "properties": {
        "内容": "バス停: 城山病院前 (太田市営バス;矢島タクシー;広域公共バスあおぞら)",
        "name": "城山病院前",
        "operator": "太田市営バス;矢島タクシー;広域公共バスあおぞら",
        "ref": "",
        "url": "",
        "url2": ""
      }
    },
    {
      "type": "Feature",
      "geometry": {
        "type": "Point",
        "coordinates": [
          139.3811685,
          36.2752096
        ]
      },
      "properties": {
        "内容": "バス停: BUSターミナルおおた",
        "name": "BUSターミナルおおた",
        "operator": "事業者不明",
        "ref": "",
        "url": "",
        "url2": ""
      }
    },
    {
      "type": "Feature",
      "geometry": {
        "type": "Point",
        "coordinates": [
          139.3810558,
          36.2752096
        ]
      },
      "properties": {
        "内容": "バス停: BUSターミナルおおた",
        "name": "BUSターミナルおおた",
        "operator": "事業者不明",
        "ref": "",
        "url": "",
        "url2": ""
      }
    },
    {
      "type": "Feature",
      "geometry": {
        "type": "Point",
        "coordinates": [
          139.3915647,
          36.2743187
        ]
      },
      "properties": {
        "内容": "バス停: 運動公園野球場前 (広域公共バスあおぞら)",
        "name": "運動公園野球場前",
        "operator": "広域公共バスあおぞら",
        "ref": "",
        "url": "",
        "url2": ""
      }
    },
    {
      "type": "Feature",
      "geometry": {
        "type": "Point",
        "coordinates": [
          139.3916023,
          36.2744528
        ]
      },
      "properties": {
        "内容": "バス停: 運動公園野球場前 (広域公共バスあおぞら)",
        "name": "運動公園野球場前",
        "operator": "広域公共バスあおぞら",
        "ref": "",
        "url": "",
        "url2": ""
      }
    },
    {
      "type": "Feature",
      "geometry": {
        "type": "Point",
        "coordinates": [
          139.3973529,
          36.2707183
        ]
      },
      "properties": {
        "内容": "バス停: 東別所 (広域公共バスあおぞら)",
        "name": "東別所",
        "operator": "広域公共バスあおぞら",
        "ref": "",
        "url": "",
        "url2": ""
      }
    },
    {
      "type": "Feature",
      "geometry": {
        "type": "Point",
        "coordinates": [
          139.3973798,
          36.2705712
        ]
      },
      "properties": {
        "内容": "バス停: 東別所 (広域公共バスあおぞら)",
        "name": "東別所",
        "operator": "広域公共バスあおぞら",
        "ref": "",
        "url": "",
        "url2": ""
      }
    },
    {
      "type": "Feature",
      "geometry": {
        "type": "Point",
        "coordinates": [
          139.4044018,
          36.2656385
        ]
      },
      "properties": {
        "内容": "バス停: ベイシア大泉店前 (広域公共バスあおぞら)",
        "name": "ベイシア大泉店前",
        "operator": "広域公共バスあおぞら",
        "ref": "",
        "url": "",
        "url2": ""
      }
    },
    {
      "type": "Feature",
      "geometry": {
        "type": "Point",
        "coordinates": [
          139.4051421,
          36.2652557
        ]
      },
      "properties": {
        "内容": "バス停: ベイシア大泉店前 (広域公共バスあおぞら)",
        "name": "ベイシア大泉店前",
        "operator": "広域公共バスあおぞら",
        "ref": "",
        "url": "",
        "url2": ""
      }
    },
    {
      "type": "Feature",
      "geometry": {
        "type": "Point",
        "coordinates": [
          139.4070156,
          36.2600036
        ]
      },
      "properties": {
        "内容": "バス停: 老人センター入口 (広域公共バスあおぞら)",
        "name": "老人センター入口",
        "operator": "広域公共バスあおぞら",
        "ref": "",
        "url": "",
        "url2": ""
      }
    },
    {
      "type": "Feature",
      "geometry": {
        "type": "Point",
        "coordinates": [
          139.4071081,
          36.2602166
        ]
      },
      "properties": {
        "内容": "バス停: 老人センター入口 (広域公共バスあおぞら)",
        "name": "老人センター入口",
        "operator": "広域公共バスあおぞら",
        "ref": "",
        "url": "",
        "url2": ""
      }
    },
    {
      "type": "Feature",
      "geometry": {
        "type": "Point",
        "coordinates": [
          139.3955424,
          36.2918839
        ]
      },
      "properties": {
        "内容": "バス停: ぐんま国際アカデミー中・高等部入口 (矢島タクシー;おうらタウンバス)",
        "name": "ぐんま国際アカデミー中・高等部入口",
        "operator": "矢島タクシー;おうらタウンバス",
        "ref": "",
        "url": "",
        "url2": ""
      }
    },
    {
      "type": "Feature",
      "geometry": {
        "type": "Point",
        "coordinates": [
          139.3957034,
          36.2917413
        ]
      },
      "properties": {
        "内容": "バス停: ぐんま国際アカデミー中・高等部入口 (矢島タクシー;おうらタウンバス)",
        "name": "ぐんま国際アカデミー中・高等部入口",
        "operator": "矢島タクシー;おうらタウンバス",
        "ref": "",
        "url": "",
        "url2": ""
      }
    },
    {
      "type": "Feature",
      "geometry": {
        "type": "Point",
        "coordinates": [
          139.4678146,
          36.254511
        ]
      },
      "properties": {
        "内容": "バス停: 東和銀行北 (邑楽町コミュニティバス)",
        "name": "東和銀行北",
        "operator": "邑楽町コミュニティバス",
        "ref": "",
        "url": "",
        "url2": ""
      }
    },
    {
      "type": "Feature",
      "geometry": {
        "type": "Point",
        "coordinates": [
          139.4676778,
          36.2541606
        ]
      },
      "properties": {
        "内容": "バス停: 東和銀行北 (邑楽町コミュニティバス)",
        "name": "東和銀行北",
        "operator": "邑楽町コミュニティバス",
        "ref": "",
        "url": "",
        "url2": ""
      }
    },
    {
      "type": "Feature",
      "geometry": {
        "type": "Point",
        "coordinates": [
          139.4681364,
          36.2572427
        ]
      },
      "properties": {
        "内容": "バス停: 新中野西 (邑楽町コミュニティバス)",
        "name": "新中野西",
        "operator": "邑楽町コミュニティバス",
        "ref": "",
        "url": "",
        "url2": ""
      }
    },
    {
      "type": "Feature",
      "geometry": {
        "type": "Point",
        "coordinates": [
          139.4680291,
          36.2572514
        ]
      },
      "properties": {
        "内容": "バス停: 新中野西 (邑楽町コミュニティバス)",
        "name": "新中野西",
        "operator": "邑楽町コミュニティバス",
        "ref": "",
        "url": "",
        "url2": ""
      }
    },
    {
      "type": "Feature",
      "geometry": {
        "type": "Point",
        "coordinates": [
          139.4682786,
          36.261631
        ]
      },
      "properties": {
        "内容": "バス停: JA中野支所前 (邑楽町コミュニティバス)",
        "name": "JA中野支所前",
        "operator": "邑楽町コミュニティバス",
        "ref": "",
        "url": "",
        "url2": ""
      }
    },
    {
      "type": "Feature",
      "geometry": {
        "type": "Point",
        "coordinates": [
          139.4682813,
          36.2614234
        ]
      },
      "properties": {
        "内容": "バス停: JA中野支所前 (邑楽町コミュニティバス)",
        "name": "JA中野支所前",
        "operator": "邑楽町コミュニティバス",
        "ref": "",
        "url": "",
        "url2": ""
      }
    },
    {
      "type": "Feature",
      "geometry": {
        "type": "Point",
        "coordinates": [
          139.4486448,
          36.2698836
        ]
      },
      "properties": {
        "内容": "バス停: 福祉センター (邑楽町コミュニティバス)",
        "name": "福祉センター",
        "operator": "邑楽町コミュニティバス",
        "ref": "",
        "url": "",
        "url2": ""
      }
    },
    {
      "type": "Feature",
      "geometry": {
        "type": "Point",
        "coordinates": [
          139.4695634,
          36.2586139
        ]
      },
      "properties": {
        "内容": "バス停: 本中野駅 (邑楽町コミュニティバス)",
        "name": "本中野駅",
        "operator": "邑楽町コミュニティバス",
        "ref": "",
        "url": "",
        "url2": ""
      }
    },
    {
      "type": "Feature",
      "geometry": {
        "type": "Point",
        "coordinates": [
          139.4748071,
          36.2621977
        ]
      },
      "properties": {
        "内容": "バス停: コープぐんま中野店 (邑楽町コミュニティバス)",
        "name": "コープぐんま中野店",
        "operator": "邑楽町コミュニティバス",
        "ref": "",
        "url": "",
        "url2": ""
      }
    },
    {
      "type": "Feature",
      "geometry": {
        "type": "Point",
        "coordinates": [
          139.4748714,
          36.2652643
        ]
      },
      "properties": {
        "内容": "バス停: 中央保育園西 (邑楽町コミュニティバス)",
        "name": "中央保育園西",
        "operator": "邑楽町コミュニティバス",
        "ref": "",
        "url": "",
        "url2": ""
      }
    },
    {
      "type": "Feature",
      "geometry": {
        "type": "Point",
        "coordinates": [
          139.475023,
          36.265273
        ]
      },
      "properties": {
        "内容": "バス停: 中央保育園西 (邑楽町コミュニティバス)",
        "name": "中央保育園西",
        "operator": "邑楽町コミュニティバス",
        "ref": "",
        "url": "",
        "url2": ""
      }
    },
    {
      "type": "Feature",
      "geometry": {
        "type": "Point",
        "coordinates": [
          139.4739193,
          36.2698966
        ]
      },
      "properties": {
        "内容": "バス停: 千原田 (邑楽町コミュニティバス)",
        "name": "千原田",
        "operator": "邑楽町コミュニティバス",
        "ref": "",
        "url": "",
        "url2": ""
      }
    },
    {
      "type": "Feature",
      "geometry": {
        "type": "Point",
        "coordinates": [
          139.4726774,
          36.2699506
        ]
      },
      "properties": {
        "内容": "バス停: 千原田 (邑楽町コミュニティバス)",
        "name": "千原田",
        "operator": "邑楽町コミュニティバス",
        "ref": "",
        "url": "",
        "url2": ""
      }
    },
    {
      "type": "Feature",
      "geometry": {
        "type": "Point",
        "coordinates": [
          139.4671762,
          36.2698576
        ]
      },
      "properties": {
        "内容": "バス停: 中野向地 (邑楽町コミュニティバス)",
        "name": "中野向地",
        "operator": "邑楽町コミュニティバス",
        "ref": "",
        "url": "",
        "url2": ""
      }
    },
    {
      "type": "Feature",
      "geometry": {
        "type": "Point",
        "coordinates": [
          139.4672593,
          36.269942
        ]
      },
      "properties": {
        "内容": "バス停: 中野向地 (邑楽町コミュニティバス)",
        "name": "中野向地",
        "operator": "邑楽町コミュニティバス",
        "ref": "",
        "url": "",
        "url2": ""
      }
    },
    {
      "type": "Feature",
      "geometry": {
        "type": "Point",
        "coordinates": [
          139.3579271,
          36.2970291
        ]
      },
      "properties": {
        "内容": "バス停: 太田合同庁舎前 (太田市営バス)",
        "name": "太田合同庁舎前",
        "operator": "太田市営バス",
        "ref": "",
        "url": "",
        "url2": ""
      }
    },
    {
      "type": "Feature",
      "geometry": {
        "type": "Point",
        "coordinates": [
          139.3577018,
          36.2971761
        ]
      },
      "properties": {
        "内容": "バス停: 太田合同庁舎前 (太田市営バス)",
        "name": "太田合同庁舎前",
        "operator": "太田市営バス",
        "ref": "",
        "url": "",
        "url2": ""
      }
    },
    {
      "type": "Feature",
      "geometry": {
        "type": "Point",
        "coordinates": [
          139.3514335,
          36.2980473
        ]
      },
      "properties": {
        "内容": "バス停: 藤阿久 (太田市営バス)",
        "name": "藤阿久",
        "operator": "太田市営バス",
        "ref": "",
        "url": "",
        "url2": ""
      }
    },
    {
      "type": "Feature",
      "geometry": {
        "type": "Point",
        "coordinates": [
          139.3509749,
          36.2982288
        ]
      },
      "properties": {
        "内容": "バス停: 藤阿久 (太田市営バス)",
        "name": "藤阿久",
        "operator": "太田市営バス",
        "ref": "",
        "url": "",
        "url2": ""
      }
    },
    {
      "type": "Feature",
      "geometry": {
        "type": "Point",
        "coordinates": [
          139.3471339,
          36.2988298
        ]
      },
      "properties": {
        "内容": "バス停: 新道町 (太田市営バス)",
        "name": "新道町",
        "operator": "太田市営バス",
        "ref": "",
        "url": "",
        "url2": ""
      }
    },
    {
      "type": "Feature",
      "geometry": {
        "type": "Point",
        "coordinates": [
          139.3471339,
          36.2987498
        ]
      },
      "properties": {
        "内容": "バス停: 新道町 (太田市営バス)",
        "name": "新道町",
        "operator": "太田市営バス",
        "ref": "",
        "url": "",
        "url2": ""
      }
    },
    {
      "type": "Feature",
      "geometry": {
        "type": "Point",
        "coordinates": [
          139.3388593,
          36.3001549
        ]
      },
      "properties": {
        "内容": "バス停: 別所 (太田市営バス)",
        "name": "別所",
        "operator": "太田市営バス",
        "ref": "",
        "url": "",
        "url2": ""
      }
    },
    {
      "type": "Feature",
      "geometry": {
        "type": "Point",
        "coordinates": [
          139.3387815,
          36.3000901
        ]
      },
      "properties": {
        "内容": "バス停: 別所 (太田市営バス)",
        "name": "別所",
        "operator": "太田市営バス",
        "ref": "",
        "url": "",
        "url2": ""
      }
    },
    {
      "type": "Feature",
      "geometry": {
        "type": "Point",
        "coordinates": [
          139.3350962,
          36.3006715
        ]
      },
      "properties": {
        "内容": "バス停: 脇屋入口 (太田市営バス)",
        "name": "脇屋入口",
        "operator": "太田市営バス",
        "ref": "",
        "url": "",
        "url2": ""
      }
    },
    {
      "type": "Feature",
      "geometry": {
        "type": "Point",
        "coordinates": [
          139.3349782,
          36.3007688
        ]
      },
      "properties": {
        "内容": "バス停: 脇屋入口 (太田市営バス)",
        "name": "脇屋入口",
        "operator": "太田市営バス",
        "ref": "",
        "url": "",
        "url2": ""
      }
    },
    {
      "type": "Feature",
      "geometry": {
        "type": "Point",
        "coordinates": [
          139.3220311,
          36.3027489
        ]
      },
      "properties": {
        "内容": "バス停: 般若 (太田市営バス)",
        "name": "般若",
        "operator": "太田市営バス",
        "ref": "",
        "url": "",
        "url2": ""
      }
    },
    {
      "type": "Feature",
      "geometry": {
        "type": "Point",
        "coordinates": [
          139.3220553,
          36.3028353
        ]
      },
      "properties": {
        "内容": "バス停: 般若 (太田市営バス)",
        "name": "般若",
        "operator": "太田市営バス",
        "ref": "",
        "url": "",
        "url2": ""
      }
    },
    {
      "type": "Feature",
      "geometry": {
        "type": "Point",
        "coordinates": [
          139.316141,
          36.3036827
        ]
      },
      "properties": {
        "内容": "バス停: 荒木医院前 (太田市営バス)",
        "name": "荒木医院前",
        "operator": "太田市営バス",
        "ref": "",
        "url": "",
        "url2": ""
      }
    },
    {
      "type": "Feature",
      "geometry": {
        "type": "Point",
        "coordinates": [
          139.316141,
          36.3037864
        ]
      },
      "properties": {
        "内容": "バス停: 荒木医院前 (太田市営バス)",
        "name": "荒木医院前",
        "operator": "太田市営バス",
        "ref": "",
        "url": "",
        "url2": ""
      }
    },
    {
      "type": "Feature",
      "geometry": {
        "type": "Point",
        "coordinates": [
          139.3133005,
          36.3041409
        ]
      },
      "properties": {
        "内容": "バス停: 反町薬師入口 (太田市営バス)",
        "name": "反町薬師入口",
        "operator": "太田市営バス",
        "ref": "",
        "url": "",
        "url2": ""
      }
    },
    {
      "type": "Feature",
      "geometry": {
        "type": "Point",
        "coordinates": [
          139.3129277,
          36.3042836
        ]
      },
      "properties": {
        "内容": "バス停: 反町薬師入口 (太田市営バス)",
        "name": "反町薬師入口",
        "operator": "太田市営バス",
        "ref": "",
        "url": "",
        "url2": ""
      }
    },
    {
      "type": "Feature",
      "geometry": {
        "type": "Point",
        "coordinates": [
          139.3078369,
          36.3051093
        ]
      },
      "properties": {
        "内容": "バス停: 生品神社入口 (太田市営バス)",
        "name": "生品神社入口",
        "operator": "太田市営バス",
        "ref": "",
        "url": "",
        "url2": ""
      }
    },
    {
      "type": "Feature",
      "geometry": {
        "type": "Point",
        "coordinates": [
          139.3077135,
          36.3050185
        ]
      },
      "properties": {
        "内容": "バス停: 生品神社入口 (太田市営バス)",
        "name": "生品神社入口",
        "operator": "太田市営バス",
        "ref": "",
        "url": "",
        "url2": ""
      }
    },
    {
      "type": "Feature",
      "geometry": {
        "type": "Point",
        "coordinates": [
          139.3031484,
          36.3057296
        ]
      },
      "properties": {
        "内容": "バス停: 新田診療所前 (太田市営バス)",
        "name": "新田診療所前",
        "operator": "太田市営バス",
        "ref": "",
        "url": "",
        "url2": ""
      }
    },
    {
      "type": "Feature",
      "geometry": {
        "type": "Point",
        "coordinates": [
          139.3031591,
          36.305842
        ]
      },
      "properties": {
        "内容": "バス停: 新田診療所前 (太田市営バス)",
        "name": "新田診療所前",
        "operator": "太田市営バス",
        "ref": "",
        "url": "",
        "url2": ""
      }
    },
    {
      "type": "Feature",
      "geometry": {
        "type": "Point",
        "coordinates": [
          139.2986584,
          36.306551
        ]
      },
      "properties": {
        "内容": "バス停: 交番・消防署北 (太田市営バス)",
        "name": "交番・消防署北",
        "operator": "太田市営バス",
        "ref": "",
        "url": "",
        "url2": ""
      }
    },
    {
      "type": "Feature",
      "geometry": {
        "type": "Point",
        "coordinates": [
          139.2987442,
          36.3064235
        ]
      },
      "properties": {
        "内容": "バス停: 交番・消防署北 (太田市営バス)",
        "name": "交番・消防署北",
        "operator": "太田市営バス",
        "ref": "",
        "url": "",
        "url2": ""
      }
    },
    {
      "type": "Feature",
      "geometry": {
        "type": "Point",
        "coordinates": [
          139.3024296,
          36.3034427
        ]
      },
      "properties": {
        "内容": "バス停: ジョイフル本田新田店 (太田市営バス)",
        "name": "ジョイフル本田新田店",
        "operator": "太田市営バス",
        "ref": "",
        "url": "",
        "url2": ""
      }
    },
    {
      "type": "Feature",
      "geometry": {
        "type": "Point",
        "coordinates": [
          139.3007774,
          36.3032331
        ]
      },
      "properties": {
        "内容": "バス停: ジョイフル本田西 (太田市営バス)",
        "name": "ジョイフル本田西",
        "operator": "太田市営バス",
        "ref": "",
        "url": "",
        "url2": ""
      }
    },
    {
      "type": "Feature",
      "geometry": {
        "type": "Point",
        "coordinates": [
          139.2908397,
          36.3077085
        ]
      },
      "properties": {
        "内容": "バス停: 金井十字路 (太田市営バス)",
        "name": "金井十字路",
        "operator": "太田市営バス",
        "ref": "",
        "url": "",
        "url2": ""
      }
    },
    {
      "type": "Feature",
      "geometry": {
        "type": "Point",
        "coordinates": [
          139.2908424,
          36.3077917
        ]
      },
      "properties": {
        "内容": "バス停: 金井十字路 (太田市営バス)",
        "name": "金井十字路",
        "operator": "太田市営バス",
        "ref": "",
        "url": "",
        "url2": ""
      }
    },
    {
      "type": "Feature",
      "geometry": {
        "type": "Point",
        "coordinates": [
          139.2840779,
          36.3088486
        ]
      },
      "properties": {
        "内容": "バス停: 本郷 (太田市営バス)",
        "name": "本郷",
        "operator": "太田市営バス",
        "ref": "",
        "url": "",
        "url2": ""
      }
    },
    {
      "type": "Feature",
      "geometry": {
        "type": "Point",
        "coordinates": [
          139.2840537,
          36.3087751
        ]
      },
      "properties": {
        "内容": "バス停: 本郷 (太田市営バス)",
        "name": "本郷",
        "operator": "太田市営バス",
        "ref": "",
        "url": "",
        "url2": ""
      }
    },
    {
      "type": "Feature",
      "geometry": {
        "type": "Point",
        "coordinates": [
          139.2802182,
          36.3094517
        ]
      },
      "properties": {
        "内容": "バス停: 大根 (太田市営バス)",
        "name": "大根",
        "operator": "太田市営バス",
        "ref": "",
        "url": "",
        "url2": ""
      }
    },
    {
      "type": "Feature",
      "geometry": {
        "type": "Point",
        "coordinates": [
          139.2797957,
          36.3109365
        ]
      },
      "properties": {
        "内容": "バス停: 綿打行政センター (太田市営バス)",
        "name": "綿打行政センター",
        "operator": "太田市営バス",
        "ref": "",
        "url": "",
        "url2": ""
      }
    },
    {
      "type": "Feature",
      "geometry": {
        "type": "Point",
        "coordinates": [
          139.2798896,
          36.3109095
        ]
      },
      "properties": {
        "内容": "バス停: 綿打行政センター (太田市営バス)",
        "name": "綿打行政センター",
        "operator": "太田市営バス",
        "ref": "",
        "url": "",
        "url2": ""
      }
    },
    {
      "type": "Feature",
      "geometry": {
        "type": "Point",
        "coordinates": [
          139.2807063,
          36.3148658
        ]
      },
      "properties": {
        "内容": "バス停: 新田暁高校 (太田市営バス)",
        "name": "新田暁高校",
        "operator": "太田市営バス",
        "ref": "",
        "url": "",
        "url2": ""
      }
    },
    {
      "type": "Feature",
      "geometry": {
        "type": "Point",
        "coordinates": [
          139.2808244,
          36.3149198
        ]
      },
      "properties": {
        "内容": "バス停: 新田暁高校 (太田市営バス)",
        "name": "新田暁高校",
        "operator": "太田市営バス",
        "ref": "",
        "url": "",
        "url2": ""
      }
    },
    {
      "type": "Feature",
      "geometry": {
        "type": "Point",
        "coordinates": [
          139.2806232,
          36.314654
        ]
      },
      "properties": {
        "内容": "バス停: 新田暁高校 (太田市営バス)",
        "name": "新田暁高校",
        "operator": "太田市営バス",
        "ref": "",
        "url": "",
        "url2": ""
      }
    },
    {
      "type": "Feature",
      "geometry": {
        "type": "Point",
        "coordinates": [
          139.3663352,
          36.2987352
        ]
      },
      "properties": {
        "内容": "バス停: 名称不明バス停",
        "name": "名称不明バス停",
        "operator": "事業者不明",
        "ref": "",
        "url": "",
        "url2": ""
      }
    },
    {
      "type": "Feature",
      "geometry": {
        "type": "Point",
        "coordinates": [
          139.3797013,
          36.2853569
        ]
      },
      "properties": {
        "内容": "バス停: 群馬銀行太田支店前 (矢島タクシー;太田市営バス)",
        "name": "群馬銀行太田支店前",
        "operator": "矢島タクシー;太田市営バス",
        "ref": "",
        "url": "",
        "url2": ""
      }
    },
    {
      "type": "Feature",
      "geometry": {
        "type": "Point",
        "coordinates": [
          139.3798569,
          36.2851515
        ]
      },
      "properties": {
        "内容": "バス停: 群馬銀行太田支店前 (矢島タクシー;太田市営バス)",
        "name": "群馬銀行太田支店前",
        "operator": "矢島タクシー;太田市営バス",
        "ref": "",
        "url": "",
        "url2": ""
      }
    },
    {
      "type": "Feature",
      "geometry": {
        "type": "Point",
        "coordinates": [
          138.9089154,
          36.696619
        ]
      },
      "properties": {
        "内容": "バス停: たくみの里 (関越交通)",
        "name": "たくみの里",
        "operator": "関越交通",
        "ref": "",
        "url": "",
        "url2": ""
      }
    },
    {
      "type": "Feature",
      "geometry": {
        "type": "Point",
        "coordinates": [
          139.568494,
          36.2417984
        ]
      },
      "properties": {
        "内容": "バス停: アゼリアモール (館林市外四町広域公共路線バス;板倉町コミュニティバス)",
        "name": "アゼリアモール",
        "operator": "館林市外四町広域公共路線バス;板倉町コミュニティバス",
        "ref": "",
        "url": "",
        "url2": ""
      }
    },
    {
      "type": "Feature",
      "geometry": {
        "type": "Point",
        "coordinates": [
          139.6156673,
          36.250052
        ]
      },
      "properties": {
        "内容": "バス停: 長徳寺前 (館林市外四町広域公共路線バス)",
        "name": "長徳寺前",
        "operator": "館林市外四町広域公共路線バス",
        "ref": "",
        "url": "",
        "url2": ""
      }
    },
    {
      "type": "Feature",
      "geometry": {
        "type": "Point",
        "coordinates": [
          139.6156633,
          36.2501082
        ]
      },
      "properties": {
        "内容": "バス停: 長徳寺前 (館林市外四町広域公共路線バス)",
        "name": "長徳寺前",
        "operator": "館林市外四町広域公共路線バス",
        "ref": "",
        "url": "",
        "url2": ""
      }
    },
    {
      "type": "Feature",
      "geometry": {
        "type": "Point",
        "coordinates": [
          139.6080083,
          36.2498324
        ]
      },
      "properties": {
        "内容": "バス停: 大荷場住民センター前 (館林市外四町広域公共路線バス)",
        "name": "大荷場住民センター前",
        "operator": "館林市外四町広域公共路線バス",
        "ref": "",
        "url": "",
        "url2": ""
      }
    },
    {
      "type": "Feature",
      "geometry": {
        "type": "Point",
        "coordinates": [
          139.6079975,
          36.2498844
        ]
      },
      "properties": {
        "内容": "バス停: 大荷場住民センター前 (館林市外四町広域公共路線バス)",
        "name": "大荷場住民センター前",
        "operator": "館林市外四町広域公共路線バス",
        "ref": "",
        "url": "",
        "url2": ""
      }
    },
    {
      "type": "Feature",
      "geometry": {
        "type": "Point",
        "coordinates": [
          139.508796,
          36.2427611
        ]
      },
      "properties": {
        "内容": "バス停: 大谷町 (館林市外四町広域公共路線バス)",
        "name": "大谷町",
        "operator": "館林市外四町広域公共路線バス",
        "ref": "",
        "url": "",
        "url2": ""
      }
    },
    {
      "type": "Feature",
      "geometry": {
        "type": "Point",
        "coordinates": [
          139.5122266,
          36.2603766
        ]
      },
      "properties": {
        "内容": "バス停: 多々良公民館南 (館林市外四町広域公共路線バス)",
        "name": "多々良公民館南",
        "operator": "館林市外四町広域公共路線バス",
        "ref": "",
        "url": "",
        "url2": ""
      }
    },
    {
      "type": "Feature",
      "geometry": {
        "type": "Point",
        "coordinates": [
          139.5071089,
          36.2569399
        ]
      },
      "properties": {
        "内容": "バス停: 高根中央公園前 (館林市外四町広域公共路線バス)",
        "name": "高根中央公園前",
        "operator": "館林市外四町広域公共路線バス",
        "ref": "",
        "url": "",
        "url2": ""
      }
    },
    {
      "type": "Feature",
      "geometry": {
        "type": "Point",
        "coordinates": [
          139.5046386,
          36.2554216
        ]
      },
      "properties": {
        "内容": "バス停: 松沼町市営住宅前 (館林市外四町広域公共路線バス)",
        "name": "松沼町市営住宅前",
        "operator": "館林市外四町広域公共路線バス",
        "ref": "",
        "url": "",
        "url2": ""
      }
    },
    {
      "type": "Feature",
      "geometry": {
        "type": "Point",
        "coordinates": [
          139.1822639,
          36.2941452
        ]
      },
      "properties": {
        "内容": "バス停: 堀口町北 (十王自動車)",
        "name": "堀口町北",
        "operator": "十王自動車",
        "ref": "",
        "url": "",
        "url2": ""
      }
    },
    {
      "type": "Feature",
      "geometry": {
        "type": "Point",
        "coordinates": [
          139.1821566,
          36.2941107
        ]
      },
      "properties": {
        "内容": "バス停: 堀口町北 (十王自動車)",
        "name": "堀口町北",
        "operator": "十王自動車",
        "ref": "",
        "url": "",
        "url2": ""
      }
    },
    {
      "type": "Feature",
      "geometry": {
        "type": "Point",
        "coordinates": [
          139.1821003,
          36.2909932
        ]
      },
      "properties": {
        "内容": "バス停: 名和小学校前 (十王自動車)",
        "name": "名和小学校前",
        "operator": "十王自動車",
        "ref": "",
        "url": "",
        "url2": ""
      }
    },
    {
      "type": "Feature",
      "geometry": {
        "type": "Point",
        "coordinates": [
          139.181942,
          36.2905652
        ]
      },
      "properties": {
        "内容": "バス停: 名和小学校前 (十王自動車)",
        "name": "名和小学校前",
        "operator": "十王自動車",
        "ref": "",
        "url": "",
        "url2": ""
      }
    },
    {
      "type": "Feature",
      "geometry": {
        "type": "Point",
        "coordinates": [
          139.1819313,
          36.2883427
        ]
      },
      "properties": {
        "内容": "バス停: 堀口 (十王自動車)",
        "name": "堀口",
        "operator": "十王自動車",
        "ref": "",
        "url": "",
        "url2": ""
      }
    },
    {
      "type": "Feature",
      "geometry": {
        "type": "Point",
        "coordinates": [
          139.1818294,
          36.2882
        ]
      },
      "properties": {
        "内容": "バス停: 堀口 (十王自動車)",
        "name": "堀口",
        "operator": "十王自動車",
        "ref": "",
        "url": "",
        "url2": ""
      }
    },
    {
      "type": "Feature",
      "geometry": {
        "type": "Point",
        "coordinates": [
          139.1857213,
          36.2874087
        ]
      },
      "properties": {
        "内容": "バス停: 堀口町東 (十王自動車)",
        "name": "堀口町東",
        "operator": "十王自動車",
        "ref": "",
        "url": "",
        "url2": ""
      }
    },
    {
      "type": "Feature",
      "geometry": {
        "type": "Point",
        "coordinates": [
          139.1857481,
          36.287506
        ]
      },
      "properties": {
        "内容": "バス停: 堀口町東 (十王自動車)",
        "name": "堀口町東",
        "operator": "十王自動車",
        "ref": "",
        "url": "",
        "url2": ""
      }
    },
    {
      "type": "Feature",
      "geometry": {
        "type": "Point",
        "coordinates": [
          139.1928881,
          36.2875298
        ]
      },
      "properties": {
        "内容": "バス停: 東京福祉大学 (十王自動車)",
        "name": "東京福祉大学",
        "operator": "十王自動車",
        "ref": "",
        "url": "",
        "url2": ""
      }
    },
    {
      "type": "Feature",
      "geometry": {
        "type": "Point",
        "coordinates": [
          139.1928573,
          36.2875676
        ]
      },
      "properties": {
        "内容": "バス停: 東京福祉大学 (JRバス関東)",
        "name": "東京福祉大学",
        "operator": "JRバス関東",
        "ref": "",
        "url": "",
        "url2": ""
      }
    },
    {
      "type": "Feature",
      "geometry": {
        "type": "Point",
        "coordinates": [
          139.1919172,
          36.2853634
        ]
      },
      "properties": {
        "内容": "バス停: 東京福祉大学前 (十王自動車)",
        "name": "東京福祉大学前",
        "operator": "十王自動車",
        "ref": "",
        "url": "",
        "url2": ""
      }
    },
    {
      "type": "Feature",
      "geometry": {
        "type": "Point",
        "coordinates": [
          139.1917401,
          36.2850348
        ]
      },
      "properties": {
        "内容": "バス停: 東京福祉大学前 (十王自動車)",
        "name": "東京福祉大学前",
        "operator": "十王自動車",
        "ref": "",
        "url": "",
        "url2": ""
      }
    },
    {
      "type": "Feature",
      "geometry": {
        "type": "Point",
        "coordinates": [
          139.1915873,
          36.2702144
        ]
      },
      "properties": {
        "内容": "バス停: 八斗島町 (伊勢崎市コミュニティバス)",
        "name": "八斗島町",
        "operator": "伊勢崎市コミュニティバス",
        "ref": "",
        "url": "",
        "url2": ""
      }
    },
    {
      "type": "Feature",
      "geometry": {
        "type": "Point",
        "coordinates": [
          139.201836,
          36.2735403
        ]
      },
      "properties": {
        "内容": "バス停: 下道寺町南 (伊勢崎市コミュニティバス)",
        "name": "下道寺町南",
        "operator": "伊勢崎市コミュニティバス",
        "ref": "",
        "url": "",
        "url2": ""
      }
    },
    {
      "type": "Feature",
      "geometry": {
        "type": "Point",
        "coordinates": [
          139.1863006,
          36.2829375
        ]
      },
      "properties": {
        "内容": "バス停: 福島町北 (伊勢崎市コミュニティバス)",
        "name": "福島町北",
        "operator": "伊勢崎市コミュニティバス",
        "ref": "",
        "url": "",
        "url2": ""
      }
    },
    {
      "type": "Feature",
      "geometry": {
        "type": "Point",
        "coordinates": [
          139.1959137,
          36.2738473
        ]
      },
      "properties": {
        "内容": "バス停: 富塚公園 (伊勢崎市コミュニティバス)",
        "name": "富塚公園",
        "operator": "伊勢崎市コミュニティバス",
        "ref": "",
        "url": "",
        "url2": ""
      }
    },
    {
      "type": "Feature",
      "geometry": {
        "type": "Point",
        "coordinates": [
          139.1947938,
          36.2667046
        ]
      },
      "properties": {
        "内容": "バス停: 坂東大橋北 (JRバス関東)",
        "name": "坂東大橋北",
        "operator": "JRバス関東",
        "ref": "",
        "url": "",
        "url2": ""
      }
    },
    {
      "type": "Feature",
      "geometry": {
        "type": "Point",
        "coordinates": [
          139.1943432,
          36.2664635
        ]
      },
      "properties": {
        "内容": "バス停: 坂東大橋北 (JRバス関東)",
        "name": "坂東大橋北",
        "operator": "JRバス関東",
        "ref": "",
        "url": "",
        "url2": ""
      }
    },
    {
      "type": "Feature",
      "geometry": {
        "type": "Point",
        "coordinates": [
          139.1911715,
          36.2762368
        ]
      },
      "properties": {
        "内容": "バス停: 伊勢崎市民プラザ (JRバス関東)",
        "name": "伊勢崎市民プラザ",
        "operator": "JRバス関東",
        "ref": "",
        "url": "",
        "url2": ""
      }
    },
    {
      "type": "Feature",
      "geometry": {
        "type": "Point",
        "coordinates": [
          139.1910562,
          36.2764638
        ]
      },
      "properties": {
        "内容": "バス停: 伊勢崎市民プラザ (JRバス関東)",
        "name": "伊勢崎市民プラザ",
        "operator": "JRバス関東",
        "ref": "",
        "url": "",
        "url2": ""
      }
    },
    {
      "type": "Feature",
      "geometry": {
        "type": "Point",
        "coordinates": [
          139.1910535,
          36.276427
        ]
      },
      "properties": {
        "内容": "バス停: 市民プラザ (伊勢崎市コミュニティバス)",
        "name": "市民プラザ",
        "operator": "伊勢崎市コミュニティバス",
        "ref": "",
        "url": "",
        "url2": ""
      }
    },
    {
      "type": "Feature",
      "geometry": {
        "type": "Point",
        "coordinates": [
          139.1915068,
          36.2818056
        ]
      },
      "properties": {
        "内容": "バス停: 除ヶ公園 (伊勢崎市コミュニティバス)",
        "name": "除ヶ公園",
        "operator": "伊勢崎市コミュニティバス",
        "ref": "",
        "url": "",
        "url2": ""
      }
    },
    {
      "type": "Feature",
      "geometry": {
        "type": "Point",
        "coordinates": [
          139.1915041,
          36.2817872
        ]
      },
      "properties": {
        "内容": "バス停: 除ヶ公園 (十王自動車)",
        "name": "除ヶ公園",
        "operator": "十王自動車",
        "ref": "",
        "url": "",
        "url2": ""
      }
    },
    {
      "type": "Feature",
      "geometry": {
        "type": "Point",
        "coordinates": [
          139.1916114,
          36.281757
        ]
      },
      "properties": {
        "内容": "バス停: 除ヶ公園 (十王自動車)",
        "name": "除ヶ公園",
        "operator": "十王自動車",
        "ref": "",
        "url": "",
        "url2": ""
      }
    },
    {
      "type": "Feature",
      "geometry": {
        "type": "Point",
        "coordinates": [
          139.1913217,
          36.279651
        ]
      },
      "properties": {
        "内容": "バス停: 坂東小入口 (十王自動車)",
        "name": "坂東小入口",
        "operator": "十王自動車",
        "ref": "",
        "url": "",
        "url2": ""
      }
    },
    {
      "type": "Feature",
      "geometry": {
        "type": "Point",
        "coordinates": [
          139.1914451,
          36.2796488
        ]
      },
      "properties": {
        "内容": "バス停: 坂東小入口 (十王自動車)",
        "name": "坂東小入口",
        "operator": "十王自動車",
        "ref": "",
        "url": "",
        "url2": ""
      }
    },
    {
      "type": "Feature",
      "geometry": {
        "type": "Point",
        "coordinates": [
          139.1877115,
          36.2777828
        ]
      },
      "properties": {
        "内容": "バス停: 上武大入口 (十王自動車)",
        "name": "上武大入口",
        "operator": "十王自動車",
        "ref": "",
        "url": "",
        "url2": ""
      }
    },
    {
      "type": "Feature",
      "geometry": {
        "type": "Point",
        "coordinates": [
          139.1877544,
          36.2777309
        ]
      },
      "properties": {
        "内容": "バス停: 上武大学入口 (伊勢崎市コミュニティバス)",
        "name": "上武大学入口",
        "operator": "伊勢崎市コミュニティバス",
        "ref": "",
        "url": "",
        "url2": ""
      }
    },
    {
      "type": "Feature",
      "geometry": {
        "type": "Point",
        "coordinates": [
          139.1881621,
          36.2770563
        ]
      },
      "properties": {
        "内容": "バス停: 上武大入口 (十王自動車)",
        "name": "上武大入口",
        "operator": "十王自動車",
        "ref": "",
        "url": "",
        "url2": ""
      }
    },
    {
      "type": "Feature",
      "geometry": {
        "type": "Point",
        "coordinates": [
          139.1931403,
          36.2713043
        ]
      },
      "properties": {
        "内容": "バス停: 八斗島南 (十王自動車)",
        "name": "八斗島南",
        "operator": "十王自動車",
        "ref": "",
        "url": "",
        "url2": ""
      }
    },
    {
      "type": "Feature",
      "geometry": {
        "type": "Point",
        "coordinates": [
          139.193041,
          36.2712546
        ]
      },
      "properties": {
        "内容": "バス停: 八斗島南 (十王自動車)",
        "name": "八斗島南",
        "operator": "十王自動車",
        "ref": "",
        "url": "",
        "url2": ""
      }
    },
    {
      "type": "Feature",
      "geometry": {
        "type": "Point",
        "coordinates": [
          139.190501,
          36.2742668
        ]
      },
      "properties": {
        "内容": "バス停: 八斗島 (十王自動車)",
        "name": "八斗島",
        "operator": "十王自動車",
        "ref": "",
        "url": "",
        "url2": ""
      }
    },
    {
      "type": "Feature",
      "geometry": {
        "type": "Point",
        "coordinates": [
          139.1905278,
          36.2743988
        ]
      },
      "properties": {
        "内容": "バス停: 八斗島 (十王自動車)",
        "name": "八斗島",
        "operator": "十王自動車",
        "ref": "",
        "url": "",
        "url2": ""
      }
    },
    {
      "type": "Feature",
      "geometry": {
        "type": "Point",
        "coordinates": [
          139.1947791,
          36.266683
        ]
      },
      "properties": {
        "内容": "バス停: 坂東橋北詰 (十王自動車)",
        "name": "坂東橋北詰",
        "operator": "十王自動車",
        "ref": "",
        "url": "",
        "url2": ""
      }
    },
    {
      "type": "Feature",
      "geometry": {
        "type": "Point",
        "coordinates": [
          139.1943499,
          36.2664819
        ]
      },
      "properties": {
        "内容": "バス停: 坂東橋北詰 (十王自動車)",
        "name": "坂東橋北詰",
        "operator": "十王自動車",
        "ref": "",
        "url": "",
        "url2": ""
      }
    },
    {
      "type": "Feature",
      "geometry": {
        "type": "Point",
        "coordinates": [
          139.1946664,
          36.3261489
        ]
      },
      "properties": {
        "内容": "バス停: 伊勢崎駅南口",
        "name": "伊勢崎駅南口",
        "operator": "事業者不明",
        "ref": "",
        "url": "",
        "url2": ""
      }
    },
    {
      "type": "Feature",
      "geometry": {
        "type": "Point",
        "coordinates": [
          139.1947087,
          36.326311
        ]
      },
      "properties": {
        "内容": "バス停: 伊勢崎駅南口 (伊勢崎市コミュニティバス)",
        "name": "伊勢崎駅南口",
        "operator": "伊勢崎市コミュニティバス",
        "ref": "",
        "url": "",
        "url2": ""
      }
    },
    {
      "type": "Feature",
      "geometry": {
        "type": "Point",
        "coordinates": [
          139.1948292,
          36.3259821
        ]
      },
      "properties": {
        "内容": "バス停: 伊勢崎駅前 (群馬中央バス)",
        "name": "伊勢崎駅前",
        "operator": "群馬中央バス",
        "ref": "",
        "url": "",
        "url2": ""
      }
    },
    {
      "type": "Feature",
      "geometry": {
        "type": "Point",
        "coordinates": [
          139.1942534,
          36.3262245
        ]
      },
      "properties": {
        "内容": "バス停: 伊勢崎駅 (十王自動車)",
        "name": "伊勢崎駅",
        "operator": "十王自動車",
        "ref": "",
        "url": "",
        "url2": ""
      }
    },
    {
      "type": "Feature",
      "geometry": {
        "type": "Point",
        "coordinates": [
          139.1944545,
          36.3258939
        ]
      },
      "properties": {
        "内容": "バス停: 伊勢崎駅南口",
        "name": "伊勢崎駅南口",
        "operator": "事業者不明",
        "ref": "",
        "url": "",
        "url2": ""
      }
    },
    {
      "type": "Feature",
      "geometry": {
        "type": "Point",
        "coordinates": [
          139.1947952,
          36.321883
        ]
      },
      "properties": {
        "内容": "バス停: 信用金庫前 (十王自動車)",
        "name": "信用金庫前",
        "operator": "十王自動車",
        "ref": "",
        "url": "",
        "url2": ""
      }
    },
    {
      "type": "Feature",
      "geometry": {
        "type": "Point",
        "coordinates": [
          139.1947114,
          36.3215211
        ]
      },
      "properties": {
        "内容": "バス停: 信用金庫前 (十王自動車)",
        "name": "信用金庫前",
        "operator": "十王自動車",
        "ref": "",
        "url": "",
        "url2": ""
      }
    },
    {
      "type": "Feature",
      "geometry": {
        "type": "Point",
        "coordinates": [
          139.1934923,
          36.3204011
        ]
      },
      "properties": {
        "内容": "バス停: 本町西 (伊勢崎市コミュニティバス)",
        "name": "本町西",
        "operator": "伊勢崎市コミュニティバス",
        "ref": "",
        "url": "",
        "url2": ""
      }
    },
    {
      "type": "Feature",
      "geometry": {
        "type": "Point",
        "coordinates": [
          139.1941287,
          36.3202817
        ]
      },
      "properties": {
        "内容": "バス停: 本町西 (伊勢崎市コミュニティバス)",
        "name": "本町西",
        "operator": "伊勢崎市コミュニティバス",
        "ref": "",
        "url": "",
        "url2": ""
      }
    },
    {
      "type": "Feature",
      "geometry": {
        "type": "Point",
        "coordinates": [
          139.1941112,
          36.3202817
        ]
      },
      "properties": {
        "内容": "バス停: 本町二番 (十王自動車)",
        "name": "本町二番",
        "operator": "十王自動車",
        "ref": "",
        "url": "",
        "url2": ""
      }
    },
    {
      "type": "Feature",
      "geometry": {
        "type": "Point",
        "coordinates": [
          139.1935064,
          36.3204011
        ]
      },
      "properties": {
        "内容": "バス停: 本町二番 (十王自動車)",
        "name": "本町二番",
        "operator": "十王自動車",
        "ref": "",
        "url": "",
        "url2": ""
      }
    },
    {
      "type": "Feature",
      "geometry": {
        "type": "Point",
        "coordinates": [
          139.1916141,
          36.3198798
        ]
      },
      "properties": {
        "内容": "バス停: 本町郵便局前 (十王自動車)",
        "name": "本町郵便局前",
        "operator": "十王自動車",
        "ref": "",
        "url": "",
        "url2": ""
      }
    },
    {
      "type": "Feature",
      "geometry": {
        "type": "Point",
        "coordinates": [
          139.1917428,
          36.3198452
        ]
      },
      "properties": {
        "内容": "バス停: 本町郵便局前 (十王自動車)",
        "name": "本町郵便局前",
        "operator": "十王自動車",
        "ref": "",
        "url": "",
        "url2": ""
      }
    },
    {
      "type": "Feature",
      "geometry": {
        "type": "Point",
        "coordinates": [
          139.1905841,
          36.3171718
        ]
      },
      "properties": {
        "内容": "バス停: 三光町 (十王自動車)",
        "name": "三光町",
        "operator": "十王自動車",
        "ref": "",
        "url": "",
        "url2": ""
      }
    },
    {
      "type": "Feature",
      "geometry": {
        "type": "Point",
        "coordinates": [
          139.1908684,
          36.3173101
        ]
      },
      "properties": {
        "内容": "バス停: 三光町 (十王自動車)",
        "name": "三光町",
        "operator": "十王自動車",
        "ref": "",
        "url": "",
        "url2": ""
      }
    },
    {
      "type": "Feature",
      "geometry": {
        "type": "Point",
        "coordinates": [
          139.1875425,
          36.3166013
        ]
      },
      "properties": {
        "内容": "バス停: 若葉町 (十王自動車)",
        "name": "若葉町",
        "operator": "十王自動車",
        "ref": "",
        "url": "",
        "url2": ""
      }
    },
    {
      "type": "Feature",
      "geometry": {
        "type": "Point",
        "coordinates": [
          139.1874433,
          36.3168044
        ]
      },
      "properties": {
        "内容": "バス停: 若葉町 (十王自動車)",
        "name": "若葉町",
        "operator": "十王自動車",
        "ref": "",
        "url": "",
        "url2": ""
      }
    },
    {
      "type": "Feature",
      "geometry": {
        "type": "Point",
        "coordinates": [
          139.1855496,
          36.3112045
        ]
      },
      "properties": {
        "内容": "バス停: 連取元町 (十王自動車)",
        "name": "連取元町",
        "operator": "十王自動車",
        "ref": "",
        "url": "",
        "url2": ""
      }
    },
    {
      "type": "Feature",
      "geometry": {
        "type": "Point",
        "coordinates": [
          139.1853136,
          36.3110165
        ]
      },
      "properties": {
        "内容": "バス停: 連取元町 (十王自動車)",
        "name": "連取元町",
        "operator": "十王自動車",
        "ref": "",
        "url": "",
        "url2": ""
      }
    },
    {
      "type": "Feature",
      "geometry": {
        "type": "Point",
        "coordinates": [
          139.1838933,
          36.3084142
        ]
      },
      "properties": {
        "内容": "バス停: 連取新田 (十王自動車)",
        "name": "連取新田",
        "operator": "十王自動車",
        "ref": "",
        "url": "",
        "url2": ""
      }
    },
    {
      "type": "Feature",
      "geometry": {
        "type": "Point",
        "coordinates": [
          139.1840556,
          36.3084444
        ]
      },
      "properties": {
        "内容": "バス停: 連取新田 (十王自動車)",
        "name": "連取新田",
        "operator": "十王自動車",
        "ref": "",
        "url": "",
        "url2": ""
      }
    },
    {
      "type": "Feature",
      "geometry": {
        "type": "Point",
        "coordinates": [
          139.1836291,
          36.3044306
        ]
      },
      "properties": {
        "内容": "バス停: 今井町 (十王自動車)",
        "name": "今井町",
        "operator": "十王自動車",
        "ref": "",
        "url": "",
        "url2": ""
      }
    },
    {
      "type": "Feature",
      "geometry": {
        "type": "Point",
        "coordinates": [
          139.1835326,
          36.3046813
        ]
      },
      "properties": {
        "内容": "バス停: 今井町 (十王自動車)",
        "name": "今井町",
        "operator": "十王自動車",
        "ref": "",
        "url": "",
        "url2": ""
      }
    },
    {
      "type": "Feature",
      "geometry": {
        "type": "Point",
        "coordinates": [
          139.1830034,
          36.3020546
        ]
      },
      "properties": {
        "内容": "バス停: 中町 (十王自動車)",
        "name": "中町",
        "operator": "十王自動車",
        "ref": "",
        "url": "",
        "url2": ""
      }
    },
    {
      "type": "Feature",
      "geometry": {
        "type": "Point",
        "coordinates": [
          139.1828967,
          36.302046
        ]
      },
      "properties": {
        "内容": "バス停: 中町 (十王自動車)",
        "name": "中町",
        "operator": "十王自動車",
        "ref": "",
        "url": "",
        "url2": ""
      }
    },
    {
      "type": "Feature",
      "geometry": {
        "type": "Point",
        "coordinates": [
          139.1824356,
          36.2987023
        ]
      },
      "properties": {
        "内容": "バス停: 本今井町 (十王自動車)",
        "name": "本今井町",
        "operator": "十王自動車",
        "ref": "",
        "url": "",
        "url2": ""
      }
    },
    {
      "type": "Feature",
      "geometry": {
        "type": "Point",
        "coordinates": [
          139.1823283,
          36.2985898
        ]
      },
      "properties": {
        "内容": "バス停: 本今井町 (十王自動車)",
        "name": "本今井町",
        "operator": "十王自動車",
        "ref": "",
        "url": "",
        "url2": ""
      }
    },
    {
      "type": "Feature",
      "geometry": {
        "type": "Point",
        "coordinates": [
          139.1947134,
          36.3214806
        ]
      },
      "properties": {
        "内容": "バス停: アパホテル伊勢崎駅南 (JRバス関東)",
        "name": "アパホテル伊勢崎駅南",
        "operator": "JRバス関東",
        "ref": "",
        "url": "",
        "url2": ""
      }
    },
    {
      "type": "Feature",
      "geometry": {
        "type": "Point",
        "coordinates": [
          139.194712,
          36.3215006
        ]
      },
      "properties": {
        "内容": "バス停: 大手町 (伊勢崎市コミュニティバス)",
        "name": "大手町",
        "operator": "伊勢崎市コミュニティバス",
        "ref": "",
        "url": "",
        "url2": ""
      }
    },
    {
      "type": "Feature",
      "geometry": {
        "type": "Point",
        "coordinates": [
          139.1947965,
          36.3218626
        ]
      },
      "properties": {
        "内容": "バス停: アパホテル伊勢崎駅南 (JRバス関東)",
        "name": "アパホテル伊勢崎駅南",
        "operator": "JRバス関東",
        "ref": "",
        "url": "",
        "url2": ""
      }
    },
    {
      "type": "Feature",
      "geometry": {
        "type": "Point",
        "coordinates": [
          139.1947985,
          36.3217869
        ]
      },
      "properties": {
        "内容": "バス停: 大手町 (伊勢崎市コミュニティバス)",
        "name": "大手町",
        "operator": "伊勢崎市コミュニティバス",
        "ref": "",
        "url": "",
        "url2": ""
      }
    },
    {
      "type": "Feature",
      "geometry": {
        "type": "Point",
        "coordinates": [
          139.1947979,
          36.3218064
        ]
      },
      "properties": {
        "内容": "バス停: 信用金庫前 (群馬中央バス)",
        "name": "信用金庫前",
        "operator": "群馬中央バス",
        "ref": "",
        "url": "",
        "url2": ""
      }
    },
    {
      "type": "Feature",
      "geometry": {
        "type": "Point",
        "coordinates": [
          139.1946069,
          36.3248273
        ]
      },
      "properties": {
        "内容": "バス停: 大手町 (群馬中央バス)",
        "name": "大手町",
        "operator": "群馬中央バス",
        "ref": "",
        "url": "",
        "url2": ""
      }
    },
    {
      "type": "Feature",
      "geometry": {
        "type": "Point",
        "coordinates": [
          139.1944283,
          36.3248445
        ]
      },
      "properties": {
        "内容": "バス停: 大手町 (群馬中央バス)",
        "name": "大手町",
        "operator": "群馬中央バス",
        "ref": "",
        "url": "",
        "url2": ""
      }
    },
    {
      "type": "Feature",
      "geometry": {
        "type": "Point",
        "coordinates": [
          139.0581635,
          36.1539459
        ]
      },
      "properties": {
        "内容": "バス停: 上町 (朝日自動車)",
        "name": "上町",
        "operator": "朝日自動車",
        "ref": "",
        "url": "",
        "url2": ""
      }
    },
    {
      "type": "Feature",
      "geometry": {
        "type": "Point",
        "coordinates": [
          139.058091,
          36.1539503
        ]
      },
      "properties": {
        "内容": "バス停: 上町 (朝日自動車)",
        "name": "上町",
        "operator": "朝日自動車",
        "ref": "",
        "url": "",
        "url2": ""
      }
    },
    {
      "type": "Feature",
      "geometry": {
        "type": "Point",
        "coordinates": [
          139.0585417,
          36.1561733
        ]
      },
      "properties": {
        "内容": "バス停: 鬼石郵便局 (多野藤岡広域路線バス)",
        "name": "鬼石郵便局",
        "operator": "多野藤岡広域路線バス",
        "ref": "",
        "url": "",
        "url2": ""
      }
    },
    {
      "type": "Feature",
      "geometry": {
        "type": "Point",
        "coordinates": [
          139.0585443,
          36.1561831
        ]
      },
      "properties": {
        "内容": "バス停: 鬼石郵便局前 (朝日自動車)",
        "name": "鬼石郵便局前",
        "operator": "朝日自動車",
        "ref": "",
        "url": "",
        "url2": ""
      }
    },
    {
      "type": "Feature",
      "geometry": {
        "type": "Point",
        "coordinates": [
          139.0584692,
          36.1563953
        ]
      },
      "properties": {
        "内容": "バス停: 鬼石郵便局前 (朝日自動車)",
        "name": "鬼石郵便局前",
        "operator": "朝日自動車",
        "ref": "",
        "url": "",
        "url2": ""
      }
    },
    {
      "type": "Feature",
      "geometry": {
        "type": "Point",
        "coordinates": [
          139.0584826,
          36.1565101
        ]
      },
      "properties": {
        "内容": "バス停: 鬼石郵便局 (多野藤岡広域路線バス)",
        "name": "鬼石郵便局",
        "operator": "多野藤岡広域路線バス",
        "ref": "",
        "url": "",
        "url2": ""
      }
    },
    {
      "type": "Feature",
      "geometry": {
        "type": "Point",
        "coordinates": [
          139.0589762,
          36.1595159
        ]
      },
      "properties": {
        "内容": "バス停: 織茂 (朝日自動車)",
        "name": "織茂",
        "operator": "朝日自動車",
        "ref": "",
        "url": "",
        "url2": ""
      }
    },
    {
      "type": "Feature",
      "geometry": {
        "type": "Point",
        "coordinates": [
          139.0588689,
          36.1594726
        ]
      },
      "properties": {
        "内容": "バス停: 織茂 (朝日自動車)",
        "name": "織茂",
        "operator": "朝日自動車",
        "ref": "",
        "url": "",
        "url2": ""
      }
    },
    {
      "type": "Feature",
      "geometry": {
        "type": "Point",
        "coordinates": [
          139.059927,
          36.161571
        ]
      },
      "properties": {
        "内容": "バス停: 本町 (多野藤岡広域路線バス)",
        "name": "本町",
        "operator": "多野藤岡広域路線バス",
        "ref": "",
        "url": "",
        "url2": ""
      }
    },
    {
      "type": "Feature",
      "geometry": {
        "type": "Point",
        "coordinates": [
          139.0602636,
          36.1615927
        ]
      },
      "properties": {
        "内容": "バス停: 鬼石入口 (朝日自動車)",
        "name": "鬼石入口",
        "operator": "朝日自動車",
        "ref": "",
        "url": "",
        "url2": ""
      }
    },
    {
      "type": "Feature",
      "geometry": {
        "type": "Point",
        "coordinates": [
          139.0599364,
          36.1615732
        ]
      },
      "properties": {
        "内容": "バス停: 鬼石入口 (朝日自動車)",
        "name": "鬼石入口",
        "operator": "朝日自動車",
        "ref": "",
        "url": "",
        "url2": ""
      }
    },
    {
      "type": "Feature",
      "geometry": {
        "type": "Point",
        "coordinates": [
          139.0467737,
          36.3145753
        ]
      },
      "properties": {
        "内容": "バス停: 名称不明バス停",
        "name": "名称不明バス停",
        "operator": "事業者不明",
        "ref": "",
        "url": "",
        "url2": ""
      }
    },
    {
      "type": "Feature",
      "geometry": {
        "type": "Point",
        "coordinates": [
          138.9866758,
          36.3111287
        ]
      },
      "properties": {
        "内容": "バス停: 名称不明バス停",
        "name": "名称不明バス停",
        "operator": "事業者不明",
        "ref": "",
        "url": "",
        "url2": ""
      }
    },
    {
      "type": "Feature",
      "geometry": {
        "type": "Point",
        "coordinates": [
          138.9865055,
          36.3111098
        ]
      },
      "properties": {
        "内容": "バス停: 名称不明バス停",
        "name": "名称不明バス停",
        "operator": "事業者不明",
        "ref": "",
        "url": "",
        "url2": ""
      }
    },
    {
      "type": "Feature",
      "geometry": {
        "type": "Point",
        "coordinates": [
          138.9811206,
          36.3114705
        ]
      },
      "properties": {
        "内容": "バス停: 名称不明バス停",
        "name": "名称不明バス停",
        "operator": "事業者不明",
        "ref": "",
        "url": "",
        "url2": ""
      }
    },
    {
      "type": "Feature",
      "geometry": {
        "type": "Point",
        "coordinates": [
          138.9531617,
          36.3334756
        ]
      },
      "properties": {
        "内容": "バス停: 八幡大門前 (群馬バス)",
        "name": "八幡大門前",
        "operator": "群馬バス",
        "ref": "",
        "url": "",
        "url2": ""
      }
    },
    {
      "type": "Feature",
      "geometry": {
        "type": "Point",
        "coordinates": [
          138.9660652,
          36.3325872
        ]
      },
      "properties": {
        "内容": "バス停: 名称不明バス停",
        "name": "名称不明バス停",
        "operator": "事業者不明",
        "ref": "",
        "url": "",
        "url2": ""
      }
    },
    {
      "type": "Feature",
      "geometry": {
        "type": "Point",
        "coordinates": [
          139.5902168,
          36.2136577
        ]
      },
      "properties": {
        "内容": "バス停: 排水機場西 (板倉町コミュニティバス)",
        "name": "排水機場西",
        "operator": "板倉町コミュニティバス",
        "ref": "",
        "url": "",
        "url2": ""
      }
    },
    {
      "type": "Feature",
      "geometry": {
        "type": "Point",
        "coordinates": [
          139.5900876,
          36.2135846
        ]
      },
      "properties": {
        "内容": "バス停: 排水機場西 (板倉町コミュニティバス)",
        "name": "排水機場西",
        "operator": "板倉町コミュニティバス",
        "ref": "",
        "url": "",
        "url2": ""
      }
    },
    {
      "type": "Feature",
      "geometry": {
        "type": "Point",
        "coordinates": [
          139.5529908,
          36.2331189
        ]
      },
      "properties": {
        "内容": "バス停: 慶友整形外科クリニック (館林市外四町広域公共路線バス)",
        "name": "慶友整形外科クリニック",
        "operator": "館林市外四町広域公共路線バス",
        "ref": "",
        "url": "",
        "url2": ""
      }
    },
    {
      "type": "Feature",
      "geometry": {
        "type": "Point",
        "coordinates": [
          139.5530122,
          36.2331903
        ]
      },
      "properties": {
        "内容": "バス停: 慶友整形外科クリニック (館林市外四町広域公共路線バス)",
        "name": "慶友整形外科クリニック",
        "operator": "館林市外四町広域公共路線バス",
        "ref": "",
        "url": "",
        "url2": ""
      }
    },
    {
      "type": "Feature",
      "geometry": {
        "type": "Point",
        "coordinates": [
          139.5574687,
          36.2324612
        ]
      },
      "properties": {
        "内容": "バス停: 上志柄集会所前 (館林市外四町広域公共路線バス)",
        "name": "上志柄集会所前",
        "operator": "館林市外四町広域公共路線バス",
        "ref": "",
        "url": "",
        "url2": ""
      }
    },
    {
      "type": "Feature",
      "geometry": {
        "type": "Point",
        "coordinates": [
          139.5574848,
          36.2325326
        ]
      },
      "properties": {
        "内容": "バス停: 上志柄集会所前 (館林市外四町広域公共路線バス)",
        "name": "上志柄集会所前",
        "operator": "館林市外四町広域公共路線バス",
        "ref": "",
        "url": "",
        "url2": ""
      }
    },
    {
      "type": "Feature",
      "geometry": {
        "type": "Point",
        "coordinates": [
          139.6017426,
          36.2226597
        ]
      },
      "properties": {
        "内容": "バス停: 中学校・公民館入口 (板倉町コミュニティバス)",
        "name": "中学校・公民館入口",
        "operator": "板倉町コミュニティバス",
        "ref": "",
        "url": "",
        "url2": ""
      }
    },
    {
      "type": "Feature",
      "geometry": {
        "type": "Point",
        "coordinates": [
          139.6016005,
          36.2226792
        ]
      },
      "properties": {
        "内容": "バス停: 中学校・公民館入口 (板倉町コミュニティバス)",
        "name": "中学校・公民館入口",
        "operator": "板倉町コミュニティバス",
        "ref": "",
        "url": "",
        "url2": ""
      }
    },
    {
      "type": "Feature",
      "geometry": {
        "type": "Point",
        "coordinates": [
          139.6486518,
          36.2104138
        ]
      },
      "properties": {
        "内容": "バス停: 下五箇北坪 (板倉町コミュニティバス)",
        "name": "下五箇北坪",
        "operator": "板倉町コミュニティバス",
        "ref": "",
        "url": "",
        "url2": ""
      }
    },
    {
      "type": "Feature",
      "geometry": {
        "type": "Point",
        "coordinates": [
          139.6485659,
          36.2104289
        ]
      },
      "properties": {
        "内容": "バス停: 下五箇北坪 (板倉町コミュニティバス)",
        "name": "下五箇北坪",
        "operator": "板倉町コミュニティバス",
        "ref": "",
        "url": "",
        "url2": ""
      }
    },
    {
      "type": "Feature",
      "geometry": {
        "type": "Point",
        "coordinates": [
          139.5619507,
          36.2318251
        ]
      },
      "properties": {
        "内容": "バス停: 第五小学校前 (館林市外四町広域公共路線バス)",
        "name": "第五小学校前",
        "operator": "館林市外四町広域公共路線バス",
        "ref": "",
        "url": "",
        "url2": ""
      }
    },
    {
      "type": "Feature",
      "geometry": {
        "type": "Point",
        "coordinates": [
          139.5619319,
          36.2317385
        ]
      },
      "properties": {
        "内容": "バス停: 第五小学校前 (館林市外四町広域公共路線バス)",
        "name": "第五小学校前",
        "operator": "館林市外四町広域公共路線バス",
        "ref": "",
        "url": "",
        "url2": ""
      }
    },
    {
      "type": "Feature",
      "geometry": {
        "type": "Point",
        "coordinates": [
          139.5620728,
          36.2289367
        ]
      },
      "properties": {
        "内容": "バス停: 赤羽公民館前 (館林市外四町広域公共路線バス)",
        "name": "赤羽公民館前",
        "operator": "館林市外四町広域公共路線バス",
        "ref": "",
        "url": "",
        "url2": ""
      }
    },
    {
      "type": "Feature",
      "geometry": {
        "type": "Point",
        "coordinates": [
          139.5621452,
          36.2289713
        ]
      },
      "properties": {
        "内容": "バス停: 赤羽公民館前 (館林市外四町広域公共路線バス)",
        "name": "赤羽公民館前",
        "operator": "館林市外四町広域公共路線バス",
        "ref": "",
        "url": "",
        "url2": ""
      }
    },
    {
      "type": "Feature",
      "geometry": {
        "type": "Point",
        "coordinates": [
          139.5635721,
          36.2254207
        ]
      },
      "properties": {
        "内容": "バス停: 館林交通安全協会 (館林市外四町広域公共路線バス)",
        "name": "館林交通安全協会",
        "operator": "館林市外四町広域公共路線バス",
        "ref": "",
        "url": "",
        "url2": ""
      }
    },
    {
      "type": "Feature",
      "geometry": {
        "type": "Point",
        "coordinates": [
          139.5635118,
          36.2254488
        ]
      },
      "properties": {
        "内容": "バス停: 館林交通安全協会 (館林市外四町広域公共路線バス)",
        "name": "館林交通安全協会",
        "operator": "館林市外四町広域公共路線バス",
        "ref": "",
        "url": "",
        "url2": ""
      }
    },
    {
      "type": "Feature",
      "geometry": {
        "type": "Point",
        "coordinates": [
          139.5612574,
          36.22557
        ]
      },
      "properties": {
        "内容": "バス停: 中島集会所前 (館林市外四町広域公共路線バス)",
        "name": "中島集会所前",
        "operator": "館林市外四町広域公共路線バス",
        "ref": "",
        "url": "",
        "url2": ""
      }
    },
    {
      "type": "Feature",
      "geometry": {
        "type": "Point",
        "coordinates": [
          139.5611876,
          36.2256089
        ]
      },
      "properties": {
        "内容": "バス停: 中島集会所前 (館林市外四町広域公共路線バス)",
        "name": "中島集会所前",
        "operator": "館林市外四町広域公共路線バス",
        "ref": "",
        "url": "",
        "url2": ""
      }
    },
    {
      "type": "Feature",
      "geometry": {
        "type": "Point",
        "coordinates": [
          139.5595756,
          36.2224076
        ]
      },
      "properties": {
        "内容": "バス停: ルンビニ保育園東 (館林市外四町広域公共路線バス)",
        "name": "ルンビニ保育園東",
        "operator": "館林市外四町広域公共路線バス",
        "ref": "",
        "url": "",
        "url2": ""
      }
    },
    {
      "type": "Feature",
      "geometry": {
        "type": "Point",
        "coordinates": [
          139.5595072,
          36.2224271
        ]
      },
      "properties": {
        "内容": "バス停: ルンビニ保育園東 (館林市外四町広域公共路線バス)",
        "name": "ルンビニ保育園東",
        "operator": "館林市外四町広域公共路線バス",
        "ref": "",
        "url": "",
        "url2": ""
      }
    },
    {
      "type": "Feature",
      "geometry": {
        "type": "Point",
        "coordinates": [
          139.5614666,
          36.2204461
        ]
      },
      "properties": {
        "内容": "バス停: 町谷集会所前 (館林市外四町広域公共路線バス)",
        "name": "町谷集会所前",
        "operator": "館林市外四町広域公共路線バス",
        "ref": "",
        "url": "",
        "url2": ""
      }
    },
    {
      "type": "Feature",
      "geometry": {
        "type": "Point",
        "coordinates": [
          139.5614957,
          36.2204972
        ]
      },
      "properties": {
        "内容": "バス停: 町谷集会所前 (館林市外四町広域公共路線バス)",
        "name": "町谷集会所前",
        "operator": "館林市外四町広域公共路線バス",
        "ref": "",
        "url": "",
        "url2": ""
      }
    },
    {
      "type": "Feature",
      "geometry": {
        "type": "Point",
        "coordinates": [
          139.5564938,
          36.2197169
        ]
      },
      "properties": {
        "内容": "バス停: 十二社橋北 (館林市外四町広域公共路線バス)",
        "name": "十二社橋北",
        "operator": "館林市外四町広域公共路線バス",
        "ref": "",
        "url": "",
        "url2": ""
      }
    },
    {
      "type": "Feature",
      "geometry": {
        "type": "Point",
        "coordinates": [
          139.5565367,
          36.2198078
        ]
      },
      "properties": {
        "内容": "バス停: 十二社橋北 (館林市外四町広域公共路線バス)",
        "name": "十二社橋北",
        "operator": "館林市外四町広域公共路線バス",
        "ref": "",
        "url": "",
        "url2": ""
      }
    },
    {
      "type": "Feature",
      "geometry": {
        "type": "Point",
        "coordinates": [
          138.5594992,
          36.4268604
        ]
      },
      "properties": {
        "内容": "バス停: 名称不明バス停",
        "name": "名称不明バス停",
        "operator": "事業者不明",
        "ref": "",
        "url": "",
        "url2": ""
      }
    },
    {
      "type": "Feature",
      "geometry": {
        "type": "Point",
        "coordinates": [
          139.1884867,
          36.3209871
        ]
      },
      "properties": {
        "内容": "バス停: 名称不明バス停",
        "name": "名称不明バス停",
        "operator": "事業者不明",
        "ref": "",
        "url": "",
        "url2": ""
      }
    },
    {
      "type": "Feature",
      "geometry": {
        "type": "Point",
        "coordinates": [
          138.9189433,
          36.4971021
        ]
      },
      "properties": {
        "内容": "バス停: 伊香保温泉",
        "name": "伊香保温泉",
        "operator": "事業者不明",
        "ref": "",
        "url": "",
        "url2": ""
      }
    },
    {
      "type": "Feature",
      "geometry": {
        "type": "Point",
        "coordinates": [
          138.9162185,
          36.4964181
        ]
      },
      "properties": {
        "内容": "バス停: 神社下",
        "name": "神社下",
        "operator": "事業者不明",
        "ref": "",
        "url": "",
        "url2": ""
      }
    },
    {
      "type": "Feature",
      "geometry": {
        "type": "Point",
        "coordinates": [
          138.9259239,
          36.4997918
        ]
      },
      "properties": {
        "内容": "バス停: 見晴下 (群馬バス)",
        "name": "見晴下",
        "operator": "群馬バス",
        "ref": "",
        "url": "",
        "url2": ""
      }
    },
    {
      "type": "Feature",
      "geometry": {
        "type": "Point",
        "coordinates": [
          138.8907795,
          36.25556
        ]
      },
      "properties": {
        "内容": "バス停: 名称不明バス停",
        "name": "名称不明バス停",
        "operator": "事業者不明",
        "ref": "",
        "url": "",
        "url2": ""
      }
    },
    {
      "type": "Feature",
      "geometry": {
        "type": "Point",
        "coordinates": [
          138.9810285,
          36.3113742
        ]
      },
      "properties": {
        "内容": "バス停: 名称不明バス停",
        "name": "名称不明バス停",
        "operator": "事業者不明",
        "ref": "",
        "url": "",
        "url2": ""
      }
    },
    {
      "type": "Feature",
      "geometry": {
        "type": "Point",
        "coordinates": [
          138.9559369,
          36.3312258
        ]
      },
      "properties": {
        "内容": "バス停: 名称不明バス停",
        "name": "名称不明バス停",
        "operator": "事業者不明",
        "ref": "",
        "url": "",
        "url2": ""
      }
    },
    {
      "type": "Feature",
      "geometry": {
        "type": "Point",
        "coordinates": [
          139.0474854,
          36.3775414
        ]
      },
      "properties": {
        "内容": "バス停: 新前橋駅入口 (群馬中央バス株式会社)",
        "name": "新前橋駅入口",
        "operator": "群馬中央バス株式会社",
        "ref": "",
        "url": "",
        "url2": ""
      }
    },
    {
      "type": "Feature",
      "geometry": {
        "type": "Point",
        "coordinates": [
          139.0471402,
          36.3800906
        ]
      },
      "properties": {
        "内容": "バス停: 新前橋駅西口 (群馬中央バス株式会社)",
        "name": "新前橋駅西口",
        "operator": "群馬中央バス株式会社",
        "ref": "",
        "url": "",
        "url2": ""
      }
    },
    {
      "type": "Feature",
      "geometry": {
        "type": "Point",
        "coordinates": [
          139.0445099,
          36.3819567
        ]
      },
      "properties": {
        "内容": "バス停: 市町村会館前 (群馬中央バス株式会社)",
        "name": "市町村会館前",
        "operator": "群馬中央バス株式会社",
        "ref": "",
        "url": "",
        "url2": ""
      }
    },
    {
      "type": "Feature",
      "geometry": {
        "type": "Point",
        "coordinates": [
          139.0445691,
          36.3820061
        ]
      },
      "properties": {
        "内容": "バス停: 市町村会館前 (群馬中央バス株式会社)",
        "name": "市町村会館前",
        "operator": "群馬中央バス株式会社",
        "ref": "",
        "url": "",
        "url2": ""
      }
    },
    {
      "type": "Feature",
      "geometry": {
        "type": "Point",
        "coordinates": [
          139.0419619,
          36.3839599
        ]
      },
      "properties": {
        "内容": "バス停: 県民共済前 (群馬中央バス株式会社)",
        "name": "県民共済前",
        "operator": "群馬中央バス株式会社",
        "ref": "",
        "url": "",
        "url2": ""
      }
    },
    {
      "type": "Feature",
      "geometry": {
        "type": "Point",
        "coordinates": [
          139.0419989,
          36.3840246
        ]
      },
      "properties": {
        "内容": "バス停: 県民共済前 (群馬中央バス株式会社)",
        "name": "県民共済前",
        "operator": "群馬中央バス株式会社",
        "ref": "",
        "url": "",
        "url2": ""
      }
    },
    {
      "type": "Feature",
      "geometry": {
        "type": "Point",
        "coordinates": [
          139.0391214,
          36.3850949
        ]
      },
      "properties": {
        "内容": "バス停: 元総社",
        "name": "元総社",
        "operator": "事業者不明",
        "ref": "",
        "url": "",
        "url2": ""
      }
    },
    {
      "type": "Feature",
      "geometry": {
        "type": "Point",
        "coordinates": [
          139.0394765,
          36.3851624
        ]
      },
      "properties": {
        "内容": "バス停: 元総社",
        "name": "元総社",
        "operator": "事業者不明",
        "ref": "",
        "url": "",
        "url2": ""
      }
    },
    {
      "type": "Feature",
      "geometry": {
        "type": "Point",
        "coordinates": [
          139.037485,
          36.3858679
        ]
      },
      "properties": {
        "内容": "バス停: 総社神社南 (群馬中央バス株式会社)",
        "name": "総社神社南",
        "operator": "群馬中央バス株式会社",
        "ref": "",
        "url": "",
        "url2": ""
      }
    },
    {
      "type": "Feature",
      "geometry": {
        "type": "Point",
        "coordinates": [
          139.0376049,
          36.3859009
        ]
      },
      "properties": {
        "内容": "バス停: 総社神社南 (群馬中央バス株式会社)",
        "name": "総社神社南",
        "operator": "群馬中央バス株式会社",
        "ref": "",
        "url": "",
        "url2": ""
      }
    },
    {
      "type": "Feature",
      "geometry": {
        "type": "Point",
        "coordinates": [
          139.0381954,
          36.3885782
        ]
      },
      "properties": {
        "内容": "バス停: 明神前",
        "name": "明神前",
        "operator": "事業者不明",
        "ref": "",
        "url": "",
        "url2": ""
      }
    },
    {
      "type": "Feature",
      "geometry": {
        "type": "Point",
        "coordinates": [
          139.0382428,
          36.3884826
        ]
      },
      "properties": {
        "内容": "バス停: 明神前",
        "name": "明神前",
        "operator": "事業者不明",
        "ref": "",
        "url": "",
        "url2": ""
      }
    },
    {
      "type": "Feature",
      "geometry": {
        "type": "Point",
        "coordinates": [
          139.0407808,
          36.3881969
        ]
      },
      "properties": {
        "内容": "バス停: 明神東",
        "name": "明神東",
        "operator": "事業者不明",
        "ref": "",
        "url": "",
        "url2": ""
      }
    },
    {
      "type": "Feature",
      "geometry": {
        "type": "Point",
        "coordinates": [
          139.0416199,
          36.3879631
        ]
      },
      "properties": {
        "内容": "バス停: 明神東",
        "name": "明神東",
        "operator": "事業者不明",
        "ref": "",
        "url": "",
        "url2": ""
      }
    },
    {
      "type": "Feature",
      "geometry": {
        "type": "Point",
        "coordinates": [
          139.0443544,
          36.3875279
        ]
      },
      "properties": {
        "内容": "バス停: 産業道路入口",
        "name": "産業道路入口",
        "operator": "事業者不明",
        "ref": "",
        "url": "",
        "url2": ""
      }
    },
    {
      "type": "Feature",
      "geometry": {
        "type": "Point",
        "coordinates": [
          139.044321,
          36.3874313
        ]
      },
      "properties": {
        "内容": "バス停: 産業道路入口",
        "name": "産業道路入口",
        "operator": "事業者不明",
        "ref": "",
        "url": "",
        "url2": ""
      }
    },
    {
      "type": "Feature",
      "geometry": {
        "type": "Point",
        "coordinates": [
          139.0453962,
          36.3878757
        ]
      },
      "properties": {
        "内容": "バス停: NHK入口",
        "name": "NHK入口",
        "operator": "事業者不明",
        "ref": "",
        "url": "",
        "url2": ""
      }
    },
    {
      "type": "Feature",
      "geometry": {
        "type": "Point",
        "coordinates": [
          139.0454909,
          36.3883128
        ]
      },
      "properties": {
        "内容": "バス停: NHK入口",
        "name": "NHK入口",
        "operator": "事業者不明",
        "ref": "",
        "url": "",
        "url2": ""
      }
    },
    {
      "type": "Feature",
      "geometry": {
        "type": "Point",
        "coordinates": [
          139.0450135,
          36.3903082
        ]
      },
      "properties": {
        "内容": "バス停: 大友町",
        "name": "大友町",
        "operator": "事業者不明",
        "ref": "",
        "url": "",
        "url2": ""
      }
    },
    {
      "type": "Feature",
      "geometry": {
        "type": "Point",
        "coordinates": [
          139.0451144,
          36.3904352
        ]
      },
      "properties": {
        "内容": "バス停: 大友町",
        "name": "大友町",
        "operator": "事業者不明",
        "ref": "",
        "url": "",
        "url2": ""
      }
    },
    {
      "type": "Feature",
      "geometry": {
        "type": "Point",
        "coordinates": [
          139.0436406,
          36.3920379
        ]
      },
      "properties": {
        "内容": "バス停: マーキュリーホテル前",
        "name": "マーキュリーホテル前",
        "operator": "事業者不明",
        "ref": "",
        "url": "",
        "url2": ""
      }
    },
    {
      "type": "Feature",
      "geometry": {
        "type": "Point",
        "coordinates": [
          139.0435749,
          36.3919673
        ]
      },
      "properties": {
        "内容": "バス停: マーキュリーホテル前",
        "name": "マーキュリーホテル前",
        "operator": "事業者不明",
        "ref": "",
        "url": "",
        "url2": ""
      }
    },
    {
      "type": "Feature",
      "geometry": {
        "type": "Point",
        "coordinates": [
          139.0425011,
          36.3930056
        ]
      },
      "properties": {
        "内容": "バス停: 老年病研究所前",
        "name": "老年病研究所前",
        "operator": "事業者不明",
        "ref": "",
        "url": "",
        "url2": ""
      }
    },
    {
      "type": "Feature",
      "geometry": {
        "type": "Point",
        "coordinates": [
          139.042603,
          36.3929764
        ]
      },
      "properties": {
        "内容": "バス停: 老年病研究所前",
        "name": "老年病研究所前",
        "operator": "事業者不明",
        "ref": "",
        "url": "",
        "url2": ""
      }
    },
    {
      "type": "Feature",
      "geometry": {
        "type": "Point",
        "coordinates": [
          139.0410849,
          36.3952112
        ]
      },
      "properties": {
        "内容": "バス停: 問屋会館前",
        "name": "問屋会館前",
        "operator": "事業者不明",
        "ref": "",
        "url": "",
        "url2": ""
      }
    },
    {
      "type": "Feature",
      "geometry": {
        "type": "Point",
        "coordinates": [
          139.0692101,
          36.3936959
        ]
      },
      "properties": {
        "内容": "バス停: 立川町通り西",
        "name": "立川町通り西",
        "operator": "事業者不明",
        "ref": "",
        "url": "",
        "url2": ""
      }
    },
    {
      "type": "Feature",
      "geometry": {
        "type": "Point",
        "coordinates": [
          139.0694649,
          36.3937433
        ]
      },
      "properties": {
        "内容": "バス停: 立川町通り西",
        "name": "立川町通り西",
        "operator": "事業者不明",
        "ref": "",
        "url": "",
        "url2": ""
      }
    },
    {
      "type": "Feature",
      "geometry": {
        "type": "Point",
        "coordinates": [
          139.0720914,
          36.3932051
        ]
      },
      "properties": {
        "内容": "バス停: 立川町通り東",
        "name": "立川町通り東",
        "operator": "事業者不明",
        "ref": "",
        "url": "",
        "url2": ""
      }
    },
    {
      "type": "Feature",
      "geometry": {
        "type": "Point",
        "coordinates": [
          139.0722536,
          36.3930725
        ]
      },
      "properties": {
        "内容": "バス停: 立川町通り東",
        "name": "立川町通り東",
        "operator": "事業者不明",
        "ref": "",
        "url": "",
        "url2": ""
      }
    },
    {
      "type": "Feature",
      "geometry": {
        "type": "Point",
        "coordinates": [
          139.072191,
          36.3914607
        ]
      },
      "properties": {
        "内容": "バス停: Qの広場前 (関越交通株式会社)",
        "name": "Qの広場前",
        "operator": "関越交通株式会社",
        "ref": "共通1",
        "url": "",
        "url2": ""
      }
    },
    {
      "type": "Feature",
      "geometry": {
        "type": "Point",
        "coordinates": [
          139.0714509,
          36.3918134
        ]
      },
      "properties": {
        "内容": "バス停: 元気21北 (関越交通株式会社)",
        "name": "元気21北",
        "operator": "関越交通株式会社",
        "ref": "共通2",
        "url": "",
        "url2": ""
      }
    },
    {
      "type": "Feature",
      "geometry": {
        "type": "Point",
        "coordinates": [
          139.0702006,
          36.3923506
        ]
      },
      "properties": {
        "内容": "バス停: スズラン前 (関越交通株式会社)",
        "name": "スズラン前",
        "operator": "関越交通株式会社",
        "ref": "共通3",
        "url": "",
        "url2": ""
      }
    },
    {
      "type": "Feature",
      "geometry": {
        "type": "Point",
        "coordinates": [
          139.0689194,
          36.3927357
        ]
      },
      "properties": {
        "内容": "バス停: 前橋中央駐車場入口 (関越交通株式会社)",
        "name": "前橋中央駐車場入口",
        "operator": "関越交通株式会社",
        "ref": "共通4",
        "url": "",
        "url2": ""
      }
    },
    {
      "type": "Feature",
      "geometry": {
        "type": "Point",
        "coordinates": [
          139.0675431,
          36.3930834
        ]
      },
      "properties": {
        "内容": "バス停: 市営パーク千代田北 (関越交通株式会社)",
        "name": "市営パーク千代田北",
        "operator": "関越交通株式会社",
        "ref": "共通5",
        "url": "",
        "url2": ""
      }
    },
    {
      "type": "Feature",
      "geometry": {
        "type": "Point",
        "coordinates": [
          139.0655552,
          36.3933947
        ]
      },
      "properties": {
        "内容": "バス停: 千代田町一丁目 (関越交通株式会社)",
        "name": "千代田町一丁目",
        "operator": "関越交通株式会社",
        "ref": "共通5-1",
        "url": "",
        "url2": ""
      }
    },
    {
      "type": "Feature",
      "geometry": {
        "type": "Point",
        "coordinates": [
          139.0627996,
          36.3955437
        ]
      },
      "properties": {
        "内容": "バス停: 臨江閣前 (関越交通株式会社)",
        "name": "臨江閣前",
        "operator": "関越交通株式会社",
        "ref": "北10",
        "url": "",
        "url2": ""
      }
    },
    {
      "type": "Feature",
      "geometry": {
        "type": "Point",
        "coordinates": [
          139.0628121,
          36.3974748
        ]
      },
      "properties": {
        "内容": "バス停: 原嶋屋南 (関越交通株式会社)",
        "name": "原嶋屋南",
        "operator": "関越交通株式会社",
        "ref": "北11",
        "url": "",
        "url2": ""
      }
    },
    {
      "type": "Feature",
      "geometry": {
        "type": "Point",
        "coordinates": [
          139.064222,
          36.3997535
        ]
      },
      "properties": {
        "内容": "バス停: 平和郵便局東 (関越交通株式会社)",
        "name": "平和郵便局東",
        "operator": "関越交通株式会社",
        "ref": "北12",
        "url": "",
        "url2": ""
      }
    },
    {
      "type": "Feature",
      "geometry": {
        "type": "Point",
        "coordinates": [
          139.059981,
          36.4033337
        ]
      },
      "properties": {
        "内容": "バス停: 総合教育プラザ前 (関越交通株式会社)",
        "name": "総合教育プラザ前",
        "operator": "関越交通株式会社",
        "ref": "北15",
        "url": "",
        "url2": ""
      }
    },
    {
      "type": "Feature",
      "geometry": {
        "type": "Point",
        "coordinates": [
          139.062438,
          36.4034979
        ]
      },
      "properties": {
        "内容": "バス停: 昭和団地入口 (関越交通株式会社)",
        "name": "昭和団地入口",
        "operator": "関越交通株式会社",
        "ref": "北16",
        "url": "",
        "url2": ""
      }
    },
    {
      "type": "Feature",
      "geometry": {
        "type": "Point",
        "coordinates": [
          139.0651509,
          36.4036729
        ]
      },
      "properties": {
        "内容": "バス停: 敷島小北 (関越交通株式会社)",
        "name": "敷島小北",
        "operator": "関越交通株式会社",
        "ref": "北17",
        "url": "",
        "url2": ""
      }
    },
    {
      "type": "Feature",
      "geometry": {
        "type": "Point",
        "coordinates": [
          139.0675205,
          36.4037569
        ]
      },
      "properties": {
        "内容": "バス停: 敷島学校入口 (関越交通株式会社)",
        "name": "敷島学校入口",
        "operator": "関越交通株式会社",
        "ref": "",
        "url": "",
        "url2": ""
      }
    },
    {
      "type": "Feature",
      "geometry": {
        "type": "Point",
        "coordinates": [
          139.0676707,
          36.4029081
        ]
      },
      "properties": {
        "内容": "バス停: 敷島学校入口 (関越交通株式会社)",
        "name": "敷島学校入口",
        "operator": "関越交通株式会社",
        "ref": "",
        "url": "",
        "url2": ""
      }
    },
    {
      "type": "Feature",
      "geometry": {
        "type": "Point",
        "coordinates": [
          139.0684492,
          36.4041223
        ]
      },
      "properties": {
        "内容": "バス停: 前橋リリカ前 (関越交通株式会社)",
        "name": "前橋リリカ前",
        "operator": "関越交通株式会社",
        "ref": "北18",
        "url": "",
        "url2": ""
      }
    },
    {
      "type": "Feature",
      "geometry": {
        "type": "Point",
        "coordinates": [
          139.0718575,
          36.4044374
        ]
      },
      "properties": {
        "内容": "バス停: 若宮小南 (関越交通株式会社)",
        "name": "若宮小南",
        "operator": "関越交通株式会社",
        "ref": "北19",
        "url": "",
        "url2": ""
      }
    },
    {
      "type": "Feature",
      "geometry": {
        "type": "Point",
        "coordinates": [
          139.0742525,
          36.4046253
        ]
      },
      "properties": {
        "内容": "バス停: 飯玉神社入口 (関越交通株式会社)",
        "name": "飯玉神社入口",
        "operator": "関越交通株式会社",
        "ref": "北20",
        "url": "",
        "url2": ""
      }
    },
    {
      "type": "Feature",
      "geometry": {
        "type": "Point",
        "coordinates": [
          139.0763808,
          36.4040149
        ]
      },
      "properties": {
        "内容": "バス停: みずき通り北 (関越交通株式会社)",
        "name": "みずき通り北",
        "operator": "関越交通株式会社",
        "ref": "北21",
        "url": "",
        "url2": ""
      }
    },
    {
      "type": "Feature",
      "geometry": {
        "type": "Point",
        "coordinates": [
          139.0770253,
          36.4021221
        ]
      },
      "properties": {
        "内容": "バス停: みずき中入口",
        "name": "みずき中入口",
        "operator": "事業者不明",
        "ref": "北22",
        "url": "",
        "url2": ""
      }
    },
    {
      "type": "Feature",
      "geometry": {
        "type": "Point",
        "coordinates": [
          139.0802487,
          36.4021028
        ]
      },
      "properties": {
        "内容": "バス停: 日吉町",
        "name": "日吉町",
        "operator": "事業者不明",
        "ref": "北23",
        "url": "",
        "url2": ""
      }
    },
    {
      "type": "Feature",
      "geometry": {
        "type": "Point",
        "coordinates": [
          139.0652018,
          36.3920647
        ]
      },
      "properties": {
        "内容": "バス停: 教会南 (関越交通株式会社)",
        "name": "教会南",
        "operator": "関越交通株式会社",
        "ref": "共通6",
        "url": "",
        "url2": ""
      }
    },
    {
      "type": "Feature",
      "geometry": {
        "type": "Point",
        "coordinates": [
          139.0634255,
          36.3915401
        ]
      },
      "properties": {
        "内容": "バス停: 前橋地方検察庁前 (関越交通株式会社)",
        "name": "前橋地方検察庁前",
        "operator": "関越交通株式会社",
        "ref": "共通7",
        "url": "",
        "url2": ""
      }
    },
    {
      "type": "Feature",
      "geometry": {
        "type": "Point",
        "coordinates": [
          139.0626511,
          36.3915012
        ]
      },
      "properties": {
        "内容": "バス停: 群馬会館北 (関越交通株式会社)",
        "name": "群馬会館北",
        "operator": "関越交通株式会社",
        "ref": "共通8",
        "url": "",
        "url2": ""
      }
    },
    {
      "type": "Feature",
      "geometry": {
        "type": "Point",
        "coordinates": [
          139.0809588,
          36.4005953
        ]
      },
      "properties": {
        "内容": "バス停: みよし公園 (関越交通株式会社)",
        "name": "みよし公園",
        "operator": "関越交通株式会社",
        "ref": "北24",
        "url": "",
        "url2": ""
      }
    },
    {
      "type": "Feature",
      "geometry": {
        "type": "Point",
        "coordinates": [
          139.0797876,
          36.3988079
        ]
      },
      "properties": {
        "内容": "バス停: 総合福祉会館前",
        "name": "総合福祉会館前",
        "operator": "事業者不明",
        "ref": "北25",
        "url": "",
        "url2": ""
      }
    },
    {
      "type": "Feature",
      "geometry": {
        "type": "Point",
        "coordinates": [
          139.0778116,
          36.3987267
        ]
      },
      "properties": {
        "内容": "バス停: 清王寺町",
        "name": "清王寺町",
        "operator": "事業者不明",
        "ref": "北26",
        "url": "",
        "url2": ""
      }
    },
    {
      "type": "Feature",
      "geometry": {
        "type": "Point",
        "coordinates": [
          139.0744637,
          36.3978323
        ]
      },
      "properties": {
        "内容": "バス停: 県民会館 (関越交通株式会社)",
        "name": "県民会館",
        "operator": "関越交通株式会社",
        "ref": "北27",
        "url": "",
        "url2": ""
      }
    },
    {
      "type": "Feature",
      "geometry": {
        "type": "Point",
        "coordinates": [
          139.0746789,
          36.3954246
        ]
      },
      "properties": {
        "内容": "バス停: 中央郵便局 (関越交通株式会社)",
        "name": "中央郵便局",
        "operator": "関越交通株式会社",
        "ref": "北28",
        "url": "",
        "url2": ""
      }
    },
    {
      "type": "Feature",
      "geometry": {
        "type": "Point",
        "coordinates": [
          139.0761952,
          36.3922053
        ]
      },
      "properties": {
        "内容": "バス停: 城東町三丁目",
        "name": "城東町三丁目",
        "operator": "事業者不明",
        "ref": "北30;東7",
        "url": "",
        "url2": ""
      }
    },
    {
      "type": "Feature",
      "geometry": {
        "type": "Point",
        "coordinates": [
          139.1940978,
          36.3202817
        ]
      },
      "properties": {
        "内容": "バス停: 本町二番 (群馬中央バス)",
        "name": "本町二番",
        "operator": "群馬中央バス",
        "ref": "",
        "url": "",
        "url2": ""
      }
    },
    {
      "type": "Feature",
      "geometry": {
        "type": "Point",
        "coordinates": [
          139.1935191,
          36.3204011
        ]
      },
      "properties": {
        "内容": "バス停: 本町二番 (群馬中央バス)",
        "name": "本町二番",
        "operator": "群馬中央バス",
        "ref": "",
        "url": "",
        "url2": ""
      }
    },
    {
      "type": "Feature",
      "geometry": {
        "type": "Point",
        "coordinates": [
          139.1947107,
          36.3215341
        ]
      },
      "properties": {
        "内容": "バス停: 信用金庫前 (群馬中央バス)",
        "name": "信用金庫前",
        "operator": "群馬中央バス",
        "ref": "",
        "url": "",
        "url2": ""
      }
    },
    {
      "type": "Feature",
      "geometry": {
        "type": "Point",
        "coordinates": [
          139.0627986,
          36.3955535
        ]
      },
      "properties": {
        "内容": "バス停: るなぱあく・臨江閣前 (日本中央バス株式会社)",
        "name": "るなぱあく・臨江閣前",
        "operator": "日本中央バス株式会社",
        "ref": "",
        "url": "",
        "url2": ""
      }
    },
    {
      "type": "Feature",
      "geometry": {
        "type": "Point",
        "coordinates": [
          139.0629235,
          36.3955722
        ]
      },
      "properties": {
        "内容": "バス停: るなぱあく・臨江閣前 (日本中央バス株式会社)",
        "name": "るなぱあく・臨江閣前",
        "operator": "日本中央バス株式会社",
        "ref": "",
        "url": "",
        "url2": ""
      }
    },
    {
      "type": "Feature",
      "geometry": {
        "type": "Point",
        "coordinates": [
          139.0634574,
          36.3986375
        ]
      },
      "properties": {
        "内容": "バス停: 原嶋屋北 (日本中央バス株式会社)",
        "name": "原嶋屋北",
        "operator": "日本中央バス株式会社",
        "ref": "",
        "url": "",
        "url2": ""
      }
    },
    {
      "type": "Feature",
      "geometry": {
        "type": "Point",
        "coordinates": [
          139.0635925,
          36.3985952
        ]
      },
      "properties": {
        "内容": "バス停: 原嶋屋北 (日本中央バス株式会社)",
        "name": "原嶋屋北",
        "operator": "日本中央バス株式会社",
        "ref": "",
        "url": "",
        "url2": ""
      }
    },
    {
      "type": "Feature",
      "geometry": {
        "type": "Point",
        "coordinates": [
          139.0892488,
          36.383694
        ]
      },
      "properties": {
        "内容": "バス停: 朝日町",
        "name": "朝日町",
        "operator": "事業者不明",
        "ref": "",
        "url": "",
        "url2": ""
      }
    },
    {
      "type": "Feature",
      "geometry": {
        "type": "Point",
        "coordinates": [
          139.0894939,
          36.3835007
        ]
      },
      "properties": {
        "内容": "バス停: 朝日町",
        "name": "朝日町",
        "operator": "事業者不明",
        "ref": "",
        "url": "",
        "url2": ""
      }
    },
    {
      "type": "Feature",
      "geometry": {
        "type": "Point",
        "coordinates": [
          139.0923793,
          36.3831392
        ]
      },
      "properties": {
        "内容": "バス停: 朝日町団地",
        "name": "朝日町団地",
        "operator": "事業者不明",
        "ref": "",
        "url": "",
        "url2": ""
      }
    },
    {
      "type": "Feature",
      "geometry": {
        "type": "Point",
        "coordinates": [
          139.0924811,
          36.3829922
        ]
      },
      "properties": {
        "内容": "バス停: 朝日町団地",
        "name": "朝日町団地",
        "operator": "事業者不明",
        "ref": "",
        "url": "",
        "url2": ""
      }
    },
    {
      "type": "Feature",
      "geometry": {
        "type": "Point",
        "coordinates": [
          139.0966112,
          36.3824227
        ]
      },
      "properties": {
        "内容": "バス停: 前橋東警察署入口",
        "name": "前橋東警察署入口",
        "operator": "事業者不明",
        "ref": "",
        "url": "",
        "url2": ""
      }
    },
    {
      "type": "Feature",
      "geometry": {
        "type": "Point",
        "coordinates": [
          139.0968386,
          36.3822273
        ]
      },
      "properties": {
        "内容": "バス停: 前橋東警察署入口",
        "name": "前橋東警察署入口",
        "operator": "事業者不明",
        "ref": "",
        "url": "",
        "url2": ""
      }
    },
    {
      "type": "Feature",
      "geometry": {
        "type": "Point",
        "coordinates": [
          139.1021059,
          36.3815126
        ]
      },
      "properties": {
        "内容": "バス停: 天川大島町三丁目",
        "name": "天川大島町三丁目",
        "operator": "事業者不明",
        "ref": "",
        "url": "",
        "url2": ""
      }
    },
    {
      "type": "Feature",
      "geometry": {
        "type": "Point",
        "coordinates": [
          139.1020604,
          36.3813367
        ]
      },
      "properties": {
        "内容": "バス停: 天川大島町三丁目",
        "name": "天川大島町三丁目",
        "operator": "事業者不明",
        "ref": "",
        "url": "",
        "url2": ""
      }
    },
    {
      "type": "Feature",
      "geometry": {
        "type": "Point",
        "coordinates": [
          139.1083803,
          36.3800948
        ]
      },
      "properties": {
        "内容": "バス停: 県勤労福祉センター入口",
        "name": "県勤労福祉センター入口",
        "operator": "事業者不明",
        "ref": "",
        "url": "",
        "url2": ""
      }
    },
    {
      "type": "Feature",
      "geometry": {
        "type": "Point",
        "coordinates": [
          139.1081292,
          36.3799669
        ]
      },
      "properties": {
        "内容": "バス停: 県勤労福祉センター入口",
        "name": "県勤労福祉センター入口",
        "operator": "事業者不明",
        "ref": "",
        "url": "",
        "url2": ""
      }
    },
    {
      "type": "Feature",
      "geometry": {
        "type": "Point",
        "coordinates": [
          139.1139027,
          36.3780229
        ]
      },
      "properties": {
        "内容": "バス停: 野中町",
        "name": "野中町",
        "operator": "事業者不明",
        "ref": "",
        "url": "",
        "url2": ""
      }
    },
    {
      "type": "Feature",
      "geometry": {
        "type": "Point",
        "coordinates": [
          139.1118706,
          36.3785551
        ]
      },
      "properties": {
        "内容": "バス停: 野中町",
        "name": "野中町",
        "operator": "事業者不明",
        "ref": "",
        "url": "",
        "url2": ""
      }
    },
    {
      "type": "Feature",
      "geometry": {
        "type": "Point",
        "coordinates": [
          139.119454,
          36.3759333
        ]
      },
      "properties": {
        "内容": "バス停: 上長磯町",
        "name": "上長磯町",
        "operator": "事業者不明",
        "ref": "",
        "url": "",
        "url2": ""
      }
    },
    {
      "type": "Feature",
      "geometry": {
        "type": "Point",
        "coordinates": [
          139.119409,
          36.3757225
        ]
      },
      "properties": {
        "内容": "バス停: 上長磯町",
        "name": "上長磯町",
        "operator": "事業者不明",
        "ref": "",
        "url": "",
        "url2": ""
      }
    },
    {
      "type": "Feature",
      "geometry": {
        "type": "Point",
        "coordinates": [
          139.1298862,
          36.3729658
        ]
      },
      "properties": {
        "内容": "バス停: 女屋町",
        "name": "女屋町",
        "operator": "事業者不明",
        "ref": "",
        "url": "",
        "url2": ""
      }
    },
    {
      "type": "Feature",
      "geometry": {
        "type": "Point",
        "coordinates": [
          139.1286,
          36.3730218
        ]
      },
      "properties": {
        "内容": "バス停: 女屋町",
        "name": "女屋町",
        "operator": "事業者不明",
        "ref": "",
        "url": "",
        "url2": ""
      }
    },
    {
      "type": "Feature",
      "geometry": {
        "type": "Point",
        "coordinates": [
          139.138698,
          36.3710095
        ]
      },
      "properties": {
        "内容": "バス停: 前橋東高校入口",
        "name": "前橋東高校入口",
        "operator": "事業者不明",
        "ref": "",
        "url": "",
        "url2": ""
      }
    },
    {
      "type": "Feature",
      "geometry": {
        "type": "Point",
        "coordinates": [
          139.136832,
          36.3711928
        ]
      },
      "properties": {
        "内容": "バス停: 前橋東高校入口",
        "name": "前橋東高校入口",
        "operator": "事業者不明",
        "ref": "",
        "url": "",
        "url2": ""
      }
    },
    {
      "type": "Feature",
      "geometry": {
        "type": "Point",
        "coordinates": [
          139.149429,
          36.369305
        ]
      },
      "properties": {
        "内容": "バス停: 御蔵橋",
        "name": "御蔵橋",
        "operator": "事業者不明",
        "ref": "",
        "url": "",
        "url2": ""
      }
    },
    {
      "type": "Feature",
      "geometry": {
        "type": "Point",
        "coordinates": [
          139.1493972,
          36.3690949
        ]
      },
      "properties": {
        "内容": "バス停: 御蔵橋",
        "name": "御蔵橋",
        "operator": "事業者不明",
        "ref": "",
        "url": "",
        "url2": ""
      }
    },
    {
      "type": "Feature",
      "geometry": {
        "type": "Point",
        "coordinates": [
          139.1565889,
          36.3686248
        ]
      },
      "properties": {
        "内容": "バス停: 城南支所前",
        "name": "城南支所前",
        "operator": "事業者不明",
        "ref": "",
        "url": "",
        "url2": ""
      }
    },
    {
      "type": "Feature",
      "geometry": {
        "type": "Point",
        "coordinates": [
          139.1566479,
          36.3688728
        ]
      },
      "properties": {
        "内容": "バス停: 城南支所前",
        "name": "城南支所前",
        "operator": "事業者不明",
        "ref": "",
        "url": "",
        "url2": ""
      }
    },
    {
      "type": "Feature",
      "geometry": {
        "type": "Point",
        "coordinates": [
          139.1611303,
          36.3686117
        ]
      },
      "properties": {
        "内容": "バス停: 総合運動公園入口",
        "name": "総合運動公園入口",
        "operator": "事業者不明",
        "ref": "",
        "url": "",
        "url2": ""
      }
    },
    {
      "type": "Feature",
      "geometry": {
        "type": "Point",
        "coordinates": [
          139.1599871,
          36.3684358
        ]
      },
      "properties": {
        "内容": "バス停: 総合運動公園入口",
        "name": "総合運動公園入口",
        "operator": "事業者不明",
        "ref": "",
        "url": "",
        "url2": ""
      }
    },
    {
      "type": "Feature",
      "geometry": {
        "type": "Point",
        "coordinates": [
          139.1661503,
          36.3688267
        ]
      },
      "properties": {
        "内容": "バス停: 二之宮町神社裏",
        "name": "二之宮町神社裏",
        "operator": "事業者不明",
        "ref": "",
        "url": "",
        "url2": ""
      }
    },
    {
      "type": "Feature",
      "geometry": {
        "type": "Point",
        "coordinates": [
          139.1661674,
          36.3687439
        ]
      },
      "properties": {
        "内容": "バス停: 二之宮町神社裏",
        "name": "二之宮町神社裏",
        "operator": "事業者不明",
        "ref": "",
        "url": "",
        "url2": ""
      }
    },
    {
      "type": "Feature",
      "geometry": {
        "type": "Point",
        "coordinates": [
          139.1730575,
          36.3701695
        ]
      },
      "properties": {
        "内容": "バス停: 二之宮町",
        "name": "二之宮町",
        "operator": "事業者不明",
        "ref": "",
        "url": "",
        "url2": ""
      }
    },
    {
      "type": "Feature",
      "geometry": {
        "type": "Point",
        "coordinates": [
          139.1730817,
          36.3700842
        ]
      },
      "properties": {
        "内容": "バス停: 二之宮町",
        "name": "二之宮町",
        "operator": "事業者不明",
        "ref": "",
        "url": "",
        "url2": ""
      }
    },
    {
      "type": "Feature",
      "geometry": {
        "type": "Point",
        "coordinates": [
          139.1835007,
          36.3726116
        ]
      },
      "properties": {
        "内容": "バス停: 飯土井町",
        "name": "飯土井町",
        "operator": "事業者不明",
        "ref": "",
        "url": "",
        "url2": ""
      }
    },
    {
      "type": "Feature",
      "geometry": {
        "type": "Point",
        "coordinates": [
          139.1826889,
          36.3722756
        ]
      },
      "properties": {
        "内容": "バス停: 飯土井町",
        "name": "飯土井町",
        "operator": "事業者不明",
        "ref": "",
        "url": "",
        "url2": ""
      }
    },
    {
      "type": "Feature",
      "geometry": {
        "type": "Point",
        "coordinates": [
          139.1866215,
          36.3736
        ]
      },
      "properties": {
        "内容": "バス停: 城南工業団地入口",
        "name": "城南工業団地入口",
        "operator": "事業者不明",
        "ref": "",
        "url": "",
        "url2": ""
      }
    },
    {
      "type": "Feature",
      "geometry": {
        "type": "Point",
        "coordinates": [
          139.186145,
          36.3733067
        ]
      },
      "properties": {
        "内容": "バス停: 城南工業団地入口",
        "name": "城南工業団地入口",
        "operator": "事業者不明",
        "ref": "",
        "url": "",
        "url2": ""
      }
    },
    {
      "type": "Feature",
      "geometry": {
        "type": "Point",
        "coordinates": [
          139.1935301,
          36.3760803
        ]
      },
      "properties": {
        "内容": "バス停: 東大室",
        "name": "東大室",
        "operator": "事業者不明",
        "ref": "",
        "url": "",
        "url2": ""
      }
    },
    {
      "type": "Feature",
      "geometry": {
        "type": "Point",
        "coordinates": [
          139.5686281,
          36.2394166
        ]
      },
      "properties": {
        "内容": "バス停: ぽんぽこ (館林市外四町広域公共路線バス)",
        "name": "ぽんぽこ",
        "operator": "館林市外四町広域公共路線バス",
        "ref": "",
        "url": "",
        "url2": ""
      }
    },
    {
      "type": "Feature",
      "geometry": {
        "type": "Point",
        "coordinates": [
          139.5597915,
          36.2385978
        ]
      },
      "properties": {
        "内容": "バス停: 古城沼 (館林市外四町広域公共路線バス)",
        "name": "古城沼",
        "operator": "館林市外四町広域公共路線バス",
        "ref": "",
        "url": "",
        "url2": ""
      }
    },
    {
      "type": "Feature",
      "geometry": {
        "type": "Point",
        "coordinates": [
          139.5598908,
          36.2386367
        ]
      },
      "properties": {
        "内容": "バス停: 古城沼 (館林市外四町広域公共路線バス)",
        "name": "古城沼",
        "operator": "館林市外四町広域公共路線バス",
        "ref": "",
        "url": "",
        "url2": ""
      }
    },
    {
      "type": "Feature",
      "geometry": {
        "type": "Point",
        "coordinates": [
          139.5591894,
          36.240773
        ]
      },
      "properties": {
        "内容": "バス停: サイクリングターミナル西 (館林市外四町広域公共路線バス)",
        "name": "サイクリングターミナル西",
        "operator": "館林市外四町広域公共路線バス",
        "ref": "",
        "url": "",
        "url2": ""
      }
    },
    {
      "type": "Feature",
      "geometry": {
        "type": "Point",
        "coordinates": [
          139.5593449,
          36.2408574
        ]
      },
      "properties": {
        "内容": "バス停: サイクリングターミナル西 (館林市外四町広域公共路線バス)",
        "name": "サイクリングターミナル西",
        "operator": "館林市外四町広域公共路線バス",
        "ref": "",
        "url": "",
        "url2": ""
      }
    },
    {
      "type": "Feature",
      "geometry": {
        "type": "Point",
        "coordinates": [
          139.5562711,
          36.2410608
        ]
      },
      "properties": {
        "内容": "バス停: 花山入口 (館林市外四町広域公共路線バス)",
        "name": "花山入口",
        "operator": "館林市外四町広域公共路線バス",
        "ref": "",
        "url": "",
        "url2": ""
      }
    },
    {
      "type": "Feature",
      "geometry": {
        "type": "Point",
        "coordinates": [
          139.5562497,
          36.2411494
        ]
      },
      "properties": {
        "内容": "バス停: 花山入口 (館林市外四町広域公共路線バス)",
        "name": "花山入口",
        "operator": "館林市外四町広域公共路線バス",
        "ref": "",
        "url": "",
        "url2": ""
      }
    },
    {
      "type": "Feature",
      "geometry": {
        "type": "Point",
        "coordinates": [
          139.5531839,
          36.2385253
        ]
      },
      "properties": {
        "内容": "バス停: 花山駐車場東 (館林市外四町広域公共路線バス)",
        "name": "花山駐車場東",
        "operator": "館林市外四町広域公共路線バス",
        "ref": "",
        "url": "",
        "url2": ""
      }
    },
    {
      "type": "Feature",
      "geometry": {
        "type": "Point",
        "coordinates": [
          139.5532349,
          36.2388066
        ]
      },
      "properties": {
        "内容": "バス停: 花山駐車場東 (館林市外四町広域公共路線バス)",
        "name": "花山駐車場東",
        "operator": "館林市外四町広域公共路線バス",
        "ref": "",
        "url": "",
        "url2": ""
      }
    },
    {
      "type": "Feature",
      "geometry": {
        "type": "Point",
        "coordinates": [
          139.5348,
          36.2307952
        ]
      },
      "properties": {
        "内容": "バス停: 美園小学校東 (館林市外四町広域公共路線バス)",
        "name": "美園小学校東",
        "operator": "館林市外四町広域公共路線バス",
        "ref": "",
        "url": "",
        "url2": ""
      }
    },
    {
      "type": "Feature",
      "geometry": {
        "type": "Point",
        "coordinates": [
          139.5297629,
          36.2300985
        ]
      },
      "properties": {
        "内容": "バス停: たぬき橋西 (館林市外四町広域公共路線バス)",
        "name": "たぬき橋西",
        "operator": "館林市外四町広域公共路線バス",
        "ref": "",
        "url": "",
        "url2": ""
      }
    },
    {
      "type": "Feature",
      "geometry": {
        "type": "Point",
        "coordinates": [
          139.5272604,
          36.229602
        ]
      },
      "properties": {
        "内容": "バス停: 茂林寺前駅北 (館林市外四町広域公共路線バス)",
        "name": "茂林寺前駅北",
        "operator": "館林市外四町広域公共路線バス",
        "ref": "",
        "url": "",
        "url2": ""
      }
    },
    {
      "type": "Feature",
      "geometry": {
        "type": "Point",
        "coordinates": [
          139.5245379,
          36.2255137
        ]
      },
      "properties": {
        "内容": "バス停: 関東学園分福競技場南 (館林市外四町広域公共路線バス)",
        "name": "関東学園分福競技場南",
        "operator": "館林市外四町広域公共路線バス",
        "ref": "",
        "url": "",
        "url2": ""
      }
    },
    {
      "type": "Feature",
      "geometry": {
        "type": "Point",
        "coordinates": [
          139.5215365,
          36.2236724
        ]
      },
      "properties": {
        "内容": "バス停: 分福公民館 (館林市外四町広域公共路線バス)",
        "name": "分福公民館",
        "operator": "館林市外四町広域公共路線バス",
        "ref": "",
        "url": "",
        "url2": ""
      }
    },
    {
      "type": "Feature",
      "geometry": {
        "type": "Point",
        "coordinates": [
          139.5224217,
          36.225702
        ]
      },
      "properties": {
        "内容": "バス停: 分福町 (館林市外四町広域公共路線バス)",
        "name": "分福町",
        "operator": "館林市外四町広域公共路線バス",
        "ref": "",
        "url": "",
        "url2": ""
      }
    },
    {
      "type": "Feature",
      "geometry": {
        "type": "Point",
        "coordinates": [
          139.5237225,
          36.2237503
        ]
      },
      "properties": {
        "内容": "バス停: 分福県営住宅団地前 (館林市外四町広域公共路線バス)",
        "name": "分福県営住宅団地前",
        "operator": "館林市外四町広域公共路線バス",
        "ref": "",
        "url": "",
        "url2": ""
      }
    },
    {
      "type": "Feature",
      "geometry": {
        "type": "Point",
        "coordinates": [
          139.5272389,
          36.225584
        ]
      },
      "properties": {
        "内容": "バス停: 茂林寺前駅 (館林市外四町広域公共路線バス)",
        "name": "茂林寺前駅",
        "operator": "館林市外四町広域公共路線バス",
        "ref": "",
        "url": "",
        "url2": ""
      }
    },
    {
      "type": "Feature",
      "geometry": {
        "type": "Point",
        "coordinates": [
          139.5291272,
          36.2235231
        ]
      },
      "properties": {
        "内容": "バス停: 茂林寺西 (館林市外四町広域公共路線バス)",
        "name": "茂林寺西",
        "operator": "館林市外四町広域公共路線バス",
        "ref": "",
        "url": "",
        "url2": ""
      }
    },
    {
      "type": "Feature",
      "geometry": {
        "type": "Point",
        "coordinates": [
          139.5317209,
          36.2235663
        ]
      },
      "properties": {
        "内容": "バス停: 茂林寺前 (館林市外四町広域公共路線バス)",
        "name": "茂林寺前",
        "operator": "館林市外四町広域公共路線バス",
        "ref": "",
        "url": "",
        "url2": ""
      }
    },
    {
      "type": "Feature",
      "geometry": {
        "type": "Point",
        "coordinates": [
          139.5364711,
          36.2246461
        ]
      },
      "properties": {
        "内容": "バス停: ふれあい運動広場入口 (館林市外四町広域公共路線バス)",
        "name": "ふれあい運動広場入口",
        "operator": "館林市外四町広域公共路線バス",
        "ref": "",
        "url": "",
        "url2": ""
      }
    },
    {
      "type": "Feature",
      "geometry": {
        "type": "Point",
        "coordinates": [
          139.5374554,
          36.2262278
        ]
      },
      "properties": {
        "内容": "バス停: 熊野神社前 (館林市外四町広域公共路線バス)",
        "name": "熊野神社前",
        "operator": "館林市外四町広域公共路線バス",
        "ref": "",
        "url": "",
        "url2": ""
      }
    },
    {
      "type": "Feature",
      "geometry": {
        "type": "Point",
        "coordinates": [
          139.5354491,
          36.232433
        ]
      },
      "properties": {
        "内容": "バス停: 美園会館前 (館林市外四町広域公共路線バス)",
        "name": "美園会館前",
        "operator": "館林市外四町広域公共路線バス",
        "ref": "",
        "url": "",
        "url2": ""
      }
    },
    {
      "type": "Feature",
      "geometry": {
        "type": "Point",
        "coordinates": [
          139.5355001,
          36.2325066
        ]
      },
      "properties": {
        "内容": "バス停: 美園会館前 (館林市外四町広域公共路線バス)",
        "name": "美園会館前",
        "operator": "館林市外四町広域公共路線バス",
        "ref": "",
        "url": "",
        "url2": ""
      }
    },
    {
      "type": "Feature",
      "geometry": {
        "type": "Point",
        "coordinates": [
          139.5351031,
          36.2339735
        ]
      },
      "properties": {
        "内容": "バス停: 館林ケーブルテレビ (館林市外四町広域公共路線バス)",
        "name": "館林ケーブルテレビ",
        "operator": "館林市外四町広域公共路線バス",
        "ref": "",
        "url": "",
        "url2": ""
      }
    },
    {
      "type": "Feature",
      "geometry": {
        "type": "Point",
        "coordinates": [
          139.531289,
          36.2344905
        ]
      },
      "properties": {
        "内容": "バス停: 美園保育園西 (館林市外四町広域公共路線バス)",
        "name": "美園保育園西",
        "operator": "館林市外四町広域公共路線バス",
        "ref": "",
        "url": "",
        "url2": ""
      }
    },
    {
      "type": "Feature",
      "geometry": {
        "type": "Point",
        "coordinates": [
          139.53134,
          36.2345489
        ]
      },
      "properties": {
        "内容": "バス停: 美園保育園西 (館林市外四町広域公共路線バス)",
        "name": "美園保育園西",
        "operator": "館林市外四町広域公共路線バス",
        "ref": "",
        "url": "",
        "url2": ""
      }
    },
    {
      "type": "Feature",
      "geometry": {
        "type": "Point",
        "coordinates": [
          139.5279577,
          36.2351634
        ]
      },
      "properties": {
        "内容": "バス停: 西美園町北 (館林市外四町広域公共路線バス)",
        "name": "西美園町北",
        "operator": "館林市外四町広域公共路線バス",
        "ref": "",
        "url": "",
        "url2": ""
      }
    },
    {
      "type": "Feature",
      "geometry": {
        "type": "Point",
        "coordinates": [
          139.5279577,
          36.2351006
        ]
      },
      "properties": {
        "内容": "バス停: 西美園町北 (館林市外四町広域公共路線バス)",
        "name": "西美園町北",
        "operator": "館林市外四町広域公共路線バス",
        "ref": "",
        "url": "",
        "url2": ""
      }
    },
    {
      "type": "Feature",
      "geometry": {
        "type": "Point",
        "coordinates": [
          139.5280851,
          36.2360774
        ]
      },
      "properties": {
        "内容": "バス停: カスミ館林店 (館林市外四町広域公共路線バス)",
        "name": "カスミ館林店",
        "operator": "館林市外四町広域公共路線バス",
        "ref": "",
        "url": "",
        "url2": ""
      }
    },
    {
      "type": "Feature",
      "geometry": {
        "type": "Point",
        "coordinates": [
          139.5280892,
          36.2361391
        ]
      },
      "properties": {
        "内容": "バス停: カスミ館林店 (館林市外四町広域公共路線バス)",
        "name": "カスミ館林店",
        "operator": "館林市外四町広域公共路線バス",
        "ref": "",
        "url": "",
        "url2": ""
      }
    },
    {
      "type": "Feature",
      "geometry": {
        "type": "Point",
        "coordinates": [
          139.5297575,
          36.2381489
        ]
      },
      "properties": {
        "内容": "バス停: 新宿一丁目 (館林市外四町広域公共路線バス)",
        "name": "新宿一丁目",
        "operator": "館林市外四町広域公共路線バス",
        "ref": "",
        "url": "",
        "url2": ""
      }
    },
    {
      "type": "Feature",
      "geometry": {
        "type": "Point",
        "coordinates": [
          139.5296448,
          36.2381489
        ]
      },
      "properties": {
        "内容": "バス停: 新宿一丁目 (館林市外四町広域公共路線バス)",
        "name": "新宿一丁目",
        "operator": "館林市外四町広域公共路線バス",
        "ref": "",
        "url": "",
        "url2": ""
      }
    },
    {
      "type": "Feature",
      "geometry": {
        "type": "Point",
        "coordinates": [
          139.5301867,
          36.2414999
        ]
      },
      "properties": {
        "内容": "バス停: 川村眼科医院 (館林市外四町広域公共路線バス)",
        "name": "川村眼科医院",
        "operator": "館林市外四町広域公共路線バス",
        "ref": "",
        "url": "",
        "url2": ""
      }
    },
    {
      "type": "Feature",
      "geometry": {
        "type": "Point",
        "coordinates": [
          139.530125,
          36.2415334
        ]
      },
      "properties": {
        "内容": "バス停: 川村眼科医院 (館林市外四町広域公共路線バス)",
        "name": "川村眼科医院",
        "operator": "館林市外四町広域公共路線バス",
        "ref": "",
        "url": "",
        "url2": ""
      }
    },
    {
      "type": "Feature",
      "geometry": {
        "type": "Point",
        "coordinates": [
          139.5253667,
          36.2392955
        ]
      },
      "properties": {
        "内容": "バス停: 第六小学校北 (館林市外四町広域公共路線バス)",
        "name": "第六小学校北",
        "operator": "館林市外四町広域公共路線バス",
        "ref": "",
        "url": "",
        "url2": ""
      }
    },
    {
      "type": "Feature",
      "geometry": {
        "type": "Point",
        "coordinates": [
          139.5253801,
          36.2392025
        ]
      },
      "properties": {
        "内容": "バス停: 第六小学校北 (館林市外四町広域公共路線バス)",
        "name": "第六小学校北",
        "operator": "館林市外四町広域公共路線バス",
        "ref": "",
        "url": "",
        "url2": ""
      }
    },
    {
      "type": "Feature",
      "geometry": {
        "type": "Point",
        "coordinates": [
          139.5236421,
          36.2429666
        ]
      },
      "properties": {
        "内容": "バス停: とりせん富士見町店 (館林市外四町広域公共路線バス)",
        "name": "とりせん富士見町店",
        "operator": "館林市外四町広域公共路線バス",
        "ref": "",
        "url": "",
        "url2": ""
      }
    },
    {
      "type": "Feature",
      "geometry": {
        "type": "Point",
        "coordinates": [
          139.5206058,
          36.2459713
        ]
      },
      "properties": {
        "内容": "バス停: 赤土町 (館林市外四町広域公共路線バス)",
        "name": "赤土町",
        "operator": "館林市外四町広域公共路線バス",
        "ref": "",
        "url": "",
        "url2": ""
      }
    },
    {
      "type": "Feature",
      "geometry": {
        "type": "Point",
        "coordinates": [
          139.5207614,
          36.2458264
        ]
      },
      "properties": {
        "内容": "バス停: 赤土町 (館林市外四町広域公共路線バス)",
        "name": "赤土町",
        "operator": "館林市外四町広域公共路線バス",
        "ref": "",
        "url": "",
        "url2": ""
      }
    },
    {
      "type": "Feature",
      "geometry": {
        "type": "Point",
        "coordinates": [
          139.5087156,
          36.2428411
        ]
      },
      "properties": {
        "内容": "バス停: 大谷町 (館林市外四町広域公共路線バス)",
        "name": "大谷町",
        "operator": "館林市外四町広域公共路線バス",
        "ref": "",
        "url": "",
        "url2": ""
      }
    },
    {
      "type": "Feature",
      "geometry": {
        "type": "Point",
        "coordinates": [
          139.4997221,
          36.2398125
        ]
      },
      "properties": {
        "内容": "バス停: 開拓東 (館林市外四町広域公共路線バス)",
        "name": "開拓東",
        "operator": "館林市外四町広域公共路線バス",
        "ref": "",
        "url": "",
        "url2": ""
      }
    },
    {
      "type": "Feature",
      "geometry": {
        "type": "Point",
        "coordinates": [
          139.5008004,
          36.2335213
        ]
      },
      "properties": {
        "内容": "バス停: 開拓南 (館林市外四町広域公共路線バス)",
        "name": "開拓南",
        "operator": "館林市外四町広域公共路線バス",
        "ref": "",
        "url": "",
        "url2": ""
      }
    },
    {
      "type": "Feature",
      "geometry": {
        "type": "Point",
        "coordinates": [
          139.5123258,
          36.2292093
        ]
      },
      "properties": {
        "内容": "バス停: 苗木会館 (館林市外四町広域公共路線バス)",
        "name": "苗木会館",
        "operator": "館林市外四町広域公共路線バス",
        "ref": "",
        "url": "",
        "url2": ""
      }
    },
    {
      "type": "Feature",
      "geometry": {
        "type": "Point",
        "coordinates": [
          139.5156169,
          36.2250853
        ]
      },
      "properties": {
        "内容": "バス停: 長良神社 (館林市外四町広域公共路線バス)",
        "name": "長良神社",
        "operator": "館林市外四町広域公共路線バス",
        "ref": "",
        "url": "",
        "url2": ""
      }
    },
    {
      "type": "Feature",
      "geometry": {
        "type": "Point",
        "coordinates": [
          139.5177761,
          36.2324482
        ]
      },
      "properties": {
        "内容": "バス停: つつじメンタルホスピタル (館林市外四町広域公共路線バス)",
        "name": "つつじメンタルホスピタル",
        "operator": "館林市外四町広域公共路線バス",
        "ref": "",
        "url": "",
        "url2": ""
      }
    },
    {
      "type": "Feature",
      "geometry": {
        "type": "Point",
        "coordinates": [
          139.5190287,
          36.2262299
        ]
      },
      "properties": {
        "内容": "バス停: 青柳交差点 (館林市外四町広域公共路線バス)",
        "name": "青柳交差点",
        "operator": "館林市外四町広域公共路線バス",
        "ref": "",
        "url": "",
        "url2": ""
      }
    },
    {
      "type": "Feature",
      "geometry": {
        "type": "Point",
        "coordinates": [
          139.4518608,
          36.2415302
        ]
      },
      "properties": {
        "内容": "バス停: 水立西 (邑楽町コミュニティバス)",
        "name": "水立西",
        "operator": "邑楽町コミュニティバス",
        "ref": "",
        "url": "",
        "url2": ""
      }
    },
    {
      "type": "Feature",
      "geometry": {
        "type": "Point",
        "coordinates": [
          139.451901,
          36.2416081
        ]
      },
      "properties": {
        "内容": "バス停: 水立西 (邑楽町コミュニティバス)",
        "name": "水立西",
        "operator": "邑楽町コミュニティバス",
        "ref": "",
        "url": "",
        "url2": ""
      }
    },
    {
      "type": "Feature",
      "geometry": {
        "type": "Point",
        "coordinates": [
          139.462893,
          36.2413216
        ]
      },
      "properties": {
        "内容": "バス停: おうらバスターミナル (邑楽町コミュニティバス)",
        "name": "おうらバスターミナル",
        "operator": "邑楽町コミュニティバス",
        "ref": "",
        "url": "",
        "url2": ""
      }
    },
    {
      "type": "Feature",
      "geometry": {
        "type": "Point",
        "coordinates": [
          139.3870828,
          36.2886151
        ]
      },
      "properties": {
        "内容": "バス停: 新島町南 (矢島タクシー)",
        "name": "新島町南",
        "operator": "矢島タクシー",
        "ref": "",
        "url": "",
        "url2": ""
      }
    },
    {
      "type": "Feature",
      "geometry": {
        "type": "Point",
        "coordinates": [
          139.3870962,
          36.2887318
        ]
      },
      "properties": {
        "内容": "バス停: 新島町南 (矢島タクシー)",
        "name": "新島町南",
        "operator": "矢島タクシー",
        "ref": "",
        "url": "",
        "url2": ""
      }
    },
    {
      "type": "Feature",
      "geometry": {
        "type": "Point",
        "coordinates": [
          139.3816566,
          36.2889783
        ]
      },
      "properties": {
        "内容": "バス停: 飯田町 (矢島タクシー)",
        "name": "飯田町",
        "operator": "矢島タクシー",
        "ref": "",
        "url": "",
        "url2": ""
      }
    },
    {
      "type": "Feature",
      "geometry": {
        "type": "Point",
        "coordinates": [
          139.381713,
          36.2890994
        ]
      },
      "properties": {
        "内容": "バス停: 飯田町 (矢島タクシー)",
        "name": "飯田町",
        "operator": "矢島タクシー",
        "ref": "",
        "url": "",
        "url2": ""
      }
    },
    {
      "type": "Feature",
      "geometry": {
        "type": "Point",
        "coordinates": [
          139.4721396,
          36.2623707
        ]
      },
      "properties": {
        "内容": "バス停: とりせん邑楽町店 (邑楽町コミュニティバス)",
        "name": "とりせん邑楽町店",
        "operator": "邑楽町コミュニティバス",
        "ref": "",
        "url": "",
        "url2": ""
      }
    },
    {
      "type": "Feature",
      "geometry": {
        "type": "Point",
        "coordinates": [
          139.4721584,
          36.2624658
        ]
      },
      "properties": {
        "内容": "バス停: とりせん邑楽町店 (邑楽町コミュニティバス)",
        "name": "とりせん邑楽町店",
        "operator": "邑楽町コミュニティバス",
        "ref": "",
        "url": "",
        "url2": ""
      }
    },
    {
      "type": "Feature",
      "geometry": {
        "type": "Point",
        "coordinates": [
          139.4747722,
          36.2622885
        ]
      },
      "properties": {
        "内容": "バス停: コープぐんま中野店 (邑楽町コミュニティバス)",
        "name": "コープぐんま中野店",
        "operator": "邑楽町コミュニティバス",
        "ref": "",
        "url": "",
        "url2": ""
      }
    },
    {
      "type": "Feature",
      "geometry": {
        "type": "Point",
        "coordinates": [
          138.9725279,
          36.34864
        ]
      },
      "properties": {
        "内容": "バス停: 名称不明バス停",
        "name": "名称不明バス停",
        "operator": "事業者不明",
        "ref": "",
        "url": "",
        "url2": ""
      }
    },
    {
      "type": "Feature",
      "geometry": {
        "type": "Point",
        "coordinates": [
          138.9680828,
          36.3501284
        ]
      },
      "properties": {
        "内容": "バス停: 名称不明バス停",
        "name": "名称不明バス停",
        "operator": "事業者不明",
        "ref": "",
        "url": "",
        "url2": ""
      }
    },
    {
      "type": "Feature",
      "geometry": {
        "type": "Point",
        "coordinates": [
          138.9645698,
          36.3518939
        ]
      },
      "properties": {
        "内容": "バス停: 名称不明バス停",
        "name": "名称不明バス停",
        "operator": "事業者不明",
        "ref": "",
        "url": "",
        "url2": ""
      }
    },
    {
      "type": "Feature",
      "geometry": {
        "type": "Point",
        "coordinates": [
          138.964541,
          36.3518988
        ]
      },
      "properties": {
        "内容": "バス停: 新井団地西 (群馬バス)",
        "name": "新井団地西",
        "operator": "群馬バス",
        "ref": "",
        "url": "",
        "url2": ""
      }
    },
    {
      "type": "Feature",
      "geometry": {
        "type": "Point",
        "coordinates": [
          138.9682303,
          36.3500712
        ]
      },
      "properties": {
        "内容": "バス停: 新井 (群馬バス)",
        "name": "新井",
        "operator": "群馬バス",
        "ref": "",
        "url": "",
        "url2": ""
      }
    },
    {
      "type": "Feature",
      "geometry": {
        "type": "Point",
        "coordinates": [
          138.9724977,
          36.3486324
        ]
      },
      "properties": {
        "内容": "バス停: 唐崎 (群馬バス)",
        "name": "唐崎",
        "operator": "群馬バス",
        "ref": "",
        "url": "",
        "url2": ""
      }
    },
    {
      "type": "Feature",
      "geometry": {
        "type": "Point",
        "coordinates": [
          138.9548019,
          36.3580293
        ]
      },
      "properties": {
        "内容": "バス停: 沖 (群馬バス)",
        "name": "沖",
        "operator": "群馬バス",
        "ref": "",
        "url": "",
        "url2": ""
      }
    },
    {
      "type": "Feature",
      "geometry": {
        "type": "Point",
        "coordinates": [
          138.9566539,
          36.357547
        ]
      },
      "properties": {
        "内容": "バス停: 沖白川橋 (群馬バス)",
        "name": "沖白川橋",
        "operator": "群馬バス",
        "ref": "",
        "url": "",
        "url2": ""
      }
    },
    {
      "type": "Feature",
      "geometry": {
        "type": "Point",
        "coordinates": [
          138.9513317,
          36.3584229
        ]
      },
      "properties": {
        "内容": "バス停: 本郷町 (高崎市コミュニティバス)",
        "name": "本郷町",
        "operator": "高崎市コミュニティバス",
        "ref": "",
        "url": "",
        "url2": ""
      }
    },
    {
      "type": "Feature",
      "geometry": {
        "type": "Point",
        "coordinates": [
          138.9513472,
          36.3584197
        ]
      },
      "properties": {
        "内容": "バス停: 本郷 (群馬バス)",
        "name": "本郷",
        "operator": "群馬バス",
        "ref": "",
        "url": "",
        "url2": ""
      }
    },
    {
      "type": "Feature",
      "geometry": {
        "type": "Point",
        "coordinates": [
          138.9446845,
          36.362028
        ]
      },
      "properties": {
        "内容": "バス停: 本郷保育園前 (高崎市コミュニティバス)",
        "name": "本郷保育園前",
        "operator": "高崎市コミュニティバス",
        "ref": "",
        "url": "",
        "url2": ""
      }
    },
    {
      "type": "Feature",
      "geometry": {
        "type": "Point",
        "coordinates": [
          138.9446986,
          36.3620167
        ]
      },
      "properties": {
        "内容": "バス停: 岐島屋前 (群馬バス)",
        "name": "岐島屋前",
        "operator": "群馬バス",
        "ref": "",
        "url": "",
        "url2": ""
      }
    },
    {
      "type": "Feature",
      "geometry": {
        "type": "Point",
        "coordinates": [
          138.9388226,
          36.3660502
        ]
      },
      "properties": {
        "内容": "バス停: 細谷医院前 (群馬バス)",
        "name": "細谷医院前",
        "operator": "群馬バス",
        "ref": "",
        "url": "",
        "url2": ""
      }
    },
    {
      "type": "Feature",
      "geometry": {
        "type": "Point",
        "coordinates": [
          138.9359084,
          36.36798
        ]
      },
      "properties": {
        "内容": "バス停: ドドメキ (群馬バス)",
        "name": "ドドメキ",
        "operator": "群馬バス",
        "ref": "",
        "url": "",
        "url2": ""
      }
    },
    {
      "type": "Feature",
      "geometry": {
        "type": "Point",
        "coordinates": [
          138.9344264,
          36.3678089
        ]
      },
      "properties": {
        "内容": "バス停: 久留馬小学校入口 (群馬バス;高崎市コミュニティバス)",
        "name": "久留馬小学校入口",
        "operator": "群馬バス;高崎市コミュニティバス",
        "ref": "",
        "url": "",
        "url2": ""
      }
    },
    {
      "type": "Feature",
      "geometry": {
        "type": "Point",
        "coordinates": [
          138.9277444,
          36.3659703
        ]
      },
      "properties": {
        "内容": "バス停: 高浜長信寺前 (群馬バス)",
        "name": "高浜長信寺前",
        "operator": "群馬バス",
        "ref": "",
        "url": "",
        "url2": ""
      }
    },
    {
      "type": "Feature",
      "geometry": {
        "type": "Point",
        "coordinates": [
          138.9297675,
          36.3659411
        ]
      },
      "properties": {
        "内容": "バス停: 高浜団地入口 (群馬バス)",
        "name": "高浜団地入口",
        "operator": "群馬バス",
        "ref": "",
        "url": "",
        "url2": ""
      }
    },
    {
      "type": "Feature",
      "geometry": {
        "type": "Point",
        "coordinates": [
          138.9242019,
          36.3682543
        ]
      },
      "properties": {
        "内容": "バス停: 鳥居沢 (群馬バス)",
        "name": "鳥居沢",
        "operator": "群馬バス",
        "ref": "",
        "url": "",
        "url2": ""
      }
    },
    {
      "type": "Feature",
      "geometry": {
        "type": "Point",
        "coordinates": [
          138.9181522,
          36.3723065
        ]
      },
      "properties": {
        "内容": "バス停: 神戸 (群馬バス)",
        "name": "神戸",
        "operator": "群馬バス",
        "ref": "",
        "url": "",
        "url2": ""
      }
    },
    {
      "type": "Feature",
      "geometry": {
        "type": "Point",
        "coordinates": [
          138.91606,
          36.3734473
        ]
      },
      "properties": {
        "内容": "バス停: マタイ紙工前 (群馬バス)",
        "name": "マタイ紙工前",
        "operator": "群馬バス",
        "ref": "",
        "url": "",
        "url2": ""
      }
    },
    {
      "type": "Feature",
      "geometry": {
        "type": "Point",
        "coordinates": [
          138.9017632,
          36.3795669
        ]
      },
      "properties": {
        "内容": "バス停: 手長 (群馬バス)",
        "name": "手長",
        "operator": "群馬バス",
        "ref": "",
        "url": "",
        "url2": ""
      }
    },
    {
      "type": "Feature",
      "geometry": {
        "type": "Point",
        "coordinates": [
          138.9118248,
          36.3760253
        ]
      },
      "properties": {
        "内容": "バス停: 下手長 (群馬バス)",
        "name": "下手長",
        "operator": "群馬バス",
        "ref": "",
        "url": "",
        "url2": ""
      }
    },
    {
      "type": "Feature",
      "geometry": {
        "type": "Point",
        "coordinates": [
          138.8913944,
          36.383653
        ]
      },
      "properties": {
        "内容": "バス停: 長年寺前 (群馬バス)",
        "name": "長年寺前",
        "operator": "群馬バス",
        "ref": "",
        "url": "",
        "url2": ""
      }
    },
    {
      "type": "Feature",
      "geometry": {
        "type": "Point",
        "coordinates": [
          138.8856632,
          36.3854129
        ]
      },
      "properties": {
        "内容": "バス停: 大字会館前 (群馬バス)",
        "name": "大字会館前",
        "operator": "群馬バス",
        "ref": "",
        "url": "",
        "url2": ""
      }
    },
    {
      "type": "Feature",
      "geometry": {
        "type": "Point",
        "coordinates": [
          138.887298,
          36.3848304
        ]
      },
      "properties": {
        "内容": "バス停: 下室田小学校前 (群馬バス)",
        "name": "下室田小学校前",
        "operator": "群馬バス",
        "ref": "",
        "url": "",
        "url2": ""
      }
    },
    {
      "type": "Feature",
      "geometry": {
        "type": "Point",
        "coordinates": [
          138.8885949,
          36.3843284
        ]
      },
      "properties": {
        "内容": "バス停: 下宿角屋前 (群馬バス)",
        "name": "下宿角屋前",
        "operator": "群馬バス",
        "ref": "",
        "url": "",
        "url2": ""
      }
    },
    {
      "type": "Feature",
      "geometry": {
        "type": "Point",
        "coordinates": [
          138.8824178,
          36.3847538
        ]
      },
      "properties": {
        "内容": "バス停: 榛名支所前 (群馬バス)",
        "name": "榛名支所前",
        "operator": "群馬バス",
        "ref": "",
        "url": "",
        "url2": ""
      }
    },
    {
      "type": "Feature",
      "geometry": {
        "type": "Point",
        "coordinates": [
          138.8730314,
          36.3878081
        ]
      },
      "properties": {
        "内容": "バス停: 弁才 (群馬バス)",
        "name": "弁才",
        "operator": "群馬バス",
        "ref": "",
        "url": "",
        "url2": ""
      }
    },
    {
      "type": "Feature",
      "geometry": {
        "type": "Point",
        "coordinates": [
          138.8690355,
          36.392297
        ]
      },
      "properties": {
        "内容": "バス停: 中室田 (群馬バス)",
        "name": "中室田",
        "operator": "群馬バス",
        "ref": "",
        "url": "",
        "url2": ""
      }
    },
    {
      "type": "Feature",
      "geometry": {
        "type": "Point",
        "coordinates": [
          138.8590296,
          36.3968121
        ]
      },
      "properties": {
        "内容": "バス停: 榛名荘病院前 (群馬バス)",
        "name": "榛名荘病院前",
        "operator": "群馬バス",
        "ref": "",
        "url": "",
        "url2": ""
      }
    },
    {
      "type": "Feature",
      "geometry": {
        "type": "Point",
        "coordinates": [
          138.8511841,
          36.4003236
        ]
      },
      "properties": {
        "内容": "バス停: はるなくらぶち聖苑前 (群馬バス)",
        "name": "はるなくらぶち聖苑前",
        "operator": "群馬バス",
        "ref": "",
        "url": "",
        "url2": ""
      }
    },
    {
      "type": "Feature",
      "geometry": {
        "type": "Point",
        "coordinates": [
          138.8442566,
          36.4005762
        ]
      },
      "properties": {
        "内容": "バス停: 斉渡坂上 (群馬バス)",
        "name": "斉渡坂上",
        "operator": "群馬バス",
        "ref": "",
        "url": "",
        "url2": ""
      }
    },
    {
      "type": "Feature",
      "geometry": {
        "type": "Point",
        "coordinates": [
          138.847075,
          36.4009534
        ]
      },
      "properties": {
        "内容": "バス停: 分去 (群馬バス)",
        "name": "分去",
        "operator": "群馬バス",
        "ref": "",
        "url": "",
        "url2": ""
      }
    },
    {
      "type": "Feature",
      "geometry": {
        "type": "Point",
        "coordinates": [
          138.8385234,
          36.401532
        ]
      },
      "properties": {
        "内容": "バス停: 斉渡上宿 (群馬バス)",
        "name": "斉渡上宿",
        "operator": "群馬バス",
        "ref": "",
        "url": "",
        "url2": ""
      }
    },
    {
      "type": "Feature",
      "geometry": {
        "type": "Point",
        "coordinates": [
          138.8405512,
          36.4007268
        ]
      },
      "properties": {
        "内容": "バス停: 斉渡 (群馬バス)",
        "name": "斉渡",
        "operator": "群馬バス",
        "ref": "",
        "url": "",
        "url2": ""
      }
    },
    {
      "type": "Feature",
      "geometry": {
        "type": "Point",
        "coordinates": [
          138.8382223,
          36.4033729
        ]
      },
      "properties": {
        "内容": "バス停: 新屋入口 (群馬バス)",
        "name": "新屋入口",
        "operator": "群馬バス",
        "ref": "",
        "url": "",
        "url2": ""
      }
    },
    {
      "type": "Feature",
      "geometry": {
        "type": "Point",
        "coordinates": [
          138.8380327,
          36.4096576
        ]
      },
      "properties": {
        "内容": "バス停: 峰の原 (群馬バス)",
        "name": "峰の原",
        "operator": "群馬バス",
        "ref": "",
        "url": "",
        "url2": ""
      }
    },
    {
      "type": "Feature",
      "geometry": {
        "type": "Point",
        "coordinates": [
          138.8481099,
          36.4538438
        ]
      },
      "properties": {
        "内容": "バス停: 榛名神社 (群馬バス)",
        "name": "榛名神社",
        "operator": "群馬バス",
        "ref": "",
        "url": "",
        "url2": ""
      }
    },
    {
      "type": "Feature",
      "geometry": {
        "type": "Point",
        "coordinates": [
          138.8468255,
          36.4503774
        ]
      },
      "properties": {
        "内容": "バス停: 黒門橋 (群馬バス)",
        "name": "黒門橋",
        "operator": "群馬バス",
        "ref": "",
        "url": "",
        "url2": ""
      }
    },
    {
      "type": "Feature",
      "geometry": {
        "type": "Point",
        "coordinates": [
          138.8431764,
          36.4443178
        ]
      },
      "properties": {
        "内容": "バス停: 下の坊 (群馬バス)",
        "name": "下の坊",
        "operator": "群馬バス",
        "ref": "",
        "url": "",
        "url2": ""
      }
    },
    {
      "type": "Feature",
      "geometry": {
        "type": "Point",
        "coordinates": [
          138.8391101,
          36.4406012
        ]
      },
      "properties": {
        "内容": "バス停: 山の神 (群馬バス)",
        "name": "山の神",
        "operator": "群馬バス",
        "ref": "",
        "url": "",
        "url2": ""
      }
    },
    {
      "type": "Feature",
      "geometry": {
        "type": "Point",
        "coordinates": [
          138.8293831,
          36.4310794
        ]
      },
      "properties": {
        "内容": "バス停: 二軒茶屋 (群馬バス)",
        "name": "二軒茶屋",
        "operator": "群馬バス",
        "ref": "",
        "url": "",
        "url2": ""
      }
    },
    {
      "type": "Feature",
      "geometry": {
        "type": "Point",
        "coordinates": [
          138.8295481,
          36.430855
        ]
      },
      "properties": {
        "内容": "バス停: 二軒茶屋 (群馬バス)",
        "name": "二軒茶屋",
        "operator": "群馬バス",
        "ref": "",
        "url": "",
        "url2": ""
      }
    },
    {
      "type": "Feature",
      "geometry": {
        "type": "Point",
        "coordinates": [
          138.8297465,
          36.4261315
        ]
      },
      "properties": {
        "内容": "バス停: 堀割 (群馬バス)",
        "name": "堀割",
        "operator": "群馬バス",
        "ref": "",
        "url": "",
        "url2": ""
      }
    },
    {
      "type": "Feature",
      "geometry": {
        "type": "Point",
        "coordinates": [
          138.8351217,
          36.4162939
        ]
      },
      "properties": {
        "内容": "バス停: KGカントリークラブ入口 (群馬バス)",
        "name": "KGカントリークラブ入口",
        "operator": "群馬バス",
        "ref": "",
        "url": "",
        "url2": ""
      }
    },
    {
      "type": "Feature",
      "geometry": {
        "type": "Point",
        "coordinates": [
          138.8638428,
          36.4701828
        ]
      },
      "properties": {
        "内容": "バス停: 榛名湖 (群馬バス)",
        "name": "榛名湖",
        "operator": "群馬バス",
        "ref": "",
        "url": "",
        "url2": ""
      }
    },
    {
      "type": "Feature",
      "geometry": {
        "type": "Point",
        "coordinates": [
          138.8591784,
          36.470131
        ]
      },
      "properties": {
        "内容": "バス停: 天神峠 (群馬バス)",
        "name": "天神峠",
        "operator": "群馬バス",
        "ref": "",
        "url": "",
        "url2": ""
      }
    },
    {
      "type": "Feature",
      "geometry": {
        "type": "Point",
        "coordinates": [
          138.8540608,
          36.4637829
        ]
      },
      "properties": {
        "内容": "バス停: 神社裏山 (群馬バス)",
        "name": "神社裏山",
        "operator": "群馬バス",
        "ref": "",
        "url": "",
        "url2": ""
      }
    },
    {
      "type": "Feature",
      "geometry": {
        "type": "Point",
        "coordinates": [
          138.8474498,
          36.4599161
        ]
      },
      "properties": {
        "内容": "バス停: 西沢橋 (群馬バス)",
        "name": "西沢橋",
        "operator": "群馬バス",
        "ref": "",
        "url": "",
        "url2": ""
      }
    },
    {
      "type": "Feature",
      "geometry": {
        "type": "Point",
        "coordinates": [
          138.8483403,
          36.4543368
        ]
      },
      "properties": {
        "内容": "バス停: 四小前 (群馬バス)",
        "name": "四小前",
        "operator": "群馬バス",
        "ref": "",
        "url": "",
        "url2": ""
      }
    },
    {
      "type": "Feature",
      "geometry": {
        "type": "Point",
        "coordinates": [
          138.8772485,
          36.4713335
        ]
      },
      "properties": {
        "内容": "バス停: ロープウェイ前 (群馬バス)",
        "name": "ロープウェイ前",
        "operator": "群馬バス",
        "ref": "",
        "url": "",
        "url2": ""
      }
    },
    {
      "type": "Feature",
      "geometry": {
        "type": "Point",
        "coordinates": [
          138.8772739,
          36.4713971
        ]
      },
      "properties": {
        "内容": "バス停: ロープウェイ前 (群馬バス)",
        "name": "ロープウェイ前",
        "operator": "群馬バス",
        "ref": "",
        "url": "",
        "url2": ""
      }
    },
    {
      "type": "Feature",
      "geometry": {
        "type": "Point",
        "coordinates": [
          138.8966945,
          36.4829918
        ]
      },
      "properties": {
        "内容": "バス停: ヤセオネ峠 (群馬バス)",
        "name": "ヤセオネ峠",
        "operator": "群馬バス",
        "ref": "",
        "url": "",
        "url2": ""
      }
    },
    {
      "type": "Feature",
      "geometry": {
        "type": "Point",
        "coordinates": [
          138.8836804,
          36.471842
        ]
      },
      "properties": {
        "内容": "バス停: 沼の原 (群馬バス)",
        "name": "沼の原",
        "operator": "群馬バス",
        "ref": "",
        "url": "",
        "url2": ""
      }
    },
    {
      "type": "Feature",
      "geometry": {
        "type": "Point",
        "coordinates": [
          138.9051381,
          36.4983775
        ]
      },
      "properties": {
        "内容": "バス停: 長峰公園前 (群馬バス)",
        "name": "長峰公園前",
        "operator": "群馬バス",
        "ref": "",
        "url": "",
        "url2": ""
      }
    },
    {
      "type": "Feature",
      "geometry": {
        "type": "Point",
        "coordinates": [
          138.9035583,
          36.4916975
        ]
      },
      "properties": {
        "内容": "バス停: 伊香保森林自然公園前 (群馬バス)",
        "name": "伊香保森林自然公園前",
        "operator": "群馬バス",
        "ref": "",
        "url": "",
        "url2": ""
      }
    },
    {
      "type": "Feature",
      "geometry": {
        "type": "Point",
        "coordinates": [
          138.9212649,
          36.4996583
        ]
      },
      "properties": {
        "内容": "バス停: 榛名登山口",
        "name": "榛名登山口",
        "operator": "事業者不明",
        "ref": "",
        "url": "",
        "url2": ""
      }
    },
    {
      "type": "Feature",
      "geometry": {
        "type": "Point",
        "coordinates": [
          138.918985,
          36.4996151
        ]
      },
      "properties": {
        "内容": "バス停: 八千代坂下",
        "name": "八千代坂下",
        "operator": "事業者不明",
        "ref": "",
        "url": "",
        "url2": ""
      }
    },
    {
      "type": "Feature",
      "geometry": {
        "type": "Point",
        "coordinates": [
          139.0805506,
          36.2407263
        ]
      },
      "properties": {
        "内容": "バス停: 諏訪神社前 (日本中央バス)",
        "name": "諏訪神社前",
        "operator": "日本中央バス",
        "ref": "",
        "url": "",
        "url2": ""
      }
    },
    {
      "type": "Feature",
      "geometry": {
        "type": "Point",
        "coordinates": [
          139.0806677,
          36.2409015
        ]
      },
      "properties": {
        "内容": "バス停: 諏訪神社前 (日本中央バス)",
        "name": "諏訪神社前",
        "operator": "日本中央バス",
        "ref": "",
        "url": "",
        "url2": ""
      }
    },
    {
      "type": "Feature",
      "geometry": {
        "type": "Point",
        "coordinates": [
          138.9503843,
          36.3585223
        ]
      },
      "properties": {
        "内容": "バス停: 本郷町 (高崎市コミュニティバス)",
        "name": "本郷町",
        "operator": "高崎市コミュニティバス",
        "ref": "",
        "url": "",
        "url2": ""
      }
    },
    {
      "type": "Feature",
      "geometry": {
        "type": "Point",
        "coordinates": [
          138.9504003,
          36.3585196
        ]
      },
      "properties": {
        "内容": "バス停: 本郷 (群馬バス)",
        "name": "本郷",
        "operator": "群馬バス",
        "ref": "",
        "url": "",
        "url2": ""
      }
    },
    {
      "type": "Feature",
      "geometry": {
        "type": "Point",
        "coordinates": [
          138.9388749,
          36.3659584
        ]
      },
      "properties": {
        "内容": "バス停: 細谷医院前 (高崎市コミュニティバス)",
        "name": "細谷医院前",
        "operator": "高崎市コミュニティバス",
        "ref": "",
        "url": "",
        "url2": ""
      }
    },
    {
      "type": "Feature",
      "geometry": {
        "type": "Point",
        "coordinates": [
          138.944537,
          36.3620442
        ]
      },
      "properties": {
        "内容": "バス停: 本郷保育園前 (高崎市コミュニティバス)",
        "name": "本郷保育園前",
        "operator": "高崎市コミュニティバス",
        "ref": "",
        "url": "",
        "url2": ""
      }
    },
    {
      "type": "Feature",
      "geometry": {
        "type": "Point",
        "coordinates": [
          138.9445478,
          36.3620339
        ]
      },
      "properties": {
        "内容": "バス停: 岐島屋前 (群馬バス)",
        "name": "岐島屋前",
        "operator": "群馬バス",
        "ref": "",
        "url": "",
        "url2": ""
      }
    },
    {
      "type": "Feature",
      "geometry": {
        "type": "Point",
        "coordinates": [
          138.9387757,
          36.3659509
        ]
      },
      "properties": {
        "内容": "バス停: 細谷医院前 (群馬バス;高崎市コミュニティバス)",
        "name": "細谷医院前",
        "operator": "群馬バス;高崎市コミュニティバス",
        "ref": "",
        "url": "",
        "url2": ""
      }
    },
    {
      "type": "Feature",
      "geometry": {
        "type": "Point",
        "coordinates": [
          138.9337465,
          36.3671679
        ]
      },
      "properties": {
        "内容": "バス停: 久留馬小学校入口 (群馬バス;高崎市コミュニティバス)",
        "name": "久留馬小学校入口",
        "operator": "群馬バス;高崎市コミュニティバス",
        "ref": "",
        "url": "",
        "url2": ""
      }
    },
    {
      "type": "Feature",
      "geometry": {
        "type": "Point",
        "coordinates": [
          138.9357126,
          36.3678828
        ]
      },
      "properties": {
        "内容": "バス停: ドドメキ (群馬バス)",
        "name": "ドドメキ",
        "operator": "群馬バス",
        "ref": "",
        "url": "",
        "url2": ""
      }
    },
    {
      "type": "Feature",
      "geometry": {
        "type": "Point",
        "coordinates": [
          138.7414414,
          36.4633306
        ]
      },
      "properties": {
        "内容": "バス停: 名称不明バス停",
        "name": "名称不明バス停",
        "operator": "事業者不明",
        "ref": "",
        "url": "",
        "url2": ""
      }
    },
    {
      "type": "Feature",
      "geometry": {
        "type": "Point",
        "coordinates": [
          138.7427671,
          36.4620724
        ]
      },
      "properties": {
        "内容": "バス停: 名称不明バス停",
        "name": "名称不明バス停",
        "operator": "事業者不明",
        "ref": "",
        "url": "",
        "url2": ""
      }
    },
    {
      "type": "Feature",
      "geometry": {
        "type": "Point",
        "coordinates": [
          139.5311764,
          36.2713238
        ]
      },
      "properties": {
        "内容": "バス停: 渡瀬公民館 (館林市外四町広域公共路線バス)",
        "name": "渡瀬公民館",
        "operator": "館林市外四町広域公共路線バス",
        "ref": "",
        "url": "",
        "url2": ""
      }
    },
    {
      "type": "Feature",
      "geometry": {
        "type": "Point",
        "coordinates": [
          139.5486429,
          36.2620895
        ]
      },
      "properties": {
        "内容": "バス停: 北部工業団地東 (館林市外四町広域公共路線バス)",
        "name": "北部工業団地東",
        "operator": "館林市外四町広域公共路線バス",
        "ref": "",
        "url": "",
        "url2": ""
      }
    },
    {
      "type": "Feature",
      "geometry": {
        "type": "Point",
        "coordinates": [
          139.5488173,
          36.2620095
        ]
      },
      "properties": {
        "内容": "バス停: 北部工業団地東 (館林市外四町広域公共路線バス)",
        "name": "北部工業団地東",
        "operator": "館林市外四町広域公共路線バス",
        "ref": "",
        "url": "",
        "url2": ""
      }
    },
    {
      "type": "Feature",
      "geometry": {
        "type": "Point",
        "coordinates": [
          139.5459071,
          36.2601712
        ]
      },
      "properties": {
        "内容": "バス停: 北部工業団地南 (館林市外四町広域公共路線バス)",
        "name": "北部工業団地南",
        "operator": "館林市外四町広域公共路線バス",
        "ref": "",
        "url": "",
        "url2": ""
      }
    },
    {
      "type": "Feature",
      "geometry": {
        "type": "Point",
        "coordinates": [
          139.5454538,
          36.2601712
        ]
      },
      "properties": {
        "内容": "バス停: 北部工業団地南 (館林市外四町広域公共路線バス)",
        "name": "北部工業団地南",
        "operator": "館林市外四町広域公共路線バス",
        "ref": "",
        "url": "",
        "url2": ""
      }
    },
    {
      "type": "Feature",
      "geometry": {
        "type": "Point",
        "coordinates": [
          139.3253356,
          36.258588
        ]
      },
      "properties": {
        "内容": "バス停: 尾島一丁目 (太田市営バス)",
        "name": "尾島一丁目",
        "operator": "太田市営バス",
        "ref": "",
        "url": "",
        "url2": ""
      }
    },
    {
      "type": "Feature",
      "geometry": {
        "type": "Point",
        "coordinates": [
          139.3257272,
          36.2587091
        ]
      },
      "properties": {
        "内容": "バス停: 尾島一丁目 (太田市営バス)",
        "name": "尾島一丁目",
        "operator": "太田市営バス",
        "ref": "",
        "url": "",
        "url2": ""
      }
    },
    {
      "type": "Feature",
      "geometry": {
        "type": "Point",
        "coordinates": [
          139.330346,
          36.2584799
        ]
      },
      "properties": {
        "内容": "バス停: 三菱電機前 (太田市営バス)",
        "name": "三菱電機前",
        "operator": "太田市営バス",
        "ref": "",
        "url": "",
        "url2": ""
      }
    },
    {
      "type": "Feature",
      "geometry": {
        "type": "Point",
        "coordinates": [
          139.3303621,
          36.2586053
        ]
      },
      "properties": {
        "内容": "バス停: 三菱電機前 (太田市営バス)",
        "name": "三菱電機前",
        "operator": "太田市営バス",
        "ref": "",
        "url": "",
        "url2": ""
      }
    },
    {
      "type": "Feature",
      "geometry": {
        "type": "Point",
        "coordinates": [
          139.3385482,
          36.2591503
        ]
      },
      "properties": {
        "内容": "バス停: 備前島入口 (太田市営バス)",
        "name": "備前島入口",
        "operator": "太田市営バス",
        "ref": "",
        "url": "",
        "url2": ""
      }
    },
    {
      "type": "Feature",
      "geometry": {
        "type": "Point",
        "coordinates": [
          139.3386313,
          36.2592715
        ]
      },
      "properties": {
        "内容": "バス停: 備前島入口 (太田市営バス)",
        "name": "備前島入口",
        "operator": "太田市営バス",
        "ref": "",
        "url": "",
        "url2": ""
      }
    },
    {
      "type": "Feature",
      "geometry": {
        "type": "Point",
        "coordinates": [
          139.3426667,
          36.2582831
        ]
      },
      "properties": {
        "内容": "バス停: 尾島温泉利根の湯 (太田市営バス)",
        "name": "尾島温泉利根の湯",
        "operator": "太田市営バス",
        "ref": "",
        "url": "",
        "url2": ""
      }
    },
    {
      "type": "Feature",
      "geometry": {
        "type": "Point",
        "coordinates": [
          139.3502426,
          36.2605172
        ]
      },
      "properties": {
        "内容": "バス停: 富沢団地南 (太田市営バス)",
        "name": "富沢団地南",
        "operator": "太田市営バス",
        "ref": "",
        "url": "",
        "url2": ""
      }
    },
    {
      "type": "Feature",
      "geometry": {
        "type": "Point",
        "coordinates": [
          139.3501621,
          36.2606383
        ]
      },
      "properties": {
        "内容": "バス停: 富沢団地南 (太田市営バス)",
        "name": "富沢団地南",
        "operator": "太田市営バス",
        "ref": "",
        "url": "",
        "url2": ""
      }
    },
    {
      "type": "Feature",
      "geometry": {
        "type": "Point",
        "coordinates": [
          139.356873,
          36.2608546
        ]
      },
      "properties": {
        "内容": "バス停: 牛沢十字路 (太田市営バス)",
        "name": "牛沢十字路",
        "operator": "太田市営バス",
        "ref": "",
        "url": "",
        "url2": ""
      }
    },
    {
      "type": "Feature",
      "geometry": {
        "type": "Point",
        "coordinates": [
          139.356865,
          36.2609498
        ]
      },
      "properties": {
        "内容": "バス停: 牛沢十字路 (太田市営バス)",
        "name": "牛沢十字路",
        "operator": "太田市営バス",
        "ref": "",
        "url": "",
        "url2": ""
      }
    },
    {
      "type": "Feature",
      "geometry": {
        "type": "Point",
        "coordinates": [
          139.3597162,
          36.258322
        ]
      },
      "properties": {
        "内容": "バス停: 牛沢団地北 (太田市営バス)",
        "name": "牛沢団地北",
        "operator": "太田市営バス",
        "ref": "",
        "url": "",
        "url2": ""
      }
    },
    {
      "type": "Feature",
      "geometry": {
        "type": "Point",
        "coordinates": [
          139.3597108,
          36.2583998
        ]
      },
      "properties": {
        "内容": "バス停: 牛沢団地北 (太田市営バス)",
        "name": "牛沢団地北",
        "operator": "太田市営バス",
        "ref": "",
        "url": "",
        "url2": ""
      }
    },
    {
      "type": "Feature",
      "geometry": {
        "type": "Point",
        "coordinates": [
          139.3621194,
          36.2546364
        ]
      },
      "properties": {
        "内容": "バス停: 西町集会所前 (太田市営バス)",
        "name": "西町集会所前",
        "operator": "太田市営バス",
        "ref": "",
        "url": "",
        "url2": ""
      }
    },
    {
      "type": "Feature",
      "geometry": {
        "type": "Point",
        "coordinates": [
          139.3621087,
          36.2547165
        ]
      },
      "properties": {
        "内容": "バス停: 西町集会所前 (太田市営バス)",
        "name": "西町集会所前",
        "operator": "太田市営バス",
        "ref": "",
        "url": "",
        "url2": ""
      }
    },
    {
      "type": "Feature",
      "geometry": {
        "type": "Point",
        "coordinates": [
          139.3652308,
          36.2539465
        ]
      },
      "properties": {
        "内容": "バス停: 高林西町 (太田市営バス)",
        "name": "高林西町",
        "operator": "太田市営バス",
        "ref": "",
        "url": "",
        "url2": ""
      }
    },
    {
      "type": "Feature",
      "geometry": {
        "type": "Point",
        "coordinates": [
          139.3653864,
          36.2539854
        ]
      },
      "properties": {
        "内容": "バス停: 高林西町 (太田市営バス)",
        "name": "高林西町",
        "operator": "太田市営バス",
        "ref": "",
        "url": "",
        "url2": ""
      }
    },
    {
      "type": "Feature",
      "geometry": {
        "type": "Point",
        "coordinates": [
          139.3646327,
          36.2567842
        ]
      },
      "properties": {
        "内容": "バス停: 県立がんセンター (太田市営バス)",
        "name": "県立がんセンター",
        "operator": "太田市営バス",
        "ref": "",
        "url": "",
        "url2": ""
      }
    },
    {
      "type": "Feature",
      "geometry": {
        "type": "Point",
        "coordinates": [
          139.3668374,
          36.2601063
        ]
      },
      "properties": {
        "内容": "バス停: 県立がんセンター入口 (太田市営バス)",
        "name": "県立がんセンター入口",
        "operator": "太田市営バス",
        "ref": "",
        "url": "",
        "url2": ""
      }
    },
    {
      "type": "Feature",
      "geometry": {
        "type": "Point",
        "coordinates": [
          139.3669447,
          36.2601301
        ]
      },
      "properties": {
        "内容": "バス停: 県立がんセンター入口 (太田市営バス)",
        "name": "県立がんセンター入口",
        "operator": "太田市営バス",
        "ref": "",
        "url": "",
        "url2": ""
      }
    },
    {
      "type": "Feature",
      "geometry": {
        "type": "Point",
        "coordinates": [
          139.3703645,
          36.260474
        ]
      },
      "properties": {
        "内容": "バス停: 高林南町 (太田市営バス)",
        "name": "高林南町",
        "operator": "太田市営バス",
        "ref": "",
        "url": "",
        "url2": ""
      }
    },
    {
      "type": "Feature",
      "geometry": {
        "type": "Point",
        "coordinates": [
          139.3704504,
          36.2605886
        ]
      },
      "properties": {
        "内容": "バス停: 高林南町 (太田市営バス)",
        "name": "高林南町",
        "operator": "太田市営バス",
        "ref": "",
        "url": "",
        "url2": ""
      }
    },
    {
      "type": "Feature",
      "geometry": {
        "type": "Point",
        "coordinates": [
          139.375045,
          36.2621068
        ]
      },
      "properties": {
        "内容": "バス停: 堀江病院前 (太田市営バス)",
        "name": "堀江病院前",
        "operator": "太田市営バス",
        "ref": "",
        "url": "",
        "url2": ""
      }
    },
    {
      "type": "Feature",
      "geometry": {
        "type": "Point",
        "coordinates": [
          139.3758282,
          36.262189
        ]
      },
      "properties": {
        "内容": "バス停: 堀江病院前 (太田市営バス)",
        "name": "堀江病院前",
        "operator": "太田市営バス",
        "ref": "",
        "url": "",
        "url2": ""
      }
    },
    {
      "type": "Feature",
      "geometry": {
        "type": "Point",
        "coordinates": [
          139.3790737,
          36.2597473
        ]
      },
      "properties": {
        "内容": "バス停: 末広町北 (太田市営バス)",
        "name": "末広町北",
        "operator": "太田市営バス",
        "ref": "",
        "url": "",
        "url2": ""
      }
    },
    {
      "type": "Feature",
      "geometry": {
        "type": "Point",
        "coordinates": [
          139.3792883,
          36.2598468
        ]
      },
      "properties": {
        "内容": "バス停: 末広町北 (太田市営バス)",
        "name": "末広町北",
        "operator": "太田市営バス",
        "ref": "",
        "url": "",
        "url2": ""
      }
    },
    {
      "type": "Feature",
      "geometry": {
        "type": "Point",
        "coordinates": [
          139.3820617,
          36.2624421
        ]
      },
      "properties": {
        "内容": "バス停: 南矢島町 (太田市営バス)",
        "name": "南矢島町",
        "operator": "太田市営バス",
        "ref": "",
        "url": "",
        "url2": ""
      }
    },
    {
      "type": "Feature",
      "geometry": {
        "type": "Point",
        "coordinates": [
          139.3819597,
          36.2626648
        ]
      },
      "properties": {
        "内容": "バス停: 南矢島町 (太田市営バス)",
        "name": "南矢島町",
        "operator": "太田市営バス",
        "ref": "",
        "url": "",
        "url2": ""
      }
    },
    {
      "type": "Feature",
      "geometry": {
        "type": "Point",
        "coordinates": [
          139.3824372,
          36.2696349
        ]
      },
      "properties": {
        "内容": "バス停: 東矢島町 (太田市営バス)",
        "name": "東矢島町",
        "operator": "太田市営バス",
        "ref": "",
        "url": "",
        "url2": ""
      }
    },
    {
      "type": "Feature",
      "geometry": {
        "type": "Point",
        "coordinates": [
          139.3822199,
          36.2693213
        ]
      },
      "properties": {
        "内容": "バス停: 東矢島町 (太田市営バス)",
        "name": "東矢島町",
        "operator": "太田市営バス",
        "ref": "",
        "url": "",
        "url2": ""
      }
    },
    {
      "type": "Feature",
      "geometry": {
        "type": "Point",
        "coordinates": [
          139.2745694,
          36.2607227
        ]
      },
      "properties": {
        "内容": "バス停: 尾島歴史公園 (太田市営バス)",
        "name": "尾島歴史公園",
        "operator": "太田市営バス",
        "ref": "",
        "url": "",
        "url2": ""
      }
    },
    {
      "type": "Feature",
      "geometry": {
        "type": "Point",
        "coordinates": [
          139.2709109,
          36.2633893
        ]
      },
      "properties": {
        "内容": "バス停: 今井 (太田市営バス)",
        "name": "今井",
        "operator": "太田市営バス",
        "ref": "",
        "url": "",
        "url2": ""
      }
    },
    {
      "type": "Feature",
      "geometry": {
        "type": "Point",
        "coordinates": [
          139.2707902,
          36.2634023
        ]
      },
      "properties": {
        "内容": "バス停: 今井 (太田市営バス)",
        "name": "今井",
        "operator": "太田市営バス",
        "ref": "",
        "url": "",
        "url2": ""
      }
    },
    {
      "type": "Feature",
      "geometry": {
        "type": "Point",
        "coordinates": [
          139.274776,
          36.2662591
        ]
      },
      "properties": {
        "内容": "バス停: 世良田上町 (太田市営バス)",
        "name": "世良田上町",
        "operator": "太田市営バス",
        "ref": "",
        "url": "",
        "url2": ""
      }
    },
    {
      "type": "Feature",
      "geometry": {
        "type": "Point",
        "coordinates": [
          139.2748833,
          36.2663154
        ]
      },
      "properties": {
        "内容": "バス停: 世良田上町 (太田市営バス)",
        "name": "世良田上町",
        "operator": "太田市営バス",
        "ref": "",
        "url": "",
        "url2": ""
      }
    },
    {
      "type": "Feature",
      "geometry": {
        "type": "Point",
        "coordinates": [
          139.2806742,
          36.2646177
        ]
      },
      "properties": {
        "内容": "バス停: 世良田交差点東 (太田市営バス)",
        "name": "世良田交差点東",
        "operator": "太田市営バス",
        "ref": "",
        "url": "",
        "url2": ""
      }
    },
    {
      "type": "Feature",
      "geometry": {
        "type": "Point",
        "coordinates": [
          139.2806473,
          36.2647085
        ]
      },
      "properties": {
        "内容": "バス停: 世良田交差点東 (太田市営バス)",
        "name": "世良田交差点東",
        "operator": "太田市営バス",
        "ref": "",
        "url": "",
        "url2": ""
      }
    },
    {
      "type": "Feature",
      "geometry": {
        "type": "Point",
        "coordinates": [
          139.2842388,
          36.2637224
        ]
      },
      "properties": {
        "内容": "バス停: 世良田下町 (太田市営バス)",
        "name": "世良田下町",
        "operator": "太田市営バス",
        "ref": "",
        "url": "",
        "url2": ""
      }
    },
    {
      "type": "Feature",
      "geometry": {
        "type": "Point",
        "coordinates": [
          139.2845875,
          36.2637397
        ]
      },
      "properties": {
        "内容": "バス停: 世良田下町 (太田市営バス)",
        "name": "世良田下町",
        "operator": "太田市営バス",
        "ref": "",
        "url": "",
        "url2": ""
      }
    },
    {
      "type": "Feature",
      "geometry": {
        "type": "Point",
        "coordinates": [
          139.2940584,
          36.262122
        ]
      },
      "properties": {
        "内容": "バス停: 出塚新田西 (太田市営バス)",
        "name": "出塚新田西",
        "operator": "太田市営バス",
        "ref": "",
        "url": "",
        "url2": ""
      }
    },
    {
      "type": "Feature",
      "geometry": {
        "type": "Point",
        "coordinates": [
          139.2940798,
          36.2622063
        ]
      },
      "properties": {
        "内容": "バス停: 出塚新田西 (太田市営バス)",
        "name": "出塚新田西",
        "operator": "太田市営バス",
        "ref": "",
        "url": "",
        "url2": ""
      }
    },
    {
      "type": "Feature",
      "geometry": {
        "type": "Point",
        "coordinates": [
          139.3010616,
          36.2621566
        ]
      },
      "properties": {
        "内容": "バス停: 尾島庁舎前 (太田市営バス)",
        "name": "尾島庁舎前",
        "operator": "太田市営バス",
        "ref": "",
        "url": "",
        "url2": ""
      }
    },
    {
      "type": "Feature",
      "geometry": {
        "type": "Point",
        "coordinates": [
          139.311077,
          36.2594229
        ]
      },
      "properties": {
        "内容": "バス停: 粕川住宅入口 (太田市営バス)",
        "name": "粕川住宅入口",
        "operator": "太田市営バス",
        "ref": "",
        "url": "",
        "url2": ""
      }
    },
    {
      "type": "Feature",
      "geometry": {
        "type": "Point",
        "coordinates": [
          139.3112272,
          36.2595094
        ]
      },
      "properties": {
        "内容": "バス停: 粕川住宅入口 (太田市営バス)",
        "name": "粕川住宅入口",
        "operator": "太田市営バス",
        "ref": "",
        "url": "",
        "url2": ""
      }
    },
    {
      "type": "Feature",
      "geometry": {
        "type": "Point",
        "coordinates": [
          139.3195528,
          36.2588216
        ]
      },
      "properties": {
        "内容": "バス停: 尾島上町 (太田市営バス)",
        "name": "尾島上町",
        "operator": "太田市営バス",
        "ref": "",
        "url": "",
        "url2": ""
      }
    },
    {
      "type": "Feature",
      "geometry": {
        "type": "Point",
        "coordinates": [
          139.3194133,
          36.2587243
        ]
      },
      "properties": {
        "内容": "バス停: 尾島上町 (太田市営バス)",
        "name": "尾島上町",
        "operator": "太田市営バス",
        "ref": "",
        "url": "",
        "url2": ""
      }
    },
    {
      "type": "Feature",
      "geometry": {
        "type": "Point",
        "coordinates": [
          139.3220606,
          36.2586637
        ]
      },
      "properties": {
        "内容": "バス停: 尾島三丁目 (太田市営バス)",
        "name": "尾島三丁目",
        "operator": "太田市営バス",
        "ref": "",
        "url": "",
        "url2": ""
      }
    },
    {
      "type": "Feature",
      "geometry": {
        "type": "Point",
        "coordinates": [
          139.3216288,
          36.2587956
        ]
      },
      "properties": {
        "内容": "バス停: 尾島三丁目 (太田市営バス)",
        "name": "尾島三丁目",
        "operator": "太田市営バス",
        "ref": "",
        "url": "",
        "url2": ""
      }
    },
    {
      "type": "Feature",
      "geometry": {
        "type": "Point",
        "coordinates": [
          139.5818728,
          36.2633807
        ]
      },
      "properties": {
        "内容": "バス停: 大島公民館 (館林市外四町広域公共路線バス)",
        "name": "大島公民館",
        "operator": "館林市外四町広域公共路線バス",
        "ref": "",
        "url": "",
        "url2": ""
      }
    },
    {
      "type": "Feature",
      "geometry": {
        "type": "Point",
        "coordinates": [
          139.5595863,
          36.2461443
        ]
      },
      "properties": {
        "内容": "バス停: 郷谷公民館 (館林市外四町広域公共路線バス)",
        "name": "郷谷公民館",
        "operator": "館林市外四町広域公共路線バス",
        "ref": "",
        "url": "",
        "url2": ""
      }
    },
    {
      "type": "Feature",
      "geometry": {
        "type": "Point",
        "coordinates": [
          139.5599565,
          36.246166
        ]
      },
      "properties": {
        "内容": "バス停: 郷谷公民館 (館林市外四町広域公共路線バス)",
        "name": "郷谷公民館",
        "operator": "館林市外四町広域公共路線バス",
        "ref": "",
        "url": "",
        "url2": ""
      }
    },
    {
      "type": "Feature",
      "geometry": {
        "type": "Point",
        "coordinates": [
          139.4713551,
          36.2022242
        ]
      },
      "properties": {
        "内容": "バス停: ジョイフル本田千代田店南 (館林市外四町広域公共路線バス)",
        "name": "ジョイフル本田千代田店南",
        "operator": "館林市外四町広域公共路線バス",
        "ref": "",
        "url": "",
        "url2": ""
      }
    },
    {
      "type": "Feature",
      "geometry": {
        "type": "Point",
        "coordinates": [
          139.4715026,
          36.2021971
        ]
      },
      "properties": {
        "内容": "バス停: ジョイフル本田千代田店南 (館林市外四町広域公共路線バス)",
        "name": "ジョイフル本田千代田店南",
        "operator": "館林市外四町広域公共路線バス",
        "ref": "",
        "url": "",
        "url2": ""
      }
    },
    {
      "type": "Feature",
      "geometry": {
        "type": "Point",
        "coordinates": [
          139.4983877,
          36.2001669
        ]
      },
      "properties": {
        "内容": "バス停: 大輪 (館林市外四町広域公共路線バス)",
        "name": "大輪",
        "operator": "館林市外四町広域公共路線バス",
        "ref": "",
        "url": "",
        "url2": ""
      }
    },
    {
      "type": "Feature",
      "geometry": {
        "type": "Point",
        "coordinates": [
          139.4983569,
          36.2000771
        ]
      },
      "properties": {
        "内容": "バス停: 大輪 (館林市外四町広域公共路線バス)",
        "name": "大輪",
        "operator": "館林市外四町広域公共路線バス",
        "ref": "",
        "url": "",
        "url2": ""
      }
    },
    {
      "type": "Feature",
      "geometry": {
        "type": "Point",
        "coordinates": [
          139.5104027,
          36.2130064
        ]
      },
      "properties": {
        "内容": "バス停: コストコ群馬明和倉庫店前 (館林市外四町広域公共路線バス)",
        "name": "コストコ群馬明和倉庫店前",
        "operator": "館林市外四町広域公共路線バス",
        "ref": "",
        "url": "",
        "url2": ""
      }
    },
    {
      "type": "Feature",
      "geometry": {
        "type": "Point",
        "coordinates": [
          139.527837,
          36.2080332
        ]
      },
      "properties": {
        "内容": "バス停: JA明和支所前 (館林市外四町広域公共路線バス)",
        "name": "JA明和支所前",
        "operator": "館林市外四町広域公共路線バス",
        "ref": "",
        "url": "",
        "url2": ""
      }
    },
    {
      "type": "Feature",
      "geometry": {
        "type": "Point",
        "coordinates": [
          139.5278451,
          36.2079466
        ]
      },
      "properties": {
        "内容": "バス停: JA明和支所前 (館林市外四町広域公共路線バス)",
        "name": "JA明和支所前",
        "operator": "館林市外四町広域公共路線バス",
        "ref": "",
        "url": "",
        "url2": ""
      }
    },
    {
      "type": "Feature",
      "geometry": {
        "type": "Point",
        "coordinates": [
          139.5350575,
          36.2095784
        ]
      },
      "properties": {
        "内容": "バス停: ケンゾーメイワ店前 (館林市外四町広域公共路線バス)",
        "name": "ケンゾーメイワ店前",
        "operator": "館林市外四町広域公共路線バス",
        "ref": "",
        "url": "",
        "url2": ""
      }
    },
    {
      "type": "Feature",
      "geometry": {
        "type": "Point",
        "coordinates": [
          139.5349583,
          36.2096238
        ]
      },
      "properties": {
        "内容": "バス停: ケンゾーメイワ店前 (館林市外四町広域公共路線バス)",
        "name": "ケンゾーメイワ店前",
        "operator": "館林市外四町広域公共路線バス",
        "ref": "",
        "url": "",
        "url2": ""
      }
    },
    {
      "type": "Feature",
      "geometry": {
        "type": "Point",
        "coordinates": [
          139.3008819,
          36.3031985
        ]
      },
      "properties": {
        "内容": "バス停: ジョイフル本田西 (太田市営バス)",
        "name": "ジョイフル本田西",
        "operator": "太田市営バス",
        "ref": "",
        "url": "",
        "url2": ""
      }
    },
    {
      "type": "Feature",
      "geometry": {
        "type": "Point",
        "coordinates": [
          139.2012026,
          36.8889571
        ]
      },
      "properties": {
        "内容": "バス停: 鳩待峠 (関越交通)",
        "name": "鳩待峠",
        "operator": "関越交通",
        "ref": "",
        "url": "",
        "url2": ""
      }
    },
    {
      "type": "Feature",
      "geometry": {
        "type": "Point",
        "coordinates": [
          139.2485937,
          36.8390323
        ]
      },
      "properties": {
        "内容": "バス停: 戸倉(乗合バス)",
        "name": "戸倉(乗合バス)",
        "operator": "事業者不明",
        "ref": "",
        "url": "",
        "url2": ""
      }
    },
    {
      "type": "Feature",
      "geometry": {
        "type": "Point",
        "coordinates": [
          139.2451576,
          36.8392078
        ]
      },
      "properties": {
        "内容": "バス停: 尾瀬第2駐車場",
        "name": "尾瀬第2駐車場",
        "operator": "事業者不明",
        "ref": "",
        "url": "",
        "url2": ""
      }
    },
    {
      "type": "Feature",
      "geometry": {
        "type": "Point",
        "coordinates": [
          139.2505828,
          36.8383538
        ]
      },
      "properties": {
        "内容": "バス停: 尾瀬第1駐車場",
        "name": "尾瀬第1駐車場",
        "operator": "事業者不明",
        "ref": "",
        "url": "",
        "url2": ""
      }
    },
    {
      "type": "Feature",
      "geometry": {
        "type": "Point",
        "coordinates": [
          139.2483707,
          36.8387995
        ]
      },
      "properties": {
        "内容": "バス停: 戸倉(高速バス)",
        "name": "戸倉(高速バス)",
        "operator": "事業者不明",
        "ref": "",
        "url": "",
        "url2": ""
      }
    },
    {
      "type": "Feature",
      "geometry": {
        "type": "Point",
        "coordinates": [
          139.2476139,
          36.8384285
        ]
      },
      "properties": {
        "内容": "バス停: 戸倉中",
        "name": "戸倉中",
        "operator": "事業者不明",
        "ref": "",
        "url": "",
        "url2": ""
      }
    },
    {
      "type": "Feature",
      "geometry": {
        "type": "Point",
        "coordinates": [
          139.2475979,
          36.8385221
        ]
      },
      "properties": {
        "内容": "バス停: 戸倉中",
        "name": "戸倉中",
        "operator": "事業者不明",
        "ref": "",
        "url": "",
        "url2": ""
      }
    },
    {
      "type": "Feature",
      "geometry": {
        "type": "Point",
        "coordinates": [
          139.2472082,
          36.8389591
        ]
      },
      "properties": {
        "内容": "バス停: 戸倉上",
        "name": "戸倉上",
        "operator": "事業者不明",
        "ref": "",
        "url": "",
        "url2": ""
      }
    },
    {
      "type": "Feature",
      "geometry": {
        "type": "Point",
        "coordinates": [
          139.2471486,
          36.8390328
        ]
      },
      "properties": {
        "内容": "バス停: 戸倉上",
        "name": "戸倉上",
        "operator": "事業者不明",
        "ref": "",
        "url": "",
        "url2": ""
      }
    },
    {
      "type": "Feature",
      "geometry": {
        "type": "Point",
        "coordinates": [
          139.1740228,
          36.3255499
        ]
      },
      "properties": {
        "内容": "バス停: 伊勢崎市民病院北",
        "name": "伊勢崎市民病院北",
        "operator": "事業者不明",
        "ref": "",
        "url": "",
        "url2": ""
      }
    },
    {
      "type": "Feature",
      "geometry": {
        "type": "Point",
        "coordinates": [
          139.0117077,
          36.3218147
        ]
      },
      "properties": {
        "内容": "バス停: 名称不明バス停",
        "name": "名称不明バス停",
        "operator": "事業者不明",
        "ref": "",
        "url": "",
        "url2": ""
      }
    },
    {
      "type": "Feature",
      "geometry": {
        "type": "Point",
        "coordinates": [
          139.008049,
          36.3790239
        ]
      },
      "properties": {
        "内容": "バス停: 棟高東 (関越交通株式会社)",
        "name": "棟高東",
        "operator": "関越交通株式会社",
        "ref": "",
        "url": "",
        "url2": ""
      }
    },
    {
      "type": "Feature",
      "geometry": {
        "type": "Point",
        "coordinates": [
          139.0081,
          36.3791257
        ]
      },
      "properties": {
        "内容": "バス停: 棟高東 (関越交通株式会社)",
        "name": "棟高東",
        "operator": "関越交通株式会社",
        "ref": "",
        "url": "",
        "url2": ""
      }
    },
    {
      "type": "Feature",
      "geometry": {
        "type": "Point",
        "coordinates": [
          139.0093514,
          36.3786891
        ]
      },
      "properties": {
        "内容": "バス停: 棟高東",
        "name": "棟高東",
        "operator": "事業者不明",
        "ref": "",
        "url": "",
        "url2": ""
      }
    },
    {
      "type": "Feature",
      "geometry": {
        "type": "Point",
        "coordinates": [
          139.0095843,
          36.3787365
        ]
      },
      "properties": {
        "内容": "バス停: 棟高東",
        "name": "棟高東",
        "operator": "事業者不明",
        "ref": "",
        "url": "",
        "url2": ""
      }
    },
    {
      "type": "Feature",
      "geometry": {
        "type": "Point",
        "coordinates": [
          139.0870674,
          36.3858597
        ]
      },
      "properties": {
        "内容": "バス停: ココルンシティ",
        "name": "ココルンシティ",
        "operator": "事業者不明",
        "ref": "",
        "url": "",
        "url2": ""
      }
    },
    {
      "type": "Feature",
      "geometry": {
        "type": "Point",
        "coordinates": [
          139.0871991,
          36.3858413
        ]
      },
      "properties": {
        "内容": "バス停: ココルンシティ",
        "name": "ココルンシティ",
        "operator": "事業者不明",
        "ref": "",
        "url": "",
        "url2": ""
      }
    },
    {
      "type": "Feature",
      "geometry": {
        "type": "Point",
        "coordinates": [
          139.0849281,
          36.3788344
        ]
      },
      "properties": {
        "内容": "バス停: 天川小学校",
        "name": "天川小学校",
        "operator": "事業者不明",
        "ref": "",
        "url": "",
        "url2": ""
      }
    },
    {
      "type": "Feature",
      "geometry": {
        "type": "Point",
        "coordinates": [
          139.0848165,
          36.3788511
        ]
      },
      "properties": {
        "内容": "バス停: 天川小学校",
        "name": "天川小学校",
        "operator": "事業者不明",
        "ref": "",
        "url": "",
        "url2": ""
      }
    },
    {
      "type": "Feature",
      "geometry": {
        "type": "Point",
        "coordinates": [
          139.0848447,
          36.3771612
        ]
      },
      "properties": {
        "内容": "バス停: 生涯学習センター前",
        "name": "生涯学習センター前",
        "operator": "事業者不明",
        "ref": "東20",
        "url": "",
        "url2": ""
      }
    },
    {
      "type": "Feature",
      "geometry": {
        "type": "Point",
        "coordinates": [
          139.0847064,
          36.3768183
        ]
      },
      "properties": {
        "内容": "バス停: 生涯学習センター前",
        "name": "生涯学習センター前",
        "operator": "事業者不明",
        "ref": "東20",
        "url": "",
        "url2": ""
      }
    },
    {
      "type": "Feature",
      "geometry": {
        "type": "Point",
        "coordinates": [
          139.0846907,
          36.3742055
        ]
      },
      "properties": {
        "内容": "バス停: 天川原一自治会館入口",
        "name": "天川原一自治会館入口",
        "operator": "事業者不明",
        "ref": "東21",
        "url": "",
        "url2": ""
      }
    },
    {
      "type": "Feature",
      "geometry": {
        "type": "Point",
        "coordinates": [
          139.084588,
          36.3741168
        ]
      },
      "properties": {
        "内容": "バス停: 天川原一自治会館入口",
        "name": "天川原一自治会館入口",
        "operator": "事業者不明",
        "ref": "東21",
        "url": "",
        "url2": ""
      }
    },
    {
      "type": "Feature",
      "geometry": {
        "type": "Point",
        "coordinates": [
          139.0843867,
          36.3719737
        ]
      },
      "properties": {
        "内容": "バス停: 天川変電所前",
        "name": "天川変電所前",
        "operator": "事業者不明",
        "ref": "東22",
        "url": "",
        "url2": ""
      }
    },
    {
      "type": "Feature",
      "geometry": {
        "type": "Point",
        "coordinates": [
          139.0843234,
          36.3721931
        ]
      },
      "properties": {
        "内容": "バス停: 天川変電所前",
        "name": "天川変電所前",
        "operator": "事業者不明",
        "ref": "東22",
        "url": "",
        "url2": ""
      }
    },
    {
      "type": "Feature",
      "geometry": {
        "type": "Point",
        "coordinates": [
          139.0838017,
          36.3694135
        ]
      },
      "properties": {
        "内容": "バス停: 協立病院西",
        "name": "協立病院西",
        "operator": "事業者不明",
        "ref": "",
        "url": "",
        "url2": ""
      }
    },
    {
      "type": "Feature",
      "geometry": {
        "type": "Point",
        "coordinates": [
          139.0836869,
          36.3694221
        ]
      },
      "properties": {
        "内容": "バス停: 協立病院西",
        "name": "協立病院西",
        "operator": "事業者不明",
        "ref": "",
        "url": "",
        "url2": ""
      }
    },
    {
      "type": "Feature",
      "geometry": {
        "type": "Point",
        "coordinates": [
          139.0866353,
          36.3682903
        ]
      },
      "properties": {
        "内容": "バス停: 協立病院",
        "name": "協立病院",
        "operator": "事業者不明",
        "ref": "",
        "url": "",
        "url2": ""
      }
    },
    {
      "type": "Feature",
      "geometry": {
        "type": "Point",
        "coordinates": [
          139.0866192,
          36.3681011
        ]
      },
      "properties": {
        "内容": "バス停: 協立病院",
        "name": "協立病院",
        "operator": "事業者不明",
        "ref": "",
        "url": "",
        "url2": ""
      }
    },
    {
      "type": "Feature",
      "geometry": {
        "type": "Point",
        "coordinates": [
          139.1286306,
          36.3535791
        ]
      },
      "properties": {
        "内容": "バス停: 下大島山王",
        "name": "下大島山王",
        "operator": "事業者不明",
        "ref": "",
        "url": "",
        "url2": ""
      }
    },
    {
      "type": "Feature",
      "geometry": {
        "type": "Point",
        "coordinates": [
          139.1287439,
          36.3535278
        ]
      },
      "properties": {
        "内容": "バス停: 下大島山王",
        "name": "下大島山王",
        "operator": "事業者不明",
        "ref": "",
        "url": "",
        "url2": ""
      }
    },
    {
      "type": "Feature",
      "geometry": {
        "type": "Point",
        "coordinates": [
          139.1303606,
          36.3547831
        ]
      },
      "properties": {
        "内容": "バス停: ガーデン前橋",
        "name": "ガーデン前橋",
        "operator": "事業者不明",
        "ref": "",
        "url": "",
        "url2": ""
      }
    },
    {
      "type": "Feature",
      "geometry": {
        "type": "Point",
        "coordinates": [
          139.0297765,
          36.4086679
        ]
      },
      "properties": {
        "内容": "バス停: 総社町５号公園前 (日本中央バス株式会社)",
        "name": "総社町５号公園前",
        "operator": "日本中央バス株式会社",
        "ref": "",
        "url": "",
        "url2": ""
      }
    },
    {
      "type": "Feature",
      "geometry": {
        "type": "Point",
        "coordinates": [
          139.029917,
          36.4087195
        ]
      },
      "properties": {
        "内容": "バス停: 総社町５号公園前 (日本中央バス株式会社)",
        "name": "総社町５号公園前",
        "operator": "日本中央バス株式会社",
        "ref": "",
        "url": "",
        "url2": ""
      }
    },
    {
      "type": "Feature",
      "geometry": {
        "type": "Point",
        "coordinates": [
          139.0279706,
          36.4121973
        ]
      },
      "properties": {
        "内容": "バス停: 高井町 (日本中央バス株式会社)",
        "name": "高井町",
        "operator": "日本中央バス株式会社",
        "ref": "",
        "url": "",
        "url2": ""
      }
    },
    {
      "type": "Feature",
      "geometry": {
        "type": "Point",
        "coordinates": [
          139.0280811,
          36.4123441
        ]
      },
      "properties": {
        "内容": "バス停: 高井町 (日本中央バス株式会社)",
        "name": "高井町",
        "operator": "日本中央バス株式会社",
        "ref": "",
        "url": "",
        "url2": ""
      }
    },
    {
      "type": "Feature",
      "geometry": {
        "type": "Point",
        "coordinates": [
          139.0270823,
          36.4181288
        ]
      },
      "properties": {
        "内容": "バス停: 見柳東",
        "name": "見柳東",
        "operator": "事業者不明",
        "ref": "",
        "url": "",
        "url2": ""
      }
    },
    {
      "type": "Feature",
      "geometry": {
        "type": "Point",
        "coordinates": [
          139.0273199,
          36.4173768
        ]
      },
      "properties": {
        "内容": "バス停: 見柳東",
        "name": "見柳東",
        "operator": "事業者不明",
        "ref": "",
        "url": "",
        "url2": ""
      }
    },
    {
      "type": "Feature",
      "geometry": {
        "type": "Point",
        "coordinates": [
          139.026208,
          36.4214735
        ]
      },
      "properties": {
        "内容": "バス停: 善徳",
        "name": "善徳",
        "operator": "事業者不明",
        "ref": "",
        "url": "",
        "url2": ""
      }
    },
    {
      "type": "Feature",
      "geometry": {
        "type": "Point",
        "coordinates": [
          139.026888,
          36.4204748
        ]
      },
      "properties": {
        "内容": "バス停: 善徳",
        "name": "善徳",
        "operator": "事業者不明",
        "ref": "",
        "url": "",
        "url2": ""
      }
    },
    {
      "type": "Feature",
      "geometry": {
        "type": "Point",
        "coordinates": [
          139.0249612,
          36.4242777
        ]
      },
      "properties": {
        "内容": "バス停: 新大久保橋 (日本中央バス株式会社)",
        "name": "新大久保橋",
        "operator": "日本中央バス株式会社",
        "ref": "",
        "url": "",
        "url2": ""
      }
    },
    {
      "type": "Feature",
      "geometry": {
        "type": "Point",
        "coordinates": [
          139.0251393,
          36.4243106
        ]
      },
      "properties": {
        "内容": "バス停: 新大久保橋 (日本中央バス株式会社)",
        "name": "新大久保橋",
        "operator": "日本中央バス株式会社",
        "ref": "",
        "url": "",
        "url2": ""
      }
    },
    {
      "type": "Feature",
      "geometry": {
        "type": "Point",
        "coordinates": [
          139.0226358,
          36.4294386
        ]
      },
      "properties": {
        "内容": "バス停: 源兵衛山古墳入口 (日本中央バス株式会社)",
        "name": "源兵衛山古墳入口",
        "operator": "日本中央バス株式会社",
        "ref": "",
        "url": "",
        "url2": ""
      }
    },
    {
      "type": "Feature",
      "geometry": {
        "type": "Point",
        "coordinates": [
          139.0228127,
          36.4295092
        ]
      },
      "properties": {
        "内容": "バス停: 源兵衛山古墳入口 (日本中央バス株式会社)",
        "name": "源兵衛山古墳入口",
        "operator": "日本中央バス株式会社",
        "ref": "",
        "url": "",
        "url2": ""
      }
    },
    {
      "type": "Feature",
      "geometry": {
        "type": "Point",
        "coordinates": [
          139.0200832,
          36.4350718
        ]
      },
      "properties": {
        "内容": "バス停: 駒寄三津屋 (日本中央バス株式会社)",
        "name": "駒寄三津屋",
        "operator": "日本中央バス株式会社",
        "ref": "",
        "url": "",
        "url2": ""
      }
    },
    {
      "type": "Feature",
      "geometry": {
        "type": "Point",
        "coordinates": [
          139.020255,
          36.4352206
        ]
      },
      "properties": {
        "内容": "バス停: 駒寄三津屋 (日本中央バス株式会社)",
        "name": "駒寄三津屋",
        "operator": "日本中央バス株式会社",
        "ref": "",
        "url": "",
        "url2": ""
      }
    },
    {
      "type": "Feature",
      "geometry": {
        "type": "Point",
        "coordinates": [
          138.8886344,
          36.324016
        ]
      },
      "properties": {
        "内容": "バス停: 市役所入口",
        "name": "市役所入口",
        "operator": "事業者不明",
        "ref": "",
        "url": "",
        "url2": ""
      }
    },
    {
      "type": "Feature",
      "geometry": {
        "type": "Point",
        "coordinates": [
          138.8891548,
          36.3246125
        ]
      },
      "properties": {
        "内容": "バス停: 市役所入口",
        "name": "市役所入口",
        "operator": "事業者不明",
        "ref": "",
        "url": "",
        "url2": ""
      }
    },
    {
      "type": "Feature",
      "geometry": {
        "type": "Point",
        "coordinates": [
          139.0764507,
          36.3840323
        ]
      },
      "properties": {
        "内容": "バス停: 南口改良住宅前",
        "name": "南口改良住宅前",
        "operator": "事業者不明",
        "ref": "東30;西35-1",
        "url": "",
        "url2": ""
      }
    },
    {
      "type": "Feature",
      "geometry": {
        "type": "Point",
        "coordinates": [
          139.0765727,
          36.3819133
        ]
      },
      "properties": {
        "内容": "バス停: 静和幼稚園前",
        "name": "静和幼稚園前",
        "operator": "事業者不明",
        "ref": "西34",
        "url": "",
        "url2": ""
      }
    },
    {
      "type": "Feature",
      "geometry": {
        "type": "Point",
        "coordinates": [
          139.0611569,
          36.3873213
        ]
      },
      "properties": {
        "内容": "バス停: 中央病院入口",
        "name": "中央病院入口",
        "operator": "事業者不明",
        "ref": "",
        "url": "",
        "url2": ""
      }
    },
    {
      "type": "Feature",
      "geometry": {
        "type": "Point",
        "coordinates": [
          139.0604795,
          36.3874903
        ]
      },
      "properties": {
        "内容": "バス停: 中央病院入口",
        "name": "中央病院入口",
        "operator": "事業者不明",
        "ref": "",
        "url": "",
        "url2": ""
      }
    },
    {
      "type": "Feature",
      "geometry": {
        "type": "Point",
        "coordinates": [
          139.072562,
          36.3834355
        ]
      },
      "properties": {
        "内容": "バス停: 前橋駅",
        "name": "前橋駅",
        "operator": "事業者不明",
        "ref": "",
        "url": "",
        "url2": ""
      }
    },
    {
      "type": "Feature",
      "geometry": {
        "type": "Point",
        "coordinates": [
          139.0942448,
          36.4689729
        ]
      },
      "properties": {
        "内容": "バス停: 富士見温泉 (関越交通株式会社)",
        "name": "富士見温泉",
        "operator": "関越交通株式会社",
        "ref": "",
        "url": "",
        "url2": ""
      }
    },
    {
      "type": "Feature",
      "geometry": {
        "type": "Point",
        "coordinates": [
          139.0551931,
          36.3868987
        ]
      },
      "properties": {
        "内容": "バス停: 上石倉",
        "name": "上石倉",
        "operator": "事業者不明",
        "ref": "",
        "url": "",
        "url2": ""
      }
    },
    {
      "type": "Feature",
      "geometry": {
        "type": "Point",
        "coordinates": [
          139.0553811,
          36.3871454
        ]
      },
      "properties": {
        "内容": "バス停: 上石倉",
        "name": "上石倉",
        "operator": "事業者不明",
        "ref": "",
        "url": "",
        "url2": ""
      }
    },
    {
      "type": "Feature",
      "geometry": {
        "type": "Point",
        "coordinates": [
          139.0539199,
          36.3839793
        ]
      },
      "properties": {
        "内容": "バス停: 石倉",
        "name": "石倉",
        "operator": "事業者不明",
        "ref": "",
        "url": "",
        "url2": ""
      }
    },
    {
      "type": "Feature",
      "geometry": {
        "type": "Point",
        "coordinates": [
          139.0537734,
          36.3840316
        ]
      },
      "properties": {
        "内容": "バス停: 石倉",
        "name": "石倉",
        "operator": "事業者不明",
        "ref": "",
        "url": "",
        "url2": ""
      }
    },
    {
      "type": "Feature",
      "geometry": {
        "type": "Point",
        "coordinates": [
          139.0506638,
          36.3803637
        ]
      },
      "properties": {
        "内容": "バス停: 滝川橋",
        "name": "滝川橋",
        "operator": "事業者不明",
        "ref": "西1;西42",
        "url": "",
        "url2": ""
      }
    },
    {
      "type": "Feature",
      "geometry": {
        "type": "Point",
        "coordinates": [
          139.0506362,
          36.3804723
        ]
      },
      "properties": {
        "内容": "バス停: 滝川橋",
        "name": "滝川橋",
        "operator": "事業者不明",
        "ref": "西1;西42",
        "url": "",
        "url2": ""
      }
    },
    {
      "type": "Feature",
      "geometry": {
        "type": "Point",
        "coordinates": [
          139.0473138,
          36.3771865
        ]
      },
      "properties": {
        "内容": "バス停: 新前橋駅入口 (群馬中央バス株式会社)",
        "name": "新前橋駅入口",
        "operator": "群馬中央バス株式会社",
        "ref": "",
        "url": "",
        "url2": ""
      }
    },
    {
      "type": "Feature",
      "geometry": {
        "type": "Point",
        "coordinates": [
          139.0437876,
          36.373848
        ]
      },
      "properties": {
        "内容": "バス停: フォレストモール新前橋",
        "name": "フォレストモール新前橋",
        "operator": "事業者不明",
        "ref": "",
        "url": "",
        "url2": ""
      }
    },
    {
      "type": "Feature",
      "geometry": {
        "type": "Point",
        "coordinates": [
          139.0446391,
          36.3748518
        ]
      },
      "properties": {
        "内容": "バス停: フォレストモール新前橋 (群馬中央バス株式会社)",
        "name": "フォレストモール新前橋",
        "operator": "群馬中央バス株式会社",
        "ref": "",
        "url": "",
        "url2": ""
      }
    },
    {
      "type": "Feature",
      "geometry": {
        "type": "Point",
        "coordinates": [
          139.0419929,
          36.3721563
        ]
      },
      "properties": {
        "内容": "バス停: 江田 (群馬中央バス株式会社)",
        "name": "江田",
        "operator": "群馬中央バス株式会社",
        "ref": "",
        "url": "",
        "url2": ""
      }
    },
    {
      "type": "Feature",
      "geometry": {
        "type": "Point",
        "coordinates": [
          139.0416426,
          36.371959
        ]
      },
      "properties": {
        "内容": "バス停: 江田 (群馬中央バス株式会社)",
        "name": "江田",
        "operator": "群馬中央バス株式会社",
        "ref": "",
        "url": "",
        "url2": ""
      }
    },
    {
      "type": "Feature",
      "geometry": {
        "type": "Point",
        "coordinates": [
          139.038849,
          36.3691501
        ]
      },
      "properties": {
        "内容": "バス停: 染谷橋 (群馬中央バス株式会社)",
        "name": "染谷橋",
        "operator": "群馬中央バス株式会社",
        "ref": "",
        "url": "",
        "url2": ""
      }
    },
    {
      "type": "Feature",
      "geometry": {
        "type": "Point",
        "coordinates": [
          139.0392878,
          36.369711
        ]
      },
      "properties": {
        "内容": "バス停: 染谷橋 (群馬中央バス株式会社)",
        "name": "染谷橋",
        "operator": "群馬中央バス株式会社",
        "ref": "",
        "url": "",
        "url2": ""
      }
    },
    {
      "type": "Feature",
      "geometry": {
        "type": "Point",
        "coordinates": [
          139.0364859,
          36.3668779
        ]
      },
      "properties": {
        "内容": "バス停: プレイランド日高 (群馬中央バス株式会社)",
        "name": "プレイランド日高",
        "operator": "群馬中央バス株式会社",
        "ref": "",
        "url": "",
        "url2": ""
      }
    },
    {
      "type": "Feature",
      "geometry": {
        "type": "Point",
        "coordinates": [
          139.0370825,
          36.3676034
        ]
      },
      "properties": {
        "内容": "バス停: プレイランド日高 (群馬中央バス株式会社)",
        "name": "プレイランド日高",
        "operator": "群馬中央バス株式会社",
        "ref": "",
        "url": "",
        "url2": ""
      }
    },
    {
      "type": "Feature",
      "geometry": {
        "type": "Point",
        "coordinates": [
          139.0349923,
          36.3654136
        ]
      },
      "properties": {
        "内容": "バス停: 日高 (群馬中央バス株式会社)",
        "name": "日高",
        "operator": "群馬中央バス株式会社",
        "ref": "",
        "url": "",
        "url2": ""
      }
    },
    {
      "type": "Feature",
      "geometry": {
        "type": "Point",
        "coordinates": [
          139.0349601,
          36.3655056
        ]
      },
      "properties": {
        "内容": "バス停: 日高 (群馬中央バス株式会社)",
        "name": "日高",
        "operator": "群馬中央バス株式会社",
        "ref": "",
        "url": "",
        "url2": ""
      }
    },
    {
      "type": "Feature",
      "geometry": {
        "type": "Point",
        "coordinates": [
          139.0285723,
          36.3630879
        ]
      },
      "properties": {
        "内容": "バス停: 日高病院 (群馬中央バス株式会社)",
        "name": "日高病院",
        "operator": "群馬中央バス株式会社",
        "ref": "",
        "url": "",
        "url2": ""
      }
    },
    {
      "type": "Feature",
      "geometry": {
        "type": "Point",
        "coordinates": [
          139.031732,
          36.3618378
        ]
      },
      "properties": {
        "内容": "バス停: 中尾中入口 (群馬中央バス株式会社)",
        "name": "中尾中入口",
        "operator": "群馬中央バス株式会社",
        "ref": "",
        "url": "",
        "url2": ""
      }
    },
    {
      "type": "Feature",
      "geometry": {
        "type": "Point",
        "coordinates": [
          139.0316229,
          36.3618743
        ]
      },
      "properties": {
        "内容": "バス停: 中尾中入口 (群馬中央バス株式会社)",
        "name": "中尾中入口",
        "operator": "群馬中央バス株式会社",
        "ref": "",
        "url": "",
        "url2": ""
      }
    },
    {
      "type": "Feature",
      "geometry": {
        "type": "Point",
        "coordinates": [
          139.0286377,
          36.3571705
        ]
      },
      "properties": {
        "内容": "バス停: 井野 (群馬中央バス株式会社)",
        "name": "井野",
        "operator": "群馬中央バス株式会社",
        "ref": "",
        "url": "",
        "url2": ""
      }
    },
    {
      "type": "Feature",
      "geometry": {
        "type": "Point",
        "coordinates": [
          139.0277383,
          36.3561356
        ]
      },
      "properties": {
        "内容": "バス停: 井野 (群馬中央バス株式会社)",
        "name": "井野",
        "operator": "群馬中央バス株式会社",
        "ref": "",
        "url": "",
        "url2": ""
      }
    },
    {
      "type": "Feature",
      "geometry": {
        "type": "Point",
        "coordinates": [
          139.0264615,
          36.3543184
        ]
      },
      "properties": {
        "内容": "バス停: 井野駅入口 (群馬中央バス株式会社)",
        "name": "井野駅入口",
        "operator": "群馬中央バス株式会社",
        "ref": "",
        "url": "",
        "url2": ""
      }
    },
    {
      "type": "Feature",
      "geometry": {
        "type": "Point",
        "coordinates": [
          139.02613,
          36.354068
        ]
      },
      "properties": {
        "内容": "バス停: 井野駅入口 (群馬中央バス株式会社)",
        "name": "井野駅入口",
        "operator": "群馬中央バス株式会社",
        "ref": "",
        "url": "",
        "url2": ""
      }
    },
    {
      "type": "Feature",
      "geometry": {
        "type": "Point",
        "coordinates": [
          139.0238038,
          36.350686
        ]
      },
      "properties": {
        "内容": "バス停: 井野川橋 (群馬中央バス株式会社)",
        "name": "井野川橋",
        "operator": "群馬中央バス株式会社",
        "ref": "",
        "url": "",
        "url2": ""
      }
    },
    {
      "type": "Feature",
      "geometry": {
        "type": "Point",
        "coordinates": [
          139.0234538,
          36.3503592
        ]
      },
      "properties": {
        "内容": "バス停: 井野川橋 (群馬中央バス株式会社)",
        "name": "井野川橋",
        "operator": "群馬中央バス株式会社",
        "ref": "",
        "url": "",
        "url2": ""
      }
    },
    {
      "type": "Feature",
      "geometry": {
        "type": "Point",
        "coordinates": [
          139.021619,
          36.3474699
        ]
      },
      "properties": {
        "内容": "バス停: 貝沢 (群馬中央バス株式会社)",
        "name": "貝沢",
        "operator": "群馬中央バス株式会社",
        "ref": "",
        "url": "",
        "url2": ""
      }
    },
    {
      "type": "Feature",
      "geometry": {
        "type": "Point",
        "coordinates": [
          139.0219816,
          36.3481594
        ]
      },
      "properties": {
        "内容": "バス停: 貝沢 (群馬中央バス株式会社)",
        "name": "貝沢",
        "operator": "群馬中央バス株式会社",
        "ref": "",
        "url": "",
        "url2": ""
      }
    },
    {
      "type": "Feature",
      "geometry": {
        "type": "Point",
        "coordinates": [
          139.01957,
          36.3446649
        ]
      },
      "properties": {
        "内容": "バス停: 島貝沢 (群馬中央バス株式会社)",
        "name": "島貝沢",
        "operator": "群馬中央バス株式会社",
        "ref": "",
        "url": "",
        "url2": ""
      }
    },
    {
      "type": "Feature",
      "geometry": {
        "type": "Point",
        "coordinates": [
          139.0194671,
          36.3446803
        ]
      },
      "properties": {
        "内容": "バス停: 島貝沢 (群馬中央バス株式会社)",
        "name": "島貝沢",
        "operator": "群馬中央バス株式会社",
        "ref": "",
        "url": "",
        "url2": ""
      }
    },
    {
      "type": "Feature",
      "geometry": {
        "type": "Point",
        "coordinates": [
          139.0169193,
          36.3410572
        ]
      },
      "properties": {
        "内容": "バス停: 島前 (群馬中央バス株式会社)",
        "name": "島前",
        "operator": "群馬中央バス株式会社",
        "ref": "",
        "url": "",
        "url2": ""
      }
    },
    {
      "type": "Feature",
      "geometry": {
        "type": "Point",
        "coordinates": [
          139.0173713,
          36.3418275
        ]
      },
      "properties": {
        "内容": "バス停: 島前 (群馬中央バス株式会社)",
        "name": "島前",
        "operator": "群馬中央バス株式会社",
        "ref": "",
        "url": "",
        "url2": ""
      }
    },
    {
      "type": "Feature",
      "geometry": {
        "type": "Point",
        "coordinates": [
          139.0135999,
          36.3384589
        ]
      },
      "properties": {
        "内容": "バス停: 飯玉町 (群馬中央バス株式会社)",
        "name": "飯玉町",
        "operator": "群馬中央バス株式会社",
        "ref": "",
        "url": "",
        "url2": ""
      }
    },
    {
      "type": "Feature",
      "geometry": {
        "type": "Point",
        "coordinates": [
          139.0140295,
          36.3389237
        ]
      },
      "properties": {
        "内容": "バス停: 飯玉町",
        "name": "飯玉町",
        "operator": "事業者不明",
        "ref": "",
        "url": "",
        "url2": ""
      }
    },
    {
      "type": "Feature",
      "geometry": {
        "type": "Point",
        "coordinates": [
          139.0134535,
          36.3339485
        ]
      },
      "properties": {
        "内容": "バス停: 芝塚 (群馬中央バス株式会社)",
        "name": "芝塚",
        "operator": "群馬中央バス株式会社",
        "ref": "",
        "url": "",
        "url2": ""
      }
    },
    {
      "type": "Feature",
      "geometry": {
        "type": "Point",
        "coordinates": [
          139.0132316,
          36.3351934
        ]
      },
      "properties": {
        "内容": "バス停: 芝塚",
        "name": "芝塚",
        "operator": "事業者不明",
        "ref": "",
        "url": "",
        "url2": ""
      }
    },
    {
      "type": "Feature",
      "geometry": {
        "type": "Point",
        "coordinates": [
          139.0080086,
          36.3334077
        ]
      },
      "properties": {
        "内容": "バス停: 高砂町",
        "name": "高砂町",
        "operator": "事業者不明",
        "ref": "",
        "url": "",
        "url2": ""
      }
    },
    {
      "type": "Feature",
      "geometry": {
        "type": "Point",
        "coordinates": [
          139.0082455,
          36.3335286
        ]
      },
      "properties": {
        "内容": "バス停: 高砂町",
        "name": "高砂町",
        "operator": "事業者不明",
        "ref": "",
        "url": "",
        "url2": ""
      }
    },
    {
      "type": "Feature",
      "geometry": {
        "type": "Point",
        "coordinates": [
          139.0069268,
          36.3327601
        ]
      },
      "properties": {
        "内容": "バス停: 総合文化センター前",
        "name": "総合文化センター前",
        "operator": "事業者不明",
        "ref": "",
        "url": "",
        "url2": ""
      }
    },
    {
      "type": "Feature",
      "geometry": {
        "type": "Point",
        "coordinates": [
          139.0070272,
          36.3326435
        ]
      },
      "properties": {
        "内容": "バス停: 総合文化センター前",
        "name": "総合文化センター前",
        "operator": "事業者不明",
        "ref": "",
        "url": "",
        "url2": ""
      }
    },
    {
      "type": "Feature",
      "geometry": {
        "type": "Point",
        "coordinates": [
          139.0065626,
          36.3315677
        ]
      },
      "properties": {
        "内容": "バス停: 本町三丁目",
        "name": "本町三丁目",
        "operator": "事業者不明",
        "ref": "",
        "url": "",
        "url2": ""
      }
    },
    {
      "type": "Feature",
      "geometry": {
        "type": "Point",
        "coordinates": [
          139.0062418,
          36.3311558
        ]
      },
      "properties": {
        "内容": "バス停: 本町三丁目",
        "name": "本町三丁目",
        "operator": "事業者不明",
        "ref": "",
        "url": "",
        "url2": ""
      }
    },
    {
      "type": "Feature",
      "geometry": {
        "type": "Point",
        "coordinates": [
          139.0069678,
          36.32539
        ]
      },
      "properties": {
        "内容": "バス停: 連雀町",
        "name": "連雀町",
        "operator": "事業者不明",
        "ref": "",
        "url": "",
        "url2": ""
      }
    },
    {
      "type": "Feature",
      "geometry": {
        "type": "Point",
        "coordinates": [
          139.0072742,
          36.3233679
        ]
      },
      "properties": {
        "内容": "バス停: あら町銀行前",
        "name": "あら町銀行前",
        "operator": "事業者不明",
        "ref": "",
        "url": "",
        "url2": ""
      }
    },
    {
      "type": "Feature",
      "geometry": {
        "type": "Point",
        "coordinates": [
          139.0478751,
          36.3862741
        ]
      },
      "properties": {
        "内容": "バス停: NHK東",
        "name": "NHK東",
        "operator": "事業者不明",
        "ref": "",
        "url": "",
        "url2": ""
      }
    },
    {
      "type": "Feature",
      "geometry": {
        "type": "Point",
        "coordinates": [
          139.0464068,
          36.3860446
        ]
      },
      "properties": {
        "内容": "バス停: NHK東",
        "name": "NHK東",
        "operator": "事業者不明",
        "ref": "",
        "url": "",
        "url2": ""
      }
    },
    {
      "type": "Feature",
      "geometry": {
        "type": "Point",
        "coordinates": [
          139.0433941,
          36.384732
        ]
      },
      "properties": {
        "内容": "バス停: 警察学校入口 (関越交通株式会社)",
        "name": "警察学校入口",
        "operator": "関越交通株式会社",
        "ref": "",
        "url": "",
        "url2": ""
      }
    },
    {
      "type": "Feature",
      "geometry": {
        "type": "Point",
        "coordinates": [
          139.043481,
          36.3848237
        ]
      },
      "properties": {
        "内容": "バス停: 警察学校入口 (関越交通株式会社)",
        "name": "警察学校入口",
        "operator": "関越交通株式会社",
        "ref": "",
        "url": "",
        "url2": ""
      }
    },
    {
      "type": "Feature",
      "geometry": {
        "type": "Point",
        "coordinates": [
          139.0409984,
          36.3850091
        ]
      },
      "properties": {
        "内容": "バス停: JA元総社入口 (関越交通株式会社)",
        "name": "JA元総社入口",
        "operator": "関越交通株式会社",
        "ref": "",
        "url": "",
        "url2": ""
      }
    },
    {
      "type": "Feature",
      "geometry": {
        "type": "Point",
        "coordinates": [
          139.041113,
          36.3850815
        ]
      },
      "properties": {
        "内容": "バス停: JA元総社入口 (関越交通株式会社)",
        "name": "JA元総社入口",
        "operator": "関越交通株式会社",
        "ref": "",
        "url": "",
        "url2": ""
      }
    },
    {
      "type": "Feature",
      "geometry": {
        "type": "Point",
        "coordinates": [
          139.0362078,
          36.3852249
        ]
      },
      "properties": {
        "内容": "バス停: 元小西 (関越交通株式会社)",
        "name": "元小西",
        "operator": "関越交通株式会社",
        "ref": "",
        "url": "",
        "url2": ""
      }
    },
    {
      "type": "Feature",
      "geometry": {
        "type": "Point",
        "coordinates": [
          139.0361573,
          36.3852963
        ]
      },
      "properties": {
        "内容": "バス停: 元小西 (関越交通株式会社)",
        "name": "元小西",
        "operator": "関越交通株式会社",
        "ref": "",
        "url": "",
        "url2": ""
      }
    },
    {
      "type": "Feature",
      "geometry": {
        "type": "Point",
        "coordinates": [
          139.0329007,
          36.3853864
        ]
      },
      "properties": {
        "内容": "バス停: 前内出 (関越交通株式会社)",
        "name": "前内出",
        "operator": "関越交通株式会社",
        "ref": "",
        "url": "",
        "url2": ""
      }
    },
    {
      "type": "Feature",
      "geometry": {
        "type": "Point",
        "coordinates": [
          139.0327338,
          36.3854601
        ]
      },
      "properties": {
        "内容": "バス停: 前内出 (関越交通株式会社)",
        "name": "前内出",
        "operator": "関越交通株式会社",
        "ref": "",
        "url": "",
        "url2": ""
      }
    },
    {
      "type": "Feature",
      "geometry": {
        "type": "Point",
        "coordinates": [
          139.0284497,
          36.3843408
        ]
      },
      "properties": {
        "内容": "バス停: 染谷 (関越交通株式会社)",
        "name": "染谷",
        "operator": "関越交通株式会社",
        "ref": "",
        "url": "",
        "url2": ""
      }
    },
    {
      "type": "Feature",
      "geometry": {
        "type": "Point",
        "coordinates": [
          139.028689,
          36.3845511
        ]
      },
      "properties": {
        "内容": "バス停: 染谷 (関越交通株式会社)",
        "name": "染谷",
        "operator": "関越交通株式会社",
        "ref": "",
        "url": "",
        "url2": ""
      }
    },
    {
      "type": "Feature",
      "geometry": {
        "type": "Point",
        "coordinates": [
          139.0261266,
          36.3835907
        ]
      },
      "properties": {
        "内容": "バス停: 高専入口 (関越交通株式会社)",
        "name": "高専入口",
        "operator": "関越交通株式会社",
        "ref": "",
        "url": "",
        "url2": ""
      }
    },
    {
      "type": "Feature",
      "geometry": {
        "type": "Point",
        "coordinates": [
          139.0260527,
          36.3837068
        ]
      },
      "properties": {
        "内容": "バス停: 高専入口 (関越交通株式会社)",
        "name": "高専入口",
        "operator": "関越交通株式会社",
        "ref": "",
        "url": "",
        "url2": ""
      }
    },
    {
      "type": "Feature",
      "geometry": {
        "type": "Point",
        "coordinates": [
          139.0236382,
          36.3828598
        ]
      },
      "properties": {
        "内容": "バス停: 稲荷台南 (関越交通株式会社)",
        "name": "稲荷台南",
        "operator": "関越交通株式会社",
        "ref": "",
        "url": "",
        "url2": ""
      }
    },
    {
      "type": "Feature",
      "geometry": {
        "type": "Point",
        "coordinates": [
          139.0235042,
          36.3828937
        ]
      },
      "properties": {
        "内容": "バス停: 稲荷台南 (関越交通株式会社)",
        "name": "稲荷台南",
        "operator": "関越交通株式会社",
        "ref": "",
        "url": "",
        "url2": ""
      }
    },
    {
      "type": "Feature",
      "geometry": {
        "type": "Point",
        "coordinates": [
          139.0186215,
          36.3814062
        ]
      },
      "properties": {
        "内容": "バス停: 菅谷村東 (関越交通株式会社)",
        "name": "菅谷村東",
        "operator": "関越交通株式会社",
        "ref": "",
        "url": "",
        "url2": ""
      }
    },
    {
      "type": "Feature",
      "geometry": {
        "type": "Point",
        "coordinates": [
          139.0189264,
          36.3815908
        ]
      },
      "properties": {
        "内容": "バス停: 菅谷村東 (関越交通株式会社)",
        "name": "菅谷村東",
        "operator": "関越交通株式会社",
        "ref": "",
        "url": "",
        "url2": ""
      }
    },
    {
      "type": "Feature",
      "geometry": {
        "type": "Point",
        "coordinates": [
          139.0160602,
          36.3807172
        ]
      },
      "properties": {
        "内容": "バス停: 菅谷三社免 (関越交通株式会社)",
        "name": "菅谷三社免",
        "operator": "関越交通株式会社",
        "ref": "",
        "url": "",
        "url2": ""
      }
    },
    {
      "type": "Feature",
      "geometry": {
        "type": "Point",
        "coordinates": [
          139.0159319,
          36.3807948
        ]
      },
      "properties": {
        "内容": "バス停: 菅谷三社免 (関越交通株式会社)",
        "name": "菅谷三社免",
        "operator": "関越交通株式会社",
        "ref": "",
        "url": "",
        "url2": ""
      }
    },
    {
      "type": "Feature",
      "geometry": {
        "type": "Point",
        "coordinates": [
          139.0134915,
          36.3801156
        ]
      },
      "properties": {
        "内容": "バス停: 菅谷 (関越交通株式会社)",
        "name": "菅谷",
        "operator": "関越交通株式会社",
        "ref": "",
        "url": "",
        "url2": ""
      }
    },
    {
      "type": "Feature",
      "geometry": {
        "type": "Point",
        "coordinates": [
          139.0126861,
          36.3800455
        ]
      },
      "properties": {
        "内容": "バス停: 菅谷 (関越交通株式会社)",
        "name": "菅谷",
        "operator": "関越交通株式会社",
        "ref": "",
        "url": "",
        "url2": ""
      }
    },
    {
      "type": "Feature",
      "geometry": {
        "type": "Point",
        "coordinates": [
          139.0110561,
          36.3796003
        ]
      },
      "properties": {
        "内容": "バス停: 滝の宮神社前 (関越交通株式会社)",
        "name": "滝の宮神社前",
        "operator": "関越交通株式会社",
        "ref": "",
        "url": "",
        "url2": ""
      }
    },
    {
      "type": "Feature",
      "geometry": {
        "type": "Point",
        "coordinates": [
          139.0108982,
          36.3796875
        ]
      },
      "properties": {
        "内容": "バス停: 滝の宮神社前 (関越交通株式会社)",
        "name": "滝の宮神社前",
        "operator": "関越交通株式会社",
        "ref": "",
        "url": "",
        "url2": ""
      }
    },
    {
      "type": "Feature",
      "geometry": {
        "type": "Point",
        "coordinates": [
          139.0047966,
          36.3784525
        ]
      },
      "properties": {
        "内容": "バス停: 棟高南 (関越交通株式会社)",
        "name": "棟高南",
        "operator": "関越交通株式会社",
        "ref": "",
        "url": "",
        "url2": ""
      }
    },
    {
      "type": "Feature",
      "geometry": {
        "type": "Point",
        "coordinates": [
          139.004737,
          36.3785234
        ]
      },
      "properties": {
        "内容": "バス停: 棟高南 (関越交通株式会社)",
        "name": "棟高南",
        "operator": "関越交通株式会社",
        "ref": "",
        "url": "",
        "url2": ""
      }
    },
    {
      "type": "Feature",
      "geometry": {
        "type": "Point",
        "coordinates": [
          138.9998451,
          36.3775376
        ]
      },
      "properties": {
        "内容": "バス停: 三ツ寺 (関越交通株式会社)",
        "name": "三ツ寺",
        "operator": "関越交通株式会社",
        "ref": "",
        "url": "",
        "url2": ""
      }
    },
    {
      "type": "Feature",
      "geometry": {
        "type": "Point",
        "coordinates": [
          139.0017951,
          36.3780026
        ]
      },
      "properties": {
        "内容": "バス停: 三ツ寺 (関越交通株式会社)",
        "name": "三ツ寺",
        "operator": "関越交通株式会社",
        "ref": "",
        "url": "",
        "url2": ""
      }
    },
    {
      "type": "Feature",
      "geometry": {
        "type": "Point",
        "coordinates": [
          138.9994156,
          36.3775658
        ]
      },
      "properties": {
        "内容": "バス停: 三ツ寺",
        "name": "三ツ寺",
        "operator": "事業者不明",
        "ref": "",
        "url": "",
        "url2": ""
      }
    },
    {
      "type": "Feature",
      "geometry": {
        "type": "Point",
        "coordinates": [
          138.9978098,
          36.377097
        ]
      },
      "properties": {
        "内容": "バス停: 三ツ寺西 (関越交通株式会社)",
        "name": "三ツ寺西",
        "operator": "関越交通株式会社",
        "ref": "",
        "url": "",
        "url2": ""
      }
    },
    {
      "type": "Feature",
      "geometry": {
        "type": "Point",
        "coordinates": [
          138.9971553,
          36.3769268
        ]
      },
      "properties": {
        "内容": "バス停: 三ツ寺西 (関越交通株式会社)",
        "name": "三ツ寺西",
        "operator": "関越交通株式会社",
        "ref": "",
        "url": "",
        "url2": ""
      }
    },
    {
      "type": "Feature",
      "geometry": {
        "type": "Point",
        "coordinates": [
          138.9952451,
          36.3758091
        ]
      },
      "properties": {
        "内容": "バス停: 南中前 (関越交通株式会社)",
        "name": "南中前",
        "operator": "関越交通株式会社",
        "ref": "",
        "url": "",
        "url2": ""
      }
    },
    {
      "type": "Feature",
      "geometry": {
        "type": "Point",
        "coordinates": [
          138.9949434,
          36.3757554
        ]
      },
      "properties": {
        "内容": "バス停: 南中前 (関越交通株式会社)",
        "name": "南中前",
        "operator": "関越交通株式会社",
        "ref": "",
        "url": "",
        "url2": ""
      }
    },
    {
      "type": "Feature",
      "geometry": {
        "type": "Point",
        "coordinates": [
          138.9920022,
          36.3741752
        ]
      },
      "properties": {
        "内容": "バス停: 井出東 (関越交通株式会社)",
        "name": "井出東",
        "operator": "関越交通株式会社",
        "ref": "",
        "url": "",
        "url2": ""
      }
    },
    {
      "type": "Feature",
      "geometry": {
        "type": "Point",
        "coordinates": [
          138.9919092,
          36.3742318
        ]
      },
      "properties": {
        "内容": "バス停: 井出東 (関越交通株式会社)",
        "name": "井出東",
        "operator": "関越交通株式会社",
        "ref": "",
        "url": "",
        "url2": ""
      }
    },
    {
      "type": "Feature",
      "geometry": {
        "type": "Point",
        "coordinates": [
          138.989076,
          36.3734045
        ]
      },
      "properties": {
        "内容": "バス停: 井出西 (関越交通株式会社)",
        "name": "井出西",
        "operator": "関越交通株式会社",
        "ref": "",
        "url": "",
        "url2": ""
      }
    },
    {
      "type": "Feature",
      "geometry": {
        "type": "Point",
        "coordinates": [
          138.9888703,
          36.373447
        ]
      },
      "properties": {
        "内容": "バス停: 井出西 (関越交通株式会社)",
        "name": "井出西",
        "operator": "関越交通株式会社",
        "ref": "",
        "url": "",
        "url2": ""
      }
    },
    {
      "type": "Feature",
      "geometry": {
        "type": "Point",
        "coordinates": [
          138.9868878,
          36.3765516
        ]
      },
      "properties": {
        "内容": "バス停: 井堤神社入口 (関越交通株式会社)",
        "name": "井堤神社入口",
        "operator": "関越交通株式会社",
        "ref": "",
        "url": "",
        "url2": ""
      }
    },
    {
      "type": "Feature",
      "geometry": {
        "type": "Point",
        "coordinates": [
          138.9869455,
          36.3765596
        ]
      },
      "properties": {
        "内容": "バス停: 井堤神社入口 (関越交通株式会社)",
        "name": "井堤神社入口",
        "operator": "関越交通株式会社",
        "ref": "",
        "url": "",
        "url2": ""
      }
    },
    {
      "type": "Feature",
      "geometry": {
        "type": "Point",
        "coordinates": [
          138.9870656,
          36.3787242
        ]
      },
      "properties": {
        "内容": "バス停: かみつけの里博物館前 (関越交通株式会社)",
        "name": "かみつけの里博物館前",
        "operator": "関越交通株式会社",
        "ref": "",
        "url": "",
        "url2": ""
      }
    },
    {
      "type": "Feature",
      "geometry": {
        "type": "Point",
        "coordinates": [
          138.9871598,
          36.3784083
        ]
      },
      "properties": {
        "内容": "バス停: かみつけの里博物館前 (関越交通株式会社)",
        "name": "かみつけの里博物館前",
        "operator": "関越交通株式会社",
        "ref": "",
        "url": "",
        "url2": ""
      }
    },
    {
      "type": "Feature",
      "geometry": {
        "type": "Point",
        "coordinates": [
          138.9849929,
          36.3803131
        ]
      },
      "properties": {
        "内容": "バス停: JA直売所前 (関越交通株式会社)",
        "name": "JA直売所前",
        "operator": "関越交通株式会社",
        "ref": "",
        "url": "",
        "url2": ""
      }
    },
    {
      "type": "Feature",
      "geometry": {
        "type": "Point",
        "coordinates": [
          138.9851056,
          36.3802547
        ]
      },
      "properties": {
        "内容": "バス停: JA直売所前 (関越交通株式会社)",
        "name": "JA直売所前",
        "operator": "関越交通株式会社",
        "ref": "",
        "url": "",
        "url2": ""
      }
    },
    {
      "type": "Feature",
      "geometry": {
        "type": "Point",
        "coordinates": [
          138.9853088,
          36.383158
        ]
      },
      "properties": {
        "内容": "バス停: 土屋文明文学館 (関越交通株式会社)",
        "name": "土屋文明文学館",
        "operator": "関越交通株式会社",
        "ref": "",
        "url": "",
        "url2": ""
      }
    },
    {
      "type": "Feature",
      "geometry": {
        "type": "Point",
        "coordinates": [
          139.0337599,
          36.3880931
        ]
      },
      "properties": {
        "内容": "バス停: 中宿 (関越交通株式会社)",
        "name": "中宿",
        "operator": "関越交通株式会社",
        "ref": "",
        "url": "",
        "url2": ""
      }
    },
    {
      "type": "Feature",
      "geometry": {
        "type": "Point",
        "coordinates": [
          139.0339617,
          36.3881843
        ]
      },
      "properties": {
        "内容": "バス停: 中宿 (関越交通株式会社)",
        "name": "中宿",
        "operator": "関越交通株式会社",
        "ref": "",
        "url": "",
        "url2": ""
      }
    },
    {
      "type": "Feature",
      "geometry": {
        "type": "Point",
        "coordinates": [
          139.0303401,
          36.3877839
        ]
      },
      "properties": {
        "内容": "バス停: 元総社上宿 (関越交通株式会社)",
        "name": "元総社上宿",
        "operator": "関越交通株式会社",
        "ref": "",
        "url": "",
        "url2": ""
      }
    },
    {
      "type": "Feature",
      "geometry": {
        "type": "Point",
        "coordinates": [
          139.0302462,
          36.387869
        ]
      },
      "properties": {
        "内容": "バス停: 元総社上宿 (関越交通株式会社)",
        "name": "元総社上宿",
        "operator": "関越交通株式会社",
        "ref": "",
        "url": "",
        "url2": ""
      }
    },
    {
      "type": "Feature",
      "geometry": {
        "type": "Point",
        "coordinates": [
          139.0252972,
          36.3880808
        ]
      },
      "properties": {
        "内容": "バス停: 稲荷台 (関越交通株式会社)",
        "name": "稲荷台",
        "operator": "関越交通株式会社",
        "ref": "",
        "url": "",
        "url2": ""
      }
    },
    {
      "type": "Feature",
      "geometry": {
        "type": "Point",
        "coordinates": [
          139.0251245,
          36.388229
        ]
      },
      "properties": {
        "内容": "バス停: 稲荷台 (関越交通株式会社)",
        "name": "稲荷台",
        "operator": "関越交通株式会社",
        "ref": "",
        "url": "",
        "url2": ""
      }
    },
    {
      "type": "Feature",
      "geometry": {
        "type": "Point",
        "coordinates": [
          139.0193472,
          36.3904087
        ]
      },
      "properties": {
        "内容": "バス停: 妙見前 (関越交通株式会社)",
        "name": "妙見前",
        "operator": "関越交通株式会社",
        "ref": "",
        "url": "",
        "url2": ""
      }
    },
    {
      "type": "Feature",
      "geometry": {
        "type": "Point",
        "coordinates": [
          139.0201279,
          36.3902242
        ]
      },
      "properties": {
        "内容": "バス停: 妙見前 (関越交通株式会社)",
        "name": "妙見前",
        "operator": "関越交通株式会社",
        "ref": "",
        "url": "",
        "url2": ""
      }
    },
    {
      "type": "Feature",
      "geometry": {
        "type": "Point",
        "coordinates": [
          139.0132743,
          36.3925931
        ]
      },
      "properties": {
        "内容": "バス停: 前引間 (関越交通株式会社)",
        "name": "前引間",
        "operator": "関越交通株式会社",
        "ref": "",
        "url": "",
        "url2": ""
      }
    },
    {
      "type": "Feature",
      "geometry": {
        "type": "Point",
        "coordinates": [
          139.0133798,
          36.3926865
        ]
      },
      "properties": {
        "内容": "バス停: 前引間 (関越交通株式会社)",
        "name": "前引間",
        "operator": "関越交通株式会社",
        "ref": "",
        "url": "",
        "url2": ""
      }
    },
    {
      "type": "Feature",
      "geometry": {
        "type": "Point",
        "coordinates": [
          139.0090429,
          36.3946005
        ]
      },
      "properties": {
        "内容": "バス停: 上宿 (関越交通株式会社)",
        "name": "上宿",
        "operator": "関越交通株式会社",
        "ref": "",
        "url": "",
        "url2": ""
      }
    },
    {
      "type": "Feature",
      "geometry": {
        "type": "Point",
        "coordinates": [
          139.0090077,
          36.3947193
        ]
      },
      "properties": {
        "内容": "バス停: 上宿 (関越交通株式会社)",
        "name": "上宿",
        "operator": "関越交通株式会社",
        "ref": "",
        "url": "",
        "url2": ""
      }
    },
    {
      "type": "Feature",
      "geometry": {
        "type": "Point",
        "coordinates": [
          139.0059297,
          36.3954126
        ]
      },
      "properties": {
        "内容": "バス停: 上毛 (関越交通株式会社)",
        "name": "上毛",
        "operator": "関越交通株式会社",
        "ref": "",
        "url": "",
        "url2": ""
      }
    },
    {
      "type": "Feature",
      "geometry": {
        "type": "Point",
        "coordinates": [
          139.0063342,
          36.3954353
        ]
      },
      "properties": {
        "内容": "バス停: 上毛 (関越交通株式会社)",
        "name": "上毛",
        "operator": "関越交通株式会社",
        "ref": "",
        "url": "",
        "url2": ""
      }
    },
    {
      "type": "Feature",
      "geometry": {
        "type": "Point",
        "coordinates": [
          138.9986432,
          36.3959038
        ]
      },
      "properties": {
        "内容": "バス停: 足門 (関越交通株式会社)",
        "name": "足門",
        "operator": "関越交通株式会社",
        "ref": "",
        "url": "",
        "url2": ""
      }
    },
    {
      "type": "Feature",
      "geometry": {
        "type": "Point",
        "coordinates": [
          138.9983334,
          36.3963264
        ]
      },
      "properties": {
        "内容": "バス停: 足門 (関越交通株式会社)",
        "name": "足門",
        "operator": "関越交通株式会社",
        "ref": "",
        "url": "",
        "url2": ""
      }
    },
    {
      "type": "Feature",
      "geometry": {
        "type": "Point",
        "coordinates": [
          138.9994583,
          36.4009601
        ]
      },
      "properties": {
        "内容": "バス停: 金古下宿 (関越交通株式会社)",
        "name": "金古下宿",
        "operator": "関越交通株式会社",
        "ref": "",
        "url": "",
        "url2": ""
      }
    },
    {
      "type": "Feature",
      "geometry": {
        "type": "Point",
        "coordinates": [
          138.9995251,
          36.4008829
        ]
      },
      "properties": {
        "内容": "バス停: 金子下宿 (関越交通株式会社)",
        "name": "金子下宿",
        "operator": "関越交通株式会社",
        "ref": "",
        "url": "",
        "url2": ""
      }
    },
    {
      "type": "Feature",
      "geometry": {
        "type": "Point",
        "coordinates": [
          139.0014269,
          36.4045493
        ]
      },
      "properties": {
        "内容": "バス停: 金古上組 (関越交通株式会社)",
        "name": "金古上組",
        "operator": "関越交通株式会社",
        "ref": "",
        "url": "",
        "url2": ""
      }
    },
    {
      "type": "Feature",
      "geometry": {
        "type": "Point",
        "coordinates": [
          139.0015387,
          36.4045704
        ]
      },
      "properties": {
        "内容": "バス停: 金古上組 (関越交通株式会社)",
        "name": "金古上組",
        "operator": "関越交通株式会社",
        "ref": "",
        "url": "",
        "url2": ""
      }
    },
    {
      "type": "Feature",
      "geometry": {
        "type": "Point",
        "coordinates": [
          139.0005794,
          36.4071313
        ]
      },
      "properties": {
        "内容": "バス停: 金古四ツ角 (関越交通株式会社)",
        "name": "金古四ツ角",
        "operator": "関越交通株式会社",
        "ref": "",
        "url": "",
        "url2": ""
      }
    },
    {
      "type": "Feature",
      "geometry": {
        "type": "Point",
        "coordinates": [
          139.001549,
          36.407115
        ]
      },
      "properties": {
        "内容": "バス停: 金古四ツ角 (関越交通株式会社)",
        "name": "金古四ツ角",
        "operator": "関越交通株式会社",
        "ref": "",
        "url": "",
        "url2": ""
      }
    },
    {
      "type": "Feature",
      "geometry": {
        "type": "Point",
        "coordinates": [
          138.9990976,
          36.4075144
        ]
      },
      "properties": {
        "内容": "バス停: 諏訪神社 (関越交通株式会社)",
        "name": "諏訪神社",
        "operator": "関越交通株式会社",
        "ref": "",
        "url": "",
        "url2": ""
      }
    },
    {
      "type": "Feature",
      "geometry": {
        "type": "Point",
        "coordinates": [
          138.9983891,
          36.4077406
        ]
      },
      "properties": {
        "内容": "バス停: 諏訪神社 (関越交通株式会社)",
        "name": "諏訪神社",
        "operator": "関越交通株式会社",
        "ref": "",
        "url": "",
        "url2": ""
      }
    },
    {
      "type": "Feature",
      "geometry": {
        "type": "Point",
        "coordinates": [
          138.9932842,
          36.4061642
        ]
      },
      "properties": {
        "内容": "バス停: 一の瀬 (関越交通株式会社)",
        "name": "一の瀬",
        "operator": "関越交通株式会社",
        "ref": "",
        "url": "",
        "url2": ""
      }
    },
    {
      "type": "Feature",
      "geometry": {
        "type": "Point",
        "coordinates": [
          138.9932438,
          36.4062313
        ]
      },
      "properties": {
        "内容": "バス停: 一の瀬 (関越交通株式会社)",
        "name": "一の瀬",
        "operator": "関越交通株式会社",
        "ref": "",
        "url": "",
        "url2": ""
      }
    },
    {
      "type": "Feature",
      "geometry": {
        "type": "Point",
        "coordinates": [
          138.9901748,
          36.4082085
        ]
      },
      "properties": {
        "内容": "バス停: 日本絹の里前 (関越交通株式会社)",
        "name": "日本絹の里前",
        "operator": "関越交通株式会社",
        "ref": "",
        "url": "",
        "url2": ""
      }
    },
    {
      "type": "Feature",
      "geometry": {
        "type": "Point",
        "coordinates": [
          138.9907148,
          36.4078973
        ]
      },
      "properties": {
        "内容": "バス停: 日本絹の里前 (関越交通株式会社)",
        "name": "日本絹の里前",
        "operator": "関越交通株式会社",
        "ref": "",
        "url": "",
        "url2": ""
      }
    },
    {
      "type": "Feature",
      "geometry": {
        "type": "Point",
        "coordinates": [
          138.9885607,
          36.4092143
        ]
      },
      "properties": {
        "内容": "バス停: 団地南 (関越交通株式会社)",
        "name": "団地南",
        "operator": "関越交通株式会社",
        "ref": "",
        "url": "",
        "url2": ""
      }
    },
    {
      "type": "Feature",
      "geometry": {
        "type": "Point",
        "coordinates": [
          138.9884916,
          36.409403
        ]
      },
      "properties": {
        "内容": "バス停: 団地南 (関越交通株式会社)",
        "name": "団地南",
        "operator": "関越交通株式会社",
        "ref": "",
        "url": "",
        "url2": ""
      }
    },
    {
      "type": "Feature",
      "geometry": {
        "type": "Point",
        "coordinates": [
          138.9863492,
          36.4107387
        ]
      },
      "properties": {
        "内容": "バス停: 金古王塚台団地 (関越交通株式会社)",
        "name": "金古王塚台団地",
        "operator": "関越交通株式会社",
        "ref": "",
        "url": "",
        "url2": ""
      }
    },
    {
      "type": "Feature",
      "geometry": {
        "type": "Point",
        "coordinates": [
          139.0028951,
          36.4106857
        ]
      },
      "properties": {
        "内容": "バス停: 金古上宿 (関越交通株式会社)",
        "name": "金古上宿",
        "operator": "関越交通株式会社",
        "ref": "",
        "url": "",
        "url2": ""
      }
    },
    {
      "type": "Feature",
      "geometry": {
        "type": "Point",
        "coordinates": [
          139.0030847,
          36.4113828
        ]
      },
      "properties": {
        "内容": "バス停: 金古上宿 (関越交通株式会社)",
        "name": "金古上宿",
        "operator": "関越交通株式会社",
        "ref": "",
        "url": "",
        "url2": ""
      }
    },
    {
      "type": "Feature",
      "geometry": {
        "type": "Point",
        "coordinates": [
          139.0023239,
          36.4140209
        ]
      },
      "properties": {
        "内容": "バス停: 金古2区公民館入口 (関越交通株式会社)",
        "name": "金古2区公民館入口",
        "operator": "関越交通株式会社",
        "ref": "",
        "url": "",
        "url2": ""
      }
    },
    {
      "type": "Feature",
      "geometry": {
        "type": "Point",
        "coordinates": [
          139.0017778,
          36.4143492
        ]
      },
      "properties": {
        "内容": "バス停: 金古2区公民館入口 (関越交通株式会社)",
        "name": "金古2区公民館入口",
        "operator": "関越交通株式会社",
        "ref": "",
        "url": "",
        "url2": ""
      }
    },
    {
      "type": "Feature",
      "geometry": {
        "type": "Point",
        "coordinates": [
          138.9967926,
          36.4157273
        ]
      },
      "properties": {
        "内容": "バス停: サニータウン前 (関越交通株式会社)",
        "name": "サニータウン前",
        "operator": "関越交通株式会社",
        "ref": "",
        "url": "",
        "url2": ""
      }
    },
    {
      "type": "Feature",
      "geometry": {
        "type": "Point",
        "coordinates": [
          138.9969985,
          36.4158871
        ]
      },
      "properties": {
        "内容": "バス停: サニータウン前 (関越交通株式会社)",
        "name": "サニータウン前",
        "operator": "関越交通株式会社",
        "ref": "",
        "url": "",
        "url2": ""
      }
    },
    {
      "type": "Feature",
      "geometry": {
        "type": "Point",
        "coordinates": [
          138.9914383,
          36.4159735
        ]
      },
      "properties": {
        "内容": "バス停: 群馬温泉 (関越交通株式会社)",
        "name": "群馬温泉",
        "operator": "関越交通株式会社",
        "ref": "",
        "url": "",
        "url2": ""
      }
    },
    {
      "type": "Feature",
      "geometry": {
        "type": "Point",
        "coordinates": [
          139.0425781,
          36.5072971
        ]
      },
      "properties": {
        "内容": "バス停: 舞台上",
        "name": "舞台上",
        "operator": "事業者不明",
        "ref": "",
        "url": "",
        "url2": ""
      }
    },
    {
      "type": "Feature",
      "geometry": {
        "type": "Point",
        "coordinates": [
          139.0426653,
          36.507254
        ]
      },
      "properties": {
        "内容": "バス停: 舞台上",
        "name": "舞台上",
        "operator": "事業者不明",
        "ref": "",
        "url": "",
        "url2": ""
      }
    },
    {
      "type": "Feature",
      "geometry": {
        "type": "Point",
        "coordinates": [
          139.0566047,
          36.3763161
        ]
      },
      "properties": {
        "内容": "バス停: 小相木北",
        "name": "小相木北",
        "operator": "事業者不明",
        "ref": "",
        "url": "",
        "url2": ""
      }
    },
    {
      "type": "Feature",
      "geometry": {
        "type": "Point",
        "coordinates": [
          139.0567651,
          36.3762101
        ]
      },
      "properties": {
        "内容": "バス停: 小相木北",
        "name": "小相木北",
        "operator": "事業者不明",
        "ref": "",
        "url": "",
        "url2": ""
      }
    },
    {
      "type": "Feature",
      "geometry": {
        "type": "Point",
        "coordinates": [
          139.0619167,
          36.3720503
        ]
      },
      "properties": {
        "内容": "バス停: 小相木",
        "name": "小相木",
        "operator": "事業者不明",
        "ref": "",
        "url": "",
        "url2": ""
      }
    },
    {
      "type": "Feature",
      "geometry": {
        "type": "Point",
        "coordinates": [
          139.0618353,
          36.3718308
        ]
      },
      "properties": {
        "内容": "バス停: 小相木",
        "name": "小相木",
        "operator": "事業者不明",
        "ref": "",
        "url": "",
        "url2": ""
      }
    },
    {
      "type": "Feature",
      "geometry": {
        "type": "Point",
        "coordinates": [
          139.0626309,
          36.3688951
        ]
      },
      "properties": {
        "内容": "バス停: 育英高校",
        "name": "育英高校",
        "operator": "事業者不明",
        "ref": "西25",
        "url": "",
        "url2": ""
      }
    },
    {
      "type": "Feature",
      "geometry": {
        "type": "Point",
        "coordinates": [
          139.0626356,
          36.3684955
        ]
      },
      "properties": {
        "内容": "バス停: 育英高校",
        "name": "育英高校",
        "operator": "事業者不明",
        "ref": "西25",
        "url": "",
        "url2": ""
      }
    },
    {
      "type": "Feature",
      "geometry": {
        "type": "Point",
        "coordinates": [
          139.0610962,
          36.3672956
        ]
      },
      "properties": {
        "内容": "バス停: 済生会前橋病院",
        "name": "済生会前橋病院",
        "operator": "事業者不明",
        "ref": "西24",
        "url": "",
        "url2": ""
      }
    },
    {
      "type": "Feature",
      "geometry": {
        "type": "Point",
        "coordinates": [
          139.063361,
          36.3648195
        ]
      },
      "properties": {
        "内容": "バス停: 上新田郵便局",
        "name": "上新田郵便局",
        "operator": "事業者不明",
        "ref": "",
        "url": "",
        "url2": ""
      }
    },
    {
      "type": "Feature",
      "geometry": {
        "type": "Point",
        "coordinates": [
          139.0632544,
          36.3650939
        ]
      },
      "properties": {
        "内容": "バス停: 上新田郵便局",
        "name": "上新田郵便局",
        "operator": "事業者不明",
        "ref": "",
        "url": "",
        "url2": ""
      }
    },
    {
      "type": "Feature",
      "geometry": {
        "type": "Point",
        "coordinates": [
          139.0626633,
          36.3610822
        ]
      },
      "properties": {
        "内容": "バス停: 下新田入口",
        "name": "下新田入口",
        "operator": "事業者不明",
        "ref": "西20西4-1",
        "url": "",
        "url2": ""
      }
    },
    {
      "type": "Feature",
      "geometry": {
        "type": "Point",
        "coordinates": [
          139.06313,
          36.3612452
        ]
      },
      "properties": {
        "内容": "バス停: 下新田入口",
        "name": "下新田入口",
        "operator": "事業者不明",
        "ref": "",
        "url": "",
        "url2": ""
      }
    },
    {
      "type": "Feature",
      "geometry": {
        "type": "Point",
        "coordinates": [
          139.0597106,
          36.3607619
        ]
      },
      "properties": {
        "内容": "バス停: 学校前",
        "name": "学校前",
        "operator": "事業者不明",
        "ref": "西10",
        "url": "",
        "url2": ""
      }
    },
    {
      "type": "Feature",
      "geometry": {
        "type": "Point",
        "coordinates": [
          139.0595567,
          36.3608277
        ]
      },
      "properties": {
        "内容": "バス停: 学校前",
        "name": "学校前",
        "operator": "事業者不明",
        "ref": "西10",
        "url": "",
        "url2": ""
      }
    },
    {
      "type": "Feature",
      "geometry": {
        "type": "Point",
        "coordinates": [
          139.0601122,
          36.3581914
        ]
      },
      "properties": {
        "内容": "バス停: 大利根団地",
        "name": "大利根団地",
        "operator": "事業者不明",
        "ref": "西11",
        "url": "",
        "url2": ""
      }
    },
    {
      "type": "Feature",
      "geometry": {
        "type": "Point",
        "coordinates": [
          139.0599902,
          36.3582579
        ]
      },
      "properties": {
        "内容": "バス停: 大利根団地",
        "name": "大利根団地",
        "operator": "事業者不明",
        "ref": "西11",
        "url": "",
        "url2": ""
      }
    },
    {
      "type": "Feature",
      "geometry": {
        "type": "Point",
        "coordinates": [
          139.0628639,
          36.3565627
        ]
      },
      "properties": {
        "内容": "バス停: 卸売センター;旧卸売センター",
        "name": "卸売センター;旧卸売センター",
        "operator": "事業者不明",
        "ref": "西12",
        "url": "",
        "url2": ""
      }
    },
    {
      "type": "Feature",
      "geometry": {
        "type": "Point",
        "coordinates": [
          139.0627287,
          36.3565114
        ]
      },
      "properties": {
        "内容": "バス停: 卸売センター;旧卸売センター",
        "name": "卸売センター;旧卸売センター",
        "operator": "事業者不明",
        "ref": "西12",
        "url": "",
        "url2": ""
      }
    },
    {
      "type": "Feature",
      "geometry": {
        "type": "Point",
        "coordinates": [
          139.062904,
          36.3531368
        ]
      },
      "properties": {
        "内容": "バス停: 第二団地",
        "name": "第二団地",
        "operator": "事業者不明",
        "ref": "西13",
        "url": "",
        "url2": ""
      }
    },
    {
      "type": "Feature",
      "geometry": {
        "type": "Point",
        "coordinates": [
          139.0627734,
          36.3532028
        ]
      },
      "properties": {
        "内容": "バス停: 第二団地",
        "name": "第二団地",
        "operator": "事業者不明",
        "ref": "西13",
        "url": "",
        "url2": ""
      }
    },
    {
      "type": "Feature",
      "geometry": {
        "type": "Point",
        "coordinates": [
          139.0617578,
          36.3468447
        ]
      },
      "properties": {
        "内容": "バス停: 上京目",
        "name": "上京目",
        "operator": "事業者不明",
        "ref": "",
        "url": "",
        "url2": ""
      }
    },
    {
      "type": "Feature",
      "geometry": {
        "type": "Point",
        "coordinates": [
          139.0616134,
          36.3468475
        ]
      },
      "properties": {
        "内容": "バス停: 上京目",
        "name": "上京目",
        "operator": "事業者不明",
        "ref": "",
        "url": "",
        "url2": ""
      }
    },
    {
      "type": "Feature",
      "geometry": {
        "type": "Point",
        "coordinates": [
          139.0623852,
          36.3422667
        ]
      },
      "properties": {
        "内容": "バス停: 京目",
        "name": "京目",
        "operator": "事業者不明",
        "ref": "",
        "url": "",
        "url2": ""
      }
    },
    {
      "type": "Feature",
      "geometry": {
        "type": "Point",
        "coordinates": [
          139.0622358,
          36.3420974
        ]
      },
      "properties": {
        "内容": "バス停: 京目",
        "name": "京目",
        "operator": "事業者不明",
        "ref": "",
        "url": "",
        "url2": ""
      }
    },
    {
      "type": "Feature",
      "geometry": {
        "type": "Point",
        "coordinates": [
          139.0489978,
          36.3413818
        ]
      },
      "properties": {
        "内容": "バス停: 西島",
        "name": "西島",
        "operator": "事業者不明",
        "ref": "",
        "url": "",
        "url2": ""
      }
    },
    {
      "type": "Feature",
      "geometry": {
        "type": "Point",
        "coordinates": [
          139.0491741,
          36.3416047
        ]
      },
      "properties": {
        "内容": "バス停: 西島",
        "name": "西島",
        "operator": "事業者不明",
        "ref": "",
        "url": "",
        "url2": ""
      }
    },
    {
      "type": "Feature",
      "geometry": {
        "type": "Point",
        "coordinates": [
          139.0441227,
          36.3407874
        ]
      },
      "properties": {
        "内容": "バス停: 山王入口",
        "name": "山王入口",
        "operator": "事業者不明",
        "ref": "",
        "url": "",
        "url2": ""
      }
    },
    {
      "type": "Feature",
      "geometry": {
        "type": "Point",
        "coordinates": [
          139.0443492,
          36.3410698
        ]
      },
      "properties": {
        "内容": "バス停: 山王入口",
        "name": "山王入口",
        "operator": "事業者不明",
        "ref": "",
        "url": "",
        "url2": ""
      }
    },
    {
      "type": "Feature",
      "geometry": {
        "type": "Point",
        "coordinates": [
          139.0398219,
          36.3392167
        ]
      },
      "properties": {
        "内容": "バス停: 下新保",
        "name": "下新保",
        "operator": "事業者不明",
        "ref": "",
        "url": "",
        "url2": ""
      }
    },
    {
      "type": "Feature",
      "geometry": {
        "type": "Point",
        "coordinates": [
          139.0402049,
          36.3396081
        ]
      },
      "properties": {
        "内容": "バス停: 下新保",
        "name": "下新保",
        "operator": "事業者不明",
        "ref": "",
        "url": "",
        "url2": ""
      }
    },
    {
      "type": "Feature",
      "geometry": {
        "type": "Point",
        "coordinates": [
          139.0358653,
          36.3376053
        ]
      },
      "properties": {
        "内容": "バス停: マックス入口",
        "name": "マックス入口",
        "operator": "事業者不明",
        "ref": "",
        "url": "",
        "url2": ""
      }
    },
    {
      "type": "Feature",
      "geometry": {
        "type": "Point",
        "coordinates": [
          139.0359858,
          36.337885
        ]
      },
      "properties": {
        "内容": "バス停: マックス入口",
        "name": "マックス入口",
        "operator": "事業者不明",
        "ref": "",
        "url": "",
        "url2": ""
      }
    },
    {
      "type": "Feature",
      "geometry": {
        "type": "Point",
        "coordinates": [
          139.0328867,
          36.3365575
        ]
      },
      "properties": {
        "内容": "バス停: 上大類",
        "name": "上大類",
        "operator": "事業者不明",
        "ref": "",
        "url": "",
        "url2": ""
      }
    },
    {
      "type": "Feature",
      "geometry": {
        "type": "Point",
        "coordinates": [
          139.0325941,
          36.3367078
        ]
      },
      "properties": {
        "内容": "バス停: 上大類",
        "name": "上大類",
        "operator": "事業者不明",
        "ref": "",
        "url": "",
        "url2": ""
      }
    },
    {
      "type": "Feature",
      "geometry": {
        "type": "Point",
        "coordinates": [
          139.0261997,
          36.3352353
        ]
      },
      "properties": {
        "内容": "バス停: 吉見パーキング",
        "name": "吉見パーキング",
        "operator": "事業者不明",
        "ref": "",
        "url": "",
        "url2": ""
      }
    },
    {
      "type": "Feature",
      "geometry": {
        "type": "Point",
        "coordinates": [
          139.0266461,
          36.3355572
        ]
      },
      "properties": {
        "内容": "バス停: 吉見パーキング",
        "name": "吉見パーキング",
        "operator": "事業者不明",
        "ref": "",
        "url": "",
        "url2": ""
      }
    },
    {
      "type": "Feature",
      "geometry": {
        "type": "Point",
        "coordinates": [
          139.021334,
          36.334423
        ]
      },
      "properties": {
        "内容": "バス停: 江木",
        "name": "江木",
        "operator": "事業者不明",
        "ref": "",
        "url": "",
        "url2": ""
      }
    },
    {
      "type": "Feature",
      "geometry": {
        "type": "Point",
        "coordinates": [
          139.0211273,
          36.3345929
        ]
      },
      "properties": {
        "内容": "バス停: 江木",
        "name": "江木",
        "operator": "事業者不明",
        "ref": "",
        "url": "",
        "url2": ""
      }
    },
    {
      "type": "Feature",
      "geometry": {
        "type": "Point",
        "coordinates": [
          139.0188619,
          36.333982
        ]
      },
      "properties": {
        "内容": "バス停: 工業学校前",
        "name": "工業学校前",
        "operator": "事業者不明",
        "ref": "",
        "url": "",
        "url2": ""
      }
    },
    {
      "type": "Feature",
      "geometry": {
        "type": "Point",
        "coordinates": [
          139.0172756,
          36.333911
        ]
      },
      "properties": {
        "内容": "バス停: 工業学校前",
        "name": "工業学校前",
        "operator": "事業者不明",
        "ref": "",
        "url": "",
        "url2": ""
      }
    },
    {
      "type": "Feature",
      "geometry": {
        "type": "Point",
        "coordinates": [
          139.0152895,
          36.3333947
        ]
      },
      "properties": {
        "内容": "バス停: 芝塚",
        "name": "芝塚",
        "operator": "事業者不明",
        "ref": "",
        "url": "",
        "url2": ""
      }
    },
    {
      "type": "Feature",
      "geometry": {
        "type": "Point",
        "coordinates": [
          139.0147902,
          36.3335612
        ]
      },
      "properties": {
        "内容": "バス停: 芝塚",
        "name": "芝塚",
        "operator": "事業者不明",
        "ref": "",
        "url": "",
        "url2": ""
      }
    },
    {
      "type": "Feature",
      "geometry": {
        "type": "Point",
        "coordinates": [
          139.0487568,
          36.3555837
        ]
      },
      "properties": {
        "内容": "バス停: 川曲柳橋 (日本中央バス株式会社)",
        "name": "川曲柳橋",
        "operator": "日本中央バス株式会社",
        "ref": "",
        "url": "",
        "url2": ""
      }
    },
    {
      "type": "Feature",
      "geometry": {
        "type": "Point",
        "coordinates": [
          139.0489246,
          36.355598
        ]
      },
      "properties": {
        "内容": "バス停: 川曲柳橋 (日本中央バス株式会社)",
        "name": "川曲柳橋",
        "operator": "日本中央バス株式会社",
        "ref": "",
        "url": "",
        "url2": ""
      }
    },
    {
      "type": "Feature",
      "geometry": {
        "type": "Point",
        "coordinates": [
          139.0488187,
          36.3589771
        ]
      },
      "properties": {
        "内容": "バス停: 中央中等教育学校入口 (日本中央バス株式会社)",
        "name": "中央中等教育学校入口",
        "operator": "日本中央バス株式会社",
        "ref": "",
        "url": "",
        "url2": ""
      }
    },
    {
      "type": "Feature",
      "geometry": {
        "type": "Point",
        "coordinates": [
          139.0489893,
          36.3589875
        ]
      },
      "properties": {
        "内容": "バス停: 中央中等教育学校入口 (日本中央バス株式会社)",
        "name": "中央中等教育学校入口",
        "operator": "日本中央バス株式会社",
        "ref": "",
        "url": "",
        "url2": ""
      }
    },
    {
      "type": "Feature",
      "geometry": {
        "type": "Point",
        "coordinates": [
          139.0678667,
          36.3923716
        ]
      },
      "properties": {
        "内容": "バス停: 千代田町二丁目 (関越交通株式会社)",
        "name": "千代田町二丁目",
        "operator": "関越交通株式会社",
        "ref": "",
        "url": "",
        "url2": ""
      }
    },
    {
      "type": "Feature",
      "geometry": {
        "type": "Point",
        "coordinates": [
          139.0679932,
          36.3920561
        ]
      },
      "properties": {
        "内容": "バス停: 千代田町二丁目",
        "name": "千代田町二丁目",
        "operator": "事業者不明",
        "ref": "",
        "url": "",
        "url2": ""
      }
    },
    {
      "type": "Feature",
      "geometry": {
        "type": "Point",
        "coordinates": [
          139.069233,
          36.3986011
        ]
      },
      "properties": {
        "内容": "バス停: 住吉町交番前",
        "name": "住吉町交番前",
        "operator": "事業者不明",
        "ref": "",
        "url": "",
        "url2": ""
      }
    },
    {
      "type": "Feature",
      "geometry": {
        "type": "Point",
        "coordinates": [
          139.0688174,
          36.4000525
        ]
      },
      "properties": {
        "内容": "バス停: 国領町一丁目 (関越交通株式会社)",
        "name": "国領町一丁目",
        "operator": "関越交通株式会社",
        "ref": "",
        "url": "",
        "url2": ""
      }
    },
    {
      "type": "Feature",
      "geometry": {
        "type": "Point",
        "coordinates": [
          139.068427,
          36.4018172
        ]
      },
      "properties": {
        "内容": "バス停: 国領町一丁目 (関越交通株式会社)",
        "name": "国領町一丁目",
        "operator": "関越交通株式会社",
        "ref": "",
        "url": "",
        "url2": ""
      }
    },
    {
      "type": "Feature",
      "geometry": {
        "type": "Point",
        "coordinates": [
          139.066601,
          36.4052079
        ]
      },
      "properties": {
        "内容": "バス停: 群大病院入口 (関越交通株式会社)",
        "name": "群大病院入口",
        "operator": "関越交通株式会社",
        "ref": "",
        "url": "",
        "url2": ""
      }
    },
    {
      "type": "Feature",
      "geometry": {
        "type": "Point",
        "coordinates": [
          139.0665873,
          36.4057272
        ]
      },
      "properties": {
        "内容": "バス停: 群大病院入口 (関越交通株式会社)",
        "name": "群大病院入口",
        "operator": "関越交通株式会社",
        "ref": "",
        "url": "",
        "url2": ""
      }
    },
    {
      "type": "Feature",
      "geometry": {
        "type": "Point",
        "coordinates": [
          139.0649202,
          36.4088429
        ]
      },
      "properties": {
        "内容": "バス停: 下小出町一丁目 (関越交通株式会社)",
        "name": "下小出町一丁目",
        "operator": "関越交通株式会社",
        "ref": "",
        "url": "",
        "url2": ""
      }
    },
    {
      "type": "Feature",
      "geometry": {
        "type": "Point",
        "coordinates": [
          139.0653995,
          36.4082807
        ]
      },
      "properties": {
        "内容": "バス停: 下小出町一丁目 (関越交通株式会社)",
        "name": "下小出町一丁目",
        "operator": "関越交通株式会社",
        "ref": "",
        "url": "",
        "url2": ""
      }
    },
    {
      "type": "Feature",
      "geometry": {
        "type": "Point",
        "coordinates": [
          139.0632097,
          36.4124875
        ]
      },
      "properties": {
        "内容": "バス停: 下小出 (関越交通株式会社)",
        "name": "下小出",
        "operator": "関越交通株式会社",
        "ref": "",
        "url": "",
        "url2": ""
      }
    },
    {
      "type": "Feature",
      "geometry": {
        "type": "Point",
        "coordinates": [
          139.0636163,
          36.4121374
        ]
      },
      "properties": {
        "内容": "バス停: 下小出 (関越交通株式会社)",
        "name": "下小出",
        "operator": "関越交通株式会社",
        "ref": "",
        "url": "",
        "url2": ""
      }
    },
    {
      "type": "Feature",
      "geometry": {
        "type": "Point",
        "coordinates": [
          139.0610189,
          36.4172205
        ]
      },
      "properties": {
        "内容": "バス停: 上小出 (関越交通株式会社)",
        "name": "上小出",
        "operator": "関越交通株式会社",
        "ref": "",
        "url": "",
        "url2": ""
      }
    },
    {
      "type": "Feature",
      "geometry": {
        "type": "Point",
        "coordinates": [
          139.0611631,
          36.4174258
        ]
      },
      "properties": {
        "内容": "バス停: 上小出 (関越交通株式会社)",
        "name": "上小出",
        "operator": "関越交通株式会社",
        "ref": "",
        "url": "",
        "url2": ""
      }
    },
    {
      "type": "Feature",
      "geometry": {
        "type": "Point",
        "coordinates": [
          139.0587033,
          36.4222402
        ]
      },
      "properties": {
        "内容": "バス停: 北前橋 (関越交通株式会社)",
        "name": "北前橋",
        "operator": "関越交通株式会社",
        "ref": "",
        "url": "",
        "url2": ""
      }
    },
    {
      "type": "Feature",
      "geometry": {
        "type": "Point",
        "coordinates": [
          139.0589382,
          36.4221458
        ]
      },
      "properties": {
        "内容": "バス停: 北前橋 (関越交通株式会社)",
        "name": "北前橋",
        "operator": "関越交通株式会社",
        "ref": "",
        "url": "",
        "url2": ""
      }
    },
    {
      "type": "Feature",
      "geometry": {
        "type": "Point",
        "coordinates": [
          139.0607367,
          36.42351
        ]
      },
      "properties": {
        "内容": "バス停: 南橘中学校前 (関越交通株式会社)",
        "name": "南橘中学校前",
        "operator": "関越交通株式会社",
        "ref": "",
        "url": "",
        "url2": ""
      }
    },
    {
      "type": "Feature",
      "geometry": {
        "type": "Point",
        "coordinates": [
          139.0605932,
          36.423397
        ]
      },
      "properties": {
        "内容": "バス停: 南橘中学校前 (関越交通株式会社)",
        "name": "南橘中学校前",
        "operator": "関越交通株式会社",
        "ref": "",
        "url": "",
        "url2": ""
      }
    },
    {
      "type": "Feature",
      "geometry": {
        "type": "Point",
        "coordinates": [
          139.0635585,
          36.42605
        ]
      },
      "properties": {
        "内容": "バス停: 南橘団地入口 (関越交通株式会社)",
        "name": "南橘団地入口",
        "operator": "関越交通株式会社",
        "ref": "",
        "url": "",
        "url2": ""
      }
    },
    {
      "type": "Feature",
      "geometry": {
        "type": "Point",
        "coordinates": [
          139.0632183,
          36.4261424
        ]
      },
      "properties": {
        "内容": "バス停: 南橘団地入口 (関越交通株式会社)",
        "name": "南橘団地入口",
        "operator": "関越交通株式会社",
        "ref": "",
        "url": "",
        "url2": ""
      }
    },
    {
      "type": "Feature",
      "geometry": {
        "type": "Point",
        "coordinates": [
          139.0643672,
          36.4272174
        ]
      },
      "properties": {
        "内容": "バス停: 南橘団地 (関越交通株式会社)",
        "name": "南橘団地",
        "operator": "関越交通株式会社",
        "ref": "",
        "url": "",
        "url2": ""
      }
    },
    {
      "type": "Feature",
      "geometry": {
        "type": "Point",
        "coordinates": [
          139.060844,
          36.4267746
        ]
      },
      "properties": {
        "内容": "バス停: 南橘保育所北 (関越交通株式会社)",
        "name": "南橘保育所北",
        "operator": "関越交通株式会社",
        "ref": "",
        "url": "",
        "url2": ""
      }
    },
    {
      "type": "Feature",
      "geometry": {
        "type": "Point",
        "coordinates": [
          139.0608034,
          36.4268364
        ]
      },
      "properties": {
        "内容": "バス停: 南橘保育所北 (関越交通株式会社)",
        "name": "南橘保育所北",
        "operator": "関越交通株式会社",
        "ref": "",
        "url": "",
        "url2": ""
      }
    },
    {
      "type": "Feature",
      "geometry": {
        "type": "Point",
        "coordinates": [
          139.0559104,
          36.4268788
        ]
      },
      "properties": {
        "内容": "バス停: 荒牧新道 (関越交通株式会社)",
        "name": "荒牧新道",
        "operator": "関越交通株式会社",
        "ref": "",
        "url": "",
        "url2": ""
      }
    },
    {
      "type": "Feature",
      "geometry": {
        "type": "Point",
        "coordinates": [
          139.0560714,
          36.4269369
        ]
      },
      "properties": {
        "内容": "バス停: 荒牧新道 (関越交通株式会社)",
        "name": "荒牧新道",
        "operator": "関越交通株式会社",
        "ref": "",
        "url": "",
        "url2": ""
      }
    },
    {
      "type": "Feature",
      "geometry": {
        "type": "Point",
        "coordinates": [
          139.0540586,
          36.4296639
        ]
      },
      "properties": {
        "内容": "バス停: 荒牧 (関越交通株式会社)",
        "name": "荒牧",
        "operator": "関越交通株式会社",
        "ref": "",
        "url": "",
        "url2": ""
      }
    },
    {
      "type": "Feature",
      "geometry": {
        "type": "Point",
        "coordinates": [
          139.0546737,
          36.4290715
        ]
      },
      "properties": {
        "内容": "バス停: 荒牧 (関越交通株式会社)",
        "name": "荒牧",
        "operator": "関越交通株式会社",
        "ref": "",
        "url": "",
        "url2": ""
      }
    },
    {
      "type": "Feature",
      "geometry": {
        "type": "Point",
        "coordinates": [
          139.0535181,
          36.4289374
        ]
      },
      "properties": {
        "内容": "バス停: 荒牧 (関越交通株式会社)",
        "name": "荒牧",
        "operator": "関越交通株式会社",
        "ref": "",
        "url": "",
        "url2": ""
      }
    },
    {
      "type": "Feature",
      "geometry": {
        "type": "Point",
        "coordinates": [
          139.0523359,
          36.4322891
        ]
      },
      "properties": {
        "内容": "バス停: 前橋自動車教習所前 (関越交通株式会社)",
        "name": "前橋自動車教習所前",
        "operator": "関越交通株式会社",
        "ref": "",
        "url": "",
        "url2": ""
      }
    },
    {
      "type": "Feature",
      "geometry": {
        "type": "Point",
        "coordinates": [
          139.0526717,
          36.4321043
        ]
      },
      "properties": {
        "内容": "バス停: 前橋自動車教習所前 (関越交通株式会社)",
        "name": "前橋自動車教習所前",
        "operator": "関越交通株式会社",
        "ref": "",
        "url": "",
        "url2": ""
      }
    },
    {
      "type": "Feature",
      "geometry": {
        "type": "Point",
        "coordinates": [
          139.050103,
          36.4363703
        ]
      },
      "properties": {
        "内容": "バス停: 関根 (関越交通株式会社)",
        "name": "関根",
        "operator": "関越交通株式会社",
        "ref": "",
        "url": "",
        "url2": ""
      }
    },
    {
      "type": "Feature",
      "geometry": {
        "type": "Point",
        "coordinates": [
          139.0504397,
          36.4359253
        ]
      },
      "properties": {
        "内容": "バス停: 関根 (関越交通株式会社)",
        "name": "関根",
        "operator": "関越交通株式会社",
        "ref": "",
        "url": "",
        "url2": ""
      }
    },
    {
      "type": "Feature",
      "geometry": {
        "type": "Point",
        "coordinates": [
          139.0527459,
          36.4406294
        ]
      },
      "properties": {
        "内容": "バス停: 道の駅まえばし赤城 (関越交通株式会社)",
        "name": "道の駅まえばし赤城",
        "operator": "関越交通株式会社",
        "ref": "",
        "url": "",
        "url2": ""
      }
    },
    {
      "type": "Feature",
      "geometry": {
        "type": "Point",
        "coordinates": [
          139.0483671,
          36.4425276
        ]
      },
      "properties": {
        "内容": "バス停: 法華沢 (関越交通株式会社)",
        "name": "法華沢",
        "operator": "関越交通株式会社",
        "ref": "",
        "url": "",
        "url2": ""
      }
    },
    {
      "type": "Feature",
      "geometry": {
        "type": "Point",
        "coordinates": [
          139.0484128,
          36.4428117
        ]
      },
      "properties": {
        "内容": "バス停: 法華沢 (関越交通株式会社)",
        "name": "法華沢",
        "operator": "関越交通株式会社",
        "ref": "",
        "url": "",
        "url2": ""
      }
    },
    {
      "type": "Feature",
      "geometry": {
        "type": "Point",
        "coordinates": [
          139.0433889,
          36.4534243
        ]
      },
      "properties": {
        "内容": "バス停: 発電所前 (関越交通株式会社)",
        "name": "発電所前",
        "operator": "関越交通株式会社",
        "ref": "",
        "url": "",
        "url2": ""
      }
    },
    {
      "type": "Feature",
      "geometry": {
        "type": "Point",
        "coordinates": [
          139.0437107,
          36.4532
        ]
      },
      "properties": {
        "内容": "バス停: 発電所前 (関越交通株式会社)",
        "name": "発電所前",
        "operator": "関越交通株式会社",
        "ref": "",
        "url": "",
        "url2": ""
      }
    },
    {
      "type": "Feature",
      "geometry": {
        "type": "Point",
        "coordinates": [
          139.0403899,
          36.457945
        ]
      },
      "properties": {
        "内容": "バス停: 木曽神社入口 (関越交通株式会社)",
        "name": "木曽神社入口",
        "operator": "関越交通株式会社",
        "ref": "",
        "url": "",
        "url2": ""
      }
    },
    {
      "type": "Feature",
      "geometry": {
        "type": "Point",
        "coordinates": [
          139.040476,
          36.458161
        ]
      },
      "properties": {
        "内容": "バス停: 木曽神社入口 (関越交通株式会社)",
        "name": "木曽神社入口",
        "operator": "関越交通株式会社",
        "ref": "",
        "url": "",
        "url2": ""
      }
    },
    {
      "type": "Feature",
      "geometry": {
        "type": "Point",
        "coordinates": [
          139.0410517,
          36.4577533
        ]
      },
      "properties": {
        "内容": "バス停: 木曽神社入口 (関越交通株式会社)",
        "name": "木曽神社入口",
        "operator": "関越交通株式会社",
        "ref": "",
        "url": "",
        "url2": ""
      }
    },
    {
      "type": "Feature",
      "geometry": {
        "type": "Point",
        "coordinates": [
          139.0412387,
          36.4577121
        ]
      },
      "properties": {
        "内容": "バス停: 木曽神社入口 (関越交通株式会社)",
        "name": "木曽神社入口",
        "operator": "関越交通株式会社",
        "ref": "",
        "url": "",
        "url2": ""
      }
    },
    {
      "type": "Feature",
      "geometry": {
        "type": "Point",
        "coordinates": [
          139.0464273,
          36.456633
        ]
      },
      "properties": {
        "内容": "バス停: 循環器病院入口 (関越交通株式会社)",
        "name": "循環器病院入口",
        "operator": "関越交通株式会社",
        "ref": "",
        "url": "",
        "url2": ""
      }
    },
    {
      "type": "Feature",
      "geometry": {
        "type": "Point",
        "coordinates": [
          139.0465313,
          36.4565604
        ]
      },
      "properties": {
        "内容": "バス停: 循環器病院入口 (関越交通株式会社)",
        "name": "循環器病院入口",
        "operator": "関越交通株式会社",
        "ref": "",
        "url": "",
        "url2": ""
      }
    },
    {
      "type": "Feature",
      "geometry": {
        "type": "Point",
        "coordinates": [
          139.0465764,
          36.4591618
        ]
      },
      "properties": {
        "内容": "バス停: 小児医療センター (関越交通株式会社)",
        "name": "小児医療センター",
        "operator": "関越交通株式会社",
        "ref": "",
        "url": "",
        "url2": ""
      }
    },
    {
      "type": "Feature",
      "geometry": {
        "type": "Point",
        "coordinates": [
          139.0384355,
          36.4614998
        ]
      },
      "properties": {
        "内容": "バス停: 下箱田 (関越交通株式会社)",
        "name": "下箱田",
        "operator": "関越交通株式会社",
        "ref": "",
        "url": "",
        "url2": ""
      }
    },
    {
      "type": "Feature",
      "geometry": {
        "type": "Point",
        "coordinates": [
          139.0387831,
          36.4610979
        ]
      },
      "properties": {
        "内容": "バス停: 下箱田 (関越交通株式会社)",
        "name": "下箱田",
        "operator": "関越交通株式会社",
        "ref": "",
        "url": "",
        "url2": ""
      }
    },
    {
      "type": "Feature",
      "geometry": {
        "type": "Point",
        "coordinates": [
          139.0375914,
          36.4633284
        ]
      },
      "properties": {
        "内容": "バス停: 坂東橋 (関越交通株式会社)",
        "name": "坂東橋",
        "operator": "関越交通株式会社",
        "ref": "",
        "url": "",
        "url2": ""
      }
    },
    {
      "type": "Feature",
      "geometry": {
        "type": "Point",
        "coordinates": [
          139.0378012,
          36.4634638
        ]
      },
      "properties": {
        "内容": "バス停: 坂東橋 (関越交通株式会社)",
        "name": "坂東橋",
        "operator": "関越交通株式会社",
        "ref": "",
        "url": "",
        "url2": ""
      }
    },
    {
      "type": "Feature",
      "geometry": {
        "type": "Point",
        "coordinates": [
          139.0337226,
          36.4642443
        ]
      },
      "properties": {
        "内容": "バス停: 東半田 (関越交通株式会社)",
        "name": "東半田",
        "operator": "関越交通株式会社",
        "ref": "",
        "url": "",
        "url2": ""
      }
    },
    {
      "type": "Feature",
      "geometry": {
        "type": "Point",
        "coordinates": [
          139.0318318,
          36.4648205
        ]
      },
      "properties": {
        "内容": "バス停: 東半田 (関越交通株式会社)",
        "name": "東半田",
        "operator": "関越交通株式会社",
        "ref": "",
        "url": "",
        "url2": ""
      }
    },
    {
      "type": "Feature",
      "geometry": {
        "type": "Point",
        "coordinates": [
          139.0282724,
          36.4653983
        ]
      },
      "properties": {
        "内容": "バス停: 半田 (関越交通株式会社)",
        "name": "半田",
        "operator": "関越交通株式会社",
        "ref": "",
        "url": "",
        "url2": ""
      }
    },
    {
      "type": "Feature",
      "geometry": {
        "type": "Point",
        "coordinates": [
          139.0284274,
          36.4658257
        ]
      },
      "properties": {
        "内容": "バス停: 半田 (関越交通株式会社)",
        "name": "半田",
        "operator": "関越交通株式会社",
        "ref": "",
        "url": "",
        "url2": ""
      }
    },
    {
      "type": "Feature",
      "geometry": {
        "type": "Point",
        "coordinates": [
          139.0261531,
          36.4672083
        ]
      },
      "properties": {
        "内容": "バス停: 半田北 (関越交通株式会社)",
        "name": "半田北",
        "operator": "関越交通株式会社",
        "ref": "",
        "url": "",
        "url2": ""
      }
    },
    {
      "type": "Feature",
      "geometry": {
        "type": "Point",
        "coordinates": [
          139.0264498,
          36.4674619
        ]
      },
      "properties": {
        "内容": "バス停: 半田北 (関越交通株式会社)",
        "name": "半田北",
        "operator": "関越交通株式会社",
        "ref": "",
        "url": "",
        "url2": ""
      }
    },
    {
      "type": "Feature",
      "geometry": {
        "type": "Point",
        "coordinates": [
          139.0246077,
          36.4695435
        ]
      },
      "properties": {
        "内容": "バス停: 沼辺 (関越交通株式会社)",
        "name": "沼辺",
        "operator": "関越交通株式会社",
        "ref": "",
        "url": "",
        "url2": ""
      }
    },
    {
      "type": "Feature",
      "geometry": {
        "type": "Point",
        "coordinates": [
          139.0248486,
          36.4698943
        ]
      },
      "properties": {
        "内容": "バス停: 沼辺 (関越交通株式会社)",
        "name": "沼辺",
        "operator": "関越交通株式会社",
        "ref": "",
        "url": "",
        "url2": ""
      }
    },
    {
      "type": "Feature",
      "geometry": {
        "type": "Point",
        "coordinates": [
          139.0232048,
          36.4732153
        ]
      },
      "properties": {
        "内容": "バス停: カーリット前 (関越交通株式会社)",
        "name": "カーリット前",
        "operator": "関越交通株式会社",
        "ref": "",
        "url": "",
        "url2": ""
      }
    },
    {
      "type": "Feature",
      "geometry": {
        "type": "Point",
        "coordinates": [
          139.0233357,
          36.473605
        ]
      },
      "properties": {
        "内容": "バス停: カーリット前 (関越交通株式会社)",
        "name": "カーリット前",
        "operator": "関越交通株式会社",
        "ref": "",
        "url": "",
        "url2": ""
      }
    },
    {
      "type": "Feature",
      "geometry": {
        "type": "Point",
        "coordinates": [
          139.0209149,
          36.4759177
        ]
      },
      "properties": {
        "内容": "バス停: 松原 (関越交通株式会社)",
        "name": "松原",
        "operator": "関越交通株式会社",
        "ref": "",
        "url": "",
        "url2": ""
      }
    },
    {
      "type": "Feature",
      "geometry": {
        "type": "Point",
        "coordinates": [
          139.0205458,
          36.4765604
        ]
      },
      "properties": {
        "内容": "バス停: 松原 (関越交通株式会社)",
        "name": "松原",
        "operator": "関越交通株式会社",
        "ref": "",
        "url": "",
        "url2": ""
      }
    },
    {
      "type": "Feature",
      "geometry": {
        "type": "Point",
        "coordinates": [
          139.0168359,
          36.4786666
        ]
      },
      "properties": {
        "内容": "バス停: 中村 (関越交通)",
        "name": "中村",
        "operator": "関越交通",
        "ref": "",
        "url": "",
        "url2": ""
      }
    },
    {
      "type": "Feature",
      "geometry": {
        "type": "Point",
        "coordinates": [
          139.0167299,
          36.4790123
        ]
      },
      "properties": {
        "内容": "バス停: 中村 (関越交通)",
        "name": "中村",
        "operator": "関越交通",
        "ref": "",
        "url": "",
        "url2": ""
      }
    },
    {
      "type": "Feature",
      "geometry": {
        "type": "Point",
        "coordinates": [
          139.012296,
          36.4848906
        ]
      },
      "properties": {
        "内容": "バス停: 早尾神社前 (関越交通株式会社)",
        "name": "早尾神社前",
        "operator": "関越交通株式会社",
        "ref": "",
        "url": "",
        "url2": ""
      }
    },
    {
      "type": "Feature",
      "geometry": {
        "type": "Point",
        "coordinates": [
          139.0127384,
          36.4845404
        ]
      },
      "properties": {
        "内容": "バス停: 早尾神社前 (関越交通株式会社)",
        "name": "早尾神社前",
        "operator": "関越交通株式会社",
        "ref": "",
        "url": "",
        "url2": ""
      }
    },
    {
      "type": "Feature",
      "geometry": {
        "type": "Point",
        "coordinates": [
          139.0084469,
          36.4882415
        ]
      },
      "properties": {
        "内容": "バス停: 大崎 (関越交通株式会社)",
        "name": "大崎",
        "operator": "関越交通株式会社",
        "ref": "",
        "url": "",
        "url2": ""
      }
    },
    {
      "type": "Feature",
      "geometry": {
        "type": "Point",
        "coordinates": [
          139.0096134,
          36.488074
        ]
      },
      "properties": {
        "内容": "バス停: 大崎 (関越交通株式会社)",
        "name": "大崎",
        "operator": "関越交通株式会社",
        "ref": "",
        "url": "",
        "url2": ""
      }
    },
    {
      "type": "Feature",
      "geometry": {
        "type": "Point",
        "coordinates": [
          139.00779,
          36.4902238
        ]
      },
      "properties": {
        "内容": "バス停: 渋川駅",
        "name": "渋川駅",
        "operator": "事業者不明",
        "ref": "",
        "url": "",
        "url2": ""
      }
    },
    {
      "type": "Feature",
      "geometry": {
        "type": "Point",
        "coordinates": [
          139.0077672,
          36.4901455
        ]
      },
      "properties": {
        "内容": "バス停: 渋川駅",
        "name": "渋川駅",
        "operator": "事業者不明",
        "ref": "",
        "url": "",
        "url2": ""
      }
    },
    {
      "type": "Feature",
      "geometry": {
        "type": "Point",
        "coordinates": [
          139.0076465,
          36.491216
        ]
      },
      "properties": {
        "内容": "バス停: 渋川駅 (関越交通株式会社)",
        "name": "渋川駅",
        "operator": "関越交通株式会社",
        "ref": "",
        "url": "",
        "url2": ""
      }
    },
    {
      "type": "Feature",
      "geometry": {
        "type": "Point",
        "coordinates": [
          139.0545606,
          36.4069795
        ]
      },
      "properties": {
        "内容": "バス停: 大渡橋通り (関越交通株式会社)",
        "name": "大渡橋通り",
        "operator": "関越交通株式会社",
        "ref": "",
        "url": "",
        "url2": ""
      }
    },
    {
      "type": "Feature",
      "geometry": {
        "type": "Point",
        "coordinates": [
          139.0546312,
          36.4072788
        ]
      },
      "properties": {
        "内容": "バス停: 大渡橋通り (関越交通株式会社)",
        "name": "大渡橋通り",
        "operator": "関越交通株式会社",
        "ref": "",
        "url": "",
        "url2": ""
      }
    },
    {
      "type": "Feature",
      "geometry": {
        "type": "Point",
        "coordinates": [
          139.0542684,
          36.4089652
        ]
      },
      "properties": {
        "内容": "バス停: 森林管理局前 (関越交通株式会社)",
        "name": "森林管理局前",
        "operator": "関越交通株式会社",
        "ref": "",
        "url": "",
        "url2": ""
      }
    },
    {
      "type": "Feature",
      "geometry": {
        "type": "Point",
        "coordinates": [
          139.054303,
          36.4090352
        ]
      },
      "properties": {
        "内容": "バス停: 森林管理局前 (関越交通株式会社)",
        "name": "森林管理局前",
        "operator": "関越交通株式会社",
        "ref": "",
        "url": "",
        "url2": ""
      }
    },
    {
      "type": "Feature",
      "geometry": {
        "type": "Point",
        "coordinates": [
          139.0545569,
          36.4099777
        ]
      },
      "properties": {
        "内容": "バス停: 森林管理局前 (関越交通株式会社)",
        "name": "森林管理局前",
        "operator": "関越交通株式会社",
        "ref": "",
        "url": "",
        "url2": ""
      }
    },
    {
      "type": "Feature",
      "geometry": {
        "type": "Point",
        "coordinates": [
          139.0546271,
          36.4105133
        ]
      },
      "properties": {
        "内容": "バス停: 森林管理局前 (関越交通株式会社)",
        "name": "森林管理局前",
        "operator": "関越交通株式会社",
        "ref": "",
        "url": "",
        "url2": ""
      }
    },
    {
      "type": "Feature",
      "geometry": {
        "type": "Point",
        "coordinates": [
          139.0545477,
          36.4126859
        ]
      },
      "properties": {
        "内容": "バス停: 競技場入口 (関越交通株式会社)",
        "name": "競技場入口",
        "operator": "関越交通株式会社",
        "ref": "",
        "url": "",
        "url2": ""
      }
    },
    {
      "type": "Feature",
      "geometry": {
        "type": "Point",
        "coordinates": [
          139.0546475,
          36.4129001
        ]
      },
      "properties": {
        "内容": "バス停: 競技場入口 (関越交通株式会社)",
        "name": "競技場入口",
        "operator": "関越交通株式会社",
        "ref": "",
        "url": "",
        "url2": ""
      }
    },
    {
      "type": "Feature",
      "geometry": {
        "type": "Point",
        "coordinates": [
          139.0554166,
          36.4159053
        ]
      },
      "properties": {
        "内容": "バス停: 諏訪橋 (関越交通株式会社)",
        "name": "諏訪橋",
        "operator": "関越交通株式会社",
        "ref": "",
        "url": "",
        "url2": ""
      }
    },
    {
      "type": "Feature",
      "geometry": {
        "type": "Point",
        "coordinates": [
          139.0554881,
          36.4160129
        ]
      },
      "properties": {
        "内容": "バス停: 諏訪橋 (関越交通株式会社)",
        "name": "諏訪橋",
        "operator": "関越交通株式会社",
        "ref": "",
        "url": "",
        "url2": ""
      }
    },
    {
      "type": "Feature",
      "geometry": {
        "type": "Point",
        "coordinates": [
          139.0532153,
          36.4179608
        ]
      },
      "properties": {
        "内容": "バス停: 敷島公園北口 (関越交通株式会社)",
        "name": "敷島公園北口",
        "operator": "関越交通株式会社",
        "ref": "",
        "url": "",
        "url2": ""
      }
    },
    {
      "type": "Feature",
      "geometry": {
        "type": "Point",
        "coordinates": [
          139.0533724,
          36.4179409
        ]
      },
      "properties": {
        "内容": "バス停: 敷島公園北口 (関越交通株式会社)",
        "name": "敷島公園北口",
        "operator": "関越交通株式会社",
        "ref": "",
        "url": "",
        "url2": ""
      }
    },
    {
      "type": "Feature",
      "geometry": {
        "type": "Point",
        "coordinates": [
          139.0506818,
          36.419506
        ]
      },
      "properties": {
        "内容": "バス停: 老人センター入口 (関越交通株式会社)",
        "name": "老人センター入口",
        "operator": "関越交通株式会社",
        "ref": "",
        "url": "",
        "url2": ""
      }
    },
    {
      "type": "Feature",
      "geometry": {
        "type": "Point",
        "coordinates": [
          139.0499355,
          36.4200557
        ]
      },
      "properties": {
        "内容": "バス停: 老人センター入口 (関越交通株式会社)",
        "name": "老人センター入口",
        "operator": "関越交通株式会社",
        "ref": "",
        "url": "",
        "url2": ""
      }
    },
    {
      "type": "Feature",
      "geometry": {
        "type": "Point",
        "coordinates": [
          139.0484778,
          36.4215973
        ]
      },
      "properties": {
        "内容": "バス停: 緑が丘町 (関越交通株式会社)",
        "name": "緑が丘町",
        "operator": "関越交通株式会社",
        "ref": "",
        "url": "",
        "url2": ""
      }
    },
    {
      "type": "Feature",
      "geometry": {
        "type": "Point",
        "coordinates": [
          139.0485633,
          36.4216139
        ]
      },
      "properties": {
        "内容": "バス停: 緑が丘町 (関越交通株式会社)",
        "name": "緑が丘町",
        "operator": "関越交通株式会社",
        "ref": "",
        "url": "",
        "url2": ""
      }
    },
    {
      "type": "Feature",
      "geometry": {
        "type": "Point",
        "coordinates": [
          139.0472851,
          36.4229329
        ]
      },
      "properties": {
        "内容": "バス停: 川原町南 (関越交通株式会社)",
        "name": "川原町南",
        "operator": "関越交通株式会社",
        "ref": "",
        "url": "",
        "url2": ""
      }
    },
    {
      "type": "Feature",
      "geometry": {
        "type": "Point",
        "coordinates": [
          139.0473773,
          36.4229496
        ]
      },
      "properties": {
        "内容": "バス停: 川原町南 (関越交通株式会社)",
        "name": "川原町南",
        "operator": "関越交通株式会社",
        "ref": "",
        "url": "",
        "url2": ""
      }
    },
    {
      "type": "Feature",
      "geometry": {
        "type": "Point",
        "coordinates": [
          139.0452454,
          36.4252081
        ]
      },
      "properties": {
        "内容": "バス停: 市杵嶋神社入口 (関越交通株式会社)",
        "name": "市杵嶋神社入口",
        "operator": "関越交通株式会社",
        "ref": "",
        "url": "",
        "url2": ""
      }
    },
    {
      "type": "Feature",
      "geometry": {
        "type": "Point",
        "coordinates": [
          139.0453076,
          36.4252595
        ]
      },
      "properties": {
        "内容": "バス停: 市杵嶋神社入口 (関越交通株式会社)",
        "name": "市杵嶋神社入口",
        "operator": "関越交通株式会社",
        "ref": "",
        "url": "",
        "url2": ""
      }
    },
    {
      "type": "Feature",
      "geometry": {
        "type": "Point",
        "coordinates": [
          139.0430688,
          36.4278299
        ]
      },
      "properties": {
        "内容": "バス停: 川原町 (関越交通株式会社)",
        "name": "川原町",
        "operator": "関越交通株式会社",
        "ref": "",
        "url": "",
        "url2": ""
      }
    },
    {
      "type": "Feature",
      "geometry": {
        "type": "Point",
        "coordinates": [
          139.0435098,
          36.427605
        ]
      },
      "properties": {
        "内容": "バス停: 川原町 (関越交通株式会社)",
        "name": "川原町",
        "operator": "関越交通株式会社",
        "ref": "",
        "url": "",
        "url2": ""
      }
    },
    {
      "type": "Feature",
      "geometry": {
        "type": "Point",
        "coordinates": [
          139.0500803,
          36.4276086
        ]
      },
      "properties": {
        "内容": "バス停: 荒牧小入口 (関越交通株式会社)",
        "name": "荒牧小入口",
        "operator": "関越交通株式会社",
        "ref": "",
        "url": "",
        "url2": ""
      }
    },
    {
      "type": "Feature",
      "geometry": {
        "type": "Point",
        "coordinates": [
          139.0503689,
          36.4278922
        ]
      },
      "properties": {
        "内容": "バス停: 荒牧小入口 (関越交通株式会社)",
        "name": "荒牧小入口",
        "operator": "関越交通株式会社",
        "ref": "",
        "url": "",
        "url2": ""
      }
    },
    {
      "type": "Feature",
      "geometry": {
        "type": "Point",
        "coordinates": [
          139.0471429,
          36.4268194
        ]
      },
      "properties": {
        "内容": "バス停: 荒牧小西 (関越交通株式会社)",
        "name": "荒牧小西",
        "operator": "関越交通株式会社",
        "ref": "",
        "url": "",
        "url2": ""
      }
    },
    {
      "type": "Feature",
      "geometry": {
        "type": "Point",
        "coordinates": [
          139.0465865,
          36.4268759
        ]
      },
      "properties": {
        "内容": "バス停: 荒牧小西 (関越交通株式会社)",
        "name": "荒牧小西",
        "operator": "関越交通株式会社",
        "ref": "",
        "url": "",
        "url2": ""
      }
    },
    {
      "type": "Feature",
      "geometry": {
        "type": "Point",
        "coordinates": [
          139.0773564,
          36.4094958
        ]
      },
      "properties": {
        "内容": "バス停: 北代田町 (永井運輸株式会社)",
        "name": "北代田町",
        "operator": "永井運輸株式会社",
        "ref": "",
        "url": "",
        "url2": ""
      }
    },
    {
      "type": "Feature",
      "geometry": {
        "type": "Point",
        "coordinates": [
          139.0772683,
          36.4094433
        ]
      },
      "properties": {
        "内容": "バス停: 北代田町 (永井運輸株式会社)",
        "name": "北代田町",
        "operator": "永井運輸株式会社",
        "ref": "",
        "url": "",
        "url2": ""
      }
    },
    {
      "type": "Feature",
      "geometry": {
        "type": "Point",
        "coordinates": [
          139.080926,
          36.4109088
        ]
      },
      "properties": {
        "内容": "バス停: 下細井町 (永井運輸株式会社)",
        "name": "下細井町",
        "operator": "永井運輸株式会社",
        "ref": "",
        "url": "",
        "url2": ""
      }
    },
    {
      "type": "Feature",
      "geometry": {
        "type": "Point",
        "coordinates": [
          139.0810456,
          36.4109416
        ]
      },
      "properties": {
        "内容": "バス停: 下細井町 (永井運輸株式会社)",
        "name": "下細井町",
        "operator": "永井運輸株式会社",
        "ref": "",
        "url": "",
        "url2": ""
      }
    },
    {
      "type": "Feature",
      "geometry": {
        "type": "Point",
        "coordinates": [
          139.0827961,
          36.4126024
        ]
      },
      "properties": {
        "内容": "バス停: 県営住宅前 (永井運輸株式会社)",
        "name": "県営住宅前",
        "operator": "永井運輸株式会社",
        "ref": "",
        "url": "",
        "url2": ""
      }
    },
    {
      "type": "Feature",
      "geometry": {
        "type": "Point",
        "coordinates": [
          139.0828474,
          36.41251
        ]
      },
      "properties": {
        "内容": "バス停: 県営住宅前 (永井運輸株式会社)",
        "name": "県営住宅前",
        "operator": "永井運輸株式会社",
        "ref": "",
        "url": "",
        "url2": ""
      }
    },
    {
      "type": "Feature",
      "geometry": {
        "type": "Point",
        "coordinates": [
          139.0837553,
          36.4133582
        ]
      },
      "properties": {
        "内容": "バス停: 学校前 (永井運輸株式会社)",
        "name": "学校前",
        "operator": "永井運輸株式会社",
        "ref": "",
        "url": "",
        "url2": ""
      }
    },
    {
      "type": "Feature",
      "geometry": {
        "type": "Point",
        "coordinates": [
          139.085252,
          36.414767
        ]
      },
      "properties": {
        "内容": "バス停: 学校前 (永井運輸株式会社)",
        "name": "学校前",
        "operator": "永井運輸株式会社",
        "ref": "",
        "url": "",
        "url2": ""
      }
    },
    {
      "type": "Feature",
      "geometry": {
        "type": "Point",
        "coordinates": [
          139.0885652,
          36.4157438
        ]
      },
      "properties": {
        "内容": "バス停: 鎌倉坂 (永井運輸株式会社)",
        "name": "鎌倉坂",
        "operator": "永井運輸株式会社",
        "ref": "",
        "url": "",
        "url2": ""
      }
    },
    {
      "type": "Feature",
      "geometry": {
        "type": "Point",
        "coordinates": [
          139.0885223,
          36.4156791
        ]
      },
      "properties": {
        "内容": "バス停: 鎌倉坂 (永井運輸株式会社)",
        "name": "鎌倉坂",
        "operator": "永井運輸株式会社",
        "ref": "",
        "url": "",
        "url2": ""
      }
    },
    {
      "type": "Feature",
      "geometry": {
        "type": "Point",
        "coordinates": [
          139.0915596,
          36.4166687
        ]
      },
      "properties": {
        "内容": "バス停: 小神明三叉路 (永井運輸株式会社)",
        "name": "小神明三叉路",
        "operator": "永井運輸株式会社",
        "ref": "",
        "url": "",
        "url2": ""
      }
    },
    {
      "type": "Feature",
      "geometry": {
        "type": "Point",
        "coordinates": [
          139.0916927,
          36.4167097
        ]
      },
      "properties": {
        "内容": "バス停: 小神明三叉路 (永井運輸株式会社)",
        "name": "小神明三叉路",
        "operator": "永井運輸株式会社",
        "ref": "",
        "url": "",
        "url2": ""
      }
    },
    {
      "type": "Feature",
      "geometry": {
        "type": "Point",
        "coordinates": [
          139.0932768,
          36.420327
        ]
      },
      "properties": {
        "内容": "バス停: 富士塚 (永井運輸株式会社)",
        "name": "富士塚",
        "operator": "永井運輸株式会社",
        "ref": "",
        "url": "",
        "url2": ""
      }
    },
    {
      "type": "Feature",
      "geometry": {
        "type": "Point",
        "coordinates": [
          139.0933552,
          36.4203222
        ]
      },
      "properties": {
        "内容": "バス停: 富士塚 (永井運輸株式会社)",
        "name": "富士塚",
        "operator": "永井運輸株式会社",
        "ref": "",
        "url": "",
        "url2": ""
      }
    },
    {
      "type": "Feature",
      "geometry": {
        "type": "Point",
        "coordinates": [
          139.0959517,
          36.4246961
        ]
      },
      "properties": {
        "内容": "バス停: 勝沢十字路 (永井運輸株式会社)",
        "name": "勝沢十字路",
        "operator": "永井運輸株式会社",
        "ref": "",
        "url": "",
        "url2": ""
      }
    },
    {
      "type": "Feature",
      "geometry": {
        "type": "Point",
        "coordinates": [
          139.0960898,
          36.4247993
        ]
      },
      "properties": {
        "内容": "バス停: 勝沢十字路 (永井運輸株式会社)",
        "name": "勝沢十字路",
        "operator": "永井運輸株式会社",
        "ref": "",
        "url": "",
        "url2": ""
      }
    },
    {
      "type": "Feature",
      "geometry": {
        "type": "Point",
        "coordinates": [
          139.0993704,
          36.4285287
        ]
      },
      "properties": {
        "内容": "バス停: 勝沢町 (永井運輸株式会社)",
        "name": "勝沢町",
        "operator": "永井運輸株式会社",
        "ref": "",
        "url": "",
        "url2": ""
      }
    },
    {
      "type": "Feature",
      "geometry": {
        "type": "Point",
        "coordinates": [
          139.0994426,
          36.4285297
        ]
      },
      "properties": {
        "内容": "バス停: 勝沢町 (永井運輸株式会社)",
        "name": "勝沢町",
        "operator": "永井運輸株式会社",
        "ref": "",
        "url": "",
        "url2": ""
      }
    },
    {
      "type": "Feature",
      "geometry": {
        "type": "Point",
        "coordinates": [
          139.1017277,
          36.4329875
        ]
      },
      "properties": {
        "内容": "バス停: 天沼集荷所 (永井運輸株式会社)",
        "name": "天沼集荷所",
        "operator": "永井運輸株式会社",
        "ref": "",
        "url": "",
        "url2": ""
      }
    },
    {
      "type": "Feature",
      "geometry": {
        "type": "Point",
        "coordinates": [
          139.1017652,
          36.4329534
        ]
      },
      "properties": {
        "内容": "バス停: 天沼集荷所 (永井運輸株式会社)",
        "name": "天沼集荷所",
        "operator": "永井運輸株式会社",
        "ref": "",
        "url": "",
        "url2": ""
      }
    },
    {
      "type": "Feature",
      "geometry": {
        "type": "Point",
        "coordinates": [
          139.1043174,
          36.4363524
        ]
      },
      "properties": {
        "内容": "バス停: 嶺十字路 (永井運輸株式会社)",
        "name": "嶺十字路",
        "operator": "永井運輸株式会社",
        "ref": "",
        "url": "",
        "url2": ""
      }
    },
    {
      "type": "Feature",
      "geometry": {
        "type": "Point",
        "coordinates": [
          139.104416,
          36.4363742
        ]
      },
      "properties": {
        "内容": "バス停: 嶺十字路 (永井運輸株式会社)",
        "name": "嶺十字路",
        "operator": "永井運輸株式会社",
        "ref": "",
        "url": "",
        "url2": ""
      }
    },
    {
      "type": "Feature",
      "geometry": {
        "type": "Point",
        "coordinates": [
          139.1053322,
          36.4385021
        ]
      },
      "properties": {
        "内容": "バス停: 嶺公民館前 (永井運輸株式会社)",
        "name": "嶺公民館前",
        "operator": "永井運輸株式会社",
        "ref": "",
        "url": "",
        "url2": ""
      }
    },
    {
      "type": "Feature",
      "geometry": {
        "type": "Point",
        "coordinates": [
          139.1054044,
          36.4384742
        ]
      },
      "properties": {
        "内容": "バス停: 嶺公民館前 (永井運輸株式会社)",
        "name": "嶺公民館前",
        "operator": "永井運輸株式会社",
        "ref": "",
        "url": "",
        "url2": ""
      }
    },
    {
      "type": "Feature",
      "geometry": {
        "type": "Point",
        "coordinates": [
          139.1118849,
          36.4479641
        ]
      },
      "properties": {
        "内容": "バス停: 嶺小学校入口 (永井運輸株式会社)",
        "name": "嶺小学校入口",
        "operator": "永井運輸株式会社",
        "ref": "",
        "url": "",
        "url2": ""
      }
    },
    {
      "type": "Feature",
      "geometry": {
        "type": "Point",
        "coordinates": [
          139.1118207,
          36.447641
        ]
      },
      "properties": {
        "内容": "バス停: 嶺小学校入口 (永井運輸株式会社)",
        "name": "嶺小学校入口",
        "operator": "永井運輸株式会社",
        "ref": "",
        "url": "",
        "url2": ""
      }
    },
    {
      "type": "Feature",
      "geometry": {
        "type": "Point",
        "coordinates": [
          139.1201886,
          36.4541373
        ]
      },
      "properties": {
        "内容": "バス停: 嶺公園管理事務所 (永井運輸株式会社)",
        "name": "嶺公園管理事務所",
        "operator": "永井運輸株式会社",
        "ref": "",
        "url": "",
        "url2": ""
      }
    },
    {
      "type": "Feature",
      "geometry": {
        "type": "Point",
        "coordinates": [
          139.1203037,
          36.4540733
        ]
      },
      "properties": {
        "内容": "バス停: 嶺公園管理事務所 (永井運輸株式会社)",
        "name": "嶺公園管理事務所",
        "operator": "永井運輸株式会社",
        "ref": "",
        "url": "",
        "url2": ""
      }
    },
    {
      "type": "Feature",
      "geometry": {
        "type": "Point",
        "coordinates": [
          139.1238194,
          36.4587114
        ]
      },
      "properties": {
        "内容": "バス停: 嶺公園 (永井運輸株式会社)",
        "name": "嶺公園",
        "operator": "永井運輸株式会社",
        "ref": "",
        "url": "",
        "url2": ""
      }
    },
    {
      "type": "Feature",
      "geometry": {
        "type": "Point",
        "coordinates": [
          139.0766299,
          36.4099101
        ]
      },
      "properties": {
        "内容": "バス停: 北代田 (関越交通株式会社)",
        "name": "北代田",
        "operator": "関越交通株式会社",
        "ref": "",
        "url": "",
        "url2": ""
      }
    },
    {
      "type": "Feature",
      "geometry": {
        "type": "Point",
        "coordinates": [
          139.0769506,
          36.4104806
        ]
      },
      "properties": {
        "内容": "バス停: 北代田 (関越交通株式会社)",
        "name": "北代田",
        "operator": "関越交通株式会社",
        "ref": "",
        "url": "",
        "url2": ""
      }
    },
    {
      "type": "Feature",
      "geometry": {
        "type": "Point",
        "coordinates": [
          139.0783084,
          36.4141378
        ]
      },
      "properties": {
        "内容": "バス停: 細井小学校入口 (関越交通株式会社)",
        "name": "細井小学校入口",
        "operator": "関越交通株式会社",
        "ref": "",
        "url": "",
        "url2": ""
      }
    },
    {
      "type": "Feature",
      "geometry": {
        "type": "Point",
        "coordinates": [
          139.0783466,
          36.4139895
        ]
      },
      "properties": {
        "内容": "バス停: 細井小学校入口 (関越交通株式会社)",
        "name": "細井小学校入口",
        "operator": "関越交通株式会社",
        "ref": "",
        "url": "",
        "url2": ""
      }
    },
    {
      "type": "Feature",
      "geometry": {
        "type": "Point",
        "coordinates": [
          139.0796726,
          36.4176436
        ]
      },
      "properties": {
        "内容": "バス停: 県前橋合同庁舎入口 (関越交通株式会社)",
        "name": "県前橋合同庁舎入口",
        "operator": "関越交通株式会社",
        "ref": "",
        "url": "",
        "url2": ""
      }
    },
    {
      "type": "Feature",
      "geometry": {
        "type": "Point",
        "coordinates": [
          139.0798764,
          36.4178184
        ]
      },
      "properties": {
        "内容": "バス停: 県前橋合同庁舎入口 (関越交通株式会社)",
        "name": "県前橋合同庁舎入口",
        "operator": "関越交通株式会社",
        "ref": "",
        "url": "",
        "url2": ""
      }
    },
    {
      "type": "Feature",
      "geometry": {
        "type": "Point",
        "coordinates": [
          139.0813994,
          36.4215874
        ]
      },
      "properties": {
        "内容": "バス停: 上細井 (関越交通株式会社)",
        "name": "上細井",
        "operator": "関越交通株式会社",
        "ref": "",
        "url": "",
        "url2": ""
      }
    },
    {
      "type": "Feature",
      "geometry": {
        "type": "Point",
        "coordinates": [
          139.0818032,
          36.4224656
        ]
      },
      "properties": {
        "内容": "バス停: 上細井 (関越交通株式会社)",
        "name": "上細井",
        "operator": "関越交通株式会社",
        "ref": "",
        "url": "",
        "url2": ""
      }
    },
    {
      "type": "Feature",
      "geometry": {
        "type": "Point",
        "coordinates": [
          139.0826856,
          36.4259976
        ]
      },
      "properties": {
        "内容": "バス停: 富士見入口 (関越交通株式会社)",
        "name": "富士見入口",
        "operator": "関越交通株式会社",
        "ref": "",
        "url": "",
        "url2": ""
      }
    },
    {
      "type": "Feature",
      "geometry": {
        "type": "Point",
        "coordinates": [
          139.0830064,
          36.4263912
        ]
      },
      "properties": {
        "内容": "バス停: 富士見入口 (関越交通株式会社)",
        "name": "富士見入口",
        "operator": "関越交通株式会社",
        "ref": "",
        "url": "",
        "url2": ""
      }
    },
    {
      "type": "Feature",
      "geometry": {
        "type": "Point",
        "coordinates": [
          139.0843464,
          36.4285811
        ]
      },
      "properties": {
        "内容": "バス停: 不動入口 (関越交通株式会社)",
        "name": "不動入口",
        "operator": "関越交通株式会社",
        "ref": "",
        "url": "",
        "url2": ""
      }
    },
    {
      "type": "Feature",
      "geometry": {
        "type": "Point",
        "coordinates": [
          139.0845799,
          36.4287948
        ]
      },
      "properties": {
        "内容": "バス停: 不動入口 (関越交通株式会社)",
        "name": "不動入口",
        "operator": "関越交通株式会社",
        "ref": "",
        "url": "",
        "url2": ""
      }
    },
    {
      "type": "Feature",
      "geometry": {
        "type": "Point",
        "coordinates": [
          139.0881792,
          36.4333144
        ]
      },
      "properties": {
        "内容": "バス停: 時沢神社前 (関越交通株式会社)",
        "name": "時沢神社前",
        "operator": "関越交通株式会社",
        "ref": "",
        "url": "",
        "url2": ""
      }
    },
    {
      "type": "Feature",
      "geometry": {
        "type": "Point",
        "coordinates": [
          139.0879418,
          36.4325104
        ]
      },
      "properties": {
        "内容": "バス停: 時沢神社前 (関越交通株式会社)",
        "name": "時沢神社前",
        "operator": "関越交通株式会社",
        "ref": "",
        "url": "",
        "url2": ""
      }
    },
    {
      "type": "Feature",
      "geometry": {
        "type": "Point",
        "coordinates": [
          139.0907397,
          36.4365466
        ]
      },
      "properties": {
        "内容": "バス停: 赤坂 (関越交通株式会社)",
        "name": "赤坂",
        "operator": "関越交通株式会社",
        "ref": "",
        "url": "",
        "url2": ""
      }
    },
    {
      "type": "Feature",
      "geometry": {
        "type": "Point",
        "coordinates": [
          139.0906463,
          36.4363673
        ]
      },
      "properties": {
        "内容": "バス停: 赤坂 (関越交通株式会社)",
        "name": "赤坂",
        "operator": "関越交通株式会社",
        "ref": "",
        "url": "",
        "url2": ""
      }
    },
    {
      "type": "Feature",
      "geometry": {
        "type": "Point",
        "coordinates": [
          139.0925935,
          36.4385051
        ]
      },
      "properties": {
        "内容": "バス停: 時沢学校前 (関越交通株式会社)",
        "name": "時沢学校前",
        "operator": "関越交通株式会社",
        "ref": "",
        "url": "",
        "url2": ""
      }
    },
    {
      "type": "Feature",
      "geometry": {
        "type": "Point",
        "coordinates": [
          139.0925334,
          36.4382225
        ]
      },
      "properties": {
        "内容": "バス停: 時沢学校前 (関越交通株式会社)",
        "name": "時沢学校前",
        "operator": "関越交通株式会社",
        "ref": "",
        "url": "",
        "url2": ""
      }
    },
    {
      "type": "Feature",
      "geometry": {
        "type": "Point",
        "coordinates": [
          139.0953401,
          36.4427821
        ]
      },
      "properties": {
        "内容": "バス停: 鳥居下 (関越交通株式会社)",
        "name": "鳥居下",
        "operator": "関越交通株式会社",
        "ref": "",
        "url": "",
        "url2": ""
      }
    },
    {
      "type": "Feature",
      "geometry": {
        "type": "Point",
        "coordinates": [
          139.0954173,
          36.4427899
        ]
      },
      "properties": {
        "内容": "バス停: 鳥居下 (関越交通株式会社)",
        "name": "鳥居下",
        "operator": "関越交通株式会社",
        "ref": "",
        "url": "",
        "url2": ""
      }
    },
    {
      "type": "Feature",
      "geometry": {
        "type": "Point",
        "coordinates": [
          139.0969785,
          36.4461491
        ]
      },
      "properties": {
        "内容": "バス停: 小暮一の鳥居 (関越交通株式会社)",
        "name": "小暮一の鳥居",
        "operator": "関越交通株式会社",
        "ref": "",
        "url": "",
        "url2": ""
      }
    },
    {
      "type": "Feature",
      "geometry": {
        "type": "Point",
        "coordinates": [
          139.0965665,
          36.4451367
        ]
      },
      "properties": {
        "内容": "バス停: 小暮一の鳥居 (関越交通株式会社)",
        "name": "小暮一の鳥居",
        "operator": "関越交通株式会社",
        "ref": "",
        "url": "",
        "url2": ""
      }
    },
    {
      "type": "Feature",
      "geometry": {
        "type": "Point",
        "coordinates": [
          139.0976253,
          36.4494696
        ]
      },
      "properties": {
        "内容": "バス停: 一里塚 (関越交通株式会社)",
        "name": "一里塚",
        "operator": "関越交通株式会社",
        "ref": "",
        "url": "",
        "url2": ""
      }
    },
    {
      "type": "Feature",
      "geometry": {
        "type": "Point",
        "coordinates": [
          139.097799,
          36.4495952
        ]
      },
      "properties": {
        "内容": "バス停: 一里塚 (関越交通株式会社)",
        "name": "一里塚",
        "operator": "関越交通株式会社",
        "ref": "",
        "url": "",
        "url2": ""
      }
    },
    {
      "type": "Feature",
      "geometry": {
        "type": "Point",
        "coordinates": [
          139.0995974,
          36.4531593
        ]
      },
      "properties": {
        "内容": "バス停: 小暮 (関越交通株式会社)",
        "name": "小暮",
        "operator": "関越交通株式会社",
        "ref": "",
        "url": "",
        "url2": ""
      }
    },
    {
      "type": "Feature",
      "geometry": {
        "type": "Point",
        "coordinates": [
          139.099683,
          36.4531722
        ]
      },
      "properties": {
        "内容": "バス停: 小暮 (関越交通株式会社)",
        "name": "小暮",
        "operator": "関越交通株式会社",
        "ref": "",
        "url": "",
        "url2": ""
      }
    },
    {
      "type": "Feature",
      "geometry": {
        "type": "Point",
        "coordinates": [
          139.1012725,
          36.4564763
        ]
      },
      "properties": {
        "内容": "バス停: 木の根坂 (関越交通株式会社)",
        "name": "木の根坂",
        "operator": "関越交通株式会社",
        "ref": "",
        "url": "",
        "url2": ""
      }
    },
    {
      "type": "Feature",
      "geometry": {
        "type": "Point",
        "coordinates": [
          139.1012397,
          36.456178
        ]
      },
      "properties": {
        "内容": "バス停: 木の根坂 (関越交通株式会社)",
        "name": "木の根坂",
        "operator": "関越交通株式会社",
        "ref": "",
        "url": "",
        "url2": ""
      }
    },
    {
      "type": "Feature",
      "geometry": {
        "type": "Point",
        "coordinates": [
          139.1034647,
          36.460333
        ]
      },
      "properties": {
        "内容": "バス停: 二の宮 (関越交通株式会社)",
        "name": "二の宮",
        "operator": "関越交通株式会社",
        "ref": "",
        "url": "",
        "url2": ""
      }
    },
    {
      "type": "Feature",
      "geometry": {
        "type": "Point",
        "coordinates": [
          139.1036299,
          36.4604823
        ]
      },
      "properties": {
        "内容": "バス停: 二の宮 (関越交通株式会社)",
        "name": "二の宮",
        "operator": "関越交通株式会社",
        "ref": "",
        "url": "",
        "url2": ""
      }
    },
    {
      "type": "Feature",
      "geometry": {
        "type": "Point",
        "coordinates": [
          139.1052505,
          36.464661
        ]
      },
      "properties": {
        "内容": "バス停: 畜産試験場入口 (関越交通株式会社)",
        "name": "畜産試験場入口",
        "operator": "関越交通株式会社",
        "ref": "",
        "url": "",
        "url2": ""
      }
    },
    {
      "type": "Feature",
      "geometry": {
        "type": "Point",
        "coordinates": [
          139.1054582,
          36.4646064
        ]
      },
      "properties": {
        "内容": "バス停: 畜産試験場入口 (関越交通株式会社)",
        "name": "畜産試験場入口",
        "operator": "関越交通株式会社",
        "ref": "",
        "url": "",
        "url2": ""
      }
    },
    {
      "type": "Feature",
      "geometry": {
        "type": "Point",
        "coordinates": [
          139.1048292,
          36.4654708
        ]
      },
      "properties": {
        "内容": "バス停: 畜産試験場入口 (関越交通株式会社)",
        "name": "畜産試験場入口",
        "operator": "関越交通株式会社",
        "ref": "",
        "url": "",
        "url2": ""
      }
    },
    {
      "type": "Feature",
      "geometry": {
        "type": "Point",
        "coordinates": [
          139.1057428,
          36.4659497
        ]
      },
      "properties": {
        "内容": "バス停: 畜産試験場入口 (関越交通株式会社)",
        "name": "畜産試験場入口",
        "operator": "関越交通株式会社",
        "ref": "",
        "url": "",
        "url2": ""
      }
    },
    {
      "type": "Feature",
      "geometry": {
        "type": "Point",
        "coordinates": [
          139.0986589,
          36.4670763
        ]
      },
      "properties": {
        "内容": "バス停: 天神平入口 (関越交通株式会社)",
        "name": "天神平入口",
        "operator": "関越交通株式会社",
        "ref": "",
        "url": "",
        "url2": ""
      }
    },
    {
      "type": "Feature",
      "geometry": {
        "type": "Point",
        "coordinates": [
          139.0987573,
          36.4671254
        ]
      },
      "properties": {
        "内容": "バス停: 天神平入口 (関越交通株式会社)",
        "name": "天神平入口",
        "operator": "関越交通株式会社",
        "ref": "",
        "url": "",
        "url2": ""
      }
    },
    {
      "type": "Feature",
      "geometry": {
        "type": "Point",
        "coordinates": [
          139.1076535,
          36.468358
        ]
      },
      "properties": {
        "内容": "バス停: 白川小学校前 (関越交通株式会社)",
        "name": "白川小学校前",
        "operator": "関越交通株式会社",
        "ref": "",
        "url": "",
        "url2": ""
      }
    },
    {
      "type": "Feature",
      "geometry": {
        "type": "Point",
        "coordinates": [
          139.1079211,
          36.4684418
        ]
      },
      "properties": {
        "内容": "バス停: 白川小学校前 (関越交通株式会社)",
        "name": "白川小学校前",
        "operator": "関越交通株式会社",
        "ref": "",
        "url": "",
        "url2": ""
      }
    },
    {
      "type": "Feature",
      "geometry": {
        "type": "Point",
        "coordinates": [
          139.1097602,
          36.4707372
        ]
      },
      "properties": {
        "内容": "バス停: 新地 (関越交通株式会社)",
        "name": "新地",
        "operator": "関越交通株式会社",
        "ref": "",
        "url": "",
        "url2": ""
      }
    },
    {
      "type": "Feature",
      "geometry": {
        "type": "Point",
        "coordinates": [
          139.1096631,
          36.4703992
        ]
      },
      "properties": {
        "内容": "バス停: 新地 (関越交通株式会社)",
        "name": "新地",
        "operator": "関越交通株式会社",
        "ref": "",
        "url": "",
        "url2": ""
      }
    },
    {
      "type": "Feature",
      "geometry": {
        "type": "Point",
        "coordinates": [
          139.1120302,
          36.4752125
        ]
      },
      "properties": {
        "内容": "バス停: 新地公民館前 (関越交通株式会社)",
        "name": "新地公民館前",
        "operator": "関越交通株式会社",
        "ref": "",
        "url": "",
        "url2": ""
      }
    },
    {
      "type": "Feature",
      "geometry": {
        "type": "Point",
        "coordinates": [
          139.1118158,
          36.4742928
        ]
      },
      "properties": {
        "内容": "バス停: 新地公民館前 (関越交通株式会社)",
        "name": "新地公民館前",
        "operator": "関越交通株式会社",
        "ref": "",
        "url": "",
        "url2": ""
      }
    },
    {
      "type": "Feature",
      "geometry": {
        "type": "Point",
        "coordinates": [
          139.1124241,
          36.4771329
        ]
      },
      "properties": {
        "内容": "バス停: 龍の口 (関越交通株式会社)",
        "name": "龍の口",
        "operator": "関越交通株式会社",
        "ref": "",
        "url": "",
        "url2": ""
      }
    },
    {
      "type": "Feature",
      "geometry": {
        "type": "Point",
        "coordinates": [
          139.1125575,
          36.4772909
        ]
      },
      "properties": {
        "内容": "バス停: 龍の口 (関越交通株式会社)",
        "name": "龍の口",
        "operator": "関越交通株式会社",
        "ref": "",
        "url": "",
        "url2": ""
      }
    },
    {
      "type": "Feature",
      "geometry": {
        "type": "Point",
        "coordinates": [
          139.1129802,
          36.4795938
        ]
      },
      "properties": {
        "内容": "バス停: 東大河原 (関越交通株式会社)",
        "name": "東大河原",
        "operator": "関越交通株式会社",
        "ref": "",
        "url": "",
        "url2": ""
      }
    },
    {
      "type": "Feature",
      "geometry": {
        "type": "Point",
        "coordinates": [
          139.1129662,
          36.4791312
        ]
      },
      "properties": {
        "内容": "バス停: 東大河原 (関越交通株式会社)",
        "name": "東大河原",
        "operator": "関越交通株式会社",
        "ref": "",
        "url": "",
        "url2": ""
      }
    },
    {
      "type": "Feature",
      "geometry": {
        "type": "Point",
        "coordinates": [
          139.1133184,
          36.4810039
        ]
      },
      "properties": {
        "内容": "バス停: 北新地 (関越交通株式会社)",
        "name": "北新地",
        "operator": "関越交通株式会社",
        "ref": "",
        "url": "",
        "url2": ""
      }
    },
    {
      "type": "Feature",
      "geometry": {
        "type": "Point",
        "coordinates": [
          139.1135871,
          36.4818466
        ]
      },
      "properties": {
        "内容": "バス停: 北新地 (関越交通株式会社)",
        "name": "北新地",
        "operator": "関越交通株式会社",
        "ref": "",
        "url": "",
        "url2": ""
      }
    },
    {
      "type": "Feature",
      "geometry": {
        "type": "Point",
        "coordinates": [
          139.1143276,
          36.4878122
        ]
      },
      "properties": {
        "内容": "バス停: 赤城薬師入口 (関越交通株式会社)",
        "name": "赤城薬師入口",
        "operator": "関越交通株式会社",
        "ref": "",
        "url": "",
        "url2": ""
      }
    },
    {
      "type": "Feature",
      "geometry": {
        "type": "Point",
        "coordinates": [
          139.1144374,
          36.4878311
        ]
      },
      "properties": {
        "内容": "バス停: 赤城薬師入口 (関越交通株式会社)",
        "name": "赤城薬師入口",
        "operator": "関越交通株式会社",
        "ref": "",
        "url": "",
        "url2": ""
      }
    },
    {
      "type": "Feature",
      "geometry": {
        "type": "Point",
        "coordinates": [
          139.115482,
          36.4927625
        ]
      },
      "properties": {
        "内容": "バス停: 大河原 (関越交通株式会社)",
        "name": "大河原",
        "operator": "関越交通株式会社",
        "ref": "",
        "url": "",
        "url2": ""
      }
    },
    {
      "type": "Feature",
      "geometry": {
        "type": "Point",
        "coordinates": [
          139.115688,
          36.4927616
        ]
      },
      "properties": {
        "内容": "バス停: 大河原 (関越交通株式会社)",
        "name": "大河原",
        "operator": "関越交通株式会社",
        "ref": "",
        "url": "",
        "url2": ""
      }
    },
    {
      "type": "Feature",
      "geometry": {
        "type": "Point",
        "coordinates": [
          139.1147055,
          36.494283
        ]
      },
      "properties": {
        "内容": "バス停: 大河原橋 (関越交通株式会社)",
        "name": "大河原橋",
        "operator": "関越交通株式会社",
        "ref": "",
        "url": "",
        "url2": ""
      }
    },
    {
      "type": "Feature",
      "geometry": {
        "type": "Point",
        "coordinates": [
          139.1147411,
          36.4939278
        ]
      },
      "properties": {
        "内容": "バス停: 大河原橋 (関越交通株式会社)",
        "name": "大河原橋",
        "operator": "関越交通株式会社",
        "ref": "",
        "url": "",
        "url2": ""
      }
    },
    {
      "type": "Feature",
      "geometry": {
        "type": "Point",
        "coordinates": [
          139.1159962,
          36.4993754
        ]
      },
      "properties": {
        "内容": "バス停: 西大河原 (関越交通株式会社)",
        "name": "西大河原",
        "operator": "関越交通株式会社",
        "ref": "",
        "url": "",
        "url2": ""
      }
    },
    {
      "type": "Feature",
      "geometry": {
        "type": "Point",
        "coordinates": [
          139.1161298,
          36.4993274
        ]
      },
      "properties": {
        "内容": "バス停: 西大河原 (関越交通株式会社)",
        "name": "西大河原",
        "operator": "関越交通株式会社",
        "ref": "",
        "url": "",
        "url2": ""
      }
    },
    {
      "type": "Feature",
      "geometry": {
        "type": "Point",
        "coordinates": [
          139.1239126,
          36.5146459
        ]
      },
      "properties": {
        "内容": "バス停: 白川水門 (関越交通株式会社)",
        "name": "白川水門",
        "operator": "関越交通株式会社",
        "ref": "",
        "url": "",
        "url2": ""
      }
    },
    {
      "type": "Feature",
      "geometry": {
        "type": "Point",
        "coordinates": [
          139.1238495,
          36.5145132
        ]
      },
      "properties": {
        "内容": "バス停: 白川水門 (関越交通株式会社)",
        "name": "白川水門",
        "operator": "関越交通株式会社",
        "ref": "",
        "url": "",
        "url2": ""
      }
    },
    {
      "type": "Feature",
      "geometry": {
        "type": "Point",
        "coordinates": [
          139.1292054,
          36.5177189
        ]
      },
      "properties": {
        "内容": "バス停: 桃畑 (関越交通株式会社)",
        "name": "桃畑",
        "operator": "関越交通株式会社",
        "ref": "",
        "url": "",
        "url2": ""
      }
    },
    {
      "type": "Feature",
      "geometry": {
        "type": "Point",
        "coordinates": [
          139.1288437,
          36.5174959
        ]
      },
      "properties": {
        "内容": "バス停: 桃畑 (関越交通株式会社)",
        "name": "桃畑",
        "operator": "関越交通株式会社",
        "ref": "",
        "url": "",
        "url2": ""
      }
    },
    {
      "type": "Feature",
      "geometry": {
        "type": "Point",
        "coordinates": [
          139.1454354,
          36.527567
        ]
      },
      "properties": {
        "内容": "バス停: さくらの広場入口 (関越交通株式会社)",
        "name": "さくらの広場入口",
        "operator": "関越交通株式会社",
        "ref": "",
        "url": "",
        "url2": ""
      }
    },
    {
      "type": "Feature",
      "geometry": {
        "type": "Point",
        "coordinates": [
          139.1455223,
          36.5275346
        ]
      },
      "properties": {
        "内容": "バス停: さくらの広場入口 (関越交通株式会社)",
        "name": "さくらの広場入口",
        "operator": "関越交通株式会社",
        "ref": "",
        "url": "",
        "url2": ""
      }
    },
    {
      "type": "Feature",
      "geometry": {
        "type": "Point",
        "coordinates": [
          139.1506971,
          36.5279644
        ]
      },
      "properties": {
        "内容": "バス停: 箕輪 (関越交通株式会社)",
        "name": "箕輪",
        "operator": "関越交通株式会社",
        "ref": "",
        "url": "",
        "url2": ""
      }
    },
    {
      "type": "Feature",
      "geometry": {
        "type": "Point",
        "coordinates": [
          139.1507294,
          36.5279149
        ]
      },
      "properties": {
        "内容": "バス停: 箕輪 (関越交通株式会社)",
        "name": "箕輪",
        "operator": "関越交通株式会社",
        "ref": "",
        "url": "",
        "url2": ""
      }
    },
    {
      "type": "Feature",
      "geometry": {
        "type": "Point",
        "coordinates": [
          139.1682752,
          36.5366971
        ]
      },
      "properties": {
        "内容": "バス停: 一杯清水 (関越交通株式会社)",
        "name": "一杯清水",
        "operator": "関越交通株式会社",
        "ref": "",
        "url": "",
        "url2": ""
      }
    },
    {
      "type": "Feature",
      "geometry": {
        "type": "Point",
        "coordinates": [
          139.1684234,
          36.5366886
        ]
      },
      "properties": {
        "内容": "バス停: 一杯清水 (関越交通株式会社)",
        "name": "一杯清水",
        "operator": "関越交通株式会社",
        "ref": "",
        "url": "",
        "url2": ""
      }
    },
    {
      "type": "Feature",
      "geometry": {
        "type": "Point",
        "coordinates": [
          139.1674425,
          36.5428568
        ]
      },
      "properties": {
        "内容": "バス停: 新坂平 (関越交通株式会社)",
        "name": "新坂平",
        "operator": "関越交通株式会社",
        "ref": "",
        "url": "",
        "url2": ""
      }
    },
    {
      "type": "Feature",
      "geometry": {
        "type": "Point",
        "coordinates": [
          139.1679275,
          36.5431277
        ]
      },
      "properties": {
        "内容": "バス停: 新坂平 (関越交通株式会社)",
        "name": "新坂平",
        "operator": "関越交通株式会社",
        "ref": "",
        "url": "",
        "url2": ""
      }
    },
    {
      "type": "Feature",
      "geometry": {
        "type": "Point",
        "coordinates": [
          139.1694599,
          36.547398
        ]
      },
      "properties": {
        "内容": "バス停: 展望台下 (関越交通株式会社)",
        "name": "展望台下",
        "operator": "関越交通株式会社",
        "ref": "",
        "url": "",
        "url2": ""
      }
    },
    {
      "type": "Feature",
      "geometry": {
        "type": "Point",
        "coordinates": [
          139.1694829,
          36.5473475
        ]
      },
      "properties": {
        "内容": "バス停: 展望台下 (関越交通株式会社)",
        "name": "展望台下",
        "operator": "関越交通株式会社",
        "ref": "",
        "url": "",
        "url2": ""
      }
    },
    {
      "type": "Feature",
      "geometry": {
        "type": "Point",
        "coordinates": [
          139.1746447,
          36.5505456
        ]
      },
      "properties": {
        "内容": "バス停: 湖尻厚生団地入口 (関越交通株式会社)",
        "name": "湖尻厚生団地入口",
        "operator": "関越交通株式会社",
        "ref": "",
        "url": "",
        "url2": ""
      }
    },
    {
      "type": "Feature",
      "geometry": {
        "type": "Point",
        "coordinates": [
          139.1750167,
          36.5502808
        ]
      },
      "properties": {
        "内容": "バス停: 湖尻厚生団地入口 (関越交通株式会社)",
        "name": "湖尻厚生団地入口",
        "operator": "関越交通株式会社",
        "ref": "",
        "url": "",
        "url2": ""
      }
    },
    {
      "type": "Feature",
      "geometry": {
        "type": "Point",
        "coordinates": [
          139.1785419,
          36.5492545
        ]
      },
      "properties": {
        "内容": "バス停: 赤城少年自然の家 (関越交通株式会社)",
        "name": "赤城少年自然の家",
        "operator": "関越交通株式会社",
        "ref": "",
        "url": "",
        "url2": ""
      }
    },
    {
      "type": "Feature",
      "geometry": {
        "type": "Point",
        "coordinates": [
          139.1784292,
          36.5492342
        ]
      },
      "properties": {
        "内容": "バス停: 赤城少年自然の家 (関越交通株式会社)",
        "name": "赤城少年自然の家",
        "operator": "関越交通株式会社",
        "ref": "",
        "url": "",
        "url2": ""
      }
    },
    {
      "type": "Feature",
      "geometry": {
        "type": "Point",
        "coordinates": [
          139.1837375,
          36.5463389
        ]
      },
      "properties": {
        "内容": "バス停: 赤城山大洞 (関越交通株式会社)",
        "name": "赤城山大洞",
        "operator": "関越交通株式会社",
        "ref": "",
        "url": "",
        "url2": ""
      }
    },
    {
      "type": "Feature",
      "geometry": {
        "type": "Point",
        "coordinates": [
          139.1838542,
          36.5461481
        ]
      },
      "properties": {
        "内容": "バス停: 赤城山大洞 (関越交通株式会社)",
        "name": "赤城山大洞",
        "operator": "関越交通株式会社",
        "ref": "",
        "url": "",
        "url2": ""
      }
    },
    {
      "type": "Feature",
      "geometry": {
        "type": "Point",
        "coordinates": [
          139.1884227,
          36.5451057
        ]
      },
      "properties": {
        "内容": "バス停: 覚満淵入口 (関越交通株式会社)",
        "name": "覚満淵入口",
        "operator": "関越交通株式会社",
        "ref": "",
        "url": "",
        "url2": ""
      }
    },
    {
      "type": "Feature",
      "geometry": {
        "type": "Point",
        "coordinates": [
          139.1885283,
          36.5451252
        ]
      },
      "properties": {
        "内容": "バス停: 覚満淵入口 (関越交通株式会社)",
        "name": "覚満淵入口",
        "operator": "関越交通株式会社",
        "ref": "",
        "url": "",
        "url2": ""
      }
    },
    {
      "type": "Feature",
      "geometry": {
        "type": "Point",
        "coordinates": [
          139.1865947,
          36.5482485
        ]
      },
      "properties": {
        "内容": "バス停: あかぎ広場前 (関越交通株式会社)",
        "name": "あかぎ広場前",
        "operator": "関越交通株式会社",
        "ref": "",
        "url": "",
        "url2": ""
      }
    },
    {
      "type": "Feature",
      "geometry": {
        "type": "Point",
        "coordinates": [
          139.1881759,
          36.5436555
        ]
      },
      "properties": {
        "内容": "バス停: 赤城山ビジターセンター (関越交通株式会社)",
        "name": "赤城山ビジターセンター",
        "operator": "関越交通株式会社",
        "ref": "",
        "url": "",
        "url2": ""
      }
    },
    {
      "type": "Feature",
      "geometry": {
        "type": "Point",
        "coordinates": [
          139.1879541,
          36.5438638
        ]
      },
      "properties": {
        "内容": "バス停: 赤城山ビジターセンター (関越交通株式会社)",
        "name": "赤城山ビジターセンター",
        "operator": "関越交通株式会社",
        "ref": "",
        "url": "",
        "url2": ""
      }
    },
    {
      "type": "Feature",
      "geometry": {
        "type": "Point",
        "coordinates": [
          139.0283751,
          36.4016022
        ]
      },
      "properties": {
        "内容": "バス停: 関越交通前橋営業所 (関越交通株式会社)",
        "name": "関越交通前橋営業所",
        "operator": "関越交通株式会社",
        "ref": "",
        "url": "",
        "url2": ""
      }
    },
    {
      "type": "Feature",
      "geometry": {
        "type": "Point",
        "coordinates": [
          139.074585,
          36.3910147
        ]
      },
      "properties": {
        "内容": "バス停: 中央前橋駅",
        "name": "中央前橋駅",
        "operator": "事業者不明",
        "ref": "北31;東6",
        "url": "",
        "url2": ""
      }
    },
    {
      "type": "Feature",
      "geometry": {
        "type": "Point",
        "coordinates": [
          139.0706768,
          36.3841289
        ]
      },
      "properties": {
        "内容": "バス停: 表町二丁目 (永井運輸株式会社)",
        "name": "表町二丁目",
        "operator": "永井運輸株式会社",
        "ref": "",
        "url": "",
        "url2": ""
      }
    },
    {
      "type": "Feature",
      "geometry": {
        "type": "Point",
        "coordinates": [
          139.0714418,
          36.3843054
        ]
      },
      "properties": {
        "内容": "バス停: 表町二丁目 (永井運輸株式会社)",
        "name": "表町二丁目",
        "operator": "永井運輸株式会社",
        "ref": "",
        "url": "",
        "url2": ""
      }
    },
    {
      "type": "Feature",
      "geometry": {
        "type": "Point",
        "coordinates": [
          139.0723268,
          36.3818658
        ]
      },
      "properties": {
        "内容": "バス停: 前橋駅南口 (永井運輸株式会社)",
        "name": "前橋駅南口",
        "operator": "永井運輸株式会社",
        "ref": "",
        "url": "",
        "url2": ""
      }
    },
    {
      "type": "Feature",
      "geometry": {
        "type": "Point",
        "coordinates": [
          139.0720744,
          36.3819378
        ]
      },
      "properties": {
        "内容": "バス停: 前橋駅南口 (永井運輸株式会社)",
        "name": "前橋駅南口",
        "operator": "永井運輸株式会社",
        "ref": "",
        "url": "",
        "url2": ""
      }
    },
    {
      "type": "Feature",
      "geometry": {
        "type": "Point",
        "coordinates": [
          139.0725007,
          36.378232
        ]
      },
      "properties": {
        "内容": "バス停: 南町四丁目 (永井運輸株式会社)",
        "name": "南町四丁目",
        "operator": "永井運輸株式会社",
        "ref": "",
        "url": "",
        "url2": ""
      }
    },
    {
      "type": "Feature",
      "geometry": {
        "type": "Point",
        "coordinates": [
          139.0722493,
          36.3792196
        ]
      },
      "properties": {
        "内容": "バス停: 南町四丁目 (永井運輸株式会社)",
        "name": "南町四丁目",
        "operator": "永井運輸株式会社",
        "ref": "",
        "url": "",
        "url2": ""
      }
    },
    {
      "type": "Feature",
      "geometry": {
        "type": "Point",
        "coordinates": [
          139.0725796,
          36.3767911
        ]
      },
      "properties": {
        "内容": "バス停: 前商入口 (永井運輸株式会社)",
        "name": "前商入口",
        "operator": "永井運輸株式会社",
        "ref": "",
        "url": "",
        "url2": ""
      }
    },
    {
      "type": "Feature",
      "geometry": {
        "type": "Point",
        "coordinates": [
          139.0723918,
          36.3765734
        ]
      },
      "properties": {
        "内容": "バス停: 前商入口 (永井運輸株式会社)",
        "name": "前商入口",
        "operator": "永井運輸株式会社",
        "ref": "",
        "url": "",
        "url2": ""
      }
    },
    {
      "type": "Feature",
      "geometry": {
        "type": "Point",
        "coordinates": [
          139.0729003,
          36.374746
        ]
      },
      "properties": {
        "内容": "バス停: 城南小入口 (永井運輸株式会社)",
        "name": "城南小入口",
        "operator": "永井運輸株式会社",
        "ref": "",
        "url": "",
        "url2": ""
      }
    },
    {
      "type": "Feature",
      "geometry": {
        "type": "Point",
        "coordinates": [
          139.0726585,
          36.3752943
        ]
      },
      "properties": {
        "内容": "バス停: 城南小入口 (永井運輸株式会社)",
        "name": "城南小入口",
        "operator": "永井運輸株式会社",
        "ref": "",
        "url": "",
        "url2": ""
      }
    },
    {
      "type": "Feature",
      "geometry": {
        "type": "Point",
        "coordinates": [
          139.0732721,
          36.3733853
        ]
      },
      "properties": {
        "内容": "バス停: 六供八幡前 (永井運輸株式会社)",
        "name": "六供八幡前",
        "operator": "永井運輸株式会社",
        "ref": "",
        "url": "",
        "url2": ""
      }
    },
    {
      "type": "Feature",
      "geometry": {
        "type": "Point",
        "coordinates": [
          139.0731862,
          36.3733507
        ]
      },
      "properties": {
        "内容": "バス停: 六供八幡前 (永井運輸株式会社)",
        "name": "六供八幡前",
        "operator": "永井運輸株式会社",
        "ref": "",
        "url": "",
        "url2": ""
      }
    },
    {
      "type": "Feature",
      "geometry": {
        "type": "Point",
        "coordinates": [
          139.0737203,
          36.3693491
        ]
      },
      "properties": {
        "内容": "バス停: 六供町 (永井運輸株式会社)",
        "name": "六供町",
        "operator": "永井運輸株式会社",
        "ref": "",
        "url": "",
        "url2": ""
      }
    },
    {
      "type": "Feature",
      "geometry": {
        "type": "Point",
        "coordinates": [
          139.0735975,
          36.3693448
        ]
      },
      "properties": {
        "内容": "バス停: 六供町 (永井運輸株式会社)",
        "name": "六供町",
        "operator": "永井運輸株式会社",
        "ref": "",
        "url": "",
        "url2": ""
      }
    },
    {
      "type": "Feature",
      "geometry": {
        "type": "Point",
        "coordinates": [
          139.0766391,
          36.36701
        ]
      },
      "properties": {
        "内容": "バス停: 六供南 (永井運輸株式会社)",
        "name": "六供南",
        "operator": "永井運輸株式会社",
        "ref": "",
        "url": "",
        "url2": ""
      }
    },
    {
      "type": "Feature",
      "geometry": {
        "type": "Point",
        "coordinates": [
          139.076381,
          36.3669284
        ]
      },
      "properties": {
        "内容": "バス停: 六供南 (永井運輸株式会社)",
        "name": "六供南",
        "operator": "永井運輸株式会社",
        "ref": "",
        "url": "",
        "url2": ""
      }
    },
    {
      "type": "Feature",
      "geometry": {
        "type": "Point",
        "coordinates": [
          139.0814754,
          36.3654208
        ]
      },
      "properties": {
        "内容": "バス停: 市民体育館入口 (永井運輸株式会社)",
        "name": "市民体育館入口",
        "operator": "永井運輸株式会社",
        "ref": "",
        "url": "",
        "url2": ""
      }
    },
    {
      "type": "Feature",
      "geometry": {
        "type": "Point",
        "coordinates": [
          139.0815518,
          36.3652804
        ]
      },
      "properties": {
        "内容": "バス停: 市民体育館入口 (永井運輸株式会社)",
        "name": "市民体育館入口",
        "operator": "永井運輸株式会社",
        "ref": "",
        "url": "",
        "url2": ""
      }
    },
    {
      "type": "Feature",
      "geometry": {
        "type": "Point",
        "coordinates": [
          139.0831909,
          36.3635213
        ]
      },
      "properties": {
        "内容": "バス停: 前橋工科大前 (永井運輸株式会社)",
        "name": "前橋工科大前",
        "operator": "永井運輸株式会社",
        "ref": "",
        "url": "",
        "url2": ""
      }
    },
    {
      "type": "Feature",
      "geometry": {
        "type": "Point",
        "coordinates": [
          139.0844219,
          36.3611279
        ]
      },
      "properties": {
        "内容": "バス停: 上佐鳥町 (永井運輸株式会社)",
        "name": "上佐鳥町",
        "operator": "永井運輸株式会社",
        "ref": "",
        "url": "",
        "url2": ""
      }
    },
    {
      "type": "Feature",
      "geometry": {
        "type": "Point",
        "coordinates": [
          139.0844014,
          36.3609583
        ]
      },
      "properties": {
        "内容": "バス停: 上佐鳥町 (永井運輸株式会社)",
        "name": "上佐鳥町",
        "operator": "永井運輸株式会社",
        "ref": "",
        "url": "",
        "url2": ""
      }
    },
    {
      "type": "Feature",
      "geometry": {
        "type": "Point",
        "coordinates": [
          139.0858449,
          36.3573838
        ]
      },
      "properties": {
        "内容": "バス停: 後閑町入口 (永井運輸株式会社)",
        "name": "後閑町入口",
        "operator": "永井運輸株式会社",
        "ref": "",
        "url": "",
        "url2": ""
      }
    },
    {
      "type": "Feature",
      "geometry": {
        "type": "Point",
        "coordinates": [
          139.0857309,
          36.3573501
        ]
      },
      "properties": {
        "内容": "バス停: 後閑町入口 (永井運輸株式会社)",
        "name": "後閑町入口",
        "operator": "永井運輸株式会社",
        "ref": "",
        "url": "",
        "url2": ""
      }
    },
    {
      "type": "Feature",
      "geometry": {
        "type": "Point",
        "coordinates": [
          139.0991471,
          36.3272163
        ]
      },
      "properties": {
        "内容": "バス停: 新堀町 (永井運輸株式会社)",
        "name": "新堀町",
        "operator": "永井運輸株式会社",
        "ref": "",
        "url": "",
        "url2": ""
      }
    },
    {
      "type": "Feature",
      "geometry": {
        "type": "Point",
        "coordinates": [
          139.0990435,
          36.3271428
        ]
      },
      "properties": {
        "内容": "バス停: 新堀町 (永井運輸株式会社)",
        "name": "新堀町",
        "operator": "永井運輸株式会社",
        "ref": "",
        "url": "",
        "url2": ""
      }
    },
    {
      "type": "Feature",
      "geometry": {
        "type": "Point",
        "coordinates": [
          139.1088591,
          36.3220916
        ]
      },
      "properties": {
        "内容": "バス停: 群馬ヘリポート入口 (永井運輸株式会社)",
        "name": "群馬ヘリポート入口",
        "operator": "永井運輸株式会社",
        "ref": "",
        "url": "",
        "url2": ""
      }
    },
    {
      "type": "Feature",
      "geometry": {
        "type": "Point",
        "coordinates": [
          139.1088204,
          36.3220176
        ]
      },
      "properties": {
        "内容": "バス停: 群馬ヘリポート入口 (永井運輸株式会社)",
        "name": "群馬ヘリポート入口",
        "operator": "永井運輸株式会社",
        "ref": "",
        "url": "",
        "url2": ""
      }
    },
    {
      "type": "Feature",
      "geometry": {
        "type": "Point",
        "coordinates": [
          139.1154984,
          36.3186042
        ]
      },
      "properties": {
        "内容": "バス停: 上福島 (永井運輸株式会社)",
        "name": "上福島",
        "operator": "永井運輸株式会社",
        "ref": "",
        "url": "",
        "url2": ""
      }
    },
    {
      "type": "Feature",
      "geometry": {
        "type": "Point",
        "coordinates": [
          139.11525,
          36.3186474
        ]
      },
      "properties": {
        "内容": "バス停: 上福島 (永井運輸株式会社)",
        "name": "上福島",
        "operator": "永井運輸株式会社",
        "ref": "",
        "url": "",
        "url2": ""
      }
    },
    {
      "type": "Feature",
      "geometry": {
        "type": "Point",
        "coordinates": [
          139.1205081,
          36.3148115
        ]
      },
      "properties": {
        "内容": "バス停: 福島橋 (永井運輸株式会社)",
        "name": "福島橋",
        "operator": "永井運輸株式会社",
        "ref": "",
        "url": "",
        "url2": ""
      }
    },
    {
      "type": "Feature",
      "geometry": {
        "type": "Point",
        "coordinates": [
          139.120291,
          36.3149957
        ]
      },
      "properties": {
        "内容": "バス停: 福島橋 (永井運輸株式会社)",
        "name": "福島橋",
        "operator": "永井運輸株式会社",
        "ref": "",
        "url": "",
        "url2": ""
      }
    },
    {
      "type": "Feature",
      "geometry": {
        "type": "Point",
        "coordinates": [
          139.1192602,
          36.3108971
        ]
      },
      "properties": {
        "内容": "バス停: 福島公民館 (永井運輸株式会社)",
        "name": "福島公民館",
        "operator": "永井運輸株式会社",
        "ref": "",
        "url": "",
        "url2": ""
      }
    },
    {
      "type": "Feature",
      "geometry": {
        "type": "Point",
        "coordinates": [
          139.1184164,
          36.3109983
        ]
      },
      "properties": {
        "内容": "バス停: 福島公民館 (永井運輸株式会社)",
        "name": "福島公民館",
        "operator": "永井運輸株式会社",
        "ref": "",
        "url": "",
        "url2": ""
      }
    },
    {
      "type": "Feature",
      "geometry": {
        "type": "Point",
        "coordinates": [
          139.1168304,
          36.3073307
        ]
      },
      "properties": {
        "内容": "バス停: 福島 (永井運輸株式会社)",
        "name": "福島",
        "operator": "永井運輸株式会社",
        "ref": "",
        "url": "",
        "url2": ""
      }
    },
    {
      "type": "Feature",
      "geometry": {
        "type": "Point",
        "coordinates": [
          139.1167342,
          36.3072637
        ]
      },
      "properties": {
        "内容": "バス停: 福島 (永井運輸株式会社)",
        "name": "福島",
        "operator": "永井運輸株式会社",
        "ref": "",
        "url": "",
        "url2": ""
      }
    },
    {
      "type": "Feature",
      "geometry": {
        "type": "Point",
        "coordinates": [
          139.1167444,
          36.3039737
        ]
      },
      "properties": {
        "内容": "バス停: 玉村町役場入口 (群馬中央バス株式会社)",
        "name": "玉村町役場入口",
        "operator": "群馬中央バス株式会社",
        "ref": "",
        "url": "",
        "url2": ""
      }
    },
    {
      "type": "Feature",
      "geometry": {
        "type": "Point",
        "coordinates": [
          139.1166432,
          36.3039913
        ]
      },
      "properties": {
        "内容": "バス停: 玉村町役場入口 (永井運輸株式会社)",
        "name": "玉村町役場入口",
        "operator": "永井運輸株式会社",
        "ref": "",
        "url": "",
        "url2": ""
      }
    },
    {
      "type": "Feature",
      "geometry": {
        "type": "Point",
        "coordinates": [
          139.1155236,
          36.3040059
        ]
      },
      "properties": {
        "内容": "バス停: 玉村町役場 (永井運輸株式会社)",
        "name": "玉村町役場",
        "operator": "永井運輸株式会社",
        "ref": "",
        "url": "",
        "url2": ""
      }
    },
    {
      "type": "Feature",
      "geometry": {
        "type": "Point",
        "coordinates": [
          139.0873118,
          36.3532351
        ]
      },
      "properties": {
        "内容": "バス停: 南高校入口 (永井運輸株式会社)",
        "name": "南高校入口",
        "operator": "永井運輸株式会社",
        "ref": "",
        "url": "",
        "url2": ""
      }
    },
    {
      "type": "Feature",
      "geometry": {
        "type": "Point",
        "coordinates": [
          139.0877064,
          36.351843
        ]
      },
      "properties": {
        "内容": "バス停: 南高校入口 (永井運輸株式会社)",
        "name": "南高校入口",
        "operator": "永井運輸株式会社",
        "ref": "",
        "url": "",
        "url2": ""
      }
    },
    {
      "type": "Feature",
      "geometry": {
        "type": "Point",
        "coordinates": [
          139.0914179,
          36.3440658
        ]
      },
      "properties": {
        "内容": "バス停: 亀里町 (永井運輸株式会社)",
        "name": "亀里町",
        "operator": "永井運輸株式会社",
        "ref": "",
        "url": "",
        "url2": ""
      }
    },
    {
      "type": "Feature",
      "geometry": {
        "type": "Point",
        "coordinates": [
          139.0907927,
          36.3447425
        ]
      },
      "properties": {
        "内容": "バス停: 亀里町 (永井運輸株式会社)",
        "name": "亀里町",
        "operator": "永井運輸株式会社",
        "ref": "",
        "url": "",
        "url2": ""
      }
    },
    {
      "type": "Feature",
      "geometry": {
        "type": "Point",
        "coordinates": [
          139.0929113,
          36.3418163
        ]
      },
      "properties": {
        "内容": "バス停: 鶴亀 (永井運輸株式会社)",
        "name": "鶴亀",
        "operator": "永井運輸株式会社",
        "ref": "",
        "url": "",
        "url2": ""
      }
    },
    {
      "type": "Feature",
      "geometry": {
        "type": "Point",
        "coordinates": [
          139.0928337,
          36.3417477
        ]
      },
      "properties": {
        "内容": "バス停: 鶴亀 (永井運輸株式会社)",
        "name": "鶴亀",
        "operator": "永井運輸株式会社",
        "ref": "",
        "url": "",
        "url2": ""
      }
    },
    {
      "type": "Feature",
      "geometry": {
        "type": "Point",
        "coordinates": [
          139.0950602,
          36.3386583
        ]
      },
      "properties": {
        "内容": "バス停: 農協ビル前 (永井運輸株式会社)",
        "name": "農協ビル前",
        "operator": "永井運輸株式会社",
        "ref": "",
        "url": "",
        "url2": ""
      }
    },
    {
      "type": "Feature",
      "geometry": {
        "type": "Point",
        "coordinates": [
          139.0949228,
          36.3386837
        ]
      },
      "properties": {
        "内容": "バス停: 農協ビル前 (永井運輸株式会社)",
        "name": "農協ビル前",
        "operator": "永井運輸株式会社",
        "ref": "",
        "url": "",
        "url2": ""
      }
    },
    {
      "type": "Feature",
      "geometry": {
        "type": "Point",
        "coordinates": [
          139.0969039,
          36.3348447
        ]
      },
      "properties": {
        "内容": "バス停: 鶴光路町 (永井運輸株式会社)",
        "name": "鶴光路町",
        "operator": "永井運輸株式会社",
        "ref": "",
        "url": "",
        "url2": ""
      }
    },
    {
      "type": "Feature",
      "geometry": {
        "type": "Point",
        "coordinates": [
          139.0967405,
          36.3348051
        ]
      },
      "properties": {
        "内容": "バス停: 鶴光路町 (永井運輸株式会社)",
        "name": "鶴光路町",
        "operator": "永井運輸株式会社",
        "ref": "",
        "url": "",
        "url2": ""
      }
    },
    {
      "type": "Feature",
      "geometry": {
        "type": "Point",
        "coordinates": [
          139.0919054,
          36.33363
        ]
      },
      "properties": {
        "内容": "バス停: 下川淵公民館前 (永井運輸株式会社)",
        "name": "下川淵公民館前",
        "operator": "永井運輸株式会社",
        "ref": "",
        "url": "",
        "url2": ""
      }
    },
    {
      "type": "Feature",
      "geometry": {
        "type": "Point",
        "coordinates": [
          139.0929234,
          36.3337788
        ]
      },
      "properties": {
        "内容": "バス停: 下川淵公民館前 (永井運輸株式会社)",
        "name": "下川淵公民館前",
        "operator": "永井運輸株式会社",
        "ref": "",
        "url": "",
        "url2": ""
      }
    },
    {
      "type": "Feature",
      "geometry": {
        "type": "Point",
        "coordinates": [
          139.0882061,
          36.3334251
        ]
      },
      "properties": {
        "内容": "バス停: 産業技術センター前 (永井運輸株式会社)",
        "name": "産業技術センター前",
        "operator": "永井運輸株式会社",
        "ref": "",
        "url": "",
        "url2": ""
      }
    },
    {
      "type": "Feature",
      "geometry": {
        "type": "Point",
        "coordinates": [
          139.0882042,
          36.333518
        ]
      },
      "properties": {
        "内容": "バス停: 産業技術センター前 (永井運輸株式会社)",
        "name": "産業技術センター前",
        "operator": "永井運輸株式会社",
        "ref": "",
        "url": "",
        "url2": ""
      }
    },
    {
      "type": "Feature",
      "geometry": {
        "type": "Point",
        "coordinates": [
          139.0857692,
          36.3319816
        ]
      },
      "properties": {
        "内容": "バス停: 東横手 (永井運輸株式会社)",
        "name": "東横手",
        "operator": "永井運輸株式会社",
        "ref": "",
        "url": "",
        "url2": ""
      }
    },
    {
      "type": "Feature",
      "geometry": {
        "type": "Point",
        "coordinates": [
          139.0856696,
          36.3319237
        ]
      },
      "properties": {
        "内容": "バス停: 東横手 (永井運輸株式会社)",
        "name": "東横手",
        "operator": "永井運輸株式会社",
        "ref": "",
        "url": "",
        "url2": ""
      }
    },
    {
      "type": "Feature",
      "geometry": {
        "type": "Point",
        "coordinates": [
          139.0862437,
          36.3304455
        ]
      },
      "properties": {
        "内容": "バス停: 西通り (永井運輸株式会社)",
        "name": "西通り",
        "operator": "永井運輸株式会社",
        "ref": "",
        "url": "",
        "url2": ""
      }
    },
    {
      "type": "Feature",
      "geometry": {
        "type": "Point",
        "coordinates": [
          139.0862474,
          36.3300709
        ]
      },
      "properties": {
        "内容": "バス停: 西通り (永井運輸株式会社)",
        "name": "西通り",
        "operator": "永井運輸株式会社",
        "ref": "",
        "url": "",
        "url2": ""
      }
    },
    {
      "type": "Feature",
      "geometry": {
        "type": "Point",
        "coordinates": [
          139.0875953,
          36.3290855
        ]
      },
      "properties": {
        "内容": "バス停: 油田橋 (永井運輸株式会社)",
        "name": "油田橋",
        "operator": "永井運輸株式会社",
        "ref": "",
        "url": "",
        "url2": ""
      }
    },
    {
      "type": "Feature",
      "geometry": {
        "type": "Point",
        "coordinates": [
          139.0877302,
          36.3289959
        ]
      },
      "properties": {
        "内容": "バス停: 油田橋 (永井運輸株式会社)",
        "name": "油田橋",
        "operator": "永井運輸株式会社",
        "ref": "",
        "url": "",
        "url2": ""
      }
    },
    {
      "type": "Feature",
      "geometry": {
        "type": "Point",
        "coordinates": [
          139.0906537,
          36.3292658
        ]
      },
      "properties": {
        "内容": "バス停: グランド前 (永井運輸株式会社)",
        "name": "グランド前",
        "operator": "永井運輸株式会社",
        "ref": "",
        "url": "",
        "url2": ""
      }
    },
    {
      "type": "Feature",
      "geometry": {
        "type": "Point",
        "coordinates": [
          139.0906527,
          36.3292041
        ]
      },
      "properties": {
        "内容": "バス停: グランド前 (永井運輸株式会社)",
        "name": "グランド前",
        "operator": "永井運輸株式会社",
        "ref": "",
        "url": "",
        "url2": ""
      }
    },
    {
      "type": "Feature",
      "geometry": {
        "type": "Point",
        "coordinates": [
          139.0944013,
          36.3291147
        ]
      },
      "properties": {
        "内容": "バス停: 中央通り (永井運輸株式会社)",
        "name": "中央通り",
        "operator": "永井運輸株式会社",
        "ref": "",
        "url": "",
        "url2": ""
      }
    },
    {
      "type": "Feature",
      "geometry": {
        "type": "Point",
        "coordinates": [
          139.0935218,
          36.3290136
        ]
      },
      "properties": {
        "内容": "バス停: 中央通り (永井運輸株式会社)",
        "name": "中央通り",
        "operator": "永井運輸株式会社",
        "ref": "",
        "url": "",
        "url2": ""
      }
    },
    {
      "type": "Feature",
      "geometry": {
        "type": "Point",
        "coordinates": [
          139.0768067,
          36.3767698
        ]
      },
      "properties": {
        "内容": "バス停: けやきウォーク南 (永井運輸株式会社)",
        "name": "けやきウォーク南",
        "operator": "永井運輸株式会社",
        "ref": "西32",
        "url": "",
        "url2": ""
      }
    },
    {
      "type": "Feature",
      "geometry": {
        "type": "Point",
        "coordinates": [
          139.0766835,
          36.3766821
        ]
      },
      "properties": {
        "内容": "バス停: けやきウォーク南 (永井運輸株式会社)",
        "name": "けやきウォーク南",
        "operator": "永井運輸株式会社",
        "ref": "西32",
        "url": "",
        "url2": ""
      }
    },
    {
      "type": "Feature",
      "geometry": {
        "type": "Point",
        "coordinates": [
          139.0768957,
          36.3747686
        ]
      },
      "properties": {
        "内容": "バス停: 聾学校西 (永井運輸株式会社)",
        "name": "聾学校西",
        "operator": "永井運輸株式会社",
        "ref": "",
        "url": "",
        "url2": ""
      }
    },
    {
      "type": "Feature",
      "geometry": {
        "type": "Point",
        "coordinates": [
          139.0767735,
          36.3750217
        ]
      },
      "properties": {
        "内容": "バス停: 聾学校西 (永井運輸株式会社)",
        "name": "聾学校西",
        "operator": "永井運輸株式会社",
        "ref": "",
        "url": "",
        "url2": ""
      }
    },
    {
      "type": "Feature",
      "geometry": {
        "type": "Point",
        "coordinates": [
          139.0770622,
          36.3718676
        ]
      },
      "properties": {
        "内容": "バス停: 六供町北 (永井運輸株式会社)",
        "name": "六供町北",
        "operator": "永井運輸株式会社",
        "ref": "",
        "url": "",
        "url2": ""
      }
    },
    {
      "type": "Feature",
      "geometry": {
        "type": "Point",
        "coordinates": [
          139.0769377,
          36.3720884
        ]
      },
      "properties": {
        "内容": "バス停: 六供町北 (永井運輸株式会社)",
        "name": "六供町北",
        "operator": "永井運輸株式会社",
        "ref": "",
        "url": "",
        "url2": ""
      }
    },
    {
      "type": "Feature",
      "geometry": {
        "type": "Point",
        "coordinates": [
          139.0773497,
          36.3682617
        ]
      },
      "properties": {
        "内容": "バス停: 六供中央公園 (永井運輸株式会社)",
        "name": "六供中央公園",
        "operator": "永井運輸株式会社",
        "ref": "",
        "url": "",
        "url2": ""
      }
    },
    {
      "type": "Feature",
      "geometry": {
        "type": "Point",
        "coordinates": [
          139.0772809,
          36.3676344
        ]
      },
      "properties": {
        "内容": "バス停: 六供中央公園 (永井運輸株式会社)",
        "name": "六供中央公園",
        "operator": "永井運輸株式会社",
        "ref": "",
        "url": "",
        "url2": ""
      }
    },
    {
      "type": "Feature",
      "geometry": {
        "type": "Point",
        "coordinates": [
          139.0772759,
          36.4020337
        ]
      },
      "properties": {
        "内容": "バス停: みずき中入口 (永井運輸株式会社)",
        "name": "みずき中入口",
        "operator": "永井運輸株式会社",
        "ref": "",
        "url": "",
        "url2": ""
      }
    },
    {
      "type": "Feature",
      "geometry": {
        "type": "Point",
        "coordinates": [
          139.0803172,
          36.4020047
        ]
      },
      "properties": {
        "内容": "バス停: 日吉町 (永井運輸株式会社)",
        "name": "日吉町",
        "operator": "永井運輸株式会社",
        "ref": "",
        "url": "",
        "url2": ""
      }
    },
    {
      "type": "Feature",
      "geometry": {
        "type": "Point",
        "coordinates": [
          139.0817869,
          36.4016632
        ]
      },
      "properties": {
        "内容": "バス停: 上三俣町 (永井運輸株式会社)",
        "name": "上三俣町",
        "operator": "永井運輸株式会社",
        "ref": "",
        "url": "",
        "url2": ""
      }
    },
    {
      "type": "Feature",
      "geometry": {
        "type": "Point",
        "coordinates": [
          139.0816802,
          36.4014634
        ]
      },
      "properties": {
        "内容": "バス停: 上三俣町 (永井運輸株式会社)",
        "name": "上三俣町",
        "operator": "永井運輸株式会社",
        "ref": "",
        "url": "",
        "url2": ""
      }
    },
    {
      "type": "Feature",
      "geometry": {
        "type": "Point",
        "coordinates": [
          139.076902,
          36.4011238
        ]
      },
      "properties": {
        "内容": "バス停: みずき中前 (永井運輸株式会社)",
        "name": "みずき中前",
        "operator": "永井運輸株式会社",
        "ref": "",
        "url": "",
        "url2": ""
      }
    },
    {
      "type": "Feature",
      "geometry": {
        "type": "Point",
        "coordinates": [
          139.0768253,
          36.4009725
        ]
      },
      "properties": {
        "内容": "バス停: みずき中前 (永井運輸株式会社)",
        "name": "みずき中前",
        "operator": "永井運輸株式会社",
        "ref": "",
        "url": "",
        "url2": ""
      }
    },
    {
      "type": "Feature",
      "geometry": {
        "type": "Point",
        "coordinates": [
          139.0771837,
          36.3993435
        ]
      },
      "properties": {
        "内容": "バス停: 日吉児童館入口 (永井運輸株式会社)",
        "name": "日吉児童館入口",
        "operator": "永井運輸株式会社",
        "ref": "",
        "url": "",
        "url2": ""
      }
    },
    {
      "type": "Feature",
      "geometry": {
        "type": "Point",
        "coordinates": [
          139.0770904,
          36.399312
        ]
      },
      "properties": {
        "内容": "バス停: 日吉児童館入口 (永井運輸株式会社)",
        "name": "日吉児童館入口",
        "operator": "永井運輸株式会社",
        "ref": "",
        "url": "",
        "url2": ""
      }
    },
    {
      "type": "Feature",
      "geometry": {
        "type": "Point",
        "coordinates": [
          139.0833189,
          36.3991041
        ]
      },
      "properties": {
        "内容": "バス停: 三俣町 (永井運輸株式会社)",
        "name": "三俣町",
        "operator": "永井運輸株式会社",
        "ref": "",
        "url": "",
        "url2": ""
      }
    },
    {
      "type": "Feature",
      "geometry": {
        "type": "Point",
        "coordinates": [
          139.0833815,
          36.3990257
        ]
      },
      "properties": {
        "内容": "バス停: 三俣町 (永井運輸株式会社)",
        "name": "三俣町",
        "operator": "永井運輸株式会社",
        "ref": "",
        "url": "",
        "url2": ""
      }
    },
    {
      "type": "Feature",
      "geometry": {
        "type": "Point",
        "coordinates": [
          139.0915095,
          36.4006496
        ]
      },
      "properties": {
        "内容": "バス停: 霊園入口 (永井運輸株式会社)",
        "name": "霊園入口",
        "operator": "永井運輸株式会社",
        "ref": "",
        "url": "",
        "url2": ""
      }
    },
    {
      "type": "Feature",
      "geometry": {
        "type": "Point",
        "coordinates": [
          139.0914955,
          36.4005718
        ]
      },
      "properties": {
        "内容": "バス停: 霊園入口 (永井運輸株式会社)",
        "name": "霊園入口",
        "operator": "永井運輸株式会社",
        "ref": "",
        "url": "",
        "url2": ""
      }
    },
    {
      "type": "Feature",
      "geometry": {
        "type": "Point",
        "coordinates": [
          139.0942615,
          36.4012812
        ]
      },
      "properties": {
        "内容": "バス停: 下沖町 (永井運輸株式会社)",
        "name": "下沖町",
        "operator": "永井運輸株式会社",
        "ref": "",
        "url": "",
        "url2": ""
      }
    },
    {
      "type": "Feature",
      "geometry": {
        "type": "Point",
        "coordinates": [
          139.0943633,
          36.401224
        ]
      },
      "properties": {
        "内容": "バス停: 下沖町 (永井運輸株式会社)",
        "name": "下沖町",
        "operator": "永井運輸株式会社",
        "ref": "",
        "url": "",
        "url2": ""
      }
    },
    {
      "type": "Feature",
      "geometry": {
        "type": "Point",
        "coordinates": [
          139.0967254,
          36.4035602
        ]
      },
      "properties": {
        "内容": "バス停: 県民健康科学大学前 (永井運輸株式会社)",
        "name": "県民健康科学大学前",
        "operator": "永井運輸株式会社",
        "ref": "",
        "url": "",
        "url2": ""
      }
    },
    {
      "type": "Feature",
      "geometry": {
        "type": "Point",
        "coordinates": [
          139.0968201,
          36.4034607
        ]
      },
      "properties": {
        "内容": "バス停: 県民健康科学大学前 (永井運輸株式会社)",
        "name": "県民健康科学大学前",
        "operator": "永井運輸株式会社",
        "ref": "",
        "url": "",
        "url2": ""
      }
    },
    {
      "type": "Feature",
      "geometry": {
        "type": "Point",
        "coordinates": [
          139.0960477,
          36.403625
        ]
      },
      "properties": {
        "内容": "バス停: 県民健康科学大学 (永井運輸株式会社)",
        "name": "県民健康科学大学",
        "operator": "永井運輸株式会社",
        "ref": "",
        "url": "",
        "url2": ""
      }
    },
    {
      "type": "Feature",
      "geometry": {
        "type": "Point",
        "coordinates": [
          139.0973955,
          36.4058903
        ]
      },
      "properties": {
        "内容": "バス停: 上沖入口 (永井運輸株式会社)",
        "name": "上沖入口",
        "operator": "永井運輸株式会社",
        "ref": "",
        "url": "",
        "url2": ""
      }
    },
    {
      "type": "Feature",
      "geometry": {
        "type": "Point",
        "coordinates": [
          139.0976368,
          36.4061421
        ]
      },
      "properties": {
        "内容": "バス停: 上沖入口 (永井運輸株式会社)",
        "name": "上沖入口",
        "operator": "永井運輸株式会社",
        "ref": "",
        "url": "",
        "url2": ""
      }
    },
    {
      "type": "Feature",
      "geometry": {
        "type": "Point",
        "coordinates": [
          139.098634,
          36.4104664
        ]
      },
      "properties": {
        "内容": "バス停: 端気町 (永井運輸株式会社)",
        "name": "端気町",
        "operator": "永井運輸株式会社",
        "ref": "",
        "url": "",
        "url2": ""
      }
    },
    {
      "type": "Feature",
      "geometry": {
        "type": "Point",
        "coordinates": [
          139.0987005,
          36.4102812
        ]
      },
      "properties": {
        "内容": "バス停: 端気町 (永井運輸株式会社)",
        "name": "端気町",
        "operator": "永井運輸株式会社",
        "ref": "",
        "url": "",
        "url2": ""
      }
    },
    {
      "type": "Feature",
      "geometry": {
        "type": "Point",
        "coordinates": [
          139.1009292,
          36.4142702
        ]
      },
      "properties": {
        "内容": "バス停: 芳賀工業団地 (永井運輸株式会社)",
        "name": "芳賀工業団地",
        "operator": "永井運輸株式会社",
        "ref": "",
        "url": "",
        "url2": ""
      }
    },
    {
      "type": "Feature",
      "geometry": {
        "type": "Point",
        "coordinates": [
          139.1010859,
          36.4143134
        ]
      },
      "properties": {
        "内容": "バス停: 芳賀工業団地 (永井運輸株式会社)",
        "name": "芳賀工業団地",
        "operator": "永井運輸株式会社",
        "ref": "",
        "url": "",
        "url2": ""
      }
    },
    {
      "type": "Feature",
      "geometry": {
        "type": "Point",
        "coordinates": [
          139.1026836,
          36.4166952
        ]
      },
      "properties": {
        "内容": "バス停: 鳥取町 (永井運輸株式会社)",
        "name": "鳥取町",
        "operator": "永井運輸株式会社",
        "ref": "",
        "url": "",
        "url2": ""
      }
    },
    {
      "type": "Feature",
      "geometry": {
        "type": "Point",
        "coordinates": [
          139.1028167,
          36.4163526
        ]
      },
      "properties": {
        "内容": "バス停: 鳥取町 (永井運輸株式会社)",
        "name": "鳥取町",
        "operator": "永井運輸株式会社",
        "ref": "",
        "url": "",
        "url2": ""
      }
    },
    {
      "type": "Feature",
      "geometry": {
        "type": "Point",
        "coordinates": [
          139.1050739,
          36.4215008
        ]
      },
      "properties": {
        "内容": "バス停: 東部住宅団地入口 (永井運輸株式会社)",
        "name": "東部住宅団地入口",
        "operator": "永井運輸株式会社",
        "ref": "",
        "url": "",
        "url2": ""
      }
    },
    {
      "type": "Feature",
      "geometry": {
        "type": "Point",
        "coordinates": [
          139.1051902,
          36.4214753
        ]
      },
      "properties": {
        "内容": "バス停: 東部住宅団地入口 (永井運輸株式会社)",
        "name": "東部住宅団地入口",
        "operator": "永井運輸株式会社",
        "ref": "",
        "url": "",
        "url2": ""
      }
    },
    {
      "type": "Feature",
      "geometry": {
        "type": "Point",
        "coordinates": [
          139.1062018,
          36.4240022
        ]
      },
      "properties": {
        "内容": "バス停: 芳賀小前 (永井運輸株式会社)",
        "name": "芳賀小前",
        "operator": "永井運輸株式会社",
        "ref": "",
        "url": "",
        "url2": ""
      }
    },
    {
      "type": "Feature",
      "geometry": {
        "type": "Point",
        "coordinates": [
          139.1068395,
          36.4267344
        ]
      },
      "properties": {
        "内容": "バス停: 高花台団地 (永井運輸株式会社)",
        "name": "高花台団地",
        "operator": "永井運輸株式会社",
        "ref": "",
        "url": "",
        "url2": ""
      }
    },
    {
      "type": "Feature",
      "geometry": {
        "type": "Point",
        "coordinates": [
          139.1067664,
          36.4260098
        ]
      },
      "properties": {
        "内容": "バス停: 高花台団地 (永井運輸株式会社)",
        "name": "高花台団地",
        "operator": "永井運輸株式会社",
        "ref": "",
        "url": "",
        "url2": ""
      }
    },
    {
      "type": "Feature",
      "geometry": {
        "type": "Point",
        "coordinates": [
          139.1071302,
          36.4277897
        ]
      },
      "properties": {
        "内容": "バス停: 団地中央 (永井運輸株式会社)",
        "name": "団地中央",
        "operator": "永井運輸株式会社",
        "ref": "",
        "url": "",
        "url2": ""
      }
    },
    {
      "type": "Feature",
      "geometry": {
        "type": "Point",
        "coordinates": [
          139.1072352,
          36.4277703
        ]
      },
      "properties": {
        "内容": "バス停: 団地中央 (永井運輸株式会社)",
        "name": "団地中央",
        "operator": "永井運輸株式会社",
        "ref": "",
        "url": "",
        "url2": ""
      }
    },
    {
      "type": "Feature",
      "geometry": {
        "type": "Point",
        "coordinates": [
          139.1083149,
          36.4304741
        ]
      },
      "properties": {
        "内容": "バス停: 団地北 (永井運輸株式会社)",
        "name": "団地北",
        "operator": "永井運輸株式会社",
        "ref": "",
        "url": "",
        "url2": ""
      }
    },
    {
      "type": "Feature",
      "geometry": {
        "type": "Point",
        "coordinates": [
          139.1083724,
          36.4304067
        ]
      },
      "properties": {
        "内容": "バス停: 団地北 (永井運輸株式会社)",
        "name": "団地北",
        "operator": "永井運輸株式会社",
        "ref": "",
        "url": "",
        "url2": ""
      }
    },
    {
      "type": "Feature",
      "geometry": {
        "type": "Point",
        "coordinates": [
          139.1090086,
          36.4319373
        ]
      },
      "properties": {
        "内容": "バス停: 公田 (永井運輸株式会社)",
        "name": "公田",
        "operator": "永井運輸株式会社",
        "ref": "",
        "url": "",
        "url2": ""
      }
    },
    {
      "type": "Feature",
      "geometry": {
        "type": "Point",
        "coordinates": [
          139.1091137,
          36.4319373
        ]
      },
      "properties": {
        "内容": "バス停: 公田 (永井運輸株式会社)",
        "name": "公田",
        "operator": "永井運輸株式会社",
        "ref": "",
        "url": "",
        "url2": ""
      }
    },
    {
      "type": "Feature",
      "geometry": {
        "type": "Point",
        "coordinates": [
          139.1131525,
          36.4314742
        ]
      },
      "properties": {
        "内容": "バス停: 西新井 (永井運輸株式会社)",
        "name": "西新井",
        "operator": "永井運輸株式会社",
        "ref": "",
        "url": "",
        "url2": ""
      }
    },
    {
      "type": "Feature",
      "geometry": {
        "type": "Point",
        "coordinates": [
          139.1130449,
          36.4314674
        ]
      },
      "properties": {
        "内容": "バス停: 西新井 (永井運輸株式会社)",
        "name": "西新井",
        "operator": "永井運輸株式会社",
        "ref": "",
        "url": "",
        "url2": ""
      }
    },
    {
      "type": "Feature",
      "geometry": {
        "type": "Point",
        "coordinates": [
          139.1154547,
          36.4296379
        ]
      },
      "properties": {
        "内容": "バス停: 集荷所 (永井運輸株式会社)",
        "name": "集荷所",
        "operator": "永井運輸株式会社",
        "ref": "",
        "url": "",
        "url2": ""
      }
    },
    {
      "type": "Feature",
      "geometry": {
        "type": "Point",
        "coordinates": [
          139.115869,
          36.4294878
        ]
      },
      "properties": {
        "内容": "バス停: 集荷所 (永井運輸株式会社)",
        "name": "集荷所",
        "operator": "永井運輸株式会社",
        "ref": "",
        "url": "",
        "url2": ""
      }
    },
    {
      "type": "Feature",
      "geometry": {
        "type": "Point",
        "coordinates": [
          139.1181615,
          36.4290162
        ]
      },
      "properties": {
        "内容": "バス停: 小坂子 (永井運輸株式会社)",
        "name": "小坂子",
        "operator": "永井運輸株式会社",
        "ref": "",
        "url": "",
        "url2": ""
      }
    },
    {
      "type": "Feature",
      "geometry": {
        "type": "Point",
        "coordinates": [
          139.1233994,
          36.427065
        ]
      },
      "properties": {
        "内容": "バス停: 小坂子東 (永井運輸株式会社)",
        "name": "小坂子東",
        "operator": "永井運輸株式会社",
        "ref": "",
        "url": "",
        "url2": ""
      }
    },
    {
      "type": "Feature",
      "geometry": {
        "type": "Point",
        "coordinates": [
          139.1233898,
          36.426967
        ]
      },
      "properties": {
        "内容": "バス停: 小坂子東 (永井運輸株式会社)",
        "name": "小坂子東",
        "operator": "永井運輸株式会社",
        "ref": "",
        "url": "",
        "url2": ""
      }
    },
    {
      "type": "Feature",
      "geometry": {
        "type": "Point",
        "coordinates": [
          139.1294838,
          36.4246367
        ]
      },
      "properties": {
        "内容": "バス停: 荻窪公園 (永井運輸株式会社)",
        "name": "荻窪公園",
        "operator": "永井運輸株式会社",
        "ref": "",
        "url": "",
        "url2": ""
      }
    },
    {
      "type": "Feature",
      "geometry": {
        "type": "Point",
        "coordinates": [
          139.1086535,
          36.3708167
        ]
      },
      "properties": {
        "内容": "バス停: 前橋大島駅 (永井運輸株式会社)",
        "name": "前橋大島駅",
        "operator": "永井運輸株式会社",
        "ref": "",
        "url": "",
        "url2": ""
      }
    },
    {
      "type": "Feature",
      "geometry": {
        "type": "Point",
        "coordinates": [
          139.1076992,
          36.3704562
        ]
      },
      "properties": {
        "内容": "バス停: 大島公園前 (永井運輸株式会社)",
        "name": "大島公園前",
        "operator": "永井運輸株式会社",
        "ref": "",
        "url": "",
        "url2": ""
      }
    },
    {
      "type": "Feature",
      "geometry": {
        "type": "Point",
        "coordinates": [
          139.1077245,
          36.3705515
        ]
      },
      "properties": {
        "内容": "バス停: 大島公園前 (永井運輸株式会社)",
        "name": "大島公園前",
        "operator": "永井運輸株式会社",
        "ref": "",
        "url": "",
        "url2": ""
      }
    },
    {
      "type": "Feature",
      "geometry": {
        "type": "Point",
        "coordinates": [
          139.1083856,
          36.3725401
        ]
      },
      "properties": {
        "内容": "バス停: 木工団地 (永井運輸株式会社)",
        "name": "木工団地",
        "operator": "永井運輸株式会社",
        "ref": "",
        "url": "",
        "url2": ""
      }
    },
    {
      "type": "Feature",
      "geometry": {
        "type": "Point",
        "coordinates": [
          139.1085325,
          36.3725731
        ]
      },
      "properties": {
        "内容": "バス停: 木工団地 (永井運輸株式会社)",
        "name": "木工団地",
        "operator": "永井運輸株式会社",
        "ref": "",
        "url": "",
        "url2": ""
      }
    },
    {
      "type": "Feature",
      "geometry": {
        "type": "Point",
        "coordinates": [
          139.111564,
          36.3759637
        ]
      },
      "properties": {
        "内容": "バス停: 県勤労福祉センター東 (永井運輸株式会社)",
        "name": "県勤労福祉センター東",
        "operator": "永井運輸株式会社",
        "ref": "",
        "url": "",
        "url2": ""
      }
    },
    {
      "type": "Feature",
      "geometry": {
        "type": "Point",
        "coordinates": [
          139.1116649,
          36.3759137
        ]
      },
      "properties": {
        "内容": "バス停: 県勤労福祉センター東 (永井運輸株式会社)",
        "name": "県勤労福祉センター東",
        "operator": "永井運輸株式会社",
        "ref": "",
        "url": "",
        "url2": ""
      }
    },
    {
      "type": "Feature",
      "geometry": {
        "type": "Point",
        "coordinates": [
          139.1125021,
          36.3794898
        ]
      },
      "properties": {
        "内容": "バス停: 野中町十字路 (永井運輸株式会社)",
        "name": "野中町十字路",
        "operator": "永井運輸株式会社",
        "ref": "",
        "url": "",
        "url2": ""
      }
    },
    {
      "type": "Feature",
      "geometry": {
        "type": "Point",
        "coordinates": [
          139.1125949,
          36.3795163
        ]
      },
      "properties": {
        "内容": "バス停: 野中町十字路 (永井運輸株式会社)",
        "name": "野中町十字路",
        "operator": "永井運輸株式会社",
        "ref": "",
        "url": "",
        "url2": ""
      }
    },
    {
      "type": "Feature",
      "geometry": {
        "type": "Point",
        "coordinates": [
          139.1120012,
          36.3869286
        ]
      },
      "properties": {
        "内容": "バス停: 青果市場前 (永井運輸株式会社)",
        "name": "青果市場前",
        "operator": "永井運輸株式会社",
        "ref": "",
        "url": "",
        "url2": ""
      }
    },
    {
      "type": "Feature",
      "geometry": {
        "type": "Point",
        "coordinates": [
          139.1121001,
          36.3869101
        ]
      },
      "properties": {
        "内容": "バス停: 青果市場前 (永井運輸株式会社)",
        "name": "青果市場前",
        "operator": "永井運輸株式会社",
        "ref": "",
        "url": "",
        "url2": ""
      }
    },
    {
      "type": "Feature",
      "geometry": {
        "type": "Point",
        "coordinates": [
          139.1177106,
          36.3865832
        ]
      },
      "properties": {
        "内容": "バス停: 石関町学園中央 (永井運輸株式会社)",
        "name": "石関町学園中央",
        "operator": "永井運輸株式会社",
        "ref": "",
        "url": "",
        "url2": ""
      }
    },
    {
      "type": "Feature",
      "geometry": {
        "type": "Point",
        "coordinates": [
          139.0617801,
          36.3845044
        ]
      },
      "properties": {
        "内容": "バス停: 利根の湯前",
        "name": "利根の湯前",
        "operator": "事業者不明",
        "ref": "南11",
        "url": "",
        "url2": ""
      }
    },
    {
      "type": "Feature",
      "geometry": {
        "type": "Point",
        "coordinates": [
          139.0628243,
          36.3833995
        ]
      },
      "properties": {
        "内容": "バス停: 紅雲町十字路",
        "name": "紅雲町十字路",
        "operator": "事業者不明",
        "ref": "南12",
        "url": "",
        "url2": ""
      }
    },
    {
      "type": "Feature",
      "geometry": {
        "type": "Point",
        "coordinates": [
          139.0644083,
          36.3830098
        ]
      },
      "properties": {
        "内容": "バス停: 紅雲町二丁目",
        "name": "紅雲町二丁目",
        "operator": "事業者不明",
        "ref": "南13",
        "url": "",
        "url2": ""
      }
    },
    {
      "type": "Feature",
      "geometry": {
        "type": "Point",
        "coordinates": [
          139.0646326,
          36.3817427
        ]
      },
      "properties": {
        "内容": "バス停: 南町住宅西",
        "name": "南町住宅西",
        "operator": "事業者不明",
        "ref": "南14",
        "url": "",
        "url2": ""
      }
    },
    {
      "type": "Feature",
      "geometry": {
        "type": "Point",
        "coordinates": [
          139.0650596,
          36.3793312
        ]
      },
      "properties": {
        "内容": "バス停: 一中南",
        "name": "一中南",
        "operator": "事業者不明",
        "ref": "南15",
        "url": "",
        "url2": ""
      }
    },
    {
      "type": "Feature",
      "geometry": {
        "type": "Point",
        "coordinates": [
          139.0653977,
          36.3773741
        ]
      },
      "properties": {
        "内容": "バス停: 南町二丁目",
        "name": "南町二丁目",
        "operator": "事業者不明",
        "ref": "南16",
        "url": "",
        "url2": ""
      }
    },
    {
      "type": "Feature",
      "geometry": {
        "type": "Point",
        "coordinates": [
          139.0664215,
          36.376125
        ]
      },
      "properties": {
        "内容": "バス停: フェリカ専門学校南",
        "name": "フェリカ専門学校南",
        "operator": "事業者不明",
        "ref": "南17",
        "url": "",
        "url2": ""
      }
    },
    {
      "type": "Feature",
      "geometry": {
        "type": "Point",
        "coordinates": [
          139.067686,
          36.3790133
        ]
      },
      "properties": {
        "内容": "バス停: 盲学校北",
        "name": "盲学校北",
        "operator": "事業者不明",
        "ref": "南18",
        "url": "",
        "url2": ""
      }
    },
    {
      "type": "Feature",
      "geometry": {
        "type": "Point",
        "coordinates": [
          139.0711621,
          36.379056
        ]
      },
      "properties": {
        "内容": "バス停: 市民文化会館南",
        "name": "市民文化会館南",
        "operator": "事業者不明",
        "ref": "南19",
        "url": "",
        "url2": ""
      }
    },
    {
      "type": "Feature",
      "geometry": {
        "type": "Point",
        "coordinates": [
          139.0728999,
          36.3790715
        ]
      },
      "properties": {
        "内容": "バス停: 群銀前橋駅南支店前",
        "name": "群銀前橋駅南支店前",
        "operator": "事業者不明",
        "ref": "南20",
        "url": "",
        "url2": ""
      }
    },
    {
      "type": "Feature",
      "geometry": {
        "type": "Point",
        "coordinates": [
          139.0761872,
          36.3791139
        ]
      },
      "properties": {
        "内容": "バス停: 勢多会館北",
        "name": "勢多会館北",
        "operator": "事業者不明",
        "ref": "南21",
        "url": "",
        "url2": ""
      }
    },
    {
      "type": "Feature",
      "geometry": {
        "type": "Point",
        "coordinates": [
          139.0757325,
          36.3938387
        ]
      },
      "properties": {
        "内容": "バス停: 城東町二丁目",
        "name": "城東町二丁目",
        "operator": "事業者不明",
        "ref": "北29",
        "url": "",
        "url2": ""
      }
    },
    {
      "type": "Feature",
      "geometry": {
        "type": "Point",
        "coordinates": [
          139.0691345,
          36.3886771
        ]
      },
      "properties": {
        "内容": "バス停: えびす通り",
        "name": "えびす通り",
        "operator": "事業者不明",
        "ref": "東3",
        "url": "",
        "url2": ""
      }
    },
    {
      "type": "Feature",
      "geometry": {
        "type": "Point",
        "coordinates": [
          139.0761741,
          36.3922937
        ]
      },
      "properties": {
        "内容": "バス停: 城東町三丁目",
        "name": "城東町三丁目",
        "operator": "事業者不明",
        "ref": "東7",
        "url": "",
        "url2": ""
      }
    },
    {
      "type": "Feature",
      "geometry": {
        "type": "Point",
        "coordinates": [
          139.0792911,
          36.3924218
        ]
      },
      "properties": {
        "内容": "バス停: 前橋協立診療所入口",
        "name": "前橋協立診療所入口",
        "operator": "事業者不明",
        "ref": "東8",
        "url": "",
        "url2": ""
      }
    },
    {
      "type": "Feature",
      "geometry": {
        "type": "Point",
        "coordinates": [
          139.0791499,
          36.3924412
        ]
      },
      "properties": {
        "内容": "バス停: 前橋協立診療所入口",
        "name": "前橋協立診療所入口",
        "operator": "事業者不明",
        "ref": "東8",
        "url": "",
        "url2": ""
      }
    },
    {
      "type": "Feature",
      "geometry": {
        "type": "Point",
        "coordinates": [
          139.0804235,
          36.3914003
        ]
      },
      "properties": {
        "内容": "バス停: 城東駅前",
        "name": "城東駅前",
        "operator": "事業者不明",
        "ref": "東9",
        "url": "",
        "url2": ""
      }
    },
    {
      "type": "Feature",
      "geometry": {
        "type": "Point",
        "coordinates": [
          139.0805035,
          36.3911936
        ]
      },
      "properties": {
        "内容": "バス停: 城東駅前",
        "name": "城東駅前",
        "operator": "事業者不明",
        "ref": "東9",
        "url": "",
        "url2": ""
      }
    },
    {
      "type": "Feature",
      "geometry": {
        "type": "Point",
        "coordinates": [
          139.0843776,
          36.3905205
        ]
      },
      "properties": {
        "内容": "バス停: 児童文化センター",
        "name": "児童文化センター",
        "operator": "事業者不明",
        "ref": "東10",
        "url": "",
        "url2": ""
      }
    },
    {
      "type": "Feature",
      "geometry": {
        "type": "Point",
        "coordinates": [
          139.0891285,
          36.391952
        ]
      },
      "properties": {
        "内容": "バス停: 林歯科医院前",
        "name": "林歯科医院前",
        "operator": "事業者不明",
        "ref": "東11",
        "url": "",
        "url2": ""
      }
    },
    {
      "type": "Feature",
      "geometry": {
        "type": "Point",
        "coordinates": [
          139.089276,
          36.3918635
        ]
      },
      "properties": {
        "内容": "バス停: 林歯科医院前",
        "name": "林歯科医院前",
        "operator": "事業者不明",
        "ref": "東11",
        "url": "",
        "url2": ""
      }
    },
    {
      "type": "Feature",
      "geometry": {
        "type": "Point",
        "coordinates": [
          139.0895628,
          36.3864671
        ]
      },
      "properties": {
        "内容": "バス停: 保健所・保健センター",
        "name": "保健所・保健センター",
        "operator": "事業者不明",
        "ref": "東13",
        "url": "",
        "url2": ""
      }
    },
    {
      "type": "Feature",
      "geometry": {
        "type": "Point",
        "coordinates": [
          139.0860277,
          36.3868615
        ]
      },
      "properties": {
        "内容": "バス停: 朝貝橋",
        "name": "朝貝橋",
        "operator": "事業者不明",
        "ref": "東15",
        "url": "",
        "url2": ""
      }
    },
    {
      "type": "Feature",
      "geometry": {
        "type": "Point",
        "coordinates": [
          139.0862505,
          36.3868124
        ]
      },
      "properties": {
        "内容": "バス停: 朝貝橋",
        "name": "朝貝橋",
        "operator": "事業者不明",
        "ref": "東15",
        "url": "",
        "url2": ""
      }
    },
    {
      "type": "Feature",
      "geometry": {
        "type": "Point",
        "coordinates": [
          139.0858931,
          36.3821287
        ]
      },
      "properties": {
        "内容": "バス停: サーパス文京前",
        "name": "サーパス文京前",
        "operator": "事業者不明",
        "ref": "東17",
        "url": "",
        "url2": ""
      }
    },
    {
      "type": "Feature",
      "geometry": {
        "type": "Point",
        "coordinates": [
          139.085863,
          36.3820894
        ]
      },
      "properties": {
        "内容": "バス停: サーパス文京前",
        "name": "サーパス文京前",
        "operator": "事業者不明",
        "ref": "東17",
        "url": "",
        "url2": ""
      }
    },
    {
      "type": "Feature",
      "geometry": {
        "type": "Point",
        "coordinates": [
          139.0892119,
          36.3789719
        ]
      },
      "properties": {
        "内容": "バス停: 五中東",
        "name": "五中東",
        "operator": "事業者不明",
        "ref": "東18",
        "url": "",
        "url2": ""
      }
    },
    {
      "type": "Feature",
      "geometry": {
        "type": "Point",
        "coordinates": [
          139.0892696,
          36.3787618
        ]
      },
      "properties": {
        "内容": "バス停: 五中東",
        "name": "五中東",
        "operator": "事業者不明",
        "ref": "東18",
        "url": "",
        "url2": ""
      }
    },
    {
      "type": "Feature",
      "geometry": {
        "type": "Point",
        "coordinates": [
          139.0876333,
          36.3777635
        ]
      },
      "properties": {
        "内容": "バス停: 文京三自治会館前",
        "name": "文京三自治会館前",
        "operator": "事業者不明",
        "ref": "東19",
        "url": "",
        "url2": ""
      }
    },
    {
      "type": "Feature",
      "geometry": {
        "type": "Point",
        "coordinates": [
          139.0875143,
          36.377834
        ]
      },
      "properties": {
        "内容": "バス停: 文京三自治会館前",
        "name": "文京三自治会館前",
        "operator": "事業者不明",
        "ref": "東19",
        "url": "",
        "url2": ""
      }
    },
    {
      "type": "Feature",
      "geometry": {
        "type": "Point",
        "coordinates": [
          139.0865087,
          36.3704327
        ]
      },
      "properties": {
        "内容": "バス停: 協立病院前",
        "name": "協立病院前",
        "operator": "事業者不明",
        "ref": "東23",
        "url": "",
        "url2": ""
      }
    },
    {
      "type": "Feature",
      "geometry": {
        "type": "Point",
        "coordinates": [
          139.082705,
          36.3711738
        ]
      },
      "properties": {
        "内容": "バス停: 天川原町南",
        "name": "天川原町南",
        "operator": "事業者不明",
        "ref": "東24",
        "url": "",
        "url2": ""
      }
    },
    {
      "type": "Feature",
      "geometry": {
        "type": "Point",
        "coordinates": [
          139.0824727,
          36.3712496
        ]
      },
      "properties": {
        "内容": "バス停: 天川原町南",
        "name": "天川原町南",
        "operator": "事業者不明",
        "ref": "東24",
        "url": "",
        "url2": ""
      }
    },
    {
      "type": "Feature",
      "geometry": {
        "type": "Point",
        "coordinates": [
          139.0805847,
          36.3722037
        ]
      },
      "properties": {
        "内容": "バス停: 六供天神公園",
        "name": "六供天神公園",
        "operator": "事業者不明",
        "ref": "東25",
        "url": "",
        "url2": ""
      }
    },
    {
      "type": "Feature",
      "geometry": {
        "type": "Point",
        "coordinates": [
          139.0806593,
          36.3720633
        ]
      },
      "properties": {
        "内容": "バス停: 六供天神公園",
        "name": "六供天神公園",
        "operator": "事業者不明",
        "ref": "東25",
        "url": "",
        "url2": ""
      }
    },
    {
      "type": "Feature",
      "geometry": {
        "type": "Point",
        "coordinates": [
          139.0807274,
          36.3746434
        ]
      },
      "properties": {
        "内容": "バス停: 聾学校入口",
        "name": "聾学校入口",
        "operator": "事業者不明",
        "ref": "東26",
        "url": "",
        "url2": ""
      }
    },
    {
      "type": "Feature",
      "geometry": {
        "type": "Point",
        "coordinates": [
          139.0808056,
          36.3745546
        ]
      },
      "properties": {
        "内容": "バス停: 聾学校入口",
        "name": "聾学校入口",
        "operator": "事業者不明",
        "ref": "東26",
        "url": "",
        "url2": ""
      }
    },
    {
      "type": "Feature",
      "geometry": {
        "type": "Point",
        "coordinates": [
          139.0805533,
          36.377097
        ]
      },
      "properties": {
        "内容": "バス停: 文京町二丁目",
        "name": "文京町二丁目",
        "operator": "事業者不明",
        "ref": "東27",
        "url": "",
        "url2": ""
      }
    },
    {
      "type": "Feature",
      "geometry": {
        "type": "Point",
        "coordinates": [
          139.0806259,
          36.377147
        ]
      },
      "properties": {
        "内容": "バス停: 文京町二丁目",
        "name": "文京町二丁目",
        "operator": "事業者不明",
        "ref": "東27",
        "url": "",
        "url2": ""
      }
    },
    {
      "type": "Feature",
      "geometry": {
        "type": "Point",
        "coordinates": [
          139.0802056,
          36.3786194
        ]
      },
      "properties": {
        "内容": "バス停: けやきウォーク前橋東",
        "name": "けやきウォーク前橋東",
        "operator": "事業者不明",
        "ref": "東28",
        "url": "",
        "url2": ""
      }
    },
    {
      "type": "Feature",
      "geometry": {
        "type": "Point",
        "coordinates": [
          139.0792158,
          36.3779558
        ]
      },
      "properties": {
        "内容": "バス停: けやきウォーク前橋東",
        "name": "けやきウォーク前橋東",
        "operator": "事業者不明",
        "ref": "東28",
        "url": "",
        "url2": ""
      }
    },
    {
      "type": "Feature",
      "geometry": {
        "type": "Point",
        "coordinates": [
          139.0776144,
          36.3823089
        ]
      },
      "properties": {
        "内容": "バス停: 文一松前公園前",
        "name": "文一松前公園前",
        "operator": "事業者不明",
        "ref": "東29",
        "url": "",
        "url2": ""
      }
    },
    {
      "type": "Feature",
      "geometry": {
        "type": "Point",
        "coordinates": [
          139.0776163,
          36.3823677
        ]
      },
      "properties": {
        "内容": "バス停: 文一松前公園前",
        "name": "文一松前公園前",
        "operator": "事業者不明",
        "ref": "東29",
        "url": "",
        "url2": ""
      }
    },
    {
      "type": "Feature",
      "geometry": {
        "type": "Point",
        "coordinates": [
          139.0405772,
          36.3812259
        ]
      },
      "properties": {
        "内容": "バス停: 運転試験場前",
        "name": "運転試験場前",
        "operator": "事業者不明",
        "ref": "",
        "url": "",
        "url2": ""
      }
    },
    {
      "type": "Feature",
      "geometry": {
        "type": "Point",
        "coordinates": [
          139.0404435,
          36.3815055
        ]
      },
      "properties": {
        "内容": "バス停: 運転試験場前",
        "name": "運転試験場前",
        "operator": "事業者不明",
        "ref": "",
        "url": "",
        "url2": ""
      }
    },
    {
      "type": "Feature",
      "geometry": {
        "type": "Point",
        "coordinates": [
          139.0287298,
          36.3776524
        ]
      },
      "properties": {
        "内容": "バス停: 鳥羽町",
        "name": "鳥羽町",
        "operator": "事業者不明",
        "ref": "",
        "url": "",
        "url2": ""
      }
    },
    {
      "type": "Feature",
      "geometry": {
        "type": "Point",
        "coordinates": [
          139.0288857,
          36.3775739
        ]
      },
      "properties": {
        "内容": "バス停: 鳥羽町",
        "name": "鳥羽町",
        "operator": "事業者不明",
        "ref": "",
        "url": "",
        "url2": ""
      }
    },
    {
      "type": "Feature",
      "geometry": {
        "type": "Point",
        "coordinates": [
          139.0331455,
          36.3779832
        ]
      },
      "properties": {
        "内容": "バス停: 鳥羽町東",
        "name": "鳥羽町東",
        "operator": "事業者不明",
        "ref": "",
        "url": "",
        "url2": ""
      }
    },
    {
      "type": "Feature",
      "geometry": {
        "type": "Point",
        "coordinates": [
          139.0330203,
          36.3779071
        ]
      },
      "properties": {
        "内容": "バス停: 鳥羽町東",
        "name": "鳥羽町東",
        "operator": "事業者不明",
        "ref": "",
        "url": "",
        "url2": ""
      }
    },
    {
      "type": "Feature",
      "geometry": {
        "type": "Point",
        "coordinates": [
          139.0404458,
          36.4060522
        ]
      },
      "properties": {
        "内容": "バス停: ぐんまみらい信用組合前",
        "name": "ぐんまみらい信用組合前",
        "operator": "事業者不明",
        "ref": "",
        "url": "",
        "url2": ""
      }
    },
    {
      "type": "Feature",
      "geometry": {
        "type": "Point",
        "coordinates": [
          139.0353435,
          36.4055107
        ]
      },
      "properties": {
        "内容": "バス停: 大屋敷",
        "name": "大屋敷",
        "operator": "事業者不明",
        "ref": "",
        "url": "",
        "url2": ""
      }
    },
    {
      "type": "Feature",
      "geometry": {
        "type": "Point",
        "coordinates": [
          139.0355078,
          36.4055433
        ]
      },
      "properties": {
        "内容": "バス停: 大屋敷",
        "name": "大屋敷",
        "operator": "事業者不明",
        "ref": "",
        "url": "",
        "url2": ""
      }
    },
    {
      "type": "Feature",
      "geometry": {
        "type": "Point",
        "coordinates": [
          139.0334462,
          36.4060219
        ]
      },
      "properties": {
        "内容": "バス停: 日新電機前",
        "name": "日新電機前",
        "operator": "事業者不明",
        "ref": "",
        "url": "",
        "url2": ""
      }
    },
    {
      "type": "Feature",
      "geometry": {
        "type": "Point",
        "coordinates": [
          139.0334551,
          36.4061096
        ]
      },
      "properties": {
        "内容": "バス停: 日新電機前",
        "name": "日新電機前",
        "operator": "事業者不明",
        "ref": "",
        "url": "",
        "url2": ""
      }
    },
    {
      "type": "Feature",
      "geometry": {
        "type": "Point",
        "coordinates": [
          139.0291693,
          36.4067874
        ]
      },
      "properties": {
        "内容": "バス停: 蚕業試験場前",
        "name": "蚕業試験場前",
        "operator": "事業者不明",
        "ref": "",
        "url": "",
        "url2": ""
      }
    },
    {
      "type": "Feature",
      "geometry": {
        "type": "Point",
        "coordinates": [
          139.0291338,
          36.4068855
        ]
      },
      "properties": {
        "内容": "バス停: 蚕業試験場前",
        "name": "蚕業試験場前",
        "operator": "事業者不明",
        "ref": "",
        "url": "",
        "url2": ""
      }
    },
    {
      "type": "Feature",
      "geometry": {
        "type": "Point",
        "coordinates": [
          139.0543846,
          36.3809319
        ]
      },
      "properties": {
        "内容": "バス停: わかば病院",
        "name": "わかば病院",
        "operator": "事業者不明",
        "ref": "西2",
        "url": "",
        "url2": ""
      }
    },
    {
      "type": "Feature",
      "geometry": {
        "type": "Point",
        "coordinates": [
          139.0542848,
          36.3810015
        ]
      },
      "properties": {
        "内容": "バス停: わかば病院",
        "name": "わかば病院",
        "operator": "事業者不明",
        "ref": "西2",
        "url": "",
        "url2": ""
      }
    },
    {
      "type": "Feature",
      "geometry": {
        "type": "Point",
        "coordinates": [
          139.0540262,
          36.3788315
        ]
      },
      "properties": {
        "内容": "バス停: 古市町一丁目",
        "name": "古市町一丁目",
        "operator": "事業者不明",
        "ref": "西3",
        "url": "",
        "url2": ""
      }
    },
    {
      "type": "Feature",
      "geometry": {
        "type": "Point",
        "coordinates": [
          139.0538553,
          36.3790255
        ]
      },
      "properties": {
        "内容": "バス停: 古市町一丁目",
        "name": "古市町一丁目",
        "operator": "事業者不明",
        "ref": "西3",
        "url": "",
        "url2": ""
      }
    },
    {
      "type": "Feature",
      "geometry": {
        "type": "Point",
        "coordinates": [
          139.0547517,
          36.3750564
        ]
      },
      "properties": {
        "内容": "バス停: 小相木町北",
        "name": "小相木町北",
        "operator": "事業者不明",
        "ref": "西4",
        "url": "",
        "url2": ""
      }
    },
    {
      "type": "Feature",
      "geometry": {
        "type": "Point",
        "coordinates": [
          139.0546049,
          36.3752072
        ]
      },
      "properties": {
        "内容": "バス停: 小相木町北",
        "name": "小相木町北",
        "operator": "事業者不明",
        "ref": "西4",
        "url": "",
        "url2": ""
      }
    },
    {
      "type": "Feature",
      "geometry": {
        "type": "Point",
        "coordinates": [
          139.0515147,
          36.3730899
        ]
      },
      "properties": {
        "内容": "バス停: 東公民館",
        "name": "東公民館",
        "operator": "事業者不明",
        "ref": "西4-1",
        "url": "",
        "url2": ""
      }
    },
    {
      "type": "Feature",
      "geometry": {
        "type": "Point",
        "coordinates": [
          139.0536661,
          36.372037
        ]
      },
      "properties": {
        "内容": "バス停: 東保育所前",
        "name": "東保育所前",
        "operator": "事業者不明",
        "ref": "西5",
        "url": "",
        "url2": ""
      }
    },
    {
      "type": "Feature",
      "geometry": {
        "type": "Point",
        "coordinates": [
          139.0536534,
          36.3721361
        ]
      },
      "properties": {
        "内容": "バス停: 東保育所前",
        "name": "東保育所前",
        "operator": "事業者不明",
        "ref": "西5",
        "url": "",
        "url2": ""
      }
    },
    {
      "type": "Feature",
      "geometry": {
        "type": "Point",
        "coordinates": [
          139.053044,
          36.369096
        ]
      },
      "properties": {
        "内容": "バス停: 東箱田後家町公民館",
        "name": "東箱田後家町公民館",
        "operator": "事業者不明",
        "ref": "西6",
        "url": "",
        "url2": ""
      }
    },
    {
      "type": "Feature",
      "geometry": {
        "type": "Point",
        "coordinates": [
          139.0529579,
          36.3690493
        ]
      },
      "properties": {
        "内容": "バス停: 東箱田後家町公民館",
        "name": "東箱田後家町公民館",
        "operator": "事業者不明",
        "ref": "西6",
        "url": "",
        "url2": ""
      }
    },
    {
      "type": "Feature",
      "geometry": {
        "type": "Point",
        "coordinates": [
          139.053015,
          36.3666888
        ]
      },
      "properties": {
        "内容": "バス停: 東小学校",
        "name": "東小学校",
        "operator": "事業者不明",
        "ref": "西7",
        "url": "",
        "url2": ""
      }
    },
    {
      "type": "Feature",
      "geometry": {
        "type": "Point",
        "coordinates": [
          139.0529596,
          36.3665081
        ]
      },
      "properties": {
        "内容": "バス停: 東小学校",
        "name": "東小学校",
        "operator": "事業者不明",
        "ref": "西7",
        "url": "",
        "url2": ""
      }
    },
    {
      "type": "Feature",
      "geometry": {
        "type": "Point",
        "coordinates": [
          139.0532389,
          36.3617515
        ]
      },
      "properties": {
        "内容": "バス停: 箱田町南",
        "name": "箱田町南",
        "operator": "事業者不明",
        "ref": "西8",
        "url": "",
        "url2": ""
      }
    },
    {
      "type": "Feature",
      "geometry": {
        "type": "Point",
        "coordinates": [
          139.0531119,
          36.3619489
        ]
      },
      "properties": {
        "内容": "バス停: 箱田町南",
        "name": "箱田町南",
        "operator": "事業者不明",
        "ref": "西8",
        "url": "",
        "url2": ""
      }
    },
    {
      "type": "Feature",
      "geometry": {
        "type": "Point",
        "coordinates": [
          139.0563577,
          36.3611769
        ]
      },
      "properties": {
        "内容": "バス停: 大利根町西",
        "name": "大利根町西",
        "operator": "事業者不明",
        "ref": "西9",
        "url": "",
        "url2": ""
      }
    },
    {
      "type": "Feature",
      "geometry": {
        "type": "Point",
        "coordinates": [
          139.0560101,
          36.3610891
        ]
      },
      "properties": {
        "内容": "バス停: 大利根町西",
        "name": "大利根町西",
        "operator": "事業者不明",
        "ref": "西9",
        "url": "",
        "url2": ""
      }
    },
    {
      "type": "Feature",
      "geometry": {
        "type": "Point",
        "coordinates": [
          139.0648291,
          36.3527178
        ]
      },
      "properties": {
        "内容": "バス停: 大利根第二団地西",
        "name": "大利根第二団地西",
        "operator": "事業者不明",
        "ref": "西14",
        "url": "",
        "url2": ""
      }
    },
    {
      "type": "Feature",
      "geometry": {
        "type": "Point",
        "coordinates": [
          139.0645421,
          36.3526629
        ]
      },
      "properties": {
        "内容": "バス停: 大利根第二団地西",
        "name": "大利根第二団地西",
        "operator": "事業者不明",
        "ref": "西14",
        "url": "",
        "url2": ""
      }
    },
    {
      "type": "Feature",
      "geometry": {
        "type": "Point",
        "coordinates": [
          139.0683184,
          36.3526006
        ]
      },
      "properties": {
        "内容": "バス停: 大利根第二団地東",
        "name": "大利根第二団地東",
        "operator": "事業者不明",
        "ref": "西15",
        "url": "",
        "url2": ""
      }
    },
    {
      "type": "Feature",
      "geometry": {
        "type": "Point",
        "coordinates": [
          139.0682672,
          36.3525404
        ]
      },
      "properties": {
        "内容": "バス停: 大利根第二団地東",
        "name": "大利根第二団地東",
        "operator": "事業者不明",
        "ref": "西15",
        "url": "",
        "url2": ""
      }
    },
    {
      "type": "Feature",
      "geometry": {
        "type": "Point",
        "coordinates": [
          139.0694026,
          36.3544325
        ]
      },
      "properties": {
        "内容": "バス停: 大利根緑地",
        "name": "大利根緑地",
        "operator": "事業者不明",
        "ref": "西16",
        "url": "",
        "url2": ""
      }
    },
    {
      "type": "Feature",
      "geometry": {
        "type": "Point",
        "coordinates": [
          139.0694613,
          36.3544541
        ]
      },
      "properties": {
        "内容": "バス停: 大利根緑地",
        "name": "大利根緑地",
        "operator": "事業者不明",
        "ref": "西16",
        "url": "",
        "url2": ""
      }
    },
    {
      "type": "Feature",
      "geometry": {
        "type": "Point",
        "coordinates": [
          139.069123,
          36.3560681
        ]
      },
      "properties": {
        "内容": "バス停: 下新田町公民館",
        "name": "下新田町公民館",
        "operator": "事業者不明",
        "ref": "西17",
        "url": "",
        "url2": ""
      }
    },
    {
      "type": "Feature",
      "geometry": {
        "type": "Point",
        "coordinates": [
          139.0690742,
          36.3561879
        ]
      },
      "properties": {
        "内容": "バス停: 下新田町公民館",
        "name": "下新田町公民館",
        "operator": "事業者不明",
        "ref": "西17",
        "url": "",
        "url2": ""
      }
    },
    {
      "type": "Feature",
      "geometry": {
        "type": "Point",
        "coordinates": [
          139.0662319,
          36.356894
        ]
      },
      "properties": {
        "内容": "バス停: 下新田町南",
        "name": "下新田町南",
        "operator": "事業者不明",
        "ref": "西18",
        "url": "",
        "url2": ""
      }
    },
    {
      "type": "Feature",
      "geometry": {
        "type": "Point",
        "coordinates": [
          139.066,
          36.3569482
        ]
      },
      "properties": {
        "内容": "バス停: 下新田町南",
        "name": "下新田町南",
        "operator": "事業者不明",
        "ref": "西18",
        "url": "",
        "url2": ""
      }
    },
    {
      "type": "Feature",
      "geometry": {
        "type": "Point",
        "coordinates": [
          139.0626578,
          36.3595006
        ]
      },
      "properties": {
        "内容": "バス停: 殿田用水",
        "name": "殿田用水",
        "operator": "事業者不明",
        "ref": "西19",
        "url": "",
        "url2": ""
      }
    },
    {
      "type": "Feature",
      "geometry": {
        "type": "Point",
        "coordinates": [
          139.0628043,
          36.3596505
        ]
      },
      "properties": {
        "内容": "バス停: 殿田用水",
        "name": "殿田用水",
        "operator": "事業者不明",
        "ref": "西19",
        "url": "",
        "url2": ""
      }
    },
    {
      "type": "Feature",
      "geometry": {
        "type": "Point",
        "coordinates": [
          139.0625901,
          36.361162
        ]
      },
      "properties": {
        "内容": "バス停: 下新田入口",
        "name": "下新田入口",
        "operator": "事業者不明",
        "ref": "西20西4-1",
        "url": "",
        "url2": ""
      }
    },
    {
      "type": "Feature",
      "geometry": {
        "type": "Point",
        "coordinates": [
          139.0594902,
          36.3614798
        ]
      },
      "properties": {
        "内容": "バス停: 大利根ショッピングセンター",
        "name": "大利根ショッピングセンター",
        "operator": "事業者不明",
        "ref": "西21",
        "url": "",
        "url2": ""
      }
    },
    {
      "type": "Feature",
      "geometry": {
        "type": "Point",
        "coordinates": [
          139.0596176,
          36.3613932
        ]
      },
      "properties": {
        "内容": "バス停: 大利根ショッピングセンター",
        "name": "大利根ショッピングセンター",
        "operator": "事業者不明",
        "ref": "西21",
        "url": "",
        "url2": ""
      }
    },
    {
      "type": "Feature",
      "geometry": {
        "type": "Point",
        "coordinates": [
          139.0591456,
          36.3637382
        ]
      },
      "properties": {
        "内容": "バス停: 大利根中央公園",
        "name": "大利根中央公園",
        "operator": "事業者不明",
        "ref": "西22",
        "url": "",
        "url2": ""
      }
    },
    {
      "type": "Feature",
      "geometry": {
        "type": "Point",
        "coordinates": [
          139.0592624,
          36.3636584
        ]
      },
      "properties": {
        "内容": "バス停: 大利根中央公園",
        "name": "大利根中央公園",
        "operator": "事業者不明",
        "ref": "西22",
        "url": "",
        "url2": ""
      }
    },
    {
      "type": "Feature",
      "geometry": {
        "type": "Point",
        "coordinates": [
          139.0589475,
          36.3650272
        ]
      },
      "properties": {
        "内容": "バス停: 大利根団地北",
        "name": "大利根団地北",
        "operator": "事業者不明",
        "ref": "西23",
        "url": "",
        "url2": ""
      }
    },
    {
      "type": "Feature",
      "geometry": {
        "type": "Point",
        "coordinates": [
          139.0590589,
          36.3649591
        ]
      },
      "properties": {
        "内容": "バス停: 大利根団地北",
        "name": "大利根団地北",
        "operator": "事業者不明",
        "ref": "西23",
        "url": "",
        "url2": ""
      }
    },
    {
      "type": "Feature",
      "geometry": {
        "type": "Point",
        "coordinates": [
          139.0611064,
          36.371237
        ]
      },
      "properties": {
        "内容": "バス停: 小相木町",
        "name": "小相木町",
        "operator": "事業者不明",
        "ref": "西26",
        "url": "",
        "url2": ""
      }
    },
    {
      "type": "Feature",
      "geometry": {
        "type": "Point",
        "coordinates": [
          139.0610975,
          36.371294
        ]
      },
      "properties": {
        "内容": "バス停: 小相木町",
        "name": "小相木町",
        "operator": "事業者不明",
        "ref": "西26",
        "url": "",
        "url2": ""
      }
    },
    {
      "type": "Feature",
      "geometry": {
        "type": "Point",
        "coordinates": [
          139.0579324,
          36.3715946
        ]
      },
      "properties": {
        "内容": "バス停: 光が丘団地",
        "name": "光が丘団地",
        "operator": "事業者不明",
        "ref": "西27",
        "url": "",
        "url2": ""
      }
    },
    {
      "type": "Feature",
      "geometry": {
        "type": "Point",
        "coordinates": [
          139.0580075,
          36.3715848
        ]
      },
      "properties": {
        "内容": "バス停: 光が丘団地",
        "name": "光が丘団地",
        "operator": "事業者不明",
        "ref": "西27",
        "url": "",
        "url2": ""
      }
    },
    {
      "type": "Feature",
      "geometry": {
        "type": "Point",
        "coordinates": [
          139.0602579,
          36.3733085
        ]
      },
      "properties": {
        "内容": "バス停: 南部大橋西詰",
        "name": "南部大橋西詰",
        "operator": "事業者不明",
        "ref": "西28",
        "url": "",
        "url2": ""
      }
    },
    {
      "type": "Feature",
      "geometry": {
        "type": "Point",
        "coordinates": [
          139.0604201,
          36.3732259
        ]
      },
      "properties": {
        "内容": "バス停: 南部大橋西詰",
        "name": "南部大橋西詰",
        "operator": "事業者不明",
        "ref": "西28",
        "url": "",
        "url2": ""
      }
    },
    {
      "type": "Feature",
      "geometry": {
        "type": "Point",
        "coordinates": [
          139.0655857,
          36.3753246
        ]
      },
      "properties": {
        "内容": "バス停: 南町二丁目",
        "name": "南町二丁目",
        "operator": "事業者不明",
        "ref": "西29",
        "url": "",
        "url2": ""
      }
    },
    {
      "type": "Feature",
      "geometry": {
        "type": "Point",
        "coordinates": [
          139.0657098,
          36.3752235
        ]
      },
      "properties": {
        "内容": "バス停: 南町二丁目",
        "name": "南町二丁目",
        "operator": "事業者不明",
        "ref": "西29",
        "url": "",
        "url2": ""
      }
    },
    {
      "type": "Feature",
      "geometry": {
        "type": "Point",
        "coordinates": [
          139.0686814,
          36.3760731
        ]
      },
      "properties": {
        "内容": "バス停: 生川",
        "name": "生川",
        "operator": "事業者不明",
        "ref": "西30",
        "url": "",
        "url2": ""
      }
    },
    {
      "type": "Feature",
      "geometry": {
        "type": "Point",
        "coordinates": [
          139.068327,
          36.3759432
        ]
      },
      "properties": {
        "内容": "バス停: 生川",
        "name": "生川",
        "operator": "事業者不明",
        "ref": "西30",
        "url": "",
        "url2": ""
      }
    },
    {
      "type": "Feature",
      "geometry": {
        "type": "Point",
        "coordinates": [
          139.0730749,
          36.3760926
        ]
      },
      "properties": {
        "内容": "バス停: 前橋商業高校前",
        "name": "前橋商業高校前",
        "operator": "事業者不明",
        "ref": "西31",
        "url": "",
        "url2": ""
      }
    },
    {
      "type": "Feature",
      "geometry": {
        "type": "Point",
        "coordinates": [
          139.0729855,
          36.3759481
        ]
      },
      "properties": {
        "内容": "バス停: 前橋商業高校前",
        "name": "前橋商業高校前",
        "operator": "事業者不明",
        "ref": "西31",
        "url": "",
        "url2": ""
      }
    },
    {
      "type": "Feature",
      "geometry": {
        "type": "Point",
        "coordinates": [
          139.0685954,
          36.3839597
        ]
      },
      "properties": {
        "内容": "バス停: 中央小学校前",
        "name": "中央小学校前",
        "operator": "事業者不明",
        "ref": "西37",
        "url": "",
        "url2": ""
      }
    },
    {
      "type": "Feature",
      "geometry": {
        "type": "Point",
        "coordinates": [
          139.0685976,
          36.3840535
        ]
      },
      "properties": {
        "内容": "バス停: 中央小学校前",
        "name": "中央小学校前",
        "operator": "事業者不明",
        "ref": "西37",
        "url": "",
        "url2": ""
      }
    },
    {
      "type": "Feature",
      "geometry": {
        "type": "Point",
        "coordinates": [
          139.0656195,
          36.3836226
        ]
      },
      "properties": {
        "内容": "バス停: 前橋女子高前",
        "name": "前橋女子高前",
        "operator": "事業者不明",
        "ref": "西38",
        "url": "",
        "url2": ""
      }
    },
    {
      "type": "Feature",
      "geometry": {
        "type": "Point",
        "coordinates": [
          139.0655922,
          36.3837126
        ]
      },
      "properties": {
        "内容": "バス停: 前橋女子高前",
        "name": "前橋女子高前",
        "operator": "事業者不明",
        "ref": "西38",
        "url": "",
        "url2": ""
      }
    },
    {
      "type": "Feature",
      "geometry": {
        "type": "Point",
        "coordinates": [
          139.0613618,
          36.3831662
        ]
      },
      "properties": {
        "内容": "バス停: 紅雲町一丁目",
        "name": "紅雲町一丁目",
        "operator": "事業者不明",
        "ref": "西39",
        "url": "",
        "url2": ""
      }
    },
    {
      "type": "Feature",
      "geometry": {
        "type": "Point",
        "coordinates": [
          139.0612292,
          36.383254
        ]
      },
      "properties": {
        "内容": "バス停: 紅雲町一丁目",
        "name": "紅雲町一丁目",
        "operator": "事業者不明",
        "ref": "西39",
        "url": "",
        "url2": ""
      }
    },
    {
      "type": "Feature",
      "geometry": {
        "type": "Point",
        "coordinates": [
          139.0572637,
          36.3832793
        ]
      },
      "properties": {
        "内容": "バス停: 利根橋西詰",
        "name": "利根橋西詰",
        "operator": "事業者不明",
        "ref": "西40",
        "url": "",
        "url2": ""
      }
    },
    {
      "type": "Feature",
      "geometry": {
        "type": "Point",
        "coordinates": [
          139.057278,
          36.383364
        ]
      },
      "properties": {
        "内容": "バス停: 利根橋西詰",
        "name": "利根橋西詰",
        "operator": "事業者不明",
        "ref": "西40",
        "url": "",
        "url2": ""
      }
    },
    {
      "type": "Feature",
      "geometry": {
        "type": "Point",
        "coordinates": [
          139.0545857,
          36.3834615
        ]
      },
      "properties": {
        "内容": "バス停: 石倉郵便局",
        "name": "石倉郵便局",
        "operator": "事業者不明",
        "ref": "西41",
        "url": "",
        "url2": ""
      }
    },
    {
      "type": "Feature",
      "geometry": {
        "type": "Point",
        "coordinates": [
          139.0543827,
          36.383533
        ]
      },
      "properties": {
        "内容": "バス停: 石倉郵便局",
        "name": "石倉郵便局",
        "operator": "事業者不明",
        "ref": "西41",
        "url": "",
        "url2": ""
      }
    },
    {
      "type": "Feature",
      "geometry": {
        "type": "Point",
        "coordinates": [
          139.1264017,
          36.48066
        ]
      },
      "properties": {
        "内容": "バス停: 国立赤城青少年交流の家 (関越交通株式会社)",
        "name": "国立赤城青少年交流の家",
        "operator": "関越交通株式会社",
        "ref": "",
        "url": "",
        "url2": ""
      }
    },
    {
      "type": "Feature",
      "geometry": {
        "type": "Point",
        "coordinates": [
          139.6378183,
          36.2077735
        ]
      },
      "properties": {
        "内容": "バス停: 谷新田集会所前 (板倉町コミュニティバス)",
        "name": "谷新田集会所前",
        "operator": "板倉町コミュニティバス",
        "ref": "",
        "url": "",
        "url2": ""
      }
    },
    {
      "type": "Feature",
      "geometry": {
        "type": "Point",
        "coordinates": [
          139.6375059,
          36.2097375
        ]
      },
      "properties": {
        "内容": "バス停: 上新田集会所前 (板倉町コミュニティバス)",
        "name": "上新田集会所前",
        "operator": "板倉町コミュニティバス",
        "ref": "",
        "url": "",
        "url2": ""
      }
    },
    {
      "type": "Feature",
      "geometry": {
        "type": "Point",
        "coordinates": [
          139.6132171,
          36.263558
        ]
      },
      "properties": {
        "内容": "バス停: 西岡農村公園前 (板倉町コミュニティバス)",
        "name": "西岡農村公園前",
        "operator": "板倉町コミュニティバス",
        "ref": "",
        "url": "",
        "url2": ""
      }
    },
    {
      "type": "Feature",
      "geometry": {
        "type": "Point",
        "coordinates": [
          139.6181658,
          36.2650437
        ]
      },
      "properties": {
        "内容": "バス停: 西岡公民館前 (板倉町コミュニティバス)",
        "name": "西岡公民館前",
        "operator": "板倉町コミュニティバス",
        "ref": "",
        "url": "",
        "url2": ""
      }
    },
    {
      "type": "Feature",
      "geometry": {
        "type": "Point",
        "coordinates": [
          139.6264243,
          36.2691656
        ]
      },
      "properties": {
        "内容": "バス停: 北原 (板倉町コミュニティバス)",
        "name": "北原",
        "operator": "板倉町コミュニティバス",
        "ref": "",
        "url": "",
        "url2": ""
      }
    },
    {
      "type": "Feature",
      "geometry": {
        "type": "Point",
        "coordinates": [
          139.6497448,
          36.2315298
        ]
      },
      "properties": {
        "内容": "バス停: 北海老瀬 (板倉町コミュニティバス)",
        "name": "北海老瀬",
        "operator": "板倉町コミュニティバス",
        "ref": "",
        "url": "",
        "url2": ""
      }
    },
    {
      "type": "Feature",
      "geometry": {
        "type": "Point",
        "coordinates": [
          139.6496241,
          36.2315265
        ]
      },
      "properties": {
        "内容": "バス停: 北海老瀬 (板倉町コミュニティバス)",
        "name": "北海老瀬",
        "operator": "板倉町コミュニティバス",
        "ref": "",
        "url": "",
        "url2": ""
      }
    },
    {
      "type": "Feature",
      "geometry": {
        "type": "Point",
        "coordinates": [
          139.6184206,
          36.2494831
        ]
      },
      "properties": {
        "内容": "バス停: 細谷中妻 (板倉町コミュニティバス)",
        "name": "細谷中妻",
        "operator": "板倉町コミュニティバス",
        "ref": "",
        "url": "",
        "url2": ""
      }
    },
    {
      "type": "Feature",
      "geometry": {
        "type": "Point",
        "coordinates": [
          139.6183401,
          36.2495069
        ]
      },
      "properties": {
        "内容": "バス停: 細谷中妻 (板倉町コミュニティバス)",
        "name": "細谷中妻",
        "operator": "板倉町コミュニティバス",
        "ref": "",
        "url": "",
        "url2": ""
      }
    },
    {
      "type": "Feature",
      "geometry": {
        "type": "Point",
        "coordinates": [
          139.5904318,
          36.2371343
        ]
      },
      "properties": {
        "内容": "バス停: 内蔵新田 (板倉町コミュニティバス)",
        "name": "内蔵新田",
        "operator": "板倉町コミュニティバス",
        "ref": "",
        "url": "",
        "url2": ""
      }
    },
    {
      "type": "Feature",
      "geometry": {
        "type": "Point",
        "coordinates": [
          139.590488,
          36.2372359
        ]
      },
      "properties": {
        "内容": "バス停: 内蔵新田 (板倉町コミュニティバス)",
        "name": "内蔵新田",
        "operator": "板倉町コミュニティバス",
        "ref": "",
        "url": "",
        "url2": ""
      }
    },
    {
      "type": "Feature",
      "geometry": {
        "type": "Point",
        "coordinates": [
          139.6022361,
          36.2519911
        ]
      },
      "properties": {
        "内容": "バス停: 観音堂 (館林市外四町広域公共路線バス)",
        "name": "観音堂",
        "operator": "館林市外四町広域公共路線バス",
        "ref": "",
        "url": "",
        "url2": ""
      }
    },
    {
      "type": "Feature",
      "geometry": {
        "type": "Point",
        "coordinates": [
          139.6009567,
          36.2529147
        ]
      },
      "properties": {
        "内容": "バス停: 大曲住民センター前 (板倉町コミュニティバス)",
        "name": "大曲住民センター前",
        "operator": "板倉町コミュニティバス",
        "ref": "",
        "url": "",
        "url2": ""
      }
    },
    {
      "type": "Feature",
      "geometry": {
        "type": "Point",
        "coordinates": [
          139.6172471,
          36.2450509
        ]
      },
      "properties": {
        "内容": "バス停: 曽根 (板倉町コミュニティバス)",
        "name": "曽根",
        "operator": "板倉町コミュニティバス",
        "ref": "",
        "url": "",
        "url2": ""
      }
    },
    {
      "type": "Feature",
      "geometry": {
        "type": "Point",
        "coordinates": [
          139.6173544,
          36.24504
        ]
      },
      "properties": {
        "内容": "バス停: 曽根 (板倉町コミュニティバス)",
        "name": "曽根",
        "operator": "板倉町コミュニティバス",
        "ref": "",
        "url": "",
        "url2": ""
      }
    },
    {
      "type": "Feature",
      "geometry": {
        "type": "Point",
        "coordinates": [
          139.6096162,
          36.2241495
        ]
      },
      "properties": {
        "内容": "バス停: 雲間 (板倉町コミュニティバス)",
        "name": "雲間",
        "operator": "板倉町コミュニティバス",
        "ref": "",
        "url": "",
        "url2": ""
      }
    },
    {
      "type": "Feature",
      "geometry": {
        "type": "Point",
        "coordinates": [
          139.6097101,
          36.2241279
        ]
      },
      "properties": {
        "内容": "バス停: 雲間 (板倉町コミュニティバス)",
        "name": "雲間",
        "operator": "板倉町コミュニティバス",
        "ref": "",
        "url": "",
        "url2": ""
      }
    },
    {
      "type": "Feature",
      "geometry": {
        "type": "Point",
        "coordinates": [
          139.5006072,
          36.2733111
        ]
      },
      "properties": {
        "内容": "バス停: 多々良駅 (館林市外四町広域公共路線バス)",
        "name": "多々良駅",
        "operator": "館林市外四町広域公共路線バス",
        "ref": "",
        "url": "",
        "url2": ""
      }
    },
    {
      "type": "Feature",
      "geometry": {
        "type": "Point",
        "coordinates": [
          139.4999796,
          36.2684736
        ]
      },
      "properties": {
        "内容": "バス停: 多々良保育園前 (館林市外四町広域公共路線バス)",
        "name": "多々良保育園前",
        "operator": "館林市外四町広域公共路線バス",
        "ref": "",
        "url": "",
        "url2": ""
      }
    },
    {
      "type": "Feature",
      "geometry": {
        "type": "Point",
        "coordinates": [
          139.5000789,
          36.2684541
        ]
      },
      "properties": {
        "内容": "バス停: 多々良保育園前 (館林市外四町広域公共路線バス)",
        "name": "多々良保育園前",
        "operator": "館林市外四町広域公共路線バス",
        "ref": "",
        "url": "",
        "url2": ""
      }
    },
    {
      "type": "Feature",
      "geometry": {
        "type": "Point",
        "coordinates": [
          139.4983864,
          36.2620528
        ]
      },
      "properties": {
        "内容": "バス停: 多々良沼北 (館林市外四町広域公共路線バス)",
        "name": "多々良沼北",
        "operator": "館林市外四町広域公共路線バス",
        "ref": "",
        "url": "",
        "url2": ""
      }
    },
    {
      "type": "Feature",
      "geometry": {
        "type": "Point",
        "coordinates": [
          139.4984508,
          36.2619922
        ]
      },
      "properties": {
        "内容": "バス停: 多々良沼北 (館林市外四町広域公共路線バス)",
        "name": "多々良沼北",
        "operator": "館林市外四町広域公共路線バス",
        "ref": "",
        "url": "",
        "url2": ""
      }
    },
    {
      "type": "Feature",
      "geometry": {
        "type": "Point",
        "coordinates": [
          139.5020248,
          36.265566
        ]
      },
      "properties": {
        "内容": "バス停: 新田大日尊集会所 (館林市外四町広域公共路線バス)",
        "name": "新田大日尊集会所",
        "operator": "館林市外四町広域公共路線バス",
        "ref": "",
        "url": "",
        "url2": ""
      }
    },
    {
      "type": "Feature",
      "geometry": {
        "type": "Point",
        "coordinates": [
          139.5020798,
          36.265552
        ]
      },
      "properties": {
        "内容": "バス停: 新田大日尊集会所 (館林市外四町広域公共路線バス)",
        "name": "新田大日尊集会所",
        "operator": "館林市外四町広域公共路線バス",
        "ref": "",
        "url": "",
        "url2": ""
      }
    },
    {
      "type": "Feature",
      "geometry": {
        "type": "Point",
        "coordinates": [
          139.5026833,
          36.2669014
        ]
      },
      "properties": {
        "内容": "バス停: 美術館西 (館林市外四町広域公共路線バス)",
        "name": "美術館西",
        "operator": "館林市外四町広域公共路線バス",
        "ref": "",
        "url": "",
        "url2": ""
      }
    },
    {
      "type": "Feature",
      "geometry": {
        "type": "Point",
        "coordinates": [
          139.5027798,
          36.2668625
        ]
      },
      "properties": {
        "内容": "バス停: 美術館西 (館林市外四町広域公共路線バス)",
        "name": "美術館西",
        "operator": "館林市外四町広域公共路線バス",
        "ref": "",
        "url": "",
        "url2": ""
      }
    },
    {
      "type": "Feature",
      "geometry": {
        "type": "Point",
        "coordinates": [
          139.5050383,
          36.2721217
        ]
      },
      "properties": {
        "内容": "バス停: 日向内谷 (館林市外四町広域公共路線バス)",
        "name": "日向内谷",
        "operator": "館林市外四町広域公共路線バス",
        "ref": "",
        "url": "",
        "url2": ""
      }
    },
    {
      "type": "Feature",
      "geometry": {
        "type": "Point",
        "coordinates": [
          139.5051348,
          36.2721001
        ]
      },
      "properties": {
        "内容": "バス停: 日向内谷 (館林市外四町広域公共路線バス)",
        "name": "日向内谷",
        "operator": "館林市外四町広域公共路線バス",
        "ref": "",
        "url": "",
        "url2": ""
      }
    },
    {
      "type": "Feature",
      "geometry": {
        "type": "Point",
        "coordinates": [
          139.5075247,
          36.275294
        ]
      },
      "properties": {
        "内容": "バス停: 日向区民会館 (館林市外四町広域公共路線バス)",
        "name": "日向区民会館",
        "operator": "館林市外四町広域公共路線バス",
        "ref": "",
        "url": "",
        "url2": ""
      }
    },
    {
      "type": "Feature",
      "geometry": {
        "type": "Point",
        "coordinates": [
          139.5075247,
          36.2753632
        ]
      },
      "properties": {
        "内容": "バス停: 日向区民会館 (館林市外四町広域公共路線バス)",
        "name": "日向区民会館",
        "operator": "館林市外四町広域公共路線バス",
        "ref": "",
        "url": "",
        "url2": ""
      }
    },
    {
      "type": "Feature",
      "geometry": {
        "type": "Point",
        "coordinates": [
          139.514257,
          36.2766844
        ]
      },
      "properties": {
        "内容": "バス停: 木戸区民会館 (館林市外四町広域公共路線バス)",
        "name": "木戸区民会館",
        "operator": "館林市外四町広域公共路線バス",
        "ref": "",
        "url": "",
        "url2": ""
      }
    },
    {
      "type": "Feature",
      "geometry": {
        "type": "Point",
        "coordinates": [
          139.5143214,
          36.2766844
        ]
      },
      "properties": {
        "内容": "バス停: 木戸区民会館 (館林市外四町広域公共路線バス)",
        "name": "木戸区民会館",
        "operator": "館林市外四町広域公共路線バス",
        "ref": "",
        "url": "",
        "url2": ""
      }
    },
    {
      "type": "Feature",
      "geometry": {
        "type": "Point",
        "coordinates": [
          139.5161507,
          36.2780271
        ]
      },
      "properties": {
        "内容": "バス停: 木戸町 (館林市外四町広域公共路線バス)",
        "name": "木戸町",
        "operator": "館林市外四町広域公共路線バス",
        "ref": "",
        "url": "",
        "url2": ""
      }
    },
    {
      "type": "Feature",
      "geometry": {
        "type": "Point",
        "coordinates": [
          139.5161641,
          36.2781007
        ]
      },
      "properties": {
        "内容": "バス停: 木戸町 (館林市外四町広域公共路線バス)",
        "name": "木戸町",
        "operator": "館林市外四町広域公共路線バス",
        "ref": "",
        "url": "",
        "url2": ""
      }
    },
    {
      "type": "Feature",
      "geometry": {
        "type": "Point",
        "coordinates": [
          139.5169714,
          36.2704004
        ]
      },
      "properties": {
        "内容": "バス停: つつじ野団地東 (館林市外四町広域公共路線バス)",
        "name": "つつじ野団地東",
        "operator": "館林市外四町広域公共路線バス",
        "ref": "",
        "url": "",
        "url2": ""
      }
    },
    {
      "type": "Feature",
      "geometry": {
        "type": "Point",
        "coordinates": [
          139.5137984,
          36.2683179
        ]
      },
      "properties": {
        "内容": "バス停: つつじ野団地 (館林市外四町広域公共路線バス)",
        "name": "つつじ野団地",
        "operator": "館林市外四町広域公共路線バス",
        "ref": "",
        "url": "",
        "url2": ""
      }
    },
    {
      "type": "Feature",
      "geometry": {
        "type": "Point",
        "coordinates": [
          139.5125994,
          36.2657336
        ]
      },
      "properties": {
        "内容": "バス停: つつじ野コミュニティセンター (館林市外四町広域公共路線バス)",
        "name": "つつじ野コミュニティセンター",
        "operator": "館林市外四町広域公共路線バス",
        "ref": "",
        "url": "",
        "url2": ""
      }
    },
    {
      "type": "Feature",
      "geometry": {
        "type": "Point",
        "coordinates": [
          139.5126262,
          36.2658093
        ]
      },
      "properties": {
        "内容": "バス停: つつじ野コミュニティセンター (館林市外四町広域公共路線バス)",
        "name": "つつじ野コミュニティセンター",
        "operator": "館林市外四町広域公共路線バス",
        "ref": "",
        "url": "",
        "url2": ""
      }
    },
    {
      "type": "Feature",
      "geometry": {
        "type": "Point",
        "coordinates": [
          139.5152011,
          36.2654719
        ]
      },
      "properties": {
        "内容": "バス停: 高根町 (館林市外四町広域公共路線バス)",
        "name": "高根町",
        "operator": "館林市外四町広域公共路線バス",
        "ref": "",
        "url": "",
        "url2": ""
      }
    },
    {
      "type": "Feature",
      "geometry": {
        "type": "Point",
        "coordinates": [
          139.5166978,
          36.2658591
        ]
      },
      "properties": {
        "内容": "バス停: 高根区民会館前 (館林市外四町広域公共路線バス)",
        "name": "高根区民会館前",
        "operator": "館林市外四町広域公共路線バス",
        "ref": "",
        "url": "",
        "url2": ""
      }
    },
    {
      "type": "Feature",
      "geometry": {
        "type": "Point",
        "coordinates": [
          139.5236126,
          36.2646025
        ]
      },
      "properties": {
        "内容": "バス停: 岡野町西 (館林市外四町広域公共路線バス)",
        "name": "岡野町西",
        "operator": "館林市外四町広域公共路線バス",
        "ref": "",
        "url": "",
        "url2": ""
      }
    },
    {
      "type": "Feature",
      "geometry": {
        "type": "Point",
        "coordinates": [
          139.5211664,
          36.2621825
        ]
      },
      "properties": {
        "内容": "バス停: 川島脳神経外科医院前 (館林市外四町広域公共路線バス)",
        "name": "川島脳神経外科医院前",
        "operator": "館林市外四町広域公共路線バス",
        "ref": "",
        "url": "",
        "url2": ""
      }
    },
    {
      "type": "Feature",
      "geometry": {
        "type": "Point",
        "coordinates": [
          139.5227972,
          36.2575434
        ]
      },
      "properties": {
        "内容": "バス停: 大街道二丁目東 (館林市外四町広域公共路線バス)",
        "name": "大街道二丁目東",
        "operator": "館林市外四町広域公共路線バス",
        "ref": "",
        "url": "",
        "url2": ""
      }
    },
    {
      "type": "Feature",
      "geometry": {
        "type": "Point",
        "coordinates": [
          139.5228723,
          36.2575239
        ]
      },
      "properties": {
        "内容": "バス停: 大街道二丁目東 (館林市外四町広域公共路線バス)",
        "name": "大街道二丁目東",
        "operator": "館林市外四町広域公共路線バス",
        "ref": "",
        "url": "",
        "url2": ""
      }
    },
    {
      "type": "Feature",
      "geometry": {
        "type": "Point",
        "coordinates": [
          139.5223439,
          36.2554821
        ]
      },
      "properties": {
        "内容": "バス停: 大街道二丁目 (館林市外四町広域公共路線バス)",
        "name": "大街道二丁目",
        "operator": "館林市外四町広域公共路線バス",
        "ref": "",
        "url": "",
        "url2": ""
      }
    },
    {
      "type": "Feature",
      "geometry": {
        "type": "Point",
        "coordinates": [
          139.524039,
          36.2548246
        ]
      },
      "properties": {
        "内容": "バス停: 大街道会館前 (館林市外四町広域公共路線バス)",
        "name": "大街道会館前",
        "operator": "館林市外四町広域公共路線バス",
        "ref": "",
        "url": "",
        "url2": ""
      }
    },
    {
      "type": "Feature",
      "geometry": {
        "type": "Point",
        "coordinates": [
          139.5722383,
          36.2601279
        ]
      },
      "properties": {
        "内容": "バス停: 東部グラウンドゴルフ公園 (館林市外四町広域公共路線バス)",
        "name": "東部グラウンドゴルフ公園",
        "operator": "館林市外四町広域公共路線バス",
        "ref": "",
        "url": "",
        "url2": ""
      }
    },
    {
      "type": "Feature",
      "geometry": {
        "type": "Point",
        "coordinates": [
          139.5767525,
          36.2598489
        ]
      },
      "properties": {
        "内容": "バス停: 寄居 (館林市外四町広域公共路線バス)",
        "name": "寄居",
        "operator": "館林市外四町広域公共路線バス",
        "ref": "",
        "url": "",
        "url2": ""
      }
    },
    {
      "type": "Feature",
      "geometry": {
        "type": "Point",
        "coordinates": [
          139.5723456,
          36.2638932
        ]
      },
      "properties": {
        "内容": "バス停: コミュニティプラント前 (館林市外四町広域公共路線バス)",
        "name": "コミュニティプラント前",
        "operator": "館林市外四町広域公共路線バス",
        "ref": "",
        "url": "",
        "url2": ""
      }
    },
    {
      "type": "Feature",
      "geometry": {
        "type": "Point",
        "coordinates": [
          139.569532,
          36.2658785
        ]
      },
      "properties": {
        "内容": "バス停: リバーサイドおおしま北 (館林市外四町広域公共路線バス)",
        "name": "リバーサイドおおしま北",
        "operator": "館林市外四町広域公共路線バス",
        "ref": "",
        "url": "",
        "url2": ""
      }
    },
    {
      "type": "Feature",
      "geometry": {
        "type": "Point",
        "coordinates": [
          139.5661738,
          36.2649162
        ]
      },
      "properties": {
        "内容": "バス停: リバーサイド自治会センター (館林市外四町広域公共路線バス)",
        "name": "リバーサイド自治会センター",
        "operator": "館林市外四町広域公共路線バス",
        "ref": "",
        "url": "",
        "url2": ""
      }
    },
    {
      "type": "Feature",
      "geometry": {
        "type": "Point",
        "coordinates": [
          139.5649534,
          36.262269
        ]
      },
      "properties": {
        "内容": "バス停: 春昌寺西 (館林市外四町広域公共路線バス)",
        "name": "春昌寺西",
        "operator": "館林市外四町広域公共路線バス",
        "ref": "",
        "url": "",
        "url2": ""
      }
    },
    {
      "type": "Feature",
      "geometry": {
        "type": "Point",
        "coordinates": [
          139.5431095,
          36.2523459
        ]
      },
      "properties": {
        "内容": "バス停: 瀬戸谷町 (館林市外四町広域公共路線バス)",
        "name": "瀬戸谷町",
        "operator": "館林市外四町広域公共路線バス",
        "ref": "",
        "url": "",
        "url2": ""
      }
    },
    {
      "type": "Feature",
      "geometry": {
        "type": "Point",
        "coordinates": [
          139.5554423,
          36.2556811
        ]
      },
      "properties": {
        "内容": "バス停: 細内町東 (館林市外四町広域公共路線バス)",
        "name": "細内町東",
        "operator": "館林市外四町広域公共路線バス",
        "ref": "",
        "url": "",
        "url2": ""
      }
    },
    {
      "type": "Feature",
      "geometry": {
        "type": "Point",
        "coordinates": [
          139.5433295,
          36.2483464
        ]
      },
      "properties": {
        "内容": "バス停: 城町北 (館林市外四町広域公共路線バス)",
        "name": "城町北",
        "operator": "館林市外四町広域公共路線バス",
        "ref": "",
        "url": "",
        "url2": ""
      }
    },
    {
      "type": "Feature",
      "geometry": {
        "type": "Point",
        "coordinates": [
          139.5434582,
          36.2487747
        ]
      },
      "properties": {
        "内容": "バス停: 城町北 (館林市外四町広域公共路線バス)",
        "name": "城町北",
        "operator": "館林市外四町広域公共路線バス",
        "ref": "",
        "url": "",
        "url2": ""
      }
    },
    {
      "type": "Feature",
      "geometry": {
        "type": "Point",
        "coordinates": [
          139.5655328,
          36.2443684
        ]
      },
      "properties": {
        "内容": "バス停: 郷谷本郷 (館林市外四町広域公共路線バス)",
        "name": "郷谷本郷",
        "operator": "館林市外四町広域公共路線バス",
        "ref": "",
        "url": "",
        "url2": ""
      }
    },
    {
      "type": "Feature",
      "geometry": {
        "type": "Point",
        "coordinates": [
          139.5654684,
          36.2444506
        ]
      },
      "properties": {
        "内容": "バス停: 郷谷本郷 (館林市外四町広域公共路線バス)",
        "name": "郷谷本郷",
        "operator": "館林市外四町広域公共路線バス",
        "ref": "",
        "url": "",
        "url2": ""
      }
    },
    {
      "type": "Feature",
      "geometry": {
        "type": "Point",
        "coordinates": [
          139.563548,
          36.2493047
        ]
      },
      "properties": {
        "内容": "バス停: 新田会館 (館林市外四町広域公共路線バス)",
        "name": "新田会館",
        "operator": "館林市外四町広域公共路線バス",
        "ref": "",
        "url": "",
        "url2": ""
      }
    },
    {
      "type": "Feature",
      "geometry": {
        "type": "Point",
        "coordinates": [
          139.5551741,
          36.2466873
        ]
      },
      "properties": {
        "内容": "バス停: 山王山古墳 (館林市外四町広域公共路線バス)",
        "name": "山王山古墳",
        "operator": "館林市外四町広域公共路線バス",
        "ref": "",
        "url": "",
        "url2": ""
      }
    },
    {
      "type": "Feature",
      "geometry": {
        "type": "Point",
        "coordinates": [
          139.5552385,
          36.2467695
        ]
      },
      "properties": {
        "内容": "バス停: 山王山古墳 (館林市外四町広域公共路線バス)",
        "name": "山王山古墳",
        "operator": "館林市外四町広域公共路線バス",
        "ref": "",
        "url": "",
        "url2": ""
      }
    },
    {
      "type": "Feature",
      "geometry": {
        "type": "Point",
        "coordinates": [
          139.5498151,
          36.2467111
        ]
      },
      "properties": {
        "内容": "バス停: 尾曳町会館前 (館林市外四町広域公共路線バス)",
        "name": "尾曳町会館前",
        "operator": "館林市外四町広域公共路線バス",
        "ref": "",
        "url": "",
        "url2": ""
      }
    },
    {
      "type": "Feature",
      "geometry": {
        "type": "Point",
        "coordinates": [
          139.5495442,
          36.2467608
        ]
      },
      "properties": {
        "内容": "バス停: 尾曳町会館前 (館林市外四町広域公共路線バス)",
        "name": "尾曳町会館前",
        "operator": "館林市外四町広域公共路線バス",
        "ref": "",
        "url": "",
        "url2": ""
      }
    },
    {
      "type": "Feature",
      "geometry": {
        "type": "Point",
        "coordinates": [
          139.5440403,
          36.2469728
        ]
      },
      "properties": {
        "内容": "バス停: 尾曳郵便局前 (館林市外四町広域公共路線バス)",
        "name": "尾曳郵便局前",
        "operator": "館林市外四町広域公共路線バス",
        "ref": "",
        "url": "",
        "url2": ""
      }
    },
    {
      "type": "Feature",
      "geometry": {
        "type": "Point",
        "coordinates": [
          139.544161,
          36.2470247
        ]
      },
      "properties": {
        "内容": "バス停: 尾曳郵便局前 (館林市外四町広域公共路線バス)",
        "name": "尾曳郵便局前",
        "operator": "館林市外四町広域公共路線バス",
        "ref": "",
        "url": "",
        "url2": ""
      }
    },
    {
      "type": "Feature",
      "geometry": {
        "type": "Point",
        "coordinates": [
          139.3270146,
          36.4552443
        ]
      },
      "properties": {
        "内容": "バス停: 名称不明バス停",
        "name": "名称不明バス停",
        "operator": "事業者不明",
        "ref": "",
        "url": "",
        "url2": ""
      }
    },
    {
      "type": "Feature",
      "geometry": {
        "type": "Point",
        "coordinates": [
          138.895209,
          36.2673701
        ]
      },
      "properties": {
        "内容": "バス停: 城山公園駐車場 (富岡市)",
        "name": "城山公園駐車場",
        "operator": "富岡市",
        "ref": "092",
        "url": "",
        "url2": ""
      }
    },
    {
      "type": "Feature",
      "geometry": {
        "type": "Point",
        "coordinates": [
          139.2815063,
          36.4285252
        ]
      },
      "properties": {
        "内容": "バス停: 名称不明バス停",
        "name": "名称不明バス停",
        "operator": "事業者不明",
        "ref": "",
        "url": "",
        "url2": ""
      }
    },
    {
      "type": "Feature",
      "geometry": {
        "type": "Point",
        "coordinates": [
          138.8013928,
          36.5485737
        ]
      },
      "properties": {
        "内容": "バス停: 名称不明バス停",
        "name": "名称不明バス停",
        "operator": "事業者不明",
        "ref": "",
        "url": "",
        "url2": ""
      }
    },
    {
      "type": "Feature",
      "geometry": {
        "type": "Point",
        "coordinates": [
          138.8920832,
          36.2602292
        ]
      },
      "properties": {
        "内容": "バス停: 上州富岡駅 (まちなか周遊観光バス)",
        "name": "上州富岡駅",
        "operator": "まちなか周遊観光バス",
        "ref": "",
        "url": "",
        "url2": ""
      }
    },
    {
      "type": "Feature",
      "geometry": {
        "type": "Point",
        "coordinates": [
          138.820116,
          36.283299
        ]
      },
      "properties": {
        "内容": "バス停: 名称不明バス停",
        "name": "名称不明バス停",
        "operator": "事業者不明",
        "ref": "",
        "url": "",
        "url2": ""
      }
    },
    {
      "type": "Feature",
      "geometry": {
        "type": "Point",
        "coordinates": [
          139.4127681,
          36.4824028
        ]
      },
      "properties": {
        "内容": "バス停: 名称不明バス停",
        "name": "名称不明バス停",
        "operator": "事業者不明",
        "ref": "",
        "url": "",
        "url2": ""
      }
    },
    {
      "type": "Feature",
      "geometry": {
        "type": "Point",
        "coordinates": [
          139.0634637,
          36.3824847
        ]
      },
      "properties": {
        "内容": "バス停: 前橋女子高入口 (日本中央バス株式会社)",
        "name": "前橋女子高入口",
        "operator": "日本中央バス株式会社",
        "ref": "",
        "url": "",
        "url2": ""
      }
    },
    {
      "type": "Feature",
      "geometry": {
        "type": "Point",
        "coordinates": [
          139.0632925,
          36.3826775
        ]
      },
      "properties": {
        "内容": "バス停: 前橋女子高入口 (日本中央バス株式会社)",
        "name": "前橋女子高入口",
        "operator": "日本中央バス株式会社",
        "ref": "",
        "url": "",
        "url2": ""
      }
    },
    {
      "type": "Feature",
      "geometry": {
        "type": "Point",
        "coordinates": [
          138.893139,
          36.2609608
        ]
      },
      "properties": {
        "内容": "バス停: 富岡駅東駐車場 (まちなか周遊観光バス)",
        "name": "富岡駅東駐車場",
        "operator": "まちなか周遊観光バス",
        "ref": "",
        "url": "",
        "url2": ""
      }
    },
    {
      "type": "Feature",
      "geometry": {
        "type": "Point",
        "coordinates": [
          138.8893443,
          36.2557918
        ]
      },
      "properties": {
        "内容": "バス停: 富岡製糸場 (まちなか周遊観光バス)",
        "name": "富岡製糸場",
        "operator": "まちなか周遊観光バス",
        "ref": "",
        "url": "",
        "url2": ""
      }
    },
    {
      "type": "Feature",
      "geometry": {
        "type": "Point",
        "coordinates": [
          139.0724088,
          36.7766819
        ]
      },
      "properties": {
        "内容": "バス停: たんばらラベンダーパーク",
        "name": "たんばらラベンダーパーク",
        "operator": "事業者不明",
        "ref": "",
        "url": "",
        "url2": ""
      }
    },
    {
      "type": "Feature",
      "geometry": {
        "type": "Point",
        "coordinates": [
          139.3793669,
          36.294923
        ]
      },
      "properties": {
        "内容": "バス停: 名称不明バス停",
        "name": "名称不明バス停",
        "operator": "事業者不明",
        "ref": "",
        "url": "",
        "url2": ""
      }
    },
    {
      "type": "Feature",
      "geometry": {
        "type": "Point",
        "coordinates": [
          139.3792819,
          36.2946467
        ]
      },
      "properties": {
        "内容": "バス停: 名称不明バス停",
        "name": "名称不明バス停",
        "operator": "事業者不明",
        "ref": "",
        "url": "",
        "url2": ""
      }
    },
    {
      "type": "Feature",
      "geometry": {
        "type": "Point",
        "coordinates": [
          139.3795008,
          36.2943391
        ]
      },
      "properties": {
        "内容": "バス停: 名称不明バス停",
        "name": "名称不明バス停",
        "operator": "事業者不明",
        "ref": "",
        "url": "",
        "url2": ""
      }
    },
    {
      "type": "Feature",
      "geometry": {
        "type": "Point",
        "coordinates": [
          139.5524839,
          36.2657336
        ]
      },
      "properties": {
        "内容": "バス停: 北部工業団地北 (館林市外四町広域公共路線バス)",
        "name": "北部工業団地北",
        "operator": "館林市外四町広域公共路線バス",
        "ref": "",
        "url": "",
        "url2": ""
      }
    },
    {
      "type": "Feature",
      "geometry": {
        "type": "Point",
        "coordinates": [
          139.5525992,
          36.2655887
        ]
      },
      "properties": {
        "内容": "バス停: 北部工業団地北 (館林市外四町広域公共路線バス)",
        "name": "北部工業団地北",
        "operator": "館林市外四町広域公共路線バス",
        "ref": "",
        "url": "",
        "url2": ""
      }
    },
    {
      "type": "Feature",
      "geometry": {
        "type": "Point",
        "coordinates": [
          139.5327911,
          36.2724872
        ]
      },
      "properties": {
        "内容": "バス停: 上早川田町南 (館林市外四町広域公共路線バス)",
        "name": "上早川田町南",
        "operator": "館林市外四町広域公共路線バス",
        "ref": "",
        "url": "",
        "url2": ""
      }
    },
    {
      "type": "Feature",
      "geometry": {
        "type": "Point",
        "coordinates": [
          139.5292479,
          36.256715
        ]
      },
      "properties": {
        "内容": "バス停: 岡野アンダー南 (館林市外四町広域公共路線バス)",
        "name": "岡野アンダー南",
        "operator": "館林市外四町広域公共路線バス",
        "ref": "",
        "url": "",
        "url2": ""
      }
    },
    {
      "type": "Feature",
      "geometry": {
        "type": "Point",
        "coordinates": [
          139.528297,
          36.2546202
        ]
      },
      "properties": {
        "内容": "バス停: 大街道郵便局前 (館林市外四町広域公共路線バス)",
        "name": "大街道郵便局前",
        "operator": "館林市外四町広域公共路線バス",
        "ref": "",
        "url": "",
        "url2": ""
      }
    },
    {
      "type": "Feature",
      "geometry": {
        "type": "Point",
        "coordinates": [
          139.5282233,
          36.2547251
        ]
      },
      "properties": {
        "内容": "バス停: 大街道郵便局前 (館林市外四町広域公共路線バス)",
        "name": "大街道郵便局前",
        "operator": "館林市外四町広域公共路線バス",
        "ref": "",
        "url": "",
        "url2": ""
      }
    },
    {
      "type": "Feature",
      "geometry": {
        "type": "Point",
        "coordinates": [
          139.2325577,
          36.338949
        ]
      },
      "properties": {
        "内容": "バス停: 名称不明バス停",
        "name": "名称不明バス停",
        "operator": "事業者不明",
        "ref": "",
        "url": "",
        "url2": ""
      }
    },
    {
      "type": "Feature",
      "geometry": {
        "type": "Point",
        "coordinates": [
          138.5963107,
          36.6208329
        ]
      },
      "properties": {
        "内容": "バス停: 草津温泉",
        "name": "草津温泉",
        "operator": "事業者不明",
        "ref": "",
        "url": "",
        "url2": "Q11618186"
      }
    },
    {
      "type": "Feature",
      "geometry": {
        "type": "Point",
        "coordinates": [
          138.9779052,
          36.6931941
        ]
      },
      "properties": {
        "内容": "バス停: 上毛高原駅",
        "name": "上毛高原駅",
        "operator": "事業者不明",
        "ref": "JT01・JY01",
        "url": "",
        "url2": ""
      }
    },
    {
      "type": "Feature",
      "geometry": {
        "type": "Point",
        "coordinates": [
          138.9779277,
          36.6930882
        ]
      },
      "properties": {
        "内容": "バス停: 上毛高原駅",
        "name": "上毛高原駅",
        "operator": "事業者不明",
        "ref": "KM01・JS34",
        "url": "",
        "url2": ""
      }
    },
    {
      "type": "Feature",
      "geometry": {
        "type": "Point",
        "coordinates": [
          138.977943,
          36.6929847
        ]
      },
      "properties": {
        "内容": "バス停: 上毛高原駅",
        "name": "上毛高原駅",
        "operator": "事業者不明",
        "ref": "JS34",
        "url": "",
        "url2": ""
      }
    },
    {
      "type": "Feature",
      "geometry": {
        "type": "Point",
        "coordinates": [
          138.9795399,
          36.6912721
        ]
      },
      "properties": {
        "内容": "バス停: 橋下 (関越交通)",
        "name": "橋下",
        "operator": "関越交通",
        "ref": "",
        "url": "",
        "url2": ""
      }
    },
    {
      "type": "Feature",
      "geometry": {
        "type": "Point",
        "coordinates": [
          138.9794326,
          36.6912463
        ]
      },
      "properties": {
        "内容": "バス停: 橋下 (関越交通)",
        "name": "橋下",
        "operator": "関越交通",
        "ref": "",
        "url": "",
        "url2": ""
      }
    },
    {
      "type": "Feature",
      "geometry": {
        "type": "Point",
        "coordinates": [
          138.9802909,
          36.6886223
        ]
      },
      "properties": {
        "内容": "バス停: 公会堂前 (関越交通)",
        "name": "公会堂前",
        "operator": "関越交通",
        "ref": "",
        "url": "",
        "url2": ""
      }
    },
    {
      "type": "Feature",
      "geometry": {
        "type": "Point",
        "coordinates": [
          138.980197,
          36.6883943
        ]
      },
      "properties": {
        "内容": "バス停: 公会堂前 (関越交通)",
        "name": "公会堂前",
        "operator": "関越交通",
        "ref": "",
        "url": "",
        "url2": ""
      }
    },
    {
      "type": "Feature",
      "geometry": {
        "type": "Point",
        "coordinates": [
          138.986299,
          36.6845356
        ]
      },
      "properties": {
        "内容": "バス停: 利根商前 (関越交通)",
        "name": "利根商前",
        "operator": "関越交通",
        "ref": "",
        "url": "",
        "url2": ""
      }
    },
    {
      "type": "Feature",
      "geometry": {
        "type": "Point",
        "coordinates": [
          138.9861542,
          36.6847636
        ]
      },
      "properties": {
        "内容": "バス停: 利根商前 (関越交通)",
        "name": "利根商前",
        "operator": "関越交通",
        "ref": "",
        "url": "",
        "url2": ""
      }
    },
    {
      "type": "Feature",
      "geometry": {
        "type": "Point",
        "coordinates": [
          138.9851457,
          36.6830665
        ]
      },
      "properties": {
        "内容": "バス停: 月夜野郵便局前 (関越交通)",
        "name": "月夜野郵便局前",
        "operator": "関越交通",
        "ref": "",
        "url": "",
        "url2": ""
      }
    },
    {
      "type": "Feature",
      "geometry": {
        "type": "Point",
        "coordinates": [
          138.9857224,
          36.6830902
        ]
      },
      "properties": {
        "内容": "バス停: 月夜野郵便局前 (関越交通)",
        "name": "月夜野郵便局前",
        "operator": "関越交通",
        "ref": "",
        "url": "",
        "url2": ""
      }
    },
    {
      "type": "Feature",
      "geometry": {
        "type": "Point",
        "coordinates": [
          138.9715362,
          36.6831504
        ]
      },
      "properties": {
        "内容": "バス停: 黒岩八景 (関越交通)",
        "name": "黒岩八景",
        "operator": "関越交通",
        "ref": "",
        "url": "",
        "url2": ""
      }
    },
    {
      "type": "Feature",
      "geometry": {
        "type": "Point",
        "coordinates": [
          138.9711982,
          36.6833053
        ]
      },
      "properties": {
        "内容": "バス停: 黒岩八景 (関越交通)",
        "name": "黒岩八景",
        "operator": "関越交通",
        "ref": "",
        "url": "",
        "url2": ""
      }
    },
    {
      "type": "Feature",
      "geometry": {
        "type": "Point",
        "coordinates": [
          138.9633769,
          36.6832192
        ]
      },
      "properties": {
        "内容": "バス停: 羽場 (関越交通)",
        "name": "羽場",
        "operator": "関越交通",
        "ref": "",
        "url": "",
        "url2": ""
      }
    },
    {
      "type": "Feature",
      "geometry": {
        "type": "Point",
        "coordinates": [
          138.9531335,
          36.6788375
        ]
      },
      "properties": {
        "内容": "バス停: 廻戸 (関越交通)",
        "name": "廻戸",
        "operator": "関越交通",
        "ref": "",
        "url": "",
        "url2": ""
      }
    },
    {
      "type": "Feature",
      "geometry": {
        "type": "Point",
        "coordinates": [
          138.9479113,
          36.6796872
        ]
      },
      "properties": {
        "内容": "バス停: 諏訪の木 (関越交通)",
        "name": "諏訪の木",
        "operator": "関越交通",
        "ref": "",
        "url": "",
        "url2": ""
      }
    },
    {
      "type": "Feature",
      "geometry": {
        "type": "Point",
        "coordinates": [
          138.9455724,
          36.6801604
        ]
      },
      "properties": {
        "内容": "バス停: 下新田 (関越交通)",
        "name": "下新田",
        "operator": "関越交通",
        "ref": "",
        "url": "",
        "url2": ""
      }
    },
    {
      "type": "Feature",
      "geometry": {
        "type": "Point",
        "coordinates": [
          138.946538,
          36.6804659
        ]
      },
      "properties": {
        "内容": "バス停: 下新田 (関越交通)",
        "name": "下新田",
        "operator": "関越交通",
        "ref": "",
        "url": "",
        "url2": ""
      }
    },
    {
      "type": "Feature",
      "geometry": {
        "type": "Point",
        "coordinates": [
          138.9398083,
          36.6810703
        ]
      },
      "properties": {
        "内容": "バス停: 徳巌寺前 (関越交通)",
        "name": "徳巌寺前",
        "operator": "関越交通",
        "ref": "",
        "url": "",
        "url2": ""
      }
    },
    {
      "type": "Feature",
      "geometry": {
        "type": "Point",
        "coordinates": [
          138.9358494,
          36.6830794
        ]
      },
      "properties": {
        "内容": "バス停: 今宿 (関越交通)",
        "name": "今宿",
        "operator": "関越交通",
        "ref": "",
        "url": "",
        "url2": ""
      }
    },
    {
      "type": "Feature",
      "geometry": {
        "type": "Point",
        "coordinates": [
          138.9357582,
          36.6832386
        ]
      },
      "properties": {
        "内容": "バス停: 今宿 (関越交通)",
        "name": "今宿",
        "operator": "関越交通",
        "ref": "",
        "url": "",
        "url2": ""
      }
    },
    {
      "type": "Feature",
      "geometry": {
        "type": "Point",
        "coordinates": [
          138.9142415,
          36.6980016
        ]
      },
      "properties": {
        "内容": "バス停: 湯宿温泉下 (関越交通)",
        "name": "湯宿温泉下",
        "operator": "関越交通",
        "ref": "",
        "url": "",
        "url2": ""
      }
    },
    {
      "type": "Feature",
      "geometry": {
        "type": "Point",
        "coordinates": [
          138.9123009,
          36.7007178
        ]
      },
      "properties": {
        "内容": "バス停: 湯宿温泉上 (関越交通)",
        "name": "湯宿温泉上",
        "operator": "関越交通",
        "ref": "",
        "url": "",
        "url2": ""
      }
    },
    {
      "type": "Feature",
      "geometry": {
        "type": "Point",
        "coordinates": [
          138.9127824,
          36.6996877
        ]
      },
      "properties": {
        "内容": "バス停: 湯宿温泉 (関越交通)",
        "name": "湯宿温泉",
        "operator": "関越交通",
        "ref": "",
        "url": "",
        "url2": ""
      }
    },
    {
      "type": "Feature",
      "geometry": {
        "type": "Point",
        "coordinates": [
          139.0001898,
          36.3411708
        ]
      },
      "properties": {
        "内容": "バス停: Lizuka honmachi",
        "name": "Lizuka honmachi",
        "operator": "事業者不明",
        "ref": "",
        "url": "",
        "url2": ""
      }
    },
    {
      "type": "Feature",
      "geometry": {
        "type": "Point",
        "coordinates": [
          138.9688439,
          36.7791149
        ]
      },
      "properties": {
        "内容": "バス停: 水上駅",
        "name": "水上駅",
        "operator": "事業者不明",
        "ref": "JT21・JY21",
        "url": "",
        "url2": ""
      }
    },
    {
      "type": "Feature",
      "geometry": {
        "type": "Point",
        "coordinates": [
          138.9688369,
          36.77908
        ]
      },
      "properties": {
        "内容": "バス停: 水上駅",
        "name": "水上駅",
        "operator": "事業者不明",
        "ref": "JY21",
        "url": "",
        "url2": ""
      }
    },
    {
      "type": "Feature",
      "geometry": {
        "type": "Point",
        "coordinates": [
          138.968811,
          36.7790483
        ]
      },
      "properties": {
        "内容": "バス停: 水上駅",
        "name": "水上駅",
        "operator": "事業者不明",
        "ref": "JT21",
        "url": "",
        "url2": ""
      }
    },
    {
      "type": "Feature",
      "geometry": {
        "type": "Point",
        "coordinates": [
          138.9626675,
          36.8367528
        ]
      },
      "properties": {
        "内容": "バス停: 谷川岳ヨッホ",
        "name": "谷川岳ヨッホ",
        "operator": "事業者不明",
        "ref": "JT39",
        "url": "",
        "url2": ""
      }
    },
    {
      "type": "Feature",
      "geometry": {
        "type": "Point",
        "coordinates": [
          138.9682181,
          36.7824205
        ]
      },
      "properties": {
        "内容": "バス停: 水上支所前",
        "name": "水上支所前",
        "operator": "事業者不明",
        "ref": "JT22・JY22",
        "url": "",
        "url2": ""
      }
    },
    {
      "type": "Feature",
      "geometry": {
        "type": "Point",
        "coordinates": [
          138.9700989,
          36.783255
        ]
      },
      "properties": {
        "内容": "バス停: 長沢",
        "name": "長沢",
        "operator": "事業者不明",
        "ref": "JT23・JY23",
        "url": "",
        "url2": ""
      }
    },
    {
      "type": "Feature",
      "geometry": {
        "type": "Point",
        "coordinates": [
          138.9761366,
          36.7841654
        ]
      },
      "properties": {
        "内容": "バス停: 大鹿橋",
        "name": "大鹿橋",
        "operator": "事業者不明",
        "ref": "JT24・JY24",
        "url": "",
        "url2": ""
      }
    },
    {
      "type": "Feature",
      "geometry": {
        "type": "Point",
        "coordinates": [
          138.9774909,
          36.7869861
        ]
      },
      "properties": {
        "内容": "バス停: 下坪野",
        "name": "下坪野",
        "operator": "事業者不明",
        "ref": "JT27・JY27",
        "url": "",
        "url2": ""
      }
    },
    {
      "type": "Feature",
      "geometry": {
        "type": "Point",
        "coordinates": [
          138.9791073,
          36.790778
        ]
      },
      "properties": {
        "内容": "バス停: うのせ温泉",
        "name": "うのせ温泉",
        "operator": "事業者不明",
        "ref": "JT28・JY28",
        "url": "",
        "url2": ""
      }
    },
    {
      "type": "Feature",
      "geometry": {
        "type": "Point",
        "coordinates": [
          138.9883864,
          36.7963871
        ]
      },
      "properties": {
        "内容": "バス停: 大穴",
        "name": "大穴",
        "operator": "事業者不明",
        "ref": "JT32・JY32",
        "url": "",
        "url2": ""
      }
    },
    {
      "type": "Feature",
      "geometry": {
        "type": "Point",
        "coordinates": [
          138.9816187,
          36.7913064
        ]
      },
      "properties": {
        "内容": "バス停: うのせ温泉上",
        "name": "うのせ温泉上",
        "operator": "事業者不明",
        "ref": "JT29・JY29",
        "url": "",
        "url2": ""
      }
    },
    {
      "type": "Feature",
      "geometry": {
        "type": "Point",
        "coordinates": [
          138.9850082,
          36.7917256
        ]
      },
      "properties": {
        "内容": "バス停: 大穴町営住宅入口",
        "name": "大穴町営住宅入口",
        "operator": "事業者不明",
        "ref": "JT30・JY30",
        "url": "",
        "url2": ""
      }
    },
    {
      "type": "Feature",
      "geometry": {
        "type": "Point",
        "coordinates": [
          138.9870275,
          36.8029888
        ]
      },
      "properties": {
        "内容": "バス停: ゆびそ駅前",
        "name": "ゆびそ駅前",
        "operator": "事業者不明",
        "ref": "JT33",
        "url": "",
        "url2": ""
      }
    },
    {
      "type": "Feature",
      "geometry": {
        "type": "Point",
        "coordinates": [
          138.9869751,
          36.7940912
        ]
      },
      "properties": {
        "内容": "バス停: 大穴変電所前",
        "name": "大穴変電所前",
        "operator": "事業者不明",
        "ref": "JT31・JY31",
        "url": "",
        "url2": ""
      }
    },
    {
      "type": "Feature",
      "geometry": {
        "type": "Point",
        "coordinates": [
          138.9868293,
          36.8056861
        ]
      },
      "properties": {
        "内容": "バス停: ゆびそ温泉街",
        "name": "ゆびそ温泉街",
        "operator": "事業者不明",
        "ref": "JT34",
        "url": "",
        "url2": ""
      }
    },
    {
      "type": "Feature",
      "geometry": {
        "type": "Point",
        "coordinates": [
          138.9864,
          36.8094
        ]
      },
      "properties": {
        "内容": "バス停: ゆびそ温泉",
        "name": "ゆびそ温泉",
        "operator": "事業者不明",
        "ref": "JT35",
        "url": "",
        "url2": ""
      }
    },
    {
      "type": "Feature",
      "geometry": {
        "type": "Point",
        "coordinates": [
          138.9848518,
          36.816428
        ]
      },
      "properties": {
        "内容": "バス停: 赤沢橋",
        "name": "赤沢橋",
        "operator": "事業者不明",
        "ref": "JT36",
        "url": "",
        "url2": ""
      }
    },
    {
      "type": "Feature",
      "geometry": {
        "type": "Point",
        "coordinates": [
          138.9661306,
          36.8350192
        ]
      },
      "properties": {
        "内容": "バス停: 土合橋",
        "name": "土合橋",
        "operator": "事業者不明",
        "ref": "JT38",
        "url": "",
        "url2": ""
      }
    },
    {
      "type": "Feature",
      "geometry": {
        "type": "Point",
        "coordinates": [
          138.9661185,
          36.8309817
        ]
      },
      "properties": {
        "内容": "バス停: 土合駅前",
        "name": "土合駅前",
        "operator": "事業者不明",
        "ref": "JT37",
        "url": "",
        "url2": ""
      }
    },
    {
      "type": "Feature",
      "geometry": {
        "type": "Point",
        "coordinates": [
          138.9683915,
          36.782399
        ]
      },
      "properties": {
        "内容": "バス停: 水上支所前",
        "name": "水上支所前",
        "operator": "事業者不明",
        "ref": "JT22・JY22",
        "url": "",
        "url2": ""
      }
    },
    {
      "type": "Feature",
      "geometry": {
        "type": "Point",
        "coordinates": [
          138.9701221,
          36.7831815
        ]
      },
      "properties": {
        "内容": "バス停: 長沢",
        "name": "長沢",
        "operator": "事業者不明",
        "ref": "JT23・JY23",
        "url": "",
        "url2": ""
      }
    },
    {
      "type": "Feature",
      "geometry": {
        "type": "Point",
        "coordinates": [
          138.976217,
          36.7841335
        ]
      },
      "properties": {
        "内容": "バス停: 大鹿橋",
        "name": "大鹿橋",
        "operator": "事業者不明",
        "ref": "JT24・JY24",
        "url": "",
        "url2": ""
      }
    },
    {
      "type": "Feature",
      "geometry": {
        "type": "Point",
        "coordinates": [
          138.9772,
          36.78663
        ]
      },
      "properties": {
        "内容": "バス停: 下坪野",
        "name": "下坪野",
        "operator": "事業者不明",
        "ref": "JT27・JY27",
        "url": "",
        "url2": ""
      }
    },
    {
      "type": "Feature",
      "geometry": {
        "type": "Point",
        "coordinates": [
          138.9798739,
          36.7911624
        ]
      },
      "properties": {
        "内容": "バス停: うのせ温泉",
        "name": "うのせ温泉",
        "operator": "事業者不明",
        "ref": "JT28・JY28",
        "url": "",
        "url2": ""
      }
    },
    {
      "type": "Feature",
      "geometry": {
        "type": "Point",
        "coordinates": [
          138.9814351,
          36.7912299
        ]
      },
      "properties": {
        "内容": "バス停: うのせ温泉上",
        "name": "うのせ温泉上",
        "operator": "事業者不明",
        "ref": "JT29・JY29",
        "url": "",
        "url2": ""
      }
    },
    {
      "type": "Feature",
      "geometry": {
        "type": "Point",
        "coordinates": [
          138.985127,
          36.7917048
        ]
      },
      "properties": {
        "内容": "バス停: 大穴町営住宅入口",
        "name": "大穴町営住宅入口",
        "operator": "事業者不明",
        "ref": "JT30・JY30",
        "url": "",
        "url2": ""
      }
    },
    {
      "type": "Feature",
      "geometry": {
        "type": "Point",
        "coordinates": [
          138.9870872,
          36.7940437
        ]
      },
      "properties": {
        "内容": "バス停: 大穴変電所前",
        "name": "大穴変電所前",
        "operator": "事業者不明",
        "ref": "JT31・JY31",
        "url": "",
        "url2": ""
      }
    },
    {
      "type": "Feature",
      "geometry": {
        "type": "Point",
        "coordinates": [
          138.9884542,
          36.7966064
        ]
      },
      "properties": {
        "内容": "バス停: 大穴",
        "name": "大穴",
        "operator": "事業者不明",
        "ref": "JT32・JY32",
        "url": "",
        "url2": ""
      }
    },
    {
      "type": "Feature",
      "geometry": {
        "type": "Point",
        "coordinates": [
          138.9871507,
          36.8029959
        ]
      },
      "properties": {
        "内容": "バス停: ゆびそ駅前",
        "name": "ゆびそ駅前",
        "operator": "事業者不明",
        "ref": "JT33",
        "url": "",
        "url2": ""
      }
    },
    {
      "type": "Feature",
      "geometry": {
        "type": "Point",
        "coordinates": [
          138.9868227,
          36.8058466
        ]
      },
      "properties": {
        "内容": "バス停: ゆびそ温泉街",
        "name": "ゆびそ温泉街",
        "operator": "事業者不明",
        "ref": "JT34",
        "url": "",
        "url2": ""
      }
    },
    {
      "type": "Feature",
      "geometry": {
        "type": "Point",
        "coordinates": [
          138.9865,
          36.80943
        ]
      },
      "properties": {
        "内容": "バス停: ゆびそ温泉",
        "name": "ゆびそ温泉",
        "operator": "事業者不明",
        "ref": "JT35",
        "url": "",
        "url2": ""
      }
    },
    {
      "type": "Feature",
      "geometry": {
        "type": "Point",
        "coordinates": [
          138.9849581,
          36.8164541
        ]
      },
      "properties": {
        "内容": "バス停: 赤沢橋",
        "name": "赤沢橋",
        "operator": "事業者不明",
        "ref": "JT36",
        "url": "",
        "url2": ""
      }
    },
    {
      "type": "Feature",
      "geometry": {
        "type": "Point",
        "coordinates": [
          138.9664447,
          36.830723
        ]
      },
      "properties": {
        "内容": "バス停: 土合駅前",
        "name": "土合駅前",
        "operator": "事業者不明",
        "ref": "JT37",
        "url": "",
        "url2": ""
      }
    },
    {
      "type": "Feature",
      "geometry": {
        "type": "Point",
        "coordinates": [
          138.9662647,
          36.8351293
        ]
      },
      "properties": {
        "内容": "バス停: 土合橋",
        "name": "土合橋",
        "operator": "事業者不明",
        "ref": "JT38",
        "url": "",
        "url2": ""
      }
    },
    {
      "type": "Feature",
      "geometry": {
        "type": "Point",
        "coordinates": [
          139.011465,
          36.3218172
        ]
      },
      "properties": {
        "内容": "バス停: 高崎駅西口",
        "name": "高崎駅西口",
        "operator": "事業者不明",
        "ref": "",
        "url": "",
        "url2": ""
      }
    },
    {
      "type": "Feature",
      "geometry": {
        "type": "Point",
        "coordinates": [
          139.0114164,
          36.3221394
        ]
      },
      "properties": {
        "内容": "バス停: 高崎駅西口",
        "name": "高崎駅西口",
        "operator": "事業者不明",
        "ref": "",
        "url": "",
        "url2": ""
      }
    },
    {
      "type": "Feature",
      "geometry": {
        "type": "Point",
        "coordinates": [
          139.011259,
          36.322281
        ]
      },
      "properties": {
        "内容": "バス停: 高崎駅西口",
        "name": "高崎駅西口",
        "operator": "事業者不明",
        "ref": "",
        "url": "",
        "url2": ""
      }
    },
    {
      "type": "Feature",
      "geometry": {
        "type": "Point",
        "coordinates": [
          139.0114474,
          36.3219112
        ]
      },
      "properties": {
        "内容": "バス停: 高崎駅西口",
        "name": "高崎駅西口",
        "operator": "事業者不明",
        "ref": "",
        "url": "",
        "url2": ""
      }
    },
    {
      "type": "Feature",
      "geometry": {
        "type": "Point",
        "coordinates": [
          139.0112972,
          36.3217988
        ]
      },
      "properties": {
        "内容": "バス停: 高崎駅西口",
        "name": "高崎駅西口",
        "operator": "事業者不明",
        "ref": "",
        "url": "",
        "url2": ""
      }
    },
    {
      "type": "Feature",
      "geometry": {
        "type": "Point",
        "coordinates": [
          139.0112597,
          36.321989
        ]
      },
      "properties": {
        "内容": "バス停: 高崎駅西口",
        "name": "高崎駅西口",
        "operator": "事業者不明",
        "ref": "",
        "url": "",
        "url2": ""
      }
    },
    {
      "type": "Feature",
      "geometry": {
        "type": "Point",
        "coordinates": [
          139.0112489,
          36.3221489
        ]
      },
      "properties": {
        "内容": "バス停: 高崎駅西口",
        "name": "高崎駅西口",
        "operator": "事業者不明",
        "ref": "",
        "url": "",
        "url2": ""
      }
    },
    {
      "type": "Feature",
      "geometry": {
        "type": "Point",
        "coordinates": [
          139.0114,
          36.32226
        ]
      },
      "properties": {
        "内容": "バス停: 高崎駅西口",
        "name": "高崎駅西口",
        "operator": "事業者不明",
        "ref": "",
        "url": "",
        "url2": ""
      }
    },
    {
      "type": "Feature",
      "geometry": {
        "type": "Point",
        "coordinates": [
          139.0115,
          36.32163
        ]
      },
      "properties": {
        "内容": "バス停: 高崎駅西口",
        "name": "高崎駅西口",
        "operator": "事業者不明",
        "ref": "",
        "url": "",
        "url2": ""
      }
    },
    {
      "type": "Feature",
      "geometry": {
        "type": "Point",
        "coordinates": [
          138.9687,
          36.76927
        ]
      },
      "properties": {
        "内容": "バス停: 水上温泉",
        "name": "水上温泉",
        "operator": "事業者不明",
        "ref": "JT17・JY17",
        "url": "",
        "url2": ""
      }
    },
    {
      "type": "Feature",
      "geometry": {
        "type": "Point",
        "coordinates": [
          138.9686654,
          36.7687365
        ]
      },
      "properties": {
        "内容": "バス停: 水上温泉",
        "name": "水上温泉",
        "operator": "事業者不明",
        "ref": "JT17・JY17",
        "url": "",
        "url2": ""
      }
    },
    {
      "type": "Feature",
      "geometry": {
        "type": "Point",
        "coordinates": [
          138.9672512,
          36.7717355
        ]
      },
      "properties": {
        "内容": "バス停: 観光会館前",
        "name": "観光会館前",
        "operator": "事業者不明",
        "ref": "JT18・JY18",
        "url": "",
        "url2": ""
      }
    },
    {
      "type": "Feature",
      "geometry": {
        "type": "Point",
        "coordinates": [
          138.9671608,
          36.7717551
        ]
      },
      "properties": {
        "内容": "バス停: 観光会館前",
        "name": "観光会館前",
        "operator": "事業者不明",
        "ref": "JT18・JY18",
        "url": "",
        "url2": ""
      }
    },
    {
      "type": "Feature",
      "geometry": {
        "type": "Point",
        "coordinates": [
          138.9660533,
          36.7772518
        ]
      },
      "properties": {
        "内容": "バス停: 松乃井入口",
        "name": "松乃井入口",
        "operator": "事業者不明",
        "ref": "JT19・JY19",
        "url": "",
        "url2": ""
      }
    },
    {
      "type": "Feature",
      "geometry": {
        "type": "Point",
        "coordinates": [
          138.9659706,
          36.7769739
        ]
      },
      "properties": {
        "内容": "バス停: 松乃井入口",
        "name": "松乃井入口",
        "operator": "事業者不明",
        "ref": "JT19・JY19",
        "url": "",
        "url2": ""
      }
    },
    {
      "type": "Feature",
      "geometry": {
        "type": "Point",
        "coordinates": [
          138.9666482,
          36.7812861
        ]
      },
      "properties": {
        "内容": "バス停: 芦間",
        "name": "芦間",
        "operator": "事業者不明",
        "ref": "JT20・JY20",
        "url": "",
        "url2": ""
      }
    },
    {
      "type": "Feature",
      "geometry": {
        "type": "Point",
        "coordinates": [
          138.9666546,
          36.7814266
        ]
      },
      "properties": {
        "内容": "バス停: 芦間",
        "name": "芦間",
        "operator": "事業者不明",
        "ref": "JT20・JY20",
        "url": "",
        "url2": ""
      }
    },
    {
      "type": "Feature",
      "geometry": {
        "type": "Point",
        "coordinates": [
          138.9681458,
          36.7654919
        ]
      },
      "properties": {
        "内容": "バス停: 小学校下",
        "name": "小学校下",
        "operator": "事業者不明",
        "ref": "JT16・JY16",
        "url": "",
        "url2": ""
      }
    },
    {
      "type": "Feature",
      "geometry": {
        "type": "Point",
        "coordinates": [
          138.968527,
          36.7657247
        ]
      },
      "properties": {
        "内容": "バス停: 小学校下",
        "name": "小学校下",
        "operator": "事業者不明",
        "ref": "JT16・JY16",
        "url": "",
        "url2": ""
      }
    },
    {
      "type": "Feature",
      "geometry": {
        "type": "Point",
        "coordinates": [
          138.9743227,
          36.7578995
        ]
      },
      "properties": {
        "内容": "バス停: 諏訪神社前",
        "name": "諏訪神社前",
        "operator": "事業者不明",
        "ref": "JT14・JY14",
        "url": "",
        "url2": ""
      }
    },
    {
      "type": "Feature",
      "geometry": {
        "type": "Point",
        "coordinates": [
          138.9749669,
          36.7571099
        ]
      },
      "properties": {
        "内容": "バス停: 諏訪神社前",
        "name": "諏訪神社前",
        "operator": "事業者不明",
        "ref": "JT14・JY14",
        "url": "",
        "url2": ""
      }
    },
    {
      "type": "Feature",
      "geometry": {
        "type": "Point",
        "coordinates": [
          138.9680218,
          36.7612632
        ]
      },
      "properties": {
        "内容": "バス停: 川上入口",
        "name": "川上入口",
        "operator": "事業者不明",
        "ref": "JT15・JY15",
        "url": "",
        "url2": ""
      }
    },
    {
      "type": "Feature",
      "geometry": {
        "type": "Point",
        "coordinates": [
          138.9679494,
          36.7611909
        ]
      },
      "properties": {
        "内容": "バス停: 川上入口",
        "name": "川上入口",
        "operator": "事業者不明",
        "ref": "JT15・JY15",
        "url": "",
        "url2": ""
      }
    },
    {
      "type": "Feature",
      "geometry": {
        "type": "Point",
        "coordinates": [
          138.976568,
          36.7537469
        ]
      },
      "properties": {
        "内容": "バス停: 銚子橋",
        "name": "銚子橋",
        "operator": "事業者不明",
        "ref": "JT13・JY13",
        "url": "",
        "url2": ""
      }
    },
    {
      "type": "Feature",
      "geometry": {
        "type": "Point",
        "coordinates": [
          138.9764742,
          36.7539056
        ]
      },
      "properties": {
        "内容": "バス停: 銚子橋",
        "name": "銚子橋",
        "operator": "事業者不明",
        "ref": "JT13・JY13",
        "url": "",
        "url2": ""
      }
    },
    {
      "type": "Feature",
      "geometry": {
        "type": "Point",
        "coordinates": [
          138.9798,
          36.75028
        ]
      },
      "properties": {
        "内容": "バス停: 高日向",
        "name": "高日向",
        "operator": "事業者不明",
        "ref": "JT12・JY12",
        "url": "",
        "url2": ""
      }
    },
    {
      "type": "Feature",
      "geometry": {
        "type": "Point",
        "coordinates": [
          138.9798,
          36.75008
        ]
      },
      "properties": {
        "内容": "バス停: 高日向",
        "name": "高日向",
        "operator": "事業者不明",
        "ref": "JT12・JY12",
        "url": "",
        "url2": ""
      }
    },
    {
      "type": "Feature",
      "geometry": {
        "type": "Point",
        "coordinates": [
          138.9861362,
          36.7429221
        ]
      },
      "properties": {
        "内容": "バス停: 上牧上",
        "name": "上牧上",
        "operator": "事業者不明",
        "ref": "JT10・JY10",
        "url": "",
        "url2": ""
      }
    },
    {
      "type": "Feature",
      "geometry": {
        "type": "Point",
        "coordinates": [
          138.9860442,
          36.7426522
        ]
      },
      "properties": {
        "内容": "バス停: 上牧上",
        "name": "上牧上",
        "operator": "事業者不明",
        "ref": "JT10・JY10",
        "url": "",
        "url2": ""
      }
    },
    {
      "type": "Feature",
      "geometry": {
        "type": "Point",
        "coordinates": [
          138.983059,
          36.7473692
        ]
      },
      "properties": {
        "内容": "バス停: 高日向下",
        "name": "高日向下",
        "operator": "事業者不明",
        "ref": "JT11・JY11",
        "url": "",
        "url2": ""
      }
    },
    {
      "type": "Feature",
      "geometry": {
        "type": "Point",
        "coordinates": [
          138.9822736,
          36.7477902
        ]
      },
      "properties": {
        "内容": "バス停: 高日向下",
        "name": "高日向下",
        "operator": "事業者不明",
        "ref": "JT11・JY11",
        "url": "",
        "url2": ""
      }
    },
    {
      "type": "Feature",
      "geometry": {
        "type": "Point",
        "coordinates": [
          138.9841291,
          36.7371823
        ]
      },
      "properties": {
        "内容": "バス停: 道木",
        "name": "道木",
        "operator": "事業者不明",
        "ref": "JT09・JY09",
        "url": "",
        "url2": ""
      }
    },
    {
      "type": "Feature",
      "geometry": {
        "type": "Point",
        "coordinates": [
          138.9841098,
          36.7376634
        ]
      },
      "properties": {
        "内容": "バス停: 道木",
        "name": "道木",
        "operator": "事業者不明",
        "ref": "JT09・JY09",
        "url": "",
        "url2": ""
      }
    },
    {
      "type": "Feature",
      "geometry": {
        "type": "Point",
        "coordinates": [
          138.9839209,
          36.7352293
        ]
      },
      "properties": {
        "内容": "バス停: 上牧駅前",
        "name": "上牧駅前",
        "operator": "事業者不明",
        "ref": "JT08・JY08",
        "url": "",
        "url2": ""
      }
    },
    {
      "type": "Feature",
      "geometry": {
        "type": "Point",
        "coordinates": [
          138.9837792,
          36.7350849
        ]
      },
      "properties": {
        "内容": "バス停: 上牧駅前",
        "name": "上牧駅前",
        "operator": "事業者不明",
        "ref": "JT08・JY08",
        "url": "",
        "url2": ""
      }
    },
    {
      "type": "Feature",
      "geometry": {
        "type": "Point",
        "coordinates": [
          138.9813706,
          36.7294255
        ]
      },
      "properties": {
        "内容": "バス停: カルチャーセンター前",
        "name": "カルチャーセンター前",
        "operator": "事業者不明",
        "ref": "JT07・JY07",
        "url": "",
        "url2": ""
      }
    },
    {
      "type": "Feature",
      "geometry": {
        "type": "Point",
        "coordinates": [
          138.9808551,
          36.7287782
        ]
      },
      "properties": {
        "内容": "バス停: カルチャーセンター前",
        "name": "カルチャーセンター前",
        "operator": "事業者不明",
        "ref": "JT07・JY07",
        "url": "",
        "url2": ""
      }
    },
    {
      "type": "Feature",
      "geometry": {
        "type": "Point",
        "coordinates": [
          138.9812928,
          36.7240066
        ]
      },
      "properties": {
        "内容": "バス停: 木の根",
        "name": "木の根",
        "operator": "事業者不明",
        "ref": "JT06・JY06",
        "url": "",
        "url2": ""
      }
    },
    {
      "type": "Feature",
      "geometry": {
        "type": "Point",
        "coordinates": [
          138.9803064,
          36.7249218
        ]
      },
      "properties": {
        "内容": "バス停: 木の根",
        "name": "木の根",
        "operator": "事業者不明",
        "ref": "JT06・JY06",
        "url": "",
        "url2": ""
      }
    },
    {
      "type": "Feature",
      "geometry": {
        "type": "Point",
        "coordinates": [
          138.9811567,
          36.7047084
        ]
      },
      "properties": {
        "内容": "バス停: 宮地",
        "name": "宮地",
        "operator": "事業者不明",
        "ref": "JT04・JY04",
        "url": "",
        "url2": ""
      }
    },
    {
      "type": "Feature",
      "geometry": {
        "type": "Point",
        "coordinates": [
          138.9811678,
          36.7045332
        ]
      },
      "properties": {
        "内容": "バス停: 宮地",
        "name": "宮地",
        "operator": "事業者不明",
        "ref": "JT04・JY04",
        "url": "",
        "url2": ""
      }
    },
    {
      "type": "Feature",
      "geometry": {
        "type": "Point",
        "coordinates": [
          138.9803314,
          36.7179652
        ]
      },
      "properties": {
        "内容": "バス停: 小松",
        "name": "小松",
        "operator": "事業者不明",
        "ref": "JT05・JY05",
        "url": "",
        "url2": ""
      }
    },
    {
      "type": "Feature",
      "geometry": {
        "type": "Point",
        "coordinates": [
          138.9799967,
          36.7174866
        ]
      },
      "properties": {
        "内容": "バス停: 小松",
        "name": "小松",
        "operator": "事業者不明",
        "ref": "JT05・JY05",
        "url": "",
        "url2": ""
      }
    },
    {
      "type": "Feature",
      "geometry": {
        "type": "Point",
        "coordinates": [
          138.9830728,
          36.6996122
        ]
      },
      "properties": {
        "内容": "バス停: 諏訪橋",
        "name": "諏訪橋",
        "operator": "事業者不明",
        "ref": "JT03・JY03",
        "url": "",
        "url2": ""
      }
    },
    {
      "type": "Feature",
      "geometry": {
        "type": "Point",
        "coordinates": [
          138.9830112,
          36.6994147
        ]
      },
      "properties": {
        "内容": "バス停: 諏訪橋",
        "name": "諏訪橋",
        "operator": "事業者不明",
        "ref": "JT03・JY03",
        "url": "",
        "url2": ""
      }
    },
    {
      "type": "Feature",
      "geometry": {
        "type": "Point",
        "coordinates": [
          138.9813711,
          36.6984109
        ]
      },
      "properties": {
        "内容": "バス停: 矢瀬遺跡前",
        "name": "矢瀬遺跡前",
        "operator": "事業者不明",
        "ref": "JT02・JY02・KM02・JS35",
        "url": "",
        "url2": ""
      }
    },
    {
      "type": "Feature",
      "geometry": {
        "type": "Point",
        "coordinates": [
          138.9819557,
          36.6987076
        ]
      },
      "properties": {
        "内容": "バス停: 矢瀬遺跡前",
        "name": "矢瀬遺跡前",
        "operator": "事業者不明",
        "ref": "JT02・JY02・KM02・JS35",
        "url": "",
        "url2": ""
      }
    },
    {
      "type": "Feature",
      "geometry": {
        "type": "Point",
        "coordinates": [
          138.8964204,
          36.4830211
        ]
      },
      "properties": {
        "内容": "バス停: ヤセオネ峠 (群馬バス)",
        "name": "ヤセオネ峠",
        "operator": "群馬バス",
        "ref": "",
        "url": "",
        "url2": ""
      }
    },
    {
      "type": "Feature",
      "geometry": {
        "type": "Point",
        "coordinates": [
          138.9555739,
          36.3312368
        ]
      },
      "properties": {
        "内容": "バス停: 名称不明バス停",
        "name": "名称不明バス停",
        "operator": "事業者不明",
        "ref": "",
        "url": "",
        "url2": ""
      }
    },
    {
      "type": "Feature",
      "geometry": {
        "type": "Point",
        "coordinates": [
          139.3276675,
          36.5320353
        ]
      },
      "properties": {
        "内容": "バス停: 名称不明バス停",
        "name": "名称不明バス停",
        "operator": "事業者不明",
        "ref": "",
        "url": "",
        "url2": ""
      }
    }
  ]
}