{
"type": "FeatureCollection",
"name": "geo_10_訪問介護",
"crs": { "type": "name", "properties": { "name": "urn:ogc:def:crs:OGC:1.3:CRS84" } },
"features": [
{ "type": "Feature", "properties": { "内容": "ヘルパーステーション夢【訪問介護】群馬県前橋市田口町1205－4", "url2": "https://www.kaigokensaku.mhlw.go.jp/10/index.php?action_kouhyou_detail_004_kani=true&JigyosyoCd=1070108566-00&ServiceCd=110&Type=search" }, "geometry": { "type": "Point", "coordinates": [ 139.043737599999986, 36.4442542 ] } },
{ "type": "Feature", "properties": { "内容": "訪問介護事業所きずな前橋店【訪問介護】群馬県前橋市大友町3-24-1ホテル1-2-3前橋マーキュリーWEST１F", "url2": "https://www.kaigokensaku.mhlw.go.jp/10/index.php?action_kouhyou_detail_004_kani=true&JigyosyoCd=1070108699-00&ServiceCd=110&Type=search" }, "geometry": { "type": "Point", "coordinates": [ 139.044157541664106, 36.392543974277601 ] } },
{ "type": "Feature", "properties": { "内容": "ホームヘルパーステーションサングレイス本町【訪問介護】群馬県前橋市本町一丁目１７番地１８", "url2": "https://www.kaigokensaku.mhlw.go.jp/10/index.php?action_kouhyou_detail_004_kani=true&JigyosyoCd=1070108772-00&ServiceCd=110&Type=search" }, "geometry": { "type": "Point", "coordinates": [ 139.0660854, 36.3880803 ] } },
{ "type": "Feature", "properties": { "内容": "ヘルパーステーションえがお【訪問介護】群馬県前橋市西大室町2500メディカルホーム西大室", "url2": "https://www.kaigokensaku.mhlw.go.jp/10/index.php?action_kouhyou_detail_004_kani=true&JigyosyoCd=1070108822-00&ServiceCd=110&Type=search" }, "geometry": { "type": "Point", "coordinates": [ 139.1903115, 36.3882546 ] } },
{ "type": "Feature", "properties": { "内容": "やまとヘルパーステーション【訪問介護】群馬県前橋市江木町76番地", "url2": "https://www.kaigokensaku.mhlw.go.jp/10/index.php?action_kouhyou_detail_004_kani=true&JigyosyoCd=1070105232-00&ServiceCd=110&Type=search" }, "geometry": { "type": "Point", "coordinates": [ 139.131494400000065, 36.3883613 ] } },
{ "type": "Feature", "properties": { "内容": "ケアセンターオリーブ【訪問介護】群馬県前橋市上泉町１９５番地３手前A棟", "url2": "https://www.kaigokensaku.mhlw.go.jp/10/index.php?action_kouhyou_detail_004_kani=true&JigyosyoCd=1070108863-00&ServiceCd=110&Type=search" }, "geometry": { "type": "Point", "coordinates": [ 139.106578898008706, 36.396100401478286 ] } },
{ "type": "Feature", "properties": { "内容": "かいてきライフ【訪問介護】群馬県前橋市河原浜町773番地2C棟", "url2": "https://www.kaigokensaku.mhlw.go.jp/10/index.php?action_kouhyou_detail_004_kani=true&JigyosyoCd=1070108954-00&ServiceCd=110&Type=search" }, "geometry": { "type": "Point", "coordinates": [ 139.1642392, 36.4160679 ] } },
{ "type": "Feature", "properties": { "内容": "訪問介護ゆすらご【訪問介護】群馬県前橋市二之宮町2466-4", "url2": "https://www.kaigokensaku.mhlw.go.jp/10/index.php?action_kouhyou_detail_004_kani=true&JigyosyoCd=1070104482-00&ServiceCd=110&Type=search" }, "geometry": { "type": "Point", "coordinates": [ 139.132816, 36.406614200000014 ] } },
{ "type": "Feature", "properties": { "内容": "愛・訪問介護ステーション前橋北【訪問介護】群馬県前橋市下細井町181ピアステージ101", "url2": "https://www.kaigokensaku.mhlw.go.jp/10/index.php?action_kouhyou_detail_004_kani=true&JigyosyoCd=1070108145-00&ServiceCd=110&Type=search" }, "geometry": { "type": "Point", "coordinates": [ 139.079668688360584, 36.412503401926671 ] } },
{ "type": "Feature", "properties": { "内容": "ケア桃太郎前橋営業所【訪問介護】群馬県前橋市下小出町1-29-31　コーポ藤205号", "url2": "https://www.kaigokensaku.mhlw.go.jp/10/index.php?action_kouhyou_detail_004_kani=true&JigyosyoCd=1070102502-00&ServiceCd=110&Type=search" }, "geometry": { "type": "Point", "coordinates": [ 139.066001429430429, 36.409715127613794 ] } },
{ "type": "Feature", "properties": { "内容": "ケアサービス花【訪問介護】群馬県前橋市下新田町538番地7", "url2": "https://www.kaigokensaku.mhlw.go.jp/10/index.php?action_kouhyou_detail_004_kani=true&JigyosyoCd=1070101942-00&ServiceCd=110&Type=search" }, "geometry": { "type": "Point", "coordinates": [ 139.0674593, 36.3547582 ] } },
{ "type": "Feature", "properties": { "内容": "訪問介護ステーション萬葉の杜【訪問介護】群馬県前橋市下大島町538-9", "url2": "https://www.kaigokensaku.mhlw.go.jp/10/index.php?action_kouhyou_detail_004_kani=true&JigyosyoCd=1070106297-00&ServiceCd=110&Type=search" }, "geometry": { "type": "Point", "coordinates": [ 139.118730199999959, 36.3579309 ] } },
{ "type": "Feature", "properties": { "内容": "前橋ケアセンターひまわり【訪問介護】群馬県前橋市関根町６９５－３", "url2": "https://www.kaigokensaku.mhlw.go.jp/10/index.php?action_kouhyou_detail_004_kani=true&JigyosyoCd=1070101546-00&ServiceCd=110&Type=search" }, "geometry": { "type": "Point", "coordinates": [ 139.046204799999941, 36.4401906 ] } },
{ "type": "Feature", "properties": { "内容": "ヘルパーステーション　わかば【訪問介護】群馬県前橋市関根町一丁目8番地9ヨウラク関根107", "url2": "https://www.kaigokensaku.mhlw.go.jp/10/index.php?action_kouhyou_detail_004_kani=true&JigyosyoCd=1070103120-00&ServiceCd=110&Type=search" }, "geometry": { "type": "Point", "coordinates": [ 139.053157545240339, 36.433742872126494 ] } },
{ "type": "Feature", "properties": { "内容": "訪問介護ステーションわかば前橋敷島事業所【訪問介護】群馬県前橋市関根町2-7-3", "url2": "https://www.kaigokensaku.mhlw.go.jp/10/index.php?action_kouhyou_detail_004_kani=true&JigyosyoCd=1070105364-00&ServiceCd=110&Type=search" }, "geometry": { "type": "Point", "coordinates": [ 139.049492446032701, 36.431736066330792 ] } },
{ "type": "Feature", "properties": { "内容": "岩神ホームヘルプサービスセンター【訪問介護】群馬県前橋市岩神町２－５－５", "url2": "https://www.kaigokensaku.mhlw.go.jp/10/index.php?action_kouhyou_detail_004_kani=true&JigyosyoCd=1070100779-00&ServiceCd=110&Type=search" }, "geometry": { "type": "Point", "coordinates": [ 139.0581171, 36.4016103 ] } },
{ "type": "Feature", "properties": { "内容": "ヘルパーステーションうしいけ【訪問介護】群馬県前橋市元総社町1770-4", "url2": "https://www.kaigokensaku.mhlw.go.jp/10/index.php?action_kouhyou_detail_004_kani=true&JigyosyoCd=1070106909-00&ServiceCd=110&Type=search" }, "geometry": { "type": "Point", "coordinates": [ 139.029456100000061, 36.3918887 ] } },
{ "type": "Feature", "properties": { "内容": "株式会社　　ケア・グループ【訪問介護】群馬県前橋市元総社町1－7－5", "url2": "https://www.kaigokensaku.mhlw.go.jp/10/index.php?action_kouhyou_detail_004_kani=true&JigyosyoCd=1070101140-00&ServiceCd=110&Type=search" }, "geometry": { "type": "Point", "coordinates": [ 139.043246700000026, 36.3855178 ] } },
{ "type": "Feature", "properties": { "内容": "五代・東山　ヘルパーステーション【訪問介護】群馬県前橋市五代町1073-6", "url2": "https://www.kaigokensaku.mhlw.go.jp/10/index.php?action_kouhyou_detail_004_kani=true&JigyosyoCd=1070106107-00&ServiceCd=110&Type=search" }, "geometry": { "type": "Point", "coordinates": [ 139.115218258338928, 36.413689887856989 ] } },
{ "type": "Feature", "properties": { "内容": "訪問介護　まごころ【訪問介護】群馬県前橋市公田町1007", "url2": "https://www.kaigokensaku.mhlw.go.jp/10/index.php?action_kouhyou_detail_004_kani=true&JigyosyoCd=1070104037-00&ServiceCd=110&Type=search" }, "geometry": { "type": "Point", "coordinates": [ 139.073561499999983, 36.355188800000015 ] } },
{ "type": "Feature", "properties": { "内容": "ホームヘルプステーション二三【訪問介護】群馬県前橋市公田町604-1", "url2": "https://www.kaigokensaku.mhlw.go.jp/10/index.php?action_kouhyou_detail_004_kani=true&JigyosyoCd=1070107881-00&ServiceCd=110&Type=search" }, "geometry": { "type": "Point", "coordinates": [ 139.0771206, 36.3432694 ] } },
{ "type": "Feature", "properties": { "内容": "ヘルパーステーション結（ゆい）【訪問介護】群馬県前橋市広瀬町2-36-12", "url2": "https://www.kaigokensaku.mhlw.go.jp/10/index.php?action_kouhyou_detail_004_kani=true&JigyosyoCd=1070106230-00&ServiceCd=110&Type=search" }, "geometry": { "type": "Point", "coordinates": [ 139.109601099999963, 36.3615192 ] } },
{ "type": "Feature", "properties": { "内容": "やすらぎ園ホームヘルパーステーション【訪問介護】群馬県前橋市江木町1225-1", "url2": "https://www.kaigokensaku.mhlw.go.jp/10/index.php?action_kouhyou_detail_004_kani=true&JigyosyoCd=1070100860-00&ServiceCd=110&Type=search" }, "geometry": { "type": "Point", "coordinates": [ 139.133257599999979, 36.4064396 ] } },
{ "type": "Feature", "properties": { "内容": "ゆめケアヘルパーステーション【訪問介護】群馬県前橋市江木町31-1", "url2": "https://www.kaigokensaku.mhlw.go.jp/10/index.php?action_kouhyou_detail_004_kani=true&JigyosyoCd=1070102734-00&ServiceCd=110&Type=search" }, "geometry": { "type": "Point", "coordinates": [ 139.134738299999981, 36.3903056 ] } },
{ "type": "Feature", "properties": { "内容": "グリーンライフ前橋総合介護センター　訪問介護事業所【訪問介護】群馬県前橋市紅雲町１－２０－７シャンポールとみざわ", "url2": "https://www.kaigokensaku.mhlw.go.jp/10/index.php?action_kouhyou_detail_004_kani=true&JigyosyoCd=1070106164-00&ServiceCd=110&Type=search" }, "geometry": { "type": "Point", "coordinates": [ 139.061484916302533, 36.383006230978864 ] } },
{ "type": "Feature", "properties": { "内容": "サービスステーションハピネス【訪問介護】群馬県前橋市荒口町539-2", "url2": "https://www.kaigokensaku.mhlw.go.jp/10/index.php?action_kouhyou_detail_004_kani=true&JigyosyoCd=1070107469-00&ServiceCd=110&Type=search" }, "geometry": { "type": "Point", "coordinates": [ 139.1639093, 36.3962332 ] } },
{ "type": "Feature", "properties": { "内容": "訪問介護ステーション雅【訪問介護】群馬県前橋市荒子町1549-1ナーシングホームNAGOMI", "url2": "https://www.kaigokensaku.mhlw.go.jp/10/index.php?action_kouhyou_detail_004_kani=true&JigyosyoCd=1070108202-00&ServiceCd=110&Type=search" }, "geometry": { "type": "Point", "coordinates": [ 139.0634134, 36.3894669 ] } },
{ "type": "Feature", "properties": { "内容": "ヘルパーステーション美そら【訪問介護】群馬県前橋市荒子町48-1", "url2": "https://www.kaigokensaku.mhlw.go.jp/10/index.php?action_kouhyou_detail_004_kani=true&JigyosyoCd=1070105042-00&ServiceCd=110&Type=search" }, "geometry": { "type": "Point", "coordinates": [ 139.168034199999965, 36.3862287 ] } },
{ "type": "Feature", "properties": { "内容": "ニチイケアセンター前橋あらまき【訪問介護】群馬県前橋市荒牧町1-26-1", "url2": "https://www.kaigokensaku.mhlw.go.jp/10/index.php?action_kouhyou_detail_004_kani=true&JigyosyoCd=1070107717-00&ServiceCd=110&Type=search" }, "geometry": { "type": "Point", "coordinates": [ 139.057883430581484, 36.427319160288874 ] } },
{ "type": "Feature", "properties": { "内容": "愛・訪問介護ステーション前橋【訪問介護】群馬県前橋市三河町2-2-13青木第一ビル1F東", "url2": "https://www.kaigokensaku.mhlw.go.jp/10/index.php?action_kouhyou_detail_004_kani=true&JigyosyoCd=1070106826-00&ServiceCd=110&Type=search" }, "geometry": { "type": "Point", "coordinates": [ 139.078965700000026, 36.3855185 ] } },
{ "type": "Feature", "properties": { "内容": "三俣ヘルパーステーション【訪問介護】群馬県前橋市三俣町１－４０－５", "url2": "https://www.kaigokensaku.mhlw.go.jp/10/index.php?action_kouhyou_detail_004_kani=true&JigyosyoCd=1070102767-00&ServiceCd=110&Type=search" }, "geometry": { "type": "Point", "coordinates": [ 139.086281500000041, 36.3935038 ] } },
{ "type": "Feature", "properties": { "内容": "ホームヘルパーステーション　山王ライフ【訪問介護】群馬県前橋市山王町133番地", "url2": "https://www.kaigokensaku.mhlw.go.jp/10/index.php?action_kouhyou_detail_004_kani=true&JigyosyoCd=1070100894-00&ServiceCd=110&Type=search" }, "geometry": { "type": "Point", "coordinates": [ 139.124543300000028, 36.3500372 ] } },
{ "type": "Feature", "properties": { "内容": "ヘルパーステーション野のはな【訪問介護】群馬県前橋市山王町一丁目31-1", "url2": "https://www.kaigokensaku.mhlw.go.jp/10/index.php?action_kouhyou_detail_004_kani=true&JigyosyoCd=1070103104-00&ServiceCd=110&Type=search" }, "geometry": { "type": "Point", "coordinates": [ 139.118875815164415, 36.355539368920169 ] } },
{ "type": "Feature", "properties": { "内容": "ヘルパーステーション・スマイル若宮【訪問介護】群馬県前橋市若宮町一丁目８番地２０", "url2": "https://www.kaigokensaku.mhlw.go.jp/10/index.php?action_kouhyou_detail_004_kani=true&JigyosyoCd=1070104235-00&ServiceCd=110&Type=search" }, "geometry": { "type": "Point", "coordinates": [ 139.0715798, 36.3989888 ] } },
{ "type": "Feature", "properties": { "内容": "ケアセンタ－若宮【訪問介護】群馬県前橋市若宮町四丁目２４-５", "url2": "https://www.kaigokensaku.mhlw.go.jp/10/index.php?action_kouhyou_detail_004_kani=true&JigyosyoCd=1070102981-00&ServiceCd=110&Type=search" }, "geometry": { "type": "Point", "coordinates": [ 139.073104300000068, 36.407271 ] } },
{ "type": "Feature", "properties": { "内容": "株式会社サンケア【訪問介護】群馬県前橋市住吉町二丁目２番２号", "url2": "https://www.kaigokensaku.mhlw.go.jp/10/index.php?action_kouhyou_detail_004_kani=true&JigyosyoCd=1070100100-00&ServiceCd=110&Type=search" }, "geometry": { "type": "Point", "coordinates": [ 139.070805, 36.3956198 ] } },
{ "type": "Feature", "properties": { "内容": "ヘルパーステーション和み【訪問介護】群馬県前橋市小神明町632-1", "url2": "https://www.kaigokensaku.mhlw.go.jp/10/index.php?action_kouhyou_detail_004_kani=true&JigyosyoCd=1070105596-00&ServiceCd=110&Type=search" }, "geometry": { "type": "Point", "coordinates": [ 139.0964356, 36.417149 ] } },
{ "type": "Feature", "properties": { "内容": "ヘルパ―ステーションあたたか前橋【訪問介護】群馬県前橋市小相木町483-1はなことば前橋", "url2": "https://www.kaigokensaku.mhlw.go.jp/10/index.php?action_kouhyou_detail_004_kani=true&JigyosyoCd=1070106453-00&ServiceCd=110&Type=search" }, "geometry": { "type": "Point", "coordinates": [ 139.06119549999994, 36.3715703 ] } },
{ "type": "Feature", "properties": { "内容": "萩まち荘ヘルパーステーション【訪問介護】群馬県前橋市昭和町一丁目２番６", "url2": "https://www.kaigokensaku.mhlw.go.jp/10/index.php?action_kouhyou_detail_004_kani=true&JigyosyoCd=1070105224-00&ServiceCd=110&Type=search" }, "geometry": { "type": "Point", "coordinates": [ 139.066168723398619, 36.399466567527895 ] } },
{ "type": "Feature", "properties": { "内容": "訪問介護グランポルト前橋【訪問介護】群馬県前橋市昭和町3-11-18", "url2": "https://www.kaigokensaku.mhlw.go.jp/10/index.php?action_kouhyou_detail_004_kani=true&JigyosyoCd=1070103161-00&ServiceCd=110&Type=search" }, "geometry": { "type": "Point", "coordinates": [ 139.06293740000001, 36.4054292 ] } },
{ "type": "Feature", "properties": { "内容": "あいのて訪問介護サービス【訪問介護】群馬県前橋市上佐鳥町560-3", "url2": "https://www.kaigokensaku.mhlw.go.jp/10/index.php?action_kouhyou_detail_004_kani=true&JigyosyoCd=1070101637-00&ServiceCd=110&Type=search" }, "geometry": { "type": "Point", "coordinates": [ 139.078205499999967, 36.3584551 ] } },
{ "type": "Feature", "properties": { "内容": "春日の里ホームヘルパーステーション【訪問介護】群馬県前橋市上佐鳥町774", "url2": "https://www.kaigokensaku.mhlw.go.jp/10/index.php?action_kouhyou_detail_004_kani=true&JigyosyoCd=1070100647-00&ServiceCd=110&Type=search" }, "geometry": { "type": "Point", "coordinates": [ 139.083955, 36.3557527 ] } },
{ "type": "Feature", "properties": { "内容": "ヘルパーステーション花の郷-橙-【訪問介護】群馬県前橋市上細井町1882番地1", "url2": "https://www.kaigokensaku.mhlw.go.jp/10/index.php?action_kouhyou_detail_004_kani=true&JigyosyoCd=1070105430-00&ServiceCd=110&Type=search" }, "geometry": { "type": "Point", "coordinates": [ 139.0748393, 36.4230631 ] } },
{ "type": "Feature", "properties": { "内容": "ヘルパーステーションとも【訪問介護】群馬県前橋市上小出町１－２４－４アイアム　２０７", "url2": "https://www.kaigokensaku.mhlw.go.jp/10/index.php?action_kouhyou_detail_004_kani=true&JigyosyoCd=1070104318-00&ServiceCd=110&Type=search" }, "geometry": { "type": "Point", "coordinates": [ 139.057916407379139, 36.411659323172159 ] } },
{ "type": "Feature", "properties": { "内容": "ウェルスタイル前橋訪問介護事業所【訪問介護】群馬県前橋市上小出町２－２７－１１", "url2": "https://www.kaigokensaku.mhlw.go.jp/10/index.php?action_kouhyou_detail_004_kani=true&JigyosyoCd=1070105273-00&ServiceCd=110&Type=search" }, "geometry": { "type": "Point", "coordinates": [ 139.0589357, 36.4157971 ] } },
{ "type": "Feature", "properties": { "内容": "へるぱーすてーしょんれもん【訪問介護】群馬県前橋市上泉町２８０－２ベルヴィハイツ１０３", "url2": "https://www.kaigokensaku.mhlw.go.jp/10/index.php?action_kouhyou_detail_004_kani=true&JigyosyoCd=1070107709-00&ServiceCd=110&Type=search" }, "geometry": { "type": "Point", "coordinates": [ 139.105422699999963, 36.3944457 ] } },
{ "type": "Feature", "properties": { "内容": "訪問介護のぞみ【訪問介護】群馬県前橋市上泉町69", "url2": "https://www.kaigokensaku.mhlw.go.jp/10/index.php?action_kouhyou_detail_004_kani=true&JigyosyoCd=1070108350-00&ServiceCd=110&Type=search" }, "geometry": { "type": "Point", "coordinates": [ 139.1018434, 36.3930678 ] } },
{ "type": "Feature", "properties": { "内容": "上毛の里ホームヘルプサービス【訪問介護】群馬県前橋市上増田町６００番地", "url2": "https://www.kaigokensaku.mhlw.go.jp/10/index.php?action_kouhyou_detail_004_kani=true&JigyosyoCd=1070100670-00&ServiceCd=110&Type=search" }, "geometry": { "type": "Point", "coordinates": [ 139.149270900000033, 36.3525874 ] } },
{ "type": "Feature", "properties": { "内容": "すまいる【訪問介護】群馬県前橋市西片貝町五丁目１５番地２桜井ハイツ１０２", "url2": "https://www.kaigokensaku.mhlw.go.jp/10/index.php?action_kouhyou_detail_004_kani=true&JigyosyoCd=1070106362-00&ServiceCd=110&Type=search" }, "geometry": { "type": "Point", "coordinates": [ 139.089650600000027, 36.3902126 ] } },
{ "type": "Feature", "properties": { "内容": "ＳＯＭＰＯケア　前橋　訪問介護【訪問介護】群馬県前橋市西片貝町五丁目１９番６号EAST　STREET　南棟Ａ号室", "url2": "https://www.kaigokensaku.mhlw.go.jp/10/index.php?action_kouhyou_detail_004_kani=true&JigyosyoCd=1070107303-00&ServiceCd=110&Type=search" }, "geometry": { "type": "Point", "coordinates": [ 139.088364, 36.389183400000015 ] } },
{ "type": "Feature", "properties": { "内容": "ひよりヘルパーステーション【訪問介護】群馬県前橋市青柳町379-1", "url2": "https://www.kaigokensaku.mhlw.go.jp/10/index.php?action_kouhyou_detail_004_kani=true&JigyosyoCd=1070105869-00&ServiceCd=110&Type=search" }, "geometry": { "type": "Point", "coordinates": [ 139.061163526072733, 36.423278203002496 ] } },
{ "type": "Feature", "properties": { "内容": "きよさとホームヘルパーステーション【訪問介護】群馬県前橋市青梨子町５０３番地", "url2": "https://www.kaigokensaku.mhlw.go.jp/10/index.php?action_kouhyou_detail_004_kani=true&JigyosyoCd=1070100803-00&ServiceCd=110&Type=search" }, "geometry": { "type": "Point", "coordinates": [ 139.016777623942517, 36.413413814795931 ] } },
{ "type": "Feature", "properties": { "内容": "ヘルパーセンターもみじ【訪問介護】群馬県前橋市千代田町５－１６－８", "url2": "https://www.kaigokensaku.mhlw.go.jp/10/index.php?action_kouhyou_detail_004_kani=true&JigyosyoCd=1072000464-00&ServiceCd=110&Type=search" }, "geometry": { "type": "Point", "coordinates": [ 139.072760117907706, 36.391671547598328 ] } },
{ "type": "Feature", "properties": { "内容": "ヘルパーステーションここみ【訪問介護】群馬県前橋市川曲町176番地1", "url2": "https://www.kaigokensaku.mhlw.go.jp/10/index.php?action_kouhyou_detail_004_kani=true&JigyosyoCd=1070106255-00&ServiceCd=110&Type=search" }, "geometry": { "type": "Point", "coordinates": [ 139.052679628836017, 36.356575974928781 ] } },
{ "type": "Feature", "properties": { "内容": "ヘルパーステーションあい　暖【訪問介護】群馬県前橋市川曲町１－１", "url2": "https://www.kaigokensaku.mhlw.go.jp/10/index.php?action_kouhyou_detail_004_kani=true&JigyosyoCd=1070104540-00&ServiceCd=110&Type=search" }, "geometry": { "type": "Point", "coordinates": [ 139.049183200000016, 36.3528247 ] } },
{ "type": "Feature", "properties": { "内容": "訪問介護事業所ネスル前橋【訪問介護】群馬県前橋市幸塚町７５番地２", "url2": "https://www.kaigokensaku.mhlw.go.jp/10/index.php?action_kouhyou_detail_004_kani=true&JigyosyoCd=1070108277-00&ServiceCd=110&Type=search" }, "geometry": { "type": "Point", "coordinates": [ 139.08757038650819, 36.407245485326918 ] } },
{ "type": "Feature", "properties": { "内容": "ホームヘルパーステーション元総社【訪問介護】群馬県前橋市総社町総社３０５１番地４", "url2": "https://www.kaigokensaku.mhlw.go.jp/10/index.php?action_kouhyou_detail_004_kani=true&JigyosyoCd=1070102718-00&ServiceCd=110&Type=search" }, "geometry": { "type": "Point", "coordinates": [ 139.036245387805138, 36.394587933943491 ] } },
{ "type": "Feature", "properties": { "内容": "ＮＰＯ法人生活enjoyセンターグリーンハウス【訪問介護】群馬県前橋市大友町三丁目４－２レジデンス北欧１０１", "url2": "https://www.kaigokensaku.mhlw.go.jp/10/index.php?action_kouhyou_detail_004_kani=true&JigyosyoCd=1070106289-00&ServiceCd=110&Type=search" }, "geometry": { "type": "Point", "coordinates": [ 139.042838299999971, 36.3885674 ] } },
{ "type": "Feature", "properties": { "内容": "訪問介護事業所クレスト【訪問介護】群馬県前橋市大友町２丁目２９番２８号あさひレジデンス大友２０１", "url2": "https://www.kaigokensaku.mhlw.go.jp/10/index.php?action_kouhyou_detail_004_kani=true&JigyosyoCd=1070108434-00&ServiceCd=110&Type=search" }, "geometry": { "type": "Point", "coordinates": [ 139.049090649212644, 36.393476443263609 ] } },
{ "type": "Feature", "properties": { "内容": "ホームヘルパーステーションほなみ【訪問介護】群馬県前橋市朝倉町842-1", "url2": "https://www.kaigokensaku.mhlw.go.jp/10/index.php?action_kouhyou_detail_004_kani=true&JigyosyoCd=1070107378-00&ServiceCd=110&Type=search" }, "geometry": { "type": "Point", "coordinates": [ 139.09269519999998, 36.3710705 ] } },
{ "type": "Feature", "properties": { "内容": "ハンドツーハンドケアサービス【訪問介護】群馬県前橋市朝倉町947番地1", "url2": "https://www.kaigokensaku.mhlw.go.jp/10/index.php?action_kouhyou_detail_004_kani=true&JigyosyoCd=1070101496-00&ServiceCd=110&Type=search" }, "geometry": { "type": "Point", "coordinates": [ 139.087861116024811, 36.36762026834208 ] } },
{ "type": "Feature", "properties": { "内容": "ここあヘルパーステーション【訪問介護】群馬県前橋市天川原1-2-19", "url2": "https://www.kaigokensaku.mhlw.go.jp/10/index.php?action_kouhyou_detail_004_kani=true&JigyosyoCd=1070107113-00&ServiceCd=110&Type=search" }, "geometry": { "type": "Point", "coordinates": [ 139.0840296, 36.3690095 ] } },
{ "type": "Feature", "properties": { "内容": "ヘルパーステーションくるみ【訪問介護】群馬県前橋市天川原町２丁目１番地１　Ｂ１０２", "url2": "https://www.kaigokensaku.mhlw.go.jp/10/index.php?action_kouhyou_detail_004_kani=true&JigyosyoCd=1070102833-00&ServiceCd=110&Type=search" }, "geometry": { "type": "Point", "coordinates": [ 139.084898155819701, 36.375543347375967 ] } },
{ "type": "Feature", "properties": { "内容": "訪問介護ステーションわかば前橋南部事業所【訪問介護】群馬県前橋市天川原町2-46-22五十嵐ビル201号室", "url2": "https://www.kaigokensaku.mhlw.go.jp/10/index.php?action_kouhyou_detail_004_kani=true&JigyosyoCd=1070104805-00&ServiceCd=110&Type=search" }, "geometry": { "type": "Point", "coordinates": [ 139.083929762504511, 36.368930132704087 ] } },
{ "type": "Feature", "properties": { "内容": "ヘルパーステーションゆたか【訪問介護】群馬県前橋市天川大島町124-1ひまわりタウンＡ棟2号", "url2": "https://www.kaigokensaku.mhlw.go.jp/10/index.php?action_kouhyou_detail_004_kani=true&JigyosyoCd=1070106438-00&ServiceCd=110&Type=search" }, "geometry": { "type": "Point", "coordinates": [ 139.079812899999979, 36.3848353 ] } },
{ "type": "Feature", "properties": { "内容": "訪問介護かけはし【訪問介護】群馬県前橋市天川大島町57-1かけはしの家広瀬　２階", "url2": "https://www.kaigokensaku.mhlw.go.jp/10/index.php?action_kouhyou_detail_004_kani=true&JigyosyoCd=1070102478-00&ServiceCd=110&Type=search" }, "geometry": { "type": "Point", "coordinates": [ 139.107308022090109, 36.365180214999832 ] } },
{ "type": "Feature", "properties": { "内容": "ケアセンターあかね【訪問介護】群馬県前橋市南町3-35-3", "url2": "https://www.kaigokensaku.mhlw.go.jp/10/index.php?action_kouhyou_detail_004_kani=true&JigyosyoCd=1070104011-00&ServiceCd=110&Type=search" }, "geometry": { "type": "Point", "coordinates": [ 139.072577499999966, 36.3812023 ] } },
{ "type": "Feature", "properties": { "内容": "訪問介護　みのり【訪問介護】群馬県前橋市南町３－７－５ＫＣＣビルメゾンロワール１Ｆ", "url2": "https://www.kaigokensaku.mhlw.go.jp/10/index.php?action_kouhyou_detail_004_kani=true&JigyosyoCd=1070104128-00&ServiceCd=110&Type=search" }, "geometry": { "type": "Point", "coordinates": [ 139.065667100000042, 36.3780555 ] } },
{ "type": "Feature", "properties": { "内容": "訪問介護　シンカイ【訪問介護】群馬県前橋市南町2－50－1轟ビル３０４", "url2": "https://www.kaigokensaku.mhlw.go.jp/10/index.php?action_kouhyou_detail_004_kani=true&JigyosyoCd=1070107337-00&ServiceCd=110&Type=search" }, "geometry": { "type": "Point", "coordinates": [ 139.066357679405428, 36.375410914727517 ] } },
{ "type": "Feature", "properties": { "内容": "ヘルパーステーションとなりんち【訪問介護】群馬県前橋市南町二丁目53番3号（2号棟）", "url2": "https://www.kaigokensaku.mhlw.go.jp/10/index.php?action_kouhyou_detail_004_kani=true&JigyosyoCd=1070108079-00&ServiceCd=110&Type=search" }, "geometry": { "type": "Point", "coordinates": [ 139.068216140271346, 36.375479267221465 ] } },
{ "type": "Feature", "properties": { "内容": "ヘルパーステーション蘭【訪問介護】群馬県前橋市日吉町4-19-20", "url2": "https://www.kaigokensaku.mhlw.go.jp/10/index.php?action_kouhyou_detail_004_kani=true&JigyosyoCd=1070108319-00&ServiceCd=110&Type=search" }, "geometry": { "type": "Point", "coordinates": [ 139.078749580387125, 36.40377504292865 ] } },
{ "type": "Feature", "properties": { "内容": "前橋市社会福祉協議会ヘルパーステーション【訪問介護】群馬県前橋市日吉町２－１７－１０前橋市総合福祉会館３階", "url2": "https://www.kaigokensaku.mhlw.go.jp/10/index.php?action_kouhyou_detail_004_kani=true&JigyosyoCd=1070100787-00&ServiceCd=110&Type=search" }, "geometry": { "type": "Point", "coordinates": [ 139.079629100000034, 36.3983141 ] } },
{ "type": "Feature", "properties": { "内容": "恵風園ホ－ムヘルパ－ステ－ション【訪問介護】群馬県前橋市日吉町２－２０－１４", "url2": "https://www.kaigokensaku.mhlw.go.jp/10/index.php?action_kouhyou_detail_004_kani=true&JigyosyoCd=1070100712-00&ServiceCd=110&Type=search" }, "geometry": { "type": "Point", "coordinates": [ 139.079490399999941, 36.3951617 ] } },
{ "type": "Feature", "properties": { "内容": "アイザワ訪問介護事業所【訪問介護】群馬県前橋市粕川町室沢672", "url2": "https://www.kaigokensaku.mhlw.go.jp/10/index.php?action_kouhyou_detail_004_kani=true&JigyosyoCd=1070104359-00&ServiceCd=110&Type=search" }, "geometry": { "type": "Point", "coordinates": [ 139.207630077909812, 36.437986188121442 ] } },
{ "type": "Feature", "properties": { "内容": "訪問介護ステーションたなぼ【訪問介護】群馬県前橋市粕川町西田面１２０番地１", "url2": "https://www.kaigokensaku.mhlw.go.jp/10/index.php?action_kouhyou_detail_004_kani=true&JigyosyoCd=1070103971-00&ServiceCd=110&Type=search" }, "geometry": { "type": "Point", "coordinates": [ 139.2115073, 36.4133097 ] } },
{ "type": "Feature", "properties": { "内容": "訪問介護ステーションなずな【訪問介護】群馬県前橋市鼻毛石町629-9PIAS103PIAS103", "url2": "https://www.kaigokensaku.mhlw.go.jp/10/index.php?action_kouhyou_detail_004_kani=true&JigyosyoCd=1070108376-00&ServiceCd=110&Type=search" }, "geometry": { "type": "Point", "coordinates": [ 139.179673736699186, 36.437332793594408 ] } },
{ "type": "Feature", "properties": { "内容": "訪問介護ひまわり神沢の森【訪問介護】群馬県前橋市表町2-30-3ハーモニービル4F", "url2": "https://www.kaigokensaku.mhlw.go.jp/10/index.php?action_kouhyou_detail_004_kani=true&JigyosyoCd=1070106446-00&ServiceCd=110&Type=search" }, "geometry": { "type": "Point", "coordinates": [ 139.07077058795312, 36.383979531195031 ] } },
{ "type": "Feature", "properties": { "内容": "ヘルパーステーションかしの樹富士見【訪問介護】群馬県前橋市富士見町原之郷767-1", "url2": "https://www.kaigokensaku.mhlw.go.jp/10/index.php?action_kouhyou_detail_004_kani=true&JigyosyoCd=1070107568-00&ServiceCd=110&Type=search" }, "geometry": { "type": "Point", "coordinates": [ 139.06908420000002, 36.4428798 ] } },
{ "type": "Feature", "properties": { "内容": "ヘルパーステーション創春【訪問介護】群馬県前橋市富士見町原之郷９７５ゆめさき・２階", "url2": "https://www.kaigokensaku.mhlw.go.jp/10/index.php?action_kouhyou_detail_004_kani=true&JigyosyoCd=1072000688-00&ServiceCd=110&Type=search" }, "geometry": { "type": "Point", "coordinates": [ 139.066539400000011, 36.4345889 ] } },
{ "type": "Feature", "properties": { "内容": "ヘルパーステーションガイア【訪問介護】群馬県前橋市富士見町時沢８６６", "url2": "https://www.kaigokensaku.mhlw.go.jp/10/index.php?action_kouhyou_detail_004_kani=true&JigyosyoCd=1070107071-00&ServiceCd=110&Type=search" }, "geometry": { "type": "Point", "coordinates": [ 139.08742970000003, 36.426474100000014 ] } },
{ "type": "Feature", "properties": { "内容": "イデア訪問介護ステーション【訪問介護】群馬県前橋市富士見町小暮705-1", "url2": "https://www.kaigokensaku.mhlw.go.jp/10/index.php?action_kouhyou_detail_004_kani=true&JigyosyoCd=1070107154-00&ServiceCd=110&Type=search" }, "geometry": { "type": "Point", "coordinates": [ 139.102204069335926, 36.442639547863728 ] } },
{ "type": "Feature", "properties": { "内容": "すみれ荘ホームヘルパーステーション【訪問介護】群馬県前橋市富田町1180-1", "url2": "https://www.kaigokensaku.mhlw.go.jp/10/index.php?action_kouhyou_detail_004_kani=true&JigyosyoCd=1070100969-00&ServiceCd=110&Type=search" }, "geometry": { "type": "Point", "coordinates": [ 139.146308699999963, 36.3926945 ] } },
{ "type": "Feature", "properties": { "内容": "ヘルパーステーションかのん【訪問介護】群馬県前橋市北代田町24－1エスメゾンアドニスA103", "url2": "https://www.kaigokensaku.mhlw.go.jp/10/index.php?action_kouhyou_detail_004_kani=true&JigyosyoCd=1070104854-00&ServiceCd=110&Type=search" }, "geometry": { "type": "Point", "coordinates": [ 139.067234049559829, 36.416020082158042 ] } },
{ "type": "Feature", "properties": { "内容": "訪問介護ステーション　アリエ北代田【訪問介護】群馬県前橋市北代田町311-1", "url2": "https://www.kaigokensaku.mhlw.go.jp/10/index.php?action_kouhyou_detail_004_kani=true&JigyosyoCd=1070107063-00&ServiceCd=110&Type=search" }, "geometry": { "type": "Point", "coordinates": [ 139.070168100000046, 36.4137338 ] } },
{ "type": "Feature", "properties": { "内容": "福システム株式会社【訪問介護】群馬県前橋市堀之下町２１３－１", "url2": "https://www.kaigokensaku.mhlw.go.jp/10/index.php?action_kouhyou_detail_004_kani=true&JigyosyoCd=1070100050-00&ServiceCd=110&Type=search" }, "geometry": { "type": "Point", "coordinates": [ 139.12480396864774, 36.393112293958687 ] } },
{ "type": "Feature", "properties": { "内容": "株式会社小池ケアサービス【訪問介護】群馬県前橋市本町三丁目1番２３号", "url2": "https://www.kaigokensaku.mhlw.go.jp/10/index.php?action_kouhyou_detail_004_kani=true&JigyosyoCd=1070100068-00&ServiceCd=110&Type=search" }, "geometry": { "type": "Point", "coordinates": [ 139.074074331877114, 36.387914386269102 ] } },
{ "type": "Feature", "properties": { "内容": "リカバリーケアあびりてぃ【訪問介護】群馬県前橋市問屋町一丁目４番２号富田貸店舗東", "url2": "https://www.kaigokensaku.mhlw.go.jp/10/index.php?action_kouhyou_detail_004_kani=true&JigyosyoCd=1070106941-00&ServiceCd=110&Type=search" }, "geometry": { "type": "Point", "coordinates": [ 139.041037559509277, 36.393549787675752 ] } },
{ "type": "Feature", "properties": { "内容": "ニチイケアセンター前橋【訪問介護】群馬県前橋市六供町3-34-7", "url2": "https://www.kaigokensaku.mhlw.go.jp/10/index.php?action_kouhyou_detail_004_kani=true&JigyosyoCd=1070102122-00&ServiceCd=110&Type=search" }, "geometry": { "type": "Point", "coordinates": [ 139.075746935581975, 36.365950017421987 ] } },
{ "type": "Feature", "properties": { "内容": "ヘルパーステーション　律の樹【訪問介護】群馬県前橋市六供町2丁目1番地1ヴィラエスポワール405号ヴィラ・エスポワール405号", "url2": "https://www.kaigokensaku.mhlw.go.jp/10/index.php?action_kouhyou_detail_004_kani=true&JigyosyoCd=1070107576-00&ServiceCd=110&Type=search" }, "geometry": { "type": "Point", "coordinates": [ 139.0687891, 36.37242 ] } },
{ "type": "Feature", "properties": { "内容": "訪問介護事業所あやめの郷　前橋総社町【訪問介護】総社町二丁目14-16", "url2": "https://www.kaigokensaku.mhlw.go.jp/10/index.php?action_kouhyou_detail_004_kani=true&JigyosyoCd=1070108608-00&ServiceCd=110&Type=search" }, "geometry": { "type": "Point", "coordinates": [ 139.041967199999988, 36.4037826 ] } },
{ "type": "Feature", "properties": { "内容": "ヘルパーステーションこころケア前橋朝倉【訪問介護】群馬県前橋市朝倉町253-1", "url2": "https://www.kaigokensaku.mhlw.go.jp/10/index.php?action_kouhyou_detail_004_kani=true&JigyosyoCd=1070108764-00&ServiceCd=110&Type=search" }, "geometry": { "type": "Point", "coordinates": [ 139.0904729, 36.3649169 ] } },
{ "type": "Feature", "properties": { "内容": "ヘルパーステーションすまいる【訪問介護】群馬県前橋市粕川町深津1938-23", "url2": "https://www.kaigokensaku.mhlw.go.jp/10/index.php?action_kouhyou_detail_004_kani=true&JigyosyoCd=1070108517-00&ServiceCd=110&Type=search" }, "geometry": { "type": "Point", "coordinates": [ 139.192130499999962, 36.398344799999975 ] } },
{ "type": "Feature", "properties": { "内容": "訪問介護ステーション利楽まえばし【訪問介護】群馬県前橋市上泉町3457-7小川コーポ１０１", "url2": "https://www.kaigokensaku.mhlw.go.jp/10/index.php?action_kouhyou_detail_004_kani=true&JigyosyoCd=1070109127-00&ServiceCd=110&Type=search" }, "geometry": { "type": "Point", "coordinates": [ 139.1184446, 36.3987274 ] } },
{ "type": "Feature", "properties": { "内容": "こころや田口訪問介護【訪問介護】群馬県前橋市田口町551－1", "url2": "https://www.kaigokensaku.mhlw.go.jp/10/index.php?action_kouhyou_detail_004_kani=true&JigyosyoCd=1070105687-00&ServiceCd=110&Type=search" }, "geometry": { "type": "Point", "coordinates": [ 139.05034929870294, 36.447508660010683 ] } },
{ "type": "Feature", "properties": { "内容": "こころや荒牧訪問介護【訪問介護】群馬県前橋市荒牧町2-28-4", "url2": "https://www.kaigokensaku.mhlw.go.jp/10/index.php?action_kouhyou_detail_004_kani=true&JigyosyoCd=1070105588-00&ServiceCd=110&Type=search" }, "geometry": { "type": "Point", "coordinates": [ 139.054477944844024, 36.423726122510686 ] } },
{ "type": "Feature", "properties": { "内容": "カピリナ訪問介護【訪問介護】群馬県前橋市日吉町4-22-5藤コーポ103", "url2": "https://www.kaigokensaku.mhlw.go.jp/10/index.php?action_kouhyou_detail_004_kani=true&JigyosyoCd=1070108756-00&ServiceCd=110&Type=search" }, "geometry": { "type": "Point", "coordinates": [ 139.076708, 36.4035765 ] } },
{ "type": "Feature", "properties": { "内容": "ほうもんかいごみち【訪問介護】群馬県前橋市亀里町1201-3メゾン６２　１０１", "url2": "https://www.kaigokensaku.mhlw.go.jp/10/index.php?action_kouhyou_detail_004_kani=true&JigyosyoCd=1070108574-00&ServiceCd=110&Type=search" }, "geometry": { "type": "Point", "coordinates": [ 139.091836699999988, 36.345763 ] } },
{ "type": "Feature", "properties": { "内容": "ヘルパーステーションケアノア【訪問介護】群馬県前橋市箱田町1215-17タウンパレス大利根A3", "url2": "https://www.kaigokensaku.mhlw.go.jp/10/index.php?action_kouhyou_detail_004_kani=true&JigyosyoCd=1070108673-00&ServiceCd=110&Type=search" }, "geometry": { "type": "Point", "coordinates": [ 139.0557403, 36.3613584 ] } },
{ "type": "Feature", "properties": { "内容": "訪問介護ステーションくれよん　前橋事業所【訪問介護】群馬県前橋市元総社町１５７－１ＤＳハイツ　１０１号", "url2": "https://www.kaigokensaku.mhlw.go.jp/10/index.php?action_kouhyou_detail_004_kani=true&JigyosyoCd=1070102908-00&ServiceCd=110&Type=search" }, "geometry": { "type": "Point", "coordinates": [ 139.048719300000016, 36.3817443 ] } },
{ "type": "Feature", "properties": { "内容": "ヘルパーステーションらいと【訪問介護】群馬県前橋市小島田町494-4", "url2": "https://www.kaigokensaku.mhlw.go.jp/10/index.php?action_kouhyou_detail_004_kani=true&JigyosyoCd=1070108681-00&ServiceCd=110&Type=search" }, "geometry": { "type": "Point", "coordinates": [ 139.1361966, 36.3736267 ] } },
{ "type": "Feature", "properties": { "内容": "けあビジョン前橋【訪問介護】群馬県前橋市国領町2丁目１４－１前橋リリカ　２階", "url2": "https://www.kaigokensaku.mhlw.go.jp/10/index.php?action_kouhyou_detail_004_kani=true&JigyosyoCd=1070108210-00&ServiceCd=110&Type=search" }, "geometry": { "type": "Point", "coordinates": [ 139.067903800000011, 36.4046392 ] } },
{ "type": "Feature", "properties": { "内容": "ほのぼの荘ホームヘルパーステーション【訪問介護】群馬県前橋市金丸町252-1", "url2": "https://www.kaigokensaku.mhlw.go.jp/10/index.php?action_kouhyou_detail_004_kani=true&JigyosyoCd=1070100639-00&ServiceCd=110&Type=search" }, "geometry": { "type": "Point", "coordinates": [ 139.125477300000057, 36.4684755 ] } },
{ "type": "Feature", "properties": { "内容": "居安楽【訪問介護】群馬県高崎市並榎町213番地", "url2": "https://www.kaigokensaku.mhlw.go.jp/10/index.php?action_kouhyou_detail_004_kani=true&JigyosyoCd=1070207434-00&ServiceCd=110&Type=search" }, "geometry": { "type": "Point", "coordinates": [ 138.9922507, 36.3361414 ] } },
{ "type": "Feature", "properties": { "内容": "スマイルTKG【訪問介護】群馬県高崎市筑縄町4-11-203", "url2": "https://www.kaigokensaku.mhlw.go.jp/10/index.php?action_kouhyou_detail_004_kani=true&JigyosyoCd=1070207806-00&ServiceCd=110&Type=search" }, "geometry": { "type": "Point", "coordinates": [ 138.987752795219421, 36.348453121533446 ] } },
{ "type": "Feature", "properties": { "内容": "葵【訪問介護】群馬県高崎市下佐野町１０４７番地８", "url2": "https://www.kaigokensaku.mhlw.go.jp/10/index.php?action_kouhyou_detail_004_kani=true&JigyosyoCd=1070207830-00&ServiceCd=110&Type=search" }, "geometry": { "type": "Point", "coordinates": [ 139.030066303041082, 36.291909424355687 ] } },
{ "type": "Feature", "properties": { "内容": "ヘルパーステーションひびき【訪問介護】群馬県高崎市和田多中町358-１1号", "url2": "https://www.kaigokensaku.mhlw.go.jp/10/index.php?action_kouhyou_detail_004_kani=true&JigyosyoCd=1070206972-00&ServiceCd=110&Type=search" }, "geometry": { "type": "Point", "coordinates": [ 139.024829500000038, 36.297459099999983 ] } },
{ "type": "Feature", "properties": { "内容": "訪問介護ステーションわかば小八木事業所【訪問介護】群馬県高崎市小八木町884-2", "url2": "https://www.kaigokensaku.mhlw.go.jp/10/index.php?action_kouhyou_detail_004_kani=true&JigyosyoCd=1070207939-00&ServiceCd=110&Type=search" }, "geometry": { "type": "Point", "coordinates": [ 139.0145054, 36.3583854 ] } },
{ "type": "Feature", "properties": { "内容": "訪問介護支援Ｌｅａｆ【訪問介護】群馬県高崎市新町1765番地1笛木第二マンション402号", "url2": "https://www.kaigokensaku.mhlw.go.jp/10/index.php?action_kouhyou_detail_004_kani=true&JigyosyoCd=1070207749-00&ServiceCd=110&Type=search" }, "geometry": { "type": "Point", "coordinates": [ 139.1052898, 36.2677342 ] } },
{ "type": "Feature", "properties": { "内容": "訪問介護ステーション　ちくば【訪問介護】正観寺町430-1", "url2": "https://www.kaigokensaku.mhlw.go.jp/10/index.php?action_kouhyou_detail_004_kani=true&JigyosyoCd=1070207996-00&ServiceCd=110&Type=search" }, "geometry": { "type": "Point", "coordinates": [ 139.0173378, 36.3705597 ] } },
{ "type": "Feature", "properties": { "内容": "アースサポート高崎【訪問介護】群馬県高崎市井野町178番地18", "url2": "https://www.kaigokensaku.mhlw.go.jp/10/index.php?action_kouhyou_detail_004_kani=true&JigyosyoCd=1070201940-00&ServiceCd=110&Type=search" }, "geometry": { "type": "Point", "coordinates": [ 139.022163399999954, 36.356168 ] } },
{ "type": "Feature", "properties": { "内容": "訪問介護ウェルビ井野【訪問介護】群馬県高崎市井野町376", "url2": "https://www.kaigokensaku.mhlw.go.jp/10/index.php?action_kouhyou_detail_004_kani=true&JigyosyoCd=1070203987-00&ServiceCd=110&Type=search" }, "geometry": { "type": "Point", "coordinates": [ 139.025801799999982, 36.359773300000015 ] } },
{ "type": "Feature", "properties": { "内容": "あんしん介護【訪問介護】群馬県高崎市稲荷町12-16", "url2": "https://www.kaigokensaku.mhlw.go.jp/10/index.php?action_kouhyou_detail_004_kani=true&JigyosyoCd=1070201957-00&ServiceCd=110&Type=search" }, "geometry": { "type": "Point", "coordinates": [ 139.017994700000031, 36.3379501 ] } },
{ "type": "Feature", "properties": { "内容": "ホームヘルパーステーション榛名荘【訪問介護】群馬県高崎市下室田町965-1", "url2": "https://www.kaigokensaku.mhlw.go.jp/10/index.php?action_kouhyou_detail_004_kani=true&JigyosyoCd=1072100868-00&ServiceCd=110&Type=search" }, "geometry": { "type": "Point", "coordinates": [ 138.8821825, 36.382314 ] } },
{ "type": "Feature", "properties": { "内容": "ニチイケアセンタ－高崎【訪問介護】群馬県高崎市下小鳥町７３５大原ビル１F", "url2": "https://www.kaigokensaku.mhlw.go.jp/10/index.php?action_kouhyou_detail_004_kani=true&JigyosyoCd=1070200546-00&ServiceCd=110&Type=search" }, "geometry": { "type": "Point", "coordinates": [ 138.996276099999932, 36.3537425 ] } },
{ "type": "Feature", "properties": { "内容": "ほうもんかいごけやき【訪問介護】群馬県高崎市下中居町108番地3", "url2": "https://www.kaigokensaku.mhlw.go.jp/10/index.php?action_kouhyou_detail_004_kani=true&JigyosyoCd=1070206030-00&ServiceCd=110&Type=search" }, "geometry": { "type": "Point", "coordinates": [ 139.037806023556527, 36.309960908362015 ] } },
{ "type": "Feature", "properties": { "内容": "パナケア真中(株)介護ステーション中居【訪問介護】群馬県高崎市下中居町109-1トータルケアセンターまなか", "url2": "https://www.kaigokensaku.mhlw.go.jp/10/index.php?action_kouhyou_detail_004_kani=true&JigyosyoCd=1070204597-00&ServiceCd=110&Type=search" }, "geometry": { "type": "Point", "coordinates": [ 139.036966200000052, 36.3094683 ] } },
{ "type": "Feature", "properties": { "内容": "訪問介護事業所みかん色【訪問介護】群馬県高崎市下里見町978-1", "url2": "https://www.kaigokensaku.mhlw.go.jp/10/index.php?action_kouhyou_detail_004_kani=true&JigyosyoCd=1070207392-00&ServiceCd=110&Type=search" }, "geometry": { "type": "Point", "coordinates": [ 138.9334877, 36.3535272 ] } },
{ "type": "Feature", "properties": { "内容": "三恵ホームヘルプステーション【訪問介護】群馬県高崎市東貝沢町2-16-6", "url2": "https://www.kaigokensaku.mhlw.go.jp/10/index.php?action_kouhyou_detail_004_kani=true&JigyosyoCd=1070200728-00&ServiceCd=110&Type=search" }, "geometry": { "type": "Point", "coordinates": [ 139.031078400000041, 36.346344 ] } },
{ "type": "Feature", "properties": { "内容": "ヘルパーステーションかのん【訪問介護】群馬県高崎市菊地町154-1ツインKG203", "url2": "https://www.kaigokensaku.mhlw.go.jp/10/index.php?action_kouhyou_detail_004_kani=true&JigyosyoCd=1070207467-00&ServiceCd=110&Type=search" }, "geometry": { "type": "Point", "coordinates": [ 138.96548950470924, 36.362476388427197 ] } },
{ "type": "Feature", "properties": { "内容": "ベタークオール訪問介護ステーション【訪問介護】群馬県高崎市吉井町吉井４１８－１", "url2": "https://www.kaigokensaku.mhlw.go.jp/10/index.php?action_kouhyou_detail_004_kani=true&JigyosyoCd=1072300377-00&ServiceCd=110&Type=search" }, "geometry": { "type": "Point", "coordinates": [ 138.9839541, 36.2569641 ] } },
{ "type": "Feature", "properties": { "内容": "恵峰園ホームヘルプサービス【訪問介護】群馬県高崎市京目町１６３２－１", "url2": "https://www.kaigokensaku.mhlw.go.jp/10/index.php?action_kouhyou_detail_004_kani=true&JigyosyoCd=1070200520-00&ServiceCd=110&Type=search" }, "geometry": { "type": "Point", "coordinates": [ 139.053299700000025, 36.3482974 ] } },
{ "type": "Feature", "properties": { "内容": "訪問介護　ひろろ【訪問介護】群馬県高崎市京目町390", "url2": "https://www.kaigokensaku.mhlw.go.jp/10/index.php?action_kouhyou_detail_004_kani=true&JigyosyoCd=1070207319-00&ServiceCd=110&Type=search" }, "geometry": { "type": "Point", "coordinates": [ 139.061455069018251, 36.346030445969006 ] } },
{ "type": "Feature", "properties": { "内容": "希望館ホームヘルプサービス【訪問介護】群馬県高崎市江木町1094-1", "url2": "https://www.kaigokensaku.mhlw.go.jp/10/index.php?action_kouhyou_detail_004_kani=true&JigyosyoCd=1070200488-00&ServiceCd=110&Type=search" }, "geometry": { "type": "Point", "coordinates": [ 139.02065570000002, 36.3361253 ] } },
{ "type": "Feature", "properties": { "内容": "ヘルパーステーション　ファイン高崎【訪問介護】群馬県高崎市江木町1511番地", "url2": "https://www.kaigokensaku.mhlw.go.jp/10/index.php?action_kouhyou_detail_004_kani=true&JigyosyoCd=1070204522-00&ServiceCd=110&Type=search" }, "geometry": { "type": "Point", "coordinates": [ 139.02682470000002, 36.333245 ] } },
{ "type": "Feature", "properties": { "内容": "訪問介護ステーションわかば高崎事業所【訪問介護】群馬県高崎市江木町86-5", "url2": "https://www.kaigokensaku.mhlw.go.jp/10/index.php?action_kouhyou_detail_004_kani=true&JigyosyoCd=1070201809-00&ServiceCd=110&Type=search" }, "geometry": { "type": "Point", "coordinates": [ 139.022339200000033, 36.327234 ] } },
{ "type": "Feature", "properties": { "内容": "訪問介護ステーションわかば榛名事業所【訪問介護】群馬県高崎市高浜町1027-11", "url2": "https://www.kaigokensaku.mhlw.go.jp/10/index.php?action_kouhyou_detail_004_kani=true&JigyosyoCd=1072100702-00&ServiceCd=110&Type=search" }, "geometry": { "type": "Point", "coordinates": [ 138.929100699999907, 36.3767464 ] } },
{ "type": "Feature", "properties": { "内容": "訪問介護ステーションりぼん【訪問介護】群馬県高崎市寺尾町2621-18", "url2": "https://www.kaigokensaku.mhlw.go.jp/10/index.php?action_kouhyou_detail_004_kani=true&JigyosyoCd=1070204159-00&ServiceCd=110&Type=search" }, "geometry": { "type": "Point", "coordinates": [ 139.005360258860719, 36.303712333070841 ] } },
{ "type": "Feature", "properties": { "内容": "訪問介護ウェルビ寺尾【訪問介護】群馬県高崎市寺尾町3-1", "url2": "https://www.kaigokensaku.mhlw.go.jp/10/index.php?action_kouhyou_detail_004_kani=true&JigyosyoCd=1070201213-00&ServiceCd=110&Type=search" }, "geometry": { "type": "Point", "coordinates": [ 139.004216600000063, 36.302034800000015 ] } },
{ "type": "Feature", "properties": { "内容": "ハートフル【訪問介護】群馬県高崎市寺尾町913-1", "url2": "https://www.kaigokensaku.mhlw.go.jp/10/index.php?action_kouhyou_detail_004_kani=true&JigyosyoCd=1070200249-00&ServiceCd=110&Type=search" }, "geometry": { "type": "Point", "coordinates": [ 139.018036338745105, 36.295086261137683 ] } },
{ "type": "Feature", "properties": { "内容": "ホームヘルパーステーション　いきいき【訪問介護】群馬県高崎市上滝町937番地1号いきいきハウス中屋敷", "url2": "https://www.kaigokensaku.mhlw.go.jp/10/index.php?action_kouhyou_detail_004_kani=true&JigyosyoCd=1070201973-00&ServiceCd=110&Type=search" }, "geometry": { "type": "Point", "coordinates": [ 139.073757, 36.3213329 ] } },
{ "type": "Feature", "properties": { "内容": "ヘルパーステーションレインボー【訪問介護】群馬県高崎市上中居町1454-1高齢者住宅虹の家", "url2": "https://www.kaigokensaku.mhlw.go.jp/10/index.php?action_kouhyou_detail_004_kani=true&JigyosyoCd=1070200678-00&ServiceCd=110&Type=search" }, "geometry": { "type": "Point", "coordinates": [ 139.033839626597569, 36.325556152266714 ] } },
{ "type": "Feature", "properties": { "内容": "介護事業所みっれ高崎【訪問介護】群馬県高崎市上中居町423番地13garagehousekaminakai", "url2": "https://www.kaigokensaku.mhlw.go.jp/10/index.php?action_kouhyou_detail_004_kani=true&JigyosyoCd=1070207335-00&ServiceCd=110&Type=search" }, "geometry": { "type": "Point", "coordinates": [ 139.007132699999971, 36.321970708779496 ] } },
{ "type": "Feature", "properties": { "内容": "ニチイケアセンター高崎かみなかい【訪問介護】群馬県高崎市上中居町886-3", "url2": "https://www.kaigokensaku.mhlw.go.jp/10/index.php?action_kouhyou_detail_004_kani=true&JigyosyoCd=1070206923-00&ServiceCd=110&Type=search" }, "geometry": { "type": "Point", "coordinates": [ 139.03536859999997, 36.3164788 ] } },
{ "type": "Feature", "properties": { "内容": "訪問介護ステーションわかば豊岡事業所【訪問介護】群馬県高崎市上豊岡町296-5", "url2": "https://www.kaigokensaku.mhlw.go.jp/10/index.php?action_kouhyou_detail_004_kani=true&JigyosyoCd=1070202559-00&ServiceCd=110&Type=search" }, "geometry": { "type": "Point", "coordinates": [ 138.964385421941387, 36.334651650678737 ] } },
{ "type": "Feature", "properties": { "内容": "ふぁみりぃはんず【訪問介護】群馬県高崎市新後閑町8-7", "url2": "https://www.kaigokensaku.mhlw.go.jp/10/index.php?action_kouhyou_detail_004_kani=true&JigyosyoCd=1070205404-00&ServiceCd=110&Type=search" }, "geometry": { "type": "Point", "coordinates": [ 139.014591617860447, 36.310729136168064 ] } },
{ "type": "Feature", "properties": { "内容": "ネコロボマン訪問介護高崎店【訪問介護】群馬県高崎市江木町１６５５-1モンタフォン１０２号室", "url2": "https://www.kaigokensaku.mhlw.go.jp/10/index.php?action_kouhyou_detail_004_kani=true&JigyosyoCd=1070208044-00&ServiceCd=110&Type=search" }, "geometry": { "type": "Point", "coordinates": [ 139.0288404, 36.3314845 ] } },
{ "type": "Feature", "properties": { "内容": "訪問介護事業所ネスル高崎【訪問介護】群馬県高崎市新町354-1グランドメゾンA105", "url2": "https://www.kaigokensaku.mhlw.go.jp/10/index.php?action_kouhyou_detail_004_kani=true&JigyosyoCd=1070208077-00&ServiceCd=110&Type=search" }, "geometry": { "type": "Point", "coordinates": [ 139.113190434918238, 36.275795184454608 ] } },
{ "type": "Feature", "properties": { "内容": "訪問介護ステーション花みづき【訪問介護】群馬県高崎市新町2149-15", "url2": "https://www.kaigokensaku.mhlw.go.jp/10/index.php?action_kouhyou_detail_004_kani=true&JigyosyoCd=1070203870-00&ServiceCd=110&Type=search" }, "geometry": { "type": "Point", "coordinates": [ 139.107378899999958, 36.273326099999984 ] } },
{ "type": "Feature", "properties": { "内容": "アズケアスタッフ　新町【訪問介護】群馬県高崎市新町3148番地", "url2": "https://www.kaigokensaku.mhlw.go.jp/10/index.php?action_kouhyou_detail_004_kani=true&JigyosyoCd=1072300336-00&ServiceCd=110&Type=search" }, "geometry": { "type": "Point", "coordinates": [ 139.114684067438986, 36.277276081732403 ] } },
{ "type": "Feature", "properties": { "内容": "介護サービス優【訪問介護】群馬県高崎市新保町１６５－３シルバーマンション高崎", "url2": "https://www.kaigokensaku.mhlw.go.jp/10/index.php?action_kouhyou_detail_004_kani=true&JigyosyoCd=1070205586-00&ServiceCd=110&Type=search" }, "geometry": { "type": "Point", "coordinates": [ 139.037387708598317, 36.34578322878307 ] } },
{ "type": "Feature", "properties": { "内容": "訪問介護ステーション　アリエ【訪問介護】群馬県高崎市菅谷町20-185", "url2": "https://www.kaigokensaku.mhlw.go.jp/10/index.php?action_kouhyou_detail_004_kani=true&JigyosyoCd=1070203805-00&ServiceCd=110&Type=search" }, "geometry": { "type": "Point", "coordinates": [ 139.019462800000042, 36.3799291 ] } },
{ "type": "Feature", "properties": { "内容": "四つ葉のクローバー西島【訪問介護】群馬県高崎市西島町365番地住宅型有料老人ホーム", "url2": "https://www.kaigokensaku.mhlw.go.jp/10/index.php?action_kouhyou_detail_004_kani=true&JigyosyoCd=1070207285-00&ServiceCd=110&Type=search" }, "geometry": { "type": "Point", "coordinates": [ 139.048983360852048, 36.342770473349645 ] } },
{ "type": "Feature", "properties": { "内容": "居宅介護事業所AQUA【訪問介護】群馬県高崎市大八木町168-1", "url2": "https://www.kaigokensaku.mhlw.go.jp/10/index.php?action_kouhyou_detail_004_kani=true&JigyosyoCd=1070206873-00&ServiceCd=110&Type=search" }, "geometry": { "type": "Point", "coordinates": [ 138.992836500000067, 36.3605702 ] } },
{ "type": "Feature", "properties": { "内容": "訪問介護ステーション　かのん【訪問介護】群馬県高崎市筑縄町番地２０番地１６オフィス筑縄２０１", "url2": "https://www.kaigokensaku.mhlw.go.jp/10/index.php?action_kouhyou_detail_004_kani=true&JigyosyoCd=1070204035-00&ServiceCd=110&Type=search" }, "geometry": { "type": "Point", "coordinates": [ 138.990193200000022, 36.3503231 ] } },
{ "type": "Feature", "properties": { "内容": "ヘルパーハウスさくらんぼ【訪問介護】群馬県高崎市筑縄町４番地１２", "url2": "https://www.kaigokensaku.mhlw.go.jp/10/index.php?action_kouhyou_detail_004_kani=true&JigyosyoCd=1070207343-00&ServiceCd=110&Type=search" }, "geometry": { "type": "Point", "coordinates": [ 138.9878768, 36.3481058 ] } },
{ "type": "Feature", "properties": { "内容": "ヘルパーステーションくろさわ【訪問介護】群馬県高崎市中居町４－３－２５ラ・ヴィオラ中居", "url2": "https://www.kaigokensaku.mhlw.go.jp/10/index.php?action_kouhyou_detail_004_kani=true&JigyosyoCd=1070200199-00&ServiceCd=110&Type=search" }, "geometry": { "type": "Point", "coordinates": [ 139.035905, 36.3152875 ] } },
{ "type": "Feature", "properties": { "内容": "ホームヘルプステーション　フィリアほほえみ【訪問介護】群馬県高崎市中室田町２２５２番地", "url2": "https://www.kaigokensaku.mhlw.go.jp/10/index.php?action_kouhyou_detail_004_kani=true&JigyosyoCd=1072100124-00&ServiceCd=110&Type=search" }, "geometry": { "type": "Point", "coordinates": [ 138.859909099999982, 36.3967623 ] } },
{ "type": "Feature", "properties": { "内容": "ヘルパーステーションケアすまいる【訪問介護】群馬県高崎市中泉町610-3", "url2": "https://www.kaigokensaku.mhlw.go.jp/10/index.php?action_kouhyou_detail_004_kani=true&JigyosyoCd=1070207145-00&ServiceCd=110&Type=search" }, "geometry": { "type": "Point", "coordinates": [ 139.0031611, 36.371164 ] } },
{ "type": "Feature", "properties": { "内容": "ヘルパーステーションひらかわ【訪問介護】群馬県高崎市中里見町604－1有料老人ホームひらかわ", "url2": "https://www.kaigokensaku.mhlw.go.jp/10/index.php?action_kouhyou_detail_004_kani=true&JigyosyoCd=1070203599-00&ServiceCd=110&Type=search" }, "geometry": { "type": "Point", "coordinates": [ 138.9040314, 36.367710400000014 ] } },
{ "type": "Feature", "properties": { "内容": "四つ葉のクローバー中里【訪問介護】群馬県高崎市中里町220-1", "url2": "https://www.kaigokensaku.mhlw.go.jp/10/index.php?action_kouhyou_detail_004_kani=true&JigyosyoCd=1070207368-00&ServiceCd=110&Type=search" }, "geometry": { "type": "Point", "coordinates": [ 138.9845474, 36.3931157 ] } },
{ "type": "Feature", "properties": { "内容": "プレイフル【訪問介護】群馬県高崎市東貝沢町1丁目21－17", "url2": "https://www.kaigokensaku.mhlw.go.jp/10/index.php?action_kouhyou_detail_004_kani=true&JigyosyoCd=1070207053-00&ServiceCd=110&Type=search" }, "geometry": { "type": "Point", "coordinates": [ 139.034909610414786, 36.342916432704222 ] } },
{ "type": "Feature", "properties": { "内容": "孔子支援事業所【訪問介護】群馬県高崎市棟高町１３１３番地１アネックス県央B101号", "url2": "https://www.kaigokensaku.mhlw.go.jp/10/index.php?action_kouhyou_detail_004_kani=true&JigyosyoCd=1070206097-00&ServiceCd=110&Type=search" }, "geometry": { "type": "Point", "coordinates": [ 139.002404238623058, 36.389384475433907 ] } },
{ "type": "Feature", "properties": { "内容": "ヘルパーステーションワンツーワン南大類【訪問介護】群馬県高崎市南大類町569-8", "url2": "https://www.kaigokensaku.mhlw.go.jp/10/index.php?action_kouhyou_detail_004_kani=true&JigyosyoCd=1070205339-00&ServiceCd=110&Type=search" }, "geometry": { "type": "Point", "coordinates": [ 139.04402542142634, 36.323586234694162 ] } },
{ "type": "Feature", "properties": { "内容": "青い鳥【訪問介護】群馬県高崎市南大類町７１５－１", "url2": "https://www.kaigokensaku.mhlw.go.jp/10/index.php?action_kouhyou_detail_004_kani=true&JigyosyoCd=1070202872-00&ServiceCd=110&Type=search" }, "geometry": { "type": "Point", "coordinates": [ 139.041251500000044, 36.3247374 ] } },
{ "type": "Feature", "properties": { "内容": "訪問介護ステーションくらら【訪問介護】群馬県高崎市八千代町１丁目１２番地９号　1F", "url2": "https://www.kaigokensaku.mhlw.go.jp/10/index.php?action_kouhyou_detail_004_kani=true&JigyosyoCd=1070201197-00&ServiceCd=110&Type=search" }, "geometry": { "type": "Point", "coordinates": [ 138.992735, 36.3207261 ] } },
{ "type": "Feature", "properties": { "内容": "訪問介護ステーション　ソアレ【訪問介護】群馬県高崎市八幡原町980番地1", "url2": "https://www.kaigokensaku.mhlw.go.jp/10/index.php?action_kouhyou_detail_004_kani=true&JigyosyoCd=1070202849-00&ServiceCd=110&Type=search" }, "geometry": { "type": "Point", "coordinates": [ 139.092829993254099, 36.298756117029065 ] } },
{ "type": "Feature", "properties": { "内容": "訪問介護シー【訪問介護】群馬県高崎市飯塚町１０７番地", "url2": "https://www.kaigokensaku.mhlw.go.jp/10/index.php?action_kouhyou_detail_004_kani=true&JigyosyoCd=1070204001-00&ServiceCd=110&Type=search" }, "geometry": { "type": "Point", "coordinates": [ 138.998966806453382, 36.345670719243344 ] } },
{ "type": "Feature", "properties": { "内容": "ケアステーションあかし【訪問介護】群馬県高崎市飯塚町110番地2", "url2": "https://www.kaigokensaku.mhlw.go.jp/10/index.php?action_kouhyou_detail_004_kani=true&JigyosyoCd=1070205297-00&ServiceCd=110&Type=search" }, "geometry": { "type": "Point", "coordinates": [ 138.999681693452231, 36.34496017775448 ] } },
{ "type": "Feature", "properties": { "内容": "ホームヘルパーステーションはまかわ【訪問介護】群馬県高崎市浜川町1314番地", "url2": "https://www.kaigokensaku.mhlw.go.jp/10/index.php?action_kouhyou_detail_004_kani=true&JigyosyoCd=1070201239-00&ServiceCd=110&Type=search" }, "geometry": { "type": "Point", "coordinates": [ 138.9845848, 36.3707572 ] } },
{ "type": "Feature", "properties": { "内容": "パナケア真中株式会社　介護ステーション高崎【訪問介護】群馬県高崎市福島町752-13", "url2": "https://www.kaigokensaku.mhlw.go.jp/10/index.php?action_kouhyou_detail_004_kani=true&JigyosyoCd=1070200017-00&ServiceCd=110&Type=search" }, "geometry": { "type": "Point", "coordinates": [ 138.9983062, 36.3639138 ] } },
{ "type": "Feature", "properties": { "内容": "介護クラーク高崎【訪問介護】群馬県高崎市福島町773-4ReHOPE高崎", "url2": "https://www.kaigokensaku.mhlw.go.jp/10/index.php?action_kouhyou_detail_004_kani=true&JigyosyoCd=1070207483-00&ServiceCd=110&Type=search" }, "geometry": { "type": "Point", "coordinates": [ 138.99673150000001, 36.3687686 ] } },
{ "type": "Feature", "properties": { "内容": "スマイルケア高崎【訪問介護】群馬県高崎市並榎町463－20ハーヴェスト石橋1階", "url2": "https://www.kaigokensaku.mhlw.go.jp/10/index.php?action_kouhyou_detail_004_kani=true&JigyosyoCd=1070202906-00&ServiceCd=110&Type=search" }, "geometry": { "type": "Point", "coordinates": [ 138.992707600000017, 36.3326552 ] } },
{ "type": "Feature", "properties": { "内容": "ホームヘルプステーション関越中央【訪問介護】群馬県高崎市北原町179-1", "url2": "https://www.kaigokensaku.mhlw.go.jp/10/index.php?action_kouhyou_detail_004_kani=true&JigyosyoCd=1072100231-00&ServiceCd=110&Type=search" }, "geometry": { "type": "Point", "coordinates": [ 139.024680022782348, 36.404372875468397 ] } },
{ "type": "Feature", "properties": { "内容": "高崎社協中央訪問介護センター【訪問介護】群馬県高崎市末広町115番地1高崎市総合福祉センター内", "url2": "https://www.kaigokensaku.mhlw.go.jp/10/index.php?action_kouhyou_detail_004_kani=true&JigyosyoCd=1070205883-00&ServiceCd=110&Type=search" }, "geometry": { "type": "Point", "coordinates": [ 139.008567500000026, 36.3374748 ] } },
{ "type": "Feature", "properties": { "内容": "牧野ケアサービス【訪問介護】群馬県高崎市末広町92－7", "url2": "https://www.kaigokensaku.mhlw.go.jp/10/index.php?action_kouhyou_detail_004_kani=true&JigyosyoCd=1070200744-00&ServiceCd=110&Type=search" }, "geometry": { "type": "Point", "coordinates": [ 139.0072232, 36.3367999 ] } },
{ "type": "Feature", "properties": { "内容": "訪問介護ステーションみさと【訪問介護】群馬県高崎市箕郷町上芝４９５－１", "url2": "https://www.kaigokensaku.mhlw.go.jp/10/index.php?action_kouhyou_detail_004_kani=true&JigyosyoCd=1070202450-00&ServiceCd=110&Type=search" }, "geometry": { "type": "Point", "coordinates": [ 138.9592985185609, 36.381532287713256 ] } },
{ "type": "Feature", "properties": { "内容": "特別養護老人ホーム泉の園【訪問介護】群馬県高崎市箕郷町矢原12番地1", "url2": "https://www.kaigokensaku.mhlw.go.jp/10/index.php?action_kouhyou_detail_004_kani=true&JigyosyoCd=1072100132-00&ServiceCd=110&Type=search" }, "geometry": { "type": "Point", "coordinates": [ 138.962777800000026, 36.3972831 ] } },
{ "type": "Feature", "properties": { "内容": "ヘルパーステーションかしの樹木部【訪問介護】群馬県高崎市木部町201番地1", "url2": "https://www.kaigokensaku.mhlw.go.jp/10/index.php?action_kouhyou_detail_004_kani=true&JigyosyoCd=1070206410-00&ServiceCd=110&Type=search" }, "geometry": { "type": "Point", "coordinates": [ 139.04967970000007, 36.2830429 ] } },
{ "type": "Feature", "properties": { "内容": "訪問介護オハナ矢島町【訪問介護】群馬県高崎市矢島町742-1", "url2": "https://www.kaigokensaku.mhlw.go.jp/10/index.php?action_kouhyou_detail_004_kani=true&JigyosyoCd=1070204894-00&ServiceCd=110&Type=search" }, "geometry": { "type": "Point", "coordinates": [ 139.044541589549226, 36.340791021074331 ] } },
{ "type": "Feature", "properties": { "内容": "ヘルパーステーションかまくら【訪問介護】群馬県高崎市問屋町1-8-2", "url2": "https://www.kaigokensaku.mhlw.go.jp/10/index.php?action_kouhyou_detail_004_kani=true&JigyosyoCd=1070207194-00&ServiceCd=110&Type=search" }, "geometry": { "type": "Point", "coordinates": [ 139.007852500000013, 36.3492285 ] } },
{ "type": "Feature", "properties": { "内容": "eachother【訪問介護】群馬県高崎市和田多中町420-2", "url2": "https://www.kaigokensaku.mhlw.go.jp/10/index.php?action_kouhyou_detail_004_kani=true&JigyosyoCd=1070207293-00&ServiceCd=110&Type=search" }, "geometry": { "type": "Point", "coordinates": [ 139.01676296630734, 36.309206530536976 ] } },
{ "type": "Feature", "properties": { "内容": "ヘルパーステーションPLUS【訪問介護】群馬県高崎市棟高町1868-21OPTⅡ104号室", "url2": "https://www.kaigokensaku.mhlw.go.jp/10/index.php?action_kouhyou_detail_004_kani=true&JigyosyoCd=1070207236-00&ServiceCd=110&Type=search" }, "geometry": { "type": "Point", "coordinates": [ 139.0039553, 36.3822986 ] } },
{ "type": "Feature", "properties": { "内容": "ヘルパーステーションこやぎ【訪問介護】群馬県高崎市小八木町2035－4", "url2": "https://www.kaigokensaku.mhlw.go.jp/10/index.php?action_kouhyou_detail_004_kani=true&JigyosyoCd=1070204746-00&ServiceCd=110&Type=search" }, "geometry": { "type": "Point", "coordinates": [ 139.018305100000021, 36.3603675 ] } },
{ "type": "Feature", "properties": { "内容": "ヘルパーステーションわらび【訪問介護】群馬県高崎市引間町101番地12", "url2": "https://www.kaigokensaku.mhlw.go.jp/10/index.php?action_kouhyou_detail_004_kani=true&JigyosyoCd=1070207848-00&ServiceCd=110&Type=search" }, "geometry": { "type": "Point", "coordinates": [ 139.014608399999986, 36.3917287 ] } },
{ "type": "Feature", "properties": { "内容": "ベストライフ高崎訪問介護事業所【訪問介護】群馬県高崎市問屋町三丁目7番3", "url2": "https://www.kaigokensaku.mhlw.go.jp/10/index.php?action_kouhyou_detail_004_kani=true&JigyosyoCd=1070207855-00&ServiceCd=110&Type=search" }, "geometry": { "type": "Point", "coordinates": [ 139.013238, 36.3476584 ] } },
{ "type": "Feature", "properties": { "内容": "藍LOVE【訪問介護】群馬県高崎市上中居町1204", "url2": "https://www.kaigokensaku.mhlw.go.jp/10/index.php?action_kouhyou_detail_004_kani=true&JigyosyoCd=1070207723-00&ServiceCd=110&Type=search" }, "geometry": { "type": "Point", "coordinates": [ 139.0346889, 36.3190776 ] } },
{ "type": "Feature", "properties": { "内容": "訪問介護　おなや【訪問介護】群馬県高崎市菅谷町77-106", "url2": "https://www.kaigokensaku.mhlw.go.jp/10/index.php?action_kouhyou_detail_004_kani=true&JigyosyoCd=1070207780-00&ServiceCd=110&Type=search" }, "geometry": { "type": "Point", "coordinates": [ 139.012489, 36.381725 ] } },
{ "type": "Feature", "properties": { "内容": "ドット３６５高崎（訪問介護）【訪問介護】群馬県高崎市八千代町一丁目19番地13メゾンドール八千代201", "url2": "https://www.kaigokensaku.mhlw.go.jp/10/index.php?action_kouhyou_detail_004_kani=true&JigyosyoCd=1070207574-00&ServiceCd=110&Type=search" }, "geometry": { "type": "Point", "coordinates": [ 138.988231, 36.3240153 ] } },
{ "type": "Feature", "properties": { "内容": "こころや井野訪問介護【訪問介護】群馬県高崎市井野町１３１－３", "url2": "https://www.kaigokensaku.mhlw.go.jp/10/index.php?action_kouhyou_detail_004_kani=true&JigyosyoCd=1070203607-00&ServiceCd=110&Type=search" }, "geometry": { "type": "Point", "coordinates": [ 139.023296599999981, 36.3548904 ] } },
{ "type": "Feature", "properties": { "内容": "訪問介護ステーション　檸檬【訪問介護】群馬県高崎市箕郷町西明屋708-3訪問看護ステーションすみれ", "url2": "https://www.kaigokensaku.mhlw.go.jp/10/index.php?action_kouhyou_detail_004_kani=true&JigyosyoCd=1070207889-00&ServiceCd=110&Type=search" }, "geometry": { "type": "Point", "coordinates": [ 138.9548317, 36.3910905 ] } },
{ "type": "Feature", "properties": { "内容": "訪問介護事業所ハッピーハート高崎【訪問介護】群馬県高崎市緑町1-14-4クリエートビル２０１号室", "url2": "https://www.kaigokensaku.mhlw.go.jp/10/index.php?action_kouhyou_detail_004_kani=true&JigyosyoCd=1070207202-00&ServiceCd=110&Type=search" }, "geometry": { "type": "Point", "coordinates": [ 139.0012001, 36.3527126 ] } },
{ "type": "Feature", "properties": { "内容": "KALTA訪問介護【訪問介護】群馬県高崎市箕郷町生原12-1クリエイトヒルズ箕輪B-103号室", "url2": "https://www.kaigokensaku.mhlw.go.jp/10/index.php?action_kouhyou_detail_004_kani=true&JigyosyoCd=1070207681-00&ServiceCd=110&Type=search" }, "geometry": { "type": "Point", "coordinates": [ 138.9628126, 36.3925129 ] } },
{ "type": "Feature", "properties": { "内容": "四つ葉のクローバー浜尻【訪問介護】群馬県高崎市浜尻町942-1", "url2": "https://www.kaigokensaku.mhlw.go.jp/10/index.php?action_kouhyou_detail_004_kani=true&JigyosyoCd=1070203664-00&ServiceCd=110&Type=search" }, "geometry": { "type": "Point", "coordinates": [ 139.020041499999934, 36.3504185 ] } },
{ "type": "Feature", "properties": { "内容": "エースケアステーション高崎片岡町【訪問介護】群馬県高崎市片岡町1-2-2", "url2": "https://www.kaigokensaku.mhlw.go.jp/10/index.php?action_kouhyou_detail_004_kani=true&JigyosyoCd=1070207376-00&ServiceCd=110&Type=search" }, "geometry": { "type": "Point", "coordinates": [ 138.995742142327856, 36.321483199315885 ] } },
{ "type": "Feature", "properties": { "内容": "けあビジョン高崎【訪問介護】群馬県高崎市新田町３－８", "url2": "https://www.kaigokensaku.mhlw.go.jp/10/index.php?action_kouhyou_detail_004_kani=true&JigyosyoCd=1070203839-00&ServiceCd=110&Type=search" }, "geometry": { "type": "Point", "coordinates": [ 139.008473800000047, 36.3200756 ] } },
{ "type": "Feature", "properties": { "内容": "ヘルパーステーション　シニアの杜桐生【訪問介護】群馬県桐生市宮本町1－12－38シニアの杜桐生", "url2": "https://www.kaigokensaku.mhlw.go.jp/10/index.php?action_kouhyou_detail_004_kani=true&JigyosyoCd=1070302425-00&ServiceCd=110&Type=search" }, "geometry": { "type": "Point", "coordinates": [ 139.339425264417969, 36.414550418854141 ] } },
{ "type": "Feature", "properties": { "内容": "有限会社菜の花ケアサービス【訪問介護】群馬県桐生市境野町1丁目1138番地", "url2": "https://www.kaigokensaku.mhlw.go.jp/10/index.php?action_kouhyou_detail_004_kani=true&JigyosyoCd=1070301286-00&ServiceCd=110&Type=search" }, "geometry": { "type": "Point", "coordinates": [ 139.35216390000005, 36.3938974 ] } },
{ "type": "Feature", "properties": { "内容": "ゆとり訪問介護【訪問介護】群馬県桐生市境野町6丁目1711-4", "url2": "https://www.kaigokensaku.mhlw.go.jp/10/index.php?action_kouhyou_detail_004_kani=true&JigyosyoCd=1070303233-00&ServiceCd=110&Type=search" }, "geometry": { "type": "Point", "coordinates": [ 139.353893200000016, 36.3848049 ] } },
{ "type": "Feature", "properties": { "内容": "訪問介護花みずき【訪問介護】群馬県桐生市錦町一丁目５番１９号", "url2": "https://www.kaigokensaku.mhlw.go.jp/10/index.php?action_kouhyou_detail_004_kani=true&JigyosyoCd=1070301864-00&ServiceCd=110&Type=search" }, "geometry": { "type": "Point", "coordinates": [ 139.334485908904526, 36.405890262162345 ] } },
{ "type": "Feature", "properties": { "内容": "けあビジョン桐生【訪問介護】群馬県桐生市錦町2-10-29Kビル2階", "url2": "https://www.kaigokensaku.mhlw.go.jp/10/index.php?action_kouhyou_detail_004_kani=true&JigyosyoCd=1070302607-00&ServiceCd=110&Type=search" }, "geometry": { "type": "Point", "coordinates": [ 139.330721164994998, 36.404494551439029 ] } },
{ "type": "Feature", "properties": { "内容": "ヘルパーステーションひまわり【訪問介護】群馬県桐生市広沢町1-2725-1", "url2": "https://www.kaigokensaku.mhlw.go.jp/10/index.php?action_kouhyou_detail_004_kani=true&JigyosyoCd=1070302375-00&ServiceCd=110&Type=search" }, "geometry": { "type": "Point", "coordinates": [ 139.330326799999966, 36.3937974 ] } },
{ "type": "Feature", "properties": { "内容": "ヘルパーステーションカノン【訪問介護】群馬県桐生市広沢町１丁目2932-8アレイ若宮A-105", "url2": "https://www.kaigokensaku.mhlw.go.jp/10/index.php?action_kouhyou_detail_004_kani=true&JigyosyoCd=1070303415-00&ServiceCd=110&Type=search" }, "geometry": { "type": "Point", "coordinates": [ 139.324002900000011, 36.3961061 ] } },
{ "type": "Feature", "properties": { "内容": "ひかりヘルパーステーション【訪問介護】群馬県桐生市広沢町二丁目3146-6", "url2": "https://www.kaigokensaku.mhlw.go.jp/10/index.php?action_kouhyou_detail_004_kani=true&JigyosyoCd=1070301898-00&ServiceCd=110&Type=search" }, "geometry": { "type": "Point", "coordinates": [ 139.322455200000036, 36.3927475 ] } },
{ "type": "Feature", "properties": { "内容": "訪問介護ステーションわかば広沢事業所【訪問介護】桐生市広沢町間ノ島213-5", "url2": "https://www.kaigokensaku.mhlw.go.jp/10/index.php?action_kouhyou_detail_004_kani=true&JigyosyoCd=1070302920-00&ServiceCd=110&Type=search" }, "geometry": { "type": "Point", "coordinates": [ 139.3360414, 36.3892205 ] } },
{ "type": "Feature", "properties": { "内容": "中里会在宅介護サービスセンター【訪問介護】群馬県桐生市広沢町2丁目3400番地", "url2": "https://www.kaigokensaku.mhlw.go.jp/10/index.php?action_kouhyou_detail_004_kani=true&JigyosyoCd=1070300023-00&ServiceCd=110&Type=search" }, "geometry": { "type": "Point", "coordinates": [ 139.329635400000029, 36.3883312 ] } },
{ "type": "Feature", "properties": { "内容": "ローズヴィレッジケアセンター【訪問介護】群馬県l桐生市広沢町2丁目2953-13", "url2": "https://www.kaigokensaku.mhlw.go.jp/10/index.php?action_kouhyou_detail_004_kani=true&JigyosyoCd=1070303357-00&ServiceCd=110&Type=search" }, "geometry": { "type": "Point", "coordinates": [ 139.320747, 36.3953595 ] } },
{ "type": "Feature", "properties": { "内容": "社会福祉法人　邦知会　グレイス広沢【訪問介護】群馬県桐生市広沢町6-307-11", "url2": "https://www.kaigokensaku.mhlw.go.jp/10/index.php?action_kouhyou_detail_004_kani=true&JigyosyoCd=1070303316-00&ServiceCd=110&Type=search" }, "geometry": { "type": "Point", "coordinates": [ 139.3589742, 36.3718024 ] } },
{ "type": "Feature", "properties": { "内容": "やまぐちライフサポート彩-iRodori-【訪問介護】群馬県桐生市広沢町六丁目355番地", "url2": "https://www.kaigokensaku.mhlw.go.jp/10/index.php?action_kouhyou_detail_004_kani=true&JigyosyoCd=1070302524-00&ServiceCd=110&Type=search" }, "geometry": { "type": "Point", "coordinates": [ 139.357200899999953, 36.3735187 ] } },
{ "type": "Feature", "properties": { "内容": "介護サービスステーションめぐみ【訪問介護】群馬県桐生市新里町大久保６７番４", "url2": "https://www.kaigokensaku.mhlw.go.jp/10/index.php?action_kouhyou_detail_004_kani=true&JigyosyoCd=1070302011-00&ServiceCd=110&Type=search" }, "geometry": { "type": "Point", "coordinates": [ 139.234957200000053, 36.4390045 ] } },
{ "type": "Feature", "properties": { "内容": "ピア・サポート【訪問介護】群馬県桐生市川内町2丁目162番地6号", "url2": "https://www.kaigokensaku.mhlw.go.jp/10/index.php?action_kouhyou_detail_004_kani=true&JigyosyoCd=1070301831-00&ServiceCd=110&Type=search" }, "geometry": { "type": "Point", "coordinates": [ 139.309399690213013, 36.429323886907007 ] } },
{ "type": "Feature", "properties": { "内容": "いちばんぼし【訪問介護】群馬県桐生市川内町3丁目339-1", "url2": "https://www.kaigokensaku.mhlw.go.jp/10/index.php?action_kouhyou_detail_004_kani=true&JigyosyoCd=1070301211-00&ServiceCd=110&Type=search" }, "geometry": { "type": "Point", "coordinates": [ 139.302647871936074, 36.431633002821272 ] } },
{ "type": "Feature", "properties": { "内容": "ふれあい苑　恵【訪問介護】群馬県桐生市川内町5-22-1", "url2": "https://www.kaigokensaku.mhlw.go.jp/10/index.php?action_kouhyou_detail_004_kani=true&JigyosyoCd=1070302938-00&ServiceCd=110&Type=search" }, "geometry": { "type": "Point", "coordinates": [ 139.308100599999989, 36.4369198 ] } },
{ "type": "Feature", "properties": { "内容": "華の杜ケアステーション【訪問介護】群馬県桐生市川内町5-333-7", "url2": "https://www.kaigokensaku.mhlw.go.jp/10/index.php?action_kouhyou_detail_004_kani=true&JigyosyoCd=1070300825-00&ServiceCd=110&Type=search" }, "geometry": { "type": "Point", "coordinates": [ 139.305320299999948, 36.4380724 ] } },
{ "type": "Feature", "properties": { "内容": "コープケアあいおい訪問介護【訪問介護】群馬県桐生市相生町一丁目11３－１", "url2": "https://www.kaigokensaku.mhlw.go.jp/10/index.php?action_kouhyou_detail_004_kani=true&JigyosyoCd=1070303050-00&ServiceCd=110&Type=search" }, "geometry": { "type": "Point", "coordinates": [ 139.319852402516176, 36.40664854547164 ] } },
{ "type": "Feature", "properties": { "内容": "ヘルパーゆうあいセンター【訪問介護】群馬県桐生市相生町1-610－1特別養護老人ホーム山笑", "url2": "https://www.kaigokensaku.mhlw.go.jp/10/index.php?action_kouhyou_detail_004_kani=true&JigyosyoCd=1072000639-00&ServiceCd=110&Type=search" }, "geometry": { "type": "Point", "coordinates": [ 139.309406854214444, 36.402644036494117 ] } },
{ "type": "Feature", "properties": { "内容": "訪問介護ステーションくれよん　桐生事業所【訪問介護】群馬県桐生市相生町２丁目588-38", "url2": "https://www.kaigokensaku.mhlw.go.jp/10/index.php?action_kouhyou_detail_004_kani=true&JigyosyoCd=1070301567-00&ServiceCd=110&Type=search" }, "geometry": { "type": "Point", "coordinates": [ 139.298835068860285, 36.415285625671501 ] } },
{ "type": "Feature", "properties": { "内容": "メディス総合介護センター桐生事業所【訪問介護】群馬県桐生市相生町3丁目172の9", "url2": "https://www.kaigokensaku.mhlw.go.jp/10/index.php?action_kouhyou_detail_004_kani=true&JigyosyoCd=1070302565-00&ServiceCd=110&Type=search" }, "geometry": { "type": "Point", "coordinates": [ 139.303851300000019, 36.4182497 ] } },
{ "type": "Feature", "properties": { "内容": "ヘルパーステーションえがお【訪問介護】群馬県桐生市相生町3丁目573番地9三和教材株式会社", "url2": "https://www.kaigokensaku.mhlw.go.jp/10/index.php?action_kouhyou_detail_004_kani=true&JigyosyoCd=1070301609-00&ServiceCd=110&Type=search" }, "geometry": { "type": "Point", "coordinates": [ 139.3015292, 36.4245211 ] } },
{ "type": "Feature", "properties": { "内容": "ケアサポートいっ歩【訪問介護】群馬県桐生市相生町５丁目４４４－８５", "url2": "https://www.kaigokensaku.mhlw.go.jp/10/index.php?action_kouhyou_detail_004_kani=true&JigyosyoCd=1070302714-00&ServiceCd=110&Type=search" }, "geometry": { "type": "Point", "coordinates": [ 139.293655199999989, 36.4173662 ] } },
{ "type": "Feature", "properties": { "内容": "株式会社　ケア・コスモス　本社【訪問介護】群馬県桐生市相生町5丁目572-1", "url2": "https://www.kaigokensaku.mhlw.go.jp/10/index.php?action_kouhyou_detail_004_kani=true&JigyosyoCd=1070300049-00&ServiceCd=110&Type=search" }, "geometry": { "type": "Point", "coordinates": [ 139.291152900000043, 36.4099004 ] } },
{ "type": "Feature", "properties": { "内容": "ホームヘルパーステーションまゆ【訪問介護】群馬県桐生市堤町２丁目11-3看護小規模多機能　みんなの家つつみ", "url2": "https://www.kaigokensaku.mhlw.go.jp/10/index.php?action_kouhyou_detail_004_kani=true&JigyosyoCd=1070300817-00&ServiceCd=110&Type=search" }, "geometry": { "type": "Point", "coordinates": [ 139.326194446032673, 36.417487676575391 ] } },
{ "type": "Feature", "properties": { "内容": "ケミー在宅支援事業所【訪問介護】群馬県桐生市東7丁目5番15号", "url2": "https://www.kaigokensaku.mhlw.go.jp/10/index.php?action_kouhyou_detail_004_kani=true&JigyosyoCd=1070300544-00&ServiceCd=110&Type=search" }, "geometry": { "type": "Point", "coordinates": [ 139.345480599999973, 36.4042159 ] } },
{ "type": "Feature", "properties": { "内容": "ニチイケアセンター桐生【訪問介護】群馬県桐生市巴町2--6-4巴町コロンバスタワー1-B", "url2": "https://www.kaigokensaku.mhlw.go.jp/10/index.php?action_kouhyou_detail_004_kani=true&JigyosyoCd=1070300320-00&ServiceCd=110&Type=search" }, "geometry": { "type": "Point", "coordinates": [ 139.331736388221742, 36.409384457735591 ] } },
{ "type": "Feature", "properties": { "内容": "ヘルパーステーション　光【訪問介護】群馬県桐生市梅田町１丁目766-1", "url2": "https://www.kaigokensaku.mhlw.go.jp/10/index.php?action_kouhyou_detail_004_kani=true&JigyosyoCd=1070302680-00&ServiceCd=110&Type=search" }, "geometry": { "type": "Point", "coordinates": [ 139.367508, 36.4493188 ] } },
{ "type": "Feature", "properties": { "内容": "ホームヘルパーステーション梅の郷【訪問介護】群馬県桐生市梅田町4丁目１７７４－４", "url2": "https://www.kaigokensaku.mhlw.go.jp/10/index.php?action_kouhyou_detail_004_kani=true&JigyosyoCd=1070300296-00&ServiceCd=110&Type=search" }, "geometry": { "type": "Point", "coordinates": [ 139.40640570000005, 36.4741719 ] } },
{ "type": "Feature", "properties": { "内容": "アイリスヘルパーステーション【訪問介護】群馬県桐生市菱町1丁目993-10", "url2": "https://www.kaigokensaku.mhlw.go.jp/10/index.php?action_kouhyou_detail_004_kani=true&JigyosyoCd=1070302144-00&ServiceCd=110&Type=search" }, "geometry": { "type": "Point", "coordinates": [ 139.349316600000066, 36.3992774 ] } },
{ "type": "Feature", "properties": { "内容": "ポピー介護センター【訪問介護】群馬県桐生市菱町１丁目3006-1", "url2": "https://www.kaigokensaku.mhlw.go.jp/10/index.php?action_kouhyou_detail_004_kani=true&JigyosyoCd=1070300122-00&ServiceCd=110&Type=search" }, "geometry": { "type": "Point", "coordinates": [ 139.36148, 36.393128 ] } },
{ "type": "Feature", "properties": { "内容": "菱風園ヘルパーステーション【訪問介護】群馬県桐生市浜松町１－３－３", "url2": "https://www.kaigokensaku.mhlw.go.jp/10/index.php?action_kouhyou_detail_004_kani=true&JigyosyoCd=1070301351-00&ServiceCd=110&Type=search" }, "geometry": { "type": "Point", "coordinates": [ 139.341017100000045, 36.404663 ] } },
{ "type": "Feature", "properties": { "内容": "けあさぽーと・アンティ【訪問介護】群馬県桐生市境野町７－４９－５", "url2": "https://www.kaigokensaku.mhlw.go.jp/10/index.php?action_kouhyou_detail_004_kani=true&JigyosyoCd=1070300866-00&ServiceCd=110&Type=search" }, "geometry": { "type": "Point", "coordinates": [ 139.3631557, 36.3792626 ] } },
{ "type": "Feature", "properties": { "内容": "訪問介護事業所ヘルパーステーションピーチ【訪問介護】群馬県桐生市錦町１丁目４番１７号ウィズハセイ貸住宅C棟", "url2": "https://www.kaigokensaku.mhlw.go.jp/10/index.php?action_kouhyou_detail_004_kani=true&JigyosyoCd=1070303571-00&ServiceCd=110&Type=search" }, "geometry": { "type": "Point", "coordinates": [ 139.333518700000013, 36.4063213 ] } },
{ "type": "Feature", "properties": { "内容": "訪問介護ステーション　サンローズ【訪問介護】群馬県桐生市新里町山上2278-12", "url2": "https://www.kaigokensaku.mhlw.go.jp/10/index.php?action_kouhyou_detail_004_kani=true&JigyosyoCd=1070303514-00&ServiceCd=110&Type=search" }, "geometry": { "type": "Point", "coordinates": [ 139.220496700000012, 36.4433888 ] } },
{ "type": "Feature", "properties": { "内容": "みらい事業団【訪問介護】群馬県伊勢崎市除ヶ町369番地7", "url2": "https://www.kaigokensaku.mhlw.go.jp/10/index.php?action_kouhyou_detail_004_kani=true&JigyosyoCd=1070404577-00&ServiceCd=110&Type=search" }, "geometry": { "type": "Point", "coordinates": [ 139.1905389, 36.284485 ] } },
{ "type": "Feature", "properties": { "内容": "株式会社SeinaCorporation【訪問介護】羽黒町6番地19", "url2": "https://www.kaigokensaku.mhlw.go.jp/10/index.php?action_kouhyou_detail_004_kani=true&JigyosyoCd=1070404767-00&ServiceCd=110&Type=search" }, "geometry": { "type": "Point", "coordinates": [ 139.212233220237692, 36.290293599999984 ] } },
{ "type": "Feature", "properties": { "内容": "株式会社HY-AST　訪問介護ステーション　くわの実【訪問介護】群馬県伊勢崎市連取町158-3ほのぼの荘伊勢崎・一階", "url2": "https://www.kaigokensaku.mhlw.go.jp/10/index.php?action_kouhyou_detail_004_kani=true&JigyosyoCd=1070404619-00&ServiceCd=110&Type=search" }, "geometry": { "type": "Point", "coordinates": [ 139.1698347, 36.3276201 ] } },
{ "type": "Feature", "properties": { "内容": "あんど訪問介護【訪問介護】群馬県伊勢崎市太田町512番地1", "url2": "https://www.kaigokensaku.mhlw.go.jp/10/index.php?action_kouhyou_detail_004_kani=true&JigyosyoCd=1070404916-00&ServiceCd=110&Type=search" }, "geometry": { "type": "Point", "coordinates": [ 139.184229799999969, 36.327732100000013 ] } },
{ "type": "Feature", "properties": { "内容": "有限会社　ケアセンター平成【訪問介護】群馬県伊勢崎市安堀町甲１６１５番地１", "url2": "https://www.kaigokensaku.mhlw.go.jp/10/index.php?action_kouhyou_detail_004_kani=true&JigyosyoCd=1070400021-00&ServiceCd=110&Type=search" }, "geometry": { "type": "Point", "coordinates": [ 139.170055400000024, 36.3388771 ] } },
{ "type": "Feature", "properties": { "内容": "訪問介護ステーション　そいる【訪問介護】群馬県伊勢崎市下植木町772-46ドリームハウス下植木A棟103号", "url2": "https://www.kaigokensaku.mhlw.go.jp/10/index.php?action_kouhyou_detail_004_kani=true&JigyosyoCd=1070402290-00&ServiceCd=110&Type=search" }, "geometry": { "type": "Point", "coordinates": [ 139.215513688008741, 36.320058440392174 ] } },
{ "type": "Feature", "properties": { "内容": "株式会社ケアフィールドかがやき【訪問介護】群馬県伊勢崎市乾町109-3", "url2": "https://www.kaigokensaku.mhlw.go.jp/10/index.php?action_kouhyou_detail_004_kani=true&JigyosyoCd=1070402548-00&ServiceCd=110&Type=search" }, "geometry": { "type": "Point", "coordinates": [ 139.191800100000023, 36.3386772 ] } },
{ "type": "Feature", "properties": { "内容": "ヘルパーステーション　ジル【訪問介護】群馬県伊勢崎市喜多町9-4", "url2": "https://www.kaigokensaku.mhlw.go.jp/10/index.php?action_kouhyou_detail_004_kani=true&JigyosyoCd=1070404239-00&ServiceCd=110&Type=search" }, "geometry": { "type": "Point", "coordinates": [ 139.196491599999945, 36.3298978 ] } },
{ "type": "Feature", "properties": { "内容": "ニチイケアセンター伊勢崎【訪問介護】群馬県伊勢崎市宮前町12", "url2": "https://www.kaigokensaku.mhlw.go.jp/10/index.php?action_kouhyou_detail_004_kani=true&JigyosyoCd=1070400260-00&ServiceCd=110&Type=search" }, "geometry": { "type": "Point", "coordinates": [ 139.207926400000019, 36.3252404 ] } },
{ "type": "Feature", "properties": { "内容": "ヘルパーステーション匠の家【訪問介護】群馬県伊勢崎市境伊与久602番地1", "url2": "https://www.kaigokensaku.mhlw.go.jp/10/index.php?action_kouhyou_detail_004_kani=true&JigyosyoCd=1070403850-00&ServiceCd=110&Type=search" }, "geometry": { "type": "Point", "coordinates": [ 139.228831448318374, 36.295952464430506 ] } },
{ "type": "Feature", "properties": { "内容": "ヘルパーステーション　ソレイユ【訪問介護】群馬県伊勢崎市境下渕名1005-4", "url2": "https://www.kaigokensaku.mhlw.go.jp/10/index.php?action_kouhyou_detail_004_kani=true&JigyosyoCd=1070401565-00&ServiceCd=110&Type=search" }, "geometry": { "type": "Point", "coordinates": [ 139.24700150000001, 36.2916148 ] } },
{ "type": "Feature", "properties": { "内容": "訪問介護ステーション銘仙【訪問介護】群馬県伊勢崎市境上武士６０３番地３高齢者複合施設いせさき", "url2": "https://www.kaigokensaku.mhlw.go.jp/10/index.php?action_kouhyou_detail_004_kani=true&JigyosyoCd=1070403355-00&ServiceCd=110&Type=search" }, "geometry": { "type": "Point", "coordinates": [ 139.229823479444434, 36.281843835385914 ] } },
{ "type": "Feature", "properties": { "内容": "ホームヘルパーステーションつるがや【訪問介護】群馬県伊勢崎市境百々421", "url2": "https://www.kaigokensaku.mhlw.go.jp/10/index.php?action_kouhyou_detail_004_kani=true&JigyosyoCd=1072800186-00&ServiceCd=110&Type=search" }, "geometry": { "type": "Point", "coordinates": [ 139.254127105557245, 36.27746181964784 ] } },
{ "type": "Feature", "properties": { "内容": "訪問介護こころの宿【訪問介護】群馬県伊勢崎市曲沢町382番地1", "url2": "https://www.kaigokensaku.mhlw.go.jp/10/index.php?action_kouhyou_detail_004_kani=true&JigyosyoCd=1070402936-00&ServiceCd=110&Type=search" }, "geometry": { "type": "Point", "coordinates": [ 139.244367793917831, 36.375003898635526 ] } },
{ "type": "Feature", "properties": { "内容": "訪問介護ステーションＷＩＬＬ　喜【訪問介護】群馬県伊勢崎市香林町1丁目543番地住宅型シニアホームＷＩＬＬ", "url2": "https://www.kaigokensaku.mhlw.go.jp/10/index.php?action_kouhyou_detail_004_kani=true&JigyosyoCd=1070404502-00&ServiceCd=110&Type=search" }, "geometry": { "type": "Point", "coordinates": [ 139.234675082965651, 36.391274303019344 ] } },
{ "type": "Feature", "properties": { "内容": "訪問介護らくよう【訪問介護】群馬県伊勢崎市国定町2丁目1987‐1楽久陽ケアマンション国定", "url2": "https://www.kaigokensaku.mhlw.go.jp/10/index.php?action_kouhyou_detail_004_kani=true&JigyosyoCd=1070404288-00&ServiceCd=110&Type=search" }, "geometry": { "type": "Point", "coordinates": [ 139.239756517196611, 36.365436321176446 ] } },
{ "type": "Feature", "properties": { "内容": "特別養護老人ホームサルビア荘【訪問介護】群馬県伊勢崎市国定町２丁目２３４５番地", "url2": "https://www.kaigokensaku.mhlw.go.jp/10/index.php?action_kouhyou_detail_004_kani=true&JigyosyoCd=1072800020-00&ServiceCd=110&Type=search" }, "geometry": { "type": "Point", "coordinates": [ 139.235369499999933, 36.3630455 ] } },
{ "type": "Feature", "properties": { "内容": "アースサポート伊勢崎【訪問介護】群馬県伊勢崎市今泉町2丁目944番地4", "url2": "https://www.kaigokensaku.mhlw.go.jp/10/index.php?action_kouhyou_detail_004_kani=true&JigyosyoCd=1070402209-00&ServiceCd=110&Type=search" }, "geometry": { "type": "Point", "coordinates": [ 139.202227799999946, 36.312289 ] } },
{ "type": "Feature", "properties": { "内容": "訪問介護ケアサポ２４【訪問介護】群馬県伊勢崎市三光町20-9", "url2": "https://www.kaigokensaku.mhlw.go.jp/10/index.php?action_kouhyou_detail_004_kani=true&JigyosyoCd=1070404338-00&ServiceCd=110&Type=search" }, "geometry": { "type": "Point", "coordinates": [ 139.192008374838423, 36.316076731508069 ] } },
{ "type": "Feature", "properties": { "内容": "株式会社ふれあいの家【訪問介護】群馬県伊勢崎市三室町6145-1", "url2": "https://www.kaigokensaku.mhlw.go.jp/10/index.php?action_kouhyou_detail_004_kani=true&JigyosyoCd=1072800251-00&ServiceCd=110&Type=search" }, "geometry": { "type": "Point", "coordinates": [ 139.238564799999949, 36.3240331 ] } },
{ "type": "Feature", "properties": { "内容": "せせらぎ介護センター【訪問介護】群馬県伊勢崎市市場町１丁目1345", "url2": "https://www.kaigokensaku.mhlw.go.jp/10/index.php?action_kouhyou_detail_004_kani=true&JigyosyoCd=1070402985-00&ServiceCd=110&Type=search" }, "geometry": { "type": "Point", "coordinates": [ 139.216732200000024, 36.374958 ] } },
{ "type": "Feature", "properties": { "内容": "ニチイケアセンターあかぼり【訪問介護】群馬県伊勢崎市市場町2丁目652-2Ｂ-1B-1", "url2": "https://www.kaigokensaku.mhlw.go.jp/10/index.php?action_kouhyou_detail_004_kani=true&JigyosyoCd=1070404510-00&ServiceCd=110&Type=search" }, "geometry": { "type": "Point", "coordinates": [ 139.2189692, 36.3622832 ] } },
{ "type": "Feature", "properties": { "内容": "ケアステーション　つなぐ【訪問介護】群馬県伊勢崎市上諏訪町１２５８－１２ＢＹ館ビル2階", "url2": "https://www.kaigokensaku.mhlw.go.jp/10/index.php?action_kouhyou_detail_004_kani=true&JigyosyoCd=1070402191-00&ServiceCd=110&Type=search" }, "geometry": { "type": "Point", "coordinates": [ 139.212359200000037, 36.3247267 ] } },
{ "type": "Feature", "properties": { "内容": "伊勢崎市社会福祉協議会伊勢崎事業所【訪問介護】群馬県伊勢崎市上泉町151番地", "url2": "https://www.kaigokensaku.mhlw.go.jp/10/index.php?action_kouhyou_detail_004_kani=true&JigyosyoCd=1070401003-00&ServiceCd=110&Type=search" }, "geometry": { "type": "Point", "coordinates": [ 139.1920321, 36.3107416 ] } },
{ "type": "Feature", "properties": { "内容": "ヘルパーステーション　十季のあかりアズマ【訪問介護】群馬県伊勢崎市田部井町一丁目９４４－１ヘルパーステーション　十季のあかりアズマ", "url2": "https://www.kaigokensaku.mhlw.go.jp/10/index.php?action_kouhyou_detail_004_kani=true&JigyosyoCd=1070403272-00&ServiceCd=110&Type=search" }, "geometry": { "type": "Point", "coordinates": [ 139.242436286235261, 36.35651486047712 ] } },
{ "type": "Feature", "properties": { "内容": "ヘルパーステーションあんズ・ホーム【訪問介護】群馬県伊勢崎市西久保町1-16-11ヘルパーステーションあんズ・ホーム", "url2": "https://www.kaigokensaku.mhlw.go.jp/10/index.php?action_kouhyou_detail_004_kani=true&JigyosyoCd=1070404593-00&ServiceCd=110&Type=search" }, "geometry": { "type": "Point", "coordinates": [ 139.2248028, 36.3805989 ] } },
{ "type": "Feature", "properties": { "内容": "訪問介護事業所ベルフラワー【訪問介護】群馬県伊勢崎市西久保町2-357-2BIBIハウスB201", "url2": "https://www.kaigokensaku.mhlw.go.jp/10/index.php?action_kouhyou_detail_004_kani=true&JigyosyoCd=1070404064-00&ServiceCd=110&Type=search" }, "geometry": { "type": "Point", "coordinates": [ 139.235118, 36.3768079 ] } },
{ "type": "Feature", "properties": { "内容": "訪問介護ベストケア・サービス【訪問介護】群馬県伊勢崎市宮子町3486-1", "url2": "https://www.kaigokensaku.mhlw.go.jp/10/index.php?action_kouhyou_detail_004_kani=true&JigyosyoCd=1070404049-00&ServiceCd=110&Type=search" }, "geometry": { "type": "Point", "coordinates": [ 139.147162673449429, 36.340748364915605 ] } },
{ "type": "Feature", "properties": { "内容": "ヘルパーステーションさとう【訪問介護】群馬県伊勢崎市西久保町３丁目９９９番地９", "url2": "https://www.kaigokensaku.mhlw.go.jp/10/index.php?action_kouhyou_detail_004_kani=true&JigyosyoCd=1070401276-00&ServiceCd=110&Type=search" }, "geometry": { "type": "Point", "coordinates": [ 139.230844700000034, 36.3701086 ] } },
{ "type": "Feature", "properties": { "内容": "タハマヘルパーステーション【訪問介護】群馬県伊勢崎市赤堀今井町2丁目1218-7", "url2": "https://www.kaigokensaku.mhlw.go.jp/10/index.php?action_kouhyou_detail_004_kani=true&JigyosyoCd=1070401425-00&ServiceCd=110&Type=search" }, "geometry": { "type": "Point", "coordinates": [ 139.203485199999932, 36.3282399 ] } },
{ "type": "Feature", "properties": { "内容": "特別養護老人ホーム愛老園【訪問介護】群馬県伊勢崎市太田町686", "url2": "https://www.kaigokensaku.mhlw.go.jp/10/index.php?action_kouhyou_detail_004_kani=true&JigyosyoCd=1070400047-00&ServiceCd=110&Type=search" }, "geometry": { "type": "Point", "coordinates": [ 139.187642899999986, 36.3257425 ] } },
{ "type": "Feature", "properties": { "内容": "カームハート桃の木【訪問介護】群馬県伊勢崎市中央町14番地1の2", "url2": "https://www.kaigokensaku.mhlw.go.jp/10/index.php?action_kouhyou_detail_004_kani=true&JigyosyoCd=1070404304-00&ServiceCd=110&Type=search" }, "geometry": { "type": "Point", "coordinates": [ 139.202714, 36.31803 ] } },
{ "type": "Feature", "properties": { "内容": "ケアライフ華蔵寺ヘルパーステーション【訪問介護】群馬県伊勢崎市堤下町72－1", "url2": "https://www.kaigokensaku.mhlw.go.jp/10/index.php?action_kouhyou_detail_004_kani=true&JigyosyoCd=1070404643-00&ServiceCd=110&Type=search" }, "geometry": { "type": "Point", "coordinates": [ 139.196119135581938, 36.338227479562413 ] } },
{ "type": "Feature", "properties": { "内容": "ヘルパーステーション　アイリーライフ【訪問介護】群馬県伊勢崎市田中島町551-2ナーシングホーム　アイリーライフ", "url2": "https://www.kaigokensaku.mhlw.go.jp/10/index.php?action_kouhyou_detail_004_kani=true&JigyosyoCd=1070404544-00&ServiceCd=110&Type=search" }, "geometry": { "type": "Point", "coordinates": [ 139.168064017825685, 36.320670917301953 ] } },
{ "type": "Feature", "properties": { "内容": "訪問介護　なのはな【訪問介護】群馬県伊勢崎市田部井町２丁目1202", "url2": "https://www.kaigokensaku.mhlw.go.jp/10/index.php?action_kouhyou_detail_004_kani=true&JigyosyoCd=1070401847-00&ServiceCd=110&Type=search" }, "geometry": { "type": "Point", "coordinates": [ 139.245689978265318, 36.35073255000632 ] } },
{ "type": "Feature", "properties": { "内容": "アイアンドエイチサービス【訪問介護】群馬県伊勢崎市東町2718-8西野目テナント", "url2": "https://www.kaigokensaku.mhlw.go.jp/10/index.php?action_kouhyou_detail_004_kani=true&JigyosyoCd=1070403819-00&ServiceCd=110&Type=search" }, "geometry": { "type": "Point", "coordinates": [ 139.244472, 36.3454141 ] } },
{ "type": "Feature", "properties": { "内容": "ヘルパーステーション四つ葉クローバー南千木【訪問介護】群馬県伊勢崎市南千木町１６５９－２", "url2": "https://www.kaigokensaku.mhlw.go.jp/10/index.php?action_kouhyou_detail_004_kani=true&JigyosyoCd=1070402811-00&ServiceCd=110&Type=search" }, "geometry": { "type": "Point", "coordinates": [ 139.219201, 36.2971413 ] } },
{ "type": "Feature", "properties": { "内容": "ヘルパーステーションふじの実【訪問介護】群馬県伊勢崎市南千木町2382番地1", "url2": "https://www.kaigokensaku.mhlw.go.jp/10/index.php?action_kouhyou_detail_004_kani=true&JigyosyoCd=1070403546-00&ServiceCd=110&Type=search" }, "geometry": { "type": "Point", "coordinates": [ 139.215739254630989, 36.298917166050174 ] } },
{ "type": "Feature", "properties": { "内容": "訪問介護ステーションわかば伊勢崎事業所【訪問介護】群馬県伊勢崎市日乃出町14-1", "url2": "https://www.kaigokensaku.mhlw.go.jp/10/index.php?action_kouhyou_detail_004_kani=true&JigyosyoCd=1070402753-00&ServiceCd=110&Type=search" }, "geometry": { "type": "Point", "coordinates": [ 139.21644514185445, 36.317437613962333 ] } },
{ "type": "Feature", "properties": { "内容": "リリーフスティション【訪問介護】群馬県伊勢崎市日乃出町４２４番地１", "url2": "https://www.kaigokensaku.mhlw.go.jp/10/index.php?action_kouhyou_detail_004_kani=true&JigyosyoCd=1070401052-00&ServiceCd=110&Type=search" }, "geometry": { "type": "Point", "coordinates": [ 139.22412445064856, 36.319834662867635 ] } },
{ "type": "Feature", "properties": { "内容": "訪問介護ステーションわかば韮塚事業所【訪問介護】群馬県伊勢崎市韮塚町1193-9", "url2": "https://www.kaigokensaku.mhlw.go.jp/10/index.php?action_kouhyou_detail_004_kani=true&JigyosyoCd=1070403298-00&ServiceCd=110&Type=search" }, "geometry": { "type": "Point", "coordinates": [ 139.17803860995997, 36.302618576690705 ] } },
{ "type": "Feature", "properties": { "内容": "社会福祉法人ことぶきことぶきの郷居宅サービス事業所【訪問介護】群馬県伊勢崎市波志江町１９７６番地５", "url2": "https://www.kaigokensaku.mhlw.go.jp/10/index.php?action_kouhyou_detail_004_kani=true&JigyosyoCd=1070400104-00&ServiceCd=110&Type=search" }, "geometry": { "type": "Point", "coordinates": [ 139.187667, 36.3473486 ] } },
{ "type": "Feature", "properties": { "内容": "ケアステーション　ほっとはーと【訪問介護】群馬県伊勢崎市波志江町２１番地1", "url2": "https://www.kaigokensaku.mhlw.go.jp/10/index.php?action_kouhyou_detail_004_kani=true&JigyosyoCd=1070401995-00&ServiceCd=110&Type=search" }, "geometry": { "type": "Point", "coordinates": [ 139.18486282237086, 36.358425214115186 ] } },
{ "type": "Feature", "properties": { "内容": "風の詩【訪問介護】群馬県伊勢崎市波志江町776番地3", "url2": "https://www.kaigokensaku.mhlw.go.jp/10/index.php?action_kouhyou_detail_004_kani=true&JigyosyoCd=1070401110-00&ServiceCd=110&Type=search" }, "geometry": { "type": "Point", "coordinates": [ 139.173671199999944, 36.349018 ] } },
{ "type": "Feature", "properties": { "内容": "ヘルパーステーション優【訪問介護】群馬県伊勢崎市八斗島町1595-6", "url2": "https://www.kaigokensaku.mhlw.go.jp/10/index.php?action_kouhyou_detail_004_kani=true&JigyosyoCd=1070401581-00&ServiceCd=110&Type=search" }, "geometry": { "type": "Point", "coordinates": [ 139.193796280981474, 36.271545459159206 ] } },
{ "type": "Feature", "properties": { "内容": "介護センターななくさ株式会社【訪問介護】群馬県伊勢崎市豊城町１８６６番地１", "url2": "https://www.kaigokensaku.mhlw.go.jp/10/index.php?action_kouhyou_detail_004_kani=true&JigyosyoCd=1070401656-00&ServiceCd=110&Type=search" }, "geometry": { "type": "Point", "coordinates": [ 139.224168700000064, 36.3320984 ] } },
{ "type": "Feature", "properties": { "内容": "ロータスヴィレッジホームヘルプサービス【訪問介護】群馬県伊勢崎市豊城町2780-2", "url2": "https://www.kaigokensaku.mhlw.go.jp/10/index.php?action_kouhyou_detail_004_kani=true&JigyosyoCd=1070400229-00&ServiceCd=110&Type=search" }, "geometry": { "type": "Point", "coordinates": [ 139.222293600000057, 36.3400197 ] } },
{ "type": "Feature", "properties": { "内容": "茂呂ヘルプサービスセンター【訪問介護】群馬県伊勢崎市北千木町１１２６", "url2": "https://www.kaigokensaku.mhlw.go.jp/10/index.php?action_kouhyou_detail_004_kani=true&JigyosyoCd=1070400617-00&ServiceCd=110&Type=search" }, "geometry": { "type": "Point", "coordinates": [ 139.219742200000042, 36.306779 ] } },
{ "type": "Feature", "properties": { "内容": "ヘルパーステーション　ハピネス【訪問介護】群馬県伊勢崎市緑町１９－５ガーディン・師岡３０６", "url2": "https://www.kaigokensaku.mhlw.go.jp/10/index.php?action_kouhyou_detail_004_kani=true&JigyosyoCd=1070401607-00&ServiceCd=110&Type=search" }, "geometry": { "type": "Point", "coordinates": [ 139.1954452, 36.3166133 ] } },
{ "type": "Feature", "properties": { "内容": "けあビジョン伊勢崎【訪問介護】群馬県伊勢崎市連取元町280-1", "url2": "https://www.kaigokensaku.mhlw.go.jp/10/index.php?action_kouhyou_detail_004_kani=true&JigyosyoCd=1070402969-00&ServiceCd=110&Type=search" }, "geometry": { "type": "Point", "coordinates": [ 139.179027764418038, 36.3153741 ] } },
{ "type": "Feature", "properties": { "内容": "伊勢崎ヘルパーステーション【訪問介護】群馬県伊勢崎市連取町2064-2", "url2": "https://www.kaigokensaku.mhlw.go.jp/10/index.php?action_kouhyou_detail_004_kani=true&JigyosyoCd=1070402183-00&ServiceCd=110&Type=search" }, "geometry": { "type": "Point", "coordinates": [ 139.182363799999962, 36.3125106 ] } },
{ "type": "Feature", "properties": { "内容": "訪問介護ステーションひまり【訪問介護】群馬県伊勢崎市連取町２３４８番地11", "url2": "https://www.kaigokensaku.mhlw.go.jp/10/index.php?action_kouhyou_detail_004_kani=true&JigyosyoCd=1070404627-00&ServiceCd=110&Type=search" }, "geometry": { "type": "Point", "coordinates": [ 139.1859422, 36.3086332 ] } },
{ "type": "Feature", "properties": { "内容": "おおぞら訪問介護【訪問介護】群馬県伊勢崎市連取町３０４９番地３０アートメゾン１０１号", "url2": "https://www.kaigokensaku.mhlw.go.jp/10/index.php?action_kouhyou_detail_004_kani=true&JigyosyoCd=1070402563-00&ServiceCd=110&Type=search" }, "geometry": { "type": "Point", "coordinates": [ 139.178450200000043, 36.3150103 ] } },
{ "type": "Feature", "properties": { "内容": "訪問介護　満月【訪問介護】群馬県伊勢崎市連取町3323-10", "url2": "https://www.kaigokensaku.mhlw.go.jp/10/index.php?action_kouhyou_detail_004_kani=true&JigyosyoCd=1070403579-00&ServiceCd=110&Type=search" }, "geometry": { "type": "Point", "coordinates": [ 139.171118374221805, 36.315982004404013 ] } },
{ "type": "Feature", "properties": { "内容": "訪問介護ステーションくれよん　伊勢崎事業所【訪問介護】群馬県伊勢崎市曲沢町1586", "url2": "https://www.kaigokensaku.mhlw.go.jp/10/index.php?action_kouhyou_detail_004_kani=true&JigyosyoCd=1070401771-00&ServiceCd=110&Type=search" }, "geometry": { "type": "Point", "coordinates": [ 139.253158407515002, 36.371699215070606 ] } },
{ "type": "Feature", "properties": { "内容": "株式会社ファイブテンヘルパーステーションひまわり【訪問介護】群馬県伊勢崎市波志江町４１３８番地17華蔵寺ビル２０３号室", "url2": "https://www.kaigokensaku.mhlw.go.jp/10/index.php?action_kouhyou_detail_004_kani=true&JigyosyoCd=1070404742-00&ServiceCd=110&Type=search" }, "geometry": { "type": "Point", "coordinates": [ 139.1961838, 36.3441538 ] } },
{ "type": "Feature", "properties": { "内容": "訪問介護ステーションわかば華蔵寺事業所【訪問介護】群馬県伊勢崎市乾町114-5", "url2": "https://www.kaigokensaku.mhlw.go.jp/10/index.php?action_kouhyou_detail_004_kani=true&JigyosyoCd=1070404999-00&ServiceCd=110&Type=search" }, "geometry": { "type": "Point", "coordinates": [ 139.191913, 36.33811 ] } },
{ "type": "Feature", "properties": { "内容": "ヘルパーさっちゃん【訪問介護】群馬県伊勢崎市上諏訪町1501-30久保田ハイツ206号室", "url2": "https://www.kaigokensaku.mhlw.go.jp/10/index.php?action_kouhyou_detail_004_kani=true&JigyosyoCd=1070405004-00&ServiceCd=110&Type=search" }, "geometry": { "type": "Point", "coordinates": [ 139.2167517, 36.3313459 ] } },
{ "type": "Feature", "properties": { "内容": "介護ラボ　タスク【訪問介護】群馬県伊勢崎市美茂呂町4512-1ラポール伊勢崎", "url2": "https://www.kaigokensaku.mhlw.go.jp/10/index.php?action_kouhyou_detail_004_kani=true&JigyosyoCd=1070404973-00&ServiceCd=110&Type=search" }, "geometry": { "type": "Point", "coordinates": [ 139.206852700000013, 36.296627 ] } },
{ "type": "Feature", "properties": { "内容": "フーミー株式会社　ネコロボマン訪問介護　伊勢崎店【訪問介護】群馬県伊勢崎市西小保方316-1", "url2": "https://www.kaigokensaku.mhlw.go.jp/10/index.php?action_kouhyou_detail_004_kani=true&JigyosyoCd=1070404866-00&ServiceCd=110&Type=search" }, "geometry": { "type": "Point", "coordinates": [ 139.2372279, 36.339898 ] } },
{ "type": "Feature", "properties": { "内容": "訪問介護奇跡セントラル【訪問介護】群馬県伊勢崎市除ケ町260-1", "url2": "https://www.kaigokensaku.mhlw.go.jp/10/index.php?action_kouhyou_detail_004_kani=true&JigyosyoCd=1070405038-00&ServiceCd=110&Type=search" }, "geometry": { "type": "Point", "coordinates": [ 139.196942299999989, 36.2807561 ] } },
{ "type": "Feature", "properties": { "内容": "けあビジョン伊勢崎北【訪問介護】群馬県伊勢崎市連取本町21－5グランドール薬師D102号室", "url2": "https://www.kaigokensaku.mhlw.go.jp/10/index.php?action_kouhyou_detail_004_kani=true&JigyosyoCd=1070405020-00&ServiceCd=110&Type=search" }, "geometry": { "type": "Point", "coordinates": [ 139.1778766, 36.3196851 ] } },
{ "type": "Feature", "properties": { "内容": "医療法人善心会　訪問介護ステーション　くわの実【訪問介護】群馬県伊勢崎市連取町158-3ほのぼの荘　1階", "url2": "https://www.kaigokensaku.mhlw.go.jp/10/index.php?action_kouhyou_detail_004_kani=true&JigyosyoCd=1070404874-00&ServiceCd=110&Type=search" }, "geometry": { "type": "Point", "coordinates": [ 139.1699112, 36.327535 ] } },
{ "type": "Feature", "properties": { "内容": "訪問介護ステーションこむぎ伊勢崎【訪問介護】群馬県伊勢崎市波志江町213SFコーポ101", "url2": "https://www.kaigokensaku.mhlw.go.jp/10/index.php?action_kouhyou_detail_004_kani=true&JigyosyoCd=1070404858-00&ServiceCd=110&Type=search" }, "geometry": { "type": "Point", "coordinates": [ 139.183379599999967, 36.35139550000001 ] } },
{ "type": "Feature", "properties": { "内容": "訪問介護事業所エール太田【訪問介護】群馬県太田市南矢島町693-1アーバンファミリー静２０１", "url2": "https://www.kaigokensaku.mhlw.go.jp/10/index.php?action_kouhyou_detail_004_kani=true&JigyosyoCd=1070504228-00&ServiceCd=110&Type=search" }, "geometry": { "type": "Point", "coordinates": [ 139.3804481, 36.2637951 ] } },
{ "type": "Feature", "properties": { "内容": "訪問介護事業所ケアルプラス【訪問介護】群馬県太田市高林南町770-4", "url2": "https://www.kaigokensaku.mhlw.go.jp/10/index.php?action_kouhyou_detail_004_kani=true&JigyosyoCd=1070504236-00&ServiceCd=110&Type=search" }, "geometry": { "type": "Point", "coordinates": [ 139.3680732, 36.2571948 ] } },
{ "type": "Feature", "properties": { "内容": "訪問介護ステーションきずな【訪問介護】群馬県太田市内ケ島町2051番地", "url2": "https://www.kaigokensaku.mhlw.go.jp/10/index.php?action_kouhyou_detail_004_kani=true&JigyosyoCd=1070504269-00&ServiceCd=110&Type=search" }, "geometry": { "type": "Point", "coordinates": [ 139.4033336, 36.2806606 ] } },
{ "type": "Feature", "properties": { "内容": "訪問介護事業所あんじゅ【訪問介護】群馬県太田市龍舞町2004-1", "url2": "https://www.kaigokensaku.mhlw.go.jp/10/index.php?action_kouhyou_detail_004_kani=true&JigyosyoCd=1070504277-00&ServiceCd=110&Type=search" }, "geometry": { "type": "Point", "coordinates": [ 139.416879099999989, 36.2802869 ] } },
{ "type": "Feature", "properties": { "内容": "ゆうあいリハビリヘルパーステーション【訪問介護】群馬県太田市鳥山町553-3", "url2": "https://www.kaigokensaku.mhlw.go.jp/10/index.php?action_kouhyou_detail_004_kani=true&JigyosyoCd=1070504301-00&ServiceCd=110&Type=search" }, "geometry": { "type": "Point", "coordinates": [ 139.603139700000014, 35.5045873 ] } },
{ "type": "Feature", "properties": { "内容": "ヘルパーステーション敬愛【訪問介護】群馬県太田市下田島町703-9", "url2": "https://www.kaigokensaku.mhlw.go.jp/10/index.php?action_kouhyou_detail_004_kani=true&JigyosyoCd=1070500937-00&ServiceCd=110&Type=search" }, "geometry": { "type": "Point", "coordinates": [ 139.318861322693806, 36.262836081305565 ] } },
{ "type": "Feature", "properties": { "内容": "清和荘ホームヘルパーステーション【訪問介護】群馬県太田市亀岡町２８０番", "url2": "https://www.kaigokensaku.mhlw.go.jp/10/index.php?action_kouhyou_detail_004_kani=true&JigyosyoCd=1072900374-00&ServiceCd=110&Type=search" }, "geometry": { "type": "Point", "coordinates": [ 139.318168600000035, 36.2552251 ] } },
{ "type": "Feature", "properties": { "内容": "ホームヘルパーステーション尾島【訪問介護】群馬県太田市亀岡町420-2", "url2": "https://www.kaigokensaku.mhlw.go.jp/10/index.php?action_kouhyou_detail_004_kani=true&JigyosyoCd=1070501117-00&ServiceCd=110&Type=search" }, "geometry": { "type": "Point", "coordinates": [ 139.315646499999957, 36.2580414 ] } },
{ "type": "Feature", "properties": { "内容": "ヘルパーステーション桃ヶ丘【訪問介護】群馬県太田市熊野町21番8-1号", "url2": "https://www.kaigokensaku.mhlw.go.jp/10/index.php?action_kouhyou_detail_004_kani=true&JigyosyoCd=1070502305-00&ServiceCd=110&Type=search" }, "geometry": { "type": "Point", "coordinates": [ 139.381881199999953, 36.3053488 ] } },
{ "type": "Feature", "properties": { "内容": "太田ケアサービス【訪問介護】群馬県太田市熊野町９－１５", "url2": "https://www.kaigokensaku.mhlw.go.jp/10/index.php?action_kouhyou_detail_004_kani=true&JigyosyoCd=1070500564-00&ServiceCd=110&Type=search" }, "geometry": { "type": "Point", "coordinates": [ 139.379214700000034, 36.3023629 ] } },
{ "type": "Feature", "properties": { "内容": "ヘルパーステーション　まごころ【訪問介護】群馬県太田市細谷町1769-3", "url2": "https://www.kaigokensaku.mhlw.go.jp/10/index.php?action_kouhyou_detail_004_kani=true&JigyosyoCd=1070500754-00&ServiceCd=110&Type=search" }, "geometry": { "type": "Point", "coordinates": [ 139.35500849999994, 36.277879 ] } },
{ "type": "Feature", "properties": { "内容": "ライブハート白楽【訪問介護】群馬県太田市山之神町560番地24", "url2": "https://www.kaigokensaku.mhlw.go.jp/10/index.php?action_kouhyou_detail_004_kani=true&JigyosyoCd=1070503873-00&ServiceCd=110&Type=search" }, "geometry": { "type": "Point", "coordinates": [ 139.300907044970131, 36.339336939597757 ] } },
{ "type": "Feature", "properties": { "内容": "ホームヘルプステーションにらがわの里【訪問介護】群馬県太田市上小林町1465-1", "url2": "https://www.kaigokensaku.mhlw.go.jp/10/index.php?action_kouhyou_detail_004_kani=true&JigyosyoCd=1070500358-00&ServiceCd=110&Type=search" }, "geometry": { "type": "Point", "coordinates": [ 139.398549, 36.3152394 ] } },
{ "type": "Feature", "properties": { "内容": "あいホームケアステーション【訪問介護】群馬県太田市新井町551-1", "url2": "https://www.kaigokensaku.mhlw.go.jp/10/index.php?action_kouhyou_detail_004_kani=true&JigyosyoCd=1070503667-00&ServiceCd=110&Type=search" }, "geometry": { "type": "Point", "coordinates": [ 139.365234099999952, 36.2888954 ] } },
{ "type": "Feature", "properties": { "内容": "ホームヘルパーステーションぐるっぺ【訪問介護】群馬県太田市新田市野井474-1", "url2": "https://www.kaigokensaku.mhlw.go.jp/10/index.php?action_kouhyou_detail_004_kani=true&JigyosyoCd=1070502503-00&ServiceCd=110&Type=search" }, "geometry": { "type": "Point", "coordinates": [ 139.305005950926187, 36.301605698532441 ] } },
{ "type": "Feature", "properties": { "内容": "訪問介護たより【訪問介護】群馬県太田市新田早川町638番地", "url2": "https://www.kaigokensaku.mhlw.go.jp/10/index.php?action_kouhyou_detail_004_kani=true&JigyosyoCd=1070503428-00&ServiceCd=110&Type=search" }, "geometry": { "type": "Point", "coordinates": [ 139.273154799999929, 36.2983116 ] } },
{ "type": "Feature", "properties": { "内容": "ヘルパーステーションココカラ【訪問介護】群馬県太田市西本町64番地12ウイングV202号ウイングV202号", "url2": "https://www.kaigokensaku.mhlw.go.jp/10/index.php?action_kouhyou_detail_004_kani=true&JigyosyoCd=1070503626-00&ServiceCd=110&Type=search" }, "geometry": { "type": "Point", "coordinates": [ 139.358751100000063, 36.2943057 ] } },
{ "type": "Feature", "properties": { "内容": "介護支援センター石原【訪問介護】群馬県太田市石原町９２７", "url2": "https://www.kaigokensaku.mhlw.go.jp/10/index.php?action_kouhyou_detail_004_kani=true&JigyosyoCd=1070500044-00&ServiceCd=110&Type=search" }, "geometry": { "type": "Point", "coordinates": [ 139.405448400000068, 36.2976998 ] } },
{ "type": "Feature", "properties": { "内容": "訪問介護事業所　夢国【訪問介護】群馬県太田市大原町320-2", "url2": "https://www.kaigokensaku.mhlw.go.jp/10/index.php?action_kouhyou_detail_004_kani=true&JigyosyoCd=1070503071-00&ServiceCd=110&Type=search" }, "geometry": { "type": "Point", "coordinates": [ 139.288323399999967, 36.3525178 ] } },
{ "type": "Feature", "properties": { "内容": "ヘルパーステーションてのひら【訪問介護】群馬県太田市大原町383番地23パークアベニューB102", "url2": "https://www.kaigokensaku.mhlw.go.jp/10/index.php?action_kouhyou_detail_004_kani=true&JigyosyoCd=1070503576-00&ServiceCd=110&Type=search" }, "geometry": { "type": "Point", "coordinates": [ 139.2977496, 36.35399 ] } },
{ "type": "Feature", "properties": { "内容": "ニチイケアセンター太田【訪問介護】群馬県太田市大島町351-8サンコー第2ビル号室", "url2": "https://www.kaigokensaku.mhlw.go.jp/10/index.php?action_kouhyou_detail_004_kani=true&JigyosyoCd=1070500945-00&ServiceCd=110&Type=search" }, "geometry": { "type": "Point", "coordinates": [ 139.36511280000002, 36.3020625 ] } },
{ "type": "Feature", "properties": { "内容": "訪問介護事業所　ふる里【訪問介護】群馬県太田市只上町１３１９‐６", "url2": "https://www.kaigokensaku.mhlw.go.jp/10/index.php?action_kouhyou_detail_004_kani=true&JigyosyoCd=1070501174-00&ServiceCd=110&Type=search" }, "geometry": { "type": "Point", "coordinates": [ 139.399934900000062, 36.3340122 ] } },
{ "type": "Feature", "properties": { "内容": "ヘルパーステーションほがらか【訪問介護】群馬県太田市鳥山上町2331-6", "url2": "https://www.kaigokensaku.mhlw.go.jp/10/index.php?action_kouhyou_detail_004_kani=true&JigyosyoCd=1070503923-00&ServiceCd=110&Type=search" }, "geometry": { "type": "Point", "coordinates": [ 139.343365799999987, 36.3275487 ] } },
{ "type": "Feature", "properties": { "内容": "楓ホームヘルパーステーション【訪問介護】群馬県太田市東新町546番地の1", "url2": "https://www.kaigokensaku.mhlw.go.jp/10/index.php?action_kouhyou_detail_004_kani=true&JigyosyoCd=1070502404-00&ServiceCd=110&Type=search" }, "geometry": { "type": "Point", "coordinates": [ 139.408274003427096, 36.333152734570781 ] } },
{ "type": "Feature", "properties": { "内容": "けあビジョン太田東【訪問介護】群馬県太田市東長岡町1691-1もくすいビルGA23号室", "url2": "https://www.kaigokensaku.mhlw.go.jp/10/index.php?action_kouhyou_detail_004_kani=true&JigyosyoCd=1070504012-00&ServiceCd=110&Type=search" }, "geometry": { "type": "Point", "coordinates": [ 139.3968353, 36.3004534 ] } },
{ "type": "Feature", "properties": { "内容": "ライフアップまりも【訪問介護】群馬県太田市東長岡町３６５－６", "url2": "https://www.kaigokensaku.mhlw.go.jp/10/index.php?action_kouhyou_detail_004_kani=true&JigyosyoCd=1070502123-00&ServiceCd=110&Type=search" }, "geometry": { "type": "Point", "coordinates": [ 139.391535012194851, 36.297154858518866 ] } },
{ "type": "Feature", "properties": { "内容": "ケアステーション　ラクティ太田【訪問介護】太田市内ケ島町1430－4", "url2": "https://www.kaigokensaku.mhlw.go.jp/10/index.php?action_kouhyou_detail_004_kani=true&JigyosyoCd=1070503998-00&ServiceCd=110&Type=search" }, "geometry": { "type": "Point", "coordinates": [ 139.3987668, 36.2882548 ] } },
{ "type": "Feature", "properties": { "内容": "あずみ苑グランデ太田【訪問介護】群馬県太田市内ヶ島町971-1", "url2": "https://www.kaigokensaku.mhlw.go.jp/10/index.php?action_kouhyou_detail_004_kani=true&JigyosyoCd=1070501620-00&ServiceCd=110&Type=search" }, "geometry": { "type": "Point", "coordinates": [ 139.3988885, 36.2851871 ] } },
{ "type": "Feature", "properties": { "内容": "おひさま介護サービス　太田【訪問介護】群馬県太田市八幡町11-20八幡ハイツ1Ｆ", "url2": "https://www.kaigokensaku.mhlw.go.jp/10/index.php?action_kouhyou_detail_004_kani=true&JigyosyoCd=1070500853-00&ServiceCd=110&Type=search" }, "geometry": { "type": "Point", "coordinates": [ 139.36896820000004, 36.2985963 ] } },
{ "type": "Feature", "properties": { "内容": "みづほの里ホームヘルパーステーション【訪問介護】群馬県太田市八幡町２７ー７", "url2": "https://www.kaigokensaku.mhlw.go.jp/10/index.php?action_kouhyou_detail_004_kani=true&JigyosyoCd=1070500416-00&ServiceCd=110&Type=search" }, "geometry": { "type": "Point", "coordinates": [ 139.367972432034719, 36.298844376628175 ] } },
{ "type": "Feature", "properties": { "内容": "ニチイケアセンターおおたいいづか【訪問介護】群馬県太田市飯塚町852", "url2": "https://www.kaigokensaku.mhlw.go.jp/10/index.php?action_kouhyou_detail_004_kani=true&JigyosyoCd=1070503642-00&ServiceCd=110&Type=search" }, "geometry": { "type": "Point", "coordinates": [ 139.388768859524561, 36.278691192302951 ] } },
{ "type": "Feature", "properties": { "内容": "訪問介護ステーションななみ【訪問介護】群馬県太田市飯田町１１１８番地", "url2": "https://www.kaigokensaku.mhlw.go.jp/10/index.php?action_kouhyou_detail_004_kani=true&JigyosyoCd=1070502248-00&ServiceCd=110&Type=search" }, "geometry": { "type": "Point", "coordinates": [ 139.383538907453953, 36.290860801145875 ] } },
{ "type": "Feature", "properties": { "内容": "あじさい介護センター太田【訪問介護】群馬県太田市高林南町697-3", "url2": "https://www.kaigokensaku.mhlw.go.jp/10/index.php?action_kouhyou_detail_004_kani=true&JigyosyoCd=1070501331-00&ServiceCd=110&Type=search" }, "geometry": { "type": "Point", "coordinates": [ 139.370819070357356, 36.255878012454005 ] } },
{ "type": "Feature", "properties": { "内容": "訪問介護ステーションこもれび太田【訪問介護】群馬県太田市由良町605", "url2": "https://www.kaigokensaku.mhlw.go.jp/10/index.php?action_kouhyou_detail_004_kani=true&JigyosyoCd=1070503337-00&ServiceCd=110&Type=search" }, "geometry": { "type": "Point", "coordinates": [ 139.346176558328807, 36.284827414201743 ] } },
{ "type": "Feature", "properties": { "内容": "訪問介護ステーションわかば太田事業所【訪問介護】群馬県太田市龍舞町5655", "url2": "https://www.kaigokensaku.mhlw.go.jp/10/index.php?action_kouhyou_detail_004_kani=true&JigyosyoCd=1070501810-00&ServiceCd=110&Type=search" }, "geometry": { "type": "Point", "coordinates": [ 139.416842036219947, 36.271616293951226 ] } },
{ "type": "Feature", "properties": { "内容": "ヘルパーステーションそてつのみ【訪問介護】群馬県太田市藪塚町２１８８－５", "url2": "https://www.kaigokensaku.mhlw.go.jp/10/index.php?action_kouhyou_detail_004_kani=true&JigyosyoCd=1070501299-00&ServiceCd=110&Type=search" }, "geometry": { "type": "Point", "coordinates": [ 139.306346399999939, 36.365986 ] } },
{ "type": "Feature", "properties": { "内容": "有限会社イーアイコーポレーション　エンゼル介護サービス【訪問介護】群馬県太田市龍舞町１８９５", "url2": "https://www.kaigokensaku.mhlw.go.jp/10/index.php?action_kouhyou_detail_004_kani=true&JigyosyoCd=1070501265-00&ServiceCd=110&Type=search" }, "geometry": { "type": "Point", "coordinates": [ 139.41424840000002, 36.2783715 ] } },
{ "type": "Feature", "properties": { "内容": "アルヴェ訪問介護【訪問介護】群馬県太田市東矢島町1180-1アルヴェケア東矢島Ⅰ", "url2": "https://www.kaigokensaku.mhlw.go.jp/10/index.php?action_kouhyou_detail_004_kani=true&JigyosyoCd=1070504160-00&ServiceCd=110&Type=search" }, "geometry": { "type": "Point", "coordinates": [ 139.383804987755752, 36.271455985949366 ] } },
{ "type": "Feature", "properties": { "内容": "訪問介護ステーションわかば太田中央事業所【訪問介護】群馬県太田市浜町26-4ハシモトレジデンスビル201号室", "url2": "https://www.kaigokensaku.mhlw.go.jp/10/index.php?action_kouhyou_detail_004_kani=true&JigyosyoCd=1070504210-00&ServiceCd=110&Type=search" }, "geometry": { "type": "Point", "coordinates": [ 139.354348699999946, 36.2964956 ] } },
{ "type": "Feature", "properties": { "内容": "あいサポート訪問介護ステーション【訪問介護】群馬県太田市大島町1091番地1クリハラコーポＡ-102", "url2": "https://www.kaigokensaku.mhlw.go.jp/10/index.php?action_kouhyou_detail_004_kani=true&JigyosyoCd=1070504061-00&ServiceCd=110&Type=search" }, "geometry": { "type": "Point", "coordinates": [ 139.3645018, 36.304962 ] } },
{ "type": "Feature", "properties": { "内容": "訪問介護ステーションがじゅまる【訪問介護】群馬県太田市市場町1139番地17", "url2": "https://www.kaigokensaku.mhlw.go.jp/10/index.php?action_kouhyou_detail_004_kani=true&JigyosyoCd=1070504152-00&ServiceCd=110&Type=search" }, "geometry": { "type": "Point", "coordinates": [ 139.4086226, 36.3367109 ] } },
{ "type": "Feature", "properties": { "内容": "訪問介護ステーション利楽【訪問介護】群馬県太田市高瀬町211番地1", "url2": "https://www.kaigokensaku.mhlw.go.jp/10/index.php?action_kouhyou_detail_004_kani=true&JigyosyoCd=1070504079-00&ServiceCd=110&Type=search" }, "geometry": { "type": "Point", "coordinates": [ 139.422296136617661, 36.324379065710232 ] } },
{ "type": "Feature", "properties": { "内容": "訪問介護ステーション『サンクレセント太田』【訪問介護】群馬県太田市別所町428-1サンクレセント太田", "url2": "https://www.kaigokensaku.mhlw.go.jp/10/index.php?action_kouhyou_detail_004_kani=true&JigyosyoCd=1070503618-00&ServiceCd=110&Type=search" }, "geometry": { "type": "Point", "coordinates": [ 139.337230842576417, 36.294735042512514 ] } },
{ "type": "Feature", "properties": { "内容": "ヘルパーステーションファミリィー【訪問介護】群馬県太田市新田木崎町1758-8", "url2": "https://www.kaigokensaku.mhlw.go.jp/10/index.php?action_kouhyou_detail_004_kani=true&JigyosyoCd=1070503170-00&ServiceCd=110&Type=search" }, "geometry": { "type": "Point", "coordinates": [ 139.309575677970912, 36.288479174237473 ] } },
{ "type": "Feature", "properties": { "内容": "沼田市社会福祉協議会訪問介護事業所【訪問介護】群馬県沼田市利根町大楊1085-3", "url2": "https://www.kaigokensaku.mhlw.go.jp/10/index.php?action_kouhyou_detail_004_kani=true&JigyosyoCd=1080600016-00&ServiceCd=110&Type=search" }, "geometry": { "type": "Point", "coordinates": [ 139.211876099999984, 36.6946325 ] } },
{ "type": "Feature", "properties": { "内容": "ゆうハイムヘルパーステーション【訪問介護】群馬県沼田市久屋原町349-8", "url2": "https://www.kaigokensaku.mhlw.go.jp/10/index.php?action_kouhyou_detail_004_kani=true&JigyosyoCd=1070601172-00&ServiceCd=110&Type=search" }, "geometry": { "type": "Point", "coordinates": [ 139.105372034393326, 36.665469788037768 ] } },
{ "type": "Feature", "properties": { "内容": "特別養護老人ホームまごころ訪問介護事業所【訪問介護】群馬県沼田市戸鹿野町375-1", "url2": "https://www.kaigokensaku.mhlw.go.jp/10/index.php?action_kouhyou_detail_004_kani=true&JigyosyoCd=1070601131-00&ServiceCd=110&Type=search" }, "geometry": { "type": "Point", "coordinates": [ 139.036803839947595, 36.633686323583632 ] } },
{ "type": "Feature", "properties": { "内容": "訪問介護ホームヘルプ春日和沼田【訪問介護】群馬県沼田市高橋場町4933-2ワールドステイ沼田Ⅱ", "url2": "https://www.kaigokensaku.mhlw.go.jp/10/index.php?action_kouhyou_detail_004_kani=true&JigyosyoCd=1070601040-00&ServiceCd=110&Type=search" }, "geometry": { "type": "Point", "coordinates": [ 139.061053435257008, 36.655230564377803 ] } },
{ "type": "Feature", "properties": { "内容": "訪問介護ステーション　きんもくせい【訪問介護】群馬県沼田市榛名町２８４３－２", "url2": "https://www.kaigokensaku.mhlw.go.jp/10/index.php?action_kouhyou_detail_004_kani=true&JigyosyoCd=1070600844-00&ServiceCd=110&Type=search" }, "geometry": { "type": "Point", "coordinates": [ 139.036265415344246, 36.648565772455044 ] } },
{ "type": "Feature", "properties": { "内容": "とねホームヘルパーステーション【訪問介護】群馬県沼田市東原新町1917-1", "url2": "https://www.kaigokensaku.mhlw.go.jp/10/index.php?action_kouhyou_detail_004_kani=true&JigyosyoCd=1070600109-00&ServiceCd=110&Type=search" }, "geometry": { "type": "Point", "coordinates": [ 139.055176299999971, 36.6508156 ] } },
{ "type": "Feature", "properties": { "内容": "一本松訪問介護ステーション【訪問介護】群馬県館林市緑町二丁目10番4号", "url2": "https://www.kaigokensaku.mhlw.go.jp/10/index.php?action_kouhyou_detail_004_kani=true&JigyosyoCd=1070701550-00&ServiceCd=110&Type=search" }, "geometry": { "type": "Point", "coordinates": [ 139.534423673486856, 36.239348533887529 ] } },
{ "type": "Feature", "properties": { "内容": "訪問介護の喜楽【訪問介護】群馬県館林市北成島町1809-6", "url2": "https://www.kaigokensaku.mhlw.go.jp/10/index.php?action_kouhyou_detail_004_kani=true&JigyosyoCd=1070700925-00&ServiceCd=110&Type=search" }, "geometry": { "type": "Point", "coordinates": [ 139.519319634501926, 36.253543552109875 ] } },
{ "type": "Feature", "properties": { "内容": "訪問介護ステーションOLIVE【訪問介護】群馬県館林市楠町1366-1", "url2": "https://www.kaigokensaku.mhlw.go.jp/10/index.php?action_kouhyou_detail_004_kani=true&JigyosyoCd=1070701568-00&ServiceCd=110&Type=search" }, "geometry": { "type": "Point", "coordinates": [ 139.5687217, 36.2355022 ] } },
{ "type": "Feature", "properties": { "内容": "訪問介護　あいな館林【訪問介護】日向町970-1", "url2": "https://www.kaigokensaku.mhlw.go.jp/10/index.php?action_kouhyou_detail_004_kani=true&JigyosyoCd=1070701584-00&ServiceCd=110&Type=search" }, "geometry": { "type": "Point", "coordinates": [ 139.4997785, 36.273539 ] } },
{ "type": "Feature", "properties": { "内容": "ヘルパーステーション松ぼっくり【訪問介護】群馬県館林市加法師町11-10", "url2": "https://www.kaigokensaku.mhlw.go.jp/10/index.php?action_kouhyou_detail_004_kani=true&JigyosyoCd=1070700974-00&ServiceCd=110&Type=search" }, "geometry": { "type": "Point", "coordinates": [ 139.551516401202434, 36.252549462552331 ] } },
{ "type": "Feature", "properties": { "内容": "ホームヘルパーステーションいずみ【訪問介護】群馬県館林市広内町3-3", "url2": "https://www.kaigokensaku.mhlw.go.jp/10/index.php?action_kouhyou_detail_004_kani=true&JigyosyoCd=1070701444-00&ServiceCd=110&Type=search" }, "geometry": { "type": "Point", "coordinates": [ 139.539027800000014, 36.2560522 ] } },
{ "type": "Feature", "properties": { "内容": "花山ホームヘルパーステーション【訪問介護】群馬県館林市松原１－１６－２３", "url2": "https://www.kaigokensaku.mhlw.go.jp/10/index.php?action_kouhyou_detail_004_kani=true&JigyosyoCd=1070700875-00&ServiceCd=110&Type=search" }, "geometry": { "type": "Point", "coordinates": [ 139.542417900000032, 36.2386799 ] } },
{ "type": "Feature", "properties": { "内容": "トータルケアサービス館林ステーション【訪問介護】群馬県館林市西高根町15－11", "url2": "https://www.kaigokensaku.mhlw.go.jp/10/index.php?action_kouhyou_detail_004_kani=true&JigyosyoCd=1070700453-00&ServiceCd=110&Type=search" }, "geometry": { "type": "Point", "coordinates": [ 139.514850199999955, 36.261078500000011 ] } },
{ "type": "Feature", "properties": { "内容": "マイホーム四つ葉【訪問介護】群馬県館林市西本町6番21号", "url2": "https://www.kaigokensaku.mhlw.go.jp/10/index.php?action_kouhyou_detail_004_kani=true&JigyosyoCd=1070700263-00&ServiceCd=110&Type=search" }, "geometry": { "type": "Point", "coordinates": [ 139.532193499999948, 36.2506556 ] } },
{ "type": "Feature", "properties": { "内容": "訪問介護ここあ【訪問介護】群馬県館林市青柳町1581ヒルズ館林103", "url2": "https://www.kaigokensaku.mhlw.go.jp/10/index.php?action_kouhyou_detail_004_kani=true&JigyosyoCd=1070701485-00&ServiceCd=110&Type=search" }, "geometry": { "type": "Point", "coordinates": [ 139.518955, 36.228294 ] } },
{ "type": "Feature", "properties": { "内容": "ヘルパーステーションすずらん【訪問介護】群馬県館林市赤生田町２２２４番地の１", "url2": "https://www.kaigokensaku.mhlw.go.jp/10/index.php?action_kouhyou_detail_004_kani=true&JigyosyoCd=1070700594-00&ServiceCd=110&Type=search" }, "geometry": { "type": "Point", "coordinates": [ 139.5583696, 36.2289233 ] } },
{ "type": "Feature", "properties": { "内容": "介護支援センターこころ【訪問介護】群馬県館林市大手町10番－40号", "url2": "https://www.kaigokensaku.mhlw.go.jp/10/index.php?action_kouhyou_detail_004_kani=true&JigyosyoCd=1070700586-00&ServiceCd=110&Type=search" }, "geometry": { "type": "Point", "coordinates": [ 139.540043, 36.2478563 ] } },
{ "type": "Feature", "properties": { "内容": "大手町ケアセンターあざみヘルパーステーション【訪問介護】群馬県館林市大手町８－２５", "url2": "https://www.kaigokensaku.mhlw.go.jp/10/index.php?action_kouhyou_detail_004_kani=true&JigyosyoCd=1070700651-00&ServiceCd=110&Type=search" }, "geometry": { "type": "Point", "coordinates": [ 139.537487599999963, 36.2478867 ] } },
{ "type": "Feature", "properties": { "内容": "訪問介護　うぇりな【訪問介護】群馬県館林市日向町1022-29ヴァン・ヴェールクエイルⅠ105号室", "url2": "https://www.kaigokensaku.mhlw.go.jp/10/index.php?action_kouhyou_detail_004_kani=true&JigyosyoCd=1070701295-00&ServiceCd=110&Type=search" }, "geometry": { "type": "Point", "coordinates": [ 139.52965837218855, 36.243746499011714 ] } },
{ "type": "Feature", "properties": { "内容": "いこいの広場ひなた　訪問介護事業所【訪問介護】群馬県館林市日向町７３７番地１", "url2": "https://www.kaigokensaku.mhlw.go.jp/10/index.php?action_kouhyou_detail_004_kani=true&JigyosyoCd=1070701204-00&ServiceCd=110&Type=search" }, "geometry": { "type": "Point", "coordinates": [ 139.5048339, 36.2786095 ] } },
{ "type": "Feature", "properties": { "内容": "館林市社会福祉協議会訪問介護ステーション【訪問介護】群馬県館林市苗木町２４５２－１", "url2": "https://www.kaigokensaku.mhlw.go.jp/10/index.php?action_kouhyou_detail_004_kani=true&JigyosyoCd=1070700156-00&ServiceCd=110&Type=search" }, "geometry": { "type": "Point", "coordinates": [ 139.508199, 36.2314794 ] } },
{ "type": "Feature", "properties": { "内容": "ハッピーケアサービス【訪問介護】群馬県館林市富士原町１０５７番地の６４", "url2": "https://www.kaigokensaku.mhlw.go.jp/10/index.php?action_kouhyou_detail_004_kani=true&JigyosyoCd=1070700685-00&ServiceCd=110&Type=search" }, "geometry": { "type": "Point", "coordinates": [ 139.512274515344274, 36.239079198270062 ] } },
{ "type": "Feature", "properties": { "内容": "訪問介護事業所まつしま【訪問介護】群馬県館林市本町１丁目２－１０", "url2": "https://www.kaigokensaku.mhlw.go.jp/10/index.php?action_kouhyou_detail_004_kani=true&JigyosyoCd=1070701014-00&ServiceCd=110&Type=search" }, "geometry": { "type": "Point", "coordinates": [ 139.534297795909083, 36.249057078653486 ] } },
{ "type": "Feature", "properties": { "内容": "けあビジョン館林【訪問介護】群馬県館林市本町2-5-52本町二丁目原店舗1階", "url2": "https://www.kaigokensaku.mhlw.go.jp/10/index.php?action_kouhyou_detail_004_kani=true&JigyosyoCd=1070701022-00&ServiceCd=110&Type=search" }, "geometry": { "type": "Point", "coordinates": [ 139.52985220000005, 36.2458896 ] } },
{ "type": "Feature", "properties": { "内容": "特別養護老人ホーム　ヴィレージュ【訪問介護】群馬県館林市岡野町３３５－１", "url2": "https://www.kaigokensaku.mhlw.go.jp/10/index.php?action_kouhyou_detail_004_kani=true&JigyosyoCd=1070700123-00&ServiceCd=110&Type=search" }, "geometry": { "type": "Point", "coordinates": [ 139.520583, 36.2616008 ] } },
{ "type": "Feature", "properties": { "内容": "訪問介護事業所エール館林【訪問介護】群馬県館林市花山町10-8アゼリアブリッジA103", "url2": "https://www.kaigokensaku.mhlw.go.jp/10/index.php?action_kouhyou_detail_004_kani=true&JigyosyoCd=1070701543-00&ServiceCd=110&Type=search" }, "geometry": { "type": "Point", "coordinates": [ 139.55782880000001, 36.2411026 ] } },
{ "type": "Feature", "properties": { "内容": "いちごケアサービス【訪問介護】群馬県館林市大手町6-38", "url2": "https://www.kaigokensaku.mhlw.go.jp/10/index.php?action_kouhyou_detail_004_kani=true&JigyosyoCd=1070701535-00&ServiceCd=110&Type=search" }, "geometry": { "type": "Point", "coordinates": [ 139.5395438, 36.2465562 ] } },
{ "type": "Feature", "properties": { "内容": "ヘルパーステーションこころケア渋川【訪問介護】群馬県渋川市中村490-1", "url2": "https://www.kaigokensaku.mhlw.go.jp/10/index.php?action_kouhyou_detail_004_kani=true&JigyosyoCd=1070801939-00&ServiceCd=110&Type=search" }, "geometry": { "type": "Point", "coordinates": [ 139.0185994, 36.480676 ] } },
{ "type": "Feature", "properties": { "内容": "訪問介護ステーション健心【訪問介護】群馬県渋川市金井1195-9", "url2": "https://www.kaigokensaku.mhlw.go.jp/10/index.php?action_kouhyou_detail_004_kani=true&JigyosyoCd=1070801962-00&ServiceCd=110&Type=search" }, "geometry": { "type": "Point", "coordinates": [ 138.9931325, 36.5057404 ] } },
{ "type": "Feature", "properties": { "内容": "あおぞらケアサービス【訪問介護】群馬県渋川市渋川1521－1", "url2": "https://www.kaigokensaku.mhlw.go.jp/10/index.php?action_kouhyou_detail_004_kani=true&JigyosyoCd=1070801764-00&ServiceCd=110&Type=search" }, "geometry": { "type": "Point", "coordinates": [ 139.0106166, 36.4895495 ] } },
{ "type": "Feature", "properties": { "内容": "ＪＡ北群渋川福祉センター【訪問介護】群馬県渋川市渋川１９８１－３", "url2": "https://www.kaigokensaku.mhlw.go.jp/10/index.php?action_kouhyou_detail_004_kani=true&JigyosyoCd=1072200197-00&ServiceCd=110&Type=search" }, "geometry": { "type": "Point", "coordinates": [ 139.008919399999968, 36.4968171 ] } },
{ "type": "Feature", "properties": { "内容": "誠光莊ヘルパーステーション　ピジョン【訪問介護】群馬県渋川市渋川2908-1障害者支援施設誠光莊内", "url2": "https://www.kaigokensaku.mhlw.go.jp/10/index.php?action_kouhyou_detail_004_kani=true&JigyosyoCd=1070801400-00&ServiceCd=110&Type=search" }, "geometry": { "type": "Point", "coordinates": [ 138.991715500000026, 36.4957338 ] } },
{ "type": "Feature", "properties": { "内容": "ヘルパーステーションあすか【訪問介護】群馬県渋川市渋川４１４３－１", "url2": "https://www.kaigokensaku.mhlw.go.jp/10/index.php?action_kouhyou_detail_004_kani=true&JigyosyoCd=1070800857-00&ServiceCd=110&Type=search" }, "geometry": { "type": "Point", "coordinates": [ 138.9587656, 36.4998186 ] } },
{ "type": "Feature", "properties": { "内容": "ヘルパーステーション石原の里【訪問介護】群馬県渋川市石原３４３－１ナーシングホーム石原の里", "url2": "https://www.kaigokensaku.mhlw.go.jp/10/index.php?action_kouhyou_detail_004_kani=true&JigyosyoCd=1070801186-00&ServiceCd=110&Type=search" }, "geometry": { "type": "Point", "coordinates": [ 139.003556300000014, 36.4868626 ] } },
{ "type": "Feature", "properties": { "内容": "ひなたぼっこの家【訪問介護】群馬県渋川市赤城町津久田1番地5", "url2": "https://www.kaigokensaku.mhlw.go.jp/10/index.php?action_kouhyou_detail_004_kani=true&JigyosyoCd=1070801012-00&ServiceCd=110&Type=search" }, "geometry": { "type": "Point", "coordinates": [ 139.032698288360592, 36.541674492462221 ] } },
{ "type": "Feature", "properties": { "内容": "かりん敷島【訪問介護】群馬県渋川市赤城町敷島５８－１", "url2": "https://www.kaigokensaku.mhlw.go.jp/10/index.php?action_kouhyou_detail_004_kani=true&JigyosyoCd=1070801046-00&ServiceCd=110&Type=search" }, "geometry": { "type": "Point", "coordinates": [ 139.032688300000018, 36.5386743 ] } },
{ "type": "Feature", "properties": { "内容": "かすがホームヘルパーステーション【訪問介護】群馬県渋川市中郷2399-7", "url2": "https://www.kaigokensaku.mhlw.go.jp/10/index.php?action_kouhyou_detail_004_kani=true&JigyosyoCd=1070800550-00&ServiceCd=110&Type=search" }, "geometry": { "type": "Point", "coordinates": [ 139.009404300000028, 36.5378574 ] } },
{ "type": "Feature", "properties": { "内容": "ジョブケア【訪問介護】群馬県渋川市八木原１３９３番地ビーマークD-1", "url2": "https://www.kaigokensaku.mhlw.go.jp/10/index.php?action_kouhyou_detail_004_kani=true&JigyosyoCd=1070801384-00&ServiceCd=110&Type=search" }, "geometry": { "type": "Point", "coordinates": [ 139.014569599999959, 36.4729643 ] } },
{ "type": "Feature", "properties": { "内容": "ヘルパーステーション　フェニックス【訪問介護】群馬県渋川市八木原６２０－１ハイツカワラガイトA棟１０４", "url2": "https://www.kaigokensaku.mhlw.go.jp/10/index.php?action_kouhyou_detail_004_kani=true&JigyosyoCd=1070801640-00&ServiceCd=110&Type=search" }, "geometry": { "type": "Point", "coordinates": [ 139.013021200000026, 36.4651095 ] } },
{ "type": "Feature", "properties": { "内容": "ヘルパーステーション　べにばな【訪問介護】群馬県渋川市半田沼辺1861-1", "url2": "https://www.kaigokensaku.mhlw.go.jp/10/index.php?action_kouhyou_detail_004_kani=true&JigyosyoCd=1070801525-00&ServiceCd=110&Type=search" }, "geometry": { "type": "Point", "coordinates": [ 139.021555300000045, 36.4750095 ] } },
{ "type": "Feature", "properties": { "内容": "ヘルパーステーションべにばなⅡ【訪問介護】群馬県渋川市半田1924-1K.R.AVENUE2号室", "url2": "https://www.kaigokensaku.mhlw.go.jp/10/index.php?action_kouhyou_detail_004_kani=true&JigyosyoCd=1070801707-00&ServiceCd=110&Type=search" }, "geometry": { "type": "Point", "coordinates": [ 139.021872770114129, 36.47358512212503 ] } },
{ "type": "Feature", "properties": { "内容": "ヘルパーステーションつどい北橘【訪問介護】群馬県渋川市北橘町八崎２３３０－１ハーモニーライフ北橘", "url2": "https://www.kaigokensaku.mhlw.go.jp/10/index.php?action_kouhyou_detail_004_kani=true&JigyosyoCd=1070801426-00&ServiceCd=110&Type=search" }, "geometry": { "type": "Point", "coordinates": [ 139.03904363809454, 36.495770236501762 ] } },
{ "type": "Feature", "properties": { "内容": "ヘルパーステーションくすのき【訪問介護】群馬県渋川市北橘町八崎992", "url2": "https://www.kaigokensaku.mhlw.go.jp/10/index.php?action_kouhyou_detail_004_kani=true&JigyosyoCd=1070801848-00&ServiceCd=110&Type=search" }, "geometry": { "type": "Point", "coordinates": [ 139.0182824, 36.497942 ] } },
{ "type": "Feature", "properties": { "内容": "北毛ヘルパーステーション【訪問介護】群馬県渋川市有馬230-1", "url2": "https://www.kaigokensaku.mhlw.go.jp/10/index.php?action_kouhyou_detail_004_kani=true&JigyosyoCd=1070800279-00&ServiceCd=110&Type=search" }, "geometry": { "type": "Point", "coordinates": [ 139.005120499999947, 36.4724974 ] } },
{ "type": "Feature", "properties": { "内容": "渋川市社協ヘルパーステーション【訪問介護】群馬県渋川市渋川１７６０番地１渋川ほっとプラザ３階", "url2": "https://www.kaigokensaku.mhlw.go.jp/10/index.php?action_kouhyou_detail_004_kani=true&JigyosyoCd=1070800402-00&ServiceCd=110&Type=search" }, "geometry": { "type": "Point", "coordinates": [ 139.001831300000049, 36.4916259 ] } },
{ "type": "Feature", "properties": { "内容": "シオンヘルパーステーション白井城【訪問介護】群馬県渋川市白井582-2", "url2": "https://www.kaigokensaku.mhlw.go.jp/10/index.php?action_kouhyou_detail_004_kani=true&JigyosyoCd=1070801905-00&ServiceCd=110&Type=search" }, "geometry": { "type": "Point", "coordinates": [ 139.0113931, 36.5082809 ] } },
{ "type": "Feature", "properties": { "内容": "ケアレジデンス渋川【訪問介護】群馬県渋川市金井764番地1国町ハイツA棟101ケアレジデンス渋川", "url2": "https://www.kaigokensaku.mhlw.go.jp/10/index.php?action_kouhyou_detail_004_kani=true&JigyosyoCd=1070801921-00&ServiceCd=110&Type=search" }, "geometry": { "type": "Point", "coordinates": [ 139.004162258251, 36.511807444269358 ] } },
{ "type": "Feature", "properties": { "内容": "訪問介護美保の森【訪問介護】渋川市北橘町真壁833-1", "url2": "https://www.kaigokensaku.mhlw.go.jp/10/index.php?action_kouhyou_detail_004_kani=true&JigyosyoCd=1070801954-00&ServiceCd=110&Type=search" }, "geometry": { "type": "Point", "coordinates": [ 139.0382222, 36.4785534 ] } },
{ "type": "Feature", "properties": { "内容": "訪問介護ステーション東陽【訪問介護】群馬県藤岡市立石850", "url2": "https://www.kaigokensaku.mhlw.go.jp/10/index.php?action_kouhyou_detail_004_kani=true&JigyosyoCd=1070901614-00&ServiceCd=110&Type=search" }, "geometry": { "type": "Point", "coordinates": [ 139.084579547221381, 36.279219731339921 ] } },
{ "type": "Feature", "properties": { "内容": "訪問介護ステーションわかば立石事業所【訪問介護】群馬県藤岡市立石561-12", "url2": "https://www.kaigokensaku.mhlw.go.jp/10/index.php?action_kouhyou_detail_004_kani=true&JigyosyoCd=1070901630-00&ServiceCd=110&Type=search" }, "geometry": { "type": "Point", "coordinates": [ 139.078979299999986, 36.2824358 ] } },
{ "type": "Feature", "properties": { "内容": "けあビジョン藤岡【訪問介護】群馬県藤岡市藤岡685-11", "url2": "https://www.kaigokensaku.mhlw.go.jp/10/index.php?action_kouhyou_detail_004_kani=true&JigyosyoCd=1070901648-00&ServiceCd=110&Type=search" }, "geometry": { "type": "Point", "coordinates": [ 139.0857403, 36.2556792 ] } },
{ "type": "Feature", "properties": { "内容": "訪問介護ステーション　ゆい【訪問介護】群馬県藤岡市下栗須41-1", "url2": "https://www.kaigokensaku.mhlw.go.jp/10/index.php?action_kouhyou_detail_004_kani=true&JigyosyoCd=1070900848-00&ServiceCd=110&Type=search" }, "geometry": { "type": "Point", "coordinates": [ 139.093112015341148, 36.260155311744626 ] } },
{ "type": "Feature", "properties": { "内容": "訪問介護ステーションかわせみ【訪問介護】群馬県藤岡市鬼石632－8", "url2": "https://www.kaigokensaku.mhlw.go.jp/10/index.php?action_kouhyou_detail_004_kani=true&JigyosyoCd=1070900996-00&ServiceCd=110&Type=search" }, "geometry": { "type": "Point", "coordinates": [ 139.051576779315184, 36.154263530686414 ] } },
{ "type": "Feature", "properties": { "内容": "藤岡みどりホームヘルパーステーション【訪問介護】群馬県藤岡市篠塚103-4", "url2": "https://www.kaigokensaku.mhlw.go.jp/10/index.php?action_kouhyou_detail_004_kani=true&JigyosyoCd=1070900129-00&ServiceCd=110&Type=search" }, "geometry": { "type": "Point", "coordinates": [ 139.064489699999967, 36.2583458 ] } },
{ "type": "Feature", "properties": { "内容": "ヘルパーステーションぷらすけあ藤岡【訪問介護】群馬県藤岡市上栗須69-4", "url2": "https://www.kaigokensaku.mhlw.go.jp/10/index.php?action_kouhyou_detail_004_kani=true&JigyosyoCd=1070901390-00&ServiceCd=110&Type=search" }, "geometry": { "type": "Point", "coordinates": [ 139.070744600000012, 36.2593319 ] } },
{ "type": "Feature", "properties": { "内容": "リバティハウス　ふじおか【訪問介護】群馬県藤岡市上戸塚101-3", "url2": "https://www.kaigokensaku.mhlw.go.jp/10/index.php?action_kouhyou_detail_004_kani=true&JigyosyoCd=1070900087-00&ServiceCd=110&Type=search" }, "geometry": { "type": "Point", "coordinates": [ 139.0874986, 36.249947 ] } },
{ "type": "Feature", "properties": { "内容": "訪問介護ステーション菜のはな【訪問介護】群馬県藤岡市浄法寺1847", "url2": "https://www.kaigokensaku.mhlw.go.jp/10/index.php?action_kouhyou_detail_004_kani=true&JigyosyoCd=1070901564-00&ServiceCd=110&Type=search" }, "geometry": { "type": "Point", "coordinates": [ 139.0504824, 36.1891796 ] } },
{ "type": "Feature", "properties": { "内容": "在宅介護【訪問介護】群馬県藤岡市森351-2", "url2": "https://www.kaigokensaku.mhlw.go.jp/10/index.php?action_kouhyou_detail_004_kani=true&JigyosyoCd=1070900558-00&ServiceCd=110&Type=search" }, "geometry": { "type": "Point", "coordinates": [ 139.085142899999937, 36.2646067 ] } },
{ "type": "Feature", "properties": { "内容": "訪問介護すまいーる藤岡【訪問介護】群馬県藤岡市中島90―1", "url2": "https://www.kaigokensaku.mhlw.go.jp/10/index.php?action_kouhyou_detail_004_kani=true&JigyosyoCd=1070901408-00&ServiceCd=110&Type=search" }, "geometry": { "type": "Point", "coordinates": [ 139.077179600000022, 36.2871072 ] } },
{ "type": "Feature", "properties": { "内容": "ヘルパーステーション「けいあい」藤岡【訪問介護】群馬県藤岡市藤岡1757-3ウエハラビル102", "url2": "https://www.kaigokensaku.mhlw.go.jp/10/index.php?action_kouhyou_detail_004_kani=true&JigyosyoCd=1070901515-00&ServiceCd=110&Type=search" }, "geometry": { "type": "Point", "coordinates": [ 139.0763777, 36.2391698 ] } },
{ "type": "Feature", "properties": { "内容": "訪問介護ステーションわかば藤岡事業所【訪問介護】群馬県藤岡市藤岡1985-15", "url2": "https://www.kaigokensaku.mhlw.go.jp/10/index.php?action_kouhyou_detail_004_kani=true&JigyosyoCd=1070900400-00&ServiceCd=110&Type=search" }, "geometry": { "type": "Point", "coordinates": [ 139.06859780000002, 36.2418782 ] } },
{ "type": "Feature", "properties": { "内容": "きびな訪問介護サービス【訪問介護】群馬県藤岡市藤岡2129-7", "url2": "https://www.kaigokensaku.mhlw.go.jp/10/index.php?action_kouhyou_detail_004_kani=true&JigyosyoCd=1070900962-00&ServiceCd=110&Type=search" }, "geometry": { "type": "Point", "coordinates": [ 139.064914899999962, 36.2395395 ] } },
{ "type": "Feature", "properties": { "内容": "社会福祉法人山紫会音和の園介護支援サービスセンター【訪問介護】群馬県藤岡市藤岡2874-2", "url2": "https://www.kaigokensaku.mhlw.go.jp/10/index.php?action_kouhyou_detail_004_kani=true&JigyosyoCd=1070900020-00&ServiceCd=110&Type=search" }, "geometry": { "type": "Point", "coordinates": [ 139.058679699999971, 36.2236164 ] } },
{ "type": "Feature", "properties": { "内容": "訪問介護こもれび【訪問介護】群馬県藤岡市本郷2222-1", "url2": "https://www.kaigokensaku.mhlw.go.jp/10/index.php?action_kouhyou_detail_004_kani=true&JigyosyoCd=1070901333-00&ServiceCd=110&Type=search" }, "geometry": { "type": "Point", "coordinates": [ 139.077555800000027, 36.2244219 ] } },
{ "type": "Feature", "properties": { "内容": "ケアサービスBEES【訪問介護】群馬県藤岡市本動堂6-4", "url2": "https://www.kaigokensaku.mhlw.go.jp/10/index.php?action_kouhyou_detail_004_kani=true&JigyosyoCd=1070901523-00&ServiceCd=110&Type=search" }, "geometry": { "type": "Point", "coordinates": [ 139.0569519, 36.2634067 ] } },
{ "type": "Feature", "properties": { "内容": "ホームヘルパーステーションほあん【訪問介護】群馬県藤岡市立石６６８－１", "url2": "https://www.kaigokensaku.mhlw.go.jp/10/index.php?action_kouhyou_detail_004_kani=true&JigyosyoCd=1070900210-00&ServiceCd=110&Type=search" }, "geometry": { "type": "Point", "coordinates": [ 139.07804340000007, 36.2831631 ] } },
{ "type": "Feature", "properties": { "内容": "訪問介護ステーションrara24【訪問介護】群馬県富岡市七日市８６７－２", "url2": "https://www.kaigokensaku.mhlw.go.jp/10/index.php?action_kouhyou_detail_004_kani=true&JigyosyoCd=1071001133-00&ServiceCd=110&Type=search" }, "geometry": { "type": "Point", "coordinates": [ 138.88420601593856, 36.25809096282903 ] } },
{ "type": "Feature", "properties": { "内容": "ＪＡ甘楽富岡ふれあい福祉サービス【訪問介護】群馬県富岡市下高尾４６２番地２", "url2": "https://www.kaigokensaku.mhlw.go.jp/10/index.php?action_kouhyou_detail_004_kani=true&JigyosyoCd=1071000044-00&ServiceCd=110&Type=search" }, "geometry": { "type": "Point", "coordinates": [ 138.917156100000057, 36.2843492 ] } },
{ "type": "Feature", "properties": { "内容": "ホーモンステーション　ゆめ【訪問介護】群馬県富岡市黒川６２８－６", "url2": "https://www.kaigokensaku.mhlw.go.jp/10/index.php?action_kouhyou_detail_004_kani=true&JigyosyoCd=1071000333-00&ServiceCd=110&Type=search" }, "geometry": { "type": "Point", "coordinates": [ 138.8674952, 36.2624403 ] } },
{ "type": "Feature", "properties": { "内容": "訪問介護ステーション　ウェルネス【訪問介護】群馬県富岡市星田481-3", "url2": "https://www.kaigokensaku.mhlw.go.jp/10/index.php?action_kouhyou_detail_004_kani=true&JigyosyoCd=1071000598-00&ServiceCd=110&Type=search" }, "geometry": { "type": "Point", "coordinates": [ 138.91778079385054, 36.263165808709651 ] } },
{ "type": "Feature", "properties": { "内容": "尚久訪問介護サービスセンター【訪問介護】群馬県富岡市富岡1353萬屋興業テナント　1号室", "url2": "https://www.kaigokensaku.mhlw.go.jp/10/index.php?action_kouhyou_detail_004_kani=true&JigyosyoCd=1071000812-00&ServiceCd=110&Type=search" }, "geometry": { "type": "Point", "coordinates": [ 138.895688215594276, 36.257198650722721 ] } },
{ "type": "Feature", "properties": { "内容": "妙義会訪問介護ステーション【訪問介護】群馬県富岡市妙義町上高田1208番地2妙義会デイサービスセンター、居宅介護支援事業所併設", "url2": "https://www.kaigokensaku.mhlw.go.jp/10/index.php?action_kouhyou_detail_004_kani=true&JigyosyoCd=1071001091-00&ServiceCd=110&Type=search" }, "geometry": { "type": "Point", "coordinates": [ 138.8162835, 36.2867945 ] } },
{ "type": "Feature", "properties": { "内容": "安中市社会福祉協議会【訪問介護】群馬県安中市安中3丁目19番地27号", "url2": "https://www.kaigokensaku.mhlw.go.jp/10/index.php?action_kouhyou_detail_004_kani=true&JigyosyoCd=1071100547-00&ServiceCd=110&Type=search" }, "geometry": { "type": "Point", "coordinates": [ 138.897595, 36.3286094 ] } },
{ "type": "Feature", "properties": { "内容": "訪問介護サービス　ひだまり【訪問介護】群馬県安中市安中3-25-13", "url2": "https://www.kaigokensaku.mhlw.go.jp/10/index.php?action_kouhyou_detail_004_kani=true&JigyosyoCd=1071100067-00&ServiceCd=110&Type=search" }, "geometry": { "type": "Point", "coordinates": [ 138.90023640000004, 36.3287816 ] } },
{ "type": "Feature", "properties": { "内容": "ヘルパーステーション　えーる【訪問介護】群馬県安中市郷原556番地3", "url2": "https://www.kaigokensaku.mhlw.go.jp/10/index.php?action_kouhyou_detail_004_kani=true&JigyosyoCd=1071100836-00&ServiceCd=110&Type=search" }, "geometry": { "type": "Point", "coordinates": [ 138.84394007301637, 36.304521038335885 ] } },
{ "type": "Feature", "properties": { "内容": "ヘルパーステーション　えにし【訪問介護】群馬県安中市原市二丁目５番４１号３", "url2": "https://www.kaigokensaku.mhlw.go.jp/10/index.php?action_kouhyou_detail_004_kani=true&JigyosyoCd=1071100711-00&ServiceCd=110&Type=search" }, "geometry": { "type": "Point", "coordinates": [ 138.860609899999986, 36.3125459 ] } },
{ "type": "Feature", "properties": { "内容": "やまと【訪問介護】群馬県安中市原市3533-5アートリューム原市101室", "url2": "https://www.kaigokensaku.mhlw.go.jp/10/index.php?action_kouhyou_detail_004_kani=true&JigyosyoCd=1071100471-00&ServiceCd=110&Type=search" }, "geometry": { "type": "Point", "coordinates": [ 138.856909950926195, 36.317778115341568 ] } },
{ "type": "Feature", "properties": { "内容": "訪問介護ステーションわかば安中事業所【訪問介護】群馬県安中市原市3-6-20", "url2": "https://www.kaigokensaku.mhlw.go.jp/10/index.php?action_kouhyou_detail_004_kani=true&JigyosyoCd=1071100703-00&ServiceCd=110&Type=search" }, "geometry": { "type": "Point", "coordinates": [ 138.86505209894267, 36.312605120846882 ] } },
{ "type": "Feature", "properties": { "内容": "ヘルパーステーション　まきば安中【訪問介護】群馬県安中市古屋字古屋74-1", "url2": "https://www.kaigokensaku.mhlw.go.jp/10/index.php?action_kouhyou_detail_004_kani=true&JigyosyoCd=1071100661-00&ServiceCd=110&Type=search" }, "geometry": { "type": "Point", "coordinates": [ 138.873631786647024, 36.329947400773506 ] } },
{ "type": "Feature", "properties": { "内容": "訪問介護事業所うららか【訪問介護】群馬県安中市鷺宮２０５－１", "url2": "https://www.kaigokensaku.mhlw.go.jp/10/index.php?action_kouhyou_detail_004_kani=true&JigyosyoCd=1071101073-00&ServiceCd=110&Type=search" }, "geometry": { "type": "Point", "coordinates": [ 138.89696570000001, 36.3051779 ] } },
{ "type": "Feature", "properties": { "内容": "訪問介護ステーション　しゅしゅ【訪問介護】群馬県安中市鷺宮965-1", "url2": "https://www.kaigokensaku.mhlw.go.jp/10/index.php?action_kouhyou_detail_004_kani=true&JigyosyoCd=1071101156-00&ServiceCd=110&Type=search" }, "geometry": { "type": "Point", "coordinates": [ 138.8876862, 36.297371499999983 ] } },
{ "type": "Feature", "properties": { "内容": "松井田町在宅介護支援センターうすいの里【訪問介護】群馬県安中市松井田町高梨子1491-1", "url2": "https://www.kaigokensaku.mhlw.go.jp/10/index.php?action_kouhyou_detail_004_kani=true&JigyosyoCd=1072500026-00&ServiceCd=110&Type=search" }, "geometry": { "type": "Point", "coordinates": [ 138.795482, 36.3298489 ] } },
{ "type": "Feature", "properties": { "内容": "ヘルパーステーションあい　誉【訪問介護】群馬県安中市板鼻150-1", "url2": "https://www.kaigokensaku.mhlw.go.jp/10/index.php?action_kouhyou_detail_004_kani=true&JigyosyoCd=1071100976-00&ServiceCd=110&Type=search" }, "geometry": { "type": "Point", "coordinates": [ 138.943143797273308, 36.334970238010875 ] } },
{ "type": "Feature", "properties": { "内容": "ヘルパーステーション白才むら【訪問介護】群馬県安中市嶺602-1", "url2": "https://www.kaigokensaku.mhlw.go.jp/10/index.php?action_kouhyou_detail_004_kani=true&JigyosyoCd=1071101123-00&ServiceCd=110&Type=search" }, "geometry": { "type": "Point", "coordinates": [ 138.843535400000093, 36.320488500000017 ] } },
{ "type": "Feature", "properties": { "内容": "ヘルパーステーションCharas【訪問介護】群馬県安中市原市2-5-15シャルマン・ドエル203", "url2": "https://www.kaigokensaku.mhlw.go.jp/10/index.php?action_kouhyou_detail_004_kani=true&JigyosyoCd=1071101222-00&ServiceCd=110&Type=search" }, "geometry": { "type": "Point", "coordinates": [ 138.861478, 36.3129023 ] } },
{ "type": "Feature", "properties": { "内容": "ヘルパーステーション　プランタン【訪問介護】群馬県みどり市大間々町桐原1570-498", "url2": "https://www.kaigokensaku.mhlw.go.jp/10/index.php?action_kouhyou_detail_004_kani=true&JigyosyoCd=1073000091-00&ServiceCd=110&Type=search" }, "geometry": { "type": "Point", "coordinates": [ 139.265759900000035, 36.4417463 ] } },
{ "type": "Feature", "properties": { "内容": "訪問介護ステーションわかば笠懸事業所【訪問介護】群馬県みどり市笠懸町阿左美１０５８", "url2": "https://www.kaigokensaku.mhlw.go.jp/10/index.php?action_kouhyou_detail_004_kani=true&JigyosyoCd=1072900770-00&ServiceCd=110&Type=search" }, "geometry": { "type": "Point", "coordinates": [ 139.3063918, 36.3860947 ] } },
{ "type": "Feature", "properties": { "内容": "訪問介護Hygge【訪問介護】群馬県みどり市笠懸町阿左美1135-1", "url2": "https://www.kaigokensaku.mhlw.go.jp/10/index.php?action_kouhyou_detail_004_kani=true&JigyosyoCd=1071200834-00&ServiceCd=110&Type=search" }, "geometry": { "type": "Point", "coordinates": [ 139.30804020000005, 36.3883282 ] } },
{ "type": "Feature", "properties": { "内容": "ニーズ【訪問介護】群馬県みどり市笠懸町阿左美２２２５－３エスポワール７号室", "url2": "https://www.kaigokensaku.mhlw.go.jp/10/index.php?action_kouhyou_detail_004_kani=true&JigyosyoCd=1071201014-00&ServiceCd=110&Type=search" }, "geometry": { "type": "Point", "coordinates": [ 139.295723006745902, 36.402079406031902 ] } },
{ "type": "Feature", "properties": { "内容": "訪問介護ステーションクレイン東邦【訪問介護】群馬県みどり市笠懸町阿左美3276-5", "url2": "https://www.kaigokensaku.mhlw.go.jp/10/index.php?action_kouhyou_detail_004_kani=true&JigyosyoCd=1071200537-00&ServiceCd=110&Type=search" }, "geometry": { "type": "Point", "coordinates": [ 139.310340943516508, 36.390760832813285 ] } },
{ "type": "Feature", "properties": { "内容": "介護サービスけやき【訪問介護】群馬県みどり市笠懸町阿左美3314-1", "url2": "https://www.kaigokensaku.mhlw.go.jp/10/index.php?action_kouhyou_detail_004_kani=true&JigyosyoCd=1071200610-00&ServiceCd=110&Type=search" }, "geometry": { "type": "Point", "coordinates": [ 139.3101567, 36.3873894 ] } },
{ "type": "Feature", "properties": { "内容": "オアシス介護センター【訪問介護】群馬県みどり市笠懸町阿左美3375-7", "url2": "https://www.kaigokensaku.mhlw.go.jp/10/index.php?action_kouhyou_detail_004_kani=true&JigyosyoCd=1072900820-00&ServiceCd=110&Type=search" }, "geometry": { "type": "Point", "coordinates": [ 139.312812, 36.3871117 ] } },
{ "type": "Feature", "properties": { "内容": "たんぽぽ介護センター【訪問介護】群馬県みどり市笠懸町鹿3133-7", "url2": "https://www.kaigokensaku.mhlw.go.jp/10/index.php?action_kouhyou_detail_004_kani=true&JigyosyoCd=1072900630-00&ServiceCd=110&Type=search" }, "geometry": { "type": "Point", "coordinates": [ 139.27726830000006, 36.3937881 ] } },
{ "type": "Feature", "properties": { "内容": "ヘルパーステーション　グリーンハート【訪問介護】群馬県みどり市笠懸町西鹿田279－４", "url2": "https://www.kaigokensaku.mhlw.go.jp/10/index.php?action_kouhyou_detail_004_kani=true&JigyosyoCd=1071200982-00&ServiceCd=110&Type=search" }, "geometry": { "type": "Point", "coordinates": [ 139.2872189, 36.4079906 ] } },
{ "type": "Feature", "properties": { "内容": "社会福祉法人柏　訪問介護たかつど【訪問介護】群馬県みどり市大間々町高津戸９９８", "url2": "https://www.kaigokensaku.mhlw.go.jp/10/index.php?action_kouhyou_detail_004_kani=true&JigyosyoCd=1071200131-00&ServiceCd=110&Type=search" }, "geometry": { "type": "Point", "coordinates": [ 139.2859253, 36.4374648 ] } },
{ "type": "Feature", "properties": { "内容": "みどり市社会福祉協議会　訪問介護ステーション【訪問介護】群馬県みどり市大間々町大間々1511番地", "url2": "https://www.kaigokensaku.mhlw.go.jp/10/index.php?action_kouhyou_detail_004_kani=true&JigyosyoCd=1071200040-00&ServiceCd=110&Type=search" }, "geometry": { "type": "Point", "coordinates": [ 139.2732608, 36.4327769 ] } },
{ "type": "Feature", "properties": { "内容": "ホームヘルプ・リスの森【訪問介護】群馬県みどり市大間々町大間々427-1", "url2": "https://www.kaigokensaku.mhlw.go.jp/10/index.php?action_kouhyou_detail_004_kani=true&JigyosyoCd=1070303068-00&ServiceCd=110&Type=search" }, "geometry": { "type": "Point", "coordinates": [ 139.287985, 36.4191271 ] } },
{ "type": "Feature", "properties": { "内容": "ヘルパーステーションはっぴぃ【訪問介護】群馬県みどり市大間々町大間々466-11", "url2": "https://www.kaigokensaku.mhlw.go.jp/10/index.php?action_kouhyou_detail_004_kani=true&JigyosyoCd=1071201030-00&ServiceCd=110&Type=search" }, "geometry": { "type": "Point", "coordinates": [ 139.281962426628127, 36.419249479439031 ] } },
{ "type": "Feature", "properties": { "内容": "朝日ハーモニークラブヘルパーステーション【訪問介護】群馬県みどり市大間々町大間々５６３番地１", "url2": "https://www.kaigokensaku.mhlw.go.jp/10/index.php?action_kouhyou_detail_004_kani=true&JigyosyoCd=1071200362-00&ServiceCd=110&Type=search" }, "geometry": { "type": "Point", "coordinates": [ 139.2781149, 36.4217822 ] } },
{ "type": "Feature", "properties": { "内容": "訪問介護リベルタス笠懸【訪問介護】群馬県みどり市笠懸町阿左美５０８－１チェスナットガーデン２０２", "url2": "https://www.kaigokensaku.mhlw.go.jp/10/index.php?action_kouhyou_detail_004_kani=true&JigyosyoCd=1071201188-00&ServiceCd=110&Type=search" }, "geometry": { "type": "Point", "coordinates": [ 139.2984056, 36.3747043 ] } },
{ "type": "Feature", "properties": { "内容": "合同会社　さくら介護サービス【訪問介護】群馬県北群馬郡榛東村大字新井２４８１番地４", "url2": "https://www.kaigokensaku.mhlw.go.jp/10/index.php?action_kouhyou_detail_004_kani=true&JigyosyoCd=1072200494-00&ServiceCd=110&Type=search" }, "geometry": { "type": "Point", "coordinates": [ 138.994082599999956, 36.4243556 ] } },
{ "type": "Feature", "properties": { "内容": "ヘルパーステーション　喜望峰【訪問介護】群馬県北群馬郡榛東村山子田1145-1", "url2": "https://www.kaigokensaku.mhlw.go.jp/10/index.php?action_kouhyou_detail_004_kani=true&JigyosyoCd=1072200940-00&ServiceCd=110&Type=search" }, "geometry": { "type": "Point", "coordinates": [ 138.9817051, 36.4391757 ] } },
{ "type": "Feature", "properties": { "内容": "訪問介護ファインライフ【訪問介護】群馬県北群馬郡榛東村大字山子田９４０番地アンジョルマハイツなるみA１０１", "url2": "https://www.kaigokensaku.mhlw.go.jp/10/index.php?action_kouhyou_detail_004_kani=true&JigyosyoCd=1072201021-00&ServiceCd=110&Type=search" }, "geometry": { "type": "Point", "coordinates": [ 138.978922353363117, 36.438971756274093 ] } },
{ "type": "Feature", "properties": { "内容": "訪問介護事業所みんなの笑顔【訪問介護】群馬県北群馬郡榛東村新井2205-1", "url2": "https://www.kaigokensaku.mhlw.go.jp/10/index.php?action_kouhyou_detail_004_kani=true&JigyosyoCd=1072200882-00&ServiceCd=110&Type=search" }, "geometry": { "type": "Point", "coordinates": [ 138.988043442549071, 36.428422296133697 ] } },
{ "type": "Feature", "properties": { "内容": "サンライフ介護サービス【訪問介護】群馬県北群馬郡吉岡町下野田1476-2S・カスティーニョⅡ２０１号室", "url2": "https://www.kaigokensaku.mhlw.go.jp/10/index.php?action_kouhyou_detail_004_kani=true&JigyosyoCd=1072201120-00&ServiceCd=110&Type=search" }, "geometry": { "type": "Point", "coordinates": [ 139.0131197, 36.4593806 ] } },
{ "type": "Feature", "properties": { "内容": "ヘルパーステーションゆりの里【訪問介護】群馬県北群馬郡吉岡町大字下野田４７番地１住宅型有料老人ホームゆりの里", "url2": "https://www.kaigokensaku.mhlw.go.jp/10/index.php?action_kouhyou_detail_004_kani=true&JigyosyoCd=1072200668-00&ServiceCd=110&Type=search" }, "geometry": { "type": "Point", "coordinates": [ 139.01323618717197, 36.454450324769283 ] } },
{ "type": "Feature", "properties": { "内容": "ヘルパーステーションねこのあしあと【訪問介護】群馬県北群馬郡吉岡町漆原174番地1", "url2": "https://www.kaigokensaku.mhlw.go.jp/10/index.php?action_kouhyou_detail_004_kani=true&JigyosyoCd=1072201039-00&ServiceCd=110&Type=search" }, "geometry": { "type": "Point", "coordinates": [ 139.02907083820412, 36.450586942601042 ] } },
{ "type": "Feature", "properties": { "内容": "社会福祉法人　吉岡町社会福祉協議会【訪問介護】群馬県北群馬郡吉岡町大字南下１３３３－４", "url2": "https://www.kaigokensaku.mhlw.go.jp/10/index.php?action_kouhyou_detail_004_kani=true&JigyosyoCd=1072200056-00&ServiceCd=110&Type=search" }, "geometry": { "type": "Point", "coordinates": [ 139.0105413, 36.4406292 ] } },
{ "type": "Feature", "properties": { "内容": "神流町社会福祉協議会ホームヘルパーステーション【訪問介護】群馬県多野郡神流町神ヶ原430番地1", "url2": "https://www.kaigokensaku.mhlw.go.jp/10/index.php?action_kouhyou_detail_004_kani=true&JigyosyoCd=1072300518-00&ServiceCd=110&Type=search" }, "geometry": { "type": "Point", "coordinates": [ 138.8282841, 36.0912964 ] } },
{ "type": "Feature", "properties": { "内容": "社会福祉法人　　下仁田町社会福祉協議会【訪問介護】群馬県甘楽郡下仁田町大字本宿3725", "url2": "https://www.kaigokensaku.mhlw.go.jp/10/index.php?action_kouhyou_detail_004_kani=true&JigyosyoCd=1072400011-00&ServiceCd=110&Type=search" }, "geometry": { "type": "Point", "coordinates": [ 138.760714620471163, 36.230272549850746 ] } },
{ "type": "Feature", "properties": { "内容": "さわやかホーム【訪問介護】群馬県甘楽郡南牧村大字大日向９２６", "url2": "https://www.kaigokensaku.mhlw.go.jp/10/index.php?action_kouhyou_detail_004_kani=true&JigyosyoCd=1072400060-00&ServiceCd=110&Type=search" }, "geometry": { "type": "Point", "coordinates": [ 138.70374860000004, 36.1576448 ] } },
{ "type": "Feature", "properties": { "内容": "社会福祉法人中之条町社会福祉協議会【訪問介護】群馬県吾妻郡中之条町大字中之条町1091", "url2": "https://www.kaigokensaku.mhlw.go.jp/10/index.php?action_kouhyou_detail_004_kani=true&JigyosyoCd=1072600040-00&ServiceCd=110&Type=search" }, "geometry": { "type": "Point", "coordinates": [ 138.841075199999977, 36.5898425 ] } },
{ "type": "Feature", "properties": { "内容": "華ヘルパーステーション【訪問介護】群馬県吾妻郡中之条町大字伊勢町1481番地1", "url2": "https://www.kaigokensaku.mhlw.go.jp/10/index.php?action_kouhyou_detail_004_kani=true&JigyosyoCd=1072601527-00&ServiceCd=110&Type=search" }, "geometry": { "type": "Point", "coordinates": [ 138.850784575330181, 36.595777537307505 ] } },
{ "type": "Feature", "properties": { "内容": "ヘルパーステーション　ぬくもり【訪問介護】群馬県吾妻郡長野原町大字応桑1697-6", "url2": "https://www.kaigokensaku.mhlw.go.jp/10/index.php?action_kouhyou_detail_004_kani=true&JigyosyoCd=1072601436-00&ServiceCd=110&Type=search" }, "geometry": { "type": "Point", "coordinates": [ 138.598613127916707, 36.516530024238847 ] } },
{ "type": "Feature", "properties": { "内容": "訪問介護川原湯【訪問介護】群馬県吾妻郡長野原町川原湯482-13はなかしわ内", "url2": "https://www.kaigokensaku.mhlw.go.jp/10/index.php?action_kouhyou_detail_004_kani=true&JigyosyoCd=1072601485-00&ServiceCd=110&Type=search" }, "geometry": { "type": "Point", "coordinates": [ 138.7074644, 36.549850900000017 ] } },
{ "type": "Feature", "properties": { "内容": "合同会社明日架ホームケアあすか【訪問介護】群馬県吾妻郡長野原町大字大津125-3コスモコーポ大津2号棟211号室", "url2": "https://www.kaigokensaku.mhlw.go.jp/10/index.php?action_kouhyou_detail_004_kani=true&JigyosyoCd=1072601501-00&ServiceCd=110&Type=search" }, "geometry": { "type": "Point", "coordinates": [ 138.621695499999987, 36.5544171 ] } },
{ "type": "Feature", "properties": { "内容": "からまつ荘【訪問介護】群馬県吾妻郡長野原町大字与喜屋1624", "url2": "https://www.kaigokensaku.mhlw.go.jp/10/index.php?action_kouhyou_detail_004_kani=true&JigyosyoCd=1072600081-00&ServiceCd=110&Type=search" }, "geometry": { "type": "Point", "coordinates": [ 138.618579100000034, 36.546954 ] } },
{ "type": "Feature", "properties": { "内容": "社会福祉法人　嬬恋村社会福祉協議会【訪問介護】群馬県吾妻郡嬬恋村大字大前1110-1", "url2": "https://www.kaigokensaku.mhlw.go.jp/10/index.php?action_kouhyou_detail_004_kani=true&JigyosyoCd=1072600032-00&ServiceCd=110&Type=search" }, "geometry": { "type": "Point", "coordinates": [ 138.5319819, 36.515188 ] } },
{ "type": "Feature", "properties": { "内容": "ＪＡ嬬恋村【訪問介護】群馬県吾妻郡嬬恋村大字大前767-2", "url2": "https://www.kaigokensaku.mhlw.go.jp/10/index.php?action_kouhyou_detail_004_kani=true&JigyosyoCd=1072600172-00&ServiceCd=110&Type=search" }, "geometry": { "type": "Point", "coordinates": [ 138.5182499, 36.5123296 ] } },
{ "type": "Feature", "properties": { "内容": "あかりケアサービス【訪問介護】群馬県吾妻郡草津町草津246-26", "url2": "https://www.kaigokensaku.mhlw.go.jp/10/index.php?action_kouhyou_detail_004_kani=true&JigyosyoCd=1072601410-00&ServiceCd=110&Type=search" }, "geometry": { "type": "Point", "coordinates": [ 138.601308746171583, 36.617499705409287 ] } },
{ "type": "Feature", "properties": { "内容": "ヘルパーステーション　とくちゃんの手【訪問介護】群馬県吾妻郡草津町前口１９－１こまくさホーム　オランチ草津内", "url2": "https://www.kaigokensaku.mhlw.go.jp/10/index.php?action_kouhyou_detail_004_kani=true&JigyosyoCd=1072601162-00&ServiceCd=110&Type=search" }, "geometry": { "type": "Point", "coordinates": [ 138.584721260713195, 36.596163100045501 ] } },
{ "type": "Feature", "properties": { "内容": "草津町在宅介護サービスセンター【訪問介護】群馬県吾妻郡草津町大字草津４６４－２８", "url2": "https://www.kaigokensaku.mhlw.go.jp/10/index.php?action_kouhyou_detail_004_kani=true&JigyosyoCd=1072600131-00&ServiceCd=110&Type=search" }, "geometry": { "type": "Point", "coordinates": [ 138.589966417057781, 36.620904895275885 ] } },
{ "type": "Feature", "properties": { "内容": "あがつま在宅ケアセンター【訪問介護】群馬県吾妻郡東吾妻町大字原町７０５－１", "url2": "https://www.kaigokensaku.mhlw.go.jp/10/index.php?action_kouhyou_detail_004_kani=true&JigyosyoCd=1072600024-00&ServiceCd=110&Type=search" }, "geometry": { "type": "Point", "coordinates": [ 138.826048577909859, 36.573340213931665 ] } },
{ "type": "Feature", "properties": { "内容": "訪問介護ステーションぽっかぽか【訪問介護】群馬県吾妻郡東吾妻町大字植栗344-3", "url2": "https://www.kaigokensaku.mhlw.go.jp/10/index.php?action_kouhyou_detail_004_kani=true&JigyosyoCd=1072601428-00&ServiceCd=110&Type=search" }, "geometry": { "type": "Point", "coordinates": [ 138.856967700000013, 36.5734529 ] } },
{ "type": "Feature", "properties": { "内容": "訪問介護ステーションおおど【訪問介護】群馬県吾妻郡東吾妻町大戸１３－１", "url2": "https://www.kaigokensaku.mhlw.go.jp/10/index.php?action_kouhyou_detail_004_kani=true&JigyosyoCd=1072600552-00&ServiceCd=110&Type=search" }, "geometry": { "type": "Point", "coordinates": [ 138.760419100000036, 36.5124829 ] } },
{ "type": "Feature", "properties": { "内容": "片品村社会福祉協議会【訪問介護】群馬県利根郡片品村鎌田４０５１番地４ふれあい館", "url2": "https://www.kaigokensaku.mhlw.go.jp/10/index.php?action_kouhyou_detail_004_kani=true&JigyosyoCd=1072700154-00&ServiceCd=110&Type=search" }, "geometry": { "type": "Point", "coordinates": [ 139.22763012540895, 36.770302430418361 ] } },
{ "type": "Feature", "properties": { "内容": "川場村社会福祉協議会ふれあいの館【訪問介護】群馬県利根郡川場村大字谷地3086-1", "url2": "https://www.kaigokensaku.mhlw.go.jp/10/index.php?action_kouhyou_detail_004_kani=true&JigyosyoCd=1072700212-00&ServiceCd=110&Type=search" }, "geometry": { "type": "Point", "coordinates": [ 139.101209899999958, 36.6909999 ] } },
{ "type": "Feature", "properties": { "内容": "ホームケアまつかぜ【訪問介護】群馬県利根郡昭和村糸井1223番地", "url2": "https://www.kaigokensaku.mhlw.go.jp/10/index.php?action_kouhyou_detail_004_kani=true&JigyosyoCd=1070600596-00&ServiceCd=110&Type=search" }, "geometry": { "type": "Point", "coordinates": [ 139.0727539, 36.6407757 ] } },
{ "type": "Feature", "properties": { "内容": "訪問介護事業所ゆずりは【訪問介護】群馬県利根郡昭和村大字糸井2276", "url2": "https://www.kaigokensaku.mhlw.go.jp/10/index.php?action_kouhyou_detail_004_kani=true&JigyosyoCd=1072700865-00&ServiceCd=110&Type=search" }, "geometry": { "type": "Point", "coordinates": [ 139.072709508572984, 36.639193620476654 ] } },
{ "type": "Feature", "properties": { "内容": "訪問介護ステーションみやま【訪問介護】群馬県利根郡みなかみ町湯宿温泉598‐1", "url2": "https://www.kaigokensaku.mhlw.go.jp/10/index.php?action_kouhyou_detail_004_kani=true&JigyosyoCd=1072700923-00&ServiceCd=110&Type=search" }, "geometry": { "type": "Point", "coordinates": [ 138.9134914, 36.699755 ] } },
{ "type": "Feature", "properties": { "内容": "訪問介護みなかみ【訪問介護】群馬県利根郡みなかみ町小仁田623－2", "url2": "https://www.kaigokensaku.mhlw.go.jp/10/index.php?action_kouhyou_detail_004_kani=true&JigyosyoCd=1072700899-00&ServiceCd=110&Type=search" }, "geometry": { "type": "Point", "coordinates": [ 138.973845100000034, 36.75734640000001 ] } },
{ "type": "Feature", "properties": { "内容": "みなかみ社協ヘルパーステーション【訪問介護】群馬県利根郡みなかみ町新巻３０１番地１", "url2": "https://www.kaigokensaku.mhlw.go.jp/10/index.php?action_kouhyou_detail_004_kani=true&JigyosyoCd=1072700592-00&ServiceCd=110&Type=search" }, "geometry": { "type": "Point", "coordinates": [ 138.929198, 36.6877147 ] } },
{ "type": "Feature", "properties": { "内容": "ヘルパーステーションさくらんぼ【訪問介護】群馬県利根郡みなかみ町真庭３１６番地月夜野病院", "url2": "https://www.kaigokensaku.mhlw.go.jp/10/index.php?action_kouhyou_detail_004_kani=true&JigyosyoCd=1072601089-00&ServiceCd=110&Type=search" }, "geometry": { "type": "Point", "coordinates": [ 139.004596799999973, 36.675125100000017 ] } },
{ "type": "Feature", "properties": { "内容": "訪問介護　つくし【訪問介護】群馬県利根郡みなかみ町真庭440-1有料老人ホーム　つくし", "url2": "https://www.kaigokensaku.mhlw.go.jp/10/index.php?action_kouhyou_detail_004_kani=true&JigyosyoCd=1072700816-00&ServiceCd=110&Type=search" }, "geometry": { "type": "Point", "coordinates": [ 139.002515469836396, 36.673321212522339 ] } },
{ "type": "Feature", "properties": { "内容": "ホームヘルパーステーションゆるり【訪問介護】群馬県佐波郡玉村町上之手1511-6", "url2": "https://www.kaigokensaku.mhlw.go.jp/10/index.php?action_kouhyou_detail_004_kani=true&JigyosyoCd=1070403835-00&ServiceCd=110&Type=search" }, "geometry": { "type": "Point", "coordinates": [ 139.117074475182875, 36.298687387051075 ] } },
{ "type": "Feature", "properties": { "内容": "ヘルパーステーションさくら【訪問介護】群馬県佐波郡玉村町大字上新田1882－1　井野住宅４号棟井野住宅４号棟", "url2": "https://www.kaigokensaku.mhlw.go.jp/10/index.php?action_kouhyou_detail_004_kani=true&JigyosyoCd=1070901309-00&ServiceCd=110&Type=search" }, "geometry": { "type": "Point", "coordinates": [ 139.102499004094739, 36.301725750082497 ] } },
{ "type": "Feature", "properties": { "内容": "けあほーむおだやか【訪問介護】群馬県佐波郡玉村町上之手1724-3ジュネスコグレB201", "url2": "https://www.kaigokensaku.mhlw.go.jp/10/index.php?action_kouhyou_detail_004_kani=true&JigyosyoCd=1072801085-00&ServiceCd=110&Type=search" }, "geometry": { "type": "Point", "coordinates": [ 139.1180175, 36.295023 ] } },
{ "type": "Feature", "properties": { "内容": "訪問介護うさぎ【訪問介護】群馬県佐波郡玉村町大字上茂木137番地1", "url2": "https://www.kaigokensaku.mhlw.go.jp/10/index.php?action_kouhyou_detail_004_kani=true&JigyosyoCd=1072800681-00&ServiceCd=110&Type=search" }, "geometry": { "type": "Point", "coordinates": [ 139.128391206326313, 36.302083107914591 ] } },
{ "type": "Feature", "properties": { "内容": "訪問介護ステーション　プラムの森【訪問介護】群馬県佐波郡玉村町川井2119-1", "url2": "https://www.kaigokensaku.mhlw.go.jp/10/index.php?action_kouhyou_detail_004_kani=true&JigyosyoCd=1072800558-00&ServiceCd=110&Type=search" }, "geometry": { "type": "Point", "coordinates": [ 139.148893700000031, 36.287565 ] } },
{ "type": "Feature", "properties": { "内容": "ほっとライフケア【訪問介護】群馬県佐波郡玉村町大字川井2124-2", "url2": "https://www.kaigokensaku.mhlw.go.jp/10/index.php?action_kouhyou_detail_004_kani=true&JigyosyoCd=1072800954-00&ServiceCd=110&Type=search" }, "geometry": { "type": "Point", "coordinates": [ 139.149499200000037, 36.2868012 ] } },
{ "type": "Feature", "properties": { "内容": "ヘルパーステーションつくし【訪問介護】群馬県佐波郡玉村町大字樋越389-7", "url2": "https://www.kaigokensaku.mhlw.go.jp/10/index.php?action_kouhyou_detail_004_kani=true&JigyosyoCd=1072800897-00&ServiceCd=110&Type=search" }, "geometry": { "type": "Point", "coordinates": [ 139.138410139688858, 36.315554423961593 ] } },
{ "type": "Feature", "properties": { "内容": "ヘルパーステーション　かえん【訪問介護】群馬県佐波郡玉村町大字福島１３４０-1", "url2": "https://www.kaigokensaku.mhlw.go.jp/10/index.php?action_kouhyou_detail_004_kani=true&JigyosyoCd=1070403181-00&ServiceCd=110&Type=search" }, "geometry": { "type": "Point", "coordinates": [ 139.115515347053929, 36.312443151992717 ] } },
{ "type": "Feature", "properties": { "内容": "訪問介護ステーションはなの【訪問介護】群馬県佐波郡玉村町上新田1070-1", "url2": "https://www.kaigokensaku.mhlw.go.jp/10/index.php?action_kouhyou_detail_004_kani=true&JigyosyoCd=1072801135-00&ServiceCd=110&Type=search" }, "geometry": { "type": "Point", "coordinates": [ 139.0960422, 36.3107649 ] } },
{ "type": "Feature", "properties": { "内容": "ミモザ荘【訪問介護】群馬県邑楽郡板倉町細谷２１７", "url2": "https://www.kaigokensaku.mhlw.go.jp/10/index.php?action_kouhyou_detail_004_kani=true&JigyosyoCd=1073100016-00&ServiceCd=110&Type=search" }, "geometry": { "type": "Point", "coordinates": [ 139.625201800000013, 36.2480335 ] } },
{ "type": "Feature", "properties": { "内容": "スマイルケアさくらんぼ【訪問介護】群馬県邑楽郡明和町千津井325-1", "url2": "https://www.kaigokensaku.mhlw.go.jp/10/index.php?action_kouhyou_detail_004_kani=true&JigyosyoCd=1073101162-00&ServiceCd=110&Type=search" }, "geometry": { "type": "Point", "coordinates": [ 139.562269900000047, 36.2101894 ] } },
{ "type": "Feature", "properties": { "内容": "ホームヘルパー　とくめい【訪問介護】群馬県邑楽郡明和町梅原1012-1", "url2": "https://www.kaigokensaku.mhlw.go.jp/10/index.php?action_kouhyou_detail_004_kani=true&JigyosyoCd=1070700727-00&ServiceCd=110&Type=search" }, "geometry": { "type": "Point", "coordinates": [ 139.53892437173306, 36.214469698021681 ] } },
{ "type": "Feature", "properties": { "内容": "株式会社ノーマルケア【訪問介護】群馬県邑楽郡千代田町大字下中森１０３４番地", "url2": "https://www.kaigokensaku.mhlw.go.jp/10/index.php?action_kouhyou_detail_004_kani=true&JigyosyoCd=1073100776-00&ServiceCd=110&Type=search" }, "geometry": { "type": "Point", "coordinates": [ 139.484731099999976, 36.1977155 ] } },
{ "type": "Feature", "properties": { "内容": "訪問介護センターたちばな【訪問介護】群馬県邑楽郡大泉町大字寄木戸1638番地の2", "url2": "https://www.kaigokensaku.mhlw.go.jp/10/index.php?action_kouhyou_detail_004_kani=true&JigyosyoCd=1073100826-00&ServiceCd=110&Type=search" }, "geometry": { "type": "Point", "coordinates": [ 139.385450665012371, 36.257635171059157 ] } },
{ "type": "Feature", "properties": { "内容": "ヘルパーステーションつどい古海【訪問介護】群馬県邑楽郡大泉町大字古海２７３", "url2": "https://www.kaigokensaku.mhlw.go.jp/10/index.php?action_kouhyou_detail_004_kani=true&JigyosyoCd=1073100982-00&ServiceCd=110&Type=search" }, "geometry": { "type": "Point", "coordinates": [ 139.417511600000012, 36.2240909 ] } },
{ "type": "Feature", "properties": { "内容": "ヘルパーステーション和もとーな大泉【訪問介護】群馬県大泉町坂田１６０８－９", "url2": "https://www.kaigokensaku.mhlw.go.jp/10/index.php?action_kouhyou_detail_004_kani=true&JigyosyoCd=1073101212-00&ServiceCd=110&Type=search" }, "geometry": { "type": "Point", "coordinates": [ 139.398730589379824, 36.264419921622206 ] } },
{ "type": "Feature", "properties": { "内容": "在宅介護サービスことぶき【訪問介護】群馬県邑楽郡大泉町坂田5-15-18", "url2": "https://www.kaigokensaku.mhlw.go.jp/10/index.php?action_kouhyou_detail_004_kani=true&JigyosyoCd=1073101246-00&ServiceCd=110&Type=search" }, "geometry": { "type": "Point", "coordinates": [ 139.403742, 36.2590314 ] } },
{ "type": "Feature", "properties": { "内容": "ヘルパーステーション　マゼンタ【訪問介護】群馬県邑楽郡大泉町住吉54-11", "url2": "https://www.kaigokensaku.mhlw.go.jp/10/index.php?action_kouhyou_detail_004_kani=true&JigyosyoCd=1073100867-00&ServiceCd=110&Type=search" }, "geometry": { "type": "Point", "coordinates": [ 139.407376271163912, 36.25368085903424 ] } },
{ "type": "Feature", "properties": { "内容": "サンスマイル【訪問介護】群馬県邑楽郡大泉町城之内五丁目14番15号", "url2": "https://www.kaigokensaku.mhlw.go.jp/10/index.php?action_kouhyou_detail_004_kani=true&JigyosyoCd=1073100255-00&ServiceCd=110&Type=search" }, "geometry": { "type": "Point", "coordinates": [ 139.409580099999971, 36.2649866 ] } },
{ "type": "Feature", "properties": { "内容": "ホームヘルプサービス　さぼてん【訪問介護】群馬県邑楽郡大泉町仙石1-39-27", "url2": "https://www.kaigokensaku.mhlw.go.jp/10/index.php?action_kouhyou_detail_004_kani=true&JigyosyoCd=1073100941-00&ServiceCd=110&Type=search" }, "geometry": { "type": "Point", "coordinates": [ 139.397735900000043, 36.242492 ] } },
{ "type": "Feature", "properties": { "内容": "ケアステーション　ラクティ大泉【訪問介護】群馬県邑楽郡大泉町日の出1-10松浪建設第一ビル", "url2": "https://www.kaigokensaku.mhlw.go.jp/10/index.php?action_kouhyou_detail_004_kani=true&JigyosyoCd=1073101394-00&ServiceCd=110&Type=search" }, "geometry": { "type": "Point", "coordinates": [ 139.408889199999976, 36.2460078 ] } },
{ "type": "Feature", "properties": { "内容": "家族の家ひまわり大泉訪問介護事業所【訪問介護】群馬県邑楽郡大泉町日の出52－1", "url2": "https://www.kaigokensaku.mhlw.go.jp/10/index.php?action_kouhyou_detail_004_kani=true&JigyosyoCd=1073101451-00&ServiceCd=110&Type=search" }, "geometry": { "type": "Point", "coordinates": [ 139.4068595, 36.2478761 ] } },
{ "type": "Feature", "properties": { "内容": "訪問介護ステーション利楽　邑楽【訪問介護】群馬県邑楽郡邑楽町中野4596-9", "url2": "https://www.kaigokensaku.mhlw.go.jp/10/index.php?action_kouhyou_detail_004_kani=true&JigyosyoCd=1073101543-00&ServiceCd=110&Type=search" }, "geometry": { "type": "Point", "coordinates": [ 139.4659871, 36.261173800000016 ] } },
{ "type": "Feature", "properties": { "内容": "ほほえみケアステーション【訪問介護】群馬県邑楽郡邑楽町大字石打１４５４－１", "url2": "https://www.kaigokensaku.mhlw.go.jp/10/index.php?action_kouhyou_detail_004_kani=true&JigyosyoCd=1073100594-00&ServiceCd=110&Type=search" }, "geometry": { "type": "Point", "coordinates": [ 139.437301599999955, 36.2760886 ] } },
{ "type": "Feature", "properties": { "内容": "訪問介護ステーション　おうらの里【訪問介護】群馬県邑楽郡邑楽町大字狸塚1039番地1", "url2": "https://www.kaigokensaku.mhlw.go.jp/10/index.php?action_kouhyou_detail_004_kani=true&JigyosyoCd=1073101121-00&ServiceCd=110&Type=search" }, "geometry": { "type": "Point", "coordinates": [ 139.461304701405311, 36.235704392930579 ] } },
{ "type": "Feature", "properties": { "内容": "社会福祉法人邑楽町社会福祉協議会【訪問介護】群馬県邑楽郡邑楽町中野1341-1", "url2": "https://www.kaigokensaku.mhlw.go.jp/10/index.php?action_kouhyou_detail_004_kani=true&JigyosyoCd=1073100073-00&ServiceCd=110&Type=search" }, "geometry": { "type": "Point", "coordinates": [ 139.448214499999949, 36.2695088 ] } }
]
}
