{
"type": "FeatureCollection",
"name": "geo_10_通所介護",
"crs": { "type": "name", "properties": { "name": "urn:ogc:def:crs:OGC:1.3:CRS84" } },
"features": [
{ "type": "Feature", "properties": { "内容": "機能訓練特化型デイサービスサングレイス本町【通所介護】群馬県前橋市本町一丁目１７番地１８", "url2": "https://www.kaigokensaku.mhlw.go.jp/10/index.php?action_kouhyou_detail_004_kani=true&JigyosyoCd=1070108780-00&ServiceCd=150&Type=search" }, "geometry": { "type": "Point", "coordinates": [ 139.0660854, 36.3880803 ] } },
{ "type": "Feature", "properties": { "内容": "デイサービスセンター愛（まな）の家【通所介護】群馬県前橋市朝日町４丁目５－５", "url2": "https://www.kaigokensaku.mhlw.go.jp/10/index.php?action_kouhyou_detail_004_kani=true&JigyosyoCd=1070104730-00&ServiceCd=150&Type=search" }, "geometry": { "type": "Point", "coordinates": [ 139.092049200000019, 36.3811969 ] } },
{ "type": "Feature", "properties": { "内容": "デイサービスセンター福　端気【通所介護】群馬県前橋市端気町389-2", "url2": "https://www.kaigokensaku.mhlw.go.jp/10/index.php?action_kouhyou_detail_004_kani=true&JigyosyoCd=1070108889-00&ServiceCd=150&Type=search" }, "geometry": { "type": "Point", "coordinates": [ 139.0979173, 36.4100534 ] } },
{ "type": "Feature", "properties": { "内容": "デイサービスかえで元総社南【通所介護】群馬県前橋市元総社町721-11", "url2": "https://www.kaigokensaku.mhlw.go.jp/10/index.php?action_kouhyou_detail_004_kani=true&JigyosyoCd=1070108848-00&ServiceCd=150&Type=search" }, "geometry": { "type": "Point", "coordinates": [ 139.037590600000016, 36.381323099999989 ] } },
{ "type": "Feature", "properties": { "内容": "デイサービスかえで【通所介護】群馬県前橋市総社町総社3136-1", "url2": "https://www.kaigokensaku.mhlw.go.jp/10/index.php?action_kouhyou_detail_004_kani=true&JigyosyoCd=1070108905-00&ServiceCd=150&Type=search" }, "geometry": { "type": "Point", "coordinates": [ 139.03786, 36.3953403 ] } },
{ "type": "Feature", "properties": { "内容": "デイサービスオネスティー前橋みなみ【通所介護】群馬県前橋市房丸町264-1", "url2": "https://www.kaigokensaku.mhlw.go.jp/10/index.php?action_kouhyou_detail_004_kani=true&JigyosyoCd=1070108921-00&ServiceCd=150&Type=search" }, "geometry": { "type": "Point", "coordinates": [ 139.11313134528973, 36.337486018962046 ] } },
{ "type": "Feature", "properties": { "内容": "二之沢デイサービス岩神【通所介護】群馬県前橋市岩神町2丁目4-7岩神町医療福祉総合モール", "url2": "https://www.kaigokensaku.mhlw.go.jp/10/index.php?action_kouhyou_detail_004_kani=true&JigyosyoCd=1070108962-00&ServiceCd=150&Type=search" }, "geometry": { "type": "Point", "coordinates": [ 139.0593996, 36.402012200000016 ] } },
{ "type": "Feature", "properties": { "内容": "デイサービスかえで元総社【通所介護】群馬県前橋市元総社町1609", "url2": "https://www.kaigokensaku.mhlw.go.jp/10/index.php?action_kouhyou_detail_004_kani=true&JigyosyoCd=1070108897-00&ServiceCd=150&Type=search" }, "geometry": { "type": "Point", "coordinates": [ 139.027001399999989, 36.3918773 ] } },
{ "type": "Feature", "properties": { "内容": "宿泊機能付きデイサービスりぼん【通所介護】群馬県前橋市荒子町1599-10", "url2": "https://www.kaigokensaku.mhlw.go.jp/10/index.php?action_kouhyou_detail_004_kani=true&JigyosyoCd=1070108996-00&ServiceCd=150&Type=search" }, "geometry": { "type": "Point", "coordinates": [ 139.1605635, 36.3892997 ] } },
{ "type": "Feature", "properties": { "内容": "デイサービスセンタークリスタル下沖【通所介護】群馬県前橋市下沖町123-1", "url2": "https://www.kaigokensaku.mhlw.go.jp/10/index.php?action_kouhyou_detail_004_kani=true&JigyosyoCd=1070106776-00&ServiceCd=150&Type=search" }, "geometry": { "type": "Point", "coordinates": [ 139.090664100000026, 36.3983366 ] } },
{ "type": "Feature", "properties": { "内容": "ほそいデイサービスセンター【通所介護】群馬県前橋市下細井町692", "url2": "https://www.kaigokensaku.mhlw.go.jp/10/index.php?action_kouhyou_detail_004_kani=true&JigyosyoCd=1070101645-00&ServiceCd=150&Type=search" }, "geometry": { "type": "Point", "coordinates": [ 139.083841900000039, 36.4129399 ] } },
{ "type": "Feature", "properties": { "内容": "四季の杜デイサービス【通所介護】群馬県前橋市下小出町1丁目28-19", "url2": "https://www.kaigokensaku.mhlw.go.jp/10/index.php?action_kouhyou_detail_004_kani=true&JigyosyoCd=1070108186-00&ServiceCd=150&Type=search" }, "geometry": { "type": "Point", "coordinates": [ 139.066765171163951, 36.409216389540092 ] } },
{ "type": "Feature", "properties": { "内容": "おりおん【通所介護】群馬県前橋市下小出町ニ丁目14番地4", "url2": "https://www.kaigokensaku.mhlw.go.jp/10/index.php?action_kouhyou_detail_004_kani=true&JigyosyoCd=1070103344-00&ServiceCd=150&Type=search" }, "geometry": { "type": "Point", "coordinates": [ 139.067756502793827, 36.410463328704147 ] } },
{ "type": "Feature", "properties": { "内容": "レッツ倶楽部　下小出【通所介護】群馬県前橋市下小出2丁目22番地8ベルメゾンT　A棟1階", "url2": "https://www.kaigokensaku.mhlw.go.jp/10/index.php?action_kouhyou_detail_004_kani=true&JigyosyoCd=1070107923-00&ServiceCd=150&Type=search" }, "geometry": { "type": "Point", "coordinates": [ 139.0646719, 36.4115745 ] } },
{ "type": "Feature", "properties": { "内容": "デイセンターやまと下新田【通所介護】群馬県前橋市下新田町430番地３", "url2": "https://www.kaigokensaku.mhlw.go.jp/10/index.php?action_kouhyou_detail_004_kani=true&JigyosyoCd=1070107964-00&ServiceCd=150&Type=search" }, "geometry": { "type": "Point", "coordinates": [ 139.0655068, 36.3546972 ] } },
{ "type": "Feature", "properties": { "内容": "デイービスセンタープラチナホームさくら【通所介護】群馬県前橋市下大島町524-12", "url2": "https://www.kaigokensaku.mhlw.go.jp/10/index.php?action_kouhyou_detail_004_kani=true&JigyosyoCd=1070106248-00&ServiceCd=150&Type=search" }, "geometry": { "type": "Point", "coordinates": [ 139.115614, 36.3639858 ] } },
{ "type": "Feature", "properties": { "内容": "デイサービスセンター萬葉の杜【通所介護】群馬県前橋市下大島町538-9", "url2": "https://www.kaigokensaku.mhlw.go.jp/10/index.php?action_kouhyou_detail_004_kani=true&JigyosyoCd=1070106313-00&ServiceCd=150&Type=search" }, "geometry": { "type": "Point", "coordinates": [ 139.114004630411813, 36.363700901679159 ] } },
{ "type": "Feature", "properties": { "内容": "前橋市せきね園デイサービスセンター【通所介護】群馬県前橋市関根町　６６８番地", "url2": "https://www.kaigokensaku.mhlw.go.jp/10/index.php?action_kouhyou_detail_004_kani=true&JigyosyoCd=1070100845-00&ServiceCd=150&Type=search" }, "geometry": { "type": "Point", "coordinates": [ 139.046182700000031, 36.4381659 ] } },
{ "type": "Feature", "properties": { "内容": "前橋ケアセンターひまわり【通所介護】群馬県前橋市関根町６９５－３", "url2": "https://www.kaigokensaku.mhlw.go.jp/10/index.php?action_kouhyou_detail_004_kani=true&JigyosyoCd=1070101546-00&ServiceCd=150&Type=search" }, "geometry": { "type": "Point", "coordinates": [ 139.046204799999941, 36.4401906 ] } },
{ "type": "Feature", "properties": { "内容": "通所介護ベル亀泉【通所介護】群馬県前橋市亀泉町466-1有料老人ホームあらた亀泉", "url2": "https://www.kaigokensaku.mhlw.go.jp/10/index.php?action_kouhyou_detail_004_kani=true&JigyosyoCd=1070108293-00&ServiceCd=150&Type=search" }, "geometry": { "type": "Point", "coordinates": [ 139.123519912971346, 36.399863444406016 ] } },
{ "type": "Feature", "properties": { "内容": "デイサービスセンターつるかめの里【通所介護】群馬県前橋市亀里町333ー4デイサービスセンターつるかめの里", "url2": "https://www.kaigokensaku.mhlw.go.jp/10/index.php?action_kouhyou_detail_004_kani=true&JigyosyoCd=1070108384-00&ServiceCd=150&Type=search" }, "geometry": { "type": "Point", "coordinates": [ 139.090120500000012, 36.3449627 ] } },
{ "type": "Feature", "properties": { "内容": "デイサービスなな色前橋【通所介護】群馬県前橋市亀里町591-3", "url2": "https://www.kaigokensaku.mhlw.go.jp/10/index.php?action_kouhyou_detail_004_kani=true&JigyosyoCd=1070108251-00&ServiceCd=150&Type=search" }, "geometry": { "type": "Point", "coordinates": [ 139.092891683467087, 36.341288037033671 ] } },
{ "type": "Feature", "properties": { "内容": "デイハウスみかんの花【通所介護】群馬県前橋市元総社町1201-1", "url2": "https://www.kaigokensaku.mhlw.go.jp/10/index.php?action_kouhyou_detail_004_kani=true&JigyosyoCd=1070106974-00&ServiceCd=150&Type=search" }, "geometry": { "type": "Point", "coordinates": [ 139.041855199999986, 36.3848873 ] } },
{ "type": "Feature", "properties": { "内容": "エムダブルエス日高　デイトレセンター　ガウディ【通所介護】群馬県前橋市元総社町1213-2", "url2": "https://www.kaigokensaku.mhlw.go.jp/10/index.php?action_kouhyou_detail_004_kani=true&JigyosyoCd=1070107915-00&ServiceCd=150&Type=search" }, "geometry": { "type": "Point", "coordinates": [ 139.028181, 36.38593 ] } },
{ "type": "Feature", "properties": { "内容": "ディサービスかえで新前橋【通所介護】群馬県前橋市元総社町1235-1", "url2": "https://www.kaigokensaku.mhlw.go.jp/10/index.php?action_kouhyou_detail_004_kani=true&JigyosyoCd=1070107758-00&ServiceCd=150&Type=search" }, "geometry": { "type": "Point", "coordinates": [ 139.02902454675521, 36.38485555905509 ] } },
{ "type": "Feature", "properties": { "内容": "アースケアデイサービスセンター元総社【通所介護】群馬県前橋市元総社町530-4", "url2": "https://www.kaigokensaku.mhlw.go.jp/10/index.php?action_kouhyou_detail_004_kani=true&JigyosyoCd=1070105885-00&ServiceCd=150&Type=search" }, "geometry": { "type": "Point", "coordinates": [ 139.040572200000042, 36.3764386 ] } },
{ "type": "Feature", "properties": { "内容": "五代・東山　デイサービス【通所介護】群馬県前橋市五代町1073-7五代・東山　デイサービスセンター", "url2": "https://www.kaigokensaku.mhlw.go.jp/10/index.php?action_kouhyou_detail_004_kani=true&JigyosyoCd=1070106115-00&ServiceCd=150&Type=search" }, "geometry": { "type": "Point", "coordinates": [ 139.115654599999971, 36.4140324 ] } },
{ "type": "Feature", "properties": { "内容": "デイサービス　トリトン【通所介護】群馬県前橋市五代町４７４－１", "url2": "https://www.kaigokensaku.mhlw.go.jp/10/index.php?action_kouhyou_detail_004_kani=true&JigyosyoCd=1070105992-00&ServiceCd=150&Type=search" }, "geometry": { "type": "Point", "coordinates": [ 139.11570729999994, 36.412318800000016 ] } },
{ "type": "Feature", "properties": { "内容": "デイサービス壱【通所介護】群馬県前橋市公田町604-1住宅型有料老人ホーム伍", "url2": "https://www.kaigokensaku.mhlw.go.jp/10/index.php?action_kouhyou_detail_004_kani=true&JigyosyoCd=1070107212-00&ServiceCd=150&Type=search" }, "geometry": { "type": "Point", "coordinates": [ 139.07722170615159, 36.343291224448429 ] } },
{ "type": "Feature", "properties": { "内容": "やすらぎ園デイサービスセンター【通所介護】群馬県前橋市江木町1225-1", "url2": "https://www.kaigokensaku.mhlw.go.jp/10/index.php?action_kouhyou_detail_004_kani=true&JigyosyoCd=1070100753-00&ServiceCd=150&Type=search" }, "geometry": { "type": "Point", "coordinates": [ 139.133257599999979, 36.4064396 ] } },
{ "type": "Feature", "properties": { "内容": "ディーズスポーツプラザデイサービス【通所介護】群馬県前橋市江木町1701-1", "url2": "https://www.kaigokensaku.mhlw.go.jp/10/index.php?action_kouhyou_detail_004_kani=true&JigyosyoCd=1070108244-00&ServiceCd=150&Type=search" }, "geometry": { "type": "Point", "coordinates": [ 139.13895280674592, 36.395998662091642 ] } },
{ "type": "Feature", "properties": { "内容": "通所介護やまと江木【通所介護】群馬県前橋市江木町76番地", "url2": "https://www.kaigokensaku.mhlw.go.jp/10/index.php?action_kouhyou_detail_004_kani=true&JigyosyoCd=1070104979-00&ServiceCd=150&Type=search" }, "geometry": { "type": "Point", "coordinates": [ 139.131525, 36.3882863 ] } },
{ "type": "Feature", "properties": { "内容": "デイサービスセンター花こころ【通所介護】群馬県前橋市荒子町１０８６－3デイサービスセンター花こころ", "url2": "https://www.kaigokensaku.mhlw.go.jp/10/index.php?action_kouhyou_detail_004_kani=true&JigyosyoCd=1070108061-00&ServiceCd=150&Type=search" }, "geometry": { "type": "Point", "coordinates": [ 139.166632557011809, 36.380063782368438 ] } },
{ "type": "Feature", "properties": { "内容": "デイサービスＮＡＧＯＭＩ【通所介護】群馬県前橋市荒子町1549-1ナーシングホームＮＡＧＯＭＩ", "url2": "https://www.kaigokensaku.mhlw.go.jp/10/index.php?action_kouhyou_detail_004_kani=true&JigyosyoCd=1070107972-00&ServiceCd=150&Type=search" }, "geometry": { "type": "Point", "coordinates": [ 139.158961203704848, 36.388631542166706 ] } },
{ "type": "Feature", "properties": { "内容": "デイサービス　まなか【通所介護】群馬県前橋市荒牧町１丁目１５－４", "url2": "https://www.kaigokensaku.mhlw.go.jp/10/index.php?action_kouhyou_detail_004_kani=true&JigyosyoCd=1070104649-00&ServiceCd=150&Type=search" }, "geometry": { "type": "Point", "coordinates": [ 139.0606682, 36.4269371 ] } },
{ "type": "Feature", "properties": { "内容": "デイホーム孫の手・あらまき【通所介護】群馬県前橋市荒牧町1丁目34-10", "url2": "https://www.kaigokensaku.mhlw.go.jp/10/index.php?action_kouhyou_detail_004_kani=true&JigyosyoCd=1070107345-00&ServiceCd=150&Type=search" }, "geometry": { "type": "Point", "coordinates": [ 139.057720490737893, 36.429243483838654 ] } },
{ "type": "Feature", "properties": { "内容": "こころや荒牧デイサービス【通所介護】群馬県前橋市荒牧町2-28-4", "url2": "https://www.kaigokensaku.mhlw.go.jp/10/index.php?action_kouhyou_detail_004_kani=true&JigyosyoCd=1070106800-00&ServiceCd=150&Type=search" }, "geometry": { "type": "Point", "coordinates": [ 139.054124499999944, 36.423701300000019 ] } },
{ "type": "Feature", "properties": { "内容": "デイサービスセンター　春日和　国領町【通所介護】群馬県前橋市国領町２丁目１３番４３号", "url2": "https://www.kaigokensaku.mhlw.go.jp/10/index.php?action_kouhyou_detail_004_kani=true&JigyosyoCd=1070105208-00&ServiceCd=150&Type=search" }, "geometry": { "type": "Point", "coordinates": [ 139.066342165992751, 36.404767136340247 ] } },
{ "type": "Feature", "properties": { "内容": "ニコット前橋【通所介護】群馬県前橋市三俣町3-30-3ＮＦビル1F", "url2": "https://www.kaigokensaku.mhlw.go.jp/10/index.php?action_kouhyou_detail_004_kani=true&JigyosyoCd=1070106792-00&ServiceCd=150&Type=search" }, "geometry": { "type": "Point", "coordinates": [ 139.085230254631028, 36.399763625920883 ] } },
{ "type": "Feature", "properties": { "内容": "ケアステーションあさひ前橋三俣【通所介護】群馬県前橋市三俣町2-12-20", "url2": "https://www.kaigokensaku.mhlw.go.jp/10/index.php?action_kouhyou_detail_004_kani=true&JigyosyoCd=1070103443-00&ServiceCd=150&Type=search" }, "geometry": { "type": "Point", "coordinates": [ 139.088675599999988, 36.3973756 ] } },
{ "type": "Feature", "properties": { "内容": "デイサービスセンター第2アポロ【通所介護】群馬県前橋市山王町二丁目40番地1", "url2": "https://www.kaigokensaku.mhlw.go.jp/10/index.php?action_kouhyou_detail_004_kani=true&JigyosyoCd=1070104367-00&ServiceCd=150&Type=search" }, "geometry": { "type": "Point", "coordinates": [ 139.128029, 36.352301 ] } },
{ "type": "Feature", "properties": { "内容": "宮城の里デイサービスセンター【通所介護】群馬県前橋市市之関町４０１", "url2": "https://www.kaigokensaku.mhlw.go.jp/10/index.php?action_kouhyou_detail_004_kani=true&JigyosyoCd=1072000183-00&ServiceCd=150&Type=search" }, "geometry": { "type": "Point", "coordinates": [ 139.148289266235679, 36.453150856708632 ] } },
{ "type": "Feature", "properties": { "内容": "デイサービス・スマイル若宮【通所介護】群馬県前橋市若宮町一丁目８番地２０", "url2": "https://www.kaigokensaku.mhlw.go.jp/10/index.php?action_kouhyou_detail_004_kani=true&JigyosyoCd=1070104276-00&ServiceCd=150&Type=search" }, "geometry": { "type": "Point", "coordinates": [ 139.0715798, 36.3989888 ] } },
{ "type": "Feature", "properties": { "内容": "デイサービスセンターきせ【通所介護】群馬県前橋市小屋原町341番地の1", "url2": "https://www.kaigokensaku.mhlw.go.jp/10/index.php?action_kouhyou_detail_004_kani=true&JigyosyoCd=1070104466-00&ServiceCd=150&Type=search" }, "geometry": { "type": "Point", "coordinates": [ 139.134780800000044, 36.3587478 ] } },
{ "type": "Feature", "properties": { "内容": "デイサービスセンター笑顔【通所介護】群馬県前橋市小神明町632-1メディカルホームコジンメイ", "url2": "https://www.kaigokensaku.mhlw.go.jp/10/index.php?action_kouhyou_detail_004_kani=true&JigyosyoCd=1070105562-00&ServiceCd=150&Type=search" }, "geometry": { "type": "Point", "coordinates": [ 139.0964356, 36.417149 ] } },
{ "type": "Feature", "properties": { "内容": "デイサービスグランポルト前橋【通所介護】群馬県前橋市昭和町3丁目11番18号", "url2": "https://www.kaigokensaku.mhlw.go.jp/10/index.php?action_kouhyou_detail_004_kani=true&JigyosyoCd=1070106636-00&ServiceCd=150&Type=search" }, "geometry": { "type": "Point", "coordinates": [ 139.062460227616839, 36.405569525284974 ] } },
{ "type": "Feature", "properties": { "内容": "ケアステーションあさひ前橋昭和町【通所介護】群馬県前橋市昭和町3-3-1", "url2": "https://www.kaigokensaku.mhlw.go.jp/10/index.php?action_kouhyou_detail_004_kani=true&JigyosyoCd=1070104813-00&ServiceCd=150&Type=search" }, "geometry": { "type": "Point", "coordinates": [ 139.065608, 36.4037963 ] } },
{ "type": "Feature", "properties": { "内容": "前橋市春日の里デイサービスセンター【通所介護】群馬県前橋市上佐鳥町７７４番地", "url2": "https://www.kaigokensaku.mhlw.go.jp/10/index.php?action_kouhyou_detail_004_kani=true&JigyosyoCd=1070100456-00&ServiceCd=150&Type=search" }, "geometry": { "type": "Point", "coordinates": [ 139.083955, 36.355752699999982 ] } },
{ "type": "Feature", "properties": { "内容": "デイサービス花の郷　-橙-【通所介護】群馬県前橋市上細井町1882番地1", "url2": "https://www.kaigokensaku.mhlw.go.jp/10/index.php?action_kouhyou_detail_004_kani=true&JigyosyoCd=1070105455-00&ServiceCd=150&Type=search" }, "geometry": { "type": "Point", "coordinates": [ 139.0748393, 36.4230631 ] } },
{ "type": "Feature", "properties": { "内容": "デイサービス愛楽【通所介護】群馬県前橋市上細井町2015", "url2": "https://www.kaigokensaku.mhlw.go.jp/10/index.php?action_kouhyou_detail_004_kani=true&JigyosyoCd=1070107295-00&ServiceCd=150&Type=search" }, "geometry": { "type": "Point", "coordinates": [ 139.077557513079341, 36.416298568052248 ] } },
{ "type": "Feature", "properties": { "内容": "ケアステーションあさひ前橋上小出【通所介護】群馬県前橋市上小出町1-20-1", "url2": "https://www.kaigokensaku.mhlw.go.jp/10/index.php?action_kouhyou_detail_004_kani=true&JigyosyoCd=1070103864-00&ServiceCd=150&Type=search" }, "geometry": { "type": "Point", "coordinates": [ 139.059871899999962, 36.4119477 ] } },
{ "type": "Feature", "properties": { "内容": "グリーンライフ前橋敷島デイサービスセンター【通所介護】群馬県前橋市上小出町3丁目2番9", "url2": "https://www.kaigokensaku.mhlw.go.jp/10/index.php?action_kouhyou_detail_004_kani=true&JigyosyoCd=1070107188-00&ServiceCd=150&Type=search" }, "geometry": { "type": "Point", "coordinates": [ 139.057352400000013, 36.4172579 ] } },
{ "type": "Feature", "properties": { "内容": "ウェルスタイル前橋デイサービスセンター【通所介護】群馬県前橋市上小出町２丁目２－２７－１１", "url2": "https://www.kaigokensaku.mhlw.go.jp/10/index.php?action_kouhyou_detail_004_kani=true&JigyosyoCd=1070105281-00&ServiceCd=150&Type=search" }, "geometry": { "type": "Point", "coordinates": [ 139.057458200000042, 36.4126892 ] } },
{ "type": "Feature", "properties": { "内容": "こぐま舘デイサービスセンター【通所介護】群馬県前橋市上泉町６７７ー２", "url2": "https://www.kaigokensaku.mhlw.go.jp/10/index.php?action_kouhyou_detail_004_kani=true&JigyosyoCd=1070104060-00&ServiceCd=150&Type=search" }, "geometry": { "type": "Point", "coordinates": [ 139.101601399999936, 36.3971315 ] } },
{ "type": "Feature", "properties": { "内容": "デイサービス上泉【通所介護】群馬県前橋市上泉町883-1", "url2": "https://www.kaigokensaku.mhlw.go.jp/10/index.php?action_kouhyou_detail_004_kani=true&JigyosyoCd=1070105620-00&ServiceCd=150&Type=search" }, "geometry": { "type": "Point", "coordinates": [ 139.10384810000005, 36.4035114 ] } },
{ "type": "Feature", "properties": { "内容": "上毛の里デイサービスセンター【通所介護】群馬県前橋市上増田町３番地", "url2": "https://www.kaigokensaku.mhlw.go.jp/10/index.php?action_kouhyou_detail_004_kani=true&JigyosyoCd=1070100688-00&ServiceCd=150&Type=search" }, "geometry": { "type": "Point", "coordinates": [ 139.148503788221774, 36.351563453830806 ] } },
{ "type": "Feature", "properties": { "内容": "デイサービス誠【通所介護】群馬県前橋市上大島町6-3", "url2": "https://www.kaigokensaku.mhlw.go.jp/10/index.php?action_kouhyou_detail_004_kani=true&JigyosyoCd=1070107683-00&ServiceCd=150&Type=search" }, "geometry": { "type": "Point", "coordinates": [ 139.111403688885503, 36.375508548691634 ] } },
{ "type": "Feature", "properties": { "内容": "デイサービス城東【通所介護】群馬県前橋市城東町３丁目15－28", "url2": "https://www.kaigokensaku.mhlw.go.jp/10/index.php?action_kouhyou_detail_004_kani=true&JigyosyoCd=1070102783-00&ServiceCd=150&Type=search" }, "geometry": { "type": "Point", "coordinates": [ 139.078559560713217, 36.392199674309694 ] } },
{ "type": "Feature", "properties": { "内容": "清流館城東【通所介護】群馬県前橋市城東町2-15-25清流館城東", "url2": "https://www.kaigokensaku.mhlw.go.jp/10/index.php?action_kouhyou_detail_004_kani=true&JigyosyoCd=1070108475-00&ServiceCd=150&Type=search" }, "geometry": { "type": "Point", "coordinates": [ 139.076414325131253, 36.394124217376081 ] } },
{ "type": "Feature", "properties": { "内容": "きらめき【通所介護】群馬県前橋市新堀町119-7", "url2": "https://www.kaigokensaku.mhlw.go.jp/10/index.php?action_kouhyou_detail_004_kani=true&JigyosyoCd=1070107865-00&ServiceCd=150&Type=search" }, "geometry": { "type": "Point", "coordinates": [ 139.0980937, 36.3276763 ] } },
{ "type": "Feature", "properties": { "内容": "デイサービスセンターべにばな前橋【通所介護】群馬県前橋市西善町615-3", "url2": "https://www.kaigokensaku.mhlw.go.jp/10/index.php?action_kouhyou_detail_004_kani=true&JigyosyoCd=1070108152-00&ServiceCd=150&Type=search" }, "geometry": { "type": "Point", "coordinates": [ 139.112563136492952, 36.346112755219629 ] } },
{ "type": "Feature", "properties": { "内容": "デイサービス　七【通所介護】群馬県前橋市西善町845-1", "url2": "https://www.kaigokensaku.mhlw.go.jp/10/index.php?action_kouhyou_detail_004_kani=true&JigyosyoCd=1070106487-00&ServiceCd=150&Type=search" }, "geometry": { "type": "Point", "coordinates": [ 139.110791680617012, 36.342769388841951 ] } },
{ "type": "Feature", "properties": { "内容": "ひまわり神沢の森【通所介護】群馬県前橋市西大室町３９－１", "url2": "https://www.kaigokensaku.mhlw.go.jp/10/index.php?action_kouhyou_detail_004_kani=true&JigyosyoCd=1070106420-00&ServiceCd=150&Type=search" }, "geometry": { "type": "Point", "coordinates": [ 139.177538599999906, 36.3971914 ] } },
{ "type": "Feature", "properties": { "内容": "デイサービス桃の瀬【通所介護】群馬県前橋市西片貝町3-308-1デイサービス桃の瀬", "url2": "https://www.kaigokensaku.mhlw.go.jp/10/index.php?action_kouhyou_detail_004_kani=true&JigyosyoCd=1070107543-00&ServiceCd=150&Type=search" }, "geometry": { "type": "Point", "coordinates": [ 139.090747700000065, 36.390407 ] } },
{ "type": "Feature", "properties": { "内容": "デイサービス　ひだまりの峰【通所介護】群馬県前橋市西片貝町2-414-3", "url2": "https://www.kaigokensaku.mhlw.go.jp/10/index.php?action_kouhyou_detail_004_kani=true&JigyosyoCd=1070107428-00&ServiceCd=150&Type=search" }, "geometry": { "type": "Point", "coordinates": [ 139.099004700000023, 36.3935152 ] } },
{ "type": "Feature", "properties": { "内容": "デイサービス青柳【通所介護】群馬県前橋市青柳町４９３", "url2": "https://www.kaigokensaku.mhlw.go.jp/10/index.php?action_kouhyou_detail_004_kani=true&JigyosyoCd=1070103294-00&ServiceCd=150&Type=search" }, "geometry": { "type": "Point", "coordinates": [ 139.067576543090041, 36.421206110580798 ] } },
{ "type": "Feature", "properties": { "内容": "デイサービスセンター菜摘【通所介護】群馬県前橋市青柳町833-1", "url2": "https://www.kaigokensaku.mhlw.go.jp/10/index.php?action_kouhyou_detail_004_kani=true&JigyosyoCd=1070106560-00&ServiceCd=150&Type=search" }, "geometry": { "type": "Point", "coordinates": [ 139.069448868088102, 36.424762243768555 ] } },
{ "type": "Feature", "properties": { "内容": "ケアコロデイ前橋青柳【通所介護】群馬県前橋市青柳町94番地6", "url2": "https://www.kaigokensaku.mhlw.go.jp/10/index.php?action_kouhyou_detail_004_kani=true&JigyosyoCd=1070106123-00&ServiceCd=150&Type=search" }, "geometry": { "type": "Point", "coordinates": [ 139.072983199999953, 36.4188131 ] } },
{ "type": "Feature", "properties": { "内容": "あおなしデイサービスセンター【通所介護】群馬県前橋市青梨子町１６７０", "url2": "https://www.kaigokensaku.mhlw.go.jp/10/index.php?action_kouhyou_detail_004_kani=true&JigyosyoCd=1070101504-00&ServiceCd=150&Type=search" }, "geometry": { "type": "Point", "coordinates": [ 139.011307200000033, 36.4058111 ] } },
{ "type": "Feature", "properties": { "内容": "きよさとデイサービスセンター【通所介護】群馬県前橋市青梨子町503", "url2": "https://www.kaigokensaku.mhlw.go.jp/10/index.php?action_kouhyou_detail_004_kani=true&JigyosyoCd=1070100605-00&ServiceCd=150&Type=search" }, "geometry": { "type": "Point", "coordinates": [ 139.014159100000029, 36.416771 ] } },
{ "type": "Feature", "properties": { "内容": "ツクイ前橋【通所介護】群馬県前橋市石倉町5-9-10", "url2": "https://www.kaigokensaku.mhlw.go.jp/10/index.php?action_kouhyou_detail_004_kani=true&JigyosyoCd=1070103682-00&ServiceCd=150&Type=search" }, "geometry": { "type": "Point", "coordinates": [ 139.0540427, 36.3920352 ] } },
{ "type": "Feature", "properties": { "内容": "デイサービス　グランヴィル前橋【通所介護】群馬県前橋市千代田町3丁目3－20グランヴィル前橋", "url2": "https://www.kaigokensaku.mhlw.go.jp/10/index.php?action_kouhyou_detail_004_kani=true&JigyosyoCd=1070103112-00&ServiceCd=150&Type=search" }, "geometry": { "type": "Point", "coordinates": [ 139.06961350000006, 36.3949949 ] } },
{ "type": "Feature", "properties": { "内容": "グランヴィル前橋デイサービスセンター弁天通り【通所介護】群馬県前橋市千代田町3丁目9－1", "url2": "https://www.kaigokensaku.mhlw.go.jp/10/index.php?action_kouhyou_detail_004_kani=true&JigyosyoCd=1070105554-00&ServiceCd=150&Type=search" }, "geometry": { "type": "Point", "coordinates": [ 139.070191199999954, 36.3941478 ] } },
{ "type": "Feature", "properties": { "内容": "デイサービスあい暖【通所介護】群馬県前橋市川曲町1-1", "url2": "https://www.kaigokensaku.mhlw.go.jp/10/index.php?action_kouhyou_detail_004_kani=true&JigyosyoCd=1070104557-00&ServiceCd=150&Type=search" }, "geometry": { "type": "Point", "coordinates": [ 139.049183200000016, 36.3528247 ] } },
{ "type": "Feature", "properties": { "内容": "デイサービスてのひら川原【通所介護】群馬県前橋市川原町1丁目34-8", "url2": "https://www.kaigokensaku.mhlw.go.jp/10/index.php?action_kouhyou_detail_004_kani=true&JigyosyoCd=1070108392-00&ServiceCd=150&Type=search" }, "geometry": { "type": "Point", "coordinates": [ 139.0427807, 36.4257983 ] } },
{ "type": "Feature", "properties": { "内容": "デイサービス　輪【通所介護】群馬県前橋市川原町１丁目４９番地1", "url2": "https://www.kaigokensaku.mhlw.go.jp/10/index.php?action_kouhyou_detail_004_kani=true&JigyosyoCd=1070102775-00&ServiceCd=150&Type=search" }, "geometry": { "type": "Point", "coordinates": [ 139.040292300000033, 36.4262008 ] } },
{ "type": "Feature", "properties": { "内容": "デイサービスセンターコスモス川原【通所介護】群馬県前橋市川原町二丁目２３番地８", "url2": "https://www.kaigokensaku.mhlw.go.jp/10/index.php?action_kouhyou_detail_004_kani=true&JigyosyoCd=1070103302-00&ServiceCd=150&Type=search" }, "geometry": { "type": "Point", "coordinates": [ 139.038356099999987, 36.4296031 ] } },
{ "type": "Feature", "properties": { "内容": "デイサロンうらら川原【通所介護】群馬県前橋市川原町2-34-19", "url2": "https://www.kaigokensaku.mhlw.go.jp/10/index.php?action_kouhyou_detail_004_kani=true&JigyosyoCd=1070107048-00&ServiceCd=150&Type=search" }, "geometry": { "type": "Point", "coordinates": [ 139.0378809, 36.4304024 ] } },
{ "type": "Feature", "properties": { "内容": "デイサービス　こもれ陽【通所介護】群馬県前橋市総社町植野957-1", "url2": "https://www.kaigokensaku.mhlw.go.jp/10/index.php?action_kouhyou_detail_004_kani=true&JigyosyoCd=1070107691-00&ServiceCd=150&Type=search" }, "geometry": { "type": "Point", "coordinates": [ 139.040566600000034, 36.416225099999984 ] } },
{ "type": "Feature", "properties": { "内容": "ココロデイサービスまえばし【通所介護】群馬県前橋市総社町総社2544-5", "url2": "https://www.kaigokensaku.mhlw.go.jp/10/index.php?action_kouhyou_detail_004_kani=true&JigyosyoCd=1070107451-00&ServiceCd=150&Type=search" }, "geometry": { "type": "Point", "coordinates": [ 139.029928210220305, 36.40193305500852 ] } },
{ "type": "Feature", "properties": { "内容": "こうふく園デイサービスセンター【通所介護】群馬県前橋市大胡町３５１－１", "url2": "https://www.kaigokensaku.mhlw.go.jp/10/index.php?action_kouhyou_detail_004_kani=true&JigyosyoCd=1070102437-00&ServiceCd=150&Type=search" }, "geometry": { "type": "Point", "coordinates": [ 139.1607232, 36.4093621 ] } },
{ "type": "Feature", "properties": { "内容": "デイサービスかえで大渡【通所介護】群馬県前橋市大渡町1-1-58", "url2": "https://www.kaigokensaku.mhlw.go.jp/10/index.php?action_kouhyou_detail_004_kani=true&JigyosyoCd=1070107832-00&ServiceCd=150&Type=search" }, "geometry": { "type": "Point", "coordinates": [ 139.050265599999989, 36.398772 ] } },
{ "type": "Feature", "properties": { "内容": "ウェルスタイル前橋デイサービスセンター大渡【通所介護】群馬県前橋市大渡町１－２２－７トートイス前橋２号館", "url2": "https://www.kaigokensaku.mhlw.go.jp/10/index.php?action_kouhyou_detail_004_kani=true&JigyosyoCd=1070106552-00&ServiceCd=150&Type=search" }, "geometry": { "type": "Point", "coordinates": [ 139.048497556483426, 36.400570382485995 ] } },
{ "type": "Feature", "properties": { "内容": "デイホーム孫の手・前橋南【通所介護】群馬県前橋市中内町150-1", "url2": "https://www.kaigokensaku.mhlw.go.jp/10/index.php?action_kouhyou_detail_004_kani=true&JigyosyoCd=1070105158-00&ServiceCd=150&Type=search" }, "geometry": { "type": "Point", "coordinates": [ 139.1272209, 36.3410325 ] } },
{ "type": "Feature", "properties": { "内容": "デイサービスセンター　虹【通所介護】群馬県前橋市朝倉町157番3", "url2": "https://www.kaigokensaku.mhlw.go.jp/10/index.php?action_kouhyou_detail_004_kani=true&JigyosyoCd=1070101371-00&ServiceCd=150&Type=search" }, "geometry": { "type": "Point", "coordinates": [ 139.094857181953444, 36.366590948394801 ] } },
{ "type": "Feature", "properties": { "内容": "シンシア前橋デイサービス【通所介護】群馬県前橋市朝日町3丁目16-2", "url2": "https://www.kaigokensaku.mhlw.go.jp/10/index.php?action_kouhyou_detail_004_kani=true&JigyosyoCd=1070107527-00&ServiceCd=150&Type=search" }, "geometry": { "type": "Point", "coordinates": [ 139.08825939999997, 36.3840605 ] } },
{ "type": "Feature", "properties": { "内容": "デイサービスセンター　えいめい【通所介護】群馬県前橋市天川大島町三丁目７０５番地", "url2": "https://www.kaigokensaku.mhlw.go.jp/10/index.php?action_kouhyou_detail_004_kani=true&JigyosyoCd=1070101306-00&ServiceCd=150&Type=search" }, "geometry": { "type": "Point", "coordinates": [ 139.108023300000013, 36.3770536 ] } },
{ "type": "Feature", "properties": { "内容": "ほねつぎデイサービス前橋天川大島町【通所介護】群馬県前橋市天川大島町2-4-13", "url2": "https://www.kaigokensaku.mhlw.go.jp/10/index.php?action_kouhyou_detail_004_kani=true&JigyosyoCd=1070108467-00&ServiceCd=150&Type=search" }, "geometry": { "type": "Point", "coordinates": [ 139.100859, 36.3820086 ] } },
{ "type": "Feature", "properties": { "内容": "デイサービスセンター前橋セジュールの丘たぐち【通所介護】群馬県前橋市田口町７３２－１", "url2": "https://www.kaigokensaku.mhlw.go.jp/10/index.php?action_kouhyou_detail_004_kani=true&JigyosyoCd=1070105927-00&ServiceCd=150&Type=search" }, "geometry": { "type": "Point", "coordinates": [ 139.052101000788809, 36.449459465266237 ] } },
{ "type": "Feature", "properties": { "内容": "デイリビング片貝【通所介護】群馬県前橋市東片貝町１０７９番地", "url2": "https://www.kaigokensaku.mhlw.go.jp/10/index.php?action_kouhyou_detail_004_kani=true&JigyosyoCd=1070108418-00&ServiceCd=150&Type=search" }, "geometry": { "type": "Point", "coordinates": [ 139.111913, 36.3842464 ] } },
{ "type": "Feature", "properties": { "内容": "NEXTコミュニティケアセンター前橋南町【通所介護】群馬県前橋市南町３丁目２３－６", "url2": "https://www.kaigokensaku.mhlw.go.jp/10/index.php?action_kouhyou_detail_004_kani=true&JigyosyoCd=1070103328-00&ServiceCd=150&Type=search" }, "geometry": { "type": "Point", "coordinates": [ 139.075515799999977, 36.381532800000016 ] } },
{ "type": "Feature", "properties": { "内容": "デイサービスかえで二之宮【通所介護】群馬県前橋市二之宮1058-1", "url2": "https://www.kaigokensaku.mhlw.go.jp/10/index.php?action_kouhyou_detail_004_kani=true&JigyosyoCd=1070108269-00&ServiceCd=150&Type=search" }, "geometry": { "type": "Point", "coordinates": [ 139.165600568786658, 36.364045050731427 ] } },
{ "type": "Feature", "properties": { "内容": "リハビリ特化型デイサービスHARU【通所介護】群馬県前橋市二ノ宮町1381番地11", "url2": "https://www.kaigokensaku.mhlw.go.jp/10/index.php?action_kouhyou_detail_004_kani=true&JigyosyoCd=1070107105-00&ServiceCd=150&Type=search" }, "geometry": { "type": "Point", "coordinates": [ 139.157502499999964, 36.3674671 ] } },
{ "type": "Feature", "properties": { "内容": "デイサービス蘭【通所介護】群馬県前橋市日吉町4-19-20", "url2": "https://www.kaigokensaku.mhlw.go.jp/10/index.php?action_kouhyou_detail_004_kani=true&JigyosyoCd=1070108301-00&ServiceCd=150&Type=search" }, "geometry": { "type": "Point", "coordinates": [ 139.078708639483835, 36.403819542447664 ] } },
{ "type": "Feature", "properties": { "内容": "前橋市恵風園デイサ－ビスセンタ－【通所介護】群馬県前橋市日吉町2-20-14", "url2": "https://www.kaigokensaku.mhlw.go.jp/10/index.php?action_kouhyou_detail_004_kani=true&JigyosyoCd=1070100472-00&ServiceCd=150&Type=search" }, "geometry": { "type": "Point", "coordinates": [ 139.07947710000002, 36.3952571 ] } },
{ "type": "Feature", "properties": { "内容": "デイサービスセンターあゆみの里【通所介護】群馬県前橋市柏倉町2189-223", "url2": "https://www.kaigokensaku.mhlw.go.jp/10/index.php?action_kouhyou_detail_004_kani=true&JigyosyoCd=1070102114-00&ServiceCd=150&Type=search" }, "geometry": { "type": "Point", "coordinates": [ 139.171544400000016, 36.4608611 ] } },
{ "type": "Feature", "properties": { "内容": "デイサービスセンター元気の郷【通所介護】群馬県前橋市粕川町月田400", "url2": "https://www.kaigokensaku.mhlw.go.jp/10/index.php?action_kouhyou_detail_004_kani=true&JigyosyoCd=1070106917-00&ServiceCd=150&Type=search" }, "geometry": { "type": "Point", "coordinates": [ 139.206026699999939, 36.4313851 ] } },
{ "type": "Feature", "properties": { "内容": "デイサービスえんじゅ【通所介護】群馬県前橋市粕川町月田623-1デイサービスえんじゅ", "url2": "https://www.kaigokensaku.mhlw.go.jp/10/index.php?action_kouhyou_detail_004_kani=true&JigyosyoCd=1070107055-00&ServiceCd=150&Type=search" }, "geometry": { "type": "Point", "coordinates": [ 139.209495445303816, 36.418813204972338 ] } },
{ "type": "Feature", "properties": { "内容": "デイサービスセンターサンローズ【通所介護】群馬県前橋市粕川町室沢1385", "url2": "https://www.kaigokensaku.mhlw.go.jp/10/index.php?action_kouhyou_detail_004_kani=true&JigyosyoCd=1070106404-00&ServiceCd=150&Type=search" }, "geometry": { "type": "Point", "coordinates": [ 139.211701452562039, 36.450114285169967 ] } },
{ "type": "Feature", "properties": { "内容": "デイサービスセンターたなぼ【通所介護】群馬県前橋市粕川町西田面１２０－１", "url2": "https://www.kaigokensaku.mhlw.go.jp/10/index.php?action_kouhyou_detail_004_kani=true&JigyosyoCd=1070102163-00&ServiceCd=150&Type=search" }, "geometry": { "type": "Point", "coordinates": [ 139.2115073, 36.4133097 ] } },
{ "type": "Feature", "properties": { "内容": "デイサービスあおいくま【通所介護】群馬県前橋市飯土井町1092-1デイサービスあおいくま", "url2": "https://www.kaigokensaku.mhlw.go.jp/10/index.php?action_kouhyou_detail_004_kani=true&JigyosyoCd=1070103955-00&ServiceCd=150&Type=search" }, "geometry": { "type": "Point", "coordinates": [ 139.180446557823757, 36.355824672285095 ] } },
{ "type": "Feature", "properties": { "内容": "デイサービスセンター花の丘【通所介護】群馬県前橋市樋越町418-20", "url2": "https://www.kaigokensaku.mhlw.go.jp/10/index.php?action_kouhyou_detail_004_kani=true&JigyosyoCd=1070104250-00&ServiceCd=150&Type=search" }, "geometry": { "type": "Point", "coordinates": [ 139.170030600000018, 36.4163056 ] } },
{ "type": "Feature", "properties": { "内容": "リハビリデイサービス　こはく【通所介護】群馬県前橋市樋越町907", "url2": "https://www.kaigokensaku.mhlw.go.jp/10/index.php?action_kouhyou_detail_004_kani=true&JigyosyoCd=1070107634-00&ServiceCd=150&Type=search" }, "geometry": { "type": "Point", "coordinates": [ 139.17269639999995, 36.4114416 ] } },
{ "type": "Feature", "properties": { "内容": "デイトレセンターKaisei【通所介護】群馬県前橋市富士見町原之郷５５４－１", "url2": "https://www.kaigokensaku.mhlw.go.jp/10/index.php?action_kouhyou_detail_004_kani=true&JigyosyoCd=1070107329-00&ServiceCd=150&Type=search" }, "geometry": { "type": "Point", "coordinates": [ 139.062648099999933, 36.434786 ] } },
{ "type": "Feature", "properties": { "内容": "デイサービスセンターゆめさき【通所介護】群馬県前橋市富士見町原之郷９７５番地", "url2": "https://www.kaigokensaku.mhlw.go.jp/10/index.php?action_kouhyou_detail_004_kani=true&JigyosyoCd=1072000670-00&ServiceCd=150&Type=search" }, "geometry": { "type": "Point", "coordinates": [ 139.066539400000011, 36.4345889 ] } },
{ "type": "Feature", "properties": { "内容": "デイサービスセンター木もれび時沢【通所介護】群馬県前橋市富士見町時沢866", "url2": "https://www.kaigokensaku.mhlw.go.jp/10/index.php?action_kouhyou_detail_004_kani=true&JigyosyoCd=1070107014-00&ServiceCd=150&Type=search" }, "geometry": { "type": "Point", "coordinates": [ 139.08742970000003, 36.4264741 ] } },
{ "type": "Feature", "properties": { "内容": "ふじみ第２デイサービスセンター【通所介護】群馬県前橋市富士見町小沢117番地2", "url2": "https://www.kaigokensaku.mhlw.go.jp/10/index.php?action_kouhyou_detail_004_kani=true&JigyosyoCd=1072000290-00&ServiceCd=150&Type=search" }, "geometry": { "type": "Point", "coordinates": [ 139.085482950926234, 36.455164706082357 ] } },
{ "type": "Feature", "properties": { "内容": "ふじみ第１デイサービスセンター【通所介護】群馬県前橋市富士見町小沢207番地1", "url2": "https://www.kaigokensaku.mhlw.go.jp/10/index.php?action_kouhyou_detail_004_kani=true&JigyosyoCd=1072000282-00&ServiceCd=150&Type=search" }, "geometry": { "type": "Point", "coordinates": [ 139.085445400000026, 36.4535677 ] } },
{ "type": "Feature", "properties": { "内容": "JA群馬厚生連介護センター【通所介護】群馬県前橋市富士見町小沢534番地9", "url2": "https://www.kaigokensaku.mhlw.go.jp/10/index.php?action_kouhyou_detail_004_kani=true&JigyosyoCd=1072000936-00&ServiceCd=150&Type=search" }, "geometry": { "type": "Point", "coordinates": [ 139.076624199999969, 36.4431382 ] } },
{ "type": "Feature", "properties": { "内容": "デイサロンうらら富士見【通所介護】群馬県前橋市富士見町小暮705-1", "url2": "https://www.kaigokensaku.mhlw.go.jp/10/index.php?action_kouhyou_detail_004_kani=true&JigyosyoCd=1070102346-00&ServiceCd=150&Type=search" }, "geometry": { "type": "Point", "coordinates": [ 139.102273827119461, 36.442721826035289 ] } },
{ "type": "Feature", "properties": { "内容": "ゲンキスマイル前橋富士見【通所介護】群馬県前橋市富士見町小暮907-1ゲンキスマイル前橋富士見", "url2": "https://www.kaigokensaku.mhlw.go.jp/10/index.php?action_kouhyou_detail_004_kani=true&JigyosyoCd=1070105828-00&ServiceCd=150&Type=search" }, "geometry": { "type": "Point", "coordinates": [ 139.095928074313406, 36.448654711842686 ] } },
{ "type": "Feature", "properties": { "内容": "デイサービスセンター蓮華草【通所介護】群馬県前橋市富士見町田島616番地", "url2": "https://www.kaigokensaku.mhlw.go.jp/10/index.php?action_kouhyou_detail_004_kani=true&JigyosyoCd=1070102791-00&ServiceCd=150&Type=search" }, "geometry": { "type": "Point", "coordinates": [ 139.076154101327546, 36.458770631173664 ] } },
{ "type": "Feature", "properties": { "内容": "すみれ荘デイサービスセンター【通所介護】群馬県前橋市富田町1180-1", "url2": "https://www.kaigokensaku.mhlw.go.jp/10/index.php?action_kouhyou_detail_004_kani=true&JigyosyoCd=1070100985-00&ServiceCd=150&Type=search" }, "geometry": { "type": "Point", "coordinates": [ 139.146308699999963, 36.3926945 ] } },
{ "type": "Feature", "properties": { "内容": "デイサービスセンターこすもすの庭【通所介護】群馬県前橋市文京町2-10-26", "url2": "https://www.kaigokensaku.mhlw.go.jp/10/index.php?action_kouhyou_detail_004_kani=true&JigyosyoCd=1070105778-00&ServiceCd=150&Type=search" }, "geometry": { "type": "Point", "coordinates": [ 139.082227544180341, 36.379839986351634 ] } },
{ "type": "Feature", "properties": { "内容": "コンパスウォーク前橋北代田【通所介護】群馬県前橋市北代田町158-3", "url2": "https://www.kaigokensaku.mhlw.go.jp/10/index.php?action_kouhyou_detail_004_kani=true&JigyosyoCd=1070107253-00&ServiceCd=150&Type=search" }, "geometry": { "type": "Point", "coordinates": [ 139.075224172293474, 36.413516453202561 ] } },
{ "type": "Feature", "properties": { "内容": "ケアステーションあさひ北前橋【通所介護】群馬県前橋市北代田町216", "url2": "https://www.kaigokensaku.mhlw.go.jp/10/index.php?action_kouhyou_detail_004_kani=true&JigyosyoCd=1070104342-00&ServiceCd=150&Type=search" }, "geometry": { "type": "Point", "coordinates": [ 139.0759372, 36.4109983 ] } },
{ "type": "Feature", "properties": { "内容": "デイサービスアリエ北代田【通所介護】群馬県前橋市北代田町311-1", "url2": "https://www.kaigokensaku.mhlw.go.jp/10/index.php?action_kouhyou_detail_004_kani=true&JigyosyoCd=1070106271-00&ServiceCd=150&Type=search" }, "geometry": { "type": "Point", "coordinates": [ 139.075859400000013, 36.4105789 ] } },
{ "type": "Feature", "properties": { "内容": "ソラチカ【通所介護】群馬県前橋市堀越町2611-8", "url2": "https://www.kaigokensaku.mhlw.go.jp/10/index.php?action_kouhyou_detail_004_kani=true&JigyosyoCd=1070107782-00&ServiceCd=150&Type=search" }, "geometry": { "type": "Point", "coordinates": [ 139.15879, 36.435575 ] } },
{ "type": "Feature", "properties": { "内容": "デイサービスゆたか【通所介護】群馬県前橋市堀越町618-1", "url2": "https://www.kaigokensaku.mhlw.go.jp/10/index.php?action_kouhyou_detail_004_kani=true&JigyosyoCd=1070107444-00&ServiceCd=150&Type=search" }, "geometry": { "type": "Point", "coordinates": [ 139.149494, 36.4252595 ] } },
{ "type": "Feature", "properties": { "内容": "鐘の鳴る丘デイサービスセンター【通所介護】群馬県前橋市堀越町８７８", "url2": "https://www.kaigokensaku.mhlw.go.jp/10/index.php?action_kouhyou_detail_004_kani=true&JigyosyoCd=1072000332-00&ServiceCd=150&Type=search" }, "geometry": { "type": "Point", "coordinates": [ 139.149963399999933, 36.4121893 ] } },
{ "type": "Feature", "properties": { "内容": "デイサービスセンターたいよう前橋【通所介護】群馬県前橋市堀越町971番地5", "url2": "https://www.kaigokensaku.mhlw.go.jp/10/index.php?action_kouhyou_detail_004_kani=true&JigyosyoCd=1070105448-00&ServiceCd=150&Type=search" }, "geometry": { "type": "Point", "coordinates": [ 139.152272759138413, 36.417670469366875 ] } },
{ "type": "Feature", "properties": { "内容": "ディサービスセンター大胡ん家【通所介護】群馬県前橋市茂木町３５６－３", "url2": "https://www.kaigokensaku.mhlw.go.jp/10/index.php?action_kouhyou_detail_004_kani=true&JigyosyoCd=1070104995-00&ServiceCd=150&Type=search" }, "geometry": { "type": "Point", "coordinates": [ 139.151867348410065, 36.408722340495082 ] } },
{ "type": "Feature", "properties": { "内容": "デイサービスせんじゅ【通所介護】群馬県前橋市茂木町63-1", "url2": "https://www.kaigokensaku.mhlw.go.jp/10/index.php?action_kouhyou_detail_004_kani=true&JigyosyoCd=1070105323-00&ServiceCd=150&Type=search" }, "geometry": { "type": "Point", "coordinates": [ 139.156091378248561, 36.410919737539153 ] } },
{ "type": "Feature", "properties": { "内容": "デイサービスセンター元総社【通所介護】群馬県前橋市問屋町一丁目５番地４", "url2": "https://www.kaigokensaku.mhlw.go.jp/10/index.php?action_kouhyou_detail_004_kani=true&JigyosyoCd=1070102601-00&ServiceCd=150&Type=search" }, "geometry": { "type": "Point", "coordinates": [ 139.039635699999963, 36.3939359 ] } },
{ "type": "Feature", "properties": { "内容": "デイサービスセンター　嶺ん家【通所介護】群馬県前橋市嶺町　３５３－１", "url2": "https://www.kaigokensaku.mhlw.go.jp/10/index.php?action_kouhyou_detail_004_kani=true&JigyosyoCd=1070105240-00&ServiceCd=150&Type=search" }, "geometry": { "type": "Point", "coordinates": [ 139.101184342327883, 36.432276512167839 ] } },
{ "type": "Feature", "properties": { "内容": "ニチイケアセンター前橋【通所介護】群馬県前橋市六供町3-34-7", "url2": "https://www.kaigokensaku.mhlw.go.jp/10/index.php?action_kouhyou_detail_004_kani=true&JigyosyoCd=1070102122-00&ServiceCd=150&Type=search" }, "geometry": { "type": "Point", "coordinates": [ 139.075696850124956, 36.366012878705533 ] } },
{ "type": "Feature", "properties": { "内容": "デイサービスセンター福　田口【通所介護】群馬県前橋市田口町1205-4", "url2": "https://www.kaigokensaku.mhlw.go.jp/10/index.php?action_kouhyou_detail_004_kani=true&JigyosyoCd=1070108459-00&ServiceCd=150&Type=search" }, "geometry": { "type": "Point", "coordinates": [ 139.04439205899962, 36.442964713041953 ] } },
{ "type": "Feature", "properties": { "内容": "デイサービスセンター　福【通所介護】群馬県前橋市宮地町３４６－１０", "url2": "https://www.kaigokensaku.mhlw.go.jp/10/index.php?action_kouhyou_detail_004_kani=true&JigyosyoCd=1070107352-00&ServiceCd=150&Type=search" }, "geometry": { "type": "Point", "coordinates": [ 139.099372600000038, 36.3399575 ] } },
{ "type": "Feature", "properties": { "内容": "ディーズフィットデイサービス　前橋ふじみ店【通所介護】群馬県前橋市富士見町原之郷643", "url2": "https://www.kaigokensaku.mhlw.go.jp/10/index.php?action_kouhyou_detail_004_kani=true&JigyosyoCd=1070108814-00&ServiceCd=150&Type=search" }, "geometry": { "type": "Point", "coordinates": [ 139.067556568647774, 36.432690944514114 ] } },
{ "type": "Feature", "properties": { "内容": "デイサービスセンター春日和前橋南【通所介護】群馬県前橋市駒形町1003-6ワールドステイ前橋南", "url2": "https://www.kaigokensaku.mhlw.go.jp/10/index.php?action_kouhyou_detail_004_kani=true&JigyosyoCd=1070109101-00&ServiceCd=150&Type=search" }, "geometry": { "type": "Point", "coordinates": [ 139.1380365, 36.3437193 ] } },
{ "type": "Feature", "properties": { "内容": "こころや田口デイサービス【通所介護】群馬県前橋市田口町551－1", "url2": "https://www.kaigokensaku.mhlw.go.jp/10/index.php?action_kouhyou_detail_004_kani=true&JigyosyoCd=1070105711-00&ServiceCd=150&Type=search" }, "geometry": { "type": "Point", "coordinates": [ 139.050343934284911, 36.447534550881606 ] } },
{ "type": "Feature", "properties": { "内容": "通所介護ベル荒子【通所介護】群馬県前橋市荒子町１１７３番地１有料老人ホームあらた荒子", "url2": "https://www.kaigokensaku.mhlw.go.jp/10/index.php?action_kouhyou_detail_004_kani=true&JigyosyoCd=1070108590-00&ServiceCd=150&Type=search" }, "geometry": { "type": "Point", "coordinates": [ 139.168743313056751, 36.385655965150384 ] } },
{ "type": "Feature", "properties": { "内容": "デイサービスルル【通所介護】群馬県前橋市広瀬町1-28-10", "url2": "https://www.kaigokensaku.mhlw.go.jp/10/index.php?action_kouhyou_detail_004_kani=true&JigyosyoCd=1070108665-00&ServiceCd=150&Type=search" }, "geometry": { "type": "Point", "coordinates": [ 139.10334180000001, 36.3642652 ] } },
{ "type": "Feature", "properties": { "内容": "デイサービス　プチアイリス【通所介護】群馬県前橋市茂木町854-1サービス付き高齢者向け住宅パルクアイリス", "url2": "https://www.kaigokensaku.mhlw.go.jp/10/index.php?action_kouhyou_detail_004_kani=true&JigyosyoCd=1070107816-00&ServiceCd=150&Type=search" }, "geometry": { "type": "Point", "coordinates": [ 139.148987304754627, 36.402712419817554 ] } },
{ "type": "Feature", "properties": { "内容": "朝日ハーモニーデイサービスセンター【通所介護】群馬県前橋市上新田町1176-1", "url2": "https://www.kaigokensaku.mhlw.go.jp/10/index.php?action_kouhyou_detail_004_kani=true&JigyosyoCd=1070106057-00&ServiceCd=150&Type=search" }, "geometry": { "type": "Point", "coordinates": [ 139.065725188885523, 36.363936183939643 ] } },
{ "type": "Feature", "properties": { "内容": "あずみ苑　前橋　デイサービス【通所介護】群馬県前橋市元総社町154-1", "url2": "https://www.kaigokensaku.mhlw.go.jp/10/index.php?action_kouhyou_detail_004_kani=true&JigyosyoCd=1070106990-00&ServiceCd=150&Type=search" }, "geometry": { "type": "Point", "coordinates": [ 139.041855199999986, 36.3848873 ] } },
{ "type": "Feature", "properties": { "内容": "デイサービスてのひら元総社【通所介護】群馬県前橋市元総社町1202番地デイサービスてのひら元総社", "url2": "https://www.kaigokensaku.mhlw.go.jp/10/index.php?action_kouhyou_detail_004_kani=true&JigyosyoCd=1070108749-00&ServiceCd=150&Type=search" }, "geometry": { "type": "Point", "coordinates": [ 139.027079927586357, 36.385083481697599 ] } },
{ "type": "Feature", "properties": { "内容": "前橋ケアセンターそよ風【通所介護】群馬県前橋市箱田町428-1", "url2": "https://www.kaigokensaku.mhlw.go.jp/10/index.php?action_kouhyou_detail_004_kani=true&JigyosyoCd=1070102148-00&ServiceCd=150&Type=search" }, "geometry": { "type": "Point", "coordinates": [ 139.049557700000037, 36.3697648 ] } },
{ "type": "Feature", "properties": { "内容": "通所介護あじさい園【通所介護】群馬県前橋市川曲町５３６番地", "url2": "https://www.kaigokensaku.mhlw.go.jp/10/index.php?action_kouhyou_detail_004_kani=true&JigyosyoCd=1070109150-00&ServiceCd=150&Type=search" }, "geometry": { "type": "Point", "coordinates": [ 139.052275471163966, 36.352140243297534 ] } },
{ "type": "Feature", "properties": { "内容": "エムダブルエス日高　元総社デイトレセンター【通所介護】群馬県前橋市元総社町1213-2元総社公社賃貸住宅", "url2": "https://www.kaigokensaku.mhlw.go.jp/10/index.php?action_kouhyou_detail_004_kani=true&JigyosyoCd=1070105117-00&ServiceCd=150&Type=search" }, "geometry": { "type": "Point", "coordinates": [ 139.028218849368272, 36.385945356247326 ] } },
{ "type": "Feature", "properties": { "内容": "前橋市ほのぼの荘デイサービスセンター【通所介護】群馬県前橋市金丸町２５２番地１", "url2": "https://www.kaigokensaku.mhlw.go.jp/10/index.php?action_kouhyou_detail_004_kani=true&JigyosyoCd=1070100621-00&ServiceCd=150&Type=search" }, "geometry": { "type": "Point", "coordinates": [ 139.125477300000057, 36.4684755 ] } },
{ "type": "Feature", "properties": { "内容": "榛名ライフスプリングスデイサービス【通所介護】群馬県高崎市下室田町926", "url2": "https://www.kaigokensaku.mhlw.go.jp/10/index.php?action_kouhyou_detail_004_kani=true&JigyosyoCd=1070207657-00&ServiceCd=150&Type=search" }, "geometry": { "type": "Point", "coordinates": [ 139.024907500000012, 36.3442984 ] } },
{ "type": "Feature", "properties": { "内容": "デイサービス　おなや【通所介護】群馬県高崎市菅谷町77-106", "url2": "https://www.kaigokensaku.mhlw.go.jp/10/index.php?action_kouhyou_detail_004_kani=true&JigyosyoCd=1070207798-00&ServiceCd=150&Type=search" }, "geometry": { "type": "Point", "coordinates": [ 139.012489, 36.381725 ] } },
{ "type": "Feature", "properties": { "内容": "デイサービスセンターひらかわ【通所介護】群馬県高崎市中里見町606－1住宅型有料老人ホームひらかわ", "url2": "https://www.kaigokensaku.mhlw.go.jp/10/index.php?action_kouhyou_detail_004_kani=true&JigyosyoCd=1070203573-00&ServiceCd=150&Type=search" }, "geometry": { "type": "Point", "coordinates": [ 138.903786900000028, 36.3677223 ] } },
{ "type": "Feature", "properties": { "内容": "エフビー日高デイサービス【通所介護】高崎市新保田中町678", "url2": "https://www.kaigokensaku.mhlw.go.jp/10/index.php?action_kouhyou_detail_004_kani=true&JigyosyoCd=1070207954-00&ServiceCd=150&Type=search" }, "geometry": { "type": "Point", "coordinates": [ 139.0387978, 36.3645695 ] } },
{ "type": "Feature", "properties": { "内容": "デイサービスセンター　あけぼの【通所介護】群馬県高崎市正観寺町430-1", "url2": "https://www.kaigokensaku.mhlw.go.jp/10/index.php?action_kouhyou_detail_004_kani=true&JigyosyoCd=1070207988-00&ServiceCd=150&Type=search" }, "geometry": { "type": "Point", "coordinates": [ 139.0173378, 36.3705597 ] } },
{ "type": "Feature", "properties": { "内容": "日高デイトレセンター【通所介護】群馬県高崎市井野町1037-1エムダブルエス日高地域福祉交流センター", "url2": "https://www.kaigokensaku.mhlw.go.jp/10/index.php?action_kouhyou_detail_004_kani=true&JigyosyoCd=1070202955-00&ServiceCd=150&Type=search" }, "geometry": { "type": "Point", "coordinates": [ 139.027823651837139, 36.352941189471878 ] } },
{ "type": "Feature", "properties": { "内容": "デイサービス　ウェルビ・井野【通所介護】群馬県高崎市井野町３７６", "url2": "https://www.kaigokensaku.mhlw.go.jp/10/index.php?action_kouhyou_detail_004_kani=true&JigyosyoCd=1070203995-00&ServiceCd=150&Type=search" }, "geometry": { "type": "Point", "coordinates": [ 139.025801799999982, 36.359773300000015 ] } },
{ "type": "Feature", "properties": { "内容": "デイサービス桜苑【通所介護】群馬県高崎市冷水町96番地1", "url2": "https://www.kaigokensaku.mhlw.go.jp/10/index.php?action_kouhyou_detail_004_kani=true&JigyosyoCd=1070206014-00&ServiceCd=150&Type=search" }, "geometry": { "type": "Point", "coordinates": [ 139.007974075111832, 36.398197939796169 ] } },
{ "type": "Feature", "properties": { "内容": "デイサービス天界園【通所介護】群馬県高崎市下佐野町553番地", "url2": "https://www.kaigokensaku.mhlw.go.jp/10/index.php?action_kouhyou_detail_004_kani=true&JigyosyoCd=1070203094-00&ServiceCd=150&Type=search" }, "geometry": { "type": "Point", "coordinates": [ 139.029003399999965, 36.2965049 ] } },
{ "type": "Feature", "properties": { "内容": "ケアステーション　ピース佐野【通所介護】群馬県高崎市下佐野町752-1", "url2": "https://www.kaigokensaku.mhlw.go.jp/10/index.php?action_kouhyou_detail_004_kani=true&JigyosyoCd=1070201882-00&ServiceCd=150&Type=search" }, "geometry": { "type": "Point", "coordinates": [ 139.028958900000021, 36.2997019 ] } },
{ "type": "Feature", "properties": { "内容": "デイサービス　ことりの杜【通所介護】群馬県高崎市下小鳥町1234番地2複合福祉施設　ちから　あわせる　ことりむら", "url2": "https://www.kaigokensaku.mhlw.go.jp/10/index.php?action_kouhyou_detail_004_kani=true&JigyosyoCd=1070206808-00&ServiceCd=150&Type=search" }, "geometry": { "type": "Point", "coordinates": [ 138.99871440000004, 36.3473808 ] } },
{ "type": "Feature", "properties": { "内容": "デイサービスセンター　ホタルの泉【通所介護】群馬県高崎市下小鳥町32-17", "url2": "https://www.kaigokensaku.mhlw.go.jp/10/index.php?action_kouhyou_detail_004_kani=true&JigyosyoCd=1070203326-00&ServiceCd=150&Type=search" }, "geometry": { "type": "Point", "coordinates": [ 138.997431799999958, 36.3485596 ] } },
{ "type": "Feature", "properties": { "内容": "デイサービスセンター　猫の手　下小鳥【通所介護】群馬県高崎市下小鳥町83番地5ライフ・アシスト東雲館　下小鳥", "url2": "https://www.kaigokensaku.mhlw.go.jp/10/index.php?action_kouhyou_detail_004_kani=true&JigyosyoCd=1070207244-00&ServiceCd=150&Type=search" }, "geometry": { "type": "Point", "coordinates": [ 138.991575803041087, 36.349719706838485 ] } },
{ "type": "Feature", "properties": { "内容": "らいふプラス小塙【通所介護】群馬県高崎市下小塙町273", "url2": "https://www.kaigokensaku.mhlw.go.jp/10/index.php?action_kouhyou_detail_004_kani=true&JigyosyoCd=1070205826-00&ServiceCd=150&Type=search" }, "geometry": { "type": "Point", "coordinates": [ 138.980313600000045, 36.3462262 ] } },
{ "type": "Feature", "properties": { "内容": "デイサービスセンター　けやき【通所介護】群馬県高崎市下中居町107番地4けやき", "url2": "https://www.kaigokensaku.mhlw.go.jp/10/index.php?action_kouhyou_detail_004_kani=true&JigyosyoCd=1070204068-00&ServiceCd=150&Type=search" }, "geometry": { "type": "Point", "coordinates": [ 139.03771174973761, 36.310413765966814 ] } },
{ "type": "Feature", "properties": { "内容": "デイサービスセンター　けやきⅡ【通所介護】群馬県高崎市下中居町１０８－３", "url2": "https://www.kaigokensaku.mhlw.go.jp/10/index.php?action_kouhyou_detail_004_kani=true&JigyosyoCd=1070205263-00&ServiceCd=150&Type=search" }, "geometry": { "type": "Point", "coordinates": [ 139.037685600000032, 36.3101238 ] } },
{ "type": "Feature", "properties": { "内容": "デイサービス和【通所介護】群馬県高崎市下中居町１０９－１トータルケアセンターまなか", "url2": "https://www.kaigokensaku.mhlw.go.jp/10/index.php?action_kouhyou_detail_004_kani=true&JigyosyoCd=1070201510-00&ServiceCd=150&Type=search" }, "geometry": { "type": "Point", "coordinates": [ 139.036963517791037, 36.309500721076077 ] } },
{ "type": "Feature", "properties": { "内容": "ケアステーションあさひ高崎【通所介護】群馬県高崎市下之城町885-35", "url2": "https://www.kaigokensaku.mhlw.go.jp/10/index.php?action_kouhyou_detail_004_kani=true&JigyosyoCd=1070203201-00&ServiceCd=150&Type=search" }, "geometry": { "type": "Point", "coordinates": [ 139.031336300000021, 36.3056738 ] } },
{ "type": "Feature", "properties": { "内容": "デイサービス　　サウンド【通所介護】群馬県高崎市下豊岡町１２５７－１", "url2": "https://www.kaigokensaku.mhlw.go.jp/10/index.php?action_kouhyou_detail_004_kani=true&JigyosyoCd=1070202054-00&ServiceCd=150&Type=search" }, "geometry": { "type": "Point", "coordinates": [ 138.977180800000042, 36.3389546 ] } },
{ "type": "Feature", "properties": { "内容": "らいふプラス榛名【通所介護】群馬県高崎市下里見町1219-1", "url2": "https://www.kaigokensaku.mhlw.go.jp/10/index.php?action_kouhyou_detail_004_kani=true&JigyosyoCd=1070206394-00&ServiceCd=150&Type=search" }, "geometry": { "type": "Point", "coordinates": [ 138.9230771, 36.3582018 ] } },
{ "type": "Feature", "properties": { "内容": "デイサービスセンター春日和下里見【通所介護】群馬県高崎市下里見町529-1サービス付き高齢者向け住宅　ワールドステイ下里見", "url2": "https://www.kaigokensaku.mhlw.go.jp/10/index.php?action_kouhyou_detail_004_kani=true&JigyosyoCd=1070205057-00&ServiceCd=150&Type=search" }, "geometry": { "type": "Point", "coordinates": [ 138.916102719643391, 36.36254316161493 ] } },
{ "type": "Feature", "properties": { "内容": "ケアパートナー高崎【通所介護】群馬県高崎市貝沢町206-1", "url2": "https://www.kaigokensaku.mhlw.go.jp/10/index.php?action_kouhyou_detail_004_kani=true&JigyosyoCd=1070201437-00&ServiceCd=150&Type=search" }, "geometry": { "type": "Point", "coordinates": [ 139.029907500000036, 36.343836 ] } },
{ "type": "Feature", "properties": { "内容": "ひだまりの風【通所介護】群馬県高崎市貝沢町956-1", "url2": "https://www.kaigokensaku.mhlw.go.jp/10/index.php?action_kouhyou_detail_004_kani=true&JigyosyoCd=1070204498-00&ServiceCd=150&Type=search" }, "geometry": { "type": "Point", "coordinates": [ 139.02032220000001, 36.3438941 ] } },
{ "type": "Feature", "properties": { "内容": "ケアステーションあさひ高崎岩鼻【通所介護】群馬県高崎市岩鼻町字龍宮320-14", "url2": "https://www.kaigokensaku.mhlw.go.jp/10/index.php?action_kouhyou_detail_004_kani=true&JigyosyoCd=1070203854-00&ServiceCd=150&Type=search" }, "geometry": { "type": "Point", "coordinates": [ 139.075896300000068, 36.2926761 ] } },
{ "type": "Feature", "properties": { "内容": "特別養護老人ホーム吉井セピア【通所介護】群馬県高崎市吉井町塩1147", "url2": "https://www.kaigokensaku.mhlw.go.jp/10/index.php?action_kouhyou_detail_004_kani=true&JigyosyoCd=1072300021-00&ServiceCd=150&Type=search" }, "geometry": { "type": "Point", "coordinates": [ 138.97206140000003, 36.2341664 ] } },
{ "type": "Feature", "properties": { "内容": "デイサービスセンターＫＩ【通所介護】群馬県高崎市吉井町岩崎2316-7", "url2": "https://www.kaigokensaku.mhlw.go.jp/10/index.php?action_kouhyou_detail_004_kani=true&JigyosyoCd=1070205768-00&ServiceCd=150&Type=search" }, "geometry": { "type": "Point", "coordinates": [ 138.9798902, 36.26851 ] } },
{ "type": "Feature", "properties": { "内容": "デイサービスセンターめぐみ【通所介護】群馬県高崎市吉井町池1161-1", "url2": "https://www.kaigokensaku.mhlw.go.jp/10/index.php?action_kouhyou_detail_004_kani=true&JigyosyoCd=1070207046-00&ServiceCd=150&Type=search" }, "geometry": { "type": "Point", "coordinates": [ 138.9941858, 36.2639281 ] } },
{ "type": "Feature", "properties": { "内容": "デイサービス　咲の樹【通所介護】群馬県高崎市吉井町池144-1", "url2": "https://www.kaigokensaku.mhlw.go.jp/10/index.php?action_kouhyou_detail_004_kani=true&JigyosyoCd=1070207061-00&ServiceCd=150&Type=search" }, "geometry": { "type": "Point", "coordinates": [ 138.992755500000015, 36.2584909 ] } },
{ "type": "Feature", "properties": { "内容": "デイサービスセンター　あいりす吉井【通所介護】群馬県高崎市吉井町池205-1", "url2": "https://www.kaigokensaku.mhlw.go.jp/10/index.php?action_kouhyou_detail_004_kani=true&JigyosyoCd=1070204530-00&ServiceCd=150&Type=search" }, "geometry": { "type": "Point", "coordinates": [ 138.99109223809819, 36.259715423174967 ] } },
{ "type": "Feature", "properties": { "内容": "エムダブルエス日高　南陽台デイトレセンター【通所介護】群馬県　高崎市　吉井町南陽台2丁目1-6", "url2": "https://www.kaigokensaku.mhlw.go.jp/10/index.php?action_kouhyou_detail_004_kani=true&JigyosyoCd=1070203623-00&ServiceCd=150&Type=search" }, "geometry": { "type": "Point", "coordinates": [ 139.002462499999979, 36.2759288 ] } },
{ "type": "Feature", "properties": { "内容": "エムダブルエス日高　吉井総合介護センター【通所介護】群馬県高崎市吉井町馬庭1014-1", "url2": "https://www.kaigokensaku.mhlw.go.jp/10/index.php?action_kouhyou_detail_004_kani=true&JigyosyoCd=1072300443-00&ServiceCd=150&Type=search" }, "geometry": { "type": "Point", "coordinates": [ 139.014092, 36.2672935 ] } },
{ "type": "Feature", "properties": { "内容": "デイサービスメリィよしい【通所介護】群馬県高崎市吉井町片山575-1", "url2": "https://www.kaigokensaku.mhlw.go.jp/10/index.php?action_kouhyou_detail_004_kani=true&JigyosyoCd=1070205735-00&ServiceCd=150&Type=search" }, "geometry": { "type": "Point", "coordinates": [ 138.960848031876054, 36.262599396585074 ] } },
{ "type": "Feature", "properties": { "内容": "デイサービスむつまじく【通所介護】群馬県高崎市金井淵町55-1", "url2": "https://www.kaigokensaku.mhlw.go.jp/10/index.php?action_kouhyou_detail_004_kani=true&JigyosyoCd=1070205370-00&ServiceCd=150&Type=search" }, "geometry": { "type": "Point", "coordinates": [ 138.954130027612678, 36.349102215580558 ] } },
{ "type": "Feature", "properties": { "内容": "デイサービス咲愛【通所介護】群馬県高崎市金古町1763-1", "url2": "https://www.kaigokensaku.mhlw.go.jp/10/index.php?action_kouhyou_detail_004_kani=true&JigyosyoCd=1070206006-00&ServiceCd=150&Type=search" }, "geometry": { "type": "Point", "coordinates": [ 138.990104882833862, 36.41699993177707 ] } },
{ "type": "Feature", "properties": { "内容": "デイサービスセンター第3アポロ【通所介護】群馬県高崎市金古町528番地27", "url2": "https://www.kaigokensaku.mhlw.go.jp/10/index.php?action_kouhyou_detail_004_kani=true&JigyosyoCd=1070207327-00&ServiceCd=150&Type=search" }, "geometry": { "type": "Point", "coordinates": [ 138.99984520000001, 36.4002259 ] } },
{ "type": "Feature", "properties": { "内容": "デイサービス　コルティーレ【通所介護】群馬県高崎市金古町910-1", "url2": "https://www.kaigokensaku.mhlw.go.jp/10/index.php?action_kouhyou_detail_004_kani=true&JigyosyoCd=1070205073-00&ServiceCd=150&Type=search" }, "geometry": { "type": "Point", "coordinates": [ 138.989783017752075, 36.407998794492002 ] } },
{ "type": "Feature", "properties": { "内容": "デイサービスあかし金古【通所介護】群馬県高崎市金古町９２６番地１", "url2": "https://www.kaigokensaku.mhlw.go.jp/10/index.php?action_kouhyou_detail_004_kani=true&JigyosyoCd=1070205289-00&ServiceCd=150&Type=search" }, "geometry": { "type": "Point", "coordinates": [ 138.986554273016424, 36.406763626363087 ] } },
{ "type": "Feature", "properties": { "内容": "ひだまりの丘【通所介護】群馬県高崎市剣崎町７２６－１", "url2": "https://www.kaigokensaku.mhlw.go.jp/10/index.php?action_kouhyou_detail_004_kani=true&JigyosyoCd=1070204019-00&ServiceCd=150&Type=search" }, "geometry": { "type": "Point", "coordinates": [ 138.95402439999998, 36.3459843 ] } },
{ "type": "Feature", "properties": { "内容": "希望館デイサービスセンター【通所介護】群馬県高崎市江木町１０９３番地１", "url2": "https://www.kaigokensaku.mhlw.go.jp/10/index.php?action_kouhyou_detail_004_kani=true&JigyosyoCd=1070200371-00&ServiceCd=150&Type=search" }, "geometry": { "type": "Point", "coordinates": [ 139.020269260713235, 36.336613882230417 ] } },
{ "type": "Feature", "properties": { "内容": "ディサービスセンターファイン高崎【通所介護】群馬県高崎市江木町1511番地", "url2": "https://www.kaigokensaku.mhlw.go.jp/10/index.php?action_kouhyou_detail_004_kani=true&JigyosyoCd=1070204514-00&ServiceCd=150&Type=search" }, "geometry": { "type": "Point", "coordinates": [ 139.02682470000002, 36.333245 ] } },
{ "type": "Feature", "properties": { "内容": "デイサービスセンター　猫の手【通所介護】群馬県高崎市高関町　50-11", "url2": "https://www.kaigokensaku.mhlw.go.jp/10/index.php?action_kouhyou_detail_004_kani=true&JigyosyoCd=1070204761-00&ServiceCd=150&Type=search" }, "geometry": { "type": "Point", "coordinates": [ 139.029060189549227, 36.32239387345917 ] } },
{ "type": "Feature", "properties": { "内容": "デイサービスセンターほほえみ【通所介護】群馬県高崎市高関町511-1", "url2": "https://www.kaigokensaku.mhlw.go.jp/10/index.php?action_kouhyou_detail_004_kani=true&JigyosyoCd=1070201783-00&ServiceCd=150&Type=search" }, "geometry": { "type": "Point", "coordinates": [ 139.032471699999974, 36.3246399 ] } },
{ "type": "Feature", "properties": { "内容": "デイサービス　ウェルビ・八千代【通所介護】群馬県高崎市寺尾町3-1", "url2": "https://www.kaigokensaku.mhlw.go.jp/10/index.php?action_kouhyou_detail_004_kani=true&JigyosyoCd=1070202591-00&ServiceCd=150&Type=search" }, "geometry": { "type": "Point", "coordinates": [ 139.004216600000063, 36.3020348 ] } },
{ "type": "Feature", "properties": { "内容": "高崎市心身障害者デイサービスセンター【通所介護】群馬県高崎市柴崎町1746-1", "url2": "https://www.kaigokensaku.mhlw.go.jp/10/index.php?action_kouhyou_detail_004_kani=true&JigyosyoCd=1070206832-00&ServiceCd=150&Type=search" }, "geometry": { "type": "Point", "coordinates": [ 139.061292900000012, 36.3070428 ] } },
{ "type": "Feature", "properties": { "内容": "もてき脳神経外科介護福祉センター【通所介護】群馬県高崎市上小塙町566番地", "url2": "https://www.kaigokensaku.mhlw.go.jp/10/index.php?action_kouhyou_detail_004_kani=true&JigyosyoCd=1070200959-00&ServiceCd=150&Type=search" }, "geometry": { "type": "Point", "coordinates": [ 138.979035599999946, 36.3596859 ] } },
{ "type": "Feature", "properties": { "内容": "デイサービス虹の家【通所介護】群馬県高崎市上中居町1454-1高齢者住宅　虹の家", "url2": "https://www.kaigokensaku.mhlw.go.jp/10/index.php?action_kouhyou_detail_004_kani=true&JigyosyoCd=1070205644-00&ServiceCd=150&Type=search" }, "geometry": { "type": "Point", "coordinates": [ 139.035029799999961, 36.3242317 ] } },
{ "type": "Feature", "properties": { "内容": "デイホームほほえみの杜【通所介護】群馬県高崎市上中居町1465介護センターほほえみの杜", "url2": "https://www.kaigokensaku.mhlw.go.jp/10/index.php?action_kouhyou_detail_004_kani=true&JigyosyoCd=1070204712-00&ServiceCd=150&Type=search" }, "geometry": { "type": "Point", "coordinates": [ 139.029155599999967, 36.3167956 ] } },
{ "type": "Feature", "properties": { "内容": "花林【通所介護】群馬県高崎市上中居町225-1", "url2": "https://www.kaigokensaku.mhlw.go.jp/10/index.php?action_kouhyou_detail_004_kani=true&JigyosyoCd=1070206667-00&ServiceCd=150&Type=search" }, "geometry": { "type": "Point", "coordinates": [ 139.026766800000019, 36.3213898 ] } },
{ "type": "Feature", "properties": { "内容": "ケアピースデイ　えんがわ【通所介護】群馬県高崎市上豊岡町1165", "url2": "https://www.kaigokensaku.mhlw.go.jp/10/index.php?action_kouhyou_detail_004_kani=true&JigyosyoCd=1070201544-00&ServiceCd=150&Type=search" }, "geometry": { "type": "Point", "coordinates": [ 138.970003600000041, 36.3427403 ] } },
{ "type": "Feature", "properties": { "内容": "デイサービスセンター榛名荘【通所介護】群馬県高崎市上里見町９６１－５", "url2": "https://www.kaigokensaku.mhlw.go.jp/10/index.php?action_kouhyou_detail_004_kani=true&JigyosyoCd=1072100850-00&ServiceCd=150&Type=search" }, "geometry": { "type": "Point", "coordinates": [ 138.89281942090156, 36.374831150618519 ] } },
{ "type": "Feature", "properties": { "内容": "デイサービスセンターさとの花【通所介護】群馬県高崎市乗附町208番地", "url2": "https://www.kaigokensaku.mhlw.go.jp/10/index.php?action_kouhyou_detail_004_kani=true&JigyosyoCd=1070201023-00&ServiceCd=150&Type=search" }, "geometry": { "type": "Point", "coordinates": [ 138.98107559999994, 36.326811 ] } },
{ "type": "Feature", "properties": { "内容": "リハビリ特化型デイサービスリハスタジオ真木城南【通所介護】群馬県高崎市和田多中町13-1高崎ニートハイツ101号室", "url2": "https://www.kaigokensaku.mhlw.go.jp/10/index.php?action_kouhyou_detail_004_kani=true&JigyosyoCd=1070208069-00&ServiceCd=150&Type=search" }, "geometry": { "type": "Point", "coordinates": [ 139.0159478, 36.3119937 ] } },
{ "type": "Feature", "properties": { "内容": "THE　GREEN　TERRACE【通所介護】群馬県高崎市新町1437-2", "url2": "https://www.kaigokensaku.mhlw.go.jp/10/index.php?action_kouhyou_detail_004_kani=true&JigyosyoCd=1070206329-00&ServiceCd=150&Type=search" }, "geometry": { "type": "Point", "coordinates": [ 139.105557200000021, 36.2609354 ] } },
{ "type": "Feature", "properties": { "内容": "デイサービスセンター花みづき【通所介護】群馬県高崎市新町1863", "url2": "https://www.kaigokensaku.mhlw.go.jp/10/index.php?action_kouhyou_detail_004_kani=true&JigyosyoCd=1072300310-00&ServiceCd=150&Type=search" }, "geometry": { "type": "Point", "coordinates": [ 139.104151699999989, 36.2644017 ] } },
{ "type": "Feature", "properties": { "内容": "燈庵（Touan）【通所介護】群馬県高崎市新町２１４７－１５", "url2": "https://www.kaigokensaku.mhlw.go.jp/10/index.php?action_kouhyou_detail_004_kani=true&JigyosyoCd=1070203888-00&ServiceCd=150&Type=search" }, "geometry": { "type": "Point", "coordinates": [ 139.107378899999958, 36.2733261 ] } },
{ "type": "Feature", "properties": { "内容": "駅前花みづき【通所介護】群馬県高崎市新町2149-15", "url2": "https://www.kaigokensaku.mhlw.go.jp/10/index.php?action_kouhyou_detail_004_kani=true&JigyosyoCd=1070207269-00&ServiceCd=150&Type=search" }, "geometry": { "type": "Point", "coordinates": [ 139.107391021541076, 36.273356661792278 ] } },
{ "type": "Feature", "properties": { "内容": "あずみ苑　高崎【通所介護】群馬県高崎市新町2151-13", "url2": "https://www.kaigokensaku.mhlw.go.jp/10/index.php?action_kouhyou_detail_004_kani=true&JigyosyoCd=1070206212-00&ServiceCd=150&Type=search" }, "geometry": { "type": "Point", "coordinates": [ 139.107152537497996, 36.272558385516945 ] } },
{ "type": "Feature", "properties": { "内容": "デイサービスセンター　ゆうあい【通所介護】群馬県高崎市新町2236-1", "url2": "https://www.kaigokensaku.mhlw.go.jp/10/index.php?action_kouhyou_detail_004_kani=true&JigyosyoCd=1070205164-00&ServiceCd=150&Type=search" }, "geometry": { "type": "Point", "coordinates": [ 139.108935752778592, 36.274724497901879 ] } },
{ "type": "Feature", "properties": { "内容": "新町デイサービスセンター【通所介護】群馬県高崎市新町360-55", "url2": "https://www.kaigokensaku.mhlw.go.jp/10/index.php?action_kouhyou_detail_004_kani=true&JigyosyoCd=1072300146-00&ServiceCd=150&Type=search" }, "geometry": { "type": "Point", "coordinates": [ 139.111617268122927, 36.275237271001785 ] } },
{ "type": "Feature", "properties": { "内容": "デイサービス　アリエ【通所介護】群馬県高崎市菅谷町20-185", "url2": "https://www.kaigokensaku.mhlw.go.jp/10/index.php?action_kouhyou_detail_004_kani=true&JigyosyoCd=1070203813-00&ServiceCd=150&Type=search" }, "geometry": { "type": "Point", "coordinates": [ 139.019462800000042, 36.3799291 ] } },
{ "type": "Feature", "properties": { "内容": "四つ葉のクローバー西島【通所介護】群馬県高崎市西島町365", "url2": "https://www.kaigokensaku.mhlw.go.jp/10/index.php?action_kouhyou_detail_004_kani=true&JigyosyoCd=1070207285-00&ServiceCd=150&Type=search" }, "geometry": { "type": "Point", "coordinates": [ 139.048859979237363, 36.342748868525113 ] } },
{ "type": "Feature", "properties": { "内容": "デイサービスセンター　アポロ【通所介護】群馬県高崎市石原町1466番地2", "url2": "https://www.kaigokensaku.mhlw.go.jp/10/index.php?action_kouhyou_detail_004_kani=true&JigyosyoCd=1070203383-00&ServiceCd=150&Type=search" }, "geometry": { "type": "Point", "coordinates": [ 139.0009665, 36.3095038 ] } },
{ "type": "Feature", "properties": { "内容": "エムダブルエス日高　リハプラス　デイくらがの【通所介護】群馬県高崎市倉賀野町1077吉野合舎・一階", "url2": "https://www.kaigokensaku.mhlw.go.jp/10/index.php?action_kouhyou_detail_004_kani=true&JigyosyoCd=1070204365-00&ServiceCd=150&Type=search" }, "geometry": { "type": "Point", "coordinates": [ 139.045549100000017, 36.2978275 ] } },
{ "type": "Feature", "properties": { "内容": "デイサービス　優心【通所介護】群馬県高崎市倉賀野町3373-10", "url2": "https://www.kaigokensaku.mhlw.go.jp/10/index.php?action_kouhyou_detail_004_kani=true&JigyosyoCd=1070205594-00&ServiceCd=150&Type=search" }, "geometry": { "type": "Point", "coordinates": [ 139.064374407642049, 36.293842437784633 ] } },
{ "type": "Feature", "properties": { "内容": "ひだまりの杜【通所介護】群馬県高崎市倉賀野町５９６番地１", "url2": "https://www.kaigokensaku.mhlw.go.jp/10/index.php?action_kouhyou_detail_004_kani=true&JigyosyoCd=1070204092-00&ServiceCd=150&Type=search" }, "geometry": { "type": "Point", "coordinates": [ 139.037491499999987, 36.2965191 ] } },
{ "type": "Feature", "properties": { "内容": "みづほの郷【通所介護】群馬県高崎市倉賀野町6459", "url2": "https://www.kaigokensaku.mhlw.go.jp/10/index.php?action_kouhyou_detail_004_kani=true&JigyosyoCd=1070205081-00&ServiceCd=150&Type=search" }, "geometry": { "type": "Point", "coordinates": [ 139.041256078404217, 36.298717935424243 ] } },
{ "type": "Feature", "properties": { "内容": "スピカデイサービスセンター【通所介護】群馬県高崎市倉渕町三ノ倉533番地１", "url2": "https://www.kaigokensaku.mhlw.go.jp/10/index.php?action_kouhyou_detail_004_kani=true&JigyosyoCd=1070202435-00&ServiceCd=150&Type=search" }, "geometry": { "type": "Point", "coordinates": [ 138.798117100000013, 36.4198253 ] } },
{ "type": "Feature", "properties": { "内容": "デイサービスセンタールネス二之沢【通所介護】群馬県高崎市足門町166番地1", "url2": "https://www.kaigokensaku.mhlw.go.jp/10/index.php?action_kouhyou_detail_004_kani=true&JigyosyoCd=1072100520-00&ServiceCd=150&Type=search" }, "geometry": { "type": "Point", "coordinates": [ 138.979554399999984, 36.4023856 ] } },
{ "type": "Feature", "properties": { "内容": "コンパスウォーク北高崎【通所介護】群馬県高崎市大橋町57-9", "url2": "https://www.kaigokensaku.mhlw.go.jp/10/index.php?action_kouhyou_detail_004_kani=true&JigyosyoCd=1070207509-00&ServiceCd=150&Type=search" }, "geometry": { "type": "Point", "coordinates": [ 139.001286028836034, 36.340231057790099 ] } },
{ "type": "Feature", "properties": { "内容": "デイサービスセンターりぼん筑縄【通所介護】群馬県高崎市筑縄町22-1SUビル1F", "url2": "https://www.kaigokensaku.mhlw.go.jp/10/index.php?action_kouhyou_detail_004_kani=true&JigyosyoCd=1070205982-00&ServiceCd=150&Type=search" }, "geometry": { "type": "Point", "coordinates": [ 138.989404400000012, 36.3509092 ] } },
{ "type": "Feature", "properties": { "内容": "リハビリ特化型デイサービス　リハスタジオ真木【通所介護】群馬県高崎市筑縄町73-2", "url2": "https://www.kaigokensaku.mhlw.go.jp/10/index.php?action_kouhyou_detail_004_kani=true&JigyosyoCd=1070207426-00&ServiceCd=150&Type=search" }, "geometry": { "type": "Point", "coordinates": [ 138.985178455288036, 36.34797728773259 ] } },
{ "type": "Feature", "properties": { "内容": "デイサービスステーションこうじゅのもり【通所介護】群馬県高崎市中泉町632-1", "url2": "https://www.kaigokensaku.mhlw.go.jp/10/index.php?action_kouhyou_detail_004_kani=true&JigyosyoCd=1070206287-00&ServiceCd=150&Type=search" }, "geometry": { "type": "Point", "coordinates": [ 139.000414299999989, 36.3702022 ] } },
{ "type": "Feature", "properties": { "内容": "みそらデイサービスセンター【通所介護】群馬県高崎市中尾町1251-1住宅型有料老人ホーム　メディカルマイホーム　みそら　デイサービス併設", "url2": "https://www.kaigokensaku.mhlw.go.jp/10/index.php?action_kouhyou_detail_004_kani=true&JigyosyoCd=1070205636-00&ServiceCd=150&Type=search" }, "geometry": { "type": "Point", "coordinates": [ 139.029657510620154, 36.372198669397008 ] } },
{ "type": "Feature", "properties": { "内容": "四つ葉のクローバー中里【通所介護】群馬県高崎市中里町220-1", "url2": "https://www.kaigokensaku.mhlw.go.jp/10/index.php?action_kouhyou_detail_004_kani=true&JigyosyoCd=1070207038-00&ServiceCd=150&Type=search" }, "geometry": { "type": "Point", "coordinates": [ 138.985391759365143, 36.392098159996515 ] } },
{ "type": "Feature", "properties": { "内容": "ケアステーションあさひ北高崎【通所介護】群馬県高崎市東貝沢町2-18-3", "url2": "https://www.kaigokensaku.mhlw.go.jp/10/index.php?action_kouhyou_detail_004_kani=true&JigyosyoCd=1070203920-00&ServiceCd=150&Type=search" }, "geometry": { "type": "Point", "coordinates": [ 139.032337699999971, 36.3464164 ] } },
{ "type": "Feature", "properties": { "内容": "デイサービスセンターワンツーワン南大類【通所介護】群馬県高崎市南大類町569-8", "url2": "https://www.kaigokensaku.mhlw.go.jp/10/index.php?action_kouhyou_detail_004_kani=true&JigyosyoCd=1070206352-00&ServiceCd=150&Type=search" }, "geometry": { "type": "Point", "coordinates": [ 139.044348899999932, 36.3234018 ] } },
{ "type": "Feature", "properties": { "内容": "日高在宅療養支援センター【通所介護】群馬県高崎市日高町349", "url2": "https://www.kaigokensaku.mhlw.go.jp/10/index.php?action_kouhyou_detail_004_kani=true&JigyosyoCd=1070202682-00&ServiceCd=150&Type=search" }, "geometry": { "type": "Point", "coordinates": [ 139.02977629999998, 36.3657674 ] } },
{ "type": "Feature", "properties": { "内容": "咲楽パークス日高デイサービス【通所介護】群馬県高崎市日高町444-1", "url2": "https://www.kaigokensaku.mhlw.go.jp/10/index.php?action_kouhyou_detail_004_kani=true&JigyosyoCd=1070205024-00&ServiceCd=150&Type=search" }, "geometry": { "type": "Point", "coordinates": [ 139.029674357313212, 36.360777483957392 ] } },
{ "type": "Feature", "properties": { "内容": "デイサービスひまわり【通所介護】群馬県高崎市八幡原町９８０－1", "url2": "https://www.kaigokensaku.mhlw.go.jp/10/index.php?action_kouhyou_detail_004_kani=true&JigyosyoCd=1070203953-00&ServiceCd=150&Type=search" }, "geometry": { "type": "Point", "coordinates": [ 139.0930055, 36.298504 ] } },
{ "type": "Feature", "properties": { "内容": "ケアステーションあさひ高崎八幡町【通所介護】群馬県高崎市八幡町字中原1311-2", "url2": "https://www.kaigokensaku.mhlw.go.jp/10/index.php?action_kouhyou_detail_004_kani=true&JigyosyoCd=1070204266-00&ServiceCd=150&Type=search" }, "geometry": { "type": "Point", "coordinates": [ 138.94601990000001, 36.341379 ] } },
{ "type": "Feature", "properties": { "内容": "みかん色八幡【通所介護】群馬県高崎市八幡町169－1", "url2": "https://www.kaigokensaku.mhlw.go.jp/10/index.php?action_kouhyou_detail_004_kani=true&JigyosyoCd=1070207301-00&ServiceCd=150&Type=search" }, "geometry": { "type": "Point", "coordinates": [ 138.9525325, 36.335359 ] } },
{ "type": "Feature", "properties": { "内容": "ケアコロデイ高崎八幡【通所介護】群馬県高崎市八幡町613番地1", "url2": "https://www.kaigokensaku.mhlw.go.jp/10/index.php?action_kouhyou_detail_004_kani=true&JigyosyoCd=1070205529-00&ServiceCd=150&Type=search" }, "geometry": { "type": "Point", "coordinates": [ 138.94617792883605, 36.338055687753069 ] } },
{ "type": "Feature", "properties": { "内容": "デイサービス・シー【通所介護】群馬県高崎市飯塚町１０７番地", "url2": "https://www.kaigokensaku.mhlw.go.jp/10/index.php?action_kouhyou_detail_004_kani=true&JigyosyoCd=1070202583-00&ServiceCd=150&Type=search" }, "geometry": { "type": "Point", "coordinates": [ 138.998934735582054, 36.345678487982894 ] } },
{ "type": "Feature", "properties": { "内容": "ずっと孫の手・たかさき【通所介護】群馬県高崎市飯塚町1114-3", "url2": "https://www.kaigokensaku.mhlw.go.jp/10/index.php?action_kouhyou_detail_004_kani=true&JigyosyoCd=1070207608-00&ServiceCd=150&Type=search" }, "geometry": { "type": "Point", "coordinates": [ 139.007246400000014, 36.3414978 ] } },
{ "type": "Feature", "properties": { "内容": "デイホーム孫の手・いいづか【通所介護】群馬県高崎市飯塚町398", "url2": "https://www.kaigokensaku.mhlw.go.jp/10/index.php?action_kouhyou_detail_004_kani=true&JigyosyoCd=1070206204-00&ServiceCd=150&Type=search" }, "geometry": { "type": "Point", "coordinates": [ 139.006110140189321, 36.343457335089589 ] } },
{ "type": "Feature", "properties": { "内容": "四つ葉のクローバー浜尻【通所介護】群馬県高崎市浜尻町942-1", "url2": "https://www.kaigokensaku.mhlw.go.jp/10/index.php?action_kouhyou_detail_004_kani=true&JigyosyoCd=1070203664-00&ServiceCd=150&Type=search" }, "geometry": { "type": "Point", "coordinates": [ 139.020041499999934, 36.3504185 ] } },
{ "type": "Feature", "properties": { "内容": "リハスタジオ真木ぐんまみさと【通所介護】群馬県高崎市浜川町836-2", "url2": "https://www.kaigokensaku.mhlw.go.jp/10/index.php?action_kouhyou_detail_004_kani=true&JigyosyoCd=1070200710-00&ServiceCd=150&Type=search" }, "geometry": { "type": "Point", "coordinates": [ 138.9826405, 36.3741816 ] } },
{ "type": "Feature", "properties": { "内容": "デイサービスセンター絆【通所介護】群馬県高崎市福島町761-3", "url2": "https://www.kaigokensaku.mhlw.go.jp/10/index.php?action_kouhyou_detail_004_kani=true&JigyosyoCd=1070205206-00&ServiceCd=150&Type=search" }, "geometry": { "type": "Point", "coordinates": [ 138.9956813, 36.3660441 ] } },
{ "type": "Feature", "properties": { "内容": "デイサービスセンターこころ【通所介護】群馬県高崎市北原町118-1", "url2": "https://www.kaigokensaku.mhlw.go.jp/10/index.php?action_kouhyou_detail_004_kani=true&JigyosyoCd=1070206360-00&ServiceCd=150&Type=search" }, "geometry": { "type": "Point", "coordinates": [ 139.020037, 36.406103 ] } },
{ "type": "Feature", "properties": { "内容": "デイサービスセンター北原の里【通所介護】群馬県高崎市北原町179-1", "url2": "https://www.kaigokensaku.mhlw.go.jp/10/index.php?action_kouhyou_detail_004_kani=true&JigyosyoCd=1070204381-00&ServiceCd=150&Type=search" }, "geometry": { "type": "Point", "coordinates": [ 139.024630990599036, 36.404252040042849 ] } },
{ "type": "Feature", "properties": { "内容": "デイサービスセンターはずみ野【通所介護】群馬県高崎市北原町25-3", "url2": "https://www.kaigokensaku.mhlw.go.jp/10/index.php?action_kouhyou_detail_004_kani=true&JigyosyoCd=1070207350-00&ServiceCd=150&Type=search" }, "geometry": { "type": "Point", "coordinates": [ 139.0262847, 36.4062728 ] } },
{ "type": "Feature", "properties": { "内容": "デイサービスセンターさんぽ【通所介護】群馬県高崎市北原町347番地8", "url2": "https://www.kaigokensaku.mhlw.go.jp/10/index.php?action_kouhyou_detail_004_kani=true&JigyosyoCd=1070206683-00&ServiceCd=150&Type=search" }, "geometry": { "type": "Point", "coordinates": [ 139.019497428978156, 36.406084448006013 ] } },
{ "type": "Feature", "properties": { "内容": "ケアコロデイ高崎箕郷【通所介護】群馬県高崎市箕郷町下芝630番地5", "url2": "https://www.kaigokensaku.mhlw.go.jp/10/index.php?action_kouhyou_detail_004_kani=true&JigyosyoCd=1070205818-00&ServiceCd=150&Type=search" }, "geometry": { "type": "Point", "coordinates": [ 138.964650576196249, 36.379633029747424 ] } },
{ "type": "Feature", "properties": { "内容": "デイサービスセンターたんぽぽ【通所介護】群馬県高崎市箕郷町生原217番地2", "url2": "https://www.kaigokensaku.mhlw.go.jp/10/index.php?action_kouhyou_detail_004_kani=true&JigyosyoCd=1070203086-00&ServiceCd=150&Type=search" }, "geometry": { "type": "Point", "coordinates": [ 138.9728467, 36.3889874 ] } },
{ "type": "Feature", "properties": { "内容": "デイサービスみのわ【通所介護】群馬県高崎市箕郷町西明屋338", "url2": "https://www.kaigokensaku.mhlw.go.jp/10/index.php?action_kouhyou_detail_004_kani=true&JigyosyoCd=1070204860-00&ServiceCd=150&Type=search" }, "geometry": { "type": "Point", "coordinates": [ 138.955783900000029, 36.3950416 ] } },
{ "type": "Feature", "properties": { "内容": "デイサービスまなか夢の実【通所介護】群馬県高崎市箕郷町柏木沢2080番地", "url2": "https://www.kaigokensaku.mhlw.go.jp/10/index.php?action_kouhyou_detail_004_kani=true&JigyosyoCd=1070204639-00&ServiceCd=150&Type=search" }, "geometry": { "type": "Point", "coordinates": [ 138.976652801110845, 36.402710197593485 ] } },
{ "type": "Feature", "properties": { "内容": "智光デイサービス鳴沢園【通所介護】群馬県高崎市箕郷町富岡482番地", "url2": "https://www.kaigokensaku.mhlw.go.jp/10/index.php?action_kouhyou_detail_004_kani=true&JigyosyoCd=1070202575-00&ServiceCd=150&Type=search" }, "geometry": { "type": "Point", "coordinates": [ 138.948416888360583, 36.392618629306526 ] } },
{ "type": "Feature", "properties": { "内容": "箕郷町デイサービスセンター【通所介護】群馬県高崎市箕郷町矢原12番地1", "url2": "https://www.kaigokensaku.mhlw.go.jp/10/index.php?action_kouhyou_detail_004_kani=true&JigyosyoCd=1072100173-00&ServiceCd=150&Type=search" }, "geometry": { "type": "Point", "coordinates": [ 138.962777800000026, 36.3972831 ] } },
{ "type": "Feature", "properties": { "内容": "アースケアデイサービスセンター芝桜【通所介護】群馬県高崎市箕郷町矢原1719番地アースケア高崎芝桜の里", "url2": "https://www.kaigokensaku.mhlw.go.jp/10/index.php?action_kouhyou_detail_004_kani=true&JigyosyoCd=1070205271-00&ServiceCd=150&Type=search" }, "geometry": { "type": "Point", "coordinates": [ 138.943513682373009, 36.420268465516351 ] } },
{ "type": "Feature", "properties": { "内容": "ケアステーションあさひ高崎箕郷町【通所介護】群馬県高崎市箕郷町矢原字原中398-3", "url2": "https://www.kaigokensaku.mhlw.go.jp/10/index.php?action_kouhyou_detail_004_kani=true&JigyosyoCd=1070204233-00&ServiceCd=150&Type=search" }, "geometry": { "type": "Point", "coordinates": [ 138.966158059225336, 36.403088431724314 ] } },
{ "type": "Feature", "properties": { "内容": "デイサービスセンター　ふるさと【通所介護】群馬県高崎市綿貫町1369", "url2": "https://www.kaigokensaku.mhlw.go.jp/10/index.php?action_kouhyou_detail_004_kani=true&JigyosyoCd=1070200751-00&ServiceCd=150&Type=search" }, "geometry": { "type": "Point", "coordinates": [ 139.081381800000031, 36.3053142 ] } },
{ "type": "Feature", "properties": { "内容": "ドリームライフ高崎【通所介護】群馬県高崎市綿貫町１９２５番地１", "url2": "https://www.kaigokensaku.mhlw.go.jp/10/index.php?action_kouhyou_detail_004_kani=true&JigyosyoCd=1070205040-00&ServiceCd=150&Type=search" }, "geometry": { "type": "Point", "coordinates": [ 139.0723157, 36.312572 ] } },
{ "type": "Feature", "properties": { "内容": "デイサービスセンターかしの樹木部【通所介護】群馬県高崎市木部町201番地1", "url2": "https://www.kaigokensaku.mhlw.go.jp/10/index.php?action_kouhyou_detail_004_kani=true&JigyosyoCd=1070206428-00&ServiceCd=150&Type=search" }, "geometry": { "type": "Point", "coordinates": [ 139.04967970000007, 36.2830429 ] } },
{ "type": "Feature", "properties": { "内容": "デイサービスセンターだんだん【通所介護】群馬県高崎市問屋町一丁目6-4", "url2": "https://www.kaigokensaku.mhlw.go.jp/10/index.php?action_kouhyou_detail_004_kani=true&JigyosyoCd=1070203169-00&ServiceCd=150&Type=search" }, "geometry": { "type": "Point", "coordinates": [ 139.009425400000026, 36.3495238 ] } },
{ "type": "Feature", "properties": { "内容": "デイサービス温泉の里【通所介護】群馬県高崎市問屋町1－7－2アムールタウン高崎別館", "url2": "https://www.kaigokensaku.mhlw.go.jp/10/index.php?action_kouhyou_detail_004_kani=true&JigyosyoCd=1070204449-00&ServiceCd=150&Type=search" }, "geometry": { "type": "Point", "coordinates": [ 139.008833800000048, 36.3494627 ] } },
{ "type": "Feature", "properties": { "内容": "デイサービスセンター　ベルジ高崎【通所介護】群馬県高崎市問屋町一丁目７番地３", "url2": "https://www.kaigokensaku.mhlw.go.jp/10/index.php?action_kouhyou_detail_004_kani=true&JigyosyoCd=1070201965-00&ServiceCd=150&Type=search" }, "geometry": { "type": "Point", "coordinates": [ 139.008831, 36.3499321 ] } },
{ "type": "Feature", "properties": { "内容": "ツクイ高崎問屋町【通所介護】群馬県高崎市問屋町西２－６－２", "url2": "https://www.kaigokensaku.mhlw.go.jp/10/index.php?action_kouhyou_detail_004_kani=true&JigyosyoCd=1070201502-00&ServiceCd=150&Type=search" }, "geometry": { "type": "Point", "coordinates": [ 139.00443139999993, 36.3472849 ] } },
{ "type": "Feature", "properties": { "内容": "矢中明生苑デイサービスセンター【通所介護】群馬県高崎市矢中町1105-4", "url2": "https://www.kaigokensaku.mhlw.go.jp/10/index.php?action_kouhyou_detail_004_kani=true&JigyosyoCd=1070200454-00&ServiceCd=150&Type=search" }, "geometry": { "type": "Point", "coordinates": [ 139.0515428, 36.3052188 ] } },
{ "type": "Feature", "properties": { "内容": "デイサービス　オハナ矢島町【通所介護】群馬県高崎市矢島町742-1", "url2": "https://www.kaigokensaku.mhlw.go.jp/10/index.php?action_kouhyou_detail_004_kani=true&JigyosyoCd=1070204910-00&ServiceCd=150&Type=search" }, "geometry": { "type": "Point", "coordinates": [ 139.044675699999971, 36.3407867 ] } },
{ "type": "Feature", "properties": { "内容": "レッツ倶楽部高崎【通所介護】群馬県高崎市緑町1-11-3", "url2": "https://www.kaigokensaku.mhlw.go.jp/10/index.php?action_kouhyou_detail_004_kani=true&JigyosyoCd=1070206907-00&ServiceCd=150&Type=search" }, "geometry": { "type": "Point", "coordinates": [ 139.00049334323154, 36.350513613875805 ] } },
{ "type": "Feature", "properties": { "内容": "ハッピーデイBali緑町【通所介護】群馬県高崎市緑町1丁目8-1", "url2": "https://www.kaigokensaku.mhlw.go.jp/10/index.php?action_kouhyou_detail_004_kani=true&JigyosyoCd=1070207566-00&ServiceCd=150&Type=search" }, "geometry": { "type": "Point", "coordinates": [ 139.002636684378047, 36.350169885946322 ] } },
{ "type": "Feature", "properties": { "内容": "デイサービスしずく【通所介護】群馬県高崎市引間町９７１", "url2": "https://www.kaigokensaku.mhlw.go.jp/10/index.php?action_kouhyou_detail_004_kani=true&JigyosyoCd=1070207921-00&ServiceCd=150&Type=search" }, "geometry": { "type": "Point", "coordinates": [ 139.011475100000013, 36.3931313 ] } },
{ "type": "Feature", "properties": { "内容": "アイデイサービス高崎みさと【通所介護】群馬県高崎市箕郷町上芝795-1", "url2": "https://www.kaigokensaku.mhlw.go.jp/10/index.php?action_kouhyou_detail_004_kani=true&JigyosyoCd=1070208135-00&ServiceCd=150&Type=search" }, "geometry": { "type": "Point", "coordinates": [ 138.9559107, 36.3889462 ] } },
{ "type": "Feature", "properties": { "内容": "おりひめデイサービスセンター【通所介護】群馬県高崎市箕郷町生原1183-1", "url2": "https://www.kaigokensaku.mhlw.go.jp/10/index.php?action_kouhyou_detail_004_kani=true&JigyosyoCd=1072100785-00&ServiceCd=150&Type=search" }, "geometry": { "type": "Point", "coordinates": [ 138.970221700000025, 36.3969806 ] } },
{ "type": "Feature", "properties": { "内容": "こころや井野デイサービス【通所介護】群馬県高崎市井野町１３１－３", "url2": "https://www.kaigokensaku.mhlw.go.jp/10/index.php?action_kouhyou_detail_004_kani=true&JigyosyoCd=1070203581-00&ServiceCd=150&Type=search" }, "geometry": { "type": "Point", "coordinates": [ 139.023296599999981, 36.3548904 ] } },
{ "type": "Feature", "properties": { "内容": "フィットネスデイまなか【通所介護】群馬県高崎市南新波町91-1", "url2": "https://www.kaigokensaku.mhlw.go.jp/10/index.php?action_kouhyou_detail_004_kani=true&JigyosyoCd=1070207913-00&ServiceCd=150&Type=search" }, "geometry": { "type": "Point", "coordinates": [ 138.9702542, 36.3641059 ] } },
{ "type": "Feature", "properties": { "内容": "サロンデイ【通所介護】群馬県高崎市和田町１０－１１", "url2": "https://www.kaigokensaku.mhlw.go.jp/10/index.php?action_kouhyou_detail_004_kani=true&JigyosyoCd=1070207756-00&ServiceCd=150&Type=search" }, "geometry": { "type": "Point", "coordinates": [ 139.011236599999989, 36.3164234 ] } },
{ "type": "Feature", "properties": { "内容": "みかん色藤塚【通所介護】群馬県高崎市藤塚町367-1", "url2": "https://www.kaigokensaku.mhlw.go.jp/10/index.php?action_kouhyou_detail_004_kani=true&JigyosyoCd=1070207715-00&ServiceCd=150&Type=search" }, "geometry": { "type": "Point", "coordinates": [ 138.954341179237332, 36.33596684823015 ] } },
{ "type": "Feature", "properties": { "内容": "高崎ケアセンターそよ風【通所介護】群馬県高崎市緑町4-5-9", "url2": "https://www.kaigokensaku.mhlw.go.jp/10/index.php?action_kouhyou_detail_004_kani=true&JigyosyoCd=1070200892-00&ServiceCd=150&Type=search" }, "geometry": { "type": "Point", "coordinates": [ 139.009038587572746, 36.352600422264793 ] } },
{ "type": "Feature", "properties": { "内容": "デイサービスセンター　フィリア【通所介護】群馬県高崎市中室田町２２５２", "url2": "https://www.kaigokensaku.mhlw.go.jp/10/index.php?action_kouhyou_detail_004_kani=true&JigyosyoCd=1072100264-00&ServiceCd=150&Type=search" }, "geometry": { "type": "Point", "coordinates": [ 138.860161227647382, 36.396673480281613 ] } },
{ "type": "Feature", "properties": { "内容": "リハビリ特化型デイサービス　　リハビリホーム高崎【通所介護】群馬県高崎市足門町764－5", "url2": "https://www.kaigokensaku.mhlw.go.jp/10/index.php?action_kouhyou_detail_004_kani=true&JigyosyoCd=1070207871-00&ServiceCd=150&Type=search" }, "geometry": { "type": "Point", "coordinates": [ 138.995799299999987, 36.3942896 ] } },
{ "type": "Feature", "properties": { "内容": "デイサービスにこる【通所介護】群馬県みどり市笠懸町西鹿田182番地1", "url2": "https://www.kaigokensaku.mhlw.go.jp/10/index.php?action_kouhyou_detail_004_kani=true&JigyosyoCd=1071201121-00&ServiceCd=150&Type=search" }, "geometry": { "type": "Point", "coordinates": [ 139.26, 36.397428 ] } },
{ "type": "Feature", "properties": { "内容": "デイサービス　WILL　BLUE【通所介護】群馬県桐生市宮前町２丁目5-34", "url2": "https://www.kaigokensaku.mhlw.go.jp/10/index.php?action_kouhyou_detail_004_kani=true&JigyosyoCd=1070303407-00&ServiceCd=150&Type=search" }, "geometry": { "type": "Point", "coordinates": [ 139.33204760000001, 36.413715 ] } },
{ "type": "Feature", "properties": { "内容": "デイサービスセンター　シニアの杜・桐生【通所介護】群馬県桐生市宮本町1－12－38シニアの杜・桐生", "url2": "https://www.kaigokensaku.mhlw.go.jp/10/index.php?action_kouhyou_detail_004_kani=true&JigyosyoCd=1070302433-00&ServiceCd=150&Type=search" }, "geometry": { "type": "Point", "coordinates": [ 139.339419899999939, 36.4145202 ] } },
{ "type": "Feature", "properties": { "内容": "岩下病院老人デイサービスひまわり【通所介護】群馬県桐生市宮本町１丁目８－３３", "url2": "https://www.kaigokensaku.mhlw.go.jp/10/index.php?action_kouhyou_detail_004_kani=true&JigyosyoCd=1070301187-00&ServiceCd=150&Type=search" }, "geometry": { "type": "Point", "coordinates": [ 139.340102052114844, 36.415233883737024 ] } },
{ "type": "Feature", "properties": { "内容": "境野デイサービスセンター【通所介護】群馬県桐生市境野町3-1295-1境野長寿センター", "url2": "https://www.kaigokensaku.mhlw.go.jp/10/index.php?action_kouhyou_detail_004_kani=true&JigyosyoCd=1070300270-00&ServiceCd=150&Type=search" }, "geometry": { "type": "Point", "coordinates": [ 139.344739600000025, 36.3909754 ] } },
{ "type": "Feature", "properties": { "内容": "ゆとりデイサービスセンター【通所介護】群馬県桐生市境野町6丁目1711番地4", "url2": "https://www.kaigokensaku.mhlw.go.jp/10/index.php?action_kouhyou_detail_004_kani=true&JigyosyoCd=1070303258-00&ServiceCd=150&Type=search" }, "geometry": { "type": "Point", "coordinates": [ 139.35328165634462, 36.382105708850553 ] } },
{ "type": "Feature", "properties": { "内容": "デイサービスふたば【通所介護】群馬県桐生市広沢町1丁目2643番地の1", "url2": "https://www.kaigokensaku.mhlw.go.jp/10/index.php?action_kouhyou_detail_004_kani=true&JigyosyoCd=1070300213-00&ServiceCd=150&Type=search" }, "geometry": { "type": "Point", "coordinates": [ 139.333065499999947, 36.3919753 ] } },
{ "type": "Feature", "properties": { "内容": "えんじょいｄａｙクララトーホー【通所介護】群馬県桐生市広沢町２丁目３２３６番地１", "url2": "https://www.kaigokensaku.mhlw.go.jp/10/index.php?action_kouhyou_detail_004_kani=true&JigyosyoCd=1070303217-00&ServiceCd=150&Type=search" }, "geometry": { "type": "Point", "coordinates": [ 139.319001599999979, 36.3891882 ] } },
{ "type": "Feature", "properties": { "内容": "医療法人社団三思会ショート･デイセンタークララ広沢【通所介護】群馬県桐生市広沢町2丁目3248-1", "url2": "https://www.kaigokensaku.mhlw.go.jp/10/index.php?action_kouhyou_detail_004_kani=true&JigyosyoCd=1070302128-00&ServiceCd=150&Type=search" }, "geometry": { "type": "Point", "coordinates": [ 139.320252799999906, 36.389545 ] } },
{ "type": "Feature", "properties": { "内容": "さくらんぼデイサービスセンター【通所介護】群馬県桐生市広沢町3丁目3954-1", "url2": "https://www.kaigokensaku.mhlw.go.jp/10/index.php?action_kouhyou_detail_004_kani=true&JigyosyoCd=1070301179-00&ServiceCd=150&Type=search" }, "geometry": { "type": "Point", "coordinates": [ 139.32037790000004, 36.3847093 ] } },
{ "type": "Feature", "properties": { "内容": "社会福祉法人　邦知会　ユートピア広沢【通所介護】群馬県桐生市広沢町6-307-3", "url2": "https://www.kaigokensaku.mhlw.go.jp/10/index.php?action_kouhyou_detail_004_kani=true&JigyosyoCd=1070300106-00&ServiceCd=150&Type=search" }, "geometry": { "type": "Point", "coordinates": [ 139.359239800000068, 36.3713938 ] } },
{ "type": "Feature", "properties": { "内容": "社会福祉法人　邦知会　ハーモニー広沢【通所介護】群馬県桐生市広沢町6-332-1", "url2": "https://www.kaigokensaku.mhlw.go.jp/10/index.php?action_kouhyou_detail_004_kani=true&JigyosyoCd=1070300833-00&ServiceCd=150&Type=search" }, "geometry": { "type": "Point", "coordinates": [ 139.361092500000041, 36.3702662 ] } },
{ "type": "Feature", "properties": { "内容": "デイサービス桜花【通所介護】群馬県桐生市広沢町6-595-3住宅型有料老人ホーム藤和の丘", "url2": "https://www.kaigokensaku.mhlw.go.jp/10/index.php?action_kouhyou_detail_004_kani=true&JigyosyoCd=1070403454-00&ServiceCd=150&Type=search" }, "geometry": { "type": "Point", "coordinates": [ 139.35293189999993, 36.3699856 ] } },
{ "type": "Feature", "properties": { "内容": "デイサービスセンター　あさなぎ【通所介護】群馬県桐生市広沢町間ノ島216番地", "url2": "https://www.kaigokensaku.mhlw.go.jp/10/index.php?action_kouhyou_detail_004_kani=true&JigyosyoCd=1070303183-00&ServiceCd=150&Type=search" }, "geometry": { "type": "Point", "coordinates": [ 139.336822518385333, 36.389619802362112 ] } },
{ "type": "Feature", "properties": { "内容": "ケアステーションあさひ　桐生【通所介護】群馬県桐生市新宿3丁目15-4", "url2": "https://www.kaigokensaku.mhlw.go.jp/10/index.php?action_kouhyou_detail_004_kani=true&JigyosyoCd=1070302656-00&ServiceCd=150&Type=search" }, "geometry": { "type": "Point", "coordinates": [ 139.343628500000023, 36.3933752 ] } },
{ "type": "Feature", "properties": { "内容": "ディバシティアン【通所介護】群馬県桐生市新里町山上472-1", "url2": "https://www.kaigokensaku.mhlw.go.jp/10/index.php?action_kouhyou_detail_004_kani=true&JigyosyoCd=1070301906-00&ServiceCd=150&Type=search" }, "geometry": { "type": "Point", "coordinates": [ 139.231641500000023, 36.4162183 ] } },
{ "type": "Feature", "properties": { "内容": "ディバシティドゥ【通所介護】群馬県桐生市新里町山上513-6", "url2": "https://www.kaigokensaku.mhlw.go.jp/10/index.php?action_kouhyou_detail_004_kani=true&JigyosyoCd=1070302623-00&ServiceCd=150&Type=search" }, "geometry": { "type": "Point", "coordinates": [ 139.231663190074187, 36.420649187301763 ] } },
{ "type": "Feature", "properties": { "内容": "運動特化型デイサービス　トレーニングハウスR【通所介護】群馬県桐生市新里町新川1167-1", "url2": "https://www.kaigokensaku.mhlw.go.jp/10/index.php?action_kouhyou_detail_004_kani=true&JigyosyoCd=1070303282-00&ServiceCd=150&Type=search" }, "geometry": { "type": "Point", "coordinates": [ 139.259120200000012, 36.419678 ] } },
{ "type": "Feature", "properties": { "内容": "デイサービスセンターいきいき・倶楽部【通所介護】群馬県桐生市新里町新川1312", "url2": "https://www.kaigokensaku.mhlw.go.jp/10/index.php?action_kouhyou_detail_004_kani=true&JigyosyoCd=1070301245-00&ServiceCd=150&Type=search" }, "geometry": { "type": "Point", "coordinates": [ 139.257483699999966, 36.4123917 ] } },
{ "type": "Feature", "properties": { "内容": "通所介護ベル新里【通所介護】群馬県桐生市新里町新川３８２８－１有料老人ホーム　あらた新里", "url2": "https://www.kaigokensaku.mhlw.go.jp/10/index.php?action_kouhyou_detail_004_kani=true&JigyosyoCd=1070303431-00&ServiceCd=150&Type=search" }, "geometry": { "type": "Point", "coordinates": [ 139.268935793475521, 36.422965767727646 ] } },
{ "type": "Feature", "properties": { "内容": "デイサービスセンター春日和新里町【通所介護】群馬県桐生市新里町新川4014－1ワールドステイ新里町", "url2": "https://www.kaigokensaku.mhlw.go.jp/10/index.php?action_kouhyou_detail_004_kani=true&JigyosyoCd=1070302490-00&ServiceCd=150&Type=search" }, "geometry": { "type": "Point", "coordinates": [ 139.2649189, 36.4197324 ] } },
{ "type": "Feature", "properties": { "内容": "モン・クール【通所介護】群馬県桐生市川内町３丁目３３９－１", "url2": "https://www.kaigokensaku.mhlw.go.jp/10/index.php?action_kouhyou_detail_004_kani=true&JigyosyoCd=1071200313-00&ServiceCd=150&Type=search" }, "geometry": { "type": "Point", "coordinates": [ 139.302621049845925, 36.431641634878048 ] } },
{ "type": "Feature", "properties": { "内容": "デイハウス　きらら【通所介護】群馬県桐生市川内町４丁目４２５－４", "url2": "https://www.kaigokensaku.mhlw.go.jp/10/index.php?action_kouhyou_detail_004_kani=true&JigyosyoCd=1070301013-00&ServiceCd=150&Type=search" }, "geometry": { "type": "Point", "coordinates": [ 139.292016099999955, 36.4333531 ] } },
{ "type": "Feature", "properties": { "内容": "ふれあい苑　和【通所介護】群馬県桐生市川内町5丁目50-1", "url2": "https://www.kaigokensaku.mhlw.go.jp/10/index.php?action_kouhyou_detail_004_kani=true&JigyosyoCd=1070301658-00&ServiceCd=150&Type=search" }, "geometry": { "type": "Point", "coordinates": [ 139.318768200000022, 36.4530872 ] } },
{ "type": "Feature", "properties": { "内容": "コープケアあいおいデイサービス【通所介護】群馬県桐生市相生町１－１１３－１虹の丘あいおい", "url2": "https://www.kaigokensaku.mhlw.go.jp/10/index.php?action_kouhyou_detail_004_kani=true&JigyosyoCd=1070303308-00&ServiceCd=150&Type=search" }, "geometry": { "type": "Point", "coordinates": [ 139.619709, 35.3422625 ] } },
{ "type": "Feature", "properties": { "内容": "デイサービス奏【通所介護】群馬県桐生市相生町１丁目５０２－５", "url2": "https://www.kaigokensaku.mhlw.go.jp/10/index.php?action_kouhyou_detail_004_kani=true&JigyosyoCd=1070303365-00&ServiceCd=150&Type=search" }, "geometry": { "type": "Point", "coordinates": [ 139.313207347221379, 36.405075195302025 ] } },
{ "type": "Feature", "properties": { "内容": "コンパスウォーク桐生【通所介護】群馬県桐生市相生町１丁目600-5", "url2": "https://www.kaigokensaku.mhlw.go.jp/10/index.php?action_kouhyou_detail_004_kani=true&JigyosyoCd=1070303266-00&ServiceCd=150&Type=search" }, "geometry": { "type": "Point", "coordinates": [ 139.312250899999981, 36.4016032 ] } },
{ "type": "Feature", "properties": { "内容": "アースケアデイサービスセンターあいおい【通所介護】群馬県桐生市相生町１丁目５５２番地3", "url2": "https://www.kaigokensaku.mhlw.go.jp/10/index.php?action_kouhyou_detail_004_kani=true&JigyosyoCd=1070303159-00&ServiceCd=150&Type=search" }, "geometry": { "type": "Point", "coordinates": [ 139.314213162380838, 36.397675328647829 ] } },
{ "type": "Feature", "properties": { "内容": "菜園デイサービス　えがお【通所介護】群馬県桐生市相生町二丁目１７８－１", "url2": "https://www.kaigokensaku.mhlw.go.jp/10/index.php?action_kouhyou_detail_004_kani=true&JigyosyoCd=1070302185-00&ServiceCd=150&Type=search" }, "geometry": { "type": "Point", "coordinates": [ 139.316271596434035, 36.410018968931091 ] } },
{ "type": "Feature", "properties": { "内容": "ココロデイサービス【通所介護】群馬桐生市相生町２丁目261-3", "url2": "https://www.kaigokensaku.mhlw.go.jp/10/index.php?action_kouhyou_detail_004_kani=true&JigyosyoCd=1070303092-00&ServiceCd=150&Type=search" }, "geometry": { "type": "Point", "coordinates": [ 139.31613440000001, 36.4133264 ] } },
{ "type": "Feature", "properties": { "内容": "デイサービス　アヴェニール【通所介護】群馬県桐生市相生町2丁目312番地1", "url2": "https://www.kaigokensaku.mhlw.go.jp/10/index.php?action_kouhyou_detail_004_kani=true&JigyosyoCd=1070303399-00&ServiceCd=150&Type=search" }, "geometry": { "type": "Point", "coordinates": [ 139.312033, 36.4118368 ] } },
{ "type": "Feature", "properties": { "内容": "デイサービスセンターコスモス白滝【通所介護】群馬県桐生市相生町2丁目35-3", "url2": "https://www.kaigokensaku.mhlw.go.jp/10/index.php?action_kouhyou_detail_004_kani=true&JigyosyoCd=1070301989-00&ServiceCd=150&Type=search" }, "geometry": { "type": "Point", "coordinates": [ 139.312901128253202, 36.406952955117298 ] } },
{ "type": "Feature", "properties": { "内容": "デイサービスみらい【通所介護】群馬県桐生市相生町2丁目617-1", "url2": "https://www.kaigokensaku.mhlw.go.jp/10/index.php?action_kouhyou_detail_004_kani=true&JigyosyoCd=1070303381-00&ServiceCd=150&Type=search" }, "geometry": { "type": "Point", "coordinates": [ 139.302211509787014, 36.413697895905926 ] } },
{ "type": "Feature", "properties": { "内容": "リハビリクラブ笑くぼ【通所介護】群馬県桐生市相生町二丁目915番地15", "url2": "https://www.kaigokensaku.mhlw.go.jp/10/index.php?action_kouhyou_detail_004_kani=true&JigyosyoCd=1070303167-00&ServiceCd=150&Type=search" }, "geometry": { "type": "Point", "coordinates": [ 139.308881499999984, 36.4064985 ] } },
{ "type": "Feature", "properties": { "内容": "デイサービスのぞみの苑【通所介護】群馬県桐生市相生町５－４９３", "url2": "https://www.kaigokensaku.mhlw.go.jp/10/index.php?action_kouhyou_detail_004_kani=true&JigyosyoCd=1070300452-00&ServiceCd=150&Type=search" }, "geometry": { "type": "Point", "coordinates": [ 139.2855561, 36.4146192 ] } },
{ "type": "Feature", "properties": { "内容": "デイサービスセンターつどい【通所介護】群馬県桐生市相生町5丁目540番地４", "url2": "https://www.kaigokensaku.mhlw.go.jp/10/index.php?action_kouhyou_detail_004_kani=true&JigyosyoCd=1070303209-00&ServiceCd=150&Type=search" }, "geometry": { "type": "Point", "coordinates": [ 139.288823336740109, 36.413060397984282 ] } },
{ "type": "Feature", "properties": { "内容": "デイサービスセンターコスモス相老【通所介護】群馬県桐生市相生町5丁目572-1", "url2": "https://www.kaigokensaku.mhlw.go.jp/10/index.php?action_kouhyou_detail_004_kani=true&JigyosyoCd=1070302789-00&ServiceCd=150&Type=search" }, "geometry": { "type": "Point", "coordinates": [ 139.290783499999947, 36.4101476 ] } },
{ "type": "Feature", "properties": { "内容": "笑くぼ　デイサービス【通所介護】群馬県桐生市相生町５丁目６４番地３", "url2": "https://www.kaigokensaku.mhlw.go.jp/10/index.php?action_kouhyou_detail_004_kani=true&JigyosyoCd=1070302235-00&ServiceCd=150&Type=search" }, "geometry": { "type": "Point", "coordinates": [ 139.305354099999931, 36.4059513 ] } },
{ "type": "Feature", "properties": { "内容": "デイサービスセンターことり【通所介護】群馬県桐生市仲町1丁目8番6号", "url2": "https://www.kaigokensaku.mhlw.go.jp/10/index.php?action_kouhyou_detail_004_kani=true&JigyosyoCd=1070303456-00&ServiceCd=150&Type=search" }, "geometry": { "type": "Point", "coordinates": [ 139.343088300000034, 36.414119300000017 ] } },
{ "type": "Feature", "properties": { "内容": "リハビリヒルズデイサービスセンター【通所介護】群馬県桐生市東1丁目5番11号", "url2": "https://www.kaigokensaku.mhlw.go.jp/10/index.php?action_kouhyou_detail_004_kani=true&JigyosyoCd=1070301039-00&ServiceCd=150&Type=search" }, "geometry": { "type": "Point", "coordinates": [ 139.3466386, 36.4147924 ] } },
{ "type": "Feature", "properties": { "内容": "東デイサービスセンター【通所介護】群馬県桐生市東1-8-41東長寿センター", "url2": "https://www.kaigokensaku.mhlw.go.jp/10/index.php?action_kouhyou_detail_004_kani=true&JigyosyoCd=1070300288-00&ServiceCd=150&Type=search" }, "geometry": { "type": "Point", "coordinates": [ 139.346083099999987, 36.4129759 ] } },
{ "type": "Feature", "properties": { "内容": "ディバシティ桐生東【通所介護】群馬県桐生市東1-3-26", "url2": "https://www.kaigokensaku.mhlw.go.jp/10/index.php?action_kouhyou_detail_004_kani=true&JigyosyoCd=1070303100-00&ServiceCd=150&Type=search" }, "geometry": { "type": "Point", "coordinates": [ 139.346873771758283, 36.415195107809033 ] } },
{ "type": "Feature", "properties": { "内容": "デイサービスセンター梅の郷【通所介護】群馬県桐生市梅田町４丁目１７７４－４", "url2": "https://www.kaigokensaku.mhlw.go.jp/10/index.php?action_kouhyou_detail_004_kani=true&JigyosyoCd=1070300304-00&ServiceCd=150&Type=search" }, "geometry": { "type": "Point", "coordinates": [ 139.40640570000005, 36.4741719 ] } },
{ "type": "Feature", "properties": { "内容": "アイリスラ・フォーレデイサービスセンター【通所介護】群馬県桐生市菱町1丁目349-1", "url2": "https://www.kaigokensaku.mhlw.go.jp/10/index.php?action_kouhyou_detail_004_kani=true&JigyosyoCd=1070302854-00&ServiceCd=150&Type=search" }, "geometry": { "type": "Point", "coordinates": [ 139.359877570030591, 36.389015437576894 ] } },
{ "type": "Feature", "properties": { "内容": "ショート・デイセンター和奏【通所介護】群馬県桐生市菱町4-2261-4", "url2": "https://www.kaigokensaku.mhlw.go.jp/10/index.php?action_kouhyou_detail_004_kani=true&JigyosyoCd=1070300957-00&ServiceCd=150&Type=search" }, "geometry": { "type": "Point", "coordinates": [ 139.351679600000011, 36.4191724 ] } },
{ "type": "Feature", "properties": { "内容": "デイサービスセンターひよこ【通所介護】群馬県桐生市本町３丁目１－４", "url2": "https://www.kaigokensaku.mhlw.go.jp/10/index.php?action_kouhyou_detail_004_kani=true&JigyosyoCd=1070301419-00&ServiceCd=150&Type=search" }, "geometry": { "type": "Point", "coordinates": [ 139.342000571163908, 36.416044740186351 ] } },
{ "type": "Feature", "properties": { "内容": "デイサービス　よつ葉【通所介護】群馬県桐生市本町3丁目２番32号", "url2": "https://www.kaigokensaku.mhlw.go.jp/10/index.php?action_kouhyou_detail_004_kani=true&JigyosyoCd=1070301955-00&ServiceCd=150&Type=search" }, "geometry": { "type": "Point", "coordinates": [ 139.342547299999978, 36.4159117 ] } },
{ "type": "Feature", "properties": { "内容": "デイサービスセンター　アンソニー・ケア【通所介護】群馬県桐生市本町三丁目３番１７号", "url2": "https://www.kaigokensaku.mhlw.go.jp/10/index.php?action_kouhyou_detail_004_kani=true&JigyosyoCd=1070303035-00&ServiceCd=150&Type=search" }, "geometry": { "type": "Point", "coordinates": [ 139.341097499999933, 36.4153506 ] } },
{ "type": "Feature", "properties": { "内容": "きらら　Ｔｏｗｎ【通所介護】群馬県桐生市本町6丁目27-1プライマリービル2F", "url2": "https://www.kaigokensaku.mhlw.go.jp/10/index.php?action_kouhyou_detail_004_kani=true&JigyosyoCd=1070302060-00&ServiceCd=150&Type=search" }, "geometry": { "type": "Point", "coordinates": [ 139.337694915097018, 36.408719840561425 ] } },
{ "type": "Feature", "properties": { "内容": "デイサービスセンターすまいるさかいの【通所介護】群馬県桐生市境野町4丁目1065-1", "url2": "https://www.kaigokensaku.mhlw.go.jp/10/index.php?action_kouhyou_detail_004_kani=true&JigyosyoCd=1070303480-00&ServiceCd=150&Type=search" }, "geometry": { "type": "Point", "coordinates": [ 139.3551225, 36.3937779 ] } },
{ "type": "Feature", "properties": { "内容": "リハ＋トレセンター桐生店【通所介護】群馬県桐生市境野町７丁目１８１３－３", "url2": "https://www.kaigokensaku.mhlw.go.jp/10/index.php?action_kouhyou_detail_004_kani=true&JigyosyoCd=1070303589-00&ServiceCd=150&Type=search" }, "geometry": { "type": "Point", "coordinates": [ 139.362589464418022, 36.37598257939991 ] } },
{ "type": "Feature", "properties": { "内容": "家具のホンダ　リハ・アシスト　ホンダ　相生店【通所介護】群馬県桐生市相生町5-473-1", "url2": "https://www.kaigokensaku.mhlw.go.jp/10/index.php?action_kouhyou_detail_004_kani=true&JigyosyoCd=1070303597-00&ServiceCd=150&Type=search" }, "geometry": { "type": "Point", "coordinates": [ 139.289173299999987, 36.4165711 ] } },
{ "type": "Feature", "properties": { "内容": "デイサービスセンター茶話【通所介護】群馬県桐生市新里町新川3985-2", "url2": "https://www.kaigokensaku.mhlw.go.jp/10/index.php?action_kouhyou_detail_004_kani=true&JigyosyoCd=1071201139-00&ServiceCd=150&Type=search" }, "geometry": { "type": "Point", "coordinates": [ 139.266441461154955, 36.420266453398689 ] } },
{ "type": "Feature", "properties": { "内容": "桐生ケアセンターそよ風【通所介護】群馬県桐生市相生町１丁目160-1", "url2": "https://www.kaigokensaku.mhlw.go.jp/10/index.php?action_kouhyou_detail_004_kani=true&JigyosyoCd=1070300577-00&ServiceCd=150&Type=search" }, "geometry": { "type": "Point", "coordinates": [ 139.311842299999967, 36.4029657 ] } },
{ "type": "Feature", "properties": { "内容": "デイサービスうららか【通所介護】群馬県伊勢崎市今井町339-5", "url2": "https://www.kaigokensaku.mhlw.go.jp/10/index.php?action_kouhyou_detail_004_kani=true&JigyosyoCd=1070404940-00&ServiceCd=150&Type=search" }, "geometry": { "type": "Point", "coordinates": [ 139.1811581, 36.3036161 ] } },
{ "type": "Feature", "properties": { "内容": "デイサービスGreen　Rose【通所介護】群馬県伊勢崎市安堀町789-3", "url2": "https://www.kaigokensaku.mhlw.go.jp/10/index.php?action_kouhyou_detail_004_kani=true&JigyosyoCd=1070404171-00&ServiceCd=150&Type=search" }, "geometry": { "type": "Point", "coordinates": [ 139.183317799999941, 36.3364412 ] } },
{ "type": "Feature", "properties": { "内容": "伊勢崎市社会福祉協議会　磯沼荘デイサービスセンター【通所介護】群馬県伊勢崎市磯町４０９番地２", "url2": "https://www.kaigokensaku.mhlw.go.jp/10/index.php?action_kouhyou_detail_004_kani=true&JigyosyoCd=1070401631-00&ServiceCd=150&Type=search" }, "geometry": { "type": "Point", "coordinates": [ 139.231604382803312, 36.397248622238763 ] } },
{ "type": "Feature", "properties": { "内容": "デイサービスセンターアミーキ【通所介護】群馬県伊勢崎市磯町435-1", "url2": "https://www.kaigokensaku.mhlw.go.jp/10/index.php?action_kouhyou_detail_004_kani=true&JigyosyoCd=1072800517-00&ServiceCd=150&Type=search" }, "geometry": { "type": "Point", "coordinates": [ 139.230736400000069, 36.399534 ] } },
{ "type": "Feature", "properties": { "内容": "アルヴェリハスタジオ伊勢崎【通所介護】群馬県伊勢崎稲荷町230-1", "url2": "https://www.kaigokensaku.mhlw.go.jp/10/index.php?action_kouhyou_detail_004_kani=true&JigyosyoCd=1070404791-00&ServiceCd=150&Type=search" }, "geometry": { "type": "Point", "coordinates": [ 139.1484316, 36.3271508 ] } },
{ "type": "Feature", "properties": { "内容": "常磐の郷里【通所介護】群馬県伊勢崎市下植木町563-6", "url2": "https://www.kaigokensaku.mhlw.go.jp/10/index.php?action_kouhyou_detail_004_kani=true&JigyosyoCd=1070402662-00&ServiceCd=150&Type=search" }, "geometry": { "type": "Point", "coordinates": [ 139.21327610000003, 36.317222 ] } },
{ "type": "Feature", "properties": { "内容": "宮郷デイサービスセンター【通所介護】群馬県伊勢崎市宮古町128-1", "url2": "https://www.kaigokensaku.mhlw.go.jp/10/index.php?action_kouhyou_detail_004_kani=true&JigyosyoCd=1070401284-00&ServiceCd=150&Type=search" }, "geometry": { "type": "Point", "coordinates": [ 139.15248889999998, 36.3238729 ] } },
{ "type": "Feature", "properties": { "内容": "扶桑郷デイサービスセンター【通所介護】群馬県伊勢崎市宮子町3083", "url2": "https://www.kaigokensaku.mhlw.go.jp/10/index.php?action_kouhyou_detail_004_kani=true&JigyosyoCd=1070402381-00&ServiceCd=150&Type=search" }, "geometry": { "type": "Point", "coordinates": [ 139.1643546437883, 36.332496168394776 ] } },
{ "type": "Feature", "properties": { "内容": "デイサービス　プチフローラ【通所介護】群馬県伊勢崎市宮子町3486-1", "url2": "https://www.kaigokensaku.mhlw.go.jp/10/index.php?action_kouhyou_detail_004_kani=true&JigyosyoCd=1070403959-00&ServiceCd=150&Type=search" }, "geometry": { "type": "Point", "coordinates": [ 139.147169403010594, 36.340686581693518 ] } },
{ "type": "Feature", "properties": { "内容": "デイサービスふれあい【通所介護】群馬県伊勢崎市宮子町3564-4", "url2": "https://www.kaigokensaku.mhlw.go.jp/10/index.php?action_kouhyou_detail_004_kani=true&JigyosyoCd=1070401623-00&ServiceCd=150&Type=search" }, "geometry": { "type": "Point", "coordinates": [ 139.1528386, 36.327817 ] } },
{ "type": "Feature", "properties": { "内容": "ニチイケアセンター伊勢崎【通所介護】群馬県伊勢崎市宮前町12", "url2": "https://www.kaigokensaku.mhlw.go.jp/10/index.php?action_kouhyou_detail_004_kani=true&JigyosyoCd=1070400260-00&ServiceCd=150&Type=search" }, "geometry": { "type": "Point", "coordinates": [ 139.207926400000019, 36.3252404 ] } },
{ "type": "Feature", "properties": { "内容": "デイサービス　ひまわり伊勢崎【通所介護】群馬県伊勢崎市境伊与久1344-5", "url2": "https://www.kaigokensaku.mhlw.go.jp/10/index.php?action_kouhyou_detail_004_kani=true&JigyosyoCd=1070402670-00&ServiceCd=150&Type=search" }, "geometry": { "type": "Point", "coordinates": [ 139.225167140251102, 36.297482336364553 ] } },
{ "type": "Feature", "properties": { "内容": "デイサービス匠の家【通所介護】群馬県伊勢崎市境伊与久602番地1", "url2": "https://www.kaigokensaku.mhlw.go.jp/10/index.php?action_kouhyou_detail_004_kani=true&JigyosyoCd=1070403751-00&ServiceCd=150&Type=search" }, "geometry": { "type": "Point", "coordinates": [ 139.229387200872139, 36.295839533791415 ] } },
{ "type": "Feature", "properties": { "内容": "デイサービスセンター　あずみ野【通所介護】群馬県伊勢崎市下渕名１００５－１", "url2": "https://www.kaigokensaku.mhlw.go.jp/10/index.php?action_kouhyou_detail_004_kani=true&JigyosyoCd=1072800392-00&ServiceCd=150&Type=search" }, "geometry": { "type": "Point", "coordinates": [ 139.24702494722132, 36.29187835242783 ] } },
{ "type": "Feature", "properties": { "内容": "いこいの里デイサービスセンター【通所介護】群馬県伊勢崎市境上武士1017-1特別養護老人ホームいこいの里", "url2": "https://www.kaigokensaku.mhlw.go.jp/10/index.php?action_kouhyou_detail_004_kani=true&JigyosyoCd=1072800087-00&ServiceCd=150&Type=search" }, "geometry": { "type": "Point", "coordinates": [ 139.229617800000028, 36.2780298 ] } },
{ "type": "Feature", "properties": { "内容": "デイサービスセンターいせさき【通所介護】群馬県伊勢崎市境上武士６０３番地３高齢者複合施設いせさき", "url2": "https://www.kaigokensaku.mhlw.go.jp/10/index.php?action_kouhyou_detail_004_kani=true&JigyosyoCd=1070403942-00&ServiceCd=150&Type=search" }, "geometry": { "type": "Point", "coordinates": [ 139.229752491540495, 36.281653415599344 ] } },
{ "type": "Feature", "properties": { "内容": "銀杏の丘デイサービスセンター【通所介護】群馬県伊勢崎市境上渕名409", "url2": "https://www.kaigokensaku.mhlw.go.jp/10/index.php?action_kouhyou_detail_004_kani=true&JigyosyoCd=1070401144-00&ServiceCd=150&Type=search" }, "geometry": { "type": "Point", "coordinates": [ 139.254419399999961, 36.3095575 ] } },
{ "type": "Feature", "properties": { "内容": "みずべの杜デイサービスセンター【通所介護】群馬県伊勢崎市境島村5087-1", "url2": "https://www.kaigokensaku.mhlw.go.jp/10/index.php?action_kouhyou_detail_004_kani=true&JigyosyoCd=1070403660-00&ServiceCd=150&Type=search" }, "geometry": { "type": "Point", "coordinates": [ 139.245197368231146, 36.257773702528098 ] } },
{ "type": "Feature", "properties": { "内容": "デイサービスこころの宿【通所介護】群馬県伊勢崎市曲沢町382番地1", "url2": "https://www.kaigokensaku.mhlw.go.jp/10/index.php?action_kouhyou_detail_004_kani=true&JigyosyoCd=1070402944-00&ServiceCd=150&Type=search" }, "geometry": { "type": "Point", "coordinates": [ 139.244357065081772, 36.375064367064638 ] } },
{ "type": "Feature", "properties": { "内容": "デイサービスセンターあんじゅ伊勢崎店【通所介護】群馬県伊勢崎市曲沢町767-3", "url2": "https://www.kaigokensaku.mhlw.go.jp/10/index.php?action_kouhyou_detail_004_kani=true&JigyosyoCd=1070402423-00&ServiceCd=150&Type=search" }, "geometry": { "type": "Point", "coordinates": [ 139.246598899999981, 36.3818273 ] } },
{ "type": "Feature", "properties": { "内容": "デイサービス　聖【通所介護】群馬県伊勢崎市五目牛町5-2", "url2": "https://www.kaigokensaku.mhlw.go.jp/10/index.php?action_kouhyou_detail_004_kani=true&JigyosyoCd=1070404486-00&ServiceCd=150&Type=search" }, "geometry": { "type": "Point", "coordinates": [ 139.204213699570914, 36.361867584167626 ] } },
{ "type": "Feature", "properties": { "内容": "デイサービスＷＩＬＬ　笑【通所介護】群馬県伊勢崎市香林町1丁目543番地住宅型シニアホームＷＩＬＬ", "url2": "https://www.kaigokensaku.mhlw.go.jp/10/index.php?action_kouhyou_detail_004_kani=true&JigyosyoCd=1070404528-00&ServiceCd=150&Type=search" }, "geometry": { "type": "Point", "coordinates": [ 139.24106679999997, 36.3871892 ] } },
{ "type": "Feature", "properties": { "内容": "デイサービスセンター　日和【通所介護】群馬県伊勢崎市香林町1丁目547-3", "url2": "https://www.kaigokensaku.mhlw.go.jp/10/index.php?action_kouhyou_detail_004_kani=true&JigyosyoCd=1070403116-00&ServiceCd=150&Type=search" }, "geometry": { "type": "Point", "coordinates": [ 139.234975946527101, 36.391510277431379 ] } },
{ "type": "Feature", "properties": { "内容": "デイ楽久陽【通所介護】群馬県伊勢崎市国定町２丁目１９８７番地１楽久陽ケアマンション国定", "url2": "https://www.kaigokensaku.mhlw.go.jp/10/index.php?action_kouhyou_detail_004_kani=true&JigyosyoCd=1070404205-00&ServiceCd=150&Type=search" }, "geometry": { "type": "Point", "coordinates": [ 139.239638499999955, 36.3654536 ] } },
{ "type": "Feature", "properties": { "内容": "特別養護老人ホームサルビア荘【通所介護】群馬県伊勢崎市国定町２丁目２３４５番地", "url2": "https://www.kaigokensaku.mhlw.go.jp/10/index.php?action_kouhyou_detail_004_kani=true&JigyosyoCd=1072800020-00&ServiceCd=150&Type=search" }, "geometry": { "type": "Point", "coordinates": [ 139.235369499999933, 36.3630455 ] } },
{ "type": "Feature", "properties": { "内容": "いきいきデイサービスおおいど【通所介護】群馬県伊勢崎市三室町4011-3", "url2": "https://www.kaigokensaku.mhlw.go.jp/10/index.php?action_kouhyou_detail_004_kani=true&JigyosyoCd=1070400534-00&ServiceCd=150&Type=search" }, "geometry": { "type": "Point", "coordinates": [ 139.245164380439718, 36.316878874528122 ] } },
{ "type": "Feature", "properties": { "内容": "アースケアデイサービスセンターひので【通所介護】群馬県伊勢崎市三室町5618-1", "url2": "https://www.kaigokensaku.mhlw.go.jp/10/index.php?action_kouhyou_detail_004_kani=true&JigyosyoCd=1070404684-00&ServiceCd=150&Type=search" }, "geometry": { "type": "Point", "coordinates": [ 139.2374366, 36.3255598 ] } },
{ "type": "Feature", "properties": { "内容": "デイサービスセンター四つ葉のクローバー伊勢崎山王【通所介護】群馬県伊勢崎市山王町73-2", "url2": "https://www.kaigokensaku.mhlw.go.jp/10/index.php?action_kouhyou_detail_004_kani=true&JigyosyoCd=1070404072-00&ServiceCd=150&Type=search" }, "geometry": { "type": "Point", "coordinates": [ 139.190166670500162, 36.302152878619751 ] } },
{ "type": "Feature", "properties": { "内容": "せせらぎデイサービスセンター【通所介護】群馬県伊勢崎市市場町1丁目1345番地", "url2": "https://www.kaigokensaku.mhlw.go.jp/10/index.php?action_kouhyou_detail_004_kani=true&JigyosyoCd=1070403009-00&ServiceCd=150&Type=search" }, "geometry": { "type": "Point", "coordinates": [ 139.216732200000024, 36.374958 ] } },
{ "type": "Feature", "properties": { "内容": "デイサービスセンター赤堀【通所介護】群馬県伊勢崎市市場町２丁目８００－１０", "url2": "https://www.kaigokensaku.mhlw.go.jp/10/index.php?action_kouhyou_detail_004_kani=true&JigyosyoCd=1070402316-00&ServiceCd=150&Type=search" }, "geometry": { "type": "Point", "coordinates": [ 139.226234200000022, 36.3627371 ] } },
{ "type": "Feature", "properties": { "内容": "たんぽぽデイサービスセンター【通所介護】群馬県伊勢崎市除ヶ町74-1", "url2": "https://www.kaigokensaku.mhlw.go.jp/10/index.php?action_kouhyou_detail_004_kani=true&JigyosyoCd=1070403827-00&ServiceCd=150&Type=search" }, "geometry": { "type": "Point", "coordinates": [ 139.199257100000068, 36.2876446 ] } },
{ "type": "Feature", "properties": { "内容": "ケアステーションあさひ伊勢崎昭和町【通所介護】群馬県伊勢崎市昭和町1658-4", "url2": "https://www.kaigokensaku.mhlw.go.jp/10/index.php?action_kouhyou_detail_004_kani=true&JigyosyoCd=1070402373-00&ServiceCd=150&Type=search" }, "geometry": { "type": "Point", "coordinates": [ 139.203202, 36.3272983 ] } },
{ "type": "Feature", "properties": { "内容": "ケアステーションあさひ伊勢崎【通所介護】群馬県伊勢崎市上諏訪町1225番地22", "url2": "https://www.kaigokensaku.mhlw.go.jp/10/index.php?action_kouhyou_detail_004_kani=true&JigyosyoCd=1070401961-00&ServiceCd=150&Type=search" }, "geometry": { "type": "Point", "coordinates": [ 139.213764500000025, 36.3265848 ] } },
{ "type": "Feature", "properties": { "内容": "あずみ苑　伊勢崎【通所介護】群馬県伊勢崎市上諏訪町1645-5", "url2": "https://www.kaigokensaku.mhlw.go.jp/10/index.php?action_kouhyou_detail_004_kani=true&JigyosyoCd=1070403876-00&ServiceCd=150&Type=search" }, "geometry": { "type": "Point", "coordinates": [ 139.222554292065411, 36.326821378210525 ] } },
{ "type": "Feature", "properties": { "内容": "デイサービスみのり【通所介護】群馬県伊勢崎市上田町165-16", "url2": "https://www.kaigokensaku.mhlw.go.jp/10/index.php?action_kouhyou_detail_004_kani=true&JigyosyoCd=1070404478-00&ServiceCd=150&Type=search" }, "geometry": { "type": "Point", "coordinates": [ 139.2374852, 36.355462 ] } },
{ "type": "Feature", "properties": { "内容": "デイサービスセンター結【通所介護】群馬県伊勢崎市西久保町２丁目２４３－４", "url2": "https://www.kaigokensaku.mhlw.go.jp/10/index.php?action_kouhyou_detail_004_kani=true&JigyosyoCd=1070404668-00&ServiceCd=150&Type=search" }, "geometry": { "type": "Point", "coordinates": [ 139.2395431, 36.380668 ] } },
{ "type": "Feature", "properties": { "内容": "ディフィールドつつじ【通所介護】群馬県伊勢崎市赤堀今井町1-360-1", "url2": "https://www.kaigokensaku.mhlw.go.jp/10/index.php?action_kouhyou_detail_004_kani=true&JigyosyoCd=1070403124-00&ServiceCd=150&Type=search" }, "geometry": { "type": "Point", "coordinates": [ 139.213649199999963, 36.3765106 ] } },
{ "type": "Feature", "properties": { "内容": "デイサービスセンター　遊馬【通所介護】群馬県伊勢崎市赤堀鹿島町786番地1", "url2": "https://www.kaigokensaku.mhlw.go.jp/10/index.php?action_kouhyou_detail_004_kani=true&JigyosyoCd=1070404320-00&ServiceCd=150&Type=search" }, "geometry": { "type": "Point", "coordinates": [ 139.252466199999958, 36.3862166 ] } },
{ "type": "Feature", "properties": { "内容": "健康サポートげんき太田町【通所介護】群馬県伊勢崎市太田町1005", "url2": "https://www.kaigokensaku.mhlw.go.jp/10/index.php?action_kouhyou_detail_004_kani=true&JigyosyoCd=1070402100-00&ServiceCd=150&Type=search" }, "geometry": { "type": "Point", "coordinates": [ 139.188250599999975, 36.336402300000017 ] } },
{ "type": "Feature", "properties": { "内容": "特別養護老人ホーム愛老園【通所介護】群馬県伊勢崎市太田町686", "url2": "https://www.kaigokensaku.mhlw.go.jp/10/index.php?action_kouhyou_detail_004_kani=true&JigyosyoCd=1070400047-00&ServiceCd=150&Type=search" }, "geometry": { "type": "Point", "coordinates": [ 139.187642899999986, 36.3257425 ] } },
{ "type": "Feature", "properties": { "内容": "デイサービス桃の木【通所介護】群馬県伊勢崎市中央町１４－１－２", "url2": "https://www.kaigokensaku.mhlw.go.jp/10/index.php?action_kouhyou_detail_004_kani=true&JigyosyoCd=1070402043-00&ServiceCd=150&Type=search" }, "geometry": { "type": "Point", "coordinates": [ 139.202713600000038, 36.31803 ] } },
{ "type": "Feature", "properties": { "内容": "ケアライフ華蔵寺デイサービスセンター【通所介護】群馬県伊勢崎市堤下町72番地1", "url2": "https://www.kaigokensaku.mhlw.go.jp/10/index.php?action_kouhyou_detail_004_kani=true&JigyosyoCd=1070404650-00&ServiceCd=150&Type=search" }, "geometry": { "type": "Point", "coordinates": [ 139.1961245, 36.3386596 ] } },
{ "type": "Feature", "properties": { "内容": "デイサービス　あいの詩【通所介護】群馬県伊勢崎市田中島町１１６９番地", "url2": "https://www.kaigokensaku.mhlw.go.jp/10/index.php?action_kouhyou_detail_004_kani=true&JigyosyoCd=1070401714-00&ServiceCd=150&Type=search" }, "geometry": { "type": "Point", "coordinates": [ 139.161018600000034, 36.3214704 ] } },
{ "type": "Feature", "properties": { "内容": "デイサービスセンター　アイリーライフ【通所介護】群馬県伊勢崎市田中島町542-1", "url2": "https://www.kaigokensaku.mhlw.go.jp/10/index.php?action_kouhyou_detail_004_kani=true&JigyosyoCd=1070404536-00&ServiceCd=150&Type=search" }, "geometry": { "type": "Point", "coordinates": [ 139.1600695, 36.3220951 ] } },
{ "type": "Feature", "properties": { "内容": "デイサービスセンター小泉の杜【通所介護】群馬県伊勢崎市田部井町３丁目2017-2", "url2": "https://www.kaigokensaku.mhlw.go.jp/10/index.php?action_kouhyou_detail_004_kani=true&JigyosyoCd=1070403389-00&ServiceCd=150&Type=search" }, "geometry": { "type": "Point", "coordinates": [ 139.261002452778598, 36.350494242521592 ] } },
{ "type": "Feature", "properties": { "内容": "伊勢崎市社会福祉協議会　あずまデイサービスセンター【通所介護】群馬県伊勢崎市東小保方町３２４３番地２伊勢崎市みやまセンター", "url2": "https://www.kaigokensaku.mhlw.go.jp/10/index.php?action_kouhyou_detail_004_kani=true&JigyosyoCd=1070401037-00&ServiceCd=150&Type=search" }, "geometry": { "type": "Point", "coordinates": [ 139.251438399999984, 36.3331546 ] } },
{ "type": "Feature", "properties": { "内容": "デイサービス　あずまライフライン【通所介護】群馬県伊勢崎市東町2255-1", "url2": "https://www.kaigokensaku.mhlw.go.jp/10/index.php?action_kouhyou_detail_004_kani=true&JigyosyoCd=1070402852-00&ServiceCd=150&Type=search" }, "geometry": { "type": "Point", "coordinates": [ 139.249460499999941, 36.3436172 ] } },
{ "type": "Feature", "properties": { "内容": "デイサービスセンター四つ葉のクローバー南千木【通所介護】群馬県伊勢崎市南千木町1659-2", "url2": "https://www.kaigokensaku.mhlw.go.jp/10/index.php?action_kouhyou_detail_004_kani=true&JigyosyoCd=1070402795-00&ServiceCd=150&Type=search" }, "geometry": { "type": "Point", "coordinates": [ 139.219201, 36.2971413 ] } },
{ "type": "Feature", "properties": { "内容": "恵風荘デイサービスセンター【通所介護】群馬県伊勢崎市韮塚町１１", "url2": "https://www.kaigokensaku.mhlw.go.jp/10/index.php?action_kouhyou_detail_004_kani=true&JigyosyoCd=1070400252-00&ServiceCd=150&Type=search" }, "geometry": { "type": "Point", "coordinates": [ 139.170647213491861, 36.307391858577006 ] } },
{ "type": "Feature", "properties": { "内容": "しゃぼん玉デイサービス【通所介護】群馬県伊勢崎市波志江町1005番地1しゃぼん玉デイサービス", "url2": "https://www.kaigokensaku.mhlw.go.jp/10/index.php?action_kouhyou_detail_004_kani=true&JigyosyoCd=1070404247-00&ServiceCd=150&Type=search" }, "geometry": { "type": "Point", "coordinates": [ 139.182610100000034, 36.345115500000041 ] } },
{ "type": "Feature", "properties": { "内容": "社会福祉法人ことぶき　ことぶきの郷　居宅サービス事業所【通所介護】群馬県伊勢崎市波志江町１９７６番地５", "url2": "https://www.kaigokensaku.mhlw.go.jp/10/index.php?action_kouhyou_detail_004_kani=true&JigyosyoCd=1070400104-00&ServiceCd=150&Type=search" }, "geometry": { "type": "Point", "coordinates": [ 139.187667, 36.3473486 ] } },
{ "type": "Feature", "properties": { "内容": "甘【通所介護】群馬県伊勢崎市波志江町776番地3", "url2": "https://www.kaigokensaku.mhlw.go.jp/10/index.php?action_kouhyou_detail_004_kani=true&JigyosyoCd=1070401235-00&ServiceCd=150&Type=search" }, "geometry": { "type": "Point", "coordinates": [ 139.173671199999944, 36.349018 ] } },
{ "type": "Feature", "properties": { "内容": "ゆたか【通所介護】群馬県伊勢崎市馬見塚町1196-1", "url2": "https://www.kaigokensaku.mhlw.go.jp/10/index.php?action_kouhyou_detail_004_kani=true&JigyosyoCd=1070400054-00&ServiceCd=150&Type=search" }, "geometry": { "type": "Point", "coordinates": [ 139.211992199999941, 36.2727246 ] } },
{ "type": "Feature", "properties": { "内容": "桑原デイサービスセンター【通所介護】群馬県伊勢崎市馬見塚町935-7", "url2": "https://www.kaigokensaku.mhlw.go.jp/10/index.php?action_kouhyou_detail_004_kani=true&JigyosyoCd=1070400658-00&ServiceCd=150&Type=search" }, "geometry": { "type": "Point", "coordinates": [ 139.210837545368889, 36.279535645843104 ] } },
{ "type": "Feature", "properties": { "内容": "美茂呂デイサービスセンター【通所介護】群馬県伊勢崎市美茂呂町3705番地", "url2": "https://www.kaigokensaku.mhlw.go.jp/10/index.php?action_kouhyou_detail_004_kani=true&JigyosyoCd=1070401938-00&ServiceCd=150&Type=search" }, "geometry": { "type": "Point", "coordinates": [ 139.199178699999948, 36.3030205 ] } },
{ "type": "Feature", "properties": { "内容": "デイサービスかあむ【通所介護】群馬県伊勢崎市福島町182-1", "url2": "https://www.kaigokensaku.mhlw.go.jp/10/index.php?action_kouhyou_detail_004_kani=true&JigyosyoCd=1070403512-00&ServiceCd=150&Type=search" }, "geometry": { "type": "Point", "coordinates": [ 139.181179199999974, 36.2766924 ] } },
{ "type": "Feature", "properties": { "内容": "デイサービスセンター　銘仙の家【通所介護】群馬県伊勢崎市平和町19-10高齢者複合施設　銘仙の家", "url2": "https://www.kaigokensaku.mhlw.go.jp/10/index.php?action_kouhyou_detail_004_kani=true&JigyosyoCd=1070401912-00&ServiceCd=150&Type=search" }, "geometry": { "type": "Point", "coordinates": [ 139.202169, 36.3228377 ] } },
{ "type": "Feature", "properties": { "内容": "殖蓮デイサービスセンター【通所介護】群馬県伊勢崎市豊城町2780-2", "url2": "https://www.kaigokensaku.mhlw.go.jp/10/index.php?action_kouhyou_detail_004_kani=true&JigyosyoCd=1070400245-00&ServiceCd=150&Type=search" }, "geometry": { "type": "Point", "coordinates": [ 139.222293600000057, 36.3400197 ] } },
{ "type": "Feature", "properties": { "内容": "茂呂デイサービスセンター【通所介護】群馬県伊勢崎市北千木町１１２６", "url2": "https://www.kaigokensaku.mhlw.go.jp/10/index.php?action_kouhyou_detail_004_kani=true&JigyosyoCd=1070400609-00&ServiceCd=150&Type=search" }, "geometry": { "type": "Point", "coordinates": [ 139.219742200000042, 36.306779 ] } },
{ "type": "Feature", "properties": { "内容": "ケアステーションあさひ　赤堀【通所介護】群馬県伊勢崎市堀下町1056", "url2": "https://www.kaigokensaku.mhlw.go.jp/10/index.php?action_kouhyou_detail_004_kani=true&JigyosyoCd=1070402514-00&ServiceCd=150&Type=search" }, "geometry": { "type": "Point", "coordinates": [ 139.216849, 36.3654589 ] } },
{ "type": "Feature", "properties": { "内容": "デイサービスセンター十季のあかり堀下【通所介護】群馬県伊勢崎市堀下町1164番地", "url2": "https://www.kaigokensaku.mhlw.go.jp/10/index.php?action_kouhyou_detail_004_kani=true&JigyosyoCd=1070402803-00&ServiceCd=150&Type=search" }, "geometry": { "type": "Point", "coordinates": [ 139.218335, 36.3636841 ] } },
{ "type": "Feature", "properties": { "内容": "坂東デイサービスセンター【通所介護】群馬県伊勢崎市堀口町935-1", "url2": "https://www.kaigokensaku.mhlw.go.jp/10/index.php?action_kouhyou_detail_004_kani=true&JigyosyoCd=1070400708-00&ServiceCd=150&Type=search" }, "geometry": { "type": "Point", "coordinates": [ 139.185567399999968, 36.2832947 ] } },
{ "type": "Feature", "properties": { "内容": "デイサービスセンターなごみ【通所介護】群馬県伊勢崎市本関町1218-6", "url2": "https://www.kaigokensaku.mhlw.go.jp/10/index.php?action_kouhyou_detail_004_kani=true&JigyosyoCd=1070403066-00&ServiceCd=150&Type=search" }, "geometry": { "type": "Point", "coordinates": [ 139.2122223, 36.3501518 ] } },
{ "type": "Feature", "properties": { "内容": "花見月【通所介護】群馬県伊勢崎市連取元町108-1", "url2": "https://www.kaigokensaku.mhlw.go.jp/10/index.php?action_kouhyou_detail_004_kani=true&JigyosyoCd=1070404189-00&ServiceCd=150&Type=search" }, "geometry": { "type": "Point", "coordinates": [ 139.179812864031959, 36.316575858219245 ] } },
{ "type": "Feature", "properties": { "内容": "デイサービスあいの森【通所介護】群馬県伊勢崎市連取町２３４１－５", "url2": "https://www.kaigokensaku.mhlw.go.jp/10/index.php?action_kouhyou_detail_004_kani=true&JigyosyoCd=1070400831-00&ServiceCd=150&Type=search" }, "geometry": { "type": "Point", "coordinates": [ 139.183686, 36.3093613 ] } },
{ "type": "Feature", "properties": { "内容": "デイサービスあい　想【通所介護】群馬県伊勢崎市連取町2360-1", "url2": "https://www.kaigokensaku.mhlw.go.jp/10/index.php?action_kouhyou_detail_004_kani=true&JigyosyoCd=1070403363-00&ServiceCd=150&Type=search" }, "geometry": { "type": "Point", "coordinates": [ 139.182999318910248, 36.307247173436494 ] } },
{ "type": "Feature", "properties": { "内容": "こころの蔵　くれよんあいのやデイサービスセンター【通所介護】群馬県伊勢崎市間野谷町1115こころの蔵くれよんあいのや", "url2": "https://www.kaigokensaku.mhlw.go.jp/10/index.php?action_kouhyou_detail_004_kani=true&JigyosyoCd=1070403017-00&ServiceCd=150&Type=search" }, "geometry": { "type": "Point", "coordinates": [ 139.258692200000041, 36.378325 ] } },
{ "type": "Feature", "properties": { "内容": "デイサービスセンターくれよんにしくぼ【通所介護】群馬県伊勢崎市西久保町1丁目16番地9", "url2": "https://www.kaigokensaku.mhlw.go.jp/10/index.php?action_kouhyou_detail_004_kani=true&JigyosyoCd=1070403785-00&ServiceCd=150&Type=search" }, "geometry": { "type": "Point", "coordinates": [ 139.224200900000028, 36.3803772 ] } },
{ "type": "Feature", "properties": { "内容": "デイサービスアリエル【通所介護】群馬県伊勢崎市田部井町３丁目2187-1", "url2": "https://www.kaigokensaku.mhlw.go.jp/10/index.php?action_kouhyou_detail_004_kani=true&JigyosyoCd=1070404759-00&ServiceCd=150&Type=search" }, "geometry": { "type": "Point", "coordinates": [ 139.25876489999996, 36.344429700000013 ] } },
{ "type": "Feature", "properties": { "内容": "ツクイ伊勢崎連取町【通所介護】群馬県伊勢崎市連取町3342-13", "url2": "https://www.kaigokensaku.mhlw.go.jp/10/index.php?action_kouhyou_detail_004_kani=true&JigyosyoCd=1070405012-00&ServiceCd=150&Type=search" }, "geometry": { "type": "Point", "coordinates": [ 139.16924, 36.3192406 ] } },
{ "type": "Feature", "properties": { "内容": "デイホーム孫の手・いせさき【通所介護】群馬県伊勢崎市連取町3052番", "url2": "https://www.kaigokensaku.mhlw.go.jp/10/index.php?action_kouhyou_detail_004_kani=true&JigyosyoCd=1070404817-00&ServiceCd=150&Type=search" }, "geometry": { "type": "Point", "coordinates": [ 139.1745182, 36.3199874 ] } },
{ "type": "Feature", "properties": { "内容": "伊勢崎ケアセンターそよ風【通所介護】群馬県伊勢崎市柳原町19-1", "url2": "https://www.kaigokensaku.mhlw.go.jp/10/index.php?action_kouhyou_detail_004_kani=true&JigyosyoCd=1070403249-00&ServiceCd=150&Type=search" }, "geometry": { "type": "Point", "coordinates": [ 139.196486199999981, 36.3273787 ] } },
{ "type": "Feature", "properties": { "内容": "伊勢崎南ケアセンターそよ風【通所介護】群馬県伊勢崎市茂呂町２丁目3517-2", "url2": "https://www.kaigokensaku.mhlw.go.jp/10/index.php?action_kouhyou_detail_004_kani=true&JigyosyoCd=1070404551-00&ServiceCd=150&Type=search" }, "geometry": { "type": "Point", "coordinates": [ 139.20922229745392, 36.295513722064655 ] } },
{ "type": "Feature", "properties": { "内容": "デイサービス　ラルーチェイセサキ【通所介護】群馬県伊勢崎市除ヶ町字本郷270番地", "url2": "https://www.kaigokensaku.mhlw.go.jp/10/index.php?action_kouhyou_detail_004_kani=true&JigyosyoCd=1070404825-00&ServiceCd=150&Type=search" }, "geometry": { "type": "Point", "coordinates": [ 139.1942263, 36.2829128 ] } },
{ "type": "Feature", "properties": { "内容": "デイサービス紬【通所介護】群馬県太田市台之郷町3244番地", "url2": "https://www.kaigokensaku.mhlw.go.jp/10/index.php?action_kouhyou_detail_004_kani=true&JigyosyoCd=1070504137-00&ServiceCd=150&Type=search" }, "geometry": { "type": "Point", "coordinates": [ 139.4084837, 36.3061571 ] } },
{ "type": "Feature", "properties": { "内容": "デイサービス光月【通所介護】群馬県太田市矢場新町22", "url2": "https://www.kaigokensaku.mhlw.go.jp/10/index.php?action_kouhyou_detail_004_kani=true&JigyosyoCd=1070504251-00&ServiceCd=150&Type=search" }, "geometry": { "type": "Point", "coordinates": [ 139.4173754, 36.3109276 ] } },
{ "type": "Feature", "properties": { "内容": "デイ銭湯よつば湯【通所介護】群馬県太田市細谷町1601-4", "url2": "https://www.kaigokensaku.mhlw.go.jp/10/index.php?action_kouhyou_detail_004_kani=true&JigyosyoCd=1070504111-00&ServiceCd=150&Type=search" }, "geometry": { "type": "Point", "coordinates": [ 139.354503187414906, 36.281115809414032 ] } },
{ "type": "Feature", "properties": { "内容": "ラブアンドスマイル太田【通所介護】群馬太田市新道町１２５３－４", "url2": "https://www.kaigokensaku.mhlw.go.jp/10/index.php?action_kouhyou_detail_004_kani=true&JigyosyoCd=1070504319-00&ServiceCd=150&Type=search" }, "geometry": { "type": "Point", "coordinates": [ 139.348686, 36.29831 ] } },
{ "type": "Feature", "properties": { "内容": "ディバシティ太田高林南【通所介護】群馬県太田市高林南町697-3", "url2": "https://www.kaigokensaku.mhlw.go.jp/10/index.php?action_kouhyou_detail_004_kani=true&JigyosyoCd=1070504194-00&ServiceCd=150&Type=search" }, "geometry": { "type": "Point", "coordinates": [ 139.3704309, 36.2558561 ] } },
{ "type": "Feature", "properties": { "内容": "ディバシティ太田龍舞町【通所介護】群馬県太田市下小林町170-1", "url2": "https://www.kaigokensaku.mhlw.go.jp/10/index.php?action_kouhyou_detail_004_kani=true&JigyosyoCd=1070504178-00&ServiceCd=150&Type=search" }, "geometry": { "type": "Point", "coordinates": [ 139.4072616, 36.2873366 ] } },
{ "type": "Feature", "properties": { "内容": "とうもうデイサービス【通所介護】群馬県太田市安養寺町30-1", "url2": "https://www.kaigokensaku.mhlw.go.jp/10/index.php?action_kouhyou_detail_004_kani=true&JigyosyoCd=1070503139-00&ServiceCd=150&Type=search" }, "geometry": { "type": "Point", "coordinates": [ 139.310949978903494, 36.258544296171522 ] } },
{ "type": "Feature", "properties": { "内容": "ハートサム公園デイサービスセンター【通所介護】群馬県太田市安養寺町33", "url2": "https://www.kaigokensaku.mhlw.go.jp/10/index.php?action_kouhyou_detail_004_kani=true&JigyosyoCd=1070503527-00&ServiceCd=150&Type=search" }, "geometry": { "type": "Point", "coordinates": [ 139.310485279181933, 36.258792258036308 ] } },
{ "type": "Feature", "properties": { "内容": "清和荘デイサービスセンター【通所介護】群馬県太田市亀岡町２８０", "url2": "https://www.kaigokensaku.mhlw.go.jp/10/index.php?action_kouhyou_detail_004_kani=true&JigyosyoCd=1072900119-00&ServiceCd=150&Type=search" }, "geometry": { "type": "Point", "coordinates": [ 139.318168600000035, 36.2552251 ] } },
{ "type": "Feature", "properties": { "内容": "ケアステーションあさひ尾島【通所介護】群馬県太田市亀岡町40-1", "url2": "https://www.kaigokensaku.mhlw.go.jp/10/index.php?action_kouhyou_detail_004_kani=true&JigyosyoCd=1070502255-00&ServiceCd=150&Type=search" }, "geometry": { "type": "Point", "coordinates": [ 139.322951399999965, 36.2562195 ] } },
{ "type": "Feature", "properties": { "内容": "デイ・トレーニングセンター尾島【通所介護】群馬県太田市亀岡町420-2", "url2": "https://www.kaigokensaku.mhlw.go.jp/10/index.php?action_kouhyou_detail_004_kani=true&JigyosyoCd=1070501133-00&ServiceCd=150&Type=search" }, "geometry": { "type": "Point", "coordinates": [ 139.315646499999957, 36.2580414 ] } },
{ "type": "Feature", "properties": { "内容": "みづほの里デイサービスセンター【通所介護】群馬県太田市牛沢町１５５－１", "url2": "https://www.kaigokensaku.mhlw.go.jp/10/index.php?action_kouhyou_detail_004_kani=true&JigyosyoCd=1070500382-00&ServiceCd=150&Type=search" }, "geometry": { "type": "Point", "coordinates": [ 139.358045400000037, 36.2614557 ] } },
{ "type": "Feature", "properties": { "内容": "デイサービスセンター利楽壱番舘【通所介護】群馬県太田市高瀬町219番地5", "url2": "https://www.kaigokensaku.mhlw.go.jp/10/index.php?action_kouhyou_detail_004_kani=true&JigyosyoCd=1070503345-00&ServiceCd=150&Type=search" }, "geometry": { "type": "Point", "coordinates": [ 139.422197, 36.324875 ] } },
{ "type": "Feature", "properties": { "内容": "八瀬川の里デイサービスセンター【通所介護】群馬県太田市高林北町1185", "url2": "https://www.kaigokensaku.mhlw.go.jp/10/index.php?action_kouhyou_detail_004_kani=true&JigyosyoCd=1070500986-00&ServiceCd=150&Type=search" }, "geometry": { "type": "Point", "coordinates": [ 139.37136380000004, 36.2630417 ] } },
{ "type": "Feature", "properties": { "内容": "ゆう愛デイサービスセンター【通所介護】群馬県太田市寺井町571-1", "url2": "https://www.kaigokensaku.mhlw.go.jp/10/index.php?action_kouhyou_detail_004_kani=true&JigyosyoCd=1070500317-00&ServiceCd=150&Type=search" }, "geometry": { "type": "Point", "coordinates": [ 139.335242500000049, 36.3260649 ] } },
{ "type": "Feature", "properties": { "内容": "世良田デイサービスセンター【通所介護】群馬県太田市出塚町４６２－１", "url2": "https://www.kaigokensaku.mhlw.go.jp/10/index.php?action_kouhyou_detail_004_kani=true&JigyosyoCd=1070501935-00&ServiceCd=150&Type=search" }, "geometry": { "type": "Point", "coordinates": [ 139.29395169999998, 36.2608187 ] } },
{ "type": "Feature", "properties": { "内容": "デイホーム孫の手・こまいぎ【通所介護】群馬県太田市小舞木町269-1", "url2": "https://www.kaigokensaku.mhlw.go.jp/10/index.php?action_kouhyou_detail_004_kani=true&JigyosyoCd=1070503444-00&ServiceCd=150&Type=search" }, "geometry": { "type": "Point", "coordinates": [ 139.3881553, 36.283438 ] } },
{ "type": "Feature", "properties": { "内容": "ずっと孫の手・おおた【通所介護】群馬県太田市小舞木町487-2", "url2": "https://www.kaigokensaku.mhlw.go.jp/10/index.php?action_kouhyou_detail_004_kani=true&JigyosyoCd=1070504046-00&ServiceCd=150&Type=search" }, "geometry": { "type": "Point", "coordinates": [ 139.3868953, 36.2848361 ] } },
{ "type": "Feature", "properties": { "内容": "デイサービスセンター　にらがわの里【通所介護】群馬県太田市上小林町１４６５－１", "url2": "https://www.kaigokensaku.mhlw.go.jp/10/index.php?action_kouhyou_detail_004_kani=true&JigyosyoCd=1070500366-00&ServiceCd=150&Type=search" }, "geometry": { "type": "Point", "coordinates": [ 139.398549, 36.3152394 ] } },
{ "type": "Feature", "properties": { "内容": "デイサービスセンター　ぐるっぺ【通所介護】群馬県太田市新田市野井町４７４－１", "url2": "https://www.kaigokensaku.mhlw.go.jp/10/index.php?action_kouhyou_detail_004_kani=true&JigyosyoCd=1070502495-00&ServiceCd=150&Type=search" }, "geometry": { "type": "Point", "coordinates": [ 139.305023900000037, 36.3015951 ] } },
{ "type": "Feature", "properties": { "内容": "デイサービスreスタート【通所介護】群馬県太田市新田小金井町1317-7", "url2": "https://www.kaigokensaku.mhlw.go.jp/10/index.php?action_kouhyou_detail_004_kani=true&JigyosyoCd=1070503964-00&ServiceCd=150&Type=search" }, "geometry": { "type": "Point", "coordinates": [ 139.320838299999963, 36.32463870000003 ] } },
{ "type": "Feature", "properties": { "内容": "愛光園デイサービスセンター【通所介護】群馬県太田市新田上江田町1513-1", "url2": "https://www.kaigokensaku.mhlw.go.jp/10/index.php?action_kouhyou_detail_004_kani=true&JigyosyoCd=1072900234-00&ServiceCd=150&Type=search" }, "geometry": { "type": "Point", "coordinates": [ 139.285048299999971, 36.3016918 ] } },
{ "type": "Feature", "properties": { "内容": "太田市新田デイサービスセンター【通所介護】群馬県太田市新田上江田町1513-5", "url2": "https://www.kaigokensaku.mhlw.go.jp/10/index.php?action_kouhyou_detail_004_kani=true&JigyosyoCd=1070501307-00&ServiceCd=150&Type=search" }, "geometry": { "type": "Point", "coordinates": [ 139.2860733, 36.302014 ] } },
{ "type": "Feature", "properties": { "内容": "綿打デイサービスセンター【通所介護】群馬県太田市新田上田中町784－1", "url2": "https://www.kaigokensaku.mhlw.go.jp/10/index.php?action_kouhyou_detail_004_kani=true&JigyosyoCd=1072900705-00&ServiceCd=150&Type=search" }, "geometry": { "type": "Point", "coordinates": [ 139.278280122198453, 36.305281284397182 ] } },
{ "type": "Feature", "properties": { "内容": "デイサービスセンターきざきの郷【通所介護】群馬県太田市新田中江田町58-1", "url2": "https://www.kaigokensaku.mhlw.go.jp/10/index.php?action_kouhyou_detail_004_kani=true&JigyosyoCd=1070502701-00&ServiceCd=150&Type=search" }, "geometry": { "type": "Point", "coordinates": [ 139.300257280287184, 36.274308964892398 ] } },
{ "type": "Feature", "properties": { "内容": "デイサービス　ケムズ木崎【通所介護】群馬県太田市新田木崎町480-1", "url2": "https://www.kaigokensaku.mhlw.go.jp/10/index.php?action_kouhyou_detail_004_kani=true&JigyosyoCd=1070503204-00&ServiceCd=150&Type=search" }, "geometry": { "type": "Point", "coordinates": [ 139.311340822614085, 36.275350993076309 ] } },
{ "type": "Feature", "properties": { "内容": "ゆうあいリハビリセンター【通所介護】群馬県太田市新野町1348-19", "url2": "https://www.kaigokensaku.mhlw.go.jp/10/index.php?action_kouhyou_detail_004_kani=true&JigyosyoCd=1070503188-00&ServiceCd=150&Type=search" }, "geometry": { "type": "Point", "coordinates": [ 139.341654208016365, 36.308662192049866 ] } },
{ "type": "Feature", "properties": { "内容": "デイサービス愛和【通所介護】群馬県太田市新野町852-1", "url2": "https://www.kaigokensaku.mhlw.go.jp/10/index.php?action_kouhyou_detail_004_kani=true&JigyosyoCd=1070503535-00&ServiceCd=150&Type=search" }, "geometry": { "type": "Point", "coordinates": [ 139.340098164942901, 36.304522554575442 ] } },
{ "type": "Feature", "properties": { "内容": "デイサービスはぴねす【通所介護】群馬県太田市西新町２３番地２", "url2": "https://www.kaigokensaku.mhlw.go.jp/10/index.php?action_kouhyou_detail_004_kani=true&JigyosyoCd=1070503287-00&ServiceCd=150&Type=search" }, "geometry": { "type": "Point", "coordinates": [ 139.346933165924611, 36.268959995620072 ] } },
{ "type": "Feature", "properties": { "内容": "フィットネスケア笑福【通所介護】群馬県太田市西矢島町１６５番地１", "url2": "https://www.kaigokensaku.mhlw.go.jp/10/index.php?action_kouhyou_detail_004_kani=true&JigyosyoCd=1070504038-00&ServiceCd=150&Type=search" }, "geometry": { "type": "Point", "coordinates": [ 139.376619799999986, 36.2689554 ] } },
{ "type": "Feature", "properties": { "内容": "デイサービスセンター春日和西矢島【通所介護】群馬県太田市西矢島町371番地1", "url2": "https://www.kaigokensaku.mhlw.go.jp/10/index.php?action_kouhyou_detail_004_kani=true&JigyosyoCd=1070503972-00&ServiceCd=150&Type=search" }, "geometry": { "type": "Point", "coordinates": [ 139.373037571163934, 36.273421749618336 ] } },
{ "type": "Feature", "properties": { "内容": "エムダブルエス日高　太田デイトレセンター【通所介護】群馬県太田市台之郷町275番地1", "url2": "https://www.kaigokensaku.mhlw.go.jp/10/index.php?action_kouhyou_detail_004_kani=true&JigyosyoCd=1070503089-00&ServiceCd=150&Type=search" }, "geometry": { "type": "Point", "coordinates": [ 139.41338906997521, 36.302451956229568 ] } },
{ "type": "Feature", "properties": { "内容": "デイサービスセンタースマイリー【通所介護】群馬県太田市大原町1047-11", "url2": "https://www.kaigokensaku.mhlw.go.jp/10/index.php?action_kouhyou_detail_004_kani=true&JigyosyoCd=1070502867-00&ServiceCd=150&Type=search" }, "geometry": { "type": "Point", "coordinates": [ 139.292579992729173, 36.367287156836802 ] } },
{ "type": "Feature", "properties": { "内容": "アースケアデイサービスセンター藪塚【通所介護】群馬県太田市大原町2165-3", "url2": "https://www.kaigokensaku.mhlw.go.jp/10/index.php?action_kouhyou_detail_004_kani=true&JigyosyoCd=1070503782-00&ServiceCd=150&Type=search" }, "geometry": { "type": "Point", "coordinates": [ 139.286227, 36.3466811 ] } },
{ "type": "Feature", "properties": { "内容": "デイホーム孫の手・おおた【通所介護】群馬県太田市大原町633-2", "url2": "https://www.kaigokensaku.mhlw.go.jp/10/index.php?action_kouhyou_detail_004_kani=true&JigyosyoCd=1072900663-00&ServiceCd=150&Type=search" }, "geometry": { "type": "Point", "coordinates": [ 139.287416627203271, 36.357656471443519 ] } },
{ "type": "Feature", "properties": { "内容": "デイサービス　サロット【通所介護】群馬県太田市大原町82-159", "url2": "https://www.kaigokensaku.mhlw.go.jp/10/index.php?action_kouhyou_detail_004_kani=true&JigyosyoCd=1070503980-00&ServiceCd=150&Type=search" }, "geometry": { "type": "Point", "coordinates": [ 139.300177444041452, 36.345449058244505 ] } },
{ "type": "Feature", "properties": { "内容": "健康サポートげんき大原町【通所介護】群馬県太田市大原町82-231", "url2": "https://www.kaigokensaku.mhlw.go.jp/10/index.php?action_kouhyou_detail_004_kani=true&JigyosyoCd=1070501703-00&ServiceCd=150&Type=search" }, "geometry": { "type": "Point", "coordinates": [ 139.302125100000012, 36.3454823 ] } },
{ "type": "Feature", "properties": { "内容": "ケアステーションあさひ藪塚【通所介護】群馬県太田市大原町946-1", "url2": "https://www.kaigokensaku.mhlw.go.jp/10/index.php?action_kouhyou_detail_004_kani=true&JigyosyoCd=1070502297-00&ServiceCd=150&Type=search" }, "geometry": { "type": "Point", "coordinates": [ 139.29089220000003, 36.3648833 ] } },
{ "type": "Feature", "properties": { "内容": "ディバシティ太田大島町【通所介護】群馬県太田市大島町123-1", "url2": "https://www.kaigokensaku.mhlw.go.jp/10/index.php?action_kouhyou_detail_004_kani=true&JigyosyoCd=1070503550-00&ServiceCd=150&Type=search" }, "geometry": { "type": "Point", "coordinates": [ 139.362385733937799, 36.29729122473627 ] } },
{ "type": "Feature", "properties": { "内容": "デイサービスセンターふる里【通所介護】群馬県太田市只上町１３１９‐６", "url2": "https://www.kaigokensaku.mhlw.go.jp/10/index.php?action_kouhyou_detail_004_kani=true&JigyosyoCd=1070501711-00&ServiceCd=150&Type=search" }, "geometry": { "type": "Point", "coordinates": [ 139.399934900000062, 36.3340122 ] } },
{ "type": "Feature", "properties": { "内容": "デイサービス　じゅぴたあ【通所介護】群馬県太田市只上町2014－1", "url2": "https://www.kaigokensaku.mhlw.go.jp/10/index.php?action_kouhyou_detail_004_kani=true&JigyosyoCd=1070502412-00&ServiceCd=150&Type=search" }, "geometry": { "type": "Point", "coordinates": [ 139.387027900000021, 36.3418945 ] } },
{ "type": "Feature", "properties": { "内容": "太田市さくらの里デイサービスセンター【通所介護】群馬県太田市中根町２９４番地１", "url2": "https://www.kaigokensaku.mhlw.go.jp/10/index.php?action_kouhyou_detail_004_kani=true&JigyosyoCd=1070500176-00&ServiceCd=150&Type=search" }, "geometry": { "type": "Point", "coordinates": [ 139.3274361, 36.2761841 ] } },
{ "type": "Feature", "properties": { "内容": "デイサービスセンター紡【通所介護】群馬県太田市東金井町939", "url2": "https://www.kaigokensaku.mhlw.go.jp/10/index.php?action_kouhyou_detail_004_kani=true&JigyosyoCd=1070503501-00&ServiceCd=150&Type=search" }, "geometry": { "type": "Point", "coordinates": [ 139.395744340054762, 36.314370039158803 ] } },
{ "type": "Feature", "properties": { "内容": "太田いずみの里デイサービスセンター【通所介護】群馬県太田市東今泉町686", "url2": "https://www.kaigokensaku.mhlw.go.jp/10/index.php?action_kouhyou_detail_004_kani=true&JigyosyoCd=1070500630-00&ServiceCd=150&Type=search" }, "geometry": { "type": "Point", "coordinates": [ 139.38518369999997, 36.3267491 ] } },
{ "type": "Feature", "properties": { "内容": "デイサービス凜【通所介護】群馬県太田市東新町４２７番地", "url2": "https://www.kaigokensaku.mhlw.go.jp/10/index.php?action_kouhyou_detail_004_kani=true&JigyosyoCd=1070503485-00&ServiceCd=150&Type=search" }, "geometry": { "type": "Point", "coordinates": [ 139.405747319563829, 36.329871827464842 ] } },
{ "type": "Feature", "properties": { "内容": "楓デイサービスセンター【通所介護】太田市東新町546番地の1", "url2": "https://www.kaigokensaku.mhlw.go.jp/10/index.php?action_kouhyou_detail_004_kani=true&JigyosyoCd=1070502388-00&ServiceCd=150&Type=search" }, "geometry": { "type": "Point", "coordinates": [ 139.408393281224306, 36.333209022100199 ] } },
{ "type": "Feature", "properties": { "内容": "デイサービスセンター春日和　東新町【通所介護】群馬県太田市東新町７３３", "url2": "https://www.kaigokensaku.mhlw.go.jp/10/index.php?action_kouhyou_detail_004_kani=true&JigyosyoCd=1070501992-00&ServiceCd=150&Type=search" }, "geometry": { "type": "Point", "coordinates": [ 139.4189771, 36.32936 ] } },
{ "type": "Feature", "properties": { "内容": "ケアステーションあさひ太田東新町【通所介護】群馬県太田市東新町756-5", "url2": "https://www.kaigokensaku.mhlw.go.jp/10/index.php?action_kouhyou_detail_004_kani=true&JigyosyoCd=1070503097-00&ServiceCd=150&Type=search" }, "geometry": { "type": "Point", "coordinates": [ 139.4185549, 36.3284739 ] } },
{ "type": "Feature", "properties": { "内容": "ライフアップまりも【通所介護】群馬県太田市東長岡町３６５－６", "url2": "https://www.kaigokensaku.mhlw.go.jp/10/index.php?action_kouhyou_detail_004_kani=true&JigyosyoCd=1070502123-00&ServiceCd=150&Type=search" }, "geometry": { "type": "Point", "coordinates": [ 139.391492096850612, 36.296981918571731 ] } },
{ "type": "Feature", "properties": { "内容": "デイサービスセンターかがやき太田【通所介護】群馬県太田市東本町3-97", "url2": "https://www.kaigokensaku.mhlw.go.jp/10/index.php?action_kouhyou_detail_004_kani=true&JigyosyoCd=1070502339-00&ServiceCd=150&Type=search" }, "geometry": { "type": "Point", "coordinates": [ 139.384702178865041, 36.294253247221008 ] } },
{ "type": "Feature", "properties": { "内容": "デイサービスセンターななみ【通所介護】群馬県太田市東矢島町910番地1", "url2": "https://www.kaigokensaku.mhlw.go.jp/10/index.php?action_kouhyou_detail_004_kani=true&JigyosyoCd=1070503303-00&ServiceCd=150&Type=search" }, "geometry": { "type": "Point", "coordinates": [ 139.378548286442538, 36.267746768895989 ] } },
{ "type": "Feature", "properties": { "内容": "あずみ苑グランデ太田【通所介護】群馬県太田市内ヶ島町971番地1", "url2": "https://www.kaigokensaku.mhlw.go.jp/10/index.php?action_kouhyou_detail_004_kani=true&JigyosyoCd=1070501620-00&ServiceCd=150&Type=search" }, "geometry": { "type": "Point", "coordinates": [ 139.3988885, 36.2851871 ] } },
{ "type": "Feature", "properties": { "内容": "デイサービスセンター八幡【通所介護】群馬県太田市八幡町27－7", "url2": "https://www.kaigokensaku.mhlw.go.jp/10/index.php?action_kouhyou_detail_004_kani=true&JigyosyoCd=1070502883-00&ServiceCd=150&Type=search" }, "geometry": { "type": "Point", "coordinates": [ 139.368029299999989, 36.2989907 ] } },
{ "type": "Feature", "properties": { "内容": "デイサービスセンター花鳥風月おおた【通所介護】群馬県太田市飯塚町91-1花鳥風月おおた", "url2": "https://www.kaigokensaku.mhlw.go.jp/10/index.php?action_kouhyou_detail_004_kani=true&JigyosyoCd=1070503212-00&ServiceCd=150&Type=search" }, "geometry": { "type": "Point", "coordinates": [ 139.380513582742338, 36.278637949555531 ] } },
{ "type": "Feature", "properties": { "内容": "別所ケアセンターそよ風【通所介護】群馬県太田市別所町322-1", "url2": "https://www.kaigokensaku.mhlw.go.jp/10/index.php?action_kouhyou_detail_004_kani=true&JigyosyoCd=1070500507-00&ServiceCd=150&Type=search" }, "geometry": { "type": "Point", "coordinates": [ 139.332607100000018, 36.3006901 ] } },
{ "type": "Feature", "properties": { "内容": "デイケアホームゆいまーる【通所介護】群馬県太田市宝町739-2", "url2": "https://www.kaigokensaku.mhlw.go.jp/10/index.php?action_kouhyou_detail_004_kani=true&JigyosyoCd=1070502222-00&ServiceCd=150&Type=search" }, "geometry": { "type": "Point", "coordinates": [ 139.331790899999987, 36.2857111 ] } },
{ "type": "Feature", "properties": { "内容": "太田市ゆらの里デイサービスセンター【通所介護】群馬県太田市由良町104-3", "url2": "https://www.kaigokensaku.mhlw.go.jp/10/index.php?action_kouhyou_detail_004_kani=true&JigyosyoCd=1070500150-00&ServiceCd=150&Type=search" }, "geometry": { "type": "Point", "coordinates": [ 139.35065869999994, 36.285703 ] } },
{ "type": "Feature", "properties": { "内容": "デイサービス　ほんわか　ゆらら【通所介護】群馬県太田市由良町1676-1", "url2": "https://www.kaigokensaku.mhlw.go.jp/10/index.php?action_kouhyou_detail_004_kani=true&JigyosyoCd=1070503121-00&ServiceCd=150&Type=search" }, "geometry": { "type": "Point", "coordinates": [ 139.342080184655742, 36.292718618402233 ] } },
{ "type": "Feature", "properties": { "内容": "明【通所介護】群馬県太田市龍舞町１７３３番地７", "url2": "https://www.kaigokensaku.mhlw.go.jp/10/index.php?action_kouhyou_detail_004_kani=true&JigyosyoCd=1070502016-00&ServiceCd=150&Type=search" }, "geometry": { "type": "Point", "coordinates": [ 139.4092571, 36.2816488 ] } },
{ "type": "Feature", "properties": { "内容": "あんじゅの森【通所介護】群馬県太田市龍舞町2004-1", "url2": "https://www.kaigokensaku.mhlw.go.jp/10/index.php?action_kouhyou_detail_004_kani=true&JigyosyoCd=1070503899-00&ServiceCd=150&Type=search" }, "geometry": { "type": "Point", "coordinates": [ 139.416750353967274, 36.279845807034953 ] } },
{ "type": "Feature", "properties": { "内容": "ケアライフ龍舞デイサービスセンター【通所介護】群馬県太田市龍舞町285番地", "url2": "https://www.kaigokensaku.mhlw.go.jp/10/index.php?action_kouhyou_detail_004_kani=true&JigyosyoCd=1070503915-00&ServiceCd=150&Type=search" }, "geometry": { "type": "Point", "coordinates": [ 139.420723, 36.2727389 ] } },
{ "type": "Feature", "properties": { "内容": "高原園デイサービスセンター【通所介護】群馬県太田市龍舞町410番地2", "url2": "https://www.kaigokensaku.mhlw.go.jp/10/index.php?action_kouhyou_detail_004_kani=true&JigyosyoCd=1070500077-00&ServiceCd=150&Type=search" }, "geometry": { "type": "Point", "coordinates": [ 139.420756500000039, 36.272772300000014 ] } },
{ "type": "Feature", "properties": { "内容": "デイサービス　時詠【通所介護】群馬県太田市六千石町１０２－６", "url2": "https://www.kaigokensaku.mhlw.go.jp/10/index.php?action_kouhyou_detail_004_kani=true&JigyosyoCd=1070503022-00&ServiceCd=150&Type=search" }, "geometry": { "type": "Point", "coordinates": [ 139.284227982278509, 36.338826559456479 ] } },
{ "type": "Feature", "properties": { "内容": "デイサービスセンターすまいる【通所介護】群馬県太田市藪塚町1967-7", "url2": "https://www.kaigokensaku.mhlw.go.jp/10/index.php?action_kouhyou_detail_004_kani=true&JigyosyoCd=1070501794-00&ServiceCd=150&Type=search" }, "geometry": { "type": "Point", "coordinates": [ 139.298834031327971, 36.372581915946682 ] } },
{ "type": "Feature", "properties": { "内容": "デイサービスセンター　親孝行の里【通所介護】群馬県太田市藪塚町3922", "url2": "https://www.kaigokensaku.mhlw.go.jp/10/index.php?action_kouhyou_detail_004_kani=true&JigyosyoCd=1072900564-00&ServiceCd=150&Type=search" }, "geometry": { "type": "Point", "coordinates": [ 139.3120401, 36.3764183 ] } },
{ "type": "Feature", "properties": { "内容": "デイサービスセンターちょうめい【通所介護】群馬県太田市六千石町99-69デイサービスセンターちょうめい", "url2": "https://www.kaigokensaku.mhlw.go.jp/10/index.php?action_kouhyou_detail_004_kani=true&JigyosyoCd=1070504095-00&ServiceCd=150&Type=search" }, "geometry": { "type": "Point", "coordinates": [ 139.286840899999987, 36.340425 ] } },
{ "type": "Feature", "properties": { "内容": "太田南ケアセンターそよ風【通所介護】群馬県太田市南矢島町723-1", "url2": "https://www.kaigokensaku.mhlw.go.jp/10/index.php?action_kouhyou_detail_004_kani=true&JigyosyoCd=1070502529-00&ServiceCd=150&Type=search" }, "geometry": { "type": "Point", "coordinates": [ 139.38192951894078, 36.264486722171618 ] } },
{ "type": "Feature", "properties": { "内容": "SPROUTデイサービス利楽OTA【通所介護】群馬県太田市東本町41-38建物住所は太田市東本町41-1(太田市住居表示番号は41-38)", "url2": "https://www.kaigokensaku.mhlw.go.jp/10/index.php?action_kouhyou_detail_004_kani=true&JigyosyoCd=1070504103-00&ServiceCd=150&Type=search" }, "geometry": { "type": "Point", "coordinates": [ 139.380318664418041, 36.29859413226891 ] } },
{ "type": "Feature", "properties": { "内容": "デイサービス芳寿苑【通所介護】群馬県太田市上田島町557－1", "url2": "https://www.kaigokensaku.mhlw.go.jp/10/index.php?action_kouhyou_detail_004_kani=true&JigyosyoCd=1070503816-00&ServiceCd=150&Type=search" }, "geometry": { "type": "Point", "coordinates": [ 139.3156936, 36.2816316 ] } },
{ "type": "Feature", "properties": { "内容": "デイサービスセンター　サンクレセント太田【通所介護】群馬県太田市別所町428-1", "url2": "https://www.kaigokensaku.mhlw.go.jp/10/index.php?action_kouhyou_detail_004_kani=true&JigyosyoCd=1070503543-00&ServiceCd=150&Type=search" }, "geometry": { "type": "Point", "coordinates": [ 139.337226529709625, 36.294780293742974 ] } },
{ "type": "Feature", "properties": { "内容": "ひなた横塚【通所介護】群馬県沼田市横塚町2010-1", "url2": "https://www.kaigokensaku.mhlw.go.jp/10/index.php?action_kouhyou_detail_004_kani=true&JigyosyoCd=1070600984-00&ServiceCd=150&Type=search" }, "geometry": { "type": "Point", "coordinates": [ 139.070431509078958, 36.660892389821726 ] } },
{ "type": "Feature", "properties": { "内容": "ききょうデイサービスセンター【通所介護】群馬県沼田市横塚町９５７番地２", "url2": "https://www.kaigokensaku.mhlw.go.jp/10/index.php?action_kouhyou_detail_004_kani=true&JigyosyoCd=1070600125-00&ServiceCd=150&Type=search" }, "geometry": { "type": "Point", "coordinates": [ 139.100255, 36.6712937 ] } },
{ "type": "Feature", "properties": { "内容": "デイサービスセンター春日和沼田【通所介護】群馬県沼田市下久屋1357", "url2": "https://www.kaigokensaku.mhlw.go.jp/10/index.php?action_kouhyou_detail_004_kani=true&JigyosyoCd=1070600786-00&ServiceCd=150&Type=search" }, "geometry": { "type": "Point", "coordinates": [ 139.073638399999936, 36.6545401 ] } },
{ "type": "Feature", "properties": { "内容": "いきいきデイサービス【通所介護】群馬県沼田市久屋原町４４４－２", "url2": "https://www.kaigokensaku.mhlw.go.jp/10/index.php?action_kouhyou_detail_004_kani=true&JigyosyoCd=1070601032-00&ServiceCd=150&Type=search" }, "geometry": { "type": "Point", "coordinates": [ 139.10739609999996, 36.6673108 ] } },
{ "type": "Feature", "properties": { "内容": "ぬまたとね総合在宅ケアセンター【通所介護】群馬県沼田市戸鹿野町２３８－１", "url2": "https://www.kaigokensaku.mhlw.go.jp/10/index.php?action_kouhyou_detail_004_kani=true&JigyosyoCd=1070600240-00&ServiceCd=150&Type=search" }, "geometry": { "type": "Point", "coordinates": [ 139.043791700000043, 36.636092 ] } },
{ "type": "Feature", "properties": { "内容": "デイサービスひまわり【通所介護】群馬県沼田市高橋場町2033-2", "url2": "https://www.kaigokensaku.mhlw.go.jp/10/index.php?action_kouhyou_detail_004_kani=true&JigyosyoCd=1070600968-00&ServiceCd=150&Type=search" }, "geometry": { "type": "Point", "coordinates": [ 139.059738421565271, 36.653735061587426 ] } },
{ "type": "Feature", "properties": { "内容": "アースケア　デイサービスセンター　利根【通所介護】群馬県沼田市材木町1284-1", "url2": "https://www.kaigokensaku.mhlw.go.jp/10/index.php?action_kouhyou_detail_004_kani=true&JigyosyoCd=1070600992-00&ServiceCd=150&Type=search" }, "geometry": { "type": "Point", "coordinates": [ 139.050854678187534, 36.642530759796109 ] } },
{ "type": "Feature", "properties": { "内容": "デイサービスセンターとね虹の里【通所介護】群馬県沼田市東原新町1855番地1", "url2": "https://www.kaigokensaku.mhlw.go.jp/10/index.php?action_kouhyou_detail_004_kani=true&JigyosyoCd=1070601073-00&ServiceCd=150&Type=search" }, "geometry": { "type": "Point", "coordinates": [ 139.053732099999934, 36.6482159 ] } },
{ "type": "Feature", "properties": { "内容": "デイサービスセンター　りんごの樹【通所介護】群馬県沼田市馬喰町字下原1276番地8", "url2": "https://www.kaigokensaku.mhlw.go.jp/10/index.php?action_kouhyou_detail_004_kani=true&JigyosyoCd=1070600893-00&ServiceCd=150&Type=search" }, "geometry": { "type": "Point", "coordinates": [ 139.049863302199583, 36.640844275413933 ] } },
{ "type": "Feature", "properties": { "内容": "沼田市社会福祉協議会デイサービスしらさわ【通所介護】群馬県沼田市白沢町平出１３１２-４", "url2": "https://www.kaigokensaku.mhlw.go.jp/10/index.php?action_kouhyou_detail_004_kani=true&JigyosyoCd=1070600422-00&ServiceCd=150&Type=search" }, "geometry": { "type": "Point", "coordinates": [ 139.11923969999998, 36.6616837 ] } },
{ "type": "Feature", "properties": { "内容": "エムダブルエス日高　沼田事業所【通所介護】群馬県沼田市薄根町3300-1", "url2": "https://www.kaigokensaku.mhlw.go.jp/10/index.php?action_kouhyou_detail_004_kani=true&JigyosyoCd=1070600299-00&ServiceCd=150&Type=search" }, "geometry": { "type": "Point", "coordinates": [ 139.031973099999959, 36.6441351 ] } },
{ "type": "Feature", "properties": { "内容": "ケアステーションあさひ沼田【通所介護】群馬県沼田市薄根町字薄根3391-1", "url2": "https://www.kaigokensaku.mhlw.go.jp/10/index.php?action_kouhyou_detail_004_kani=true&JigyosyoCd=1070600919-00&ServiceCd=150&Type=search" }, "geometry": { "type": "Point", "coordinates": [ 139.0326162, 36.646448 ] } },
{ "type": "Feature", "properties": { "内容": "サンライズデイサービスセンター【通所介護】群馬県館林市足次町３４１番地の１", "url2": "https://www.kaigokensaku.mhlw.go.jp/10/index.php?action_kouhyou_detail_004_kani=true&JigyosyoCd=1070700461-00&ServiceCd=150&Type=search" }, "geometry": { "type": "Point", "coordinates": [ 139.530985, 36.2653728 ] } },
{ "type": "Feature", "properties": { "内容": "リハビリデイサービスセンター『ユートピア』【通所介護】群馬県館林市木戸町596-1", "url2": "https://www.kaigokensaku.mhlw.go.jp/10/index.php?action_kouhyou_detail_004_kani=true&JigyosyoCd=1070701592-00&ServiceCd=150&Type=search" }, "geometry": { "type": "Point", "coordinates": [ 139.5169445, 36.2782767 ] } },
{ "type": "Feature", "properties": { "内容": "ディバシティ館林栄町【通所介護】群馬県館林市栄町22-19", "url2": "https://www.kaigokensaku.mhlw.go.jp/10/index.php?action_kouhyou_detail_004_kani=true&JigyosyoCd=1070701170-00&ServiceCd=150&Type=search" }, "geometry": { "type": "Point", "coordinates": [ 139.520813078573696, 36.248682561145912 ] } },
{ "type": "Feature", "properties": { "内容": "ケアステーションあさひ館林第弐【通所介護】群馬県館林市近藤町178-148", "url2": "https://www.kaigokensaku.mhlw.go.jp/10/index.php?action_kouhyou_detail_004_kani=true&JigyosyoCd=1070701154-00&ServiceCd=150&Type=search" }, "geometry": { "type": "Point", "coordinates": [ 139.504162899999983, 36.2399504 ] } },
{ "type": "Feature", "properties": { "内容": "いちご日和【通所介護】群馬県館林市近藤町７５０−１", "url2": "https://www.kaigokensaku.mhlw.go.jp/10/index.php?action_kouhyou_detail_004_kani=true&JigyosyoCd=1070701386-00&ServiceCd=150&Type=search" }, "geometry": { "type": "Point", "coordinates": [ 139.499781674910736, 36.234201796427513 ] } },
{ "type": "Feature", "properties": { "内容": "デイサービスセンターいずみ広内【通所介護】群馬県館林市広内町３－４", "url2": "https://www.kaigokensaku.mhlw.go.jp/10/index.php?action_kouhyou_detail_004_kani=true&JigyosyoCd=1070701519-00&ServiceCd=150&Type=search" }, "geometry": { "type": "Point", "coordinates": [ 139.53888280000001, 36.2560376 ] } },
{ "type": "Feature", "properties": { "内容": "あずみ苑　館林【通所介護】群馬県館林市上赤生田町4144-1", "url2": "https://www.kaigokensaku.mhlw.go.jp/10/index.php?action_kouhyou_detail_004_kani=true&JigyosyoCd=1070700628-00&ServiceCd=150&Type=search" }, "geometry": { "type": "Point", "coordinates": [ 139.54414840000004, 36.2319559 ] } },
{ "type": "Feature", "properties": { "内容": "マイホーム四つ葉【通所介護】群馬県館林市西本町6番21号", "url2": "https://www.kaigokensaku.mhlw.go.jp/10/index.php?action_kouhyou_detail_004_kani=true&JigyosyoCd=1070700263-00&ServiceCd=150&Type=search" }, "geometry": { "type": "Point", "coordinates": [ 139.532193499999948, 36.2506556 ] } },
{ "type": "Feature", "properties": { "内容": "赤羽の郷デイサービス【通所介護】群馬県館林市赤生田町648-9", "url2": "https://www.kaigokensaku.mhlw.go.jp/10/index.php?action_kouhyou_detail_004_kani=true&JigyosyoCd=1070700750-00&ServiceCd=150&Type=search" }, "geometry": { "type": "Point", "coordinates": [ 139.56494321772152, 36.227622543800599 ] } },
{ "type": "Feature", "properties": { "内容": "デイサービスセンターかがやき赤土【通所介護】群馬県館林市赤土町828-3", "url2": "https://www.kaigokensaku.mhlw.go.jp/10/index.php?action_kouhyou_detail_004_kani=true&JigyosyoCd=1070700941-00&ServiceCd=150&Type=search" }, "geometry": { "type": "Point", "coordinates": [ 139.5188531, 36.2452643 ] } },
{ "type": "Feature", "properties": { "内容": "家族の家ひまわり館林　通所介護事業所【通所介護】群馬県館林市千代田町３－１９家族の家ひまわり館林　通所介護事業所", "url2": "https://www.kaigokensaku.mhlw.go.jp/10/index.php?action_kouhyou_detail_004_kani=true&JigyosyoCd=1070701261-00&ServiceCd=150&Type=search" }, "geometry": { "type": "Point", "coordinates": [ 139.530964409088114, 36.243356414312586 ] } },
{ "type": "Feature", "properties": { "内容": "デイサービスセンター　あざみ【通所介護】群馬県館林市大手町８－２５", "url2": "https://www.kaigokensaku.mhlw.go.jp/10/index.php?action_kouhyou_detail_004_kani=true&JigyosyoCd=1070700479-00&ServiceCd=150&Type=search" }, "geometry": { "type": "Point", "coordinates": [ 139.537487599999963, 36.2478867 ] } },
{ "type": "Feature", "properties": { "内容": "つつじの里三角公園デイサービス【通所介護】群馬県館林市大手町8番5号", "url2": "https://www.kaigokensaku.mhlw.go.jp/10/index.php?action_kouhyou_detail_004_kani=true&JigyosyoCd=1070700818-00&ServiceCd=150&Type=search" }, "geometry": { "type": "Point", "coordinates": [ 139.5368016, 36.2479923 ] } },
{ "type": "Feature", "properties": { "内容": "ケアステーションあさひ館林【通所介護】群馬県館林市大手町9-45", "url2": "https://www.kaigokensaku.mhlw.go.jp/10/index.php?action_kouhyou_detail_004_kani=true&JigyosyoCd=1070700966-00&ServiceCd=150&Type=search" }, "geometry": { "type": "Point", "coordinates": [ 139.5383653, 36.2477257 ] } },
{ "type": "Feature", "properties": { "内容": "デイサービスちよだ【通所介護】群馬県館林市大谷町８９８－１", "url2": "https://www.kaigokensaku.mhlw.go.jp/10/index.php?action_kouhyou_detail_004_kani=true&JigyosyoCd=1070701378-00&ServiceCd=150&Type=search" }, "geometry": { "type": "Point", "coordinates": [ 139.5126602, 36.2431739 ] } },
{ "type": "Feature", "properties": { "内容": "クローバー荘【通所介護】群馬県館林市田谷町１１８７－１", "url2": "https://www.kaigokensaku.mhlw.go.jp/10/index.php?action_kouhyou_detail_004_kani=true&JigyosyoCd=1070700016-00&ServiceCd=150&Type=search" }, "geometry": { "type": "Point", "coordinates": [ 139.5785899, 36.2579698 ] } },
{ "type": "Feature", "properties": { "内容": "ディーズスポーツ　デイサービス【通所介護】群馬県館林市楠町3648-1-1アゼリアモールA館１F", "url2": "https://www.kaigokensaku.mhlw.go.jp/10/index.php?action_kouhyou_detail_004_kani=true&JigyosyoCd=1070701477-00&ServiceCd=150&Type=search" }, "geometry": { "type": "Point", "coordinates": [ 139.56908820000001, 36.2415555 ] } },
{ "type": "Feature", "properties": { "内容": "ディバシティ多々良沼公園【通所介護】群馬県館林市日向町1704-7", "url2": "https://www.kaigokensaku.mhlw.go.jp/10/index.php?action_kouhyou_detail_004_kani=true&JigyosyoCd=1070701501-00&ServiceCd=150&Type=search" }, "geometry": { "type": "Point", "coordinates": [ 139.4985151, 36.2624796 ] } },
{ "type": "Feature", "properties": { "内容": "ディバシティ館林日向町【通所介護】群馬県館林市日向町1705-1", "url2": "https://www.kaigokensaku.mhlw.go.jp/10/index.php?action_kouhyou_detail_004_kani=true&JigyosyoCd=1070701493-00&ServiceCd=150&Type=search" }, "geometry": { "type": "Point", "coordinates": [ 139.5000058, 36.2662319 ] } },
{ "type": "Feature", "properties": { "内容": "いこいの広場ひなた　通所介護事業所【通所介護】群馬県館林市日向町７43番地3", "url2": "https://www.kaigokensaku.mhlw.go.jp/10/index.php?action_kouhyou_detail_004_kani=true&JigyosyoCd=1070700610-00&ServiceCd=150&Type=search" }, "geometry": { "type": "Point", "coordinates": [ 139.500005800000054, 36.266231900000015 ] } },
{ "type": "Feature", "properties": { "内容": "館林市デイサービスセンター【通所介護】群馬県館林市苗木町２４５２－１", "url2": "https://www.kaigokensaku.mhlw.go.jp/10/index.php?action_kouhyou_detail_004_kani=true&JigyosyoCd=1070700149-00&ServiceCd=150&Type=search" }, "geometry": { "type": "Point", "coordinates": [ 139.508199, 36.2314794 ] } },
{ "type": "Feature", "properties": { "内容": "デイハウス　ハッピー【通所介護】群馬県館林市富士原町1057-64", "url2": "https://www.kaigokensaku.mhlw.go.jp/10/index.php?action_kouhyou_detail_004_kani=true&JigyosyoCd=1070701063-00&ServiceCd=150&Type=search" }, "geometry": { "type": "Point", "coordinates": [ 139.512107861454751, 36.23932505660455 ] } },
{ "type": "Feature", "properties": { "内容": "館林デイサービスセンター多々良の園【通所介護】群馬県館林市木戸町５３９", "url2": "https://www.kaigokensaku.mhlw.go.jp/10/index.php?action_kouhyou_detail_004_kani=true&JigyosyoCd=1070700354-00&ServiceCd=150&Type=search" }, "geometry": { "type": "Point", "coordinates": [ 139.515910699999949, 36.27696 ] } },
{ "type": "Feature", "properties": { "内容": "いちご倶楽部【通所介護】群馬県館林市成島町719-1", "url2": "https://www.kaigokensaku.mhlw.go.jp/10/index.php?action_kouhyou_detail_004_kani=true&JigyosyoCd=1070701527-00&ServiceCd=150&Type=search" }, "geometry": { "type": "Point", "coordinates": [ 139.507136300000013, 36.2498479 ] } },
{ "type": "Feature", "properties": { "内容": "デイサービス明月【通所介護】群馬県渋川市伊香保町伊香保525-202", "url2": "https://www.kaigokensaku.mhlw.go.jp/10/index.php?action_kouhyou_detail_004_kani=true&JigyosyoCd=1070800634-00&ServiceCd=150&Type=search" }, "geometry": { "type": "Point", "coordinates": [ 138.932092799999964, 36.5039591 ] } },
{ "type": "Feature", "properties": { "内容": "心愛デイサービス健心【通所介護】群馬県渋川市金井1195-9", "url2": "https://www.kaigokensaku.mhlw.go.jp/10/index.php?action_kouhyou_detail_004_kani=true&JigyosyoCd=1070801830-00&ServiceCd=150&Type=search" }, "geometry": { "type": "Point", "coordinates": [ 138.9931325, 36.5057404 ] } },
{ "type": "Feature", "properties": { "内容": "ケアステーションあさひ渋川【通所介護】群馬県渋川市金井1218-3", "url2": "https://www.kaigokensaku.mhlw.go.jp/10/index.php?action_kouhyou_detail_004_kani=true&JigyosyoCd=1070801517-00&ServiceCd=150&Type=search" }, "geometry": { "type": "Point", "coordinates": [ 138.994522675120407, 36.506352795806528 ] } },
{ "type": "Feature", "properties": { "内容": "かない苑デイサービスセンター【通所介護】群馬県渋川市金井２１８４番地１", "url2": "https://www.kaigokensaku.mhlw.go.jp/10/index.php?action_kouhyou_detail_004_kani=true&JigyosyoCd=1070800170-00&ServiceCd=150&Type=search" }, "geometry": { "type": "Point", "coordinates": [ 138.9867097, 36.5163648 ] } },
{ "type": "Feature", "properties": { "内容": "デイサービス　かなん【通所介護】群馬県渋川市行幸田41-6", "url2": "https://www.kaigokensaku.mhlw.go.jp/10/index.php?action_kouhyou_detail_004_kani=true&JigyosyoCd=1070800345-00&ServiceCd=150&Type=search" }, "geometry": { "type": "Point", "coordinates": [ 139.002170764942946, 36.478151081981146 ] } },
{ "type": "Feature", "properties": { "内容": "ひまわり渋川駅前【通所介護】群馬県渋川市渋川1636-2", "url2": "https://www.kaigokensaku.mhlw.go.jp/10/index.php?action_kouhyou_detail_004_kani=true&JigyosyoCd=1070801244-00&ServiceCd=150&Type=search" }, "geometry": { "type": "Point", "coordinates": [ 139.0077589, 36.489050100000028 ] } },
{ "type": "Feature", "properties": { "内容": "JA北群渋川通所介護施設ひまわり【通所介護】群馬県渋川市渋川１９８１－３", "url2": "https://www.kaigokensaku.mhlw.go.jp/10/index.php?action_kouhyou_detail_004_kani=true&JigyosyoCd=1070800915-00&ServiceCd=150&Type=search" }, "geometry": { "type": "Point", "coordinates": [ 139.008919399999968, 36.4968171 ] } },
{ "type": "Feature", "properties": { "内容": "ひかりの里デイサービスセンター【通所介護】群馬県渋川市渋川2216-1", "url2": "https://www.kaigokensaku.mhlw.go.jp/10/index.php?action_kouhyou_detail_004_kani=true&JigyosyoCd=1070800584-00&ServiceCd=150&Type=search" }, "geometry": { "type": "Point", "coordinates": [ 138.998798099999931, 36.4975809 ] } },
{ "type": "Feature", "properties": { "内容": "デイサービス桜林館【通所介護】群馬県渋川市渋川２９０８－１", "url2": "https://www.kaigokensaku.mhlw.go.jp/10/index.php?action_kouhyou_detail_004_kani=true&JigyosyoCd=1070801566-00&ServiceCd=150&Type=search" }, "geometry": { "type": "Point", "coordinates": [ 138.991715500000026, 36.4957338 ] } },
{ "type": "Feature", "properties": { "内容": "デイサービスゆうかり【通所介護】群馬県渋川市渋川3653-1", "url2": "https://www.kaigokensaku.mhlw.go.jp/10/index.php?action_kouhyou_detail_004_kani=true&JigyosyoCd=1070801293-00&ServiceCd=150&Type=search" }, "geometry": { "type": "Point", "coordinates": [ 138.951164, 36.4919497 ] } },
{ "type": "Feature", "properties": { "内容": "坂下デイサービス【通所介護】群馬県渋川市渋川908-22北毛診療所・住宅型有料老人ホームほくもう", "url2": "https://www.kaigokensaku.mhlw.go.jp/10/index.php?action_kouhyou_detail_004_kani=true&JigyosyoCd=1070801749-00&ServiceCd=150&Type=search" }, "geometry": { "type": "Point", "coordinates": [ 139.00580039999997, 36.499569100000016 ] } },
{ "type": "Feature", "properties": { "内容": "あすかデイサービス【通所介護】群馬県渋川市渋川４１４３－１", "url2": "https://www.kaigokensaku.mhlw.go.jp/10/index.php?action_kouhyou_detail_004_kani=true&JigyosyoCd=1070800865-00&ServiceCd=150&Type=search" }, "geometry": { "type": "Point", "coordinates": [ 138.9587656, 36.4998186 ] } },
{ "type": "Feature", "properties": { "内容": "渋川市子持デイサービスセンター【通所介護】群馬県渋川市吹屋658番地20", "url2": "https://www.kaigokensaku.mhlw.go.jp/10/index.php?action_kouhyou_detail_004_kani=true&JigyosyoCd=1072200411-00&ServiceCd=150&Type=search" }, "geometry": { "type": "Point", "coordinates": [ 139.014583886508177, 36.516382179135597 ] } },
{ "type": "Feature", "properties": { "内容": "澁川堂【通所介護】群馬県渋川市石原2376-30", "url2": "https://www.kaigokensaku.mhlw.go.jp/10/index.php?action_kouhyou_detail_004_kani=true&JigyosyoCd=1070801814-00&ServiceCd=150&Type=search" }, "geometry": { "type": "Point", "coordinates": [ 138.990776931911853, 36.488800161252399 ] } },
{ "type": "Feature", "properties": { "内容": "デイサービス石原の里【通所介護】群馬県渋川市石原３４３－１ナーシングホーム石原の里", "url2": "https://www.kaigokensaku.mhlw.go.jp/10/index.php?action_kouhyou_detail_004_kani=true&JigyosyoCd=1070801202-00&ServiceCd=150&Type=search" }, "geometry": { "type": "Point", "coordinates": [ 139.003745080039948, 36.486823677251998 ] } },
{ "type": "Feature", "properties": { "内容": "デイサービス　しきしまの風【通所介護】群馬県渋川市赤城町津久田196－4－2", "url2": "https://www.kaigokensaku.mhlw.go.jp/10/index.php?action_kouhyou_detail_004_kani=true&JigyosyoCd=1070801871-00&ServiceCd=150&Type=search" }, "geometry": { "type": "Point", "coordinates": [ 139.040720264400733, 36.543764888767811 ] } },
{ "type": "Feature", "properties": { "内容": "清流の郷デイサービスセンター【通所介護】群馬県渋川市赤城町敷島44-1", "url2": "https://www.kaigokensaku.mhlw.go.jp/10/index.php?action_kouhyou_detail_004_kani=true&JigyosyoCd=1070800717-00&ServiceCd=150&Type=search" }, "geometry": { "type": "Point", "coordinates": [ 139.029833405557298, 36.535283531066241 ] } },
{ "type": "Feature", "properties": { "内容": "デイサービス陽だまり【通所介護】群馬県渋川市赤城町敷島61番地1", "url2": "https://www.kaigokensaku.mhlw.go.jp/10/index.php?action_kouhyou_detail_004_kani=true&JigyosyoCd=1070801715-00&ServiceCd=150&Type=search" }, "geometry": { "type": "Point", "coordinates": [ 139.0296145, 36.5393367 ] } },
{ "type": "Feature", "properties": { "内容": "もてなし日和　ゆのえん【通所介護】群馬県渋川市村上288-1", "url2": "https://www.kaigokensaku.mhlw.go.jp/10/index.php?action_kouhyou_detail_004_kani=true&JigyosyoCd=1072601311-00&ServiceCd=150&Type=search" }, "geometry": { "type": "Point", "coordinates": [ 138.902431799999931, 36.555723 ] } },
{ "type": "Feature", "properties": { "内容": "デイサービスセンター春日和こもち【通所介護】群馬県渋川市中郷６０８－９１", "url2": "https://www.kaigokensaku.mhlw.go.jp/10/index.php?action_kouhyou_detail_004_kani=true&JigyosyoCd=1070800873-00&ServiceCd=150&Type=search" }, "geometry": { "type": "Point", "coordinates": [ 139.004181092343174, 36.521932942684018 ] } },
{ "type": "Feature", "properties": { "内容": "デイサービスセンターゆめ【通所介護】群馬県渋川市中村635-1", "url2": "https://www.kaigokensaku.mhlw.go.jp/10/index.php?action_kouhyou_detail_004_kani=true&JigyosyoCd=1070801152-00&ServiceCd=150&Type=search" }, "geometry": { "type": "Point", "coordinates": [ 139.018355299999939, 36.4771639 ] } },
{ "type": "Feature", "properties": { "内容": "ニコットおあしす【通所介護】群馬県渋川市白井2034-1", "url2": "https://www.kaigokensaku.mhlw.go.jp/10/index.php?action_kouhyou_detail_004_kani=true&JigyosyoCd=1070801350-00&ServiceCd=150&Type=search" }, "geometry": { "type": "Point", "coordinates": [ 139.014307599999938, 36.5037886 ] } },
{ "type": "Feature", "properties": { "内容": "さくら館デイサービスセンター【通所介護】群馬県渋川市白井585番地1", "url2": "https://www.kaigokensaku.mhlw.go.jp/10/index.php?action_kouhyou_detail_004_kani=true&JigyosyoCd=1070800733-00&ServiceCd=150&Type=search" }, "geometry": { "type": "Point", "coordinates": [ 139.011193899999967, 36.5075354 ] } },
{ "type": "Feature", "properties": { "内容": "デイサービスベルジ南渋川【通所介護】群馬県渋川市半田2726-1", "url2": "https://www.kaigokensaku.mhlw.go.jp/10/index.php?action_kouhyou_detail_004_kani=true&JigyosyoCd=1070801343-00&ServiceCd=150&Type=search" }, "geometry": { "type": "Point", "coordinates": [ 139.031393500000036, 36.4655209 ] } },
{ "type": "Feature", "properties": { "内容": "永光荘デイサービスセンター【通所介護】群馬県渋川市半田７８５－５", "url2": "https://www.kaigokensaku.mhlw.go.jp/10/index.php?action_kouhyou_detail_004_kani=true&JigyosyoCd=1070800105-00&ServiceCd=150&Type=search" }, "geometry": { "type": "Point", "coordinates": [ 139.0204893, 36.4590134 ] } },
{ "type": "Feature", "properties": { "内容": "デイサービス　べにばな【通所介護】群馬県渋川市半田字沼辺1861-1", "url2": "https://www.kaigokensaku.mhlw.go.jp/10/index.php?action_kouhyou_detail_004_kani=true&JigyosyoCd=1070801509-00&ServiceCd=150&Type=search" }, "geometry": { "type": "Point", "coordinates": [ 139.021555300000045, 36.4750095 ] } },
{ "type": "Feature", "properties": { "内容": "デイサービスけんちゃん家【通所介護】群馬県渋川市北橘町真壁1227-1", "url2": "https://www.kaigokensaku.mhlw.go.jp/10/index.php?action_kouhyou_detail_004_kani=true&JigyosyoCd=1070801269-00&ServiceCd=150&Type=search" }, "geometry": { "type": "Point", "coordinates": [ 139.039587658444219, 36.474308032114578 ] } },
{ "type": "Feature", "properties": { "内容": "社会福祉法人橘風会第二デイサービスセンター虹の家【通所介護】群馬県渋川市北橘町八崎２３４９番地１７", "url2": "https://www.kaigokensaku.mhlw.go.jp/10/index.php?action_kouhyou_detail_004_kani=true&JigyosyoCd=1070801574-00&ServiceCd=150&Type=search" }, "geometry": { "type": "Point", "coordinates": [ 139.039427899999964, 36.4950039 ] } },
{ "type": "Feature", "properties": { "内容": "社会福祉法人橘風会　デイサービスセンター虹の家【通所介護】群馬県渋川市北橘町八崎２３６５番地１", "url2": "https://www.kaigokensaku.mhlw.go.jp/10/index.php?action_kouhyou_detail_004_kani=true&JigyosyoCd=1072000324-00&ServiceCd=150&Type=search" }, "geometry": { "type": "Point", "coordinates": [ 139.039600457543315, 36.494564893475953 ] } },
{ "type": "Feature", "properties": { "内容": "北毛デイサービス【通所介護】群馬県渋川市有馬230-1", "url2": "https://www.kaigokensaku.mhlw.go.jp/10/index.php?action_kouhyou_detail_004_kani=true&JigyosyoCd=1070800287-00&ServiceCd=150&Type=search" }, "geometry": { "type": "Point", "coordinates": [ 139.005120499999947, 36.4724974 ] } },
{ "type": "Feature", "properties": { "内容": "それいゆ【通所介護】群馬県渋川市有馬９３９番地２", "url2": "https://www.kaigokensaku.mhlw.go.jp/10/index.php?action_kouhyou_detail_004_kani=true&JigyosyoCd=1070800782-00&ServiceCd=150&Type=search" }, "geometry": { "type": "Point", "coordinates": [ 139.000549200000023, 36.4631845 ] } },
{ "type": "Feature", "properties": { "内容": "ケアセンターつどい北橘【通所介護】群馬県渋川市北橘町八崎2334-3", "url2": "https://www.kaigokensaku.mhlw.go.jp/10/index.php?action_kouhyou_detail_004_kani=true&JigyosyoCd=1070801442-00&ServiceCd=150&Type=search" }, "geometry": { "type": "Point", "coordinates": [ 139.038639, 36.4956538 ] } },
{ "type": "Feature", "properties": { "内容": "ふれあい藤岡デイサービスセンター【通所介護】群馬県藤岡市藤岡2098-6", "url2": "https://www.kaigokensaku.mhlw.go.jp/10/index.php?action_kouhyou_detail_004_kani=true&JigyosyoCd=1070901655-00&ServiceCd=150&Type=search" }, "geometry": { "type": "Point", "coordinates": [ 139.0626045, 36.2417522 ] } },
{ "type": "Feature", "properties": { "内容": "デイサービス　すがお【通所介護】群馬県藤岡市岡之郷１，１６６－１", "url2": "https://www.kaigokensaku.mhlw.go.jp/10/index.php?action_kouhyou_detail_004_kani=true&JigyosyoCd=1071000796-00&ServiceCd=150&Type=search" }, "geometry": { "type": "Point", "coordinates": [ 139.097470042327814, 36.261693476481859 ] } },
{ "type": "Feature", "properties": { "内容": "リハビリデイ休屋【通所介護】群馬県藤岡市岡之郷660-1", "url2": "https://www.kaigokensaku.mhlw.go.jp/10/index.php?action_kouhyou_detail_004_kani=true&JigyosyoCd=1070901119-00&ServiceCd=150&Type=search" }, "geometry": { "type": "Point", "coordinates": [ 139.104516584130806, 36.269701325144965 ] } },
{ "type": "Feature", "properties": { "内容": "社会福祉法人伸和会つどい（岡の郷）【通所介護】群馬県藤岡市岡之郷１２番地４", "url2": "https://www.kaigokensaku.mhlw.go.jp/10/index.php?action_kouhyou_detail_004_kani=true&JigyosyoCd=1070900053-00&ServiceCd=150&Type=search" }, "geometry": { "type": "Point", "coordinates": [ 139.088325700000041, 36.2743531 ] } },
{ "type": "Feature", "properties": { "内容": "憩いの場なないろ【通所介護】群馬県藤岡市下戸塚18番4", "url2": "https://www.kaigokensaku.mhlw.go.jp/10/index.php?action_kouhyou_detail_004_kani=true&JigyosyoCd=1070901507-00&ServiceCd=150&Type=search" }, "geometry": { "type": "Point", "coordinates": [ 139.090014599999989, 36.2533646 ] } },
{ "type": "Feature", "properties": { "内容": "八塩温泉湯ざくらデイサービスセンター【通所介護】群馬県藤岡市鬼石１０２９－２", "url2": "https://www.kaigokensaku.mhlw.go.jp/10/index.php?action_kouhyou_detail_004_kani=true&JigyosyoCd=1070900707-00&ServiceCd=150&Type=search" }, "geometry": { "type": "Point", "coordinates": [ 139.054665, 36.1723781 ] } },
{ "type": "Feature", "properties": { "内容": "八塩温泉湯ざくらデイサービスセンターⅡ【通所介護】群馬県藤岡市鬼石1044-2", "url2": "https://www.kaigokensaku.mhlw.go.jp/10/index.php?action_kouhyou_detail_004_kani=true&JigyosyoCd=1070901234-00&ServiceCd=150&Type=search" }, "geometry": { "type": "Point", "coordinates": [ 139.054684789011162, 36.172352619174738 ] } },
{ "type": "Feature", "properties": { "内容": "デイサービスセンターそよかぜ【通所介護】群馬県藤岡市金井641", "url2": "https://www.kaigokensaku.mhlw.go.jp/10/index.php?action_kouhyou_detail_004_kani=true&JigyosyoCd=1070901010-00&ServiceCd=150&Type=search" }, "geometry": { "type": "Point", "coordinates": [ 139.025899375432601, 36.213138092185375 ] } },
{ "type": "Feature", "properties": { "内容": "ふれあい花の湯デイサービスセンター【通所介護】群馬県藤岡市金井626-1", "url2": "https://www.kaigokensaku.mhlw.go.jp/10/index.php?action_kouhyou_detail_004_kani=true&JigyosyoCd=1070901549-00&ServiceCd=150&Type=search" }, "geometry": { "type": "Point", "coordinates": [ 139.02772872520066, 36.211926280053326 ] } },
{ "type": "Feature", "properties": { "内容": "デイサービスみかぼの郷【通所介護】群馬県藤岡市小林698番地１", "url2": "https://www.kaigokensaku.mhlw.go.jp/10/index.php?action_kouhyou_detail_004_kani=true&JigyosyoCd=1070901374-00&ServiceCd=150&Type=search" }, "geometry": { "type": "Point", "coordinates": [ 139.090668, 36.238270300000011 ] } },
{ "type": "Feature", "properties": { "内容": "輝日の家【通所介護】群馬県藤岡市上栗須364-4", "url2": "https://www.kaigokensaku.mhlw.go.jp/10/index.php?action_kouhyou_detail_004_kani=true&JigyosyoCd=1070900731-00&ServiceCd=150&Type=search" }, "geometry": { "type": "Point", "coordinates": [ 139.068149309847939, 36.266889736604355 ] } },
{ "type": "Feature", "properties": { "内容": "デイサービスセンターゆうわの里藤岡【通所介護】群馬県藤岡市上大塚１７５３番地１優和の里", "url2": "https://www.kaigokensaku.mhlw.go.jp/10/index.php?action_kouhyou_detail_004_kani=true&JigyosyoCd=1070901242-00&ServiceCd=150&Type=search" }, "geometry": { "type": "Point", "coordinates": [ 139.056634226953065, 36.243791565569936 ] } },
{ "type": "Feature", "properties": { "内容": "デイサービスセンター青い空【通所介護】群馬県藤岡市上大塚444-1", "url2": "https://www.kaigokensaku.mhlw.go.jp/10/index.php?action_kouhyou_detail_004_kani=true&JigyosyoCd=1070901465-00&ServiceCd=150&Type=search" }, "geometry": { "type": "Point", "coordinates": [ 139.058517400000028, 36.2409268 ] } },
{ "type": "Feature", "properties": { "内容": "尚久デイサービスセンター藤岡【通所介護】群馬県藤岡市上落合359番地1アットホーム尚久藤岡", "url2": "https://www.kaigokensaku.mhlw.go.jp/10/index.php?action_kouhyou_detail_004_kani=true&JigyosyoCd=1070901259-00&ServiceCd=150&Type=search" }, "geometry": { "type": "Point", "coordinates": [ 139.043196573870119, 36.266265467159457 ] } },
{ "type": "Feature", "properties": { "内容": "デイサービスセンターたいよう浄法寺【通所介護】群馬県藤岡市浄法寺1036-2", "url2": "https://www.kaigokensaku.mhlw.go.jp/10/index.php?action_kouhyou_detail_004_kani=true&JigyosyoCd=1070901044-00&ServiceCd=150&Type=search" }, "geometry": { "type": "Point", "coordinates": [ 139.061024800000041, 36.1951448 ] } },
{ "type": "Feature", "properties": { "内容": "ひだまりの虹【通所介護】群馬県藤岡市中大塚302-1", "url2": "https://www.kaigokensaku.mhlw.go.jp/10/index.php?action_kouhyou_detail_004_kani=true&JigyosyoCd=1070901200-00&ServiceCd=150&Type=search" }, "geometry": { "type": "Point", "coordinates": [ 139.057232200000044, 36.2454222 ] } },
{ "type": "Feature", "properties": { "内容": "社会福祉法人みやび会ふじの里【通所介護】群馬県藤岡市中大塚８８０番地", "url2": "https://www.kaigokensaku.mhlw.go.jp/10/index.php?action_kouhyou_detail_004_kani=true&JigyosyoCd=1070900046-00&ServiceCd=150&Type=search" }, "geometry": { "type": "Point", "coordinates": [ 139.051988299999948, 36.246808 ] } },
{ "type": "Feature", "properties": { "内容": "デイサービスすまいーる藤岡【通所介護】群馬県藤岡市中島90－1", "url2": "https://www.kaigokensaku.mhlw.go.jp/10/index.php?action_kouhyou_detail_004_kani=true&JigyosyoCd=1070901382-00&ServiceCd=150&Type=search" }, "geometry": { "type": "Point", "coordinates": [ 139.083225299119562, 36.287846609171041 ] } },
{ "type": "Feature", "properties": { "内容": "デイサービスセンター　ひまわり【通所介護】群馬県藤岡市藤岡１４１５－１", "url2": "https://www.kaigokensaku.mhlw.go.jp/10/index.php?action_kouhyou_detail_004_kani=true&JigyosyoCd=1070900814-00&ServiceCd=150&Type=search" }, "geometry": { "type": "Point", "coordinates": [ 139.081298, 36.2563088 ] } },
{ "type": "Feature", "properties": { "内容": "デイサービスセンターおひさま【通所介護】群馬県藤岡市藤岡2170-1", "url2": "https://www.kaigokensaku.mhlw.go.jp/10/index.php?action_kouhyou_detail_004_kani=true&JigyosyoCd=1070900293-00&ServiceCd=150&Type=search" }, "geometry": { "type": "Point", "coordinates": [ 139.066811948542892, 36.238872411222815 ] } },
{ "type": "Feature", "properties": { "内容": "社会福祉法人山紫会音和の園介護支援サービスセンター【通所介護】群馬県藤岡市藤岡2874-2", "url2": "https://www.kaigokensaku.mhlw.go.jp/10/index.php?action_kouhyou_detail_004_kani=true&JigyosyoCd=1070900020-00&ServiceCd=150&Type=search" }, "geometry": { "type": "Point", "coordinates": [ 139.058679699999971, 36.2236164 ] } },
{ "type": "Feature", "properties": { "内容": "もも【通所介護】群馬県藤岡市藤岡２９８７番地", "url2": "https://www.kaigokensaku.mhlw.go.jp/10/index.php?action_kouhyou_detail_004_kani=true&JigyosyoCd=1070900889-00&ServiceCd=150&Type=search" }, "geometry": { "type": "Point", "coordinates": [ 139.069384200000059, 36.2269021 ] } },
{ "type": "Feature", "properties": { "内容": "デイサービスセンターまほろば【通所介護】群馬県藤岡市藤岡１０１９－２", "url2": "https://www.kaigokensaku.mhlw.go.jp/10/index.php?action_kouhyou_detail_004_kani=true&JigyosyoCd=1070900525-00&ServiceCd=150&Type=search" }, "geometry": { "type": "Point", "coordinates": [ 139.068281, 36.2550684 ] } },
{ "type": "Feature", "properties": { "内容": "デイサービスセンター　まどか【通所介護】群馬県藤岡市白石933番地", "url2": "https://www.kaigokensaku.mhlw.go.jp/10/index.php?action_kouhyou_detail_004_kani=true&JigyosyoCd=1070901531-00&ServiceCd=150&Type=search" }, "geometry": { "type": "Point", "coordinates": [ 139.034723899999989, 36.2485569 ] } },
{ "type": "Feature", "properties": { "内容": "デイサービス下郷【通所介護】群馬県　藤岡市　白石　2073番地1", "url2": "https://www.kaigokensaku.mhlw.go.jp/10/index.php?action_kouhyou_detail_004_kani=true&JigyosyoCd=1070900749-00&ServiceCd=150&Type=search" }, "geometry": { "type": "Point", "coordinates": [ 139.039192500000013, 36.2499156 ] } },
{ "type": "Feature", "properties": { "内容": "デイサービスセンター　こもれび【通所介護】群馬県藤岡市本郷2222-1", "url2": "https://www.kaigokensaku.mhlw.go.jp/10/index.php?action_kouhyou_detail_004_kani=true&JigyosyoCd=1070901325-00&ServiceCd=150&Type=search" }, "geometry": { "type": "Point", "coordinates": [ 139.077555800000027, 36.2244219 ] } },
{ "type": "Feature", "properties": { "内容": "デイサービスセンターどんぐりの木二番館【通所介護】群馬県藤岡市本郷７０８－１", "url2": "https://www.kaigokensaku.mhlw.go.jp/10/index.php?action_kouhyou_detail_004_kani=true&JigyosyoCd=1070900483-00&ServiceCd=150&Type=search" }, "geometry": { "type": "Point", "coordinates": [ 139.075952799999982, 36.2370565 ] } },
{ "type": "Feature", "properties": { "内容": "輝日の家　美九里【通所介護】群馬県藤岡市矢場712", "url2": "https://www.kaigokensaku.mhlw.go.jp/10/index.php?action_kouhyou_detail_004_kani=true&JigyosyoCd=1070901481-00&ServiceCd=150&Type=search" }, "geometry": { "type": "Point", "coordinates": [ 139.05344089999997, 36.2167858 ] } },
{ "type": "Feature", "properties": { "内容": "デイサービスセンターたついし【通所介護】群馬県藤岡市立石1471-1", "url2": "https://www.kaigokensaku.mhlw.go.jp/10/index.php?action_kouhyou_detail_004_kani=true&JigyosyoCd=1070900939-00&ServiceCd=150&Type=search" }, "geometry": { "type": "Point", "coordinates": [ 139.086218861993387, 36.281269278700471 ] } },
{ "type": "Feature", "properties": { "内容": "デイサービスセンター　メイプル【通所介護】群馬県藤岡市高山1700-1", "url2": "https://www.kaigokensaku.mhlw.go.jp/10/index.php?action_kouhyou_detail_004_kani=true&JigyosyoCd=1070900780-00&ServiceCd=150&Type=search" }, "geometry": { "type": "Point", "coordinates": [ 139.038404799999967, 36.2062208 ] } },
{ "type": "Feature", "properties": { "内容": "デイサービス　わらべうた宇田【通所介護】群馬県富岡市宇田　973-1", "url2": "https://www.kaigokensaku.mhlw.go.jp/10/index.php?action_kouhyou_detail_004_kani=true&JigyosyoCd=1071001141-00&ServiceCd=150&Type=search" }, "geometry": { "type": "Point", "coordinates": [ 138.8462247, 36.2569988 ] } },
{ "type": "Feature", "properties": { "内容": "ハッピーデイサービス【通所介護】群馬県富岡市一ノ宮1654-2一ノ宮ハッピーセンター縁", "url2": "https://www.kaigokensaku.mhlw.go.jp/10/index.php?action_kouhyou_detail_004_kani=true&JigyosyoCd=1071000978-00&ServiceCd=150&Type=search" }, "geometry": { "type": "Point", "coordinates": [ 138.856693405082751, 36.250831452701242 ] } },
{ "type": "Feature", "properties": { "内容": "デイサービスセンター　グリーンハイツ【通所介護】群馬県富岡市岡本１０３３－１", "url2": "https://www.kaigokensaku.mhlw.go.jp/10/index.php?action_kouhyou_detail_004_kani=true&JigyosyoCd=1071000499-00&ServiceCd=150&Type=search" }, "geometry": { "type": "Point", "coordinates": [ 138.888569800000027, 36.2375211 ] } },
{ "type": "Feature", "properties": { "内容": "デイサービスセンターふれあい【通所介護】群馬県富岡市黒川1380番地", "url2": "https://www.kaigokensaku.mhlw.go.jp/10/index.php?action_kouhyou_detail_004_kani=true&JigyosyoCd=1071000218-00&ServiceCd=150&Type=search" }, "geometry": { "type": "Point", "coordinates": [ 138.879610400000047, 36.2682868 ] } },
{ "type": "Feature", "properties": { "内容": "ショート・デイセンターこまち【通所介護】群馬県富岡市七日市７６１－１０", "url2": "https://www.kaigokensaku.mhlw.go.jp/10/index.php?action_kouhyou_detail_004_kani=true&JigyosyoCd=1071000440-00&ServiceCd=150&Type=search" }, "geometry": { "type": "Point", "coordinates": [ 138.879052699999988, 36.258888 ] } },
{ "type": "Feature", "properties": { "内容": "デイサービスわごう【通所介護】群馬県富岡市上高瀬92-2", "url2": "https://www.kaigokensaku.mhlw.go.jp/10/index.php?action_kouhyou_detail_004_kani=true&JigyosyoCd=1071000572-00&ServiceCd=150&Type=search" }, "geometry": { "type": "Point", "coordinates": [ 138.865374100000054, 36.246572800000017 ] } },
{ "type": "Feature", "properties": { "内容": "ＪＡ甘楽富岡ふれあいデイホーム【通所介護】群馬県富岡市上丹生８番地１", "url2": "https://www.kaigokensaku.mhlw.go.jp/10/index.php?action_kouhyou_detail_004_kani=true&JigyosyoCd=1071000234-00&ServiceCd=150&Type=search" }, "geometry": { "type": "Point", "coordinates": [ 138.82386310000004, 36.2607655 ] } },
{ "type": "Feature", "properties": { "内容": "デイサービス　ファミリーケア富岡【通所介護】群馬県富岡市星田512", "url2": "https://www.kaigokensaku.mhlw.go.jp/10/index.php?action_kouhyou_detail_004_kani=true&JigyosyoCd=1071000481-00&ServiceCd=150&Type=search" }, "geometry": { "type": "Point", "coordinates": [ 138.917748800000027, 36.2631763 ] } },
{ "type": "Feature", "properties": { "内容": "ゆうあいデイサービス【通所介護】群馬県富岡市曽木５４０－２", "url2": "https://www.kaigokensaku.mhlw.go.jp/10/index.php?action_kouhyou_detail_004_kani=true&JigyosyoCd=1071000606-00&ServiceCd=150&Type=search" }, "geometry": { "type": "Point", "coordinates": [ 138.910955199999989, 36.2579075 ] } },
{ "type": "Feature", "properties": { "内容": "デイサービス　メリィたかせ【通所介護】群馬県富岡市中高瀬675メリィホーム　たかせ", "url2": "https://www.kaigokensaku.mhlw.go.jp/10/index.php?action_kouhyou_detail_004_kani=true&JigyosyoCd=1071001018-00&ServiceCd=150&Type=search" }, "geometry": { "type": "Point", "coordinates": [ 138.879058127981295, 36.247098913768433 ] } },
{ "type": "Feature", "properties": { "内容": "デイサービス　わらべうた【通所介護】群馬県富岡市田島268-1", "url2": "https://www.kaigokensaku.mhlw.go.jp/10/index.php?action_kouhyou_detail_004_kani=true&JigyosyoCd=1071000713-00&ServiceCd=150&Type=search" }, "geometry": { "type": "Point", "coordinates": [ 138.859446899999966, 36.2461478 ] } },
{ "type": "Feature", "properties": { "内容": "尚久デイサービスセンター富岡南【通所介護】群馬県富岡市富岡内匠436-1住宅型有料老人ホームアットホーム尚久富岡南", "url2": "https://www.kaigokensaku.mhlw.go.jp/10/index.php?action_kouhyou_detail_004_kani=true&JigyosyoCd=1071000903-00&ServiceCd=150&Type=search" }, "geometry": { "type": "Point", "coordinates": [ 138.90166879992222, 36.245789475100878 ] } },
{ "type": "Feature", "properties": { "内容": "高成デイサービスセンター【通所介護】群馬県富岡市富岡2144番地", "url2": "https://www.kaigokensaku.mhlw.go.jp/10/index.php?action_kouhyou_detail_004_kani=true&JigyosyoCd=1071000556-00&ServiceCd=150&Type=search" }, "geometry": { "type": "Point", "coordinates": [ 138.90491929999996, 36.2662482 ] } },
{ "type": "Feature", "properties": { "内容": "株式会社ホソヤ　尚久デイサービスセンター【通所介護】群馬県富岡市富岡309-2", "url2": "https://www.kaigokensaku.mhlw.go.jp/10/index.php?action_kouhyou_detail_004_kani=true&JigyosyoCd=1071000382-00&ServiceCd=150&Type=search" }, "geometry": { "type": "Point", "coordinates": [ 138.894380093353988, 36.251863201014999 ] } },
{ "type": "Feature", "properties": { "内容": "妙義会デイサービスセンター【通所介護】群馬県富岡市妙義町上高田１２０８番地２", "url2": "https://www.kaigokensaku.mhlw.go.jp/10/index.php?action_kouhyou_detail_004_kani=true&JigyosyoCd=1072400334-00&ServiceCd=150&Type=search" }, "geometry": { "type": "Point", "coordinates": [ 138.816185099999984, 36.2868261 ] } },
{ "type": "Feature", "properties": { "内容": "デイサービスセンターみょうぎ【通所介護】群馬県富岡市妙義町上高田６３９番地", "url2": "https://www.kaigokensaku.mhlw.go.jp/10/index.php?action_kouhyou_detail_004_kani=true&JigyosyoCd=1071000861-00&ServiceCd=150&Type=search" }, "geometry": { "type": "Point", "coordinates": [ 138.815693499999952, 36.2866733 ] } },
{ "type": "Feature", "properties": { "内容": "デイサービスセンター彩とり【通所介護】群馬県安中市安中1-16-38", "url2": "https://www.kaigokensaku.mhlw.go.jp/10/index.php?action_kouhyou_detail_004_kani=true&JigyosyoCd=1071100604-00&ServiceCd=150&Type=search" }, "geometry": { "type": "Point", "coordinates": [ 138.885827, 36.3223485 ] } },
{ "type": "Feature", "properties": { "内容": "デイサービスセンター　えーる【通所介護】群馬県安中市郷原556番地3", "url2": "https://www.kaigokensaku.mhlw.go.jp/10/index.php?action_kouhyou_detail_004_kani=true&JigyosyoCd=1071100844-00&ServiceCd=150&Type=search" }, "geometry": { "type": "Point", "coordinates": [ 138.843854098120147, 36.304566102046522 ] } },
{ "type": "Feature", "properties": { "内容": "デイサービスセンターえにし【通所介護】群馬県安中市原市二丁目５番４１号３", "url2": "https://www.kaigokensaku.mhlw.go.jp/10/index.php?action_kouhyou_detail_004_kani=true&JigyosyoCd=1071100729-00&ServiceCd=150&Type=search" }, "geometry": { "type": "Point", "coordinates": [ 138.860609899999986, 36.3125459 ] } },
{ "type": "Feature", "properties": { "内容": "らいふプラス原市【通所介護】群馬県安中市原市4-3-39", "url2": "https://www.kaigokensaku.mhlw.go.jp/10/index.php?action_kouhyou_detail_004_kani=true&JigyosyoCd=1071101040-00&ServiceCd=150&Type=search" }, "geometry": { "type": "Point", "coordinates": [ 138.882608, 36.3198292 ] } },
{ "type": "Feature", "properties": { "内容": "有限会社　ふるさと【通所介護】群馬県安中市鷺宮1956-1", "url2": "https://www.kaigokensaku.mhlw.go.jp/10/index.php?action_kouhyou_detail_004_kani=true&JigyosyoCd=1071100091-00&ServiceCd=150&Type=search" }, "geometry": { "type": "Point", "coordinates": [ 138.8626021, 36.2967586 ] } },
{ "type": "Feature", "properties": { "内容": "老人デイサービス　なゆた【通所介護】群馬県安中市鷺宮字北上平３８９", "url2": "https://www.kaigokensaku.mhlw.go.jp/10/index.php?action_kouhyou_detail_004_kani=true&JigyosyoCd=1071100257-00&ServiceCd=150&Type=search" }, "geometry": { "type": "Point", "coordinates": [ 138.894021599999974, 36.3053529 ] } },
{ "type": "Feature", "properties": { "内容": "デイサービスセンター秋間【通所介護】群馬県安中市秋間みのりが丘2538-1", "url2": "https://www.kaigokensaku.mhlw.go.jp/10/index.php?action_kouhyou_detail_004_kani=true&JigyosyoCd=1071101149-00&ServiceCd=150&Type=search" }, "geometry": { "type": "Point", "coordinates": [ 138.8506212, 36.3610492 ] } },
{ "type": "Feature", "properties": { "内容": "デイサービスセンターうすいの里【通所介護】群馬県安中市松井田町高梨子1491-1", "url2": "https://www.kaigokensaku.mhlw.go.jp/10/index.php?action_kouhyou_detail_004_kani=true&JigyosyoCd=1072500075-00&ServiceCd=150&Type=search" }, "geometry": { "type": "Point", "coordinates": [ 138.795482, 36.3298489 ] } },
{ "type": "Feature", "properties": { "内容": "デイサービスセンターここいろ【通所介護】群馬県安中市松井田町松井田716-1", "url2": "https://www.kaigokensaku.mhlw.go.jp/10/index.php?action_kouhyou_detail_004_kani=true&JigyosyoCd=1071100638-00&ServiceCd=150&Type=search" }, "geometry": { "type": "Point", "coordinates": [ 138.812201100000038, 36.3105289 ] } },
{ "type": "Feature", "properties": { "内容": "デイサービスセンター「楽聚」【通所介護】群馬県安中市松井田町二軒在家776番地１", "url2": "https://www.kaigokensaku.mhlw.go.jp/10/index.php?action_kouhyou_detail_004_kani=true&JigyosyoCd=1071100778-00&ServiceCd=150&Type=search" }, "geometry": { "type": "Point", "coordinates": [ 138.814658229090128, 36.302375040128211 ] } },
{ "type": "Feature", "properties": { "内容": "デイサービスメリィうすい【通所介護】群馬県安中市松井田町八城226-1住宅型有料老人ホーム　メリィホームうすい", "url2": "https://www.kaigokensaku.mhlw.go.jp/10/index.php?action_kouhyou_detail_004_kani=true&JigyosyoCd=1071100943-00&ServiceCd=150&Type=search" }, "geometry": { "type": "Point", "coordinates": [ 138.798035885072295, 36.306143342246735 ] } },
{ "type": "Feature", "properties": { "内容": "ケアステーション　ピース安中【通所介護】群馬県安中市中宿2180-2", "url2": "https://www.kaigokensaku.mhlw.go.jp/10/index.php?action_kouhyou_detail_004_kani=true&JigyosyoCd=1071100299-00&ServiceCd=150&Type=search" }, "geometry": { "type": "Point", "coordinates": [ 138.923911545816054, 36.335348011881919 ] } },
{ "type": "Feature", "properties": { "内容": "ケアステーションあさひ　安中【通所介護】群馬県安中市板鼻679-1", "url2": "https://www.kaigokensaku.mhlw.go.jp/10/index.php?action_kouhyou_detail_004_kani=true&JigyosyoCd=1071100851-00&ServiceCd=150&Type=search" }, "geometry": { "type": "Point", "coordinates": [ 138.930479699999978, 36.3464724 ] } },
{ "type": "Feature", "properties": { "内容": "安中市デイサービスセンター明嶺荘【通所介護】群馬県安中市嶺２４０", "url2": "https://www.kaigokensaku.mhlw.go.jp/10/index.php?action_kouhyou_detail_004_kani=true&JigyosyoCd=1071100083-00&ServiceCd=150&Type=search" }, "geometry": { "type": "Point", "coordinates": [ 138.849919, 36.3188618 ] } },
{ "type": "Feature", "properties": { "内容": "デイサービス　さくら【通所介護】群馬県安中市簗瀬477-10", "url2": "https://www.kaigokensaku.mhlw.go.jp/10/index.php?action_kouhyou_detail_004_kani=true&JigyosyoCd=1071100885-00&ServiceCd=150&Type=search" }, "geometry": { "type": "Point", "coordinates": [ 138.86369030000003, 36.3097795 ] } },
{ "type": "Feature", "properties": { "内容": "みかん色安中【通所介護】群馬県安中市安中１丁目１１番２４－１８号", "url2": "https://www.kaigokensaku.mhlw.go.jp/10/index.php?action_kouhyou_detail_004_kani=true&JigyosyoCd=1071101198-00&ServiceCd=150&Type=search" }, "geometry": { "type": "Point", "coordinates": [ 138.883806372491421, 36.324162963332689 ] } },
{ "type": "Feature", "properties": { "内容": "デイサービスはっぴぃ【通所介護】群馬県みどり市大間々町大間々445-5", "url2": "https://www.kaigokensaku.mhlw.go.jp/10/index.php?action_kouhyou_detail_004_kani=true&JigyosyoCd=1071201170-00&ServiceCd=150&Type=search" }, "geometry": { "type": "Point", "coordinates": [ 139.286975633135256, 36.419797749941353 ] } },
{ "type": "Feature", "properties": { "内容": "デイサービスセンターあざみん家Ⅱ【通所介護】群馬県みどり市笠懸町阿左美1095-8", "url2": "https://www.kaigokensaku.mhlw.go.jp/10/index.php?action_kouhyou_detail_004_kani=true&JigyosyoCd=1071200917-00&ServiceCd=150&Type=search" }, "geometry": { "type": "Point", "coordinates": [ 139.302899199999956, 36.3786125 ] } },
{ "type": "Feature", "properties": { "内容": "デイサービスセンターあざみん家【通所介護】群馬県みどり市笠懸町阿左美1097-1", "url2": "https://www.kaigokensaku.mhlw.go.jp/10/index.php?action_kouhyou_detail_004_kani=true&JigyosyoCd=1071200651-00&ServiceCd=150&Type=search" }, "geometry": { "type": "Point", "coordinates": [ 139.304066847221407, 36.386599418182549 ] } },
{ "type": "Feature", "properties": { "内容": "デイサービスセンタークレイン東邦【通所介護】群馬県みどり市笠懸町阿左美3276-5", "url2": "https://www.kaigokensaku.mhlw.go.jp/10/index.php?action_kouhyou_detail_004_kani=true&JigyosyoCd=1071200552-00&ServiceCd=150&Type=search" }, "geometry": { "type": "Point", "coordinates": [ 139.310340943516508, 36.390769469412966 ] } },
{ "type": "Feature", "properties": { "内容": "オアシス介護センター【通所介護】群馬県みどり市笠懸町阿左美3375－７", "url2": "https://www.kaigokensaku.mhlw.go.jp/10/index.php?action_kouhyou_detail_004_kani=true&JigyosyoCd=1072900820-00&ServiceCd=150&Type=search" }, "geometry": { "type": "Point", "coordinates": [ 139.312812, 36.3871117 ] } },
{ "type": "Feature", "properties": { "内容": "通所介護施設サンホープケアパーク阿左美【通所介護】群馬県みどり市笠懸町阿左美５７４－３", "url2": "https://www.kaigokensaku.mhlw.go.jp/10/index.php?action_kouhyou_detail_004_kani=true&JigyosyoCd=1071200248-00&ServiceCd=150&Type=search" }, "geometry": { "type": "Point", "coordinates": [ 139.298621899999944, 36.376348799999946 ] } },
{ "type": "Feature", "properties": { "内容": "あづま郷【通所介護】群馬県みどり市笠懸町阿左美689-2", "url2": "https://www.kaigokensaku.mhlw.go.jp/10/index.php?action_kouhyou_detail_004_kani=true&JigyosyoCd=1071201105-00&ServiceCd=150&Type=search" }, "geometry": { "type": "Point", "coordinates": [ 139.291312299999987, 36.3811908 ] } },
{ "type": "Feature", "properties": { "内容": "デイホーム孫の手・かさかけ【通所介護】群馬県みどり市笠懸町久宮　164-2", "url2": "https://www.kaigokensaku.mhlw.go.jp/10/index.php?action_kouhyou_detail_004_kani=true&JigyosyoCd=1071200776-00&ServiceCd=150&Type=search" }, "geometry": { "type": "Point", "coordinates": [ 139.287292400000069, 36.3794733 ] } },
{ "type": "Feature", "properties": { "内容": "デイサービスセンターいずみのさと【通所介護】群馬県みどり市笠懸町久宮299-8", "url2": "https://www.kaigokensaku.mhlw.go.jp/10/index.php?action_kouhyou_detail_004_kani=true&JigyosyoCd=1071200263-00&ServiceCd=150&Type=search" }, "geometry": { "type": "Point", "coordinates": [ 139.27946529999997, 36.3764455 ] } },
{ "type": "Feature", "properties": { "内容": "ココロガーデン【通所介護】群馬県みどり市笠懸町久宮３５７－２", "url2": "https://www.kaigokensaku.mhlw.go.jp/10/index.php?action_kouhyou_detail_004_kani=true&JigyosyoCd=1071200602-00&ServiceCd=150&Type=search" }, "geometry": { "type": "Point", "coordinates": [ 139.27849040000001, 36.3703683 ] } },
{ "type": "Feature", "properties": { "内容": "デイサービスグルメ【通所介護】群馬県みどり市笠懸町鹿17-1有料老人ホームぐるめ・デイサービスグルメ", "url2": "https://www.kaigokensaku.mhlw.go.jp/10/index.php?action_kouhyou_detail_004_kani=true&JigyosyoCd=1071200925-00&ServiceCd=150&Type=search" }, "geometry": { "type": "Point", "coordinates": [ 139.289028027002843, 36.382451737260737 ] } },
{ "type": "Feature", "properties": { "内容": "デイサービスセンターかさかけ【通所介護】群馬県みどり市笠懸町鹿３０３３－１特別養護老人ホームかさかけの里", "url2": "https://www.kaigokensaku.mhlw.go.jp/10/index.php?action_kouhyou_detail_004_kani=true&JigyosyoCd=1072900226-00&ServiceCd=150&Type=search" }, "geometry": { "type": "Point", "coordinates": [ 139.277337799999941, 36.3975461 ] } },
{ "type": "Feature", "properties": { "内容": "通所介護事業所　サンテ笠懸【通所介護】群馬県みどり市笠懸町鹿3215番地2", "url2": "https://www.kaigokensaku.mhlw.go.jp/10/index.php?action_kouhyou_detail_004_kani=true&JigyosyoCd=1071200867-00&ServiceCd=150&Type=search" }, "geometry": { "type": "Point", "coordinates": [ 139.279342929824793, 36.399279550266627 ] } },
{ "type": "Feature", "properties": { "内容": "たんぽぽデイサービスセンター【通所介護】群馬県みどり市笠懸町鹿4385-1", "url2": "https://www.kaigokensaku.mhlw.go.jp/10/index.php?action_kouhyou_detail_004_kani=true&JigyosyoCd=1072900788-00&ServiceCd=150&Type=search" }, "geometry": { "type": "Point", "coordinates": [ 139.274663, 36.386536 ] } },
{ "type": "Feature", "properties": { "内容": "デイサービスセンターグリーンハート【通所介護】群馬県みどり市笠懸町西鹿田２７９－４", "url2": "https://www.kaigokensaku.mhlw.go.jp/10/index.php?action_kouhyou_detail_004_kani=true&JigyosyoCd=1071200321-00&ServiceCd=150&Type=search" }, "geometry": { "type": "Point", "coordinates": [ 139.256511899999964, 36.3974959 ] } },
{ "type": "Feature", "properties": { "内容": "デイサービスｅ－らいふ緑【通所介護】群馬県みどり市笠懸町西鹿田65番地住宅型有料老人ホームｅ-らいふほーむ緑・デイサービスｅ‐らいふ緑", "url2": "https://www.kaigokensaku.mhlw.go.jp/10/index.php?action_kouhyou_detail_004_kani=true&JigyosyoCd=1071200685-00&ServiceCd=150&Type=search" }, "geometry": { "type": "Point", "coordinates": [ 139.265705549520845, 36.39697370973817 ] } },
{ "type": "Feature", "properties": { "内容": "大間々デイサービスセンター【通所介護】群馬県みどり市大間々町桐原１４７６－１", "url2": "https://www.kaigokensaku.mhlw.go.jp/10/index.php?action_kouhyou_detail_004_kani=true&JigyosyoCd=1073000109-00&ServiceCd=150&Type=search" }, "geometry": { "type": "Point", "coordinates": [ 139.2636824, 36.437633 ] } },
{ "type": "Feature", "properties": { "内容": "リハ＋トレセンター　みどり大間々店【通所介護】群馬県みどり市大間々町大間々1374-16", "url2": "https://www.kaigokensaku.mhlw.go.jp/10/index.php?action_kouhyou_detail_004_kani=true&JigyosyoCd=1071201089-00&ServiceCd=150&Type=search" }, "geometry": { "type": "Point", "coordinates": [ 139.276710028241752, 36.434215153257824 ] } },
{ "type": "Feature", "properties": { "内容": "心春デイサービスセンター【通所介護】群馬県みどり市大間々町大間々15番の3", "url2": "https://www.kaigokensaku.mhlw.go.jp/10/index.php?action_kouhyou_detail_004_kani=true&JigyosyoCd=1071200966-00&ServiceCd=150&Type=search" }, "geometry": { "type": "Point", "coordinates": [ 139.287164399999938, 36.4132249 ] } },
{ "type": "Feature", "properties": { "内容": "デイサービスカノン【通所介護】群馬県みどり市大間々町大間々377-2", "url2": "https://www.kaigokensaku.mhlw.go.jp/10/index.php?action_kouhyou_detail_004_kani=true&JigyosyoCd=1070302722-00&ServiceCd=150&Type=search" }, "geometry": { "type": "Point", "coordinates": [ 139.282245257956021, 36.416520100278241 ] } },
{ "type": "Feature", "properties": { "内容": "デイサービスセンター・みどりの丘【通所介護】群馬県みどり市大間々町大間々427番地1", "url2": "https://www.kaigokensaku.mhlw.go.jp/10/index.php?action_kouhyou_detail_004_kani=true&JigyosyoCd=1071200941-00&ServiceCd=150&Type=search" }, "geometry": { "type": "Point", "coordinates": [ 139.287886299999968, 36.4191908 ] } },
{ "type": "Feature", "properties": { "内容": "朝日ハーモニークラブデイサービスセンター【通所介護】群馬県みどり市大間々町大間々５６３－１", "url2": "https://www.kaigokensaku.mhlw.go.jp/10/index.php?action_kouhyou_detail_004_kani=true&JigyosyoCd=1071200396-00&ServiceCd=150&Type=search" }, "geometry": { "type": "Point", "coordinates": [ 139.2781149, 36.4217822 ] } },
{ "type": "Feature", "properties": { "内容": "ベルマーレ　ケア【通所介護】群馬県みどり市大間々町大間々699-1", "url2": "https://www.kaigokensaku.mhlw.go.jp/10/index.php?action_kouhyou_detail_004_kani=true&JigyosyoCd=1071201071-00&ServiceCd=150&Type=search" }, "geometry": { "type": "Point", "coordinates": [ 139.2730206, 36.4216024 ] } },
{ "type": "Feature", "properties": { "内容": "デイハウス　ゆいまーる【通所介護】群馬県みどり市大間々町大間々702-1", "url2": "https://www.kaigokensaku.mhlw.go.jp/10/index.php?action_kouhyou_detail_004_kani=true&JigyosyoCd=1071201055-00&ServiceCd=150&Type=search" }, "geometry": { "type": "Point", "coordinates": [ 139.272396325649026, 36.421321307694015 ] } },
{ "type": "Feature", "properties": { "内容": "デイサービス　るうふ【通所介護】群馬県みどり市笠懸町2480番地1", "url2": "https://www.kaigokensaku.mhlw.go.jp/10/index.php?action_kouhyou_detail_004_kani=true&JigyosyoCd=1071201147-00&ServiceCd=150&Type=search" }, "geometry": { "type": "Point", "coordinates": [ 139.28026220000001, 36.3933792 ] } },
{ "type": "Feature", "properties": { "内容": "デイサービスセンターやまゆり【通所介護】群馬県北群馬郡榛東村広馬場1797－1", "url2": "https://www.kaigokensaku.mhlw.go.jp/10/index.php?action_kouhyou_detail_004_kani=true&JigyosyoCd=1072200296-00&ServiceCd=150&Type=search" }, "geometry": { "type": "Point", "coordinates": [ 138.966096200000038, 36.4200497 ] } },
{ "type": "Feature", "properties": { "内容": "リゾートハウス　てのひら【通所介護】群馬県北群馬郡榛東村新井2205－2", "url2": "https://www.kaigokensaku.mhlw.go.jp/10/index.php?action_kouhyou_detail_004_kani=true&JigyosyoCd=1072201013-00&ServiceCd=150&Type=search" }, "geometry": { "type": "Point", "coordinates": [ 138.9732013, 36.4347126 ] } },
{ "type": "Feature", "properties": { "内容": "デイサービスはなみずき榛東【通所介護】群馬県北群馬郡榛東村新井2663-1", "url2": "https://www.kaigokensaku.mhlw.go.jp/10/index.php?action_kouhyou_detail_004_kani=true&JigyosyoCd=1072200833-00&ServiceCd=150&Type=search" }, "geometry": { "type": "Point", "coordinates": [ 138.999479264417687, 36.421613232246045 ] } },
{ "type": "Feature", "properties": { "内容": "ニコットアルファ【通所介護】群馬県北群馬郡榛東村新井　2734-3ニコットアルファ", "url2": "https://www.kaigokensaku.mhlw.go.jp/10/index.php?action_kouhyou_detail_004_kani=true&JigyosyoCd=1072200791-00&ServiceCd=150&Type=search" }, "geometry": { "type": "Point", "coordinates": [ 139.000196100000039, 36.422095 ] } },
{ "type": "Feature", "properties": { "内容": "通所介護ひまわり柿の木坂【通所介護】群馬県北群馬郡榛東村新井2496-1", "url2": "https://www.kaigokensaku.mhlw.go.jp/10/index.php?action_kouhyou_detail_004_kani=true&JigyosyoCd=1072201104-00&ServiceCd=150&Type=search" }, "geometry": { "type": "Point", "coordinates": [ 138.9915709, 36.4256798 ] } },
{ "type": "Feature", "properties": { "内容": "デイサービスかえで吉岡【通所介護】群馬県北群馬郡吉岡町大久保2090-1", "url2": "https://www.kaigokensaku.mhlw.go.jp/10/index.php?action_kouhyou_detail_004_kani=true&JigyosyoCd=1072201112-00&ServiceCd=150&Type=search" }, "geometry": { "type": "Point", "coordinates": [ 139.026472899999987, 36.4355678 ] } },
{ "type": "Feature", "properties": { "内容": "デイサービスセンター吉岡たやの家【通所介護】群馬県北群馬郡吉岡町上野田96", "url2": "https://www.kaigokensaku.mhlw.go.jp/10/index.php?action_kouhyou_detail_004_kani=true&JigyosyoCd=1072201146-00&ServiceCd=150&Type=search" }, "geometry": { "type": "Point", "coordinates": [ 139.00396413676188, 36.453311458408884 ] } },
{ "type": "Feature", "properties": { "内容": "デイサービスセンター　ゆりの里【通所介護】群馬県北群馬郡吉岡町大字下野田４７番地１住宅型有料老人ホームゆりの里", "url2": "https://www.kaigokensaku.mhlw.go.jp/10/index.php?action_kouhyou_detail_004_kani=true&JigyosyoCd=1072200676-00&ServiceCd=150&Type=search" }, "geometry": { "type": "Point", "coordinates": [ 139.01322545833591, 36.454282048962405 ] } },
{ "type": "Feature", "properties": { "内容": "JA北群渋川通所介護施設げんき【通所介護】群馬県北群馬郡吉岡町下野田７００－１JA北群渋川通所介護施設げんき", "url2": "https://www.kaigokensaku.mhlw.go.jp/10/index.php?action_kouhyou_detail_004_kani=true&JigyosyoCd=1072200783-00&ServiceCd=150&Type=search" }, "geometry": { "type": "Point", "coordinates": [ 139.005844, 36.4483809 ] } },
{ "type": "Feature", "properties": { "内容": "デイサービスブロンズスクールタナカ学園【通所介護】群馬県北群馬郡吉岡町下野田81番地", "url2": "https://www.kaigokensaku.mhlw.go.jp/10/index.php?action_kouhyou_detail_004_kani=true&JigyosyoCd=1072200759-00&ServiceCd=150&Type=search" }, "geometry": { "type": "Point", "coordinates": [ 139.016349544380205, 36.454559502700647 ] } },
{ "type": "Feature", "properties": { "内容": "デイサービスセンター一番星【通所介護】群馬県北群馬郡吉岡町漆原142-4", "url2": "https://www.kaigokensaku.mhlw.go.jp/10/index.php?action_kouhyou_detail_004_kani=true&JigyosyoCd=1072200601-00&ServiceCd=150&Type=search" }, "geometry": { "type": "Point", "coordinates": [ 139.028580599999941, 36.4535502 ] } },
{ "type": "Feature", "properties": { "内容": "デイサービスCITRUS【通所介護】群馬県北群馬郡吉岡町漆原169-3", "url2": "https://www.kaigokensaku.mhlw.go.jp/10/index.php?action_kouhyou_detail_004_kani=true&JigyosyoCd=1072201054-00&ServiceCd=150&Type=search" }, "geometry": { "type": "Point", "coordinates": [ 139.0292842, 36.4514083 ] } },
{ "type": "Feature", "properties": { "内容": "デイサービス　タナカ学園レクサ吉岡校【通所介護】群馬県北群馬郡吉岡町漆原301-1", "url2": "https://www.kaigokensaku.mhlw.go.jp/10/index.php?action_kouhyou_detail_004_kani=true&JigyosyoCd=1072200916-00&ServiceCd=150&Type=search" }, "geometry": { "type": "Point", "coordinates": [ 139.033231645368915, 36.447624209749407 ] } },
{ "type": "Feature", "properties": { "内容": "吉岡デイサービスセンター【通所介護】群馬県北群馬郡大字上野田２１３５番地", "url2": "https://www.kaigokensaku.mhlw.go.jp/10/index.php?action_kouhyou_detail_004_kani=true&JigyosyoCd=1072200130-00&ServiceCd=150&Type=search" }, "geometry": { "type": "Point", "coordinates": [ 138.9669053, 36.4687384 ] } },
{ "type": "Feature", "properties": { "内容": "デイサービス　おひさま【通所介護】群馬県北群馬郡吉岡町大久保１６６６－１", "url2": "https://www.kaigokensaku.mhlw.go.jp/10/index.php?action_kouhyou_detail_004_kani=true&JigyosyoCd=1072200569-00&ServiceCd=150&Type=search" }, "geometry": { "type": "Point", "coordinates": [ 139.029076300000042, 36.4319694 ] } },
{ "type": "Feature", "properties": { "内容": "デイサービス　さくらマイホーム【通所介護】群馬県北群馬郡吉岡町大字大久保２３６２番地１３階", "url2": "https://www.kaigokensaku.mhlw.go.jp/10/index.php?action_kouhyou_detail_004_kani=true&JigyosyoCd=1072200999-00&ServiceCd=150&Type=search" }, "geometry": { "type": "Point", "coordinates": [ 139.020533797483836, 36.439387668805679 ] } },
{ "type": "Feature", "properties": { "内容": "デイサービスてのひら【通所介護】群馬県北群馬郡吉岡町大字北下字畑中258番地3", "url2": "https://www.kaigokensaku.mhlw.go.jp/10/index.php?action_kouhyou_detail_004_kani=true&JigyosyoCd=1072200874-00&ServiceCd=150&Type=search" }, "geometry": { "type": "Point", "coordinates": [ 139.006177500000035, 36.4462478 ] } },
{ "type": "Feature", "properties": { "内容": "社会福祉法人　上野村社会福祉協議会【通所介護】群馬県多野郡上野村大字乙父６３０番地の１", "url2": "https://www.kaigokensaku.mhlw.go.jp/10/index.php?action_kouhyou_detail_004_kani=true&JigyosyoCd=1072300039-00&ServiceCd=150&Type=search" }, "geometry": { "type": "Point", "coordinates": [ 138.750936, 36.0844952 ] } },
{ "type": "Feature", "properties": { "内容": "デイサービスセンターやまの花【通所介護】群馬県多野郡神流町大字万場２０７", "url2": "https://www.kaigokensaku.mhlw.go.jp/10/index.php?action_kouhyou_detail_004_kani=true&JigyosyoCd=1072300161-00&ServiceCd=150&Type=search" }, "geometry": { "type": "Point", "coordinates": [ 138.915208300000018, 36.1181303 ] } },
{ "type": "Feature", "properties": { "内容": "デイサービスセンター　かぶらの里【通所介護】群馬県甘楽郡下仁田町大字下小坂８７７", "url2": "https://www.kaigokensaku.mhlw.go.jp/10/index.php?action_kouhyou_detail_004_kani=true&JigyosyoCd=1072400219-00&ServiceCd=150&Type=search" }, "geometry": { "type": "Point", "coordinates": [ 138.759340400000042, 36.2286876 ] } },
{ "type": "Feature", "properties": { "内容": "デイサービスセンター福寿くらぶ【通所介護】群馬県甘楽郡下仁田町下仁田３５８番地", "url2": "https://www.kaigokensaku.mhlw.go.jp/10/index.php?action_kouhyou_detail_004_kani=true&JigyosyoCd=1072400680-00&ServiceCd=150&Type=search" }, "geometry": { "type": "Point", "coordinates": [ 138.785312035581939, 36.211188371091218 ] } },
{ "type": "Feature", "properties": { "内容": "デイハウスひだまり【通所介護】群馬県甘楽郡下仁田町下仁田473-6", "url2": "https://www.kaigokensaku.mhlw.go.jp/10/index.php?action_kouhyou_detail_004_kani=true&JigyosyoCd=1072400391-00&ServiceCd=150&Type=search" }, "geometry": { "type": "Point", "coordinates": [ 138.792019100000061, 36.2111844 ] } },
{ "type": "Feature", "properties": { "内容": "さわやかホーム【通所介護】群馬県甘楽郡南牧村大字大日向９２６", "url2": "https://www.kaigokensaku.mhlw.go.jp/10/index.php?action_kouhyou_detail_004_kani=true&JigyosyoCd=1072400060-00&ServiceCd=150&Type=search" }, "geometry": { "type": "Point", "coordinates": [ 138.70374860000004, 36.1576448 ] } },
{ "type": "Feature", "properties": { "内容": "デイハウスこもれび【通所介護】群馬県甘楽郡下仁田町馬山５９１３－１", "url2": "https://www.kaigokensaku.mhlw.go.jp/10/index.php?action_kouhyou_detail_004_kani=true&JigyosyoCd=1072400425-00&ServiceCd=150&Type=search" }, "geometry": { "type": "Point", "coordinates": [ 138.818493100000069, 36.2305467 ] } },
{ "type": "Feature", "properties": { "内容": "ケアステーションあさひ甘楽町【通所介護】群馬県甘楽郡甘楽町金井57-1", "url2": "https://www.kaigokensaku.mhlw.go.jp/10/index.php?action_kouhyou_detail_004_kani=true&JigyosyoCd=1072400490-00&ServiceCd=150&Type=search" }, "geometry": { "type": "Point", "coordinates": [ 138.951890400000025, 36.2536085 ] } },
{ "type": "Feature", "properties": { "内容": "デイサービスメリィかんら【通所介護】群馬県甘楽郡甘楽町小幡541-1住宅型有料老人ホームメリィホームかんら　内", "url2": "https://www.kaigokensaku.mhlw.go.jp/10/index.php?action_kouhyou_detail_004_kani=true&JigyosyoCd=1072400508-00&ServiceCd=150&Type=search" }, "geometry": { "type": "Point", "coordinates": [ 138.919591500000024, 36.2303608 ] } },
{ "type": "Feature", "properties": { "内容": "甘楽町デイサービスセンター・シルク【通所介護】群馬県甘楽郡甘楽町大字白倉１３８４－１", "url2": "https://www.kaigokensaku.mhlw.go.jp/10/index.php?action_kouhyou_detail_004_kani=true&JigyosyoCd=1072400136-00&ServiceCd=150&Type=search" }, "geometry": { "type": "Point", "coordinates": [ 138.934550700000045, 36.2426761 ] } },
{ "type": "Feature", "properties": { "内容": "社会福祉法人甘楽町社会福祉協議会【通所介護】群馬県甘楽郡甘楽町白倉１３９５－１", "url2": "https://www.kaigokensaku.mhlw.go.jp/10/index.php?action_kouhyou_detail_004_kani=true&JigyosyoCd=1072400102-00&ServiceCd=150&Type=search" }, "geometry": { "type": "Point", "coordinates": [ 138.934561799999983, 36.2413707 ] } },
{ "type": "Feature", "properties": { "内容": "デイサービスわかば【通所介護】群馬県甘楽郡甘楽町小幡109-1", "url2": "https://www.kaigokensaku.mhlw.go.jp/10/index.php?action_kouhyou_detail_004_kani=true&JigyosyoCd=1072400722-00&ServiceCd=150&Type=search" }, "geometry": { "type": "Point", "coordinates": [ 138.9199897, 36.2381936 ] } },
{ "type": "Feature", "properties": { "内容": "デイサービスセンター　あかつき【通所介護】群馬県吾妻郡中之条町大字伊勢町400", "url2": "https://www.kaigokensaku.mhlw.go.jp/10/index.php?action_kouhyou_detail_004_kani=true&JigyosyoCd=1072601535-00&ServiceCd=150&Type=search" }, "geometry": { "type": "Point", "coordinates": [ 138.863166637109543, 36.586230568595617 ] } },
{ "type": "Feature", "properties": { "内容": "たじまデイサービスセンター【通所介護】群馬県吾妻郡中之条町大字中之条町1784-2", "url2": "https://www.kaigokensaku.mhlw.go.jp/10/index.php?action_kouhyou_detail_004_kani=true&JigyosyoCd=1072600495-00&ServiceCd=150&Type=search" }, "geometry": { "type": "Point", "coordinates": [ 138.8423752, 36.5871956 ] } },
{ "type": "Feature", "properties": { "内容": "社会福祉法人　嬬恋村社会福祉協議会【通所介護】群馬県吾妻郡嬬恋村大字大前1110-1", "url2": "https://www.kaigokensaku.mhlw.go.jp/10/index.php?action_kouhyou_detail_004_kani=true&JigyosyoCd=1072600032-00&ServiceCd=150&Type=search" }, "geometry": { "type": "Point", "coordinates": [ 138.5319819, 36.515188 ] } },
{ "type": "Feature", "properties": { "内容": "のどか　デイサービスセンター【通所介護】群馬県吾妻郡嬬恋村大字田代９３０－１", "url2": "https://www.kaigokensaku.mhlw.go.jp/10/index.php?action_kouhyou_detail_004_kani=true&JigyosyoCd=1072600420-00&ServiceCd=150&Type=search" }, "geometry": { "type": "Point", "coordinates": [ 138.463355713769459, 36.484589932984704 ] } },
{ "type": "Feature", "properties": { "内容": "あがつま在宅ケアセンター【通所介護】群馬県吾妻郡東吾妻町大字原町７０５－１", "url2": "https://www.kaigokensaku.mhlw.go.jp/10/index.php?action_kouhyou_detail_004_kani=true&JigyosyoCd=1072600024-00&ServiceCd=150&Type=search" }, "geometry": { "type": "Point", "coordinates": [ 138.826049300000022, 36.5732774 ] } },
{ "type": "Feature", "properties": { "内容": "デイサービスセンターおおど【通所介護】群馬県吾妻郡東吾妻町大字大戸１５－１", "url2": "https://www.kaigokensaku.mhlw.go.jp/10/index.php?action_kouhyou_detail_004_kani=true&JigyosyoCd=1072601006-00&ServiceCd=150&Type=search" }, "geometry": { "type": "Point", "coordinates": [ 138.7609496, 36.512571799999989 ] } },
{ "type": "Feature", "properties": { "内容": "桜花苑デイサービスセンター【通所介護】群馬県利根郡片品村大字摺渕340番地", "url2": "https://www.kaigokensaku.mhlw.go.jp/10/index.php?action_kouhyou_detail_004_kani=true&JigyosyoCd=1072700253-00&ServiceCd=150&Type=search" }, "geometry": { "type": "Point", "coordinates": [ 139.221508500000027, 36.7375758 ] } },
{ "type": "Feature", "properties": { "内容": "川場たやの家　デイサービスセンター【通所介護】群馬県利根郡川場村生品　1823-1", "url2": "https://www.kaigokensaku.mhlw.go.jp/10/index.php?action_kouhyou_detail_004_kani=true&JigyosyoCd=1072700485-00&ServiceCd=150&Type=search" }, "geometry": { "type": "Point", "coordinates": [ 139.0783543, 36.6675886 ] } },
{ "type": "Feature", "properties": { "内容": "川場村社会福祉協議会ふれあいの館【通所介護】群馬県利根郡川場村大字谷地3086-1", "url2": "https://www.kaigokensaku.mhlw.go.jp/10/index.php?action_kouhyou_detail_004_kani=true&JigyosyoCd=1072700212-00&ServiceCd=150&Type=search" }, "geometry": { "type": "Point", "coordinates": [ 139.101209899999958, 36.6909999 ] } },
{ "type": "Feature", "properties": { "内容": "菜の花デイサービスセンター【通所介護】群馬県利根郡昭和村大字糸井１７５７番地３１１", "url2": "https://www.kaigokensaku.mhlw.go.jp/10/index.php?action_kouhyou_detail_004_kani=true&JigyosyoCd=1072700543-00&ServiceCd=150&Type=search" }, "geometry": { "type": "Point", "coordinates": [ 139.077869, 36.640789 ] } },
{ "type": "Feature", "properties": { "内容": "デイホームトマの耳【通所介護】群馬県利根郡みなかみ町真庭363", "url2": "https://www.kaigokensaku.mhlw.go.jp/10/index.php?action_kouhyou_detail_004_kani=true&JigyosyoCd=1072700915-00&ServiceCd=150&Type=search" }, "geometry": { "type": "Point", "coordinates": [ 139.0045595, 36.6760263 ] } },
{ "type": "Feature", "properties": { "内容": "月夜野デイサービスセンター【通所介護】群馬県利根郡みなかみ町石倉150－1", "url2": "https://www.kaigokensaku.mhlw.go.jp/10/index.php?action_kouhyou_detail_004_kani=true&JigyosyoCd=1072700907-00&ServiceCd=150&Type=search" }, "geometry": { "type": "Point", "coordinates": [ 138.982892600000014, 36.7410357 ] } },
{ "type": "Feature", "properties": { "内容": "水上デイサービスセンター【通所介護】群馬県利根郡みなかみ町阿能川1059-1", "url2": "https://www.kaigokensaku.mhlw.go.jp/10/index.php?action_kouhyou_detail_004_kani=true&JigyosyoCd=1072700626-00&ServiceCd=150&Type=search" }, "geometry": { "type": "Point", "coordinates": [ 138.944743600000038, 36.7756799 ] } },
{ "type": "Feature", "properties": { "内容": "名胡桃の城【通所介護】群馬県利根郡みなかみ町下津１９６２－３", "url2": "https://www.kaigokensaku.mhlw.go.jp/10/index.php?action_kouhyou_detail_004_kani=true&JigyosyoCd=1072700873-00&ServiceCd=150&Type=search" }, "geometry": { "type": "Point", "coordinates": [ 138.98488230000001, 36.6737513 ] } },
{ "type": "Feature", "properties": { "内容": "デイサービスセンター　ほたるの苑【通所介護】群馬県利根郡みなかみ町月夜野118", "url2": "https://www.kaigokensaku.mhlw.go.jp/10/index.php?action_kouhyou_detail_004_kani=true&JigyosyoCd=1072700618-00&ServiceCd=150&Type=search" }, "geometry": { "type": "Point", "coordinates": [ 138.987978699999985, 36.6805937 ] } },
{ "type": "Feature", "properties": { "内容": "西嶺の郷デイサービスセンター【通所介護】群馬県利根郡みなかみ町西峰須川472-1", "url2": "https://www.kaigokensaku.mhlw.go.jp/10/index.php?action_kouhyou_detail_004_kani=true&JigyosyoCd=1072700444-00&ServiceCd=150&Type=search" }, "geometry": { "type": "Point", "coordinates": [ 138.909780700000027, 36.6870728 ] } },
{ "type": "Feature", "properties": { "内容": "デイサービスセンターたま【通所介護】群馬県佐波郡玉村町下新田469番地", "url2": "https://www.kaigokensaku.mhlw.go.jp/10/index.php?action_kouhyou_detail_004_kani=true&JigyosyoCd=1072801119-00&ServiceCd=150&Type=search" }, "geometry": { "type": "Point", "coordinates": [ 139.109771628836086, 36.30345301572703 ] } },
{ "type": "Feature", "properties": { "内容": "デイサービスセンター　杏月【通所介護】群馬県佐波郡玉村町大字角渕５２５３番地２", "url2": "https://www.kaigokensaku.mhlw.go.jp/10/index.php?action_kouhyou_detail_004_kani=true&JigyosyoCd=1072801028-00&ServiceCd=150&Type=search" }, "geometry": { "type": "Point", "coordinates": [ 139.115722898971768, 36.288331657842633 ] } },
{ "type": "Feature", "properties": { "内容": "デイサービスセンターアクティブライフ【通所介護】群馬県佐波郡玉村町大字角渕天神5066-1", "url2": "https://www.kaigokensaku.mhlw.go.jp/10/index.php?action_kouhyou_detail_004_kani=true&JigyosyoCd=1072801002-00&ServiceCd=150&Type=search" }, "geometry": { "type": "Point", "coordinates": [ 139.114509399999946, 36.2867845 ] } },
{ "type": "Feature", "properties": { "内容": "デイハウスゆるり【通所介護】群馬県佐波郡玉村町角渕5066-1", "url2": "https://www.kaigokensaku.mhlw.go.jp/10/index.php?action_kouhyou_detail_004_kani=true&JigyosyoCd=1072801044-00&ServiceCd=150&Type=search" }, "geometry": { "type": "Point", "coordinates": [ 139.116905, 36.291453 ] } },
{ "type": "Feature", "properties": { "内容": "ハッピーホーム【通所介護】群馬県佐波郡玉村町大字上新田1890-1", "url2": "https://www.kaigokensaku.mhlw.go.jp/10/index.php?action_kouhyou_detail_004_kani=true&JigyosyoCd=1072800988-00&ServiceCd=150&Type=search" }, "geometry": { "type": "Point", "coordinates": [ 139.104626834454365, 36.30190153243128 ] } },
{ "type": "Feature", "properties": { "内容": "デイサービスいな蔵【通所介護】群馬県佐波郡玉村町大字上茂木１３７番地１", "url2": "https://www.kaigokensaku.mhlw.go.jp/10/index.php?action_kouhyou_detail_004_kani=true&JigyosyoCd=1072800780-00&ServiceCd=150&Type=search" }, "geometry": { "type": "Point", "coordinates": [ 139.130150735440083, 36.301598905687356 ] } },
{ "type": "Feature", "properties": { "内容": "ちっちゃなデイサービス　プラムの森【通所介護】群馬県佐波郡玉村町川井2119-1", "url2": "https://www.kaigokensaku.mhlw.go.jp/10/index.php?action_kouhyou_detail_004_kani=true&JigyosyoCd=1072800541-00&ServiceCd=150&Type=search" }, "geometry": { "type": "Point", "coordinates": [ 139.148893700000031, 36.287565 ] } },
{ "type": "Feature", "properties": { "内容": "デイサービスセンターイーアス【通所介護】群馬県佐波郡玉村町大字藤川58番地1", "url2": "https://www.kaigokensaku.mhlw.go.jp/10/index.php?action_kouhyou_detail_004_kani=true&JigyosyoCd=1072801069-00&ServiceCd=150&Type=search" }, "geometry": { "type": "Point", "coordinates": [ 139.124957047290764, 36.33204533532313 ] } },
{ "type": "Feature", "properties": { "内容": "くつろぎの家ハッピー園【通所介護】群馬県佐波郡玉村町大字板井31-2", "url2": "https://www.kaigokensaku.mhlw.go.jp/10/index.php?action_kouhyou_detail_004_kani=true&JigyosyoCd=1072800640-00&ServiceCd=150&Type=search" }, "geometry": { "type": "Point", "coordinates": [ 139.105444900000066, 36.3121371 ] } },
{ "type": "Feature", "properties": { "内容": "ハッピースマイル【通所介護】群馬県佐波郡玉村町大字板井31-7", "url2": "https://www.kaigokensaku.mhlw.go.jp/10/index.php?action_kouhyou_detail_004_kani=true&JigyosyoCd=1072800970-00&ServiceCd=150&Type=search" }, "geometry": { "type": "Point", "coordinates": [ 139.10492279999994, 36.3121093 ] } },
{ "type": "Feature", "properties": { "内容": "デイサービスセンターリンク玉村【通所介護】群馬県佐波郡玉村町大字板井887-6", "url2": "https://www.kaigokensaku.mhlw.go.jp/10/index.php?action_kouhyou_detail_004_kani=true&JigyosyoCd=1072800806-00&ServiceCd=150&Type=search" }, "geometry": { "type": "Point", "coordinates": [ 139.09336049999996, 36.3177907 ] } },
{ "type": "Feature", "properties": { "内容": "デイサービスセンター快幸園【通所介護】群馬県佐波郡玉村町大字飯倉410", "url2": "https://www.kaigokensaku.mhlw.go.jp/10/index.php?action_kouhyou_detail_004_kani=true&JigyosyoCd=1072800582-00&ServiceCd=150&Type=search" }, "geometry": { "type": "Point", "coordinates": [ 139.153926700000056, 36.2822766 ] } },
{ "type": "Feature", "properties": { "内容": "デイサービスセンターにしきの園【通所介護】群馬県佐波郡玉村町大字飯倉５９", "url2": "https://www.kaigokensaku.mhlw.go.jp/10/index.php?action_kouhyou_detail_004_kani=true&JigyosyoCd=1072800210-00&ServiceCd=150&Type=search" }, "geometry": { "type": "Point", "coordinates": [ 139.151282300000048, 36.2891288 ] } },
{ "type": "Feature", "properties": { "内容": "デイサービス　みその【通所介護】群馬県佐波郡玉村町福島1340", "url2": "https://www.kaigokensaku.mhlw.go.jp/10/index.php?action_kouhyou_detail_004_kani=true&JigyosyoCd=1072801051-00&ServiceCd=150&Type=search" }, "geometry": { "type": "Point", "coordinates": [ 139.115671099999986, 36.3123598 ] } },
{ "type": "Feature", "properties": { "内容": "ケアステーションあさひ玉村【通所介護】群馬県佐波郡玉村町福島200-1", "url2": "https://www.kaigokensaku.mhlw.go.jp/10/index.php?action_kouhyou_detail_004_kani=true&JigyosyoCd=1072800731-00&ServiceCd=150&Type=search" }, "geometry": { "type": "Point", "coordinates": [ 139.117454299999963, 36.3080463 ] } },
{ "type": "Feature", "properties": { "内容": "デイサービスいちじく【通所介護】群馬県佐波郡玉村町５７４デイサービスいちじく", "url2": "https://www.kaigokensaku.mhlw.go.jp/10/index.php?action_kouhyou_detail_004_kani=true&JigyosyoCd=1072801127-00&ServiceCd=150&Type=search" }, "geometry": { "type": "Point", "coordinates": [ 139.1149565, 36.3044643 ] } },
{ "type": "Feature", "properties": { "内容": "めぐデイサービス板倉【通所介護】群馬県邑楽郡板倉町下五箇1879", "url2": "https://www.kaigokensaku.mhlw.go.jp/10/index.php?action_kouhyou_detail_004_kani=true&JigyosyoCd=1073101253-00&ServiceCd=150&Type=search" }, "geometry": { "type": "Point", "coordinates": [ 139.630483, 36.195864 ] } },
{ "type": "Feature", "properties": { "内容": "ミモザ荘【通所介護】群馬県邑楽郡板倉町細谷２１７", "url2": "https://www.kaigokensaku.mhlw.go.jp/10/index.php?action_kouhyou_detail_004_kani=true&JigyosyoCd=1073100016-00&ServiceCd=150&Type=search" }, "geometry": { "type": "Point", "coordinates": [ 139.625201800000013, 36.2480335 ] } },
{ "type": "Feature", "properties": { "内容": "社会福祉法人　板倉町社会福祉協議会【通所介護】群馬県邑楽郡板倉町大字板倉　３４１１－１４１７", "url2": "https://www.kaigokensaku.mhlw.go.jp/10/index.php?action_kouhyou_detail_004_kani=true&JigyosyoCd=1073100081-00&ServiceCd=150&Type=search" }, "geometry": { "type": "Point", "coordinates": [ 139.624966800000038, 36.222733 ] } },
{ "type": "Feature", "properties": { "内容": "ケアステーションあさひ板倉町【通所介護】群馬県邑楽郡板倉町大字板倉4215番7", "url2": "https://www.kaigokensaku.mhlw.go.jp/10/index.php?action_kouhyou_detail_004_kani=true&JigyosyoCd=1073101337-00&ServiceCd=150&Type=search" }, "geometry": { "type": "Point", "coordinates": [ 139.6128235, 36.2249882 ] } },
{ "type": "Feature", "properties": { "内容": "めいわCOMハウスデイサービス【通所介護】群馬県邑楽郡明和町大輪１７６８番地", "url2": "https://www.kaigokensaku.mhlw.go.jp/10/index.php?action_kouhyou_detail_004_kani=true&JigyosyoCd=1073100735-00&ServiceCd=150&Type=search" }, "geometry": { "type": "Point", "coordinates": [ 139.493119, 36.1970465 ] } },
{ "type": "Feature", "properties": { "内容": "特別養護老人ホーム和の郷【通所介護】群馬県邑楽郡明和町南大島２５３－１", "url2": "https://www.kaigokensaku.mhlw.go.jp/10/index.php?action_kouhyou_detail_004_kani=true&JigyosyoCd=1073100271-00&ServiceCd=150&Type=search" }, "geometry": { "type": "Point", "coordinates": [ 139.5300919, 36.2145075 ] } },
{ "type": "Feature", "properties": { "内容": "デイサービスセンター　みどりの風【通所介護】群馬県邑楽郡千代田町大字瀬戸井３８６", "url2": "https://www.kaigokensaku.mhlw.go.jp/10/index.php?action_kouhyou_detail_004_kani=true&JigyosyoCd=1073100677-00&ServiceCd=150&Type=search" }, "geometry": { "type": "Point", "coordinates": [ 139.45559, 36.1991867 ] } },
{ "type": "Feature", "properties": { "内容": "ちよだＣＯＭハウス【通所介護】群馬県邑楽郡千代田町大字赤岩2114-2", "url2": "https://www.kaigokensaku.mhlw.go.jp/10/index.php?action_kouhyou_detail_004_kani=true&JigyosyoCd=1073100040-00&ServiceCd=150&Type=search" }, "geometry": { "type": "Point", "coordinates": [ 139.448475700000017, 36.2182814 ] } },
{ "type": "Feature", "properties": { "内容": "あんしんケアデイサービスセンター【通所介護】群馬県邑楽郡千代田町大字赤岩975番地", "url2": "https://www.kaigokensaku.mhlw.go.jp/10/index.php?action_kouhyou_detail_004_kani=true&JigyosyoCd=1073100354-00&ServiceCd=150&Type=search" }, "geometry": { "type": "Point", "coordinates": [ 139.441737900000021, 36.2096573 ] } },
{ "type": "Feature", "properties": { "内容": "ヒーローズケアランド【通所介護】群馬県邑楽郡大泉町寄木戸1144-1", "url2": "https://www.kaigokensaku.mhlw.go.jp/10/index.php?action_kouhyou_detail_004_kani=true&JigyosyoCd=1073101527-00&ServiceCd=150&Type=search" }, "geometry": { "type": "Point", "coordinates": [ 139.386673691787706, 36.252088951399422 ] } },
{ "type": "Feature", "properties": { "内容": "ケアステーションあさひ大泉町【通所介護】群馬県邑楽郡大泉町大字寄木戸字萩原1566-1", "url2": "https://www.kaigokensaku.mhlw.go.jp/10/index.php?action_kouhyou_detail_004_kani=true&JigyosyoCd=1073101048-00&ServiceCd=150&Type=search" }, "geometry": { "type": "Point", "coordinates": [ 139.388160889965803, 36.259157160708831 ] } },
{ "type": "Feature", "properties": { "内容": "大泉園デイサービスセンター【通所介護】群馬県邑楽郡大泉町古海2001", "url2": "https://www.kaigokensaku.mhlw.go.jp/10/index.php?action_kouhyou_detail_004_kani=true&JigyosyoCd=1073100131-00&ServiceCd=150&Type=search" }, "geometry": { "type": "Point", "coordinates": [ 139.414314399999967, 36.2290569 ] } },
{ "type": "Feature", "properties": { "内容": "ケアセンターつどい古海【通所介護】群馬県邑楽郡大泉町古海２７３", "url2": "https://www.kaigokensaku.mhlw.go.jp/10/index.php?action_kouhyou_detail_004_kani=true&JigyosyoCd=1073101006-00&ServiceCd=150&Type=search" }, "geometry": { "type": "Point", "coordinates": [ 139.417511600000012, 36.2240909 ] } },
{ "type": "Feature", "properties": { "内容": "デイサービスセンター和もとーな大泉【通所介護】群馬県邑楽郡大泉町坂田1608－9", "url2": "https://www.kaigokensaku.mhlw.go.jp/10/index.php?action_kouhyou_detail_004_kani=true&JigyosyoCd=1073101220-00&ServiceCd=150&Type=search" }, "geometry": { "type": "Point", "coordinates": [ 139.403794599999969, 36.2626422 ] } },
{ "type": "Feature", "properties": { "内容": "デイサービスセンター　マゼンタ【通所介護】群馬県邑楽郡大泉町住吉５４－１１", "url2": "https://www.kaigokensaku.mhlw.go.jp/10/index.php?action_kouhyou_detail_004_kani=true&JigyosyoCd=1073100412-00&ServiceCd=150&Type=search" }, "geometry": { "type": "Point", "coordinates": [ 139.407344599999988, 36.2536376 ] } },
{ "type": "Feature", "properties": { "内容": "西小泉デイサービスセンター愛【通所介護】群馬県邑楽郡大泉町西小泉5-9-1", "url2": "https://www.kaigokensaku.mhlw.go.jp/10/index.php?action_kouhyou_detail_004_kani=true&JigyosyoCd=1073100289-00&ServiceCd=150&Type=search" }, "geometry": { "type": "Point", "coordinates": [ 139.408113700000058, 36.2611814 ] } },
{ "type": "Feature", "properties": { "内容": "デイサービスさぼてんの花【通所介護】群馬県邑楽郡大泉町仙石4-27-16", "url2": "https://www.kaigokensaku.mhlw.go.jp/10/index.php?action_kouhyou_detail_004_kani=true&JigyosyoCd=1073101279-00&ServiceCd=150&Type=search" }, "geometry": { "type": "Point", "coordinates": [ 139.397973900000011, 36.2439187 ] } },
{ "type": "Feature", "properties": { "内容": "デイフィット　ラクティ大泉【通所介護】群馬県邑楽郡大泉町日の出1-10松浪建設第一ビル", "url2": "https://www.kaigokensaku.mhlw.go.jp/10/index.php?action_kouhyou_detail_004_kani=true&JigyosyoCd=1073101402-00&ServiceCd=150&Type=search" }, "geometry": { "type": "Point", "coordinates": [ 139.408940199999961, 36.246008700000012 ] } },
{ "type": "Feature", "properties": { "内容": "家族の家ひまわり大泉通所介護事業所【通所介護】群馬県邑楽郡大泉町日の出52-1", "url2": "https://www.kaigokensaku.mhlw.go.jp/10/index.php?action_kouhyou_detail_004_kani=true&JigyosyoCd=1073101345-00&ServiceCd=150&Type=search" }, "geometry": { "type": "Point", "coordinates": [ 139.406755223942582, 36.247828390962496 ] } },
{ "type": "Feature", "properties": { "内容": "コンパスウォーク大泉【通所介護】群馬県邑楽郡大泉町朝日2丁目32-5", "url2": "https://www.kaigokensaku.mhlw.go.jp/10/index.php?action_kouhyou_detail_004_kani=true&JigyosyoCd=1073101535-00&ServiceCd=150&Type=search" }, "geometry": { "type": "Point", "coordinates": [ 139.4292275, 36.2571768 ] } },
{ "type": "Feature", "properties": { "内容": "通所介護事業所　ディバシティ邑楽光善寺【通所介護】群馬県邑楽郡邑楽町397-2", "url2": "https://www.kaigokensaku.mhlw.go.jp/10/index.php?action_kouhyou_detail_004_kani=true&JigyosyoCd=1073101469-00&ServiceCd=150&Type=search" }, "geometry": { "type": "Point", "coordinates": [ 139.4622808, 36.252493 ] } },
{ "type": "Feature", "properties": { "内容": "いちご邑【通所介護】群馬県邑楽郡邑楽町篠塚１４８６－３シニアグランデいちご", "url2": "https://www.kaigokensaku.mhlw.go.jp/10/index.php?action_kouhyou_detail_004_kani=true&JigyosyoCd=1073101352-00&ServiceCd=150&Type=search" }, "geometry": { "type": "Point", "coordinates": [ 139.461457455602158, 36.243356738975884 ] } },
{ "type": "Feature", "properties": { "内容": "デイサービスセンターかがやき新館【通所介護】群馬県邑楽町篠塚3070-1", "url2": "https://www.kaigokensaku.mhlw.go.jp/10/index.php?action_kouhyou_detail_004_kani=true&JigyosyoCd=1073101378-00&ServiceCd=150&Type=search" }, "geometry": { "type": "Point", "coordinates": [ 139.432045900000048, 36.2508548 ] } },
{ "type": "Feature", "properties": { "内容": "デイサービスセンターかがやき【通所介護】群馬県邑楽郡邑楽町篠塚3072-1", "url2": "https://www.kaigokensaku.mhlw.go.jp/10/index.php?action_kouhyou_detail_004_kani=true&JigyosyoCd=1073101360-00&ServiceCd=150&Type=search" }, "geometry": { "type": "Point", "coordinates": [ 139.434026, 36.250469 ] } },
{ "type": "Feature", "properties": { "内容": "デイほほえみの里【通所介護】群馬県邑楽郡邑楽町大字石打１４５４－１", "url2": "https://www.kaigokensaku.mhlw.go.jp/10/index.php?action_kouhyou_detail_004_kani=true&JigyosyoCd=1073100792-00&ServiceCd=150&Type=search" }, "geometry": { "type": "Point", "coordinates": [ 139.437408888360579, 36.276265910907803 ] } },
{ "type": "Feature", "properties": { "内容": "デイサービス　ヴィラ【通所介護】群馬県邑楽郡邑楽町大字赤堀８", "url2": "https://www.kaigokensaku.mhlw.go.jp/10/index.php?action_kouhyou_detail_004_kani=true&JigyosyoCd=1073100453-00&ServiceCd=150&Type=search" }, "geometry": { "type": "Point", "coordinates": [ 139.479596600000036, 36.2269563 ] } },
{ "type": "Feature", "properties": { "内容": "デイサービスセンターおうらの里【通所介護】群馬県邑楽郡邑楽町大字狸塚1039番地1", "url2": "https://www.kaigokensaku.mhlw.go.jp/10/index.php?action_kouhyou_detail_004_kani=true&JigyosyoCd=1073101139-00&ServiceCd=150&Type=search" }, "geometry": { "type": "Point", "coordinates": [ 139.461390532093787, 36.235622181839361 ] } },
{ "type": "Feature", "properties": { "内容": "デイサービスあいの【通所介護】群馬県邑楽郡邑楽町大字狸塚２５５０－１", "url2": "https://www.kaigokensaku.mhlw.go.jp/10/index.php?action_kouhyou_detail_004_kani=true&JigyosyoCd=1073100727-00&ServiceCd=150&Type=search" }, "geometry": { "type": "Point", "coordinates": [ 139.477623900000026, 36.2410768 ] } },
{ "type": "Feature", "properties": { "内容": "特別養護老人ホームやまつつじ【通所介護】群馬県邑楽郡邑楽町中野218番地の1", "url2": "https://www.kaigokensaku.mhlw.go.jp/10/index.php?action_kouhyou_detail_004_kani=true&JigyosyoCd=1073100198-00&ServiceCd=150&Type=search" }, "geometry": { "type": "Point", "coordinates": [ 139.449209, 36.2664036 ] } },
{ "type": "Feature", "properties": { "内容": "つむぎの里　デイサービス【通所介護】群馬県邑楽郡邑楽町大字中野字久保林２２０４－９", "url2": "https://www.kaigokensaku.mhlw.go.jp/10/index.php?action_kouhyou_detail_004_kani=true&JigyosyoCd=1073100370-00&ServiceCd=150&Type=search" }, "geometry": { "type": "Point", "coordinates": [ 139.455004506514172, 36.261072187768498 ] } }
]
}
