{
"type": "FeatureCollection",
"name": "geo_10_訪問看護",
"crs": { "type": "name", "properties": { "name": "urn:ogc:def:crs:OGC:1.3:CRS84" } },
"features": [
{ "type": "Feature", "properties": { "内容": "訪問看護ステーションけやき【訪問看護】群馬県前橋市下大島町５９６－１", "url": "https://www.kaigokensaku.mhlw.go.jp/10/index.php?action_kouhyou_detail_004_kani=true&JigyosyoCd=1060190079-00&ServiceCd=130&Type=search", "url2": "http://www.jnk.jp" }, "geometry": { "type": "Point", "coordinates": [ 139.115886199999977, 36.3614249 ] } },
{ "type": "Feature", "properties": { "内容": "訪問看護ステーションあやめ前橋総社町【訪問看護】群馬県前橋市川原町1丁目31-12ウエストパレスMIII103号室", "url": "https://www.kaigokensaku.mhlw.go.jp/10/index.php?action_kouhyou_detail_004_kani=true&JigyosyoCd=1060190962-00&ServiceCd=130&Type=search", "url2": "https://firstnurse.co.jp/" }, "geometry": { "type": "Point", "coordinates": [ 139.0439211, 36.4247095 ] } },
{ "type": "Feature", "properties": { "内容": "訪問看護ステーションかえで大渡【訪問看護】群馬県前橋市大渡町1-1-58", "url": "https://www.kaigokensaku.mhlw.go.jp/10/index.php?action_kouhyou_detail_004_kani=true&JigyosyoCd=1060190988-00&ServiceCd=130&Type=search", "url2": null }, "geometry": { "type": "Point", "coordinates": [ 139.0503443, 36.3986248 ] } },
{ "type": "Feature", "properties": { "内容": "訪問看護ステーションかえで二之宮【訪問看護】群馬県前橋市二之宮町1058-1", "url": "https://www.kaigokensaku.mhlw.go.jp/10/index.php?action_kouhyou_detail_004_kani=true&JigyosyoCd=1060190996-00&ServiceCd=130&Type=search", "url2": null }, "geometry": { "type": "Point", "coordinates": [ 139.165573351946421, 36.364136084012607 ] } },
{ "type": "Feature", "properties": { "内容": "EMOナースステーション【訪問看護】群馬県前橋市下小出町３-26-5", "url": "https://www.kaigokensaku.mhlw.go.jp/10/index.php?action_kouhyou_detail_004_kani=true&JigyosyoCd=1060191028-00&ServiceCd=130&Type=search", "url2": null }, "geometry": { "type": "Point", "coordinates": [ 139.062956, 36.4179579 ] } },
{ "type": "Feature", "properties": { "内容": "訪問看護ステーションいろは【訪問看護】群馬県前橋市高井町１－１４－７", "url": "https://www.kaigokensaku.mhlw.go.jp/10/index.php?action_kouhyou_detail_004_kani=true&JigyosyoCd=1060190715-00&ServiceCd=130&Type=search", "url2": null }, "geometry": { "type": "Point", "coordinates": [ 139.02856010000005, 36.4118544 ] } },
{ "type": "Feature", "properties": { "内容": "訪問看護ステーションあやめ前橋東【訪問看護】群馬県前橋市駒形町1542-6大沢ハイツD101", "url": "https://www.kaigokensaku.mhlw.go.jp/10/index.php?action_kouhyou_detail_004_kani=true&JigyosyoCd=1060191051-00&ServiceCd=130&Type=search", "url2": "https://firstnurse.co.jp/" }, "geometry": { "type": "Point", "coordinates": [ 139.1289155, 36.3495542 ] } },
{ "type": "Feature", "properties": { "内容": "もものき訪問看護ステーション【訪問看護】群馬県前橋市下沖町333-4", "url": "https://www.kaigokensaku.mhlw.go.jp/10/index.php?action_kouhyou_detail_004_kani=true&JigyosyoCd=1060191077-00&ServiceCd=130&Type=search", "url2": null }, "geometry": { "type": "Point", "coordinates": [ 139.09530860000001, 36.3981129 ] } },
{ "type": "Feature", "properties": { "内容": "訪問看護ステーションかえで元総社南【訪問看護】群馬県前橋市元総社町721-11", "url": "https://www.kaigokensaku.mhlw.go.jp/10/index.php?action_kouhyou_detail_004_kani=true&JigyosyoCd=1060191135-00&ServiceCd=130&Type=search", "url2": null }, "geometry": { "type": "Point", "coordinates": [ 139.037590600000016, 36.381323099999989 ] } },
{ "type": "Feature", "properties": { "内容": "訪問看護はぴふる【訪問看護】群馬県前橋市元総社町2-8-7エスアールハイツ101", "url": "https://www.kaigokensaku.mhlw.go.jp/10/index.php?action_kouhyou_detail_004_kani=true&JigyosyoCd=1060191143-00&ServiceCd=130&Type=search", "url2": null }, "geometry": { "type": "Point", "coordinates": [ 139.038537, 36.391496 ] } },
{ "type": "Feature", "properties": { "内容": "おひるね訪問看護ステーション【訪問看護】大友町2丁目3-13フレデリック204", "url": "https://www.kaigokensaku.mhlw.go.jp/10/index.php?action_kouhyou_detail_004_kani=true&JigyosyoCd=1060191150-00&ServiceCd=130&Type=search", "url2": null }, "geometry": { "type": "Point", "coordinates": [ 139.048512100000011, 36.389568400000016 ] } },
{ "type": "Feature", "properties": { "内容": "訪問看護ステーションなごみ【訪問看護】群馬県前橋市西大室町2500メディカルホーム西大室", "url": "https://www.kaigokensaku.mhlw.go.jp/10/index.php?action_kouhyou_detail_004_kani=true&JigyosyoCd=1060191168-00&ServiceCd=130&Type=search", "url2": "http://www.mh-nishioomuro.com" }, "geometry": { "type": "Point", "coordinates": [ 139.1903115, 36.3882546 ] } },
{ "type": "Feature", "properties": { "内容": "ウェルスタイル前橋訪問看護ステーション【訪問看護】群馬県前橋市大渡町1丁目22-7", "url": "https://www.kaigokensaku.mhlw.go.jp/10/index.php?action_kouhyou_detail_004_kani=true&JigyosyoCd=1060190384-00&ServiceCd=130&Type=search", "url2": null }, "geometry": { "type": "Point", "coordinates": [ 139.048585249164461, 36.400664637870833 ] } },
{ "type": "Feature", "properties": { "内容": "綴る訪問看護【訪問看護】群馬県前橋市西片貝町２丁目１１６−３藤ハイツＢ２０１", "url": "https://www.kaigokensaku.mhlw.go.jp/10/index.php?action_kouhyou_detail_004_kani=true&JigyosyoCd=1060191176-00&ServiceCd=130&Type=search", "url2": "https://tuduru.sakura.ne.jp/wordpress/" }, "geometry": { "type": "Point", "coordinates": [ 139.092963699999984, 36.3916951 ] } },
{ "type": "Feature", "properties": { "内容": "訪問看護ステーションてんと【訪問看護】群馬県前橋市総社町2丁目3-10", "url": "https://www.kaigokensaku.mhlw.go.jp/10/index.php?action_kouhyou_detail_004_kani=true&JigyosyoCd=1060191192-00&ServiceCd=130&Type=search", "url2": "www.lifewith-kanade.com" }, "geometry": { "type": "Point", "coordinates": [ 139.0461096, 36.4046357 ] } },
{ "type": "Feature", "properties": { "内容": "訪問看護ステーションABCリビング前橋【訪問看護】群馬県前橋市荒牧町1010-1アオヤギハイツ103", "url": "https://www.kaigokensaku.mhlw.go.jp/10/index.php?action_kouhyou_detail_004_kani=true&JigyosyoCd=1060191218-00&ServiceCd=130&Type=search", "url2": null }, "geometry": { "type": "Point", "coordinates": [ 139.061488899999972, 36.424315300000032 ] } },
{ "type": "Feature", "properties": { "内容": "訪問看護ステーションかえで元総社南【訪問看護】群馬県前橋市元総社町721-11", "url": "https://www.kaigokensaku.mhlw.go.jp/10/index.php?action_kouhyou_detail_004_kani=true&JigyosyoCd=1060191184-00&ServiceCd=130&Type=search", "url2": null }, "geometry": { "type": "Point", "coordinates": [ 139.037590599999987, 36.3813231 ] } },
{ "type": "Feature", "properties": { "内容": "ネオ訪問看護【訪問看護】群馬県前橋市茂木町615", "url": "https://www.kaigokensaku.mhlw.go.jp/10/index.php?action_kouhyou_detail_004_kani=true&JigyosyoCd=1060191259-00&ServiceCd=130&Type=search", "url2": "https://neo-care.jp" }, "geometry": { "type": "Point", "coordinates": [ 139.150812299999984, 36.4035484 ] } },
{ "type": "Feature", "properties": { "内容": "訪問看護ステーションオネスティー前橋みなみ【訪問看護】群馬県前橋市房丸町267", "url": "https://www.kaigokensaku.mhlw.go.jp/10/index.php?action_kouhyou_detail_004_kani=true&JigyosyoCd=1060191267-00&ServiceCd=130&Type=search", "url2": null }, "geometry": { "type": "Point", "coordinates": [ 139.109020500000014, 36.3377915 ] } },
{ "type": "Feature", "properties": { "内容": "みんなのかかりつけ訪問看護ステーションあかぎ【訪問看護】群馬県前橋市鶴が谷町19番地10", "url": "https://www.kaigokensaku.mhlw.go.jp/10/index.php?action_kouhyou_detail_004_kani=true&JigyosyoCd=1060191275-00&ServiceCd=130&Type=search", "url2": "https://kakaritsuke.co.jp/about/station/" }, "geometry": { "type": "Point", "coordinates": [ 139.162201, 36.3846857 ] } },
{ "type": "Feature", "properties": { "内容": "SoiNurse訪問看護ステーションぐんまShip【訪問看護】群馬前橋市大友町2-29-28あさひレジデンス大友703", "url": "https://www.kaigokensaku.mhlw.go.jp/10/index.php?action_kouhyou_detail_004_kani=true&JigyosyoCd=1060191291-00&ServiceCd=130&Type=search", "url2": "https://medi-blanca.co.jp" }, "geometry": { "type": "Point", "coordinates": [ 139.049086504579435, 36.393488809112803 ] } },
{ "type": "Feature", "properties": { "内容": "訪問看護ステーションCTL前橋城南【訪問看護】群馬県前橋市富田町1172－1", "url": "https://www.kaigokensaku.mhlw.go.jp/10/index.php?action_kouhyou_detail_004_kani=true&JigyosyoCd=1060191283-00&ServiceCd=130&Type=search", "url2": "https://johnan-kjk.or.jp/" }, "geometry": { "type": "Point", "coordinates": [ 139.1451247, 36.3913422 ] } },
{ "type": "Feature", "properties": { "内容": "訪問看護ステーションかえで【訪問看護】群馬県前橋市元総社町1609", "url": "https://www.kaigokensaku.mhlw.go.jp/10/index.php?action_kouhyou_detail_004_kani=true&JigyosyoCd=1060191234-00&ServiceCd=130&Type=search", "url2": null }, "geometry": { "type": "Point", "coordinates": [ 139.027001399999989, 36.3918773 ] } },
{ "type": "Feature", "properties": { "内容": "訪問看護ステーションかえで前橋【訪問看護】群馬県前橋市総社町総社3136-1", "url": "https://www.kaigokensaku.mhlw.go.jp/10/index.php?action_kouhyou_detail_004_kani=true&JigyosyoCd=1060191242-00&ServiceCd=130&Type=search", "url2": null }, "geometry": { "type": "Point", "coordinates": [ 139.03786, 36.3953403 ] } },
{ "type": "Feature", "properties": { "内容": "リクラス群馬メディフル訪問看護ステーション【訪問看護】群馬県前橋市日吉町3-39-4杉本ハイツ101", "url": "https://www.kaigokensaku.mhlw.go.jp/10/index.php?action_kouhyou_detail_004_kani=true&JigyosyoCd=1060191309-00&ServiceCd=130&Type=search", "url2": null }, "geometry": { "type": "Point", "coordinates": [ 139.0808394, 36.4019187 ] } },
{ "type": "Feature", "properties": { "内容": "みつ葉訪問看護ステーション前橋【訪問看護】群馬県前橋市高井町1-26-22", "url": "https://www.kaigokensaku.mhlw.go.jp/10/index.php?action_kouhyou_detail_004_kani=true&JigyosyoCd=1060191317-00&ServiceCd=130&Type=search", "url2": "mitsuba.idea-ep.com" }, "geometry": { "type": "Point", "coordinates": [ 139.028713399999987, 36.412232 ] } },
{ "type": "Feature", "properties": { "内容": "しゅうと訪問看護ステーション【訪問看護】群馬県前橋市橳島町160-2", "url": "https://www.kaigokensaku.mhlw.go.jp/10/index.php?action_kouhyou_detail_004_kani=true&JigyosyoCd=1060190954-00&ServiceCd=130&Type=search", "url2": "http://shuto-houkan.com" }, "geometry": { "type": "Point", "coordinates": [ 139.0729326, 36.3593704 ] } },
{ "type": "Feature", "properties": { "内容": "おもいやり訪問看護ステーション【訪問看護】群馬県前橋市下細井町187-5ﾘｱﾝB", "url": "https://www.kaigokensaku.mhlw.go.jp/10/index.php?action_kouhyou_detail_004_kani=true&JigyosyoCd=1060190467-00&ServiceCd=130&Type=search", "url2": null }, "geometry": { "type": "Point", "coordinates": [ 139.078698600000024, 36.4127909 ] } },
{ "type": "Feature", "properties": { "内容": "医療法人前橋北病院【訪問看護】群馬県前橋市下細井町692訪問看護・地域連携室", "url": "https://www.kaigokensaku.mhlw.go.jp/10/index.php?action_kouhyou_detail_004_kani=true&JigyosyoCd=1010111407-00&ServiceCd=130&Type=search", "url2": "https://maebashinorte-hospital.jp/" }, "geometry": { "type": "Point", "coordinates": [ 139.0843202, 36.4126607 ] } },
{ "type": "Feature", "properties": { "内容": "訪問看護ステーション葵【訪問看護】群馬県前橋市下大島町524-12", "url": "https://www.kaigokensaku.mhlw.go.jp/10/index.php?action_kouhyou_detail_004_kani=true&JigyosyoCd=1060190459-00&ServiceCd=130&Type=search", "url2": "http://www.m-lifeline.com" }, "geometry": { "type": "Point", "coordinates": [ 139.115589, 36.3640025 ] } },
{ "type": "Feature", "properties": { "内容": "医療法人健英会うしいけ内科クリニック【訪問看護】群馬県前橋市元総社町1770-4", "url": "https://www.kaigokensaku.mhlw.go.jp/10/index.php?action_kouhyou_detail_004_kani=true&JigyosyoCd=1010112405-00&ServiceCd=130&Type=search", "url2": "https://ken-ei-kai./" }, "geometry": { "type": "Point", "coordinates": [ 139.0294629, 36.3918857 ] } },
{ "type": "Feature", "properties": { "内容": "ともに訪問看護ステーション【訪問看護】群馬県前橋市元総社町992番地17", "url": "https://www.kaigokensaku.mhlw.go.jp/10/index.php?action_kouhyou_detail_004_kani=true&JigyosyoCd=1060190764-00&ServiceCd=130&Type=search", "url2": "https://itigoitie2007.com/" }, "geometry": { "type": "Point", "coordinates": [ 139.027619300454148, 36.379923907604443 ] } },
{ "type": "Feature", "properties": { "内容": "公益財団法人老年病研究所訪問看護ステーションひまわり【訪問看護】群馬県前橋市元総社町２－１－９", "url": "https://www.kaigokensaku.mhlw.go.jp/10/index.php?action_kouhyou_detail_004_kani=true&JigyosyoCd=1060190004-00&ServiceCd=130&Type=search", "url2": "http://www.ronenbyo.or.jp" }, "geometry": { "type": "Point", "coordinates": [ 139.041361480426076, 36.392921890911175 ] } },
{ "type": "Feature", "properties": { "内容": "みんなのかかりつけ訪問看護ステーション前橋あずま【訪問看護】群馬県前橋市古市町一丁目13番地14", "url": "https://www.kaigokensaku.mhlw.go.jp/10/index.php?action_kouhyou_detail_004_kani=true&JigyosyoCd=1060190871-00&ServiceCd=130&Type=search", "url2": "https://kakaritsuke.co.jp" }, "geometry": { "type": "Point", "coordinates": [ 139.054853462882022, 36.375050361773845 ] } },
{ "type": "Feature", "properties": { "内容": "訪問看護ステーション二三【訪問看護】群馬県前橋市公田町604-1", "url": "https://www.kaigokensaku.mhlw.go.jp/10/index.php?action_kouhyou_detail_004_kani=true&JigyosyoCd=1060190822-00&ServiceCd=130&Type=search", "url2": "https://liberty-association.jp/" }, "geometry": { "type": "Point", "coordinates": [ 139.077233, 36.3434698 ] } },
{ "type": "Feature", "properties": { "内容": "グリーンライフ前橋総合介護センター　訪問看護事業所【訪問看護】群馬県前橋市紅雲町１－２０－７シャンポールとみざわ", "url": "https://www.kaigokensaku.mhlw.go.jp/10/index.php?action_kouhyou_detail_004_kani=true&JigyosyoCd=1060190301-00&ServiceCd=130&Type=search", "url2": null }, "geometry": { "type": "Point", "coordinates": [ 139.061484916302533, 36.383006230978864 ] } },
{ "type": "Feature", "properties": { "内容": "訪問看護リハビリステーションあいおい【訪問看護】群馬県前橋市荒牧町1010-1アオヤギハイツ101", "url": "https://www.kaigokensaku.mhlw.go.jp/10/index.php?action_kouhyou_detail_004_kani=true&JigyosyoCd=1060190319-00&ServiceCd=130&Type=search", "url2": null }, "geometry": { "type": "Point", "coordinates": [ 139.061458313491812, 36.424364397209992 ] } },
{ "type": "Feature", "properties": { "内容": "訪問看護ステーション孫の手・前橋【訪問看護】群馬県前橋市荒牧町１丁目34-10", "url": "https://www.kaigokensaku.mhlw.go.jp/10/index.php?action_kouhyou_detail_004_kani=true&JigyosyoCd=1060190525-00&ServiceCd=130&Type=search", "url2": "http://magonote-inc.jp" }, "geometry": { "type": "Point", "coordinates": [ 139.05779559259031, 36.429208954539206 ] } },
{ "type": "Feature", "properties": { "内容": "GOODグループ訪問看護ステーション【訪問看護】群馬県前橋市高井町１－３２－２２小畑ビル・３０３号室", "url": "https://www.kaigokensaku.mhlw.go.jp/10/index.php?action_kouhyou_detail_004_kani=true&JigyosyoCd=1060190442-00&ServiceCd=130&Type=search", "url2": null }, "geometry": { "type": "Point", "coordinates": [ 139.027349800000025, 36.4134106 ] } },
{ "type": "Feature", "properties": { "内容": "ニコットナース【訪問看護】群馬県前橋市三俣町3丁目30番地33階", "url": "https://www.kaigokensaku.mhlw.go.jp/10/index.php?action_kouhyou_detail_004_kani=true&JigyosyoCd=1060190491-00&ServiceCd=130&Type=search", "url2": "https://www.nicottofamily.com/" }, "geometry": { "type": "Point", "coordinates": [ 139.08518733928679, 36.399642727428919 ] } },
{ "type": "Feature", "properties": { "内容": "かがやき訪問看護ステーション前橋【訪問看護】群馬県前橋市昭和町三丁目6番15号", "url": "https://www.kaigokensaku.mhlw.go.jp/10/index.php?action_kouhyou_detail_004_kani=true&JigyosyoCd=1060190657-00&ServiceCd=130&Type=search", "url2": "https://kijokai.or.jp/kagayaki-maebashi/" }, "geometry": { "type": "Point", "coordinates": [ 139.06426698867844, 36.406044442243406 ] } },
{ "type": "Feature", "properties": { "内容": "群馬県看護協会訪問看護ステーション【訪問看護】群馬県前橋市上泉町1858-7", "url": "https://www.kaigokensaku.mhlw.go.jp/10/index.php?action_kouhyou_detail_004_kani=true&JigyosyoCd=1060190012-00&ServiceCd=130&Type=search", "url2": "http://www.gunma-kango.jp/" }, "geometry": { "type": "Point", "coordinates": [ 139.1217871, 36.4079113 ] } },
{ "type": "Feature", "properties": { "内容": "訪問看護ステーション誠【訪問看護】群馬県前橋市上大島町6-3オネスティーまごころホーム誠", "url": "https://www.kaigokensaku.mhlw.go.jp/10/index.php?action_kouhyou_detail_004_kani=true&JigyosyoCd=1060190699-00&ServiceCd=130&Type=search", "url2": "https://honesty-j.com" }, "geometry": { "type": "Point", "coordinates": [ 139.111291036106877, 36.375521506132003 ] } },
{ "type": "Feature", "properties": { "内容": "訪問看護ステーションわかば【訪問看護】群馬県前橋市新前橋町4-4", "url": "https://www.kaigokensaku.mhlw.go.jp/10/index.php?action_kouhyou_detail_004_kani=true&JigyosyoCd=1060190152-00&ServiceCd=130&Type=search", "url2": "https://www.wakaba-hp.gr.jp" }, "geometry": { "type": "Point", "coordinates": [ 139.053406238976265, 36.380643192729757 ] } },
{ "type": "Feature", "properties": { "内容": "青梨子訪問看護ステーション【訪問看護】群馬県前橋市青梨子町１６８０－５", "url": "https://www.kaigokensaku.mhlw.go.jp/10/index.php?action_kouhyou_detail_004_kani=true&JigyosyoCd=1060190061-00&ServiceCd=130&Type=search", "url2": "https://hotakakai.or.jp" }, "geometry": { "type": "Point", "coordinates": [ 139.011307200000033, 36.4058111 ] } },
{ "type": "Feature", "properties": { "内容": "在宅看護センター華佳【訪問看護】群馬県前橋市石倉町2丁目14番地4", "url": "https://www.kaigokensaku.mhlw.go.jp/10/index.php?action_kouhyou_detail_004_kani=true&JigyosyoCd=1060190541-00&ServiceCd=130&Type=search", "url2": "http://www.kangocenter-anju.com/" }, "geometry": { "type": "Point", "coordinates": [ 139.05356519999998, 36.3851015 ] } },
{ "type": "Feature", "properties": { "内容": "訪問看護ステーションあい　暖【訪問看護】群馬県前橋市川曲町1-1", "url": "https://www.kaigokensaku.mhlw.go.jp/10/index.php?action_kouhyou_detail_004_kani=true&JigyosyoCd=1060190251-00&ServiceCd=130&Type=search", "url2": "http://www.cosumosu.info" }, "geometry": { "type": "Point", "coordinates": [ 139.049183200000016, 36.3528247 ] } },
{ "type": "Feature", "properties": { "内容": "訪問看護事業所ネスル前橋【訪問看護】群馬県前橋市幸塚町75−2", "url": "https://www.kaigokensaku.mhlw.go.jp/10/index.php?action_kouhyou_detail_004_kani=true&JigyosyoCd=1060190921-00&ServiceCd=130&Type=search", "url2": "https://www.nesul.jp/" }, "geometry": { "type": "Point", "coordinates": [ 139.0875455, 36.4064575 ] } },
{ "type": "Feature", "properties": { "内容": "どれみ訪問看護ステーション【訪問看護】群馬県前橋市川原町2-23-1", "url": "https://www.kaigokensaku.mhlw.go.jp/10/index.php?action_kouhyou_detail_004_kani=true&JigyosyoCd=1060190780-00&ServiceCd=130&Type=search", "url2": null }, "geometry": { "type": "Point", "coordinates": [ 139.039957855695832, 36.429306436278495 ] } },
{ "type": "Feature", "properties": { "内容": "訪問看護ステーションココロまえばし【訪問看護】群馬県前橋市総社町総社2544-5", "url": "https://www.kaigokensaku.mhlw.go.jp/10/index.php?action_kouhyou_detail_004_kani=true&JigyosyoCd=1060190640-00&ServiceCd=130&Type=search", "url2": "http://coco-lo.net/" }, "geometry": { "type": "Point", "coordinates": [ 139.0300029, 36.401865 ] } },
{ "type": "Feature", "properties": { "内容": "訪問看護ステーション　FIRST【訪問看護】群馬県前橋市総社町２丁目５－１２NHビル１階２号室", "url": "https://www.kaigokensaku.mhlw.go.jp/10/index.php?action_kouhyou_detail_004_kani=true&JigyosyoCd=1060190855-00&ServiceCd=130&Type=search", "url2": "https://akagi-aroadtohappiness.com/" }, "geometry": { "type": "Point", "coordinates": [ 139.044611114805576, 36.403121467926439 ] } },
{ "type": "Feature", "properties": { "内容": "ナースステーションはなことば前橋【訪問看護】群馬県前橋市大友町2-25-12YKビル2階", "url": "https://www.kaigokensaku.mhlw.go.jp/10/index.php?action_kouhyou_detail_004_kani=true&JigyosyoCd=1060190830-00&ServiceCd=130&Type=search", "url2": "hanakotoba.co.jp/ns/lp" }, "geometry": { "type": "Point", "coordinates": [ 139.046352899999988, 36.3931304 ] } },
{ "type": "Feature", "properties": { "内容": "前橋赤十字訪問看護ステーション【訪問看護】群馬県前橋市朝倉町３８９－１", "url": "https://www.kaigokensaku.mhlw.go.jp/10/index.php?action_kouhyou_detail_004_kani=true&JigyosyoCd=1060190145-00&ServiceCd=130&Type=search", "url2": "http://www.maebashi.jrc.or.jp" }, "geometry": { "type": "Point", "coordinates": [ 139.095650536697121, 36.361099970663354 ] } },
{ "type": "Feature", "properties": { "内容": "広瀬訪問看護ステーションたんぽぽ【訪問看護】群馬県前橋市朝倉町831‐1", "url": "https://www.kaigokensaku.mhlw.go.jp/10/index.php?action_kouhyou_detail_004_kani=true&JigyosyoCd=1060190038-00&ServiceCd=130&Type=search", "url2": null }, "geometry": { "type": "Point", "coordinates": [ 139.085470280800507, 36.369712447350707 ] } },
{ "type": "Feature", "properties": { "内容": "アイリス訪問看護ステーション【訪問看護】群馬県前橋市鶴光路町76番地2", "url": "https://www.kaigokensaku.mhlw.go.jp/10/index.php?action_kouhyou_detail_004_kani=true&JigyosyoCd=1060190889-00&ServiceCd=130&Type=search", "url2": "http://airis.mints.ne.jp/" }, "geometry": { "type": "Point", "coordinates": [ 139.095271, 36.3350873 ] } },
{ "type": "Feature", "properties": { "内容": "えん訪問看護ステーション【訪問看護】群馬県前橋市天川原町一丁目２番地１９", "url": "https://www.kaigokensaku.mhlw.go.jp/10/index.php?action_kouhyou_detail_004_kani=true&JigyosyoCd=1060190723-00&ServiceCd=130&Type=search", "url2": null }, "geometry": { "type": "Point", "coordinates": [ 139.077185480950931, 36.374730234338443 ] } },
{ "type": "Feature", "properties": { "内容": "訪問看護ステーションやまと【訪問看護】群馬県前橋市東片貝町６番地７", "url": "https://www.kaigokensaku.mhlw.go.jp/10/index.php?action_kouhyou_detail_004_kani=true&JigyosyoCd=1060190186-00&ServiceCd=130&Type=search", "url2": "URLhttp://yamato-care.co.jp" }, "geometry": { "type": "Point", "coordinates": [ 139.102909700000026, 36.3914184 ] } },
{ "type": "Feature", "properties": { "内容": "道しるべ訪問看護ステーション【訪問看護】群馬県前橋市南町3-21-3松本ビル2F", "url": "https://www.kaigokensaku.mhlw.go.jp/10/index.php?action_kouhyou_detail_004_kani=true&JigyosyoCd=1060190608-00&ServiceCd=130&Type=search", "url2": "https://l-compass.com" }, "geometry": { "type": "Point", "coordinates": [ 139.076278114955159, 36.381895269398768 ] } },
{ "type": "Feature", "properties": { "内容": "群馬県看護協会訪問看護ステーション前橋南【訪問看護】群馬県前橋市南町2-65-13", "url": "https://www.kaigokensaku.mhlw.go.jp/10/index.php?action_kouhyou_detail_004_kani=true&JigyosyoCd=1060190194-00&ServiceCd=130&Type=search", "url2": "http://www.gunma-kango.jp/" }, "geometry": { "type": "Point", "coordinates": [ 139.0684923, 36.373632300000033 ] } },
{ "type": "Feature", "properties": { "内容": "群馬県看護協会訪問看護ステーション粕川【訪問看護】群馬県前橋市粕川町女渕１４８０－５", "url": "https://www.kaigokensaku.mhlw.go.jp/10/index.php?action_kouhyou_detail_004_kani=true&JigyosyoCd=1062090012-00&ServiceCd=130&Type=search", "url2": "http://www.gunma-kango.jp" }, "geometry": { "type": "Point", "coordinates": [ 139.194395, 36.4095457 ] } },
{ "type": "Feature", "properties": { "内容": "訪問看護ステーション翠【訪問看護】群馬県前橋市箱田町1039－4中田クリニック２階", "url": "https://www.kaigokensaku.mhlw.go.jp/10/index.php?action_kouhyou_detail_004_kani=true&JigyosyoCd=1060190806-00&ServiceCd=130&Type=search", "url2": null }, "geometry": { "type": "Point", "coordinates": [ 139.0549652, 36.3658226 ] } },
{ "type": "Feature", "properties": { "内容": "訪問看護ステーション咲【訪問看護】群馬県前橋市箱田町1142番地1", "url": "https://www.kaigokensaku.mhlw.go.jp/10/index.php?action_kouhyou_detail_004_kani=true&JigyosyoCd=1060190913-00&ServiceCd=130&Type=search", "url2": null }, "geometry": { "type": "Point", "coordinates": [ 139.053085900000013, 36.3629215 ] } },
{ "type": "Feature", "properties": { "内容": "訪問看護ステーション　グリーン【訪問看護】群馬県前橋市樋越町907", "url": "https://www.kaigokensaku.mhlw.go.jp/10/index.php?action_kouhyou_detail_004_kani=true&JigyosyoCd=1060190368-00&ServiceCd=130&Type=search", "url2": "http://colorsworks.jp" }, "geometry": { "type": "Point", "coordinates": [ 139.17238030664825, 36.41146097417321 ] } },
{ "type": "Feature", "properties": { "内容": "訪問看護ステーションポプラ【訪問看護】群馬県前橋市鼻毛石町629-9PIAS103", "url": "https://www.kaigokensaku.mhlw.go.jp/10/index.php?action_kouhyou_detail_004_kani=true&JigyosyoCd=1060190970-00&ServiceCd=130&Type=search", "url2": null }, "geometry": { "type": "Point", "coordinates": [ 139.179689952301004, 36.437331115940047 ] } },
{ "type": "Feature", "properties": { "内容": "訪問看護ステーション　かしの樹【訪問看護】群馬県前橋市富士見町原之郷767番地1かしの樹富士見", "url": "https://www.kaigokensaku.mhlw.go.jp/10/index.php?action_kouhyou_detail_004_kani=true&JigyosyoCd=1060190673-00&ServiceCd=130&Type=search", "url2": "https://www.kashinoki-kaigo.com/" }, "geometry": { "type": "Point", "coordinates": [ 139.069342399999982, 36.4307169 ] } },
{ "type": "Feature", "properties": { "内容": "訪問看護ステーション　あかしあ【訪問看護】群馬県前橋市富士見町原之郷975", "url": "https://www.kaigokensaku.mhlw.go.jp/10/index.php?action_kouhyou_detail_004_kani=true&JigyosyoCd=1062090046-00&ServiceCd=130&Type=search", "url2": "http://www.sousyunkan.or.jp" }, "geometry": { "type": "Point", "coordinates": [ 139.066539400000011, 36.4345889 ] } },
{ "type": "Feature", "properties": { "内容": "訪問看護ステーションアリエ北代田【訪問看護】群馬県前橋市北代田町311-1", "url": "https://www.kaigokensaku.mhlw.go.jp/10/index.php?action_kouhyou_detail_004_kani=true&JigyosyoCd=1060190632-00&ServiceCd=130&Type=search", "url2": null }, "geometry": { "type": "Point", "coordinates": [ 139.070168100000046, 36.4137338 ] } },
{ "type": "Feature", "properties": { "内容": "訪問看護ステーションこはる【訪問看護】群馬県前橋市堀越町362-3", "url": "https://www.kaigokensaku.mhlw.go.jp/10/index.php?action_kouhyou_detail_004_kani=true&JigyosyoCd=1060190533-00&ServiceCd=130&Type=search", "url2": "https://coharu-st.com/" }, "geometry": { "type": "Point", "coordinates": [ 139.146755756351922, 36.413667133059171 ] } },
{ "type": "Feature", "properties": { "内容": "訪問看護ステーション　結の樹【訪問看護】群馬県前橋市六供町2丁目1番地1ヴィラ・エスポワール406号", "url": "https://www.kaigokensaku.mhlw.go.jp/10/index.php?action_kouhyou_detail_004_kani=true&JigyosyoCd=1060190392-00&ServiceCd=130&Type=search", "url2": "http://itsuki-caring.com/" }, "geometry": { "type": "Point", "coordinates": [ 139.068738850648515, 36.372440398204688 ] } },
{ "type": "Feature", "properties": { "内容": "善衆会訪問看護ステーション【訪問看護】群馬県前橋市笂井町54番地1", "url": "https://www.kaigokensaku.mhlw.go.jp/10/index.php?action_kouhyou_detail_004_kani=true&JigyosyoCd=1060190665-00&ServiceCd=130&Type=search", "url2": "http://www.zenshukai.com/department/visit-nursing.html" }, "geometry": { "type": "Point", "coordinates": [ 139.138194302377315, 36.370659298369645 ] } },
{ "type": "Feature", "properties": { "内容": "訪問看護オールケアぐんま【訪問看護】群馬県前橋市小屋原町1698-1", "url": "https://www.kaigokensaku.mhlw.go.jp/10/index.php?action_kouhyou_detail_004_kani=true&JigyosyoCd=1060191069-00&ServiceCd=130&Type=search", "url2": "https://allcare-japan.com/office-introduction/" }, "geometry": { "type": "Point", "coordinates": [ 139.136406200000039, 36.3495018 ] } },
{ "type": "Feature", "properties": { "内容": "訪問看護ステーションCocorolink【訪問看護】群馬県前橋市小相木町４６ー２", "url": "https://www.kaigokensaku.mhlw.go.jp/10/index.php?action_kouhyou_detail_004_kani=true&JigyosyoCd=1060191341-00&ServiceCd=130&Type=search", "url2": "https://maebashi-houmonkango.co.jp/" }, "geometry": { "type": "Point", "coordinates": [ 139.0584116, 36.3765437 ] } },
{ "type": "Feature", "properties": { "内容": "訪問看護いえいち【訪問看護】前橋市上小出町2-10-11ステージア敷島３０２", "url": "https://www.kaigokensaku.mhlw.go.jp/10/index.php?action_kouhyou_detail_004_kani=true&JigyosyoCd=1060191325-00&ServiceCd=130&Type=search", "url2": "ieichi-hokan.com" }, "geometry": { "type": "Point", "coordinates": [ 139.0565174, 36.413204 ] } },
{ "type": "Feature", "properties": { "内容": "訪問看護ステーション生樹　前橋【訪問看護】群馬県前橋市南町2丁目3－8松下貸住宅E号室", "url": "https://www.kaigokensaku.mhlw.go.jp/10/index.php?action_kouhyou_detail_004_kani=true&JigyosyoCd=1060191333-00&ServiceCd=130&Type=search", "url2": "http://www.annsin.net" }, "geometry": { "type": "Point", "coordinates": [ 139.0641235, 36.3783813 ] } },
{ "type": "Feature", "properties": { "内容": "訪問看護ステーションすまいる【訪問看護】群馬県前橋市粕川町深津1938-23", "url": "https://www.kaigokensaku.mhlw.go.jp/10/index.php?action_kouhyou_detail_004_kani=true&JigyosyoCd=1060191044-00&ServiceCd=130&Type=search", "url2": "https://www.nexthd.co.jp/" }, "geometry": { "type": "Point", "coordinates": [ 139.192130499999962, 36.398344799999975 ] } },
{ "type": "Feature", "properties": { "内容": "ルル訪問看護ステーション【訪問看護】群馬県前橋市広瀬町1-28-10", "url": "https://www.kaigokensaku.mhlw.go.jp/10/index.php?action_kouhyou_detail_004_kani=true&JigyosyoCd=1060191119-00&ServiceCd=130&Type=search", "url2": "https://www.frontier-ph.com/" }, "geometry": { "type": "Point", "coordinates": [ 139.10334180000001, 36.3642652 ] } },
{ "type": "Feature", "properties": { "内容": "クラレ訪問看護ステーション【訪問看護】群馬県前橋市関根町3-31-22リブメゾン根岸Ⅱ　105", "url": "https://www.kaigokensaku.mhlw.go.jp/10/index.php?action_kouhyou_detail_004_kani=true&JigyosyoCd=1060191101-00&ServiceCd=130&Type=search", "url2": "envigo.biz" }, "geometry": { "type": "Point", "coordinates": [ 139.0426085, 36.4352425 ] } },
{ "type": "Feature", "properties": { "内容": "あおやぎ訪問看護ステーション【訪問看護】群馬県前橋市龍蔵寺町96-2メゾン竜蔵寺101号", "url": "https://www.kaigokensaku.mhlw.go.jp/10/index.php?action_kouhyou_detail_004_kani=true&JigyosyoCd=1060190863-00&ServiceCd=130&Type=search", "url2": "https://ichijinllc.wixsite.com/2021" }, "geometry": { "type": "Point", "coordinates": [ 139.069709969294081, 36.419003657622525 ] } },
{ "type": "Feature", "properties": { "内容": "訪問看護リハビリステーションファミリーケア【訪問看護】群馬県前橋市駒形町1157-4ハピネス102", "url": "https://www.kaigokensaku.mhlw.go.jp/10/index.php?action_kouhyou_detail_004_kani=true&JigyosyoCd=1060191093-00&ServiceCd=130&Type=search", "url2": "https://familycare-official.com/" }, "geometry": { "type": "Point", "coordinates": [ 139.1340338, 36.3475806 ] } },
{ "type": "Feature", "properties": { "内容": "訪問看護ステーションRIBON【訪問看護】群馬県前橋市下細井町５２４番地４", "url": "https://www.kaigokensaku.mhlw.go.jp/10/index.php?action_kouhyou_detail_004_kani=true&JigyosyoCd=1060191002-00&ServiceCd=130&Type=search", "url2": "https://ribon-support.com/" }, "geometry": { "type": "Point", "coordinates": [ 139.0808969, 36.4079117 ] } },
{ "type": "Feature", "properties": { "内容": "訪問看護ステーション　べにばな【訪問看護】群馬県前橋市六供町3-36-2ファーストタウン　106", "url": "https://www.kaigokensaku.mhlw.go.jp/10/index.php?action_kouhyou_detail_004_kani=true&JigyosyoCd=1060190848-00&ServiceCd=130&Type=search", "url2": "https://warmcle.com/" }, "geometry": { "type": "Point", "coordinates": [ 139.077241390213032, 36.365524289698797 ] } },
{ "type": "Feature", "properties": { "内容": "訪問看護ステーションまる【訪問看護】群馬県前橋市総社町植野110番地4", "url": "https://www.kaigokensaku.mhlw.go.jp/10/index.php?action_kouhyou_detail_004_kani=true&JigyosyoCd=1060191085-00&ServiceCd=130&Type=search", "url2": "https;//ryuchiku.com" }, "geometry": { "type": "Point", "coordinates": [ 139.041469400000011, 36.4149174 ] } },
{ "type": "Feature", "properties": { "内容": "訪問看護ステーション音色【訪問看護】群馬県前橋市天川大島町3-27-15", "url": "https://www.kaigokensaku.mhlw.go.jp/10/index.php?action_kouhyou_detail_004_kani=true&JigyosyoCd=1060191127-00&ServiceCd=130&Type=search", "url2": "https://www.design-plus2024.jp/" }, "geometry": { "type": "Point", "coordinates": [ 139.1010303, 36.3773347 ] } },
{ "type": "Feature", "properties": { "内容": "コンパス訪問看護前橋【訪問看護】群馬県前橋市北代田町１６９－３", "url": "https://www.kaigokensaku.mhlw.go.jp/10/index.php?action_kouhyou_detail_004_kani=true&JigyosyoCd=1060191036-00&ServiceCd=130&Type=search", "url2": "https://keigo-group.co.jp/shop/gunmaken/1039_02/" }, "geometry": { "type": "Point", "coordinates": [ 139.0753794, 36.4133276 ] } },
{ "type": "Feature", "properties": { "内容": "訪問看護ステーションみのり高崎【訪問看護】群馬県高崎市台新田町193番地3サンライズ105", "url": "https://www.kaigokensaku.mhlw.go.jp/10/index.php?action_kouhyou_detail_004_kani=true&JigyosyoCd=1060290697-00&ServiceCd=130&Type=search", "url2": null }, "geometry": { "type": "Point", "coordinates": [ 139.0705639, 36.2993978 ] } },
{ "type": "Feature", "properties": { "内容": "アウル訪問看護ステーション高崎【訪問看護】群馬県高崎市高関町385シャルムアゼリア402", "url": "https://www.kaigokensaku.mhlw.go.jp/10/index.php?action_kouhyou_detail_004_kani=true&JigyosyoCd=1060290655-00&ServiceCd=130&Type=search", "url2": null }, "geometry": { "type": "Point", "coordinates": [ 139.031078400000013, 36.3288816 ] } },
{ "type": "Feature", "properties": { "内容": "訪問看護ステーションぱわふる【訪問看護】群馬県高崎市本郷町900-4", "url": "https://www.kaigokensaku.mhlw.go.jp/10/index.php?action_kouhyou_detail_004_kani=true&JigyosyoCd=1060290507-00&ServiceCd=130&Type=search", "url2": null }, "geometry": { "type": "Point", "coordinates": [ 138.939314400000029, 36.362114900000016 ] } },
{ "type": "Feature", "properties": { "内容": "看護クラーク高崎【訪問看護】群馬県高崎市福島町773-4", "url": "https://www.kaigokensaku.mhlw.go.jp/10/index.php?action_kouhyou_detail_004_kani=true&JigyosyoCd=1060290762-00&ServiceCd=130&Type=search", "url2": null }, "geometry": { "type": "Point", "coordinates": [ 138.99673150000001, 36.3687686 ] } },
{ "type": "Feature", "properties": { "内容": "アイリス【訪問看護】群馬県高崎市矢島町498-2山﨑コーポ101", "url": "https://www.kaigokensaku.mhlw.go.jp/10/index.php?action_kouhyou_detail_004_kani=true&JigyosyoCd=1060290804-00&ServiceCd=130&Type=search", "url2": null }, "geometry": { "type": "Point", "coordinates": [ 139.044998, 36.3388505 ] } },
{ "type": "Feature", "properties": { "内容": "訪問看護ステーションMGK24群馬【訪問看護】群馬県高崎市旭町11-9ステイシア高崎1F", "url": "https://www.kaigokensaku.mhlw.go.jp/10/index.php?action_kouhyou_detail_004_kani=true&JigyosyoCd=1060290820-00&ServiceCd=130&Type=search", "url2": null }, "geometry": { "type": "Point", "coordinates": [ 139.0102018, 36.3262911 ] } },
{ "type": "Feature", "properties": { "内容": "訪問看護ステーションこみち【訪問看護】群馬県高崎市福島町757-2パルステージ101", "url": "https://www.kaigokensaku.mhlw.go.jp/10/index.php?action_kouhyou_detail_004_kani=true&JigyosyoCd=1060290853-00&ServiceCd=130&Type=search", "url2": "https://www.qol-s.com/" }, "geometry": { "type": "Point", "coordinates": [ 138.996718082320712, 36.364435139867112 ] } },
{ "type": "Feature", "properties": { "内容": "訪問看護ステーション七色【訪問看護】群馬県高崎市中居町4丁目12-2aoiatory201", "url": "https://www.kaigokensaku.mhlw.go.jp/10/index.php?action_kouhyou_detail_004_kani=true&JigyosyoCd=1060290713-00&ServiceCd=130&Type=search", "url2": "https://shinyo-fukushikai.com" }, "geometry": { "type": "Point", "coordinates": [ 139.040235915344226, 36.31408977149627 ] } },
{ "type": "Feature", "properties": { "内容": "訪問看護ステーション春日和高崎【訪問看護】群馬県高崎市金古町72-1Ａ棟", "url": "https://www.kaigokensaku.mhlw.go.jp/10/index.php?action_kouhyou_detail_004_kani=true&JigyosyoCd=1060290895-00&ServiceCd=130&Type=search", "url2": null }, "geometry": { "type": "Point", "coordinates": [ 139.006842400000011, 36.4076266 ] } },
{ "type": "Feature", "properties": { "内容": "訪問看護ステーションCharas　TAKAMAE【訪問看護】群馬県高崎市下小鳥町194-1エルシード３０２号", "url": "https://www.kaigokensaku.mhlw.go.jp/10/index.php?action_kouhyou_detail_004_kani=true&JigyosyoCd=1060290952-00&ServiceCd=130&Type=search", "url2": null }, "geometry": { "type": "Point", "coordinates": [ 138.99322038095093, 36.356757907715597 ] } },
{ "type": "Feature", "properties": { "内容": "訪問看護ステ－ション　じゃんけんぽん金井淵【訪問看護】群馬県高崎市金井淵町137-5", "url": "https://www.kaigokensaku.mhlw.go.jp/10/index.php?action_kouhyou_detail_004_kani=true&JigyosyoCd=1060290341-00&ServiceCd=130&Type=search", "url2": "http://www.jankenpon.jp" }, "geometry": { "type": "Point", "coordinates": [ 138.957071199999973, 36.3496894 ] } },
{ "type": "Feature", "properties": { "内容": "訪問看護ステーションじゃんけんぽん観音寺【訪問看護】群馬県高崎市棟高町220-1", "url": "https://www.kaigokensaku.mhlw.go.jp/10/index.php?action_kouhyou_detail_004_kani=true&JigyosyoCd=1060290283-00&ServiceCd=130&Type=search", "url2": "http://www.jankenpon.jp" }, "geometry": { "type": "Point", "coordinates": [ 138.996551728883333, 36.388552683109374 ] } },
{ "type": "Feature", "properties": { "内容": "ツクイ高崎訪問看護ステーション【訪問看護】群馬県高崎市相生町1-1八十二銀行高崎ビル3階", "url": "https://www.kaigokensaku.mhlw.go.jp/10/index.php?action_kouhyou_detail_004_kani=true&JigyosyoCd=1060291000-00&ServiceCd=130&Type=search", "url2": null }, "geometry": { "type": "Point", "coordinates": [ 139.0006855, 36.331746 ] } },
{ "type": "Feature", "properties": { "内容": "あいず訪問看護ステーション高崎新田【訪問看護】群馬県高崎市新田町2-5ベルフォーレ1F", "url": "https://www.kaigokensaku.mhlw.go.jp/10/index.php?action_kouhyou_detail_004_kani=true&JigyosyoCd=1060291018-00&ServiceCd=130&Type=search", "url2": "https://www.aizu-company.co.jp" }, "geometry": { "type": "Point", "coordinates": [ 139.008173233764239, 36.320279791615626 ] } },
{ "type": "Feature", "properties": { "内容": "訪問看護ステーションいっ福【訪問看護】群馬県高崎市片岡町3-2-1松本ビル102", "url": "https://www.kaigokensaku.mhlw.go.jp/10/index.php?action_kouhyou_detail_004_kani=true&JigyosyoCd=1060291026-00&ServiceCd=130&Type=search", "url2": "http://www.konparu-takasaki.com/" }, "geometry": { "type": "Point", "coordinates": [ 138.993200699999989, 36.319689 ] } },
{ "type": "Feature", "properties": { "内容": "訪問看護ステーションユーカリ【訪問看護】群馬県高崎市寺尾町2601番地1ドルフィン寺尾101", "url": "https://www.kaigokensaku.mhlw.go.jp/10/index.php?action_kouhyou_detail_004_kani=true&JigyosyoCd=1060291034-00&ServiceCd=130&Type=search", "url2": null }, "geometry": { "type": "Point", "coordinates": [ 139.0045127, 36.303531 ] } },
{ "type": "Feature", "properties": { "内容": "訪問看護ステーションわかな【訪問看護】群馬県高崎市中里見町６０４－１", "url": "https://www.kaigokensaku.mhlw.go.jp/10/index.php?action_kouhyou_detail_004_kani=true&JigyosyoCd=1060290994-00&ServiceCd=130&Type=search", "url2": null }, "geometry": { "type": "Point", "coordinates": [ 138.9039527, 36.3676777 ] } },
{ "type": "Feature", "properties": { "内容": "訪問看護ステーションかえで高崎【訪問看護】群馬県高崎市東国分町215-1", "url": "https://www.kaigokensaku.mhlw.go.jp/10/index.php?action_kouhyou_detail_004_kani=true&JigyosyoCd=1060291042-00&ServiceCd=130&Type=search", "url2": null }, "geometry": { "type": "Point", "coordinates": [ 139.025697362941543, 36.395384909041695 ] } },
{ "type": "Feature", "properties": { "内容": "訪問看護ステーション　みずほ【訪問看護】高崎市正観寺町430-1", "url": "https://www.kaigokensaku.mhlw.go.jp/10/index.php?action_kouhyou_detail_004_kani=true&JigyosyoCd=1060291059-00&ServiceCd=130&Type=search", "url2": "https://seiyouichiban.com" }, "geometry": { "type": "Point", "coordinates": [ 139.0173378, 36.3705597 ] } },
{ "type": "Feature", "properties": { "内容": "HugHeart-ハグハート-訪問看護ステーション【訪問看護】群馬県高崎市引間町101-12", "url": "https://www.kaigokensaku.mhlw.go.jp/10/index.php?action_kouhyou_detail_004_kani=true&JigyosyoCd=1060290358-00&ServiceCd=130&Type=search", "url2": "http://palliativecare-daichi.com/" }, "geometry": { "type": "Point", "coordinates": [ 139.014593500000046, 36.3916938 ] } },
{ "type": "Feature", "properties": { "内容": "訪問看護ステーション榛名荘【訪問看護】群馬県高崎市下室田町965-1", "url": "https://www.kaigokensaku.mhlw.go.jp/10/index.php?action_kouhyou_detail_004_kani=true&JigyosyoCd=1062190010-00&ServiceCd=130&Type=search", "url2": "http://www.harunaso.or.jp/carecenter/" }, "geometry": { "type": "Point", "coordinates": [ 138.8821825, 36.382314 ] } },
{ "type": "Feature", "properties": { "内容": "訪問看護ステ－ションことり【訪問看護】群馬県高崎市下小鳥町1317番地", "url": "https://www.kaigokensaku.mhlw.go.jp/10/index.php?action_kouhyou_detail_004_kani=true&JigyosyoCd=1060290101-00&ServiceCd=130&Type=search", "url2": "http://www.daiichi-hp.or.jp/" }, "geometry": { "type": "Point", "coordinates": [ 138.99943159999998, 36.348418 ] } },
{ "type": "Feature", "properties": { "内容": "訪問看護ステーション　桜【訪問看護】群馬県高崎市下小鳥町37-4クオリティマンション下小鳥104号室", "url": "https://www.kaigokensaku.mhlw.go.jp/10/index.php?action_kouhyou_detail_004_kani=true&JigyosyoCd=1060290457-00&ServiceCd=130&Type=search", "url2": null }, "geometry": { "type": "Point", "coordinates": [ 138.994979100000023, 36.3486095 ] } },
{ "type": "Feature", "properties": { "内容": "訪問看護ステーションハイクオール【訪問看護】群馬県高崎市吉井町吉井415-1", "url": "https://www.kaigokensaku.mhlw.go.jp/10/index.php?action_kouhyou_detail_004_kani=true&JigyosyoCd=1062390008-00&ServiceCd=130&Type=search", "url2": "http://yoshiicc.or.jp/hq/" }, "geometry": { "type": "Point", "coordinates": [ 138.983693, 36.2563809 ] } },
{ "type": "Feature", "properties": { "内容": "訪問看護ステーションかのん【訪問看護】群馬県高崎市吉井町小暮２３４－５", "url": "https://www.kaigokensaku.mhlw.go.jp/10/index.php?action_kouhyou_detail_004_kani=true&JigyosyoCd=1060290481-00&ServiceCd=130&Type=search", "url2": null }, "geometry": { "type": "Point", "coordinates": [ 139.023002099999985, 36.2673713 ] } },
{ "type": "Feature", "properties": { "内容": "緩和ケア診療所・いっぽ【訪問看護】群馬県高崎市京目町790", "url": "https://www.kaigokensaku.mhlw.go.jp/10/index.php?action_kouhyou_detail_004_kani=true&JigyosyoCd=1011010798-00&ServiceCd=130&Type=search", "url2": "http://www.ippo-kai.com/" }, "geometry": { "type": "Point", "coordinates": [ 139.061266400000022, 36.349489 ] } },
{ "type": "Feature", "properties": { "内容": "訪問看護ステーションはればれ【訪問看護】群馬県高崎市金古町207番地10東-4", "url": "https://www.kaigokensaku.mhlw.go.jp/10/index.php?action_kouhyou_detail_004_kani=true&JigyosyoCd=1060290770-00&ServiceCd=130&Type=search", "url2": "http://hp.kaipoke.biz/g7x/" }, "geometry": { "type": "Point", "coordinates": [ 139.004592371302806, 36.407962767747719 ] } },
{ "type": "Feature", "properties": { "内容": "オールハッピー訪問看護ステーション高崎【訪問看護】群馬県高崎市江木町463-14レジデンス江木102", "url": "https://www.kaigokensaku.mhlw.go.jp/10/index.php?action_kouhyou_detail_004_kani=true&JigyosyoCd=1060290705-00&ServiceCd=130&Type=search", "url2": "https://allhappynursing.com/" }, "geometry": { "type": "Point", "coordinates": [ 139.019611630688473, 36.329997615336175 ] } },
{ "type": "Feature", "properties": { "内容": "群馬県看護協会　訪問看護ステーション高崎【訪問看護】群馬県高崎市小八木町2025-7", "url": "https://www.kaigokensaku.mhlw.go.jp/10/index.php?action_kouhyou_detail_004_kani=true&JigyosyoCd=1060290184-00&ServiceCd=130&Type=search", "url2": "http://www.gunma-kango.jp/" }, "geometry": { "type": "Point", "coordinates": [ 139.017488599999979, 36.3587426 ] } },
{ "type": "Feature", "properties": { "内容": "訪問看護ステーションこやぎ【訪問看護】群馬県高崎市小八木町2035－4", "url": "https://www.kaigokensaku.mhlw.go.jp/10/index.php?action_kouhyou_detail_004_kani=true&JigyosyoCd=1060290259-00&ServiceCd=130&Type=search", "url2": null }, "geometry": { "type": "Point", "coordinates": [ 139.018305100000021, 36.3603675 ] } },
{ "type": "Feature", "properties": { "内容": "サンピエール病院　訪問看護ステーション【訪問看護】群馬県高崎市上佐野町７８６－７", "url": "https://www.kaigokensaku.mhlw.go.jp/10/index.php?action_kouhyou_detail_004_kani=true&JigyosyoCd=1060290002-00&ServiceCd=130&Type=search", "url2": "http://st-pierre.or.jp/" }, "geometry": { "type": "Point", "coordinates": [ 139.027825600000028, 36.3022627 ] } },
{ "type": "Feature", "properties": { "内容": "あさのかぜ訪問看護ステーション【訪問看護】群馬県高崎市上大類町745番地パレ・ソレイユ402", "url": "https://www.kaigokensaku.mhlw.go.jp/10/index.php?action_kouhyou_detail_004_kani=true&JigyosyoCd=1060290390-00&ServiceCd=130&Type=search", "url2": null }, "geometry": { "type": "Point", "coordinates": [ 139.030732700000044, 36.3344034 ] } },
{ "type": "Feature", "properties": { "内容": "訪問看護ステーションほほえみ【訪問看護】群馬県高崎市上中居町1455-7", "url": "https://www.kaigokensaku.mhlw.go.jp/10/index.php?action_kouhyou_detail_004_kani=true&JigyosyoCd=1060290036-00&ServiceCd=130&Type=search", "url2": "http://www.harunacoop.jp/1206095560030/" }, "geometry": { "type": "Point", "coordinates": [ 139.032471699999974, 36.3246399 ] } },
{ "type": "Feature", "properties": { "内容": "NEXTFLOW訪問看護たかさき【訪問看護】群馬県高崎市上中居町377-1ファーストビルB号室", "url": "https://www.kaigokensaku.mhlw.go.jp/10/index.php?action_kouhyou_detail_004_kani=true&JigyosyoCd=1060290846-00&ServiceCd=130&Type=search", "url2": "https://next-flow.jp" }, "geometry": { "type": "Point", "coordinates": [ 139.0275698, 36.3165378 ] } },
{ "type": "Feature", "properties": { "内容": "訪問看護ケアサポートセンターようざん【訪問看護】群馬県高崎市上並榎町1180", "url": "https://www.kaigokensaku.mhlw.go.jp/10/index.php?action_kouhyou_detail_004_kani=true&JigyosyoCd=1060290374-00&ServiceCd=130&Type=search", "url2": "http://www.youzan.jp" }, "geometry": { "type": "Point", "coordinates": [ 138.982663882139605, 36.342316892781319 ] } },
{ "type": "Feature", "properties": { "内容": "訪問看護ステーションCharasu【訪問看護】群馬県高崎市上豊岡町180-7ｼﾃｨｰﾊﾟﾚｽ113号", "url": "https://www.kaigokensaku.mhlw.go.jp/10/index.php?action_kouhyou_detail_004_kani=true&JigyosyoCd=1060290663-00&ServiceCd=130&Type=search", "url2": null }, "geometry": { "type": "Point", "coordinates": [ 138.967199991401685, 36.333967808068714 ] } },
{ "type": "Feature", "properties": { "内容": "ひだまり診療所【訪問看護】群馬県高崎市乗附町1444-2", "url": "https://www.kaigokensaku.mhlw.go.jp/10/index.php?action_kouhyou_detail_004_kani=true&JigyosyoCd=1011003934-00&ServiceCd=130&Type=search", "url2": "http://www.hidamaricl.jp" }, "geometry": { "type": "Point", "coordinates": [ 138.977814756175235, 36.324582075890035 ] } },
{ "type": "Feature", "properties": { "内容": "訪問看護ステーションあおぞら【訪問看護】吉井町吉井326-4", "url": "https://www.kaigokensaku.mhlw.go.jp/10/index.php?action_kouhyou_detail_004_kani=true&JigyosyoCd=1060291067-00&ServiceCd=130&Type=search", "url2": "https://felice-kango.com" }, "geometry": { "type": "Point", "coordinates": [ 138.9807621, 36.254898 ] } },
{ "type": "Feature", "properties": { "内容": "あさのそら訪問看護ステーション【訪問看護】群馬県高崎市上大類町990-2パルハイム2001-B106", "url": "https://www.kaigokensaku.mhlw.go.jp/10/index.php?action_kouhyou_detail_004_kani=true&JigyosyoCd=1060291075-00&ServiceCd=130&Type=search", "url2": "https://asanosora-station.com" }, "geometry": { "type": "Point", "coordinates": [ 139.0309995, 36.3386764 ] } },
{ "type": "Feature", "properties": { "内容": "訪問看護はぴふる高崎【訪問看護】群馬県高崎市筑縄町5-12群馬バス筑縄ビル2階", "url": "https://www.kaigokensaku.mhlw.go.jp/10/index.php?action_kouhyou_detail_004_kani=true&JigyosyoCd=1060291083-00&ServiceCd=130&Type=search", "url2": null }, "geometry": { "type": "Point", "coordinates": [ 138.988114599999989, 36.3486585 ] } },
{ "type": "Feature", "properties": { "内容": "訪問看護ステーションコトイサ【訪問看護】群馬県高崎市若松町９６番地", "url": "https://www.kaigokensaku.mhlw.go.jp/10/index.php?action_kouhyou_detail_004_kani=true&JigyosyoCd=1060291091-00&ServiceCd=130&Type=search", "url2": "https://kotoisa.jp/" }, "geometry": { "type": "Point", "coordinates": [ 139.0053402, 36.3200123 ] } },
{ "type": "Feature", "properties": { "内容": "訪問看護事業所ネスル高崎【訪問看護】新町354-1グランドメゾンA105", "url": "https://www.kaigokensaku.mhlw.go.jp/10/index.php?action_kouhyou_detail_004_kani=true&JigyosyoCd=1060291109-00&ServiceCd=130&Type=search", "url2": null }, "geometry": { "type": "Point", "coordinates": [ 139.11362495277865, 36.275968171361114 ] } },
{ "type": "Feature", "properties": { "内容": "訪問看護リハステーションおんか【訪問看護】群馬県高崎市菅谷町1069-1清水貸事務所2号室", "url": "https://www.kaigokensaku.mhlw.go.jp/10/index.php?action_kouhyou_detail_004_kani=true&JigyosyoCd=1060290739-00&ServiceCd=130&Type=search", "url2": null }, "geometry": { "type": "Point", "coordinates": [ 139.009240753984642, 36.378340563186825 ] } },
{ "type": "Feature", "properties": { "内容": "訪問看護ステーションかなえ　高崎【訪問看護】群馬県高崎市菅谷町1243番53-1菅谷町貸店舗　中号室", "url": "https://www.kaigokensaku.mhlw.go.jp/10/index.php?action_kouhyou_detail_004_kani=true&JigyosyoCd=1060290861-00&ServiceCd=130&Type=search", "url2": null }, "geometry": { "type": "Point", "coordinates": [ 139.010019942327915, 36.380348311720418 ] } },
{ "type": "Feature", "properties": { "内容": "訪問看護ステーション　アリエ【訪問看護】群馬県高崎市菅谷町20-185", "url": "https://www.kaigokensaku.mhlw.go.jp/10/index.php?action_kouhyou_detail_004_kani=true&JigyosyoCd=1060290218-00&ServiceCd=130&Type=search", "url2": "http://alie.co.jp" }, "geometry": { "type": "Point", "coordinates": [ 139.019462800000042, 36.3799291 ] } },
{ "type": "Feature", "properties": { "内容": "訪問看護ステーション　こんぱす【訪問看護】群馬県高崎市菅谷町55", "url": "https://www.kaigokensaku.mhlw.go.jp/10/index.php?action_kouhyou_detail_004_kani=true&JigyosyoCd=1060290796-00&ServiceCd=130&Type=search", "url2": "https://www.mhtakasaki.com" }, "geometry": { "type": "Point", "coordinates": [ 139.0161354, 36.381984 ] } },
{ "type": "Feature", "properties": { "内容": "くらがの街　訪問看護ステーション【訪問看護】群馬県高崎市倉賀野町1077", "url": "https://www.kaigokensaku.mhlw.go.jp/10/index.php?action_kouhyou_detail_004_kani=true&JigyosyoCd=1060290143-00&ServiceCd=130&Type=search", "url2": "http://www.hidaka-kai.com/mws/index.html" }, "geometry": { "type": "Point", "coordinates": [ 139.045398896295183, 36.298207963255273 ] } },
{ "type": "Feature", "properties": { "内容": "ナースステーション　Sunny's【訪問看護】群馬県高崎市倉賀野町2258-1南号室", "url": "https://www.kaigokensaku.mhlw.go.jp/10/index.php?action_kouhyou_detail_004_kani=true&JigyosyoCd=1060290747-00&ServiceCd=130&Type=search", "url2": null }, "geometry": { "type": "Point", "coordinates": [ 139.056289117161953, 36.295445556339374 ] } },
{ "type": "Feature", "properties": { "内容": "訪問看護事業所　LUNA【訪問看護】群馬県高崎市大八木町168-1", "url": "https://www.kaigokensaku.mhlw.go.jp/10/index.php?action_kouhyou_detail_004_kani=true&JigyosyoCd=1060290499-00&ServiceCd=130&Type=search", "url2": "http://www.shintokai.jp/" }, "geometry": { "type": "Point", "coordinates": [ 138.992317800000023, 36.3613528 ] } },
{ "type": "Feature", "properties": { "内容": "訪問看護ステーション真木【訪問看護】群馬県高崎市筑縄町71-1", "url": "https://www.kaigokensaku.mhlw.go.jp/10/index.php?action_kouhyou_detail_004_kani=true&JigyosyoCd=1060290234-00&ServiceCd=130&Type=search", "url2": "http://www.makikai.jp/" }, "geometry": { "type": "Point", "coordinates": [ 138.985896028836123, 36.348295500000177 ] } },
{ "type": "Feature", "properties": { "内容": "訪問看護ステーションくろさわ【訪問看護】群馬県高崎市中居町3-20-8", "url": "https://www.kaigokensaku.mhlw.go.jp/10/index.php?action_kouhyou_detail_004_kani=true&JigyosyoCd=1060290051-00&ServiceCd=130&Type=search", "url2": "http：//www.bishinkai.or.jp/" }, "geometry": { "type": "Point", "coordinates": [ 139.040327234918209, 36.315049518966305 ] } },
{ "type": "Feature", "properties": { "内容": "訪問看護ステーションスマイル【訪問看護】群馬県高崎市中泉町610-3ナーシングホームすまいる医療館", "url": "https://www.kaigokensaku.mhlw.go.jp/10/index.php?action_kouhyou_detail_004_kani=true&JigyosyoCd=1060290630-00&ServiceCd=130&Type=search", "url2": null }, "geometry": { "type": "Point", "coordinates": [ 139.0031611, 36.371164 ] } },
{ "type": "Feature", "properties": { "内容": "訪問看護リハビリステーションはるのひ【訪問看護】群馬県高崎市中豊岡町732-7セイラBOX中豊岡Ⅰ-A", "url": "https://www.kaigokensaku.mhlw.go.jp/10/index.php?action_kouhyou_detail_004_kani=true&JigyosyoCd=1060290812-00&ServiceCd=130&Type=search", "url2": "http://harunohi-houkan.jp" }, "geometry": { "type": "Point", "coordinates": [ 138.96998880000001, 36.331635 ] } },
{ "type": "Feature", "properties": { "内容": "訪問看護ステーションモーメント【訪問看護】群馬県高崎市島野町776-1シャルマン島野106号", "url": "https://www.kaigokensaku.mhlw.go.jp/10/index.php?action_kouhyou_detail_004_kani=true&JigyosyoCd=1060290523-00&ServiceCd=130&Type=search", "url2": "http://hp.kaipoke.biz/f2x/120073/index_0007.html" }, "geometry": { "type": "Point", "coordinates": [ 139.061177, 36.3393262 ] } },
{ "type": "Feature", "properties": { "内容": "訪問看護ステーションエール【訪問看護】群馬県高崎市棟高町1868-121ＯＰＴⅡ104号室", "url": "https://www.kaigokensaku.mhlw.go.jp/10/index.php?action_kouhyou_detail_004_kani=true&JigyosyoCd=1060290580-00&ServiceCd=130&Type=search", "url2": null }, "geometry": { "type": "Point", "coordinates": [ 139.0080331, 36.3789233 ] } },
{ "type": "Feature", "properties": { "内容": "高崎健康福祉大学訪問看護ステーション【訪問看護】群馬県高崎市南大類町200-2", "url": "https://www.kaigokensaku.mhlw.go.jp/10/index.php?action_kouhyou_detail_004_kani=true&JigyosyoCd=1060290325-00&ServiceCd=130&Type=search", "url2": "http://kango.kendai-clinic.jp" }, "geometry": { "type": "Point", "coordinates": [ 139.053900243467979, 36.323989704167126 ] } },
{ "type": "Feature", "properties": { "内容": "訪問看護ステーションワンツーワン【訪問看護】群馬県高崎市南大類町569-8", "url": "https://www.kaigokensaku.mhlw.go.jp/10/index.php?action_kouhyou_detail_004_kani=true&JigyosyoCd=1060290689-00&ServiceCd=130&Type=search", "url2": "https://121minamiorui.co.jp/" }, "geometry": { "type": "Point", "coordinates": [ 139.0441911, 36.3234779 ] } },
{ "type": "Feature", "properties": { "内容": "新高尾訪問看護ステーション【訪問看護】群馬県　高崎市　日高町　349", "url": "https://www.kaigokensaku.mhlw.go.jp/10/index.php?action_kouhyou_detail_004_kani=true&JigyosyoCd=1060290176-00&ServiceCd=130&Type=search", "url2": "shintakao@mwshidaka.com" }, "geometry": { "type": "Point", "coordinates": [ 139.02977629999998, 36.3657674 ] } },
{ "type": "Feature", "properties": { "内容": "訪問看護リハビリステーションクローバー高崎【訪問看護】群馬県高崎市中豊岡町109-1", "url": "https://www.kaigokensaku.mhlw.go.jp/10/index.php?action_kouhyou_detail_004_kani=true&JigyosyoCd=1060290416-00&ServiceCd=130&Type=search", "url2": "https://n-clover.jp" }, "geometry": { "type": "Point", "coordinates": [ 138.976653444187065, 36.332882827904818 ] } },
{ "type": "Feature", "properties": { "内容": "やわたクリニック【訪問看護】群馬県高崎市八幡町４２１", "url": "https://www.kaigokensaku.mhlw.go.jp/10/index.php?action_kouhyou_detail_004_kani=true&JigyosyoCd=1011010996-00&ServiceCd=130&Type=search", "url2": null }, "geometry": { "type": "Point", "coordinates": [ 138.9576687, 36.3393629 ] } },
{ "type": "Feature", "properties": { "内容": "訪問看護ステーションＩ【訪問看護】群馬県高崎市飯塚町378-10", "url": "https://www.kaigokensaku.mhlw.go.jp/10/index.php?action_kouhyou_detail_004_kani=true&JigyosyoCd=1060290366-00&ServiceCd=130&Type=search", "url2": "https://hns-i.com/" }, "geometry": { "type": "Point", "coordinates": [ 139.00784820370481, 36.343657016341517 ] } },
{ "type": "Feature", "properties": { "内容": "訪問看護ステーション　絆【訪問看護】群馬県高崎市福島町761-3", "url": "https://www.kaigokensaku.mhlw.go.jp/10/index.php?action_kouhyou_detail_004_kani=true&JigyosyoCd=1060290309-00&ServiceCd=130&Type=search", "url2": "http://www.ligare761.com" }, "geometry": { "type": "Point", "coordinates": [ 138.9956813, 36.366044100000032 ] } },
{ "type": "Feature", "properties": { "内容": "医療と福祉のなんでも相談室しらゆり訪問看護ステーション【訪問看護】群馬県高崎市保渡田町1423-2", "url": "https://www.kaigokensaku.mhlw.go.jp/10/index.php?action_kouhyou_detail_004_kani=true&JigyosyoCd=1060290648-00&ServiceCd=130&Type=search", "url2": "www.shirayuri-kango.co.jp" }, "geometry": { "type": "Point", "coordinates": [ 138.979849102095443, 36.385955955188749 ] } },
{ "type": "Feature", "properties": { "内容": "医療法人関越中央病院訪問看護ステーション関越中央【訪問看護】群馬県高崎市北原町179-1関越中央病院　介護・福祉村　北原の里　1階", "url": "https://www.kaigokensaku.mhlw.go.jp/10/index.php?action_kouhyou_detail_004_kani=true&JigyosyoCd=1062190028-00&ServiceCd=130&Type=search", "url2": "http://www.kan-etsu-hospital.com" }, "geometry": { "type": "Point", "coordinates": [ 139.024682582139576, 36.404382128558126 ] } },
{ "type": "Feature", "properties": { "内容": "訪問看護みさとの杜【訪問看護】群馬県高崎市箕郷町上芝495-1", "url": "https://www.kaigokensaku.mhlw.go.jp/10/index.php?action_kouhyou_detail_004_kani=true&JigyosyoCd=1060290317-00&ServiceCd=130&Type=search", "url2": "http://mizuhokai-misato.or.jp/homonkango/" }, "geometry": { "type": "Point", "coordinates": [ 138.959220709756437, 36.381607700001709 ] } },
{ "type": "Feature", "properties": { "内容": "訪問看護ステーションベルジ箕輪【訪問看護】群馬県高崎市箕郷町上芝８４５-３グランドホーム箕輪", "url": "https://www.kaigokensaku.mhlw.go.jp/10/index.php?action_kouhyou_detail_004_kani=true&JigyosyoCd=1060290556-00&ServiceCd=130&Type=search", "url2": "http//www.e-verde.co.jp/" }, "geometry": { "type": "Point", "coordinates": [ 138.960954799999968, 36.3849259 ] } },
{ "type": "Feature", "properties": { "内容": "訪問看護ステーション　すみれ【訪問看護】群馬県高崎市箕郷町西明屋708-3訪問看護ステーションすみれ", "url": "https://www.kaigokensaku.mhlw.go.jp/10/index.php?action_kouhyou_detail_004_kani=true&JigyosyoCd=1060290333-00&ServiceCd=130&Type=search", "url2": null }, "geometry": { "type": "Point", "coordinates": [ 138.954824586508153, 36.391108672117085 ] } },
{ "type": "Feature", "properties": { "内容": "訪問看護ステーションみのわ【訪問看護】群馬県高崎市箕郷町東明屋452-7", "url": "https://www.kaigokensaku.mhlw.go.jp/10/index.php?action_kouhyou_detail_004_kani=true&JigyosyoCd=1060290226-00&ServiceCd=130&Type=search", "url2": "http://www.minowa-takasaki.com" }, "geometry": { "type": "Point", "coordinates": [ 138.959271589549189, 36.399207681521617 ] } },
{ "type": "Feature", "properties": { "内容": "訪問看護ステーション　こすもす【訪問看護】群馬県高崎市矢島町４４９－２", "url": "https://www.kaigokensaku.mhlw.go.jp/10/index.php?action_kouhyou_detail_004_kani=true&JigyosyoCd=1060290085-00&ServiceCd=130&Type=search", "url2": "http://www.komai-hp.com/visiting_cosmos.html" }, "geometry": { "type": "Point", "coordinates": [ 139.049367, 36.3391454 ] } },
{ "type": "Feature", "properties": { "内容": "訪問看護ステーション　わがや【訪問看護】群馬県高崎市緑町1丁目14番地4", "url": "https://www.kaigokensaku.mhlw.go.jp/10/index.php?action_kouhyou_detail_004_kani=true&JigyosyoCd=1060290473-00&ServiceCd=130&Type=search", "url2": "http://samuesu.jp/" }, "geometry": { "type": "Point", "coordinates": [ 139.0012001, 36.3527126 ] } },
{ "type": "Feature", "properties": { "内容": "訪問看護ステーションあい【訪問看護】群馬県高崎市緑町4丁目3-1", "url": "https://www.kaigokensaku.mhlw.go.jp/10/index.php?action_kouhyou_detail_004_kani=true&JigyosyoCd=1060290192-00&ServiceCd=130&Type=search", "url2": "http://www.cosumosu.info" }, "geometry": { "type": "Point", "coordinates": [ 139.009905900000035, 36.3514625 ] } },
{ "type": "Feature", "properties": { "内容": "訪問看護ステーション　アウローラぷらす【訪問看護】群馬県高崎市矢中町20-20SR矢中ビル1F", "url": "https://www.kaigokensaku.mhlw.go.jp/10/index.php?action_kouhyou_detail_004_kani=true&JigyosyoCd=1060290531-00&ServiceCd=130&Type=search", "url2": "http://www.pharma-plus.co.jp/" }, "geometry": { "type": "Point", "coordinates": [ 139.042649, 36.3094157 ] } },
{ "type": "Feature", "properties": { "内容": "訪問看護ステーションひびき【訪問看護】群馬県高崎市和田多中町358-1", "url": "https://www.kaigokensaku.mhlw.go.jp/10/index.php?action_kouhyou_detail_004_kani=true&JigyosyoCd=1060290515-00&ServiceCd=130&Type=search", "url2": "https://hibiki-smile.com/" }, "geometry": { "type": "Point", "coordinates": [ 139.017457316723579, 36.311159124156269 ] } },
{ "type": "Feature", "properties": { "内容": "訪問看護ステーション　OneArt高崎【訪問看護】群馬県高崎市芝塚町1938-4クインハイツ静峰１０５", "url": "https://www.kaigokensaku.mhlw.go.jp/10/index.php?action_kouhyou_detail_004_kani=true&JigyosyoCd=1060291133-00&ServiceCd=130&Type=search", "url2": null }, "geometry": { "type": "Point", "coordinates": [ 139.0122834, 36.3323722 ] } },
{ "type": "Feature", "properties": { "内容": "訪問看護ステーションおりーぶ【訪問看護】群馬県高崎市倉賀野町4566番地レイール1F", "url": "https://www.kaigokensaku.mhlw.go.jp/10/index.php?action_kouhyou_detail_004_kani=true&JigyosyoCd=1060291125-00&ServiceCd=130&Type=search", "url2": null }, "geometry": { "type": "Point", "coordinates": [ 139.050322499999965, 36.3024397 ] } },
{ "type": "Feature", "properties": { "内容": "訪問看護ステーションにこっと【訪問看護】群馬県高崎市石原町415番地3", "url": "https://www.kaigokensaku.mhlw.go.jp/10/index.php?action_kouhyou_detail_004_kani=true&JigyosyoCd=1060291117-00&ServiceCd=130&Type=search", "url2": "https://houkan-nicotto.com/" }, "geometry": { "type": "Point", "coordinates": [ 138.999612196295146, 36.315310259829602 ] } },
{ "type": "Feature", "properties": { "内容": "たかさき訪問看護ステーション【訪問看護】高崎市東町１７２－１６共済会館ビル3-3", "url": "https://www.kaigokensaku.mhlw.go.jp/10/index.php?action_kouhyou_detail_004_kani=true&JigyosyoCd=1060290978-00&ServiceCd=130&Type=search", "url2": "https://www.machinokaigo.com/" }, "geometry": { "type": "Point", "coordinates": [ 139.014869299999987, 36.3237598 ] } },
{ "type": "Feature", "properties": { "内容": "きらり訪問看護【訪問看護】群馬県高崎市新保町1029－7", "url": "https://www.kaigokensaku.mhlw.go.jp/10/index.php?action_kouhyou_detail_004_kani=true&JigyosyoCd=1060290887-00&ServiceCd=130&Type=search", "url2": "https://kirarikirameki.com/" }, "geometry": { "type": "Point", "coordinates": [ 139.042436, 36.3480818 ] } },
{ "type": "Feature", "properties": { "内容": "医療法人井上病院訪問看護ステーション【訪問看護】群馬県高崎市通町55", "url": "https://www.kaigokensaku.mhlw.go.jp/10/index.php?action_kouhyou_detail_004_kani=true&JigyosyoCd=1060290911-00&ServiceCd=130&Type=search", "url2": "http://www.ra-inoue-hp.com/" }, "geometry": { "type": "Point", "coordinates": [ 139.008894712181103, 36.32425796251637 ] } },
{ "type": "Feature", "properties": { "内容": "訪問看護ステーション花束【訪問看護】群馬県高崎市井野町1288+1", "url": "https://www.kaigokensaku.mhlw.go.jp/10/index.php?action_kouhyou_detail_004_kani=true&JigyosyoCd=1060290986-00&ServiceCd=130&Type=search", "url2": null }, "geometry": { "type": "Point", "coordinates": [ 139.022327600000011, 36.350031 ] } },
{ "type": "Feature", "properties": { "内容": "訪問看護　猫の手【訪問看護】群馬県高崎市下小鳥町83-5", "url": "https://www.kaigokensaku.mhlw.go.jp/10/index.php?action_kouhyou_detail_004_kani=true&JigyosyoCd=1060290929-00&ServiceCd=130&Type=search", "url2": null }, "geometry": { "type": "Point", "coordinates": [ 138.9915421, 36.3497555 ] } },
{ "type": "Feature", "properties": { "内容": "訪問看護ステーションあやめ新里【訪問看護】群馬県桐生市新里町新川733-7　西室", "url": "https://www.kaigokensaku.mhlw.go.jp/10/index.php?action_kouhyou_detail_004_kani=true&JigyosyoCd=1060390315-00&ServiceCd=130&Type=search", "url2": "https://firstnurse.co.jp/" }, "geometry": { "type": "Point", "coordinates": [ 139.2715545, 36.4156163 ] } },
{ "type": "Feature", "properties": { "内容": "ひのさか訪問看護ステーション【訪問看護】群馬県桐生市錦町3-4-8　シルクハイツA203", "url": "https://www.kaigokensaku.mhlw.go.jp/10/index.php?action_kouhyou_detail_004_kani=true&JigyosyoCd=1060390349-00&ServiceCd=130&Type=search", "url2": "https://hinosaka-mw.com/" }, "geometry": { "type": "Point", "coordinates": [ 139.3320496, 36.3999673 ] } },
{ "type": "Feature", "properties": { "内容": "精神科訪問看護ステーションジョイント【訪問看護】浜松町1-16-24", "url": "https://www.kaigokensaku.mhlw.go.jp/10/index.php?action_kouhyou_detail_004_kani=true&JigyosyoCd=1060390356-00&ServiceCd=130&Type=search", "url2": null }, "geometry": { "type": "Point", "coordinates": [ 139.756556499999988, 35.6580333 ] } },
{ "type": "Feature", "properties": { "内容": "ナース＆リハビリホームみもざ【訪問看護】群馬県桐生市堤町1-8-27", "url": "https://www.kaigokensaku.mhlw.go.jp/10/index.php?action_kouhyou_detail_004_kani=true&JigyosyoCd=1060390331-00&ServiceCd=130&Type=search", "url2": null }, "geometry": { "type": "Point", "coordinates": [ 139.32592360000001, 36.416425 ] } },
{ "type": "Feature", "properties": { "内容": "訪問看護ステーション桐の芽【訪問看護】群馬県桐生市織姫町６番３号桐生厚生総合病院１F", "url": "https://www.kaigokensaku.mhlw.go.jp/10/index.php?action_kouhyou_detail_004_kani=true&JigyosyoCd=1060390364-00&ServiceCd=130&Type=search", "url2": "https://www.kosei-hospital.kiryu.gunma.jp/visitingnursing/kirinome" }, "geometry": { "type": "Point", "coordinates": [ 139.327534, 36.405277 ] } },
{ "type": "Feature", "properties": { "内容": "訪問看護ステーション　シニアの杜・桐生【訪問看護】群馬県桐生市宮本町1-12-38シニアの杜・桐生", "url": "https://www.kaigokensaku.mhlw.go.jp/10/index.php?action_kouhyou_detail_004_kani=true&JigyosyoCd=1060390133-00&ServiceCd=130&Type=search", "url2": "http://www.medical-brian.com" }, "geometry": { "type": "Point", "coordinates": [ 139.339444500000013, 36.4145781 ] } },
{ "type": "Feature", "properties": { "内容": "訪問看護事業所地域看護ステーションピーチ【訪問看護】群馬県桐生市宮本町1-8-11", "url": "https://www.kaigokensaku.mhlw.go.jp/10/index.php?action_kouhyou_detail_004_kani=true&JigyosyoCd=1060390190-00&ServiceCd=130&Type=search", "url2": "http://www.peachfactory.jp" }, "geometry": { "type": "Point", "coordinates": [ 139.340141409192654, 36.414675617119833 ] } },
{ "type": "Feature", "properties": { "内容": "訪問看護ステーションきりゅう【訪問看護】群馬県桐生市元宿町18-2", "url": "https://www.kaigokensaku.mhlw.go.jp/10/index.php?action_kouhyou_detail_004_kani=true&JigyosyoCd=1060390018-00&ServiceCd=130&Type=search", "url2": null }, "geometry": { "type": "Point", "coordinates": [ 139.3292765, 36.4105095 ] } },
{ "type": "Feature", "properties": { "内容": "訪問看護ステーションやまびこ【訪問看護】群馬県桐生市広沢町1-2566-1", "url": "https://www.kaigokensaku.mhlw.go.jp/10/index.php?action_kouhyou_detail_004_kani=true&JigyosyoCd=1060390026-00&ServiceCd=130&Type=search", "url2": "http://www.sanikukai.com" }, "geometry": { "type": "Point", "coordinates": [ 139.3500865, 36.3707696 ] } },
{ "type": "Feature", "properties": { "内容": "さくら訪問看護ステーション【訪問看護】群馬県桐生市広沢町１丁目2725-1", "url": "https://www.kaigokensaku.mhlw.go.jp/10/index.php?action_kouhyou_detail_004_kani=true&JigyosyoCd=1060390273-00&ServiceCd=130&Type=search", "url2": "https://aozora2003.com" }, "geometry": { "type": "Point", "coordinates": [ 139.330513736840061, 36.393831488012736 ] } },
{ "type": "Feature", "properties": { "内容": "社会福祉法人　邦知会　グレイス広沢【訪問看護】群馬県桐生市広沢町6-307-11", "url": "https://www.kaigokensaku.mhlw.go.jp/10/index.php?action_kouhyou_detail_004_kani=true&JigyosyoCd=1060390141-00&ServiceCd=130&Type=search", "url2": "http://www.houchikai.or.jp" }, "geometry": { "type": "Point", "coordinates": [ 139.358587316780131, 36.37217536826963 ] } },
{ "type": "Feature", "properties": { "内容": "訪問看護ステーションカノン【訪問看護】群馬県桐生市広沢町６丁目８３８番地４３", "url": "https://www.kaigokensaku.mhlw.go.jp/10/index.php?action_kouhyou_detail_004_kani=true&JigyosyoCd=1060390299-00&ServiceCd=130&Type=search", "url2": null }, "geometry": { "type": "Point", "coordinates": [ 139.3500031, 36.3725781 ] } },
{ "type": "Feature", "properties": { "内容": "ローズヴィレッジステーション【訪問看護】群馬県桐生市新里町新川584-3", "url": "https://www.kaigokensaku.mhlw.go.jp/10/index.php?action_kouhyou_detail_004_kani=true&JigyosyoCd=1060390125-00&ServiceCd=130&Type=search", "url2": "http://www.grand-love.co.jp" }, "geometry": { "type": "Point", "coordinates": [ 139.266280100000017, 36.4143997 ] } },
{ "type": "Feature", "properties": { "内容": "訪問看護ステーション花あかり【訪問看護】群馬県桐生市新里町新川715－11ファミリアイマイE号室", "url": "https://www.kaigokensaku.mhlw.go.jp/10/index.php?action_kouhyou_detail_004_kani=true&JigyosyoCd=1060390166-00&ServiceCd=130&Type=search", "url2": "http://hp.kaipoke.biz/2hrindex.html" }, "geometry": { "type": "Point", "coordinates": [ 139.27292701163941, 36.41357578505157 ] } },
{ "type": "Feature", "properties": { "内容": "医療法人社団　藤井クリニック【訪問看護】群馬県桐生市川内町4丁目208番地", "url": "https://www.kaigokensaku.mhlw.go.jp/10/index.php?action_kouhyou_detail_004_kani=true&JigyosyoCd=1012410633-00&ServiceCd=130&Type=search", "url2": null }, "geometry": { "type": "Point", "coordinates": [ 139.29611, 36.43375 ] } },
{ "type": "Feature", "properties": { "内容": "訪問看護ステーションあゆみん【訪問看護】群馬県桐生市相生町1丁目195-1", "url": "https://www.kaigokensaku.mhlw.go.jp/10/index.php?action_kouhyou_detail_004_kani=true&JigyosyoCd=1060390281-00&ServiceCd=130&Type=search", "url2": "http://www.azukinoayumi.co.jp" }, "geometry": { "type": "Point", "coordinates": [ 139.32146048943244, 36.401842694593746 ] } },
{ "type": "Feature", "properties": { "内容": "訪問看護ステーションココロ【訪問看護】群馬県桐生市相生町2丁目２６１－３", "url": "https://www.kaigokensaku.mhlw.go.jp/10/index.php?action_kouhyou_detail_004_kani=true&JigyosyoCd=1060390067-00&ServiceCd=130&Type=search", "url2": "http://www.coco-lo.net" }, "geometry": { "type": "Point", "coordinates": [ 139.316175, 36.413309 ] } },
{ "type": "Feature", "properties": { "内容": "訪問看護ステーションみらい【訪問看護】群馬県桐生市相生町２丁目３１２ー１", "url": "https://www.kaigokensaku.mhlw.go.jp/10/index.php?action_kouhyou_detail_004_kani=true&JigyosyoCd=1060390307-00&ServiceCd=130&Type=search", "url2": "https://mirai-kaigo.com/visiting/" }, "geometry": { "type": "Point", "coordinates": [ 139.312494339950604, 36.413426649017723 ] } },
{ "type": "Feature", "properties": { "内容": "訪問看護・リハビリステーション　恭【訪問看護】群馬県桐生市相生町２丁目４５６－８", "url": "https://www.kaigokensaku.mhlw.go.jp/10/index.php?action_kouhyou_detail_004_kani=true&JigyosyoCd=1061290035-00&ServiceCd=130&Type=search", "url2": "http://www.kyo0303.co.jp" }, "geometry": { "type": "Point", "coordinates": [ 139.307025413070136, 36.413883195288818 ] } },
{ "type": "Feature", "properties": { "内容": "メディス総合介護センター桐生事業所【訪問看護】群馬県桐生市相生町3丁目172-9", "url": "https://www.kaigokensaku.mhlw.go.jp/10/index.php?action_kouhyou_detail_004_kani=true&JigyosyoCd=1060390091-00&ServiceCd=130&Type=search", "url2": null }, "geometry": { "type": "Point", "coordinates": [ 139.303851300000019, 36.4182497 ] } },
{ "type": "Feature", "properties": { "内容": "織訪問看護ステーション【訪問看護】群馬県桐生市本町1-3-12", "url": "https://www.kaigokensaku.mhlw.go.jp/10/index.php?action_kouhyou_detail_004_kani=true&JigyosyoCd=1060390240-00&ServiceCd=130&Type=search", "url2": "https://shiki.hatanooto.or.jp/" }, "geometry": { "type": "Point", "coordinates": [ 139.344641542658479, 36.419504288378775 ] } },
{ "type": "Feature", "properties": { "内容": "訪問看護ステーションえがとど【訪問看護】群馬県桐生市本町六丁目27番地1プライマリービル1F", "url": "https://www.kaigokensaku.mhlw.go.jp/10/index.php?action_kouhyou_detail_004_kani=true&JigyosyoCd=1060390158-00&ServiceCd=130&Type=search", "url2": null }, "geometry": { "type": "Point", "coordinates": [ 139.337819200000013, 36.4086592 ] } },
{ "type": "Feature", "properties": { "内容": "共創みらい訪問看護ステーション桐生桜木【訪問看護】群馬県桐生市相生町1丁目209-3", "url": "https://www.kaigokensaku.mhlw.go.jp/10/index.php?action_kouhyou_detail_004_kani=true&JigyosyoCd=1060390372-00&ServiceCd=130&Type=search", "url2": "https://www.kyousomirai-houkan.com" }, "geometry": { "type": "Point", "coordinates": [ 139.321539699999988, 36.400250100000015 ] } },
{ "type": "Feature", "properties": { "内容": "訪問看護ステーションあやな【訪問看護】群馬県桐生市相生町２丁目542－4グレイスフルコートA102", "url": "https://www.kaigokensaku.mhlw.go.jp/10/index.php?action_kouhyou_detail_004_kani=true&JigyosyoCd=1060390380-00&ServiceCd=130&Type=search", "url2": null }, "geometry": { "type": "Point", "coordinates": [ 139.2992963, 36.4177223 ] } },
{ "type": "Feature", "properties": { "内容": "岩下病院訪問看護ステーション【訪問看護】群馬県桐生市本町4-319", "url": "https://www.kaigokensaku.mhlw.go.jp/10/index.php?action_kouhyou_detail_004_kani=true&JigyosyoCd=1060390323-00&ServiceCd=130&Type=search", "url2": "https:∥www.iwasita-hospital.com" }, "geometry": { "type": "Point", "coordinates": [ 139.3406401, 36.4136196 ] } },
{ "type": "Feature", "properties": { "内容": "訪問看護ステーションほほえみ【訪問看護】群馬県伊勢崎市柴町539番地2ヒルズシバ　Ⅽ102", "url": "https://www.kaigokensaku.mhlw.go.jp/10/index.php?action_kouhyou_detail_004_kani=true&JigyosyoCd=1060490370-00&ServiceCd=130&Type=search", "url2": null }, "geometry": { "type": "Point", "coordinates": [ 139.169068, 36.2911402 ] } },
{ "type": "Feature", "properties": { "内容": "訪問看護ステーションあやめ伊勢崎国定【訪問看護】群馬県伊勢崎市西久保町2丁目195番6ドルフィンスルーⅡ棟101号室", "url": "https://www.kaigokensaku.mhlw.go.jp/10/index.php?action_kouhyou_detail_004_kani=true&JigyosyoCd=1060490453-00&ServiceCd=130&Type=search", "url2": "https://firstnurse.co.jp/" }, "geometry": { "type": "Point", "coordinates": [ 139.232832, 36.378418 ] } },
{ "type": "Feature", "properties": { "内容": "訪問看護ステーションすまいる【訪問看護】群馬県伊勢崎市西久保町2丁目195-4ドルフィンスルー1", "url": "https://www.kaigokensaku.mhlw.go.jp/10/index.php?action_kouhyou_detail_004_kani=true&JigyosyoCd=1061290050-00&ServiceCd=130&Type=search", "url2": "http://www.nexthd.co.jp/i.smile/" }, "geometry": { "type": "Point", "coordinates": [ 139.232611951643548, 36.378428562757719 ] } },
{ "type": "Feature", "properties": { "内容": "訪問看護ステーションCOLORS伊勢崎【訪問看護】群馬県伊勢崎市下植木町772-37サンモール植木A", "url": "https://www.kaigokensaku.mhlw.go.jp/10/index.php?action_kouhyou_detail_004_kani=true&JigyosyoCd=1060490461-00&ServiceCd=130&Type=search", "url2": "https://colors-isesaki.amebaownd.com/" }, "geometry": { "type": "Point", "coordinates": [ 139.2148923, 36.3189284 ] } },
{ "type": "Feature", "properties": { "内容": "you＆ⅰ訪問看護ステーション【訪問看護】群馬県伊勢崎市羽黒町20番地5", "url": "https://www.kaigokensaku.mhlw.go.jp/10/index.php?action_kouhyou_detail_004_kani=true&JigyosyoCd=1060490495-00&ServiceCd=130&Type=search", "url2": null }, "geometry": { "type": "Point", "coordinates": [ 139.21418030000001, 36.2862919 ] } },
{ "type": "Feature", "properties": { "内容": "訪問看護ステーションれむりあ【訪問看護】群馬県伊勢崎市宮前町1543-1ヤマハハイツC棟101", "url": "https://www.kaigokensaku.mhlw.go.jp/10/index.php?action_kouhyou_detail_004_kani=true&JigyosyoCd=1060490511-00&ServiceCd=130&Type=search", "url2": "https://lemuriacare.com" }, "geometry": { "type": "Point", "coordinates": [ 139.205295246684074, 36.323264445741273 ] } },
{ "type": "Feature", "properties": { "内容": "マリー訪問看護ステーション【訪問看護】群馬県伊勢崎市波志江町1152", "url": "https://www.kaigokensaku.mhlw.go.jp/10/index.php?action_kouhyou_detail_004_kani=true&JigyosyoCd=1060490552-00&ServiceCd=130&Type=search", "url2": "https://www.ishii.or.jp/houmonkango/" }, "geometry": { "type": "Point", "coordinates": [ 139.183075699999989, 36.3394412 ] } },
{ "type": "Feature", "properties": { "内容": "訪問看護ステーションアイリーライフ【訪問看護】群馬県伊勢崎市田中島町551-２ナーシングホームアイリーライフ", "url": "https://www.kaigokensaku.mhlw.go.jp/10/index.php?action_kouhyou_detail_004_kani=true&JigyosyoCd=1060490602-00&ServiceCd=130&Type=search", "url2": null }, "geometry": { "type": "Point", "coordinates": [ 139.16804922023772, 36.320693867193476 ] } },
{ "type": "Feature", "properties": { "内容": "訪問看護　勇気の花【訪問看護】群馬県伊勢崎市境萩原1752-1レジデンスFA101", "url": "https://www.kaigokensaku.mhlw.go.jp/10/index.php?action_kouhyou_detail_004_kani=true&JigyosyoCd=1060490610-00&ServiceCd=130&Type=search", "url2": "https://health55.me/" }, "geometry": { "type": "Point", "coordinates": [ 139.2505227, 36.2760185 ] } },
{ "type": "Feature", "properties": { "内容": "精神科訪問看護ステーションHopeful【訪問看護】群馬県伊勢崎市宮子町３４７７－５八木ヒルズＢ１０１号室", "url": "https://www.kaigokensaku.mhlw.go.jp/10/index.php?action_kouhyou_detail_004_kani=true&JigyosyoCd=1060490644-00&ServiceCd=130&Type=search", "url2": null }, "geometry": { "type": "Point", "coordinates": [ 139.1511013, 36.34115330000003 ] } },
{ "type": "Feature", "properties": { "内容": "訪問看護オールケア伊勢崎【訪問看護】群馬県伊勢崎市中町533-1", "url": "https://www.kaigokensaku.mhlw.go.jp/10/index.php?action_kouhyou_detail_004_kani=true&JigyosyoCd=1060490123-00&ServiceCd=130&Type=search", "url2": "http://allcare-japan.com" }, "geometry": { "type": "Point", "coordinates": [ 139.175040779592905, 36.301649616597558 ] } },
{ "type": "Feature", "properties": { "内容": "訪問看護ステーションれもん【訪問看護】群馬県伊勢崎市喜多町47（2F）", "url": "https://www.kaigokensaku.mhlw.go.jp/10/index.php?action_kouhyou_detail_004_kani=true&JigyosyoCd=1060490628-00&ServiceCd=130&Type=search", "url2": null }, "geometry": { "type": "Point", "coordinates": [ 139.1948252, 36.3301981 ] } },
{ "type": "Feature", "properties": { "内容": "クラレ訪問看護ステーション伊勢崎【訪問看護】群馬県伊勢崎市山王町69-4ミラハイツＡ　103", "url": "https://www.kaigokensaku.mhlw.go.jp/10/index.php?action_kouhyou_detail_004_kani=true&JigyosyoCd=1060490651-00&ServiceCd=130&Type=search", "url2": "https://curare-nsstation.com" }, "geometry": { "type": "Point", "coordinates": [ 139.189237100000014, 36.3032208 ] } },
{ "type": "Feature", "properties": { "内容": "訪問看護ステーション　オリーブの樹【訪問看護】群馬県伊勢崎市赤堀今井町１丁目　361-4", "url": "https://www.kaigokensaku.mhlw.go.jp/10/index.php?action_kouhyou_detail_004_kani=true&JigyosyoCd=1060490677-00&ServiceCd=130&Type=search", "url2": "http://olivenoki.jp" }, "geometry": { "type": "Point", "coordinates": [ 139.210813510450748, 36.374661942418591 ] } },
{ "type": "Feature", "properties": { "内容": "訪問看護ステーションケアーズ伊勢崎南【訪問看護】群馬県伊勢崎市羽黒町４番地4", "url": "https://www.kaigokensaku.mhlw.go.jp/10/index.php?action_kouhyou_detail_004_kani=true&JigyosyoCd=1060490180-00&ServiceCd=130&Type=search", "url2": "https://www.elcares-isesaki.com/" }, "geometry": { "type": "Point", "coordinates": [ 139.212290617825744, 36.289603585330319 ] } },
{ "type": "Feature", "properties": { "内容": "伊勢崎佐波医師会病院訪問看護ステーション【訪問看護】群馬県伊勢崎市下植木町481番地", "url": "https://www.kaigokensaku.mhlw.go.jp/10/index.php?action_kouhyou_detail_004_kani=true&JigyosyoCd=1060490008-00&ServiceCd=130&Type=search", "url2": "ishikai-hkst@isesa-med.jp" }, "geometry": { "type": "Point", "coordinates": [ 139.209443299999975, 36.3160387 ] } },
{ "type": "Feature", "properties": { "内容": "グレース訪問看護ステーション【訪問看護】群馬県伊勢崎市下植木町867－1グレイトウッド202", "url": "https://www.kaigokensaku.mhlw.go.jp/10/index.php?action_kouhyou_detail_004_kani=true&JigyosyoCd=1060490446-00&ServiceCd=130&Type=search", "url2": "https://grace-isesaki.com" }, "geometry": { "type": "Point", "coordinates": [ 139.211099100000013, 36.3185213 ] } },
{ "type": "Feature", "properties": { "内容": "訪問看護ステーション　ウィズ【訪問看護】群馬県伊勢崎市間野谷町81-10", "url": "https://www.kaigokensaku.mhlw.go.jp/10/index.php?action_kouhyou_detail_004_kani=true&JigyosyoCd=1060490479-00&ServiceCd=130&Type=search", "url2": null }, "geometry": { "type": "Point", "coordinates": [ 139.270698, 36.3711777 ] } },
{ "type": "Feature", "properties": { "内容": "訪問看護ステーション　ふれあい【訪問看護】群馬県伊勢崎市宮子町３５６２－８", "url": "https://www.kaigokensaku.mhlw.go.jp/10/index.php?action_kouhyou_detail_004_kani=true&JigyosyoCd=1060490057-00&ServiceCd=130&Type=search", "url2": "http://www.visiting.iyasaka.info" }, "geometry": { "type": "Point", "coordinates": [ 139.153099699999984, 36.3281142 ] } },
{ "type": "Feature", "properties": { "内容": "訪問看護ステーションつるがや【訪問看護】群馬県伊勢崎市境百々421", "url": "https://www.kaigokensaku.mhlw.go.jp/10/index.php?action_kouhyou_detail_004_kani=true&JigyosyoCd=1062890007-00&ServiceCd=130&Type=search", "url2": null }, "geometry": { "type": "Point", "coordinates": [ 139.254111012303156, 36.277526688379048 ] } },
{ "type": "Feature", "properties": { "内容": "訪問看護ステーションＷＩＬＬ　天【訪問看護】群馬県伊勢崎市香林町1丁目543番地", "url": "https://www.kaigokensaku.mhlw.go.jp/10/index.php?action_kouhyou_detail_004_kani=true&JigyosyoCd=1060490347-00&ServiceCd=130&Type=search", "url2": "hikari-social.com" }, "geometry": { "type": "Point", "coordinates": [ 139.234640227200288, 36.391248482577005 ] } },
{ "type": "Feature", "properties": { "内容": "訪問看護ステーションおおいど【訪問看護】群馬県伊勢崎市三室町4014-20", "url": "https://www.kaigokensaku.mhlw.go.jp/10/index.php?action_kouhyou_detail_004_kani=true&JigyosyoCd=1060490313-00&ServiceCd=130&Type=search", "url2": "http:www.ooido.net/" }, "geometry": { "type": "Point", "coordinates": [ 139.245088, 36.3170982 ] } },
{ "type": "Feature", "properties": { "内容": "愛老園訪問看護ステーション【訪問看護】群馬県伊勢崎市安堀町1179-1", "url": "https://www.kaigokensaku.mhlw.go.jp/10/index.php?action_kouhyou_detail_004_kani=true&JigyosyoCd=1060490362-00&ServiceCd=130&Type=search", "url2": "http://www.airou-en.com/" }, "geometry": { "type": "Point", "coordinates": [ 139.1854763, 36.3283532 ] } },
{ "type": "Feature", "properties": { "内容": "訪問看護ステーション　ちゃお【訪問看護】群馬県伊勢崎市太田町1205-21ロイヤルコート１０３", "url": "https://www.kaigokensaku.mhlw.go.jp/10/index.php?action_kouhyou_detail_004_kani=true&JigyosyoCd=1060490412-00&ServiceCd=130&Type=search", "url2": "https://ns-ciao.com" }, "geometry": { "type": "Point", "coordinates": [ 139.1810763, 36.3253049 ] } },
{ "type": "Feature", "properties": { "内容": "訪問看護ステーショングラーチア【訪問看護】群馬県伊勢崎市大手町1-1", "url": "https://www.kaigokensaku.mhlw.go.jp/10/index.php?action_kouhyou_detail_004_kani=true&JigyosyoCd=1060490016-00&ServiceCd=130&Type=search", "url2": "http://mihara-ibbv.jp" }, "geometry": { "type": "Point", "coordinates": [ 139.194364160049417, 36.325279427283519 ] } },
{ "type": "Feature", "properties": { "内容": "訪問看護ステーション天の川【訪問看護】群馬県伊勢崎市中央町１４番地１", "url": "https://www.kaigokensaku.mhlw.go.jp/10/index.php?action_kouhyou_detail_004_kani=true&JigyosyoCd=1060490354-00&ServiceCd=130&Type=search", "url2": null }, "geometry": { "type": "Point", "coordinates": [ 139.202668, 36.3178368 ] } },
{ "type": "Feature", "properties": { "内容": "訪問看護ステーション　仁【訪問看護】群馬県伊勢崎市長沼町1979", "url": "https://www.kaigokensaku.mhlw.go.jp/10/index.php?action_kouhyou_detail_004_kani=true&JigyosyoCd=1060490149-00&ServiceCd=130&Type=search", "url2": null }, "geometry": { "type": "Point", "coordinates": [ 139.212756300000024, 36.2653809 ] } },
{ "type": "Feature", "properties": { "内容": "ケアライフ華蔵寺訪問看護ステーション【訪問看護】群馬県伊勢崎市堤下町７２番地1", "url": "https://www.kaigokensaku.mhlw.go.jp/10/index.php?action_kouhyou_detail_004_kani=true&JigyosyoCd=1060490404-00&ServiceCd=130&Type=search", "url2": "https://bestlife1165.com/" }, "geometry": { "type": "Point", "coordinates": [ 139.196140593254057, 36.338223158345926 ] } },
{ "type": "Feature", "properties": { "内容": "ウィル訪問看護ステーション伊勢崎【訪問看護】群馬県伊勢崎市田中島町1400番地2協和第2ビル2号室", "url": "https://www.kaigokensaku.mhlw.go.jp/10/index.php?action_kouhyou_detail_004_kani=true&JigyosyoCd=1060490487-00&ServiceCd=130&Type=search", "url2": "https://wyl.co.jp/station/" }, "geometry": { "type": "Point", "coordinates": [ 139.1660573, 36.3270252 ] } },
{ "type": "Feature", "properties": { "内容": "きづき訪問看護ステーション【訪問看護】群馬県伊勢崎市田中島町１４１２番地８", "url": "https://www.kaigokensaku.mhlw.go.jp/10/index.php?action_kouhyou_detail_004_kani=true&JigyosyoCd=1060490271-00&ServiceCd=130&Type=search", "url2": "https://kiduki-v-n-s.wixsite.com/-site" }, "geometry": { "type": "Point", "coordinates": [ 139.165935584061458, 36.324359073790482 ] } },
{ "type": "Feature", "properties": { "内容": "訪問看護ステーション　はなき【訪問看護】群馬県伊勢崎市田部井町一丁目１６３９-2", "url": "https://www.kaigokensaku.mhlw.go.jp/10/index.php?action_kouhyou_detail_004_kani=true&JigyosyoCd=1060490206-00&ServiceCd=130&Type=search", "url2": "//www.hanaki2012.info" }, "geometry": { "type": "Point", "coordinates": [ 139.251485666235823, 36.356730343949685 ] } },
{ "type": "Feature", "properties": { "内容": "訪問看護ステーション　ライト【訪問看護】群馬県伊勢崎市田部井町3丁目167ウィンクルD棟３号", "url": "https://www.kaigokensaku.mhlw.go.jp/10/index.php?action_kouhyou_detail_004_kani=true&JigyosyoCd=1060490396-00&ServiceCd=130&Type=search", "url2": "http://hp.kaipoke.biz/a5t/index.html" }, "geometry": { "type": "Point", "coordinates": [ 139.261333900000011, 36.3502031 ] } },
{ "type": "Feature", "properties": { "内容": "すずらん訪問看護ステーション【訪問看護】群馬県伊勢崎市東本町346-5", "url": "https://www.kaigokensaku.mhlw.go.jp/10/index.php?action_kouhyou_detail_004_kani=true&JigyosyoCd=1060490248-00&ServiceCd=130&Type=search", "url2": "https://www.suzuran.anera-isesaki.com/" }, "geometry": { "type": "Point", "coordinates": [ 139.205769785933455, 36.319736323680679 ] } },
{ "type": "Feature", "properties": { "内容": "訪問看護ステーションかなえ【訪問看護】群馬県伊勢崎市連取元町287番地2シターレ102号", "url": "https://www.kaigokensaku.mhlw.go.jp/10/index.php?action_kouhyou_detail_004_kani=true&JigyosyoCd=1060490438-00&ServiceCd=130&Type=search", "url2": "https://vns-kanae.amebaownd.com/" }, "geometry": { "type": "Point", "coordinates": [ 139.17806998483735, 36.314019504191926 ] } },
{ "type": "Feature", "properties": { "内容": "訪問看護ステーションあい想【訪問看護】群馬県伊勢崎市連取町2360-1", "url": "https://www.kaigokensaku.mhlw.go.jp/10/index.php?action_kouhyou_detail_004_kani=true&JigyosyoCd=1060490131-00&ServiceCd=130&Type=search", "url2": "http://www.cosumosu.info" }, "geometry": { "type": "Point", "coordinates": [ 139.1836806, 36.3071391 ] } },
{ "type": "Feature", "properties": { "内容": "訪問看護ステーションとうわ伊勢崎西事業所【訪問看護】群馬県伊勢崎市連取町3039-8", "url": "https://www.kaigokensaku.mhlw.go.jp/10/index.php?action_kouhyou_detail_004_kani=true&JigyosyoCd=1060490115-00&ServiceCd=130&Type=search", "url2": "http://www.caresup.co.jp/" }, "geometry": { "type": "Point", "coordinates": [ 139.172646285319502, 36.322567172099113 ] } },
{ "type": "Feature", "properties": { "内容": "訪問看護ケアサポ２４【訪問看護】群馬県伊勢崎市連取町3093-3", "url": "https://www.kaigokensaku.mhlw.go.jp/10/index.php?action_kouhyou_detail_004_kani=true&JigyosyoCd=1060490297-00&ServiceCd=130&Type=search", "url2": "https://www.caresapo24.net" }, "geometry": { "type": "Point", "coordinates": [ 139.173695597855072, 36.314607625997887 ] } },
{ "type": "Feature", "properties": { "内容": "訪問看護ステーションいせさき【訪問看護】群馬県伊勢崎市連取本町12番地１", "url": "https://www.kaigokensaku.mhlw.go.jp/10/index.php?action_kouhyou_detail_004_kani=true&JigyosyoCd=1060490065-00&ServiceCd=130&Type=search", "url2": "http://www.hospital.isesaki.gunma.jp/" }, "geometry": { "type": "Point", "coordinates": [ 139.17756380000003, 36.3230399 ] } },
{ "type": "Feature", "properties": { "内容": "訪問看護ステーションくれよん【訪問看護】群馬県伊勢崎市間野谷町1115ｻｰﾋﾞｽ付き高齢者向け住宅　1階", "url": "https://www.kaigokensaku.mhlw.go.jp/10/index.php?action_kouhyou_detail_004_kani=true&JigyosyoCd=1060490214-00&ServiceCd=130&Type=search", "url2": "http://kureyon.co.jp/" }, "geometry": { "type": "Point", "coordinates": [ 139.258692200000041, 36.378325 ] } },
{ "type": "Feature", "properties": { "内容": "訪問看護ステーションエール２【訪問看護】群馬県伊勢崎市田部井町３－１６９ウィンクルA棟3号", "url": "https://www.kaigokensaku.mhlw.go.jp/10/index.php?action_kouhyou_detail_004_kani=true&JigyosyoCd=1060490685-00&ServiceCd=130&Type=search", "url2": null }, "geometry": { "type": "Point", "coordinates": [ 139.2565735, 36.3506834 ] } },
{ "type": "Feature", "properties": { "内容": "訪問看護ステーション絆【訪問看護】群馬県伊勢崎市西久保町2丁目1420", "url": "https://www.kaigokensaku.mhlw.go.jp/10/index.php?action_kouhyou_detail_004_kani=true&JigyosyoCd=1060490693-00&ServiceCd=130&Type=search", "url2": "https://by-corp.jp/" }, "geometry": { "type": "Point", "coordinates": [ 139.239358185790707, 36.378453751554531 ] } },
{ "type": "Feature", "properties": { "内容": "Ｉ　Ｃｒｅｗ　訪問看護リハビリステーション【訪問看護】群馬県伊勢崎市下植木町772-39ダイアパレス伊勢崎第2　905号", "url": "https://www.kaigokensaku.mhlw.go.jp/10/index.php?action_kouhyou_detail_004_kani=true&JigyosyoCd=1060490701-00&ServiceCd=130&Type=search", "url2": null }, "geometry": { "type": "Point", "coordinates": [ 139.214509077909838, 36.319895177998895 ] } },
{ "type": "Feature", "properties": { "内容": "医療法人上毛会　訪問看護ステーションあじさい【訪問看護】群馬県伊勢崎市鹿島町556-2", "url": "https://www.kaigokensaku.mhlw.go.jp/10/index.php?action_kouhyou_detail_004_kani=true&JigyosyoCd=1060490719-00&ServiceCd=130&Type=search", "url2": "https://www.fukushima-hospital.com" }, "geometry": { "type": "Point", "coordinates": [ 139.204113399999983, 36.332108 ] } },
{ "type": "Feature", "properties": { "内容": "訪問看護ステーション　UP【訪問看護】群馬県伊勢崎市小泉町233番地16", "url": "https://www.kaigokensaku.mhlw.go.jp/10/index.php?action_kouhyou_detail_004_kani=true&JigyosyoCd=1060490578-00&ServiceCd=130&Type=search", "url2": null }, "geometry": { "type": "Point", "coordinates": [ 139.25847730000001, 36.3382355 ] } },
{ "type": "Feature", "properties": { "内容": "訪問看護ステーションむすび【訪問看護】群馬県伊勢崎市間野谷町６１７番地１新井貸住宅Ｂ号棟", "url": "https://www.kaigokensaku.mhlw.go.jp/10/index.php?action_kouhyou_detail_004_kani=true&JigyosyoCd=1060490636-00&ServiceCd=130&Type=search", "url2": null }, "geometry": { "type": "Point", "coordinates": [ 139.2649437, 36.3835503 ] } },
{ "type": "Feature", "properties": { "内容": "看護サポートルミナ【訪問看護】群馬県伊勢崎市乾町109-3", "url": "https://www.kaigokensaku.mhlw.go.jp/10/index.php?action_kouhyou_detail_004_kani=true&JigyosyoCd=1060490727-00&ServiceCd=130&Type=search", "url2": null }, "geometry": { "type": "Point", "coordinates": [ 139.1917943, 36.338663 ] } },
{ "type": "Feature", "properties": { "内容": "訪問看護ステーション咲楽【訪問看護】群馬県伊勢崎市市場町一丁目90番地4", "url": "https://www.kaigokensaku.mhlw.go.jp/10/index.php?action_kouhyou_detail_004_kani=true&JigyosyoCd=1060490503-00&ServiceCd=130&Type=search", "url2": "https://www.houmonkango-sakura.info/" }, "geometry": { "type": "Point", "coordinates": [ 139.2262866, 36.3736526 ] } },
{ "type": "Feature", "properties": { "内容": "訪問看護ステーションゆう【訪問看護】群馬県伊勢崎市中町66-2", "url": "https://www.kaigokensaku.mhlw.go.jp/10/index.php?action_kouhyou_detail_004_kani=true&JigyosyoCd=1060490529-00&ServiceCd=130&Type=search", "url2": null }, "geometry": { "type": "Point", "coordinates": [ 139.178432249073751, 36.288366988049447 ] } },
{ "type": "Feature", "properties": { "内容": "訪問看護ステーションFIRST伊勢崎【訪問看護】群馬県伊勢崎市東小保方町3519雄宝ビル203号", "url": "https://www.kaigokensaku.mhlw.go.jp/10/index.php?action_kouhyou_detail_004_kani=true&JigyosyoCd=1060490586-00&ServiceCd=130&Type=search", "url2": "https://akagi-aroadtohappiness.com/first_isezaki/" }, "geometry": { "type": "Point", "coordinates": [ 139.247519, 36.3266243 ] } },
{ "type": "Feature", "properties": { "内容": "花の詩【訪問看護】群馬県伊勢崎市波志江町776-3", "url": "https://www.kaigokensaku.mhlw.go.jp/10/index.php?action_kouhyou_detail_004_kani=true&JigyosyoCd=1060490545-00&ServiceCd=130&Type=search", "url2": "http：//zuika.biz" }, "geometry": { "type": "Point", "coordinates": [ 139.1738327, 36.3489977 ] } },
{ "type": "Feature", "properties": { "内容": "訪問看護ステーションこむぎ伊勢崎【訪問看護】群馬県伊勢崎市波志江町213SFコーポ101", "url": "https://www.kaigokensaku.mhlw.go.jp/10/index.php?action_kouhyou_detail_004_kani=true&JigyosyoCd=1060490594-00&ServiceCd=130&Type=search", "url2": null }, "geometry": { "type": "Point", "coordinates": [ 139.183612952184262, 36.351411701819728 ] } },
{ "type": "Feature", "properties": { "内容": "訪問看護ステーションデューン太田桐生【訪問看護】群馬県太田市安良岡町436-4安良岡町倉庫付事務所101号", "url": "https://www.kaigokensaku.mhlw.go.jp/10/index.php?action_kouhyou_detail_004_kani=true&JigyosyoCd=1060590344-00&ServiceCd=130&Type=search", "url2": null }, "geometry": { "type": "Point", "coordinates": [ 139.3958754, 36.3135676 ] } },
{ "type": "Feature", "properties": { "内容": "あい太田訪問看護ステーション【訪問看護】群馬県太田市浜町59-3", "url": "https://www.kaigokensaku.mhlw.go.jp/10/index.php?action_kouhyou_detail_004_kani=true&JigyosyoCd=1060590351-00&ServiceCd=130&Type=search", "url2": "https://aiyu-kai.or.jp" }, "geometry": { "type": "Point", "coordinates": [ 139.3626179, 36.2909398 ] } },
{ "type": "Feature", "properties": { "内容": "精神科訪問看護ステーションやすらぎ【訪問看護】群馬県太田市飯塚町45番地5", "url": "https://www.kaigokensaku.mhlw.go.jp/10/index.php?action_kouhyou_detail_004_kani=true&JigyosyoCd=1060590369-00&ServiceCd=130&Type=search", "url2": "https://akagikai.jp/yasuragi/" }, "geometry": { "type": "Point", "coordinates": [ 139.3795753, 36.2777423 ] } },
{ "type": "Feature", "properties": { "内容": "くまさんず訪問看護ステーション【訪問看護】群馬県太田市市場町1066番地10カネイシハウスINo.5", "url": "https://www.kaigokensaku.mhlw.go.jp/10/index.php?action_kouhyou_detail_004_kani=true&JigyosyoCd=1060590385-00&ServiceCd=130&Type=search", "url2": null }, "geometry": { "type": "Point", "coordinates": [ 139.4101805, 36.334909 ] } },
{ "type": "Feature", "properties": { "内容": "訪問看護ステーションあやめ新田【訪問看護】群馬県太田市下田島町1547番地1ロイヤルパレス泉Ａ棟103号室", "url": "https://www.kaigokensaku.mhlw.go.jp/10/index.php?action_kouhyou_detail_004_kani=true&JigyosyoCd=1060590427-00&ServiceCd=130&Type=search", "url2": "https://firstnurse.co.jp/" }, "geometry": { "type": "Point", "coordinates": [ 139.3118943, 36.2664484 ] } },
{ "type": "Feature", "properties": { "内容": "訪問看護ふくしのまち太田【訪問看護】群馬県太田市龍舞町5563102号", "url": "https://www.kaigokensaku.mhlw.go.jp/10/index.php?action_kouhyou_detail_004_kani=true&JigyosyoCd=1060590393-00&ServiceCd=130&Type=search", "url2": "https://www.saint-care.com/youism/" }, "geometry": { "type": "Point", "coordinates": [ 139.414773200000013, 36.2738814 ] } },
{ "type": "Feature", "properties": { "内容": "ぽかぽか訪問看護ステーション【訪問看護】群馬県太田市鳥山下町646ｰ1クレセントハウス302", "url": "https://www.kaigokensaku.mhlw.go.jp/10/index.php?action_kouhyou_detail_004_kani=true&JigyosyoCd=1060590484-00&ServiceCd=130&Type=search", "url2": "https://pokapoka-houkan.studio.site/" }, "geometry": { "type": "Point", "coordinates": [ 139.354181399999987, 36.3142602 ] } },
{ "type": "Feature", "properties": { "内容": "訪問看護H２【訪問看護】群馬県太田市南矢島町688-1静コーポ102号室", "url": "https://www.kaigokensaku.mhlw.go.jp/10/index.php?action_kouhyou_detail_004_kani=true&JigyosyoCd=1060590492-00&ServiceCd=130&Type=search", "url2": "https://min.page/kirari0303" }, "geometry": { "type": "Point", "coordinates": [ 139.3800985, 36.2635496 ] } },
{ "type": "Feature", "properties": { "内容": "訪問看護ステーションFIRST太田【訪問看護】群馬県太田市東別所町135-1", "url": "https://www.kaigokensaku.mhlw.go.jp/10/index.php?action_kouhyou_detail_004_kani=true&JigyosyoCd=1060590518-00&ServiceCd=130&Type=search", "url2": "https://akagi-aroadtohappiness.com/" }, "geometry": { "type": "Point", "coordinates": [ 139.3991767, 36.267264900000043 ] } },
{ "type": "Feature", "properties": { "内容": "訪問看護ステーションきずな【訪問看護】群馬県太田市内ケ島町2051", "url": "https://www.kaigokensaku.mhlw.go.jp/10/index.php?action_kouhyou_detail_004_kani=true&JigyosyoCd=1060590526-00&ServiceCd=130&Type=search", "url2": "https://tubasakizuna.my.canva.site/" }, "geometry": { "type": "Point", "coordinates": [ 139.4033336, 36.2806606 ] } },
{ "type": "Feature", "properties": { "内容": "訪問看護ステーションきらめきPLUS【訪問看護】群馬県太田市新田上田中町1027-4", "url": "https://www.kaigokensaku.mhlw.go.jp/10/index.php?action_kouhyou_detail_004_kani=true&JigyosyoCd=1060590534-00&ServiceCd=130&Type=search", "url2": "https://www.changes.red/" }, "geometry": { "type": "Point", "coordinates": [ 139.2684386, 36.3051231 ] } },
{ "type": "Feature", "properties": { "内容": "陽の里訪問看護ステーション【訪問看護】群馬県太田市東長岡町173けやきハイツFE22号", "url": "https://www.kaigokensaku.mhlw.go.jp/10/index.php?action_kouhyou_detail_004_kani=true&JigyosyoCd=1060590559-00&ServiceCd=130&Type=search", "url2": "https://www.hinosato-visiting-nursing.com/" }, "geometry": { "type": "Point", "coordinates": [ 139.3946008, 36.2947528 ] } },
{ "type": "Feature", "properties": { "内容": "訪問看護ステーション心【訪問看護】群馬県太田市飯田町612番地レジデンス幸201", "url": "https://www.kaigokensaku.mhlw.go.jp/10/index.php?action_kouhyou_detail_004_kani=true&JigyosyoCd=1060590542-00&ServiceCd=130&Type=search", "url2": "https://www.houkan-cocoro2025.com/" }, "geometry": { "type": "Point", "coordinates": [ 139.378275300000013, 36.2850169 ] } },
{ "type": "Feature", "properties": { "内容": "訪問看護リレーション【訪問看護】群馬県太田市由良町612", "url": "https://www.kaigokensaku.mhlw.go.jp/10/index.php?action_kouhyou_detail_004_kani=true&JigyosyoCd=1060590476-00&ServiceCd=130&Type=search", "url2": "https://nijiiro-ota.com/carecenter/" }, "geometry": { "type": "Point", "coordinates": [ 139.345921085319532, 36.284329875795528 ] } },
{ "type": "Feature", "properties": { "内容": "訪問看護ステーション利楽【訪問看護】群馬県太田市高瀬町211番地", "url": "https://www.kaigokensaku.mhlw.go.jp/10/index.php?action_kouhyou_detail_004_kani=true&JigyosyoCd=1060590260-00&ServiceCd=130&Type=search", "url2": "http://necessary.jp/" }, "geometry": { "type": "Point", "coordinates": [ 139.422333473016351, 36.324444297837907 ] } },
{ "type": "Feature", "properties": { "内容": "訪問サービスセンターみなみ【訪問看護】群馬県太田市高林北町1138-1", "url": "https://www.kaigokensaku.mhlw.go.jp/10/index.php?action_kouhyou_detail_004_kani=true&JigyosyoCd=1060590013-00&ServiceCd=130&Type=search", "url2": null }, "geometry": { "type": "Point", "coordinates": [ 139.370730500000036, 36.2635306 ] } },
{ "type": "Feature", "properties": { "内容": "訪問看護ステーション孫の手・こまいぎ【訪問看護】群馬県太田市小舞木町487-2", "url": "https://www.kaigokensaku.mhlw.go.jp/10/index.php?action_kouhyou_detail_004_kani=true&JigyosyoCd=1060590435-00&ServiceCd=130&Type=search", "url2": "https://magonote-inc.jp" }, "geometry": { "type": "Point", "coordinates": [ 139.38689530000002, 36.284836100000042 ] } },
{ "type": "Feature", "properties": { "内容": "ひなた訪問看護リハビリステーション【訪問看護】群馬県太田市新田市野井町９４－１ソシアルビル新田106", "url": "https://www.kaigokensaku.mhlw.go.jp/10/index.php?action_kouhyou_detail_004_kani=true&JigyosyoCd=1060590302-00&ServiceCd=130&Type=search", "url2": "http://www.hinata-ls.com/" }, "geometry": { "type": "Point", "coordinates": [ 139.308817699999963, 36.3072307 ] } },
{ "type": "Feature", "properties": { "内容": "訪問看護ステーションわたぼうし【訪問看護】群馬県太田市新田大根町266番地3", "url": "https://www.kaigokensaku.mhlw.go.jp/10/index.php?action_kouhyou_detail_004_kani=true&JigyosyoCd=1060590153-00&ServiceCd=130&Type=search", "url2": "tannpopo.wataboushi@gmail.com" }, "geometry": { "type": "Point", "coordinates": [ 139.288535086508205, 36.315525662894686 ] } },
{ "type": "Feature", "properties": { "内容": "訪問看護ステーション　たくみ【訪問看護】群馬県太田市新田大町145-1パナハイツルナB棟　103号", "url": "https://www.kaigokensaku.mhlw.go.jp/10/index.php?action_kouhyou_detail_004_kani=true&JigyosyoCd=1060590229-00&ServiceCd=130&Type=search", "url2": null }, "geometry": { "type": "Point", "coordinates": [ 139.280284677909862, 36.321294810781083 ] } },
{ "type": "Feature", "properties": { "内容": "訪問看護ステーション愛和【訪問看護】群馬県太田市新野町852-1訪問看護ステーション愛和", "url": "https://www.kaigokensaku.mhlw.go.jp/10/index.php?action_kouhyou_detail_004_kani=true&JigyosyoCd=1060590286-00&ServiceCd=130&Type=search", "url2": "https://www.treasuretrust.online" }, "geometry": { "type": "Point", "coordinates": [ 139.339975841311627, 36.304537552817429 ] } },
{ "type": "Feature", "properties": { "内容": "訪問看護ステーションはぴねす【訪問看護】群馬県太田市西新町２３番地２", "url": "https://www.kaigokensaku.mhlw.go.jp/10/index.php?action_kouhyou_detail_004_kani=true&JigyosyoCd=1060590211-00&ServiceCd=130&Type=search", "url2": "www.happiness-kaigo.com" }, "geometry": { "type": "Point", "coordinates": [ 139.346941532848405, 36.269014751027022 ] } },
{ "type": "Feature", "properties": { "内容": "天使のケア　清水【訪問看護】群馬県太田市西長岡町８４８－２", "url": "https://www.kaigokensaku.mhlw.go.jp/10/index.php?action_kouhyou_detail_004_kani=true&JigyosyoCd=1060590088-00&ServiceCd=130&Type=search", "url2": "https://www.team-shimizu.com" }, "geometry": { "type": "Point", "coordinates": [ 139.3305838, 36.3506096 ] } },
{ "type": "Feature", "properties": { "内容": "訪問看護ステーション　本島【訪問看護】群馬県太田市西本町10-10", "url": "https://www.kaigokensaku.mhlw.go.jp/10/index.php?action_kouhyou_detail_004_kani=true&JigyosyoCd=1060590039-00&ServiceCd=130&Type=search", "url2": "http://www.motojima.jp" }, "geometry": { "type": "Point", "coordinates": [ 139.367937799999936, 36.2946384 ] } },
{ "type": "Feature", "properties": { "内容": "東長岡訪問看護ステーションたんぽぽ【訪問看護】群馬県太田市石原町927番地", "url": "https://www.kaigokensaku.mhlw.go.jp/10/index.php?action_kouhyou_detail_004_kani=true&JigyosyoCd=1060590005-00&ServiceCd=130&Type=search", "url2": "http://www.kyouritsu.org" }, "geometry": { "type": "Point", "coordinates": [ 139.405116342638649, 36.297724486937234 ] } },
{ "type": "Feature", "properties": { "内容": "訪問看護ステーション孫の手【訪問看護】群馬県太田市大原町156-3", "url": "https://www.kaigokensaku.mhlw.go.jp/10/index.php?action_kouhyou_detail_004_kani=true&JigyosyoCd=1062990021-00&ServiceCd=130&Type=search", "url2": "https://magonote-inc.jp/" }, "geometry": { "type": "Point", "coordinates": [ 139.296128299999964, 36.3501846 ] } },
{ "type": "Feature", "properties": { "内容": "ＳＵＢＡＲＵ健康保険組合太田記念病院訪問看護ステーション【訪問看護】群馬県太田市大島町４５５－１", "url": "https://www.kaigokensaku.mhlw.go.jp/10/index.php?action_kouhyou_detail_004_kani=true&JigyosyoCd=1060590047-00&ServiceCd=130&Type=search", "url2": "http://www.homon@ota-hosp.or.jp" }, "geometry": { "type": "Point", "coordinates": [ 139.360418699999968, 36.2993738 ] } },
{ "type": "Feature", "properties": { "内容": "訪問看護ステーションようそろ【訪問看護】群馬県太田市中根町366-4", "url": "https://www.kaigokensaku.mhlw.go.jp/10/index.php?action_kouhyou_detail_004_kani=true&JigyosyoCd=1060590237-00&ServiceCd=130&Type=search", "url2": "https://careswitch.jp" }, "geometry": { "type": "Point", "coordinates": [ 139.3231666, 36.2719138 ] } },
{ "type": "Feature", "properties": { "内容": "訪問看護リハビリステーションとるて【訪問看護】群馬県太田市鳥山下町485-7A棟1-3", "url": "https://www.kaigokensaku.mhlw.go.jp/10/index.php?action_kouhyou_detail_004_kani=true&JigyosyoCd=1060590203-00&ServiceCd=130&Type=search", "url2": "https://www.torute.net" }, "geometry": { "type": "Point", "coordinates": [ 139.3529135, 36.3109806 ] } },
{ "type": "Feature", "properties": { "内容": "訪問看護ステーションのびしろ太田【訪問看護】群馬県太田市鳥山上町2331-1上町モール3号", "url": "https://www.kaigokensaku.mhlw.go.jp/10/index.php?action_kouhyou_detail_004_kani=true&JigyosyoCd=1060590419-00&ServiceCd=130&Type=search", "url2": "https://nobishiro526.com" }, "geometry": { "type": "Point", "coordinates": [ 139.343151790213028, 36.327899624321731 ] } },
{ "type": "Feature", "properties": { "内容": "ゆうあいリハビリ訪問看護ステーション【訪問看護】群馬県太田市鳥山中町813-13", "url": "https://www.kaigokensaku.mhlw.go.jp/10/index.php?action_kouhyou_detail_004_kani=true&JigyosyoCd=1060590104-00&ServiceCd=130&Type=search", "url2": "https://yuuaireha.com/" }, "geometry": { "type": "Point", "coordinates": [ 139.350383100000045, 36.3172354 ] } },
{ "type": "Feature", "properties": { "内容": "訪問看護ステーション紡【訪問看護】群馬県太田市東金井町939", "url": "https://www.kaigokensaku.mhlw.go.jp/10/index.php?action_kouhyou_detail_004_kani=true&JigyosyoCd=1060590278-00&ServiceCd=130&Type=search", "url2": "https://www.fc-tsumugi.jp/" }, "geometry": { "type": "Point", "coordinates": [ 139.39529426533295, 36.314884419867951 ] } },
{ "type": "Feature", "properties": { "内容": "あおい訪問看護ステーション太田【訪問看護】群馬県太田市浜町58-24", "url": "https://www.kaigokensaku.mhlw.go.jp/10/index.php?action_kouhyou_detail_004_kani=true&JigyosyoCd=1060590187-00&ServiceCd=130&Type=search", "url2": "https://aoi-ns.jp/" }, "geometry": { "type": "Point", "coordinates": [ 139.363527800000014, 36.291446200000017 ] } },
{ "type": "Feature", "properties": { "内容": "訪問看護ゆいまーる【訪問看護】太田市宝町739-2", "url": "https://www.kaigokensaku.mhlw.go.jp/10/index.php?action_kouhyou_detail_004_kani=true&JigyosyoCd=1060590377-00&ServiceCd=130&Type=search", "url2": null }, "geometry": { "type": "Point", "coordinates": [ 139.3318764, 36.2856931 ] } },
{ "type": "Feature", "properties": { "内容": "医療法人宏愛会　宏愛会第一病院【訪問看護】群馬県太田市六千石町99-63", "url": "https://www.kaigokensaku.mhlw.go.jp/10/index.php?action_kouhyou_detail_004_kani=true&JigyosyoCd=1012710123-00&ServiceCd=130&Type=search", "url2": "https://koaikai.jp/daiichi/" }, "geometry": { "type": "Point", "coordinates": [ 139.286445193917814, 36.33854681581424 ] } },
{ "type": "Feature", "properties": { "内容": "訪問看護リハビリステーションKODOU【訪問看護】群馬県太田市薮塚町1266-4", "url": "https://www.kaigokensaku.mhlw.go.jp/10/index.php?action_kouhyou_detail_004_kani=true&JigyosyoCd=1060590252-00&ServiceCd=130&Type=search", "url2": null }, "geometry": { "type": "Point", "coordinates": [ 139.307515800000033, 36.3627002 ] } },
{ "type": "Feature", "properties": { "内容": "訪問看護ステーション　ととのえ【訪問看護】群馬県太田市台之郷町716-6", "url": "https://www.kaigokensaku.mhlw.go.jp/10/index.php?action_kouhyou_detail_004_kani=true&JigyosyoCd=1060590443-00&ServiceCd=130&Type=search", "url2": "https://totonoe-gunma.jp" }, "geometry": { "type": "Point", "coordinates": [ 139.409006123705979, 36.303684443210976 ] } },
{ "type": "Feature", "properties": { "内容": "訪問看護ＨＩＢＩＫＩ【訪問看護】群馬県太田市高林東町2346-1MEZOビレッジ１０８号", "url": "https://www.kaigokensaku.mhlw.go.jp/10/index.php?action_kouhyou_detail_004_kani=true&JigyosyoCd=1060590450-00&ServiceCd=130&Type=search", "url2": "https://hibikihoukan.com/" }, "geometry": { "type": "Point", "coordinates": [ 139.373039099999971, 36.255871200000016 ] } },
{ "type": "Feature", "properties": { "内容": "訪問看護ステーションリンクス【訪問看護】群馬県太田市由良町1751番地１ロアール８８1階101号室", "url": "https://www.kaigokensaku.mhlw.go.jp/10/index.php?action_kouhyou_detail_004_kani=true&JigyosyoCd=1060590468-00&ServiceCd=130&Type=search", "url2": "https://www.olink-s.com/" }, "geometry": { "type": "Point", "coordinates": [ 139.336864, 36.28761 ] } },
{ "type": "Feature", "properties": { "内容": "訪問看護ステーション　ファミリィー【訪問看護】群馬県太田市新田木崎町1758-8", "url": "https://www.kaigokensaku.mhlw.go.jp/10/index.php?action_kouhyou_detail_004_kani=true&JigyosyoCd=1060590138-00&ServiceCd=130&Type=search", "url2": "https://www.famiryi.net" }, "geometry": { "type": "Point", "coordinates": [ 139.30943501728828, 36.288182276655377 ] } },
{ "type": "Feature", "properties": { "内容": "沼田訪問看護ステーション【訪問看護】群馬県沼田市久屋原町３４５－１医療法人大誠会　内田病院", "url": "https://www.kaigokensaku.mhlw.go.jp/10/index.php?action_kouhyou_detail_004_kani=true&JigyosyoCd=1060690011-00&ServiceCd=130&Type=search", "url2": "http://taiseikai-group.com" }, "geometry": { "type": "Point", "coordinates": [ 139.104566562334639, 36.665702967573402 ] } },
{ "type": "Feature", "properties": { "内容": "なのはな訪問看護ステーション【訪問看護】群馬県沼田市上之町１１４９", "url": "https://www.kaigokensaku.mhlw.go.jp/10/index.php?action_kouhyou_detail_004_kani=true&JigyosyoCd=1060690086-00&ServiceCd=130&Type=search", "url2": "https://kijokai.or.jp/nanohanakan-honchodori/service/visiting_nursing" }, "geometry": { "type": "Point", "coordinates": [ 139.046597430173847, 36.644920268512152 ] } },
{ "type": "Feature", "properties": { "内容": "とね訪問看護ステーション【訪問看護】群馬県沼田市西原新町１８６４－２", "url": "https://www.kaigokensaku.mhlw.go.jp/10/index.php?action_kouhyou_detail_004_kani=true&JigyosyoCd=1060690037-00&ServiceCd=130&Type=search", "url2": "http://www.tonehoken.or.jp/" }, "geometry": { "type": "Point", "coordinates": [ 139.053166431105296, 36.64854315456315 ] } },
{ "type": "Feature", "properties": { "内容": "医療法人つる舞会さくらクリニック【訪問看護】群馬県館林市木戸町596番地の5", "url": "https://www.kaigokensaku.mhlw.go.jp/10/index.php?action_kouhyou_detail_004_kani=true&JigyosyoCd=1012610315-00&ServiceCd=130&Type=search", "url2": "http://tatebayashi.sakura.ne.jp" }, "geometry": { "type": "Point", "coordinates": [ 139.516856211639436, 36.278091369100814 ] } },
{ "type": "Feature", "properties": { "内容": "訪問看護ステーションすみれの里【訪問看護】群馬県館林市台宿町7-21", "url": "https://www.kaigokensaku.mhlw.go.jp/10/index.php?action_kouhyou_detail_004_kani=true&JigyosyoCd=1060790019-00&ServiceCd=130&Type=search", "url2": "http://www" }, "geometry": { "type": "Point", "coordinates": [ 139.534463100000039, 36.254115499999983 ] } },
{ "type": "Feature", "properties": { "内容": "訪問看護ぽんぽこ【訪問看護】群馬県館林市尾曳町3-31", "url": "https://www.kaigokensaku.mhlw.go.jp/10/index.php?action_kouhyou_detail_004_kani=true&JigyosyoCd=1060790084-00&ServiceCd=130&Type=search", "url2": null }, "geometry": { "type": "Point", "coordinates": [ 139.544881494378643, 36.247585892750095 ] } },
{ "type": "Feature", "properties": { "内容": "ケアーズ館林西訪問看護ステーション【訪問看護】群馬県館林市富士見町１８番４５号", "url": "https://www.kaigokensaku.mhlw.go.jp/10/index.php?action_kouhyou_detail_004_kani=true&JigyosyoCd=1060790076-00&ServiceCd=130&Type=search", "url2": "https://carest-west.wixsite.com/carestatebayashi" }, "geometry": { "type": "Point", "coordinates": [ 139.520604043516528, 36.242033966814411 ] } },
{ "type": "Feature", "properties": { "内容": "訪問看護ステーションここあ【訪問看護】群馬県館林市堀工町1630-4", "url": "https://www.kaigokensaku.mhlw.go.jp/10/index.php?action_kouhyou_detail_004_kani=true&JigyosyoCd=1060790092-00&ServiceCd=130&Type=search", "url2": "https://www.houkan-cocoa.com/" }, "geometry": { "type": "Point", "coordinates": [ 139.527508500000067, 36.223934100000015 ] } },
{ "type": "Feature", "properties": { "内容": "あしのうら訪問看護ステーション【訪問看護】群馬県館林市大島町517番地3", "url": "https://www.kaigokensaku.mhlw.go.jp/10/index.php?action_kouhyou_detail_004_kani=true&JigyosyoCd=1060790134-00&ServiceCd=130&Type=search", "url2": null }, "geometry": { "type": "Point", "coordinates": [ 139.570875100000023, 36.264915700000039 ] } },
{ "type": "Feature", "properties": { "内容": "訪問看護ステーションファミリア【訪問看護】群馬県館林市上赤生田町４２３１番地パストラルハイツＡ１０２", "url": "https://www.kaigokensaku.mhlw.go.jp/10/index.php?action_kouhyou_detail_004_kani=true&JigyosyoCd=1060790118-00&ServiceCd=130&Type=search", "url2": "https://kangofamilia.com/" }, "geometry": { "type": "Point", "coordinates": [ 139.545967490415848, 36.229155368415277 ] } },
{ "type": "Feature", "properties": { "内容": "訪問看護ステーションあやめ渋川【訪問看護】群馬県渋川市渋川891-24ア・ドリーム坂下102号室", "url": "https://www.kaigokensaku.mhlw.go.jp/10/index.php?action_kouhyou_detail_004_kani=true&JigyosyoCd=1060890090-00&ServiceCd=130&Type=search", "url2": "https://firstnurse.co.jp/" }, "geometry": { "type": "Point", "coordinates": [ 139.0039344, 36.5029404 ] } },
{ "type": "Feature", "properties": { "内容": "ＧＯＯＤコール訪問看護ステーション【訪問看護】群馬県渋川市金井1285-1ボヌール発京101", "url": "https://www.kaigokensaku.mhlw.go.jp/10/index.php?action_kouhyou_detail_004_kani=true&JigyosyoCd=1060890082-00&ServiceCd=130&Type=search", "url2": null }, "geometry": { "type": "Point", "coordinates": [ 138.997748, 36.5061227 ] } },
{ "type": "Feature", "properties": { "内容": "菜の花訪問看護ステーション【訪問看護】群馬県渋川市渋川1693番地12", "url": "https://www.kaigokensaku.mhlw.go.jp/10/index.php?action_kouhyou_detail_004_kani=true&JigyosyoCd=1060890074-00&ServiceCd=130&Type=search", "url2": null }, "geometry": { "type": "Point", "coordinates": [ 139.006649488221711, 36.491148369768077 ] } },
{ "type": "Feature", "properties": { "内容": "虹訪問看護ステ－ション【訪問看護】群馬県渋川市渋川908-22", "url": "https://www.kaigokensaku.mhlw.go.jp/10/index.php?action_kouhyou_detail_004_kani=true&JigyosyoCd=1060890009-00&ServiceCd=130&Type=search", "url2": null }, "geometry": { "type": "Point", "coordinates": [ 139.005678, 36.4995585 ] } },
{ "type": "Feature", "properties": { "内容": "訪問看護ステーションたいわ渋川【訪問看護】群馬県渋川市渋川917-1サンテラス弐番館A101", "url": "https://www.kaigokensaku.mhlw.go.jp/10/index.php?action_kouhyou_detail_004_kani=true&JigyosyoCd=1060890116-00&ServiceCd=130&Type=search", "url2": "https://www.taiwa-mittunowa.com" }, "geometry": { "type": "Point", "coordinates": [ 139.006304372520844, 36.502055065799006 ] } },
{ "type": "Feature", "properties": { "内容": "訪問看護ステーション渋川中央病院【訪問看護】群馬県渋川市石原４２８－１ローズガーデン２０５号室", "url": "https://www.kaigokensaku.mhlw.go.jp/10/index.php?action_kouhyou_detail_004_kani=true&JigyosyoCd=1060890033-00&ServiceCd=130&Type=search", "url2": "http://shibutyu.com/" }, "geometry": { "type": "Point", "coordinates": [ 139.006748181520919, 36.487189068114098 ] } },
{ "type": "Feature", "properties": { "内容": "群馬県看護協会訪問看護ステーション渋川【訪問看護】群馬県渋川市中村７０４－２", "url": "https://www.kaigokensaku.mhlw.go.jp/10/index.php?action_kouhyou_detail_004_kani=true&JigyosyoCd=1060890017-00&ServiceCd=130&Type=search", "url2": "http://www.gunma-kango.jp/sibukawa/sibukawa.html" }, "geometry": { "type": "Point", "coordinates": [ 139.018639032402007, 36.477065207010085 ] } },
{ "type": "Feature", "properties": { "内容": "ジョブナース【訪問看護】群馬県渋川市八木原１３９３番地ビーマークD-1", "url": "https://www.kaigokensaku.mhlw.go.jp/10/index.php?action_kouhyou_detail_004_kani=true&JigyosyoCd=1060890058-00&ServiceCd=130&Type=search", "url2": null }, "geometry": { "type": "Point", "coordinates": [ 139.014773284172037, 36.472948377098746 ] } },
{ "type": "Feature", "properties": { "内容": "訪問看護ステーションベルジ南渋川【訪問看護】群馬県渋川市半田2726-1", "url": "https://www.kaigokensaku.mhlw.go.jp/10/index.php?action_kouhyou_detail_004_kani=true&JigyosyoCd=1060890041-00&ServiceCd=130&Type=search", "url2": "http://www.e-verde.co.jp" }, "geometry": { "type": "Point", "coordinates": [ 139.031393500000036, 36.4655209 ] } },
{ "type": "Feature", "properties": { "内容": "シオンナースステーション白井城【訪問看護】群馬県渋川市白井582-2ベテスダホーム白井城", "url": "https://www.kaigokensaku.mhlw.go.jp/10/index.php?action_kouhyou_detail_004_kani=true&JigyosyoCd=1060890140-00&ServiceCd=130&Type=search", "url2": "https://shionnosato/jp/" }, "geometry": { "type": "Point", "coordinates": [ 139.0113931, 36.5082809 ] } },
{ "type": "Feature", "properties": { "内容": "訪問看護ステーションFIRST渋川【訪問看護】群馬県渋川市行幸田204-4", "url": "https://www.kaigokensaku.mhlw.go.jp/10/index.php?action_kouhyou_detail_004_kani=true&JigyosyoCd=1060890132-00&ServiceCd=130&Type=search", "url2": "https://akagi-aroadtohappiness.com" }, "geometry": { "type": "Point", "coordinates": [ 139.003106699999989, 36.4776249 ] } },
{ "type": "Feature", "properties": { "内容": "花あかり訪問看護ステーション【訪問看護】群馬県渋川市有馬480番地1上毛有馬ハイツA105", "url": "https://www.kaigokensaku.mhlw.go.jp/10/index.php?action_kouhyou_detail_004_kani=true&JigyosyoCd=1060890157-00&ServiceCd=130&Type=search", "url2": "http://hp.kaipoke.biz/vag/" }, "geometry": { "type": "Point", "coordinates": [ 139.006465100000014, 36.4662987 ] } },
{ "type": "Feature", "properties": { "内容": "訪問看護ステーション健心【訪問看護】群馬県渋川市金井1195-9", "url": "https://www.kaigokensaku.mhlw.go.jp/10/index.php?action_kouhyou_detail_004_kani=true&JigyosyoCd=1060890124-00&ServiceCd=130&Type=search", "url2": "https://kenshinworld.com/" }, "geometry": { "type": "Point", "coordinates": [ 138.9931325, 36.5057404 ] } },
{ "type": "Feature", "properties": { "内容": "訪問看護　ふじの里【訪問看護】群馬県藤岡市中大塚607-1グループホーム　ふじの里内", "url": "https://www.kaigokensaku.mhlw.go.jp/10/index.php?action_kouhyou_detail_004_kani=true&JigyosyoCd=1060990098-00&ServiceCd=130&Type=search", "url2": "www.fujino-sato.jp" }, "geometry": { "type": "Point", "coordinates": [ 139.055551400000013, 36.2467414 ] } },
{ "type": "Feature", "properties": { "内容": "藤岡訪問看護リハビリステーション【訪問看護】群馬県藤岡市中栗須92-1ノースリッチ102号室", "url": "https://www.kaigokensaku.mhlw.go.jp/10/index.php?action_kouhyou_detail_004_kani=true&JigyosyoCd=1060990106-00&ServiceCd=130&Type=search", "url2": "http://fujioka-houkan.com" }, "geometry": { "type": "Point", "coordinates": [ 139.075140989843277, 36.257885967006402 ] } },
{ "type": "Feature", "properties": { "内容": "訪問看護ステーションおひさま【訪問看護】群馬県藤岡市藤岡2170-1", "url": "https://www.kaigokensaku.mhlw.go.jp/10/index.php?action_kouhyou_detail_004_kani=true&JigyosyoCd=1060990080-00&ServiceCd=130&Type=search", "url2": "ｃｏｍｆｏｒｔ－ｐ．ｃｏｍ" }, "geometry": { "type": "Point", "coordinates": [ 139.0668096, 36.2387334 ] } },
{ "type": "Feature", "properties": { "内容": "訪問看護ステ－ション鬼石【訪問看護】群馬県藤岡市鬼石１３９－１", "url": "https://www.kaigokensaku.mhlw.go.jp/10/index.php?action_kouhyou_detail_004_kani=true&JigyosyoCd=1060990031-00&ServiceCd=130&Type=search", "url2": "https://www.city.fujioka.gunma.jp/onishi_hospital/index.html" }, "geometry": { "type": "Point", "coordinates": [ 139.061234499999955, 36.1574244 ] } },
{ "type": "Feature", "properties": { "内容": "藤岡みどり訪問看護ステーション【訪問看護】群馬県藤岡市篠塚103番地４", "url": "https://www.kaigokensaku.mhlw.go.jp/10/index.php?action_kouhyou_detail_004_kani=true&JigyosyoCd=1060990007-00&ServiceCd=130&Type=search", "url2": "http://www.shinozuka-hp.or.jp/" }, "geometry": { "type": "Point", "coordinates": [ 139.058029300000044, 36.2640783 ] } },
{ "type": "Feature", "properties": { "内容": "訪問看護ステーション「はるかぜ」【訪問看護】群馬県藤岡市中栗須813番地1", "url": "https://www.kaigokensaku.mhlw.go.jp/10/index.php?action_kouhyou_detail_004_kani=true&JigyosyoCd=1060990015-00&ServiceCd=130&Type=search", "url2": "http://www.fujioka-hosp.or.jp/" }, "geometry": { "type": "Point", "coordinates": [ 139.07839910000007, 36.2674396 ] } },
{ "type": "Feature", "properties": { "内容": "訪問看護ステーションあさひ【訪問看護】群馬県藤岡市藤岡６１１－１", "url": "https://www.kaigokensaku.mhlw.go.jp/10/index.php?action_kouhyou_detail_004_kani=true&JigyosyoCd=1060990023-00&ServiceCd=130&Type=search", "url2": null }, "geometry": { "type": "Point", "coordinates": [ 139.081298, 36.2563088 ] } },
{ "type": "Feature", "properties": { "内容": "訪問看護ステーション　えん【訪問看護】群馬県藤岡市上戸塚605-1　6号", "url": "https://www.kaigokensaku.mhlw.go.jp/10/index.php?action_kouhyou_detail_004_kani=true&JigyosyoCd=1060990072-00&ServiceCd=130&Type=search", "url2": null }, "geometry": { "type": "Point", "coordinates": [ 139.0956263, 36.2489888 ] } },
{ "type": "Feature", "properties": { "内容": "訪問看護ステーションrara24【訪問看護】群馬県富岡市七日市８６７－２", "url": "https://www.kaigokensaku.mhlw.go.jp/10/index.php?action_kouhyou_detail_004_kani=true&JigyosyoCd=1061090104-00&ServiceCd=130&Type=search", "url2": "https://sites.google.com/view/rara24/%E4%BC%9A%E7%A4%BE%E6%83%85%E5%A0%B1" }, "geometry": { "type": "Point", "coordinates": [ 138.884204674834052, 36.258069334536074 ] } },
{ "type": "Feature", "properties": { "内容": "群馬県看護協会訪問看護ステーション富岡【訪問看護】群馬県富岡市黒川字久保田997湯浅ビル101", "url": "https://www.kaigokensaku.mhlw.go.jp/10/index.php?action_kouhyou_detail_004_kani=true&JigyosyoCd=1061090013-00&ServiceCd=130&Type=search", "url2": "http://www.gunma-kango.jp" }, "geometry": { "type": "Point", "coordinates": [ 138.870931099999979, 36.2610433 ] } },
{ "type": "Feature", "properties": { "内容": "富岡地域訪問看護ステーション【訪問看護】群馬県富岡市七日市６４３", "url": "https://www.kaigokensaku.mhlw.go.jp/10/index.php?action_kouhyou_detail_004_kani=true&JigyosyoCd=1061090005-00&ServiceCd=130&Type=search", "url2": "http://zaitakuiryo.nano-hosp.jp/" }, "geometry": { "type": "Point", "coordinates": [ 138.883721700000024, 36.2586352 ] } },
{ "type": "Feature", "properties": { "内容": "訪問看護ステーションほそや【訪問看護】群馬県富岡市富岡1353番地1", "url": "https://www.kaigokensaku.mhlw.go.jp/10/index.php?action_kouhyou_detail_004_kani=true&JigyosyoCd=1061090062-00&ServiceCd=130&Type=search", "url2": null }, "geometry": { "type": "Point", "coordinates": [ 138.895710220515411, 36.257244685397325 ] } },
{ "type": "Feature", "properties": { "内容": "訪問看護ステーションみょうぎ【訪問看護】群馬県富岡市妙義町上高田1207-2", "url": "https://www.kaigokensaku.mhlw.go.jp/10/index.php?action_kouhyou_detail_004_kani=true&JigyosyoCd=1061090088-00&ServiceCd=130&Type=search", "url2": "http://www.myogikai.jp" }, "geometry": { "type": "Point", "coordinates": [ 138.816020641895136, 36.286955662556544 ] } },
{ "type": "Feature", "properties": { "内容": "訪問看護ステーションあやめ安中【訪問看護】安中3丁目12番14号メゾンシャルマント101号室", "url": "https://www.kaigokensaku.mhlw.go.jp/10/index.php?action_kouhyou_detail_004_kani=true&JigyosyoCd=1061190094-00&ServiceCd=130&Type=search", "url2": "https://firstnurse.co.jp/" }, "geometry": { "type": "Point", "coordinates": [ 138.895986, 36.3275593 ] } },
{ "type": "Feature", "properties": { "内容": "安中市訪問看護ステーション【訪問看護】群馬県安中市原市一丁目9番10号", "url": "https://www.kaigokensaku.mhlw.go.jp/10/index.php?action_kouhyou_detail_004_kani=true&JigyosyoCd=1061190029-00&ServiceCd=130&Type=search", "url2": "https://usui-hospital.jp/" }, "geometry": { "type": "Point", "coordinates": [ 138.85800990000007, 36.3164093 ] } },
{ "type": "Feature", "properties": { "内容": "訪問看護ステーション一心【訪問看護】群馬県安中市原市字一里山４０１番２の１", "url": "https://www.kaigokensaku.mhlw.go.jp/10/index.php?action_kouhyou_detail_004_kani=true&JigyosyoCd=1061190078-00&ServiceCd=130&Type=search", "url2": null }, "geometry": { "type": "Point", "coordinates": [ 138.875296, 36.320071 ] } },
{ "type": "Feature", "properties": { "内容": "訪問看護ステーションせせらぎ【訪問看護】群馬県安中市松井田町新堀1250-2", "url": "https://www.kaigokensaku.mhlw.go.jp/10/index.php?action_kouhyou_detail_004_kani=true&JigyosyoCd=1061190052-00&ServiceCd=130&Type=search", "url2": "http://www.matsuida-hp.com/" }, "geometry": { "type": "Point", "coordinates": [ 138.791799699999956, 36.3177554 ] } },
{ "type": "Feature", "properties": { "内容": "訪問看護ステーションあい　誉【訪問看護】群馬県安中市板鼻150-1", "url": "https://www.kaigokensaku.mhlw.go.jp/10/index.php?action_kouhyou_detail_004_kani=true&JigyosyoCd=1061190045-00&ServiceCd=130&Type=search", "url2": "http://www.cosumosu.info" }, "geometry": { "type": "Point", "coordinates": [ 138.907318700000019, 36.3362979 ] } },
{ "type": "Feature", "properties": { "内容": "しゃかりき訪問看護ステーション【訪問看護】群馬県みどり市笠懸町鹿2976-5", "url": "https://www.kaigokensaku.mhlw.go.jp/10/index.php?action_kouhyou_detail_004_kani=true&JigyosyoCd=1061290084-00&ServiceCd=130&Type=search", "url2": null }, "geometry": { "type": "Point", "coordinates": [ 139.2803767, 36.3974807 ] } },
{ "type": "Feature", "properties": { "内容": "訪問看護ステーション　トーホー【訪問看護】群馬県みどり市笠懸町阿左美1155", "url": "https://www.kaigokensaku.mhlw.go.jp/10/index.php?action_kouhyou_detail_004_kani=true&JigyosyoCd=1060390059-00&ServiceCd=130&Type=search", "url2": "https://www.toho-hp.jp/home_nursing" }, "geometry": { "type": "Point", "coordinates": [ 139.307808361234976, 36.391458812434998 ] } },
{ "type": "Feature", "properties": { "内容": "訪問看護ステーションジャスミン【訪問看護】群馬県みどり市笠懸町阿左美２９４０－３ロコテナントカリールE号室", "url": "https://www.kaigokensaku.mhlw.go.jp/10/index.php?action_kouhyou_detail_004_kani=true&JigyosyoCd=1060390265-00&ServiceCd=130&Type=search", "url2": null }, "geometry": { "type": "Point", "coordinates": [ 139.306696811115927, 36.399047400003958 ] } },
{ "type": "Feature", "properties": { "内容": "凪株式会社　訪問看護ステーションもみじ【訪問看護】群馬県みどり市笠懸町阿左美515番地３パナハイツチェリオ101号", "url": "https://www.kaigokensaku.mhlw.go.jp/10/index.php?action_kouhyou_detail_004_kani=true&JigyosyoCd=1061290043-00&ServiceCd=130&Type=search", "url2": null }, "geometry": { "type": "Point", "coordinates": [ 139.298083100000014, 36.3732269 ] } },
{ "type": "Feature", "properties": { "内容": "訪問看護ステーション　LadyBug【訪問看護】群馬県みどり市笠懸町鹿2602-6", "url": "https://www.kaigokensaku.mhlw.go.jp/10/index.php?action_kouhyou_detail_004_kani=true&JigyosyoCd=1061290068-00&ServiceCd=130&Type=search", "url2": null }, "geometry": { "type": "Point", "coordinates": [ 139.2830835, 36.4011188 ] } },
{ "type": "Feature", "properties": { "内容": "訪問看護ステーション　KAERUYOKATTA【訪問看護】群馬県みどり市笠懸町鹿3721-4　2F", "url": "https://www.kaigokensaku.mhlw.go.jp/10/index.php?action_kouhyou_detail_004_kani=true&JigyosyoCd=1060390117-00&ServiceCd=130&Type=search", "url2": "http://www.kaeruyokatta.com" }, "geometry": { "type": "Point", "coordinates": [ 139.273814602872534, 36.38952052206313 ] } },
{ "type": "Feature", "properties": { "内容": "訪問看護リベルタス笠懸【訪問看護】群馬県みどり市笠懸町阿左美508-1チェスナットガーデン202", "url": "https://www.kaigokensaku.mhlw.go.jp/10/index.php?action_kouhyou_detail_004_kani=true&JigyosyoCd=1061290092-00&ServiceCd=130&Type=search", "url2": null }, "geometry": { "type": "Point", "coordinates": [ 139.2984056, 36.3747043 ] } },
{ "type": "Feature", "properties": { "内容": "訪問看護ステーションOLA【訪問看護】群馬県みどり市笠懸町阿左美3079-1", "url": "https://www.kaigokensaku.mhlw.go.jp/10/index.php?action_kouhyou_detail_004_kani=true&JigyosyoCd=1061290100-00&ServiceCd=130&Type=search", "url2": null }, "geometry": { "type": "Point", "coordinates": [ 139.31380630000001, 36.3944589 ] } },
{ "type": "Feature", "properties": { "内容": "訪問看護ステーションだんろ【訪問看護】群馬県北群馬郡榛東村山子田1487コーポ岡部202", "url": "https://www.kaigokensaku.mhlw.go.jp/10/index.php?action_kouhyou_detail_004_kani=true&JigyosyoCd=1062290083-00&ServiceCd=130&Type=search", "url2": "https://otagaikko.net" }, "geometry": { "type": "Point", "coordinates": [ 138.968126, 36.431082 ] } },
{ "type": "Feature", "properties": { "内容": "訪問看護ステーションかえで吉岡【訪問看護】群馬県北群馬郡吉岡町大久保2090-1", "url": "https://www.kaigokensaku.mhlw.go.jp/10/index.php?action_kouhyou_detail_004_kani=true&JigyosyoCd=1062290109-00&ServiceCd=130&Type=search", "url2": null }, "geometry": { "type": "Point", "coordinates": [ 139.026472899999987, 36.4355678 ] } },
{ "type": "Feature", "properties": { "内容": "訪問看護ステーションいちご【訪問看護】群馬県北群馬郡吉岡町漆原599", "url": "https://www.kaigokensaku.mhlw.go.jp/10/index.php?action_kouhyou_detail_004_kani=true&JigyosyoCd=1062290075-00&ServiceCd=130&Type=search", "url2": "https://houmonkango.deci.jp/" }, "geometry": { "type": "Point", "coordinates": [ 139.029323299999987, 36.449432 ] } },
{ "type": "Feature", "properties": { "内容": "かがやき訪問看護ステーション【訪問看護】群馬県吾妻郡中之条町大字中之条町　1869-5", "url": "https://www.kaigokensaku.mhlw.go.jp/10/index.php?action_kouhyou_detail_004_kani=true&JigyosyoCd=1062690050-00&ServiceCd=130&Type=search", "url2": "https://kijokai.or.jp/kagayaki-vns/" }, "geometry": { "type": "Point", "coordinates": [ 138.845252984112022, 36.585464891637805 ] } },
{ "type": "Feature", "properties": { "内容": "西吾妻福祉病院　訪問看護ステーション　えがお【訪問看護】群馬県吾妻郡長野原町大字大津746－4", "url": "https://www.kaigokensaku.mhlw.go.jp/10/index.php?action_kouhyou_detail_004_kani=true&JigyosyoCd=1062690043-00&ServiceCd=130&Type=search", "url2": "http://www.nawh.jp" }, "geometry": { "type": "Point", "coordinates": [ 138.606549399999949, 36.5552164 ] } },
{ "type": "Feature", "properties": { "内容": "訪問看護ステーションのぞみ【訪問看護】群馬県吾妻郡嬬恋村大字鎌原字城山1044-653", "url": "https://www.kaigokensaku.mhlw.go.jp/10/index.php?action_kouhyou_detail_004_kani=true&JigyosyoCd=1062690076-00&ServiceCd=130&Type=search", "url2": "https://houmonkango-nozomi.com/" }, "geometry": { "type": "Point", "coordinates": [ 138.550175733343508, 36.488507590100802 ] } },
{ "type": "Feature", "properties": { "内容": "原町赤十字訪問看護ステーション【訪問看護】群馬県吾妻郡東吾妻町大字原町698", "url": "https://www.kaigokensaku.mhlw.go.jp/10/index.php?action_kouhyou_detail_004_kani=true&JigyosyoCd=1062690035-00&ServiceCd=130&Type=search", "url2": "http://www.haramachi.jrc.or.jp" }, "geometry": { "type": "Point", "coordinates": [ 138.825738199999932, 36.5722414 ] } },
{ "type": "Feature", "properties": { "内容": "パース訪問看護ステーション【訪問看護】群馬県利根郡川場村生品1861", "url": "https://www.kaigokensaku.mhlw.go.jp/10/index.php?action_kouhyou_detail_004_kani=true&JigyosyoCd=1060690045-00&ServiceCd=130&Type=search", "url2": "http://www.hotaka.or.jp/zaitakukaigo.html" }, "geometry": { "type": "Point", "coordinates": [ 139.077972164462977, 36.669378399859454 ] } },
{ "type": "Feature", "properties": { "内容": "訪問看護ステーションまつかぜ【訪問看護】群馬県利根郡昭和村大字糸井1223", "url": "https://www.kaigokensaku.mhlw.go.jp/10/index.php?action_kouhyou_detail_004_kani=true&JigyosyoCd=1060690029-00&ServiceCd=130&Type=search", "url2": "https://kijokai.or.jp/vns-matsukaze/" }, "geometry": { "type": "Point", "coordinates": [ 139.07275974559937, 36.640773345917246 ] } },
{ "type": "Feature", "properties": { "内容": "訪問看護ステーションみやま【訪問看護】群馬県利根郡みなかみ町湯宿温泉598‐1", "url": "https://www.kaigokensaku.mhlw.go.jp/10/index.php?action_kouhyou_detail_004_kani=true&JigyosyoCd=1062790041-00&ServiceCd=130&Type=search", "url2": "http://lightiworknc.jo" }, "geometry": { "type": "Point", "coordinates": [ 138.913491400000026, 36.699755 ] } },
{ "type": "Feature", "properties": { "内容": "月夜野訪問看護ステーションさくらんぼ【訪問看護】群馬県利根郡みなかみ町真庭377-5", "url": "https://www.kaigokensaku.mhlw.go.jp/10/index.php?action_kouhyou_detail_004_kani=true&JigyosyoCd=1062790025-00&ServiceCd=130&Type=search", "url2": "https://www.tsukiyono-hosp.jp" }, "geometry": { "type": "Point", "coordinates": [ 139.004596799999945, 36.675125100000017 ] } },
{ "type": "Feature", "properties": { "内容": "訪問看護ステーション和【訪問看護】群馬県佐波郡玉村町大字南玉233番地2", "url": "https://www.kaigokensaku.mhlw.go.jp/10/index.php?action_kouhyou_detail_004_kani=true&JigyosyoCd=1062890106-00&ServiceCd=130&Type=search", "url2": "nagomi.wa.0901@gmail.com" }, "geometry": { "type": "Point", "coordinates": [ 139.132786399999986, 36.3020395 ] } },
{ "type": "Feature", "properties": { "内容": "訪問看護ステーションあやめ玉村【訪問看護】群馬県佐波郡玉村町上之手1420-5", "url": "https://www.kaigokensaku.mhlw.go.jp/10/index.php?action_kouhyou_detail_004_kani=true&JigyosyoCd=1062890114-00&ServiceCd=130&Type=search", "url2": "https://firstnurse.co.jp/" }, "geometry": { "type": "Point", "coordinates": [ 139.113732786508194, 36.29609746975563 ] } },
{ "type": "Feature", "properties": { "内容": "訪問看護ステーションつのだ【訪問看護】群馬県佐波郡玉村町上新田675-4", "url": "https://www.kaigokensaku.mhlw.go.jp/10/index.php?action_kouhyou_detail_004_kani=true&JigyosyoCd=1062890080-00&ServiceCd=130&Type=search", "url2": null }, "geometry": { "type": "Point", "coordinates": [ 139.098073900000031, 36.3110924 ] } },
{ "type": "Feature", "properties": { "内容": "訪問看護リハビリステーション　おだやか【訪問看護】群馬県佐波郡玉村町上之手1724-3ジュネスコグレＢ102", "url": "https://www.kaigokensaku.mhlw.go.jp/10/index.php?action_kouhyou_detail_004_kani=true&JigyosyoCd=1062890056-00&ServiceCd=130&Type=search", "url2": "http//odayaka-st.sakura.ne.jp" }, "geometry": { "type": "Point", "coordinates": [ 139.117823996295101, 36.295035618059785 ] } },
{ "type": "Feature", "properties": { "内容": "訪問看護ステーション　イーアス【訪問看護】群馬県佐波郡玉村町大字藤川58番地2", "url": "https://www.kaigokensaku.mhlw.go.jp/10/index.php?action_kouhyou_detail_004_kani=true&JigyosyoCd=1062890098-00&ServiceCd=130&Type=search", "url2": "https://i-as-gunma.co.jp/" }, "geometry": { "type": "Point", "coordinates": [ 139.124463848427382, 36.332007794146442 ] } },
{ "type": "Feature", "properties": { "内容": "訪問看護ステーションはなの【訪問看護】群馬県佐波郡玉村町上新田690-17", "url": "https://www.kaigokensaku.mhlw.go.jp/10/index.php?action_kouhyou_detail_004_kani=true&JigyosyoCd=1062890122-00&ServiceCd=130&Type=search", "url2": null }, "geometry": { "type": "Point", "coordinates": [ 139.0956557, 36.3102921 ] } },
{ "type": "Feature", "properties": { "内容": "訪問看護ステーションひまわり【訪問看護】群馬県邑楽郡板倉町朝日野2丁目4586－31フラワーリーフ101号室", "url": "https://www.kaigokensaku.mhlw.go.jp/10/index.php?action_kouhyou_detail_004_kani=true&JigyosyoCd=1063190142-00&ServiceCd=130&Type=search", "url2": null }, "geometry": { "type": "Point", "coordinates": [ 139.6494568, 36.2201494 ] } },
{ "type": "Feature", "properties": { "内容": "めぐ訪問看護ステーション板倉【訪問看護】群馬県邑楽郡板倉町下五箇１８７９", "url": "https://www.kaigokensaku.mhlw.go.jp/10/index.php?action_kouhyou_detail_004_kani=true&JigyosyoCd=1063190076-00&ServiceCd=130&Type=search", "url2": "http://megu-group.com/" }, "geometry": { "type": "Point", "coordinates": [ 139.630451099999959, 36.1958862 ] } },
{ "type": "Feature", "properties": { "内容": "訪問看護ステーションLAND【訪問看護】群馬県邑楽郡千代田町茅野1245-4", "url": "https://www.kaigokensaku.mhlw.go.jp/10/index.php?action_kouhyou_detail_004_kani=true&JigyosyoCd=1060790126-00&ServiceCd=130&Type=search", "url2": null }, "geometry": { "type": "Point", "coordinates": [ 139.532267499999989, 36.2381019 ] } },
{ "type": "Feature", "properties": { "内容": "訪問看護ステーションつどい【訪問看護】群馬県邑楽郡大泉町古海228－4", "url": "https://www.kaigokensaku.mhlw.go.jp/10/index.php?action_kouhyou_detail_004_kani=true&JigyosyoCd=1063190126-00&ServiceCd=130&Type=search", "url2": null }, "geometry": { "type": "Point", "coordinates": [ 139.4162738, 36.2244685 ] } },
{ "type": "Feature", "properties": { "内容": "なでしこ訪問看護ステーション東毛【訪問看護】群馬県邑楽郡大泉町東小泉2-17-22ヴィーブル朝日Ｃ201号室", "url": "https://www.kaigokensaku.mhlw.go.jp/10/index.php?action_kouhyou_detail_004_kani=true&JigyosyoCd=1063190118-00&ServiceCd=130&Type=search", "url2": null }, "geometry": { "type": "Point", "coordinates": [ 139.4254942, 36.2582399 ] } },
{ "type": "Feature", "properties": { "内容": "訪問看護ステーションあやめ大泉【訪問看護】群馬県邑楽郡大泉町東小泉2丁目17-20ヴィーブル朝日B101号室", "url": "https://www.kaigokensaku.mhlw.go.jp/10/index.php?action_kouhyou_detail_004_kani=true&JigyosyoCd=1063190134-00&ServiceCd=130&Type=search", "url2": "https://firstnurse.co.jp/" }, "geometry": { "type": "Point", "coordinates": [ 139.413996, 36.261358 ] } },
{ "type": "Feature", "properties": { "内容": "訪問看護ステーションかがやき【訪問看護】群馬県邑楽町大字篠塚３０７０－１", "url": "https://www.kaigokensaku.mhlw.go.jp/10/index.php?action_kouhyou_detail_004_kani=true&JigyosyoCd=1063190001-00&ServiceCd=130&Type=search", "url2": "http://www.kagayaki.or.jp" }, "geometry": { "type": "Point", "coordinates": [ 139.431969900000013, 36.2508634 ] } },
{ "type": "Feature", "properties": { "内容": "ほほえみ在宅看護ステーション【訪問看護】群馬県邑楽郡邑楽町大字石打１４５４－１", "url": "https://www.kaigokensaku.mhlw.go.jp/10/index.php?action_kouhyou_detail_004_kani=true&JigyosyoCd=1063190068-00&ServiceCd=130&Type=search", "url2": "http://www.hohoemi-ora.com" }, "geometry": { "type": "Point", "coordinates": [ 139.437301599999955, 36.2760886 ] } },
{ "type": "Feature", "properties": { "内容": "トータルケアサービス【訪問看護】群馬県邑楽郡邑楽町大字狸塚2550-1", "url": "https://www.kaigokensaku.mhlw.go.jp/10/index.php?action_kouhyou_detail_004_kani=true&JigyosyoCd=1063190050-00&ServiceCd=130&Type=search", "url2": "https://tcs-gunma.com" }, "geometry": { "type": "Point", "coordinates": [ 139.477623900000026, 36.2410768 ] } }
]
}
